{"timestamp":"2026-08-29T09:15:16.351767Z","level":"info","event":"Filling up the DagBag from /opt/airflow/dags/verdanta_weekly.py","logger":"airflow.dag_processing.dagbag.BundleDagBag","filename":"dagbag.py","lineno":469}
{"timestamp":"2026-08-29T09:15:19.767446Z","level":"warning","event":"Skipping masking for a secret as it's too short (<5 chars)","logger":"airflow.sdk._shared.secrets_masker.secrets_masker","filename":"secrets_masker.py","lineno":577}
{"timestamp":"2026-08-29T09:15:19.777425Z","level":"info","event":"::group::Cosmos DAG parsing logs","logger":"cosmos.converter","filename":"converter.py","lineno":321}
{"timestamp":"2026-08-29T09:15:19.783308Z","level":"info","event":"Cosmos cache dir resolved to /tmp/cosmos/verdanta_weekly__dbt_weekly","logger":"cosmos.converter","filename":"converter.py","lineno":346}
{"timestamp":"2026-08-29T09:15:19.783575Z","level":"info","event":"Trying to parse the dbt project using dbt ls cache cosmos_cache__verdanta_weekly__dbt_weekly...","logger":"cosmos.dbt.graph","filename":"graph.py","lineno":869}
{"timestamp":"2026-08-29T09:15:19.971616Z","level":"info","event":"Cosmos performance: time to calculate cache identifier cosmos_cache__verdanta_weekly__dbt_weekly for current version: 0.1493714389998786","logger":"cosmos.cache","filename":"cache.py","lineno":401}
{"timestamp":"2026-08-29T09:15:19.971872Z","level":"info","event":"Cosmos performance [38dba2c61c19|31]: The cache size for cosmos_cache__verdanta_weekly__dbt_weekly is 23804","logger":"cosmos.dbt.graph","filename":"graph.py","lineno":886}
{"timestamp":"2026-08-29T09:15:19.972738Z","level":"info","event":"Cosmos performance: Cache hit for cosmos_cache__verdanta_weekly__dbt_weekly - 39a8c4b6e19a7b5e14cfea47af7dbd90,1ae01f5b93cde0ad1f6d9482f1b54abd","logger":"cosmos.dbt.graph","filename":"graph.py","lineno":898}
{"timestamp":"2026-08-29T09:15:19.972885Z","level":"info","event":"Total nodes: 27","logger":"cosmos.dbt.graph","filename":"graph.py","lineno":799}
{"timestamp":"2026-08-29T09:15:19.972955Z","level":"info","event":"Total filtered nodes: 27","logger":"cosmos.dbt.graph","filename":"graph.py","lineno":800}
{"timestamp":"2026-08-29T09:15:19.973031Z","level":"info","event":"Cosmos performance (verdanta_weekly__dbt_weekly) - [38dba2c61c19|31]: It took 0.19s to parse the dbt project for DAG using LoadMode.DBT_LS_CACHE","logger":"cosmos.converter","filename":"converter.py","lineno":371}
{"timestamp":"2026-08-29T09:15:20.016565Z","level":"info","event":"Cosmos performance (verdanta_weekly__dbt_weekly) - [38dba2c61c19|31]: It took 0.0435s to build the Airflow DAG.","logger":"cosmos.converter","filename":"converter.py","lineno":423}
{"timestamp":"2026-08-29T09:15:20.016852Z","level":"info","event":"::endgroup::Cosmos DAG parsing logs","logger":"cosmos.converter","filename":"converter.py","lineno":430}
{"timestamp":"2026-08-29T09:15:20.017774Z","level":"warning","event":"Using Variable.get from `airflow.models` is deprecated.Please use `get` on Variable from sdk(`airflow.sdk.Variable`) instead","category":"UserWarning","filename":"/home/airflow/.local/lib/python3.13/site-packages/airflow/models/variable.py","lineno":158,"logger":"py.warnings"}
{"timestamp":"2026-08-29T09:15:50.212625Z","level":"info","event":"Filling up the DagBag from /opt/airflow/dags/verdanta_weekly.py","logger":"airflow.dag_processing.dagbag.BundleDagBag","filename":"dagbag.py","lineno":469}
{"timestamp":"2026-08-29T09:15:50.293347Z","level":"info","event":"::group::Cosmos DAG parsing logs","logger":"cosmos.converter","filename":"converter.py","lineno":321}
{"timestamp":"2026-08-29T09:15:50.297807Z","level":"info","event":"Cosmos cache dir resolved to /tmp/cosmos/verdanta_weekly__dbt_weekly","logger":"cosmos.converter","filename":"converter.py","lineno":346}
{"timestamp":"2026-08-29T09:15:50.298065Z","level":"info","event":"Trying to parse the dbt project using dbt ls cache cosmos_cache__verdanta_weekly__dbt_weekly...","logger":"cosmos.dbt.graph","filename":"graph.py","lineno":869}
{"timestamp":"2026-08-29T09:15:50.451744Z","level":"info","event":"Cosmos performance: time to calculate cache identifier cosmos_cache__verdanta_weekly__dbt_weekly for current version: 0.13773075000062818","logger":"cosmos.cache","filename":"cache.py","lineno":401}
{"timestamp":"2026-08-29T09:15:50.452263Z","level":"info","event":"Cosmos performance [38dba2c61c19|83]: The cache size for cosmos_cache__verdanta_weekly__dbt_weekly is 23804","logger":"cosmos.dbt.graph","filename":"graph.py","lineno":886}
{"timestamp":"2026-08-29T09:15:50.454151Z","level":"info","event":"Cosmos performance: Cache hit for cosmos_cache__verdanta_weekly__dbt_weekly - 39a8c4b6e19a7b5e14cfea47af7dbd90,1ae01f5b93cde0ad1f6d9482f1b54abd","logger":"cosmos.dbt.graph","filename":"graph.py","lineno":898}
{"timestamp":"2026-08-29T09:15:50.454313Z","level":"info","event":"Total nodes: 27","logger":"cosmos.dbt.graph","filename":"graph.py","lineno":799}
{"timestamp":"2026-08-29T09:15:50.454412Z","level":"info","event":"Total filtered nodes: 27","logger":"cosmos.dbt.graph","filename":"graph.py","lineno":800}
{"timestamp":"2026-08-29T09:15:50.454501Z","level":"info","event":"Cosmos performance (verdanta_weekly__dbt_weekly) - [38dba2c61c19|83]: It took 0.157s to parse the dbt project for DAG using LoadMode.DBT_LS_CACHE","logger":"cosmos.converter","filename":"converter.py","lineno":371}
{"timestamp":"2026-08-29T09:15:50.481213Z","level":"info","event":"Cosmos performance (verdanta_weekly__dbt_weekly) - [38dba2c61c19|83]: It took 0.0266s to build the Airflow DAG.","logger":"cosmos.converter","filename":"converter.py","lineno":423}
{"timestamp":"2026-08-29T09:15:50.481408Z","level":"info","event":"::endgroup::Cosmos DAG parsing logs","logger":"cosmos.converter","filename":"converter.py","lineno":430}
{"timestamp":"2026-08-29T09:15:50.482077Z","level":"warning","event":"Using Variable.get from `airflow.models` is deprecated.Please use `get` on Variable from sdk(`airflow.sdk.Variable`) instead","category":"UserWarning","filename":"/home/airflow/.local/lib/python3.13/site-packages/airflow/models/variable.py","lineno":158,"logger":"py.warnings"}
{"timestamp":"2026-08-29T09:16:20.779667Z","level":"info","event":"Filling up the DagBag from /opt/airflow/dags/verdanta_weekly.py","logger":"airflow.dag_processing.dagbag.BundleDagBag","filename":"dagbag.py","lineno":469}
{"timestamp":"2026-08-29T09:16:20.847845Z","level":"info","event":"::group::Cosmos DAG parsing logs","logger":"cosmos.converter","filename":"converter.py","lineno":321}
{"timestamp":"2026-08-29T09:16:20.851256Z","level":"info","event":"Cosmos cache dir resolved to /tmp/cosmos/verdanta_weekly__dbt_weekly","logger":"cosmos.converter","filename":"converter.py","lineno":346}
{"timestamp":"2026-08-29T09:16:20.851472Z","level":"info","event":"Trying to parse the dbt project using dbt ls cache cosmos_cache__verdanta_weekly__dbt_weekly...","logger":"cosmos.dbt.graph","filename":"graph.py","lineno":869}
{"timestamp":"2026-08-29T09:16:20.993306Z","level":"info","event":"Cosmos performance: time to calculate cache identifier cosmos_cache__verdanta_weekly__dbt_weekly for current version: 0.12653441800011933","logger":"cosmos.cache","filename":"cache.py","lineno":401}
{"timestamp":"2026-08-29T09:16:20.993542Z","level":"info","event":"Cosmos performance [38dba2c61c19|112]: The cache size for cosmos_cache__verdanta_weekly__dbt_weekly is 23804","logger":"cosmos.dbt.graph","filename":"graph.py","lineno":886}
{"timestamp":"2026-08-29T09:16:20.994402Z","level":"info","event":"Cosmos performance: Cache hit for cosmos_cache__verdanta_weekly__dbt_weekly - 39a8c4b6e19a7b5e14cfea47af7dbd90,1ae01f5b93cde0ad1f6d9482f1b54abd","logger":"cosmos.dbt.graph","filename":"graph.py","lineno":898}
{"timestamp":"2026-08-29T09:16:20.994567Z","level":"info","event":"Total nodes: 27","logger":"cosmos.dbt.graph","filename":"graph.py","lineno":799}
{"timestamp":"2026-08-29T09:16:20.994643Z","level":"info","event":"Total filtered nodes: 27","logger":"cosmos.dbt.graph","filename":"graph.py","lineno":800}
{"timestamp":"2026-08-29T09:16:20.994709Z","level":"info","event":"Cosmos performance (verdanta_weekly__dbt_weekly) - [38dba2c61c19|112]: It took 0.143s to parse the dbt project for DAG using LoadMode.DBT_LS_CACHE","logger":"cosmos.converter","filename":"converter.py","lineno":371}
{"timestamp":"2026-08-29T09:16:21.018793Z","level":"info","event":"Cosmos performance (verdanta_weekly__dbt_weekly) - [38dba2c61c19|112]: It took 0.024s to build the Airflow DAG.","logger":"cosmos.converter","filename":"converter.py","lineno":423}
{"timestamp":"2026-08-29T09:16:21.018970Z","level":"info","event":"::endgroup::Cosmos DAG parsing logs","logger":"cosmos.converter","filename":"converter.py","lineno":430}
{"timestamp":"2026-08-29T09:16:21.019531Z","level":"warning","event":"Using Variable.get from `airflow.models` is deprecated.Please use `get` on Variable from sdk(`airflow.sdk.Variable`) instead","category":"UserWarning","filename":"/home/airflow/.local/lib/python3.13/site-packages/airflow/models/variable.py","lineno":158,"logger":"py.warnings"}
{"timestamp":"2026-08-29T09:16:51.314469Z","level":"info","event":"Filling up the DagBag from /opt/airflow/dags/verdanta_weekly.py","logger":"airflow.dag_processing.dagbag.BundleDagBag","filename":"dagbag.py","lineno":469}
{"timestamp":"2026-08-29T09:16:51.393263Z","level":"info","event":"::group::Cosmos DAG parsing logs","logger":"cosmos.converter","filename":"converter.py","lineno":321}
{"timestamp":"2026-08-29T09:16:51.397801Z","level":"info","event":"Cosmos cache dir resolved to /tmp/cosmos/verdanta_weekly__dbt_weekly","logger":"cosmos.converter","filename":"converter.py","lineno":346}
{"timestamp":"2026-08-29T09:16:51.398000Z","level":"info","event":"Trying to parse the dbt project using dbt ls cache cosmos_cache__verdanta_weekly__dbt_weekly...","logger":"cosmos.dbt.graph","filename":"graph.py","lineno":869}
{"timestamp":"2026-08-29T09:16:51.544775Z","level":"info","event":"Cosmos performance: time to calculate cache identifier cosmos_cache__verdanta_weekly__dbt_weekly for current version: 0.12959401499938394","logger":"cosmos.cache","filename":"cache.py","lineno":401}
{"timestamp":"2026-08-29T09:16:51.544986Z","level":"info","event":"Cosmos performance [38dba2c61c19|147]: The cache size for cosmos_cache__verdanta_weekly__dbt_weekly is 23804","logger":"cosmos.dbt.graph","filename":"graph.py","lineno":886}
{"timestamp":"2026-08-29T09:16:51.545974Z","level":"info","event":"Cosmos performance: Cache hit for cosmos_cache__verdanta_weekly__dbt_weekly - 39a8c4b6e19a7b5e14cfea47af7dbd90,1ae01f5b93cde0ad1f6d9482f1b54abd","logger":"cosmos.dbt.graph","filename":"graph.py","lineno":898}
{"timestamp":"2026-08-29T09:16:51.546087Z","level":"info","event":"Total nodes: 27","logger":"cosmos.dbt.graph","filename":"graph.py","lineno":799}
{"timestamp":"2026-08-29T09:16:51.546144Z","level":"info","event":"Total filtered nodes: 27","logger":"cosmos.dbt.graph","filename":"graph.py","lineno":800}
{"timestamp":"2026-08-29T09:16:51.546207Z","level":"info","event":"Cosmos performance (verdanta_weekly__dbt_weekly) - [38dba2c61c19|147]: It took 0.148s to parse the dbt project for DAG using LoadMode.DBT_LS_CACHE","logger":"cosmos.converter","filename":"converter.py","lineno":371}
{"timestamp":"2026-08-29T09:16:51.571235Z","level":"info","event":"Cosmos performance (verdanta_weekly__dbt_weekly) - [38dba2c61c19|147]: It took 0.025s to build the Airflow DAG.","logger":"cosmos.converter","filename":"converter.py","lineno":423}
{"timestamp":"2026-08-29T09:16:51.571468Z","level":"info","event":"::endgroup::Cosmos DAG parsing logs","logger":"cosmos.converter","filename":"converter.py","lineno":430}
{"timestamp":"2026-08-29T09:16:51.572148Z","level":"warning","event":"Using Variable.get from `airflow.models` is deprecated.Please use `get` on Variable from sdk(`airflow.sdk.Variable`) instead","category":"UserWarning","filename":"/home/airflow/.local/lib/python3.13/site-packages/airflow/models/variable.py","lineno":158,"logger":"py.warnings"}
{"timestamp":"2026-08-29T09:17:22.041442Z","level":"info","event":"Filling up the DagBag from /opt/airflow/dags/verdanta_weekly.py","logger":"airflow.dag_processing.dagbag.BundleDagBag","filename":"dagbag.py","lineno":469}
{"timestamp":"2026-08-29T09:17:22.124172Z","level":"info","event":"::group::Cosmos DAG parsing logs","logger":"cosmos.converter","filename":"converter.py","lineno":321}
{"timestamp":"2026-08-29T09:17:22.128343Z","level":"info","event":"Cosmos cache dir resolved to /tmp/cosmos/verdanta_weekly__dbt_weekly","logger":"cosmos.converter","filename":"converter.py","lineno":346}
{"timestamp":"2026-08-29T09:17:22.128627Z","level":"info","event":"Trying to parse the dbt project using dbt ls cache cosmos_cache__verdanta_weekly__dbt_weekly...","logger":"cosmos.dbt.graph","filename":"graph.py","lineno":869}
{"timestamp":"2026-08-29T09:17:22.269667Z","level":"info","event":"Cosmos performance: time to calculate cache identifier cosmos_cache__verdanta_weekly__dbt_weekly for current version: 0.12587684899972373","logger":"cosmos.cache","filename":"cache.py","lineno":401}
{"timestamp":"2026-08-29T09:17:22.269959Z","level":"info","event":"Cosmos performance [38dba2c61c19|162]: The cache size for cosmos_cache__verdanta_weekly__dbt_weekly is 23804","logger":"cosmos.dbt.graph","filename":"graph.py","lineno":886}
{"timestamp":"2026-08-29T09:17:22.270968Z","level":"info","event":"Cosmos performance: Cache hit for cosmos_cache__verdanta_weekly__dbt_weekly - 39a8c4b6e19a7b5e14cfea47af7dbd90,1ae01f5b93cde0ad1f6d9482f1b54abd","logger":"cosmos.dbt.graph","filename":"graph.py","lineno":898}
{"timestamp":"2026-08-29T09:17:22.271100Z","level":"info","event":"Total nodes: 27","logger":"cosmos.dbt.graph","filename":"graph.py","lineno":799}
{"timestamp":"2026-08-29T09:17:22.271177Z","level":"info","event":"Total filtered nodes: 27","logger":"cosmos.dbt.graph","filename":"graph.py","lineno":800}
{"timestamp":"2026-08-29T09:17:22.271249Z","level":"info","event":"Cosmos performance (verdanta_weekly__dbt_weekly) - [38dba2c61c19|162]: It took 0.143s to parse the dbt project for DAG using LoadMode.DBT_LS_CACHE","logger":"cosmos.converter","filename":"converter.py","lineno":371}
{"timestamp":"2026-08-29T09:17:22.297048Z","level":"info","event":"Cosmos performance (verdanta_weekly__dbt_weekly) - [38dba2c61c19|162]: It took 0.0257s to build the Airflow DAG.","logger":"cosmos.converter","filename":"converter.py","lineno":423}
{"timestamp":"2026-08-29T09:17:22.297231Z","level":"info","event":"::endgroup::Cosmos DAG parsing logs","logger":"cosmos.converter","filename":"converter.py","lineno":430}
{"timestamp":"2026-08-29T09:17:22.297773Z","level":"warning","event":"Using Variable.get from `airflow.models` is deprecated.Please use `get` on Variable from sdk(`airflow.sdk.Variable`) instead","category":"UserWarning","filename":"/home/airflow/.local/lib/python3.13/site-packages/airflow/models/variable.py","lineno":158,"logger":"py.warnings"}
{"timestamp":"2026-08-29T09:17:52.421478Z","level":"info","event":"Filling up the DagBag from /opt/airflow/dags/verdanta_weekly.py","logger":"airflow.dag_processing.dagbag.BundleDagBag","filename":"dagbag.py","lineno":469}
{"timestamp":"2026-08-29T09:17:52.498008Z","level":"info","event":"::group::Cosmos DAG parsing logs","logger":"cosmos.converter","filename":"converter.py","lineno":321}
{"timestamp":"2026-08-29T09:17:52.501651Z","level":"info","event":"Cosmos cache dir resolved to /tmp/cosmos/verdanta_weekly__dbt_weekly","logger":"cosmos.converter","filename":"converter.py","lineno":346}
{"timestamp":"2026-08-29T09:17:52.501886Z","level":"info","event":"Trying to parse the dbt project using dbt ls cache cosmos_cache__verdanta_weekly__dbt_weekly...","logger":"cosmos.dbt.graph","filename":"graph.py","lineno":869}
{"timestamp":"2026-08-29T09:17:52.644423Z","level":"info","event":"Cosmos performance: time to calculate cache identifier cosmos_cache__verdanta_weekly__dbt_weekly for current version: 0.12629380599992146","logger":"cosmos.cache","filename":"cache.py","lineno":401}
{"timestamp":"2026-08-29T09:17:52.644730Z","level":"info","event":"Cosmos performance [38dba2c61c19|198]: The cache size for cosmos_cache__verdanta_weekly__dbt_weekly is 23804","logger":"cosmos.dbt.graph","filename":"graph.py","lineno":886}
{"timestamp":"2026-08-29T09:17:52.645762Z","level":"info","event":"Cosmos performance: Cache hit for cosmos_cache__verdanta_weekly__dbt_weekly - 39a8c4b6e19a7b5e14cfea47af7dbd90,1ae01f5b93cde0ad1f6d9482f1b54abd","logger":"cosmos.dbt.graph","filename":"graph.py","lineno":898}
{"timestamp":"2026-08-29T09:17:52.645914Z","level":"info","event":"Total nodes: 27","logger":"cosmos.dbt.graph","filename":"graph.py","lineno":799}
{"timestamp":"2026-08-29T09:17:52.645986Z","level":"info","event":"Total filtered nodes: 27","logger":"cosmos.dbt.graph","filename":"graph.py","lineno":800}
{"timestamp":"2026-08-29T09:17:52.646056Z","level":"info","event":"Cosmos performance (verdanta_weekly__dbt_weekly) - [38dba2c61c19|198]: It took 0.144s to parse the dbt project for DAG using LoadMode.DBT_LS_CACHE","logger":"cosmos.converter","filename":"converter.py","lineno":371}
{"timestamp":"2026-08-29T09:17:52.671536Z","level":"info","event":"Cosmos performance (verdanta_weekly__dbt_weekly) - [38dba2c61c19|198]: It took 0.0254s to build the Airflow DAG.","logger":"cosmos.converter","filename":"converter.py","lineno":423}
{"timestamp":"2026-08-29T09:17:52.671703Z","level":"info","event":"::endgroup::Cosmos DAG parsing logs","logger":"cosmos.converter","filename":"converter.py","lineno":430}
{"timestamp":"2026-08-29T09:17:52.672222Z","level":"warning","event":"Using Variable.get from `airflow.models` is deprecated.Please use `get` on Variable from sdk(`airflow.sdk.Variable`) instead","category":"UserWarning","filename":"/home/airflow/.local/lib/python3.13/site-packages/airflow/models/variable.py","lineno":158,"logger":"py.warnings"}
{"timestamp":"2026-08-29T09:18:23.096118Z","level":"info","event":"Filling up the DagBag from /opt/airflow/dags/verdanta_weekly.py","logger":"airflow.dag_processing.dagbag.BundleDagBag","filename":"dagbag.py","lineno":469}
{"timestamp":"2026-08-29T09:18:23.173164Z","level":"info","event":"::group::Cosmos DAG parsing logs","logger":"cosmos.converter","filename":"converter.py","lineno":321}
{"timestamp":"2026-08-29T09:18:23.176757Z","level":"info","event":"Cosmos cache dir resolved to /tmp/cosmos/verdanta_weekly__dbt_weekly","logger":"cosmos.converter","filename":"converter.py","lineno":346}
{"timestamp":"2026-08-29T09:18:23.177030Z","level":"info","event":"Trying to parse the dbt project using dbt ls cache cosmos_cache__verdanta_weekly__dbt_weekly...","logger":"cosmos.dbt.graph","filename":"graph.py","lineno":869}
{"timestamp":"2026-08-29T09:18:23.321773Z","level":"info","event":"Cosmos performance: time to calculate cache identifier cosmos_cache__verdanta_weekly__dbt_weekly for current version: 0.12942810900040058","logger":"cosmos.cache","filename":"cache.py","lineno":401}
{"timestamp":"2026-08-29T09:18:23.322055Z","level":"info","event":"Cosmos performance [38dba2c61c19|234]: The cache size for cosmos_cache__verdanta_weekly__dbt_weekly is 23804","logger":"cosmos.dbt.graph","filename":"graph.py","lineno":886}
{"timestamp":"2026-08-29T09:18:23.323041Z","level":"info","event":"Cosmos performance: Cache hit for cosmos_cache__verdanta_weekly__dbt_weekly - 39a8c4b6e19a7b5e14cfea47af7dbd90,1ae01f5b93cde0ad1f6d9482f1b54abd","logger":"cosmos.dbt.graph","filename":"graph.py","lineno":898}
{"timestamp":"2026-08-29T09:18:23.323170Z","level":"info","event":"Total nodes: 27","logger":"cosmos.dbt.graph","filename":"graph.py","lineno":799}
{"timestamp":"2026-08-29T09:18:23.323233Z","level":"info","event":"Total filtered nodes: 27","logger":"cosmos.dbt.graph","filename":"graph.py","lineno":800}
{"timestamp":"2026-08-29T09:18:23.323326Z","level":"info","event":"Cosmos performance (verdanta_weekly__dbt_weekly) - [38dba2c61c19|234]: It took 0.146s to parse the dbt project for DAG using LoadMode.DBT_LS_CACHE","logger":"cosmos.converter","filename":"converter.py","lineno":371}
{"timestamp":"2026-08-29T09:18:23.348093Z","level":"info","event":"Cosmos performance (verdanta_weekly__dbt_weekly) - [38dba2c61c19|234]: It took 0.0247s to build the Airflow DAG.","logger":"cosmos.converter","filename":"converter.py","lineno":423}
{"timestamp":"2026-08-29T09:18:23.348265Z","level":"info","event":"::endgroup::Cosmos DAG parsing logs","logger":"cosmos.converter","filename":"converter.py","lineno":430}
{"timestamp":"2026-08-29T09:18:23.348883Z","level":"warning","event":"Using Variable.get from `airflow.models` is deprecated.Please use `get` on Variable from sdk(`airflow.sdk.Variable`) instead","category":"UserWarning","filename":"/home/airflow/.local/lib/python3.13/site-packages/airflow/models/variable.py","lineno":158,"logger":"py.warnings"}
{"timestamp":"2026-08-29T09:18:54.063936Z","level":"info","event":"Filling up the DagBag from /opt/airflow/dags/verdanta_weekly.py","logger":"airflow.dag_processing.dagbag.BundleDagBag","filename":"dagbag.py","lineno":469}
{"timestamp":"2026-08-29T09:18:54.138213Z","level":"info","event":"::group::Cosmos DAG parsing logs","logger":"cosmos.converter","filename":"converter.py","lineno":321}
{"timestamp":"2026-08-29T09:18:54.141385Z","level":"info","event":"Cosmos cache dir resolved to /tmp/cosmos/verdanta_weekly__dbt_weekly","logger":"cosmos.converter","filename":"converter.py","lineno":346}
{"timestamp":"2026-08-29T09:18:54.141622Z","level":"info","event":"Trying to parse the dbt project using dbt ls cache cosmos_cache__verdanta_weekly__dbt_weekly...","logger":"cosmos.dbt.graph","filename":"graph.py","lineno":869}
{"timestamp":"2026-08-29T09:18:54.279320Z","level":"info","event":"Cosmos performance: time to calculate cache identifier cosmos_cache__verdanta_weekly__dbt_weekly for current version: 0.1225968560002002","logger":"cosmos.cache","filename":"cache.py","lineno":401}
{"timestamp":"2026-08-29T09:18:54.279553Z","level":"info","event":"Cosmos performance [38dba2c61c19|270]: The cache size for cosmos_cache__verdanta_weekly__dbt_weekly is 23804","logger":"cosmos.dbt.graph","filename":"graph.py","lineno":886}
{"timestamp":"2026-08-29T09:18:54.280500Z","level":"info","event":"Cosmos performance: Cache hit for cosmos_cache__verdanta_weekly__dbt_weekly - 39a8c4b6e19a7b5e14cfea47af7dbd90,1ae01f5b93cde0ad1f6d9482f1b54abd","logger":"cosmos.dbt.graph","filename":"graph.py","lineno":898}
{"timestamp":"2026-08-29T09:18:54.280624Z","level":"info","event":"Total nodes: 27","logger":"cosmos.dbt.graph","filename":"graph.py","lineno":799}
{"timestamp":"2026-08-29T09:18:54.280685Z","level":"info","event":"Total filtered nodes: 27","logger":"cosmos.dbt.graph","filename":"graph.py","lineno":800}
{"timestamp":"2026-08-29T09:18:54.280750Z","level":"info","event":"Cosmos performance (verdanta_weekly__dbt_weekly) - [38dba2c61c19|270]: It took 0.139s to parse the dbt project for DAG using LoadMode.DBT_LS_CACHE","logger":"cosmos.converter","filename":"converter.py","lineno":371}
{"timestamp":"2026-08-29T09:18:54.304168Z","level":"info","event":"Cosmos performance (verdanta_weekly__dbt_weekly) - [38dba2c61c19|270]: It took 0.0234s to build the Airflow DAG.","logger":"cosmos.converter","filename":"converter.py","lineno":423}
{"timestamp":"2026-08-29T09:18:54.304317Z","level":"info","event":"::endgroup::Cosmos DAG parsing logs","logger":"cosmos.converter","filename":"converter.py","lineno":430}
{"timestamp":"2026-08-29T09:18:54.304885Z","level":"warning","event":"Using Variable.get from `airflow.models` is deprecated.Please use `get` on Variable from sdk(`airflow.sdk.Variable`) instead","category":"UserWarning","filename":"/home/airflow/.local/lib/python3.13/site-packages/airflow/models/variable.py","lineno":158,"logger":"py.warnings"}
{"timestamp":"2026-08-29T09:19:25.193527Z","level":"info","event":"Filling up the DagBag from /opt/airflow/dags/verdanta_weekly.py","logger":"airflow.dag_processing.dagbag.BundleDagBag","filename":"dagbag.py","lineno":469}
{"timestamp":"2026-08-29T09:19:25.267399Z","level":"info","event":"::group::Cosmos DAG parsing logs","logger":"cosmos.converter","filename":"converter.py","lineno":321}
{"timestamp":"2026-08-29T09:19:25.271039Z","level":"info","event":"Cosmos cache dir resolved to /tmp/cosmos/verdanta_weekly__dbt_weekly","logger":"cosmos.converter","filename":"converter.py","lineno":346}
{"timestamp":"2026-08-29T09:19:25.271351Z","level":"info","event":"Trying to parse the dbt project using dbt ls cache cosmos_cache__verdanta_weekly__dbt_weekly...","logger":"cosmos.dbt.graph","filename":"graph.py","lineno":869}
{"timestamp":"2026-08-29T09:19:25.419260Z","level":"info","event":"Cosmos performance: time to calculate cache identifier cosmos_cache__verdanta_weekly__dbt_weekly for current version: 0.12922398600039742","logger":"cosmos.cache","filename":"cache.py","lineno":401}
{"timestamp":"2026-08-29T09:19:25.419474Z","level":"info","event":"Cosmos performance [38dba2c61c19|305]: The cache size for cosmos_cache__verdanta_weekly__dbt_weekly is 23804","logger":"cosmos.dbt.graph","filename":"graph.py","lineno":886}
{"timestamp":"2026-08-29T09:19:25.420336Z","level":"info","event":"Cosmos performance: Cache hit for cosmos_cache__verdanta_weekly__dbt_weekly - 39a8c4b6e19a7b5e14cfea47af7dbd90,1ae01f5b93cde0ad1f6d9482f1b54abd","logger":"cosmos.dbt.graph","filename":"graph.py","lineno":898}
{"timestamp":"2026-08-29T09:19:25.420459Z","level":"info","event":"Total nodes: 27","logger":"cosmos.dbt.graph","filename":"graph.py","lineno":799}
{"timestamp":"2026-08-29T09:19:25.420518Z","level":"info","event":"Total filtered nodes: 27","logger":"cosmos.dbt.graph","filename":"graph.py","lineno":800}
{"timestamp":"2026-08-29T09:19:25.420583Z","level":"info","event":"Cosmos performance (verdanta_weekly__dbt_weekly) - [38dba2c61c19|305]: It took 0.149s to parse the dbt project for DAG using LoadMode.DBT_LS_CACHE","logger":"cosmos.converter","filename":"converter.py","lineno":371}
{"timestamp":"2026-08-29T09:19:25.445641Z","level":"info","event":"Cosmos performance (verdanta_weekly__dbt_weekly) - [38dba2c61c19|305]: It took 0.025s to build the Airflow DAG.","logger":"cosmos.converter","filename":"converter.py","lineno":423}
{"timestamp":"2026-08-29T09:19:25.445810Z","level":"info","event":"::endgroup::Cosmos DAG parsing logs","logger":"cosmos.converter","filename":"converter.py","lineno":430}
{"timestamp":"2026-08-29T09:19:25.446426Z","level":"warning","event":"Using Variable.get from `airflow.models` is deprecated.Please use `get` on Variable from sdk(`airflow.sdk.Variable`) instead","category":"UserWarning","filename":"/home/airflow/.local/lib/python3.13/site-packages/airflow/models/variable.py","lineno":158,"logger":"py.warnings"}
{"timestamp":"2026-08-29T09:19:56.259166Z","level":"info","event":"Filling up the DagBag from /opt/airflow/dags/verdanta_weekly.py","logger":"airflow.dag_processing.dagbag.BundleDagBag","filename":"dagbag.py","lineno":469}
{"timestamp":"2026-08-29T09:19:56.346137Z","level":"info","event":"::group::Cosmos DAG parsing logs","logger":"cosmos.converter","filename":"converter.py","lineno":321}
{"timestamp":"2026-08-29T09:19:56.351126Z","level":"info","event":"Cosmos cache dir resolved to /tmp/cosmos/verdanta_weekly__dbt_weekly","logger":"cosmos.converter","filename":"converter.py","lineno":346}
{"timestamp":"2026-08-29T09:19:56.351423Z","level":"info","event":"Trying to parse the dbt project using dbt ls cache cosmos_cache__verdanta_weekly__dbt_weekly...","logger":"cosmos.dbt.graph","filename":"graph.py","lineno":869}
{"timestamp":"2026-08-29T09:19:56.503634Z","level":"info","event":"Cosmos performance: time to calculate cache identifier cosmos_cache__verdanta_weekly__dbt_weekly for current version: 0.13410548800038669","logger":"cosmos.cache","filename":"cache.py","lineno":401}
{"timestamp":"2026-08-29T09:19:56.503948Z","level":"info","event":"Cosmos performance [38dba2c61c19|320]: The cache size for cosmos_cache__verdanta_weekly__dbt_weekly is 23804","logger":"cosmos.dbt.graph","filename":"graph.py","lineno":886}
{"timestamp":"2026-08-29T09:19:56.504985Z","level":"info","event":"Cosmos performance: Cache hit for cosmos_cache__verdanta_weekly__dbt_weekly - 39a8c4b6e19a7b5e14cfea47af7dbd90,1ae01f5b93cde0ad1f6d9482f1b54abd","logger":"cosmos.dbt.graph","filename":"graph.py","lineno":898}
{"timestamp":"2026-08-29T09:19:56.505252Z","level":"info","event":"Total nodes: 27","logger":"cosmos.dbt.graph","filename":"graph.py","lineno":799}
{"timestamp":"2026-08-29T09:19:56.505335Z","level":"info","event":"Total filtered nodes: 27","logger":"cosmos.dbt.graph","filename":"graph.py","lineno":800}
{"timestamp":"2026-08-29T09:19:56.505424Z","level":"info","event":"Cosmos performance (verdanta_weekly__dbt_weekly) - [38dba2c61c19|320]: It took 0.154s to parse the dbt project for DAG using LoadMode.DBT_LS_CACHE","logger":"cosmos.converter","filename":"converter.py","lineno":371}
{"timestamp":"2026-08-29T09:19:56.532693Z","level":"info","event":"Cosmos performance (verdanta_weekly__dbt_weekly) - [38dba2c61c19|320]: It took 0.0272s to build the Airflow DAG.","logger":"cosmos.converter","filename":"converter.py","lineno":423}
{"timestamp":"2026-08-29T09:19:56.532843Z","level":"info","event":"::endgroup::Cosmos DAG parsing logs","logger":"cosmos.converter","filename":"converter.py","lineno":430}
{"timestamp":"2026-08-29T09:19:56.533597Z","level":"warning","event":"Using Variable.get from `airflow.models` is deprecated.Please use `get` on Variable from sdk(`airflow.sdk.Variable`) instead","category":"UserWarning","filename":"/home/airflow/.local/lib/python3.13/site-packages/airflow/models/variable.py","lineno":158,"logger":"py.warnings"}
{"timestamp":"2026-08-29T09:20:26.876303Z","level":"info","event":"Filling up the DagBag from /opt/airflow/dags/verdanta_weekly.py","logger":"airflow.dag_processing.dagbag.BundleDagBag","filename":"dagbag.py","lineno":469}
{"timestamp":"2026-08-29T09:20:26.954669Z","level":"info","event":"::group::Cosmos DAG parsing logs","logger":"cosmos.converter","filename":"converter.py","lineno":321}
{"timestamp":"2026-08-29T09:20:26.958737Z","level":"info","event":"Cosmos cache dir resolved to /tmp/cosmos/verdanta_weekly__dbt_weekly","logger":"cosmos.converter","filename":"converter.py","lineno":346}
{"timestamp":"2026-08-29T09:20:26.959068Z","level":"info","event":"Trying to parse the dbt project using dbt ls cache cosmos_cache__verdanta_weekly__dbt_weekly...","logger":"cosmos.dbt.graph","filename":"graph.py","lineno":869}
{"timestamp":"2026-08-29T09:20:27.111369Z","level":"info","event":"Cosmos performance: time to calculate cache identifier cosmos_cache__verdanta_weekly__dbt_weekly for current version: 0.13368186700063234","logger":"cosmos.cache","filename":"cache.py","lineno":401}
{"timestamp":"2026-08-29T09:20:27.111636Z","level":"info","event":"Cosmos performance [38dba2c61c19|357]: The cache size for cosmos_cache__verdanta_weekly__dbt_weekly is 23804","logger":"cosmos.dbt.graph","filename":"graph.py","lineno":886}
{"timestamp":"2026-08-29T09:20:27.112508Z","level":"info","event":"Cosmos performance: Cache hit for cosmos_cache__verdanta_weekly__dbt_weekly - 39a8c4b6e19a7b5e14cfea47af7dbd90,1ae01f5b93cde0ad1f6d9482f1b54abd","logger":"cosmos.dbt.graph","filename":"graph.py","lineno":898}
{"timestamp":"2026-08-29T09:20:27.112644Z","level":"info","event":"Total nodes: 27","logger":"cosmos.dbt.graph","filename":"graph.py","lineno":799}
{"timestamp":"2026-08-29T09:20:27.112707Z","level":"info","event":"Total filtered nodes: 27","logger":"cosmos.dbt.graph","filename":"graph.py","lineno":800}
{"timestamp":"2026-08-29T09:20:27.112781Z","level":"info","event":"Cosmos performance (verdanta_weekly__dbt_weekly) - [38dba2c61c19|357]: It took 0.154s to parse the dbt project for DAG using LoadMode.DBT_LS_CACHE","logger":"cosmos.converter","filename":"converter.py","lineno":371}
{"timestamp":"2026-08-29T09:20:27.138404Z","level":"info","event":"Cosmos performance (verdanta_weekly__dbt_weekly) - [38dba2c61c19|357]: It took 0.0256s to build the Airflow DAG.","logger":"cosmos.converter","filename":"converter.py","lineno":423}
{"timestamp":"2026-08-29T09:20:27.138569Z","level":"info","event":"::endgroup::Cosmos DAG parsing logs","logger":"cosmos.converter","filename":"converter.py","lineno":430}
{"timestamp":"2026-08-29T09:20:27.139043Z","level":"warning","event":"Using Variable.get from `airflow.models` is deprecated.Please use `get` on Variable from sdk(`airflow.sdk.Variable`) instead","category":"UserWarning","filename":"/home/airflow/.local/lib/python3.13/site-packages/airflow/models/variable.py","lineno":158,"logger":"py.warnings"}
{"timestamp":"2026-08-29T09:20:57.377291Z","level":"info","event":"Filling up the DagBag from /opt/airflow/dags/verdanta_weekly.py","logger":"airflow.dag_processing.dagbag.BundleDagBag","filename":"dagbag.py","lineno":469}
{"timestamp":"2026-08-29T09:20:57.447038Z","level":"info","event":"::group::Cosmos DAG parsing logs","logger":"cosmos.converter","filename":"converter.py","lineno":321}
{"timestamp":"2026-08-29T09:20:57.450463Z","level":"info","event":"Cosmos cache dir resolved to /tmp/cosmos/verdanta_weekly__dbt_weekly","logger":"cosmos.converter","filename":"converter.py","lineno":346}
{"timestamp":"2026-08-29T09:20:57.450725Z","level":"info","event":"Trying to parse the dbt project using dbt ls cache cosmos_cache__verdanta_weekly__dbt_weekly...","logger":"cosmos.dbt.graph","filename":"graph.py","lineno":869}
{"timestamp":"2026-08-29T09:20:57.602961Z","level":"info","event":"Cosmos performance: time to calculate cache identifier cosmos_cache__verdanta_weekly__dbt_weekly for current version: 0.13601330700021208","logger":"cosmos.cache","filename":"cache.py","lineno":401}
{"timestamp":"2026-08-29T09:20:57.603203Z","level":"info","event":"Cosmos performance [38dba2c61c19|393]: The cache size for cosmos_cache__verdanta_weekly__dbt_weekly is 23804","logger":"cosmos.dbt.graph","filename":"graph.py","lineno":886}
{"timestamp":"2026-08-29T09:20:57.604058Z","level":"info","event":"Cosmos performance: Cache hit for cosmos_cache__verdanta_weekly__dbt_weekly - 39a8c4b6e19a7b5e14cfea47af7dbd90,1ae01f5b93cde0ad1f6d9482f1b54abd","logger":"cosmos.dbt.graph","filename":"graph.py","lineno":898}
{"timestamp":"2026-08-29T09:20:57.604187Z","level":"info","event":"Total nodes: 27","logger":"cosmos.dbt.graph","filename":"graph.py","lineno":799}
{"timestamp":"2026-08-29T09:20:57.604247Z","level":"info","event":"Total filtered nodes: 27","logger":"cosmos.dbt.graph","filename":"graph.py","lineno":800}
{"timestamp":"2026-08-29T09:20:57.604312Z","level":"info","event":"Cosmos performance (verdanta_weekly__dbt_weekly) - [38dba2c61c19|393]: It took 0.154s to parse the dbt project for DAG using LoadMode.DBT_LS_CACHE","logger":"cosmos.converter","filename":"converter.py","lineno":371}
{"timestamp":"2026-08-29T09:20:57.630299Z","level":"info","event":"Cosmos performance (verdanta_weekly__dbt_weekly) - [38dba2c61c19|393]: It took 0.0259s to build the Airflow DAG.","logger":"cosmos.converter","filename":"converter.py","lineno":423}
{"timestamp":"2026-08-29T09:20:57.630463Z","level":"info","event":"::endgroup::Cosmos DAG parsing logs","logger":"cosmos.converter","filename":"converter.py","lineno":430}
{"timestamp":"2026-08-29T09:20:57.630971Z","level":"warning","event":"Using Variable.get from `airflow.models` is deprecated.Please use `get` on Variable from sdk(`airflow.sdk.Variable`) instead","category":"UserWarning","filename":"/home/airflow/.local/lib/python3.13/site-packages/airflow/models/variable.py","lineno":158,"logger":"py.warnings"}
{"timestamp":"2026-08-29T09:21:27.754455Z","level":"info","event":"Filling up the DagBag from /opt/airflow/dags/verdanta_weekly.py","logger":"airflow.dag_processing.dagbag.BundleDagBag","filename":"dagbag.py","lineno":469}
{"timestamp":"2026-08-29T09:21:27.823212Z","level":"info","event":"::group::Cosmos DAG parsing logs","logger":"cosmos.converter","filename":"converter.py","lineno":321}
{"timestamp":"2026-08-29T09:21:27.826585Z","level":"info","event":"Cosmos cache dir resolved to /tmp/cosmos/verdanta_weekly__dbt_weekly","logger":"cosmos.converter","filename":"converter.py","lineno":346}
{"timestamp":"2026-08-29T09:21:27.826811Z","level":"info","event":"Trying to parse the dbt project using dbt ls cache cosmos_cache__verdanta_weekly__dbt_weekly...","logger":"cosmos.dbt.graph","filename":"graph.py","lineno":869}
{"timestamp":"2026-08-29T09:21:27.966524Z","level":"info","event":"Cosmos performance: time to calculate cache identifier cosmos_cache__verdanta_weekly__dbt_weekly for current version: 0.1255986269998175","logger":"cosmos.cache","filename":"cache.py","lineno":401}
{"timestamp":"2026-08-29T09:21:27.966758Z","level":"info","event":"Cosmos performance [38dba2c61c19|429]: The cache size for cosmos_cache__verdanta_weekly__dbt_weekly is 23804","logger":"cosmos.dbt.graph","filename":"graph.py","lineno":886}
{"timestamp":"2026-08-29T09:21:27.967584Z","level":"info","event":"Cosmos performance: Cache hit for cosmos_cache__verdanta_weekly__dbt_weekly - 39a8c4b6e19a7b5e14cfea47af7dbd90,1ae01f5b93cde0ad1f6d9482f1b54abd","logger":"cosmos.dbt.graph","filename":"graph.py","lineno":898}
{"timestamp":"2026-08-29T09:21:27.967711Z","level":"info","event":"Total nodes: 27","logger":"cosmos.dbt.graph","filename":"graph.py","lineno":799}
{"timestamp":"2026-08-29T09:21:27.967768Z","level":"info","event":"Total filtered nodes: 27","logger":"cosmos.dbt.graph","filename":"graph.py","lineno":800}
{"timestamp":"2026-08-29T09:21:27.967833Z","level":"info","event":"Cosmos performance (verdanta_weekly__dbt_weekly) - [38dba2c61c19|429]: It took 0.141s to parse the dbt project for DAG using LoadMode.DBT_LS_CACHE","logger":"cosmos.converter","filename":"converter.py","lineno":371}
{"timestamp":"2026-08-29T09:21:27.991325Z","level":"info","event":"Cosmos performance (verdanta_weekly__dbt_weekly) - [38dba2c61c19|429]: It took 0.0234s to build the Airflow DAG.","logger":"cosmos.converter","filename":"converter.py","lineno":423}
{"timestamp":"2026-08-29T09:21:27.991476Z","level":"info","event":"::endgroup::Cosmos DAG parsing logs","logger":"cosmos.converter","filename":"converter.py","lineno":430}
{"timestamp":"2026-08-29T09:21:27.991876Z","level":"warning","event":"Using Variable.get from `airflow.models` is deprecated.Please use `get` on Variable from sdk(`airflow.sdk.Variable`) instead","category":"UserWarning","filename":"/home/airflow/.local/lib/python3.13/site-packages/airflow/models/variable.py","lineno":158,"logger":"py.warnings"}
{"timestamp":"2026-08-29T09:21:58.202229Z","level":"info","event":"Filling up the DagBag from /opt/airflow/dags/verdanta_weekly.py","logger":"airflow.dag_processing.dagbag.BundleDagBag","filename":"dagbag.py","lineno":469}
{"timestamp":"2026-08-29T09:21:58.270613Z","level":"info","event":"::group::Cosmos DAG parsing logs","logger":"cosmos.converter","filename":"converter.py","lineno":321}
{"timestamp":"2026-08-29T09:21:58.274782Z","level":"info","event":"Cosmos cache dir resolved to /tmp/cosmos/verdanta_weekly__dbt_weekly","logger":"cosmos.converter","filename":"converter.py","lineno":346}
{"timestamp":"2026-08-29T09:21:58.275058Z","level":"info","event":"Trying to parse the dbt project using dbt ls cache cosmos_cache__verdanta_weekly__dbt_weekly...","logger":"cosmos.dbt.graph","filename":"graph.py","lineno":869}
{"timestamp":"2026-08-29T09:21:58.422263Z","level":"info","event":"Cosmos performance: time to calculate cache identifier cosmos_cache__verdanta_weekly__dbt_weekly for current version: 0.13235341800009337","logger":"cosmos.cache","filename":"cache.py","lineno":401}
{"timestamp":"2026-08-29T09:21:58.422525Z","level":"info","event":"Cosmos performance [38dba2c61c19|464]: The cache size for cosmos_cache__verdanta_weekly__dbt_weekly is 23804","logger":"cosmos.dbt.graph","filename":"graph.py","lineno":886}
{"timestamp":"2026-08-29T09:21:58.423794Z","level":"info","event":"Cosmos performance: Cache hit for cosmos_cache__verdanta_weekly__dbt_weekly - 39a8c4b6e19a7b5e14cfea47af7dbd90,1ae01f5b93cde0ad1f6d9482f1b54abd","logger":"cosmos.dbt.graph","filename":"graph.py","lineno":898}
{"timestamp":"2026-08-29T09:21:58.423997Z","level":"info","event":"Total nodes: 27","logger":"cosmos.dbt.graph","filename":"graph.py","lineno":799}
{"timestamp":"2026-08-29T09:21:58.424088Z","level":"info","event":"Total filtered nodes: 27","logger":"cosmos.dbt.graph","filename":"graph.py","lineno":800}
{"timestamp":"2026-08-29T09:21:58.424177Z","level":"info","event":"Cosmos performance (verdanta_weekly__dbt_weekly) - [38dba2c61c19|464]: It took 0.149s to parse the dbt project for DAG using LoadMode.DBT_LS_CACHE","logger":"cosmos.converter","filename":"converter.py","lineno":371}
{"timestamp":"2026-08-29T09:21:58.451215Z","level":"info","event":"Cosmos performance (verdanta_weekly__dbt_weekly) - [38dba2c61c19|464]: It took 0.027s to build the Airflow DAG.","logger":"cosmos.converter","filename":"converter.py","lineno":423}
{"timestamp":"2026-08-29T09:21:58.451380Z","level":"info","event":"::endgroup::Cosmos DAG parsing logs","logger":"cosmos.converter","filename":"converter.py","lineno":430}
{"timestamp":"2026-08-29T09:21:58.452033Z","level":"warning","event":"Using Variable.get from `airflow.models` is deprecated.Please use `get` on Variable from sdk(`airflow.sdk.Variable`) instead","category":"UserWarning","filename":"/home/airflow/.local/lib/python3.13/site-packages/airflow/models/variable.py","lineno":158,"logger":"py.warnings"}
{"timestamp":"2026-08-29T09:22:28.967682Z","level":"info","event":"Filling up the DagBag from /opt/airflow/dags/verdanta_weekly.py","logger":"airflow.dag_processing.dagbag.BundleDagBag","filename":"dagbag.py","lineno":469}
{"timestamp":"2026-08-29T09:22:29.034007Z","level":"info","event":"::group::Cosmos DAG parsing logs","logger":"cosmos.converter","filename":"converter.py","lineno":321}
{"timestamp":"2026-08-29T09:22:29.037486Z","level":"info","event":"Cosmos cache dir resolved to /tmp/cosmos/verdanta_weekly__dbt_weekly","logger":"cosmos.converter","filename":"converter.py","lineno":346}
{"timestamp":"2026-08-29T09:22:29.037709Z","level":"info","event":"Trying to parse the dbt project using dbt ls cache cosmos_cache__verdanta_weekly__dbt_weekly...","logger":"cosmos.dbt.graph","filename":"graph.py","lineno":869}
{"timestamp":"2026-08-29T09:22:29.181378Z","level":"info","event":"Cosmos performance: time to calculate cache identifier cosmos_cache__verdanta_weekly__dbt_weekly for current version: 0.12831968600039545","logger":"cosmos.cache","filename":"cache.py","lineno":401}
{"timestamp":"2026-08-29T09:22:29.181629Z","level":"info","event":"Cosmos performance [38dba2c61c19|479]: The cache size for cosmos_cache__verdanta_weekly__dbt_weekly is 23804","logger":"cosmos.dbt.graph","filename":"graph.py","lineno":886}
{"timestamp":"2026-08-29T09:22:29.183327Z","level":"info","event":"Cosmos performance: Cache hit for cosmos_cache__verdanta_weekly__dbt_weekly - 39a8c4b6e19a7b5e14cfea47af7dbd90,1ae01f5b93cde0ad1f6d9482f1b54abd","logger":"cosmos.dbt.graph","filename":"graph.py","lineno":898}
{"timestamp":"2026-08-29T09:22:29.183503Z","level":"info","event":"Total nodes: 27","logger":"cosmos.dbt.graph","filename":"graph.py","lineno":799}
{"timestamp":"2026-08-29T09:22:29.183586Z","level":"info","event":"Total filtered nodes: 27","logger":"cosmos.dbt.graph","filename":"graph.py","lineno":800}
{"timestamp":"2026-08-29T09:22:29.183685Z","level":"info","event":"Cosmos performance (verdanta_weekly__dbt_weekly) - [38dba2c61c19|479]: It took 0.146s to parse the dbt project for DAG using LoadMode.DBT_LS_CACHE","logger":"cosmos.converter","filename":"converter.py","lineno":371}
{"timestamp":"2026-08-29T09:22:29.208782Z","level":"info","event":"Cosmos performance (verdanta_weekly__dbt_weekly) - [38dba2c61c19|479]: It took 0.0251s to build the Airflow DAG.","logger":"cosmos.converter","filename":"converter.py","lineno":423}
{"timestamp":"2026-08-29T09:22:29.208952Z","level":"info","event":"::endgroup::Cosmos DAG parsing logs","logger":"cosmos.converter","filename":"converter.py","lineno":430}
{"timestamp":"2026-08-29T09:22:29.209450Z","level":"warning","event":"Using Variable.get from `airflow.models` is deprecated.Please use `get` on Variable from sdk(`airflow.sdk.Variable`) instead","category":"UserWarning","filename":"/home/airflow/.local/lib/python3.13/site-packages/airflow/models/variable.py","lineno":158,"logger":"py.warnings"}
{"timestamp":"2026-08-29T09:22:59.829644Z","level":"info","event":"Filling up the DagBag from /opt/airflow/dags/verdanta_weekly.py","logger":"airflow.dag_processing.dagbag.BundleDagBag","filename":"dagbag.py","lineno":469}
{"timestamp":"2026-08-29T09:22:59.906695Z","level":"info","event":"::group::Cosmos DAG parsing logs","logger":"cosmos.converter","filename":"converter.py","lineno":321}
{"timestamp":"2026-08-29T09:22:59.910842Z","level":"info","event":"Cosmos cache dir resolved to /tmp/cosmos/verdanta_weekly__dbt_weekly","logger":"cosmos.converter","filename":"converter.py","lineno":346}
{"timestamp":"2026-08-29T09:22:59.911149Z","level":"info","event":"Trying to parse the dbt project using dbt ls cache cosmos_cache__verdanta_weekly__dbt_weekly...","logger":"cosmos.dbt.graph","filename":"graph.py","lineno":869}
{"timestamp":"2026-08-29T09:23:00.066453Z","level":"info","event":"Cosmos performance: time to calculate cache identifier cosmos_cache__verdanta_weekly__dbt_weekly for current version: 0.13883223700031522","logger":"cosmos.cache","filename":"cache.py","lineno":401}
{"timestamp":"2026-08-29T09:23:00.066719Z","level":"info","event":"Cosmos performance [38dba2c61c19|514]: The cache size for cosmos_cache__verdanta_weekly__dbt_weekly is 23804","logger":"cosmos.dbt.graph","filename":"graph.py","lineno":886}
{"timestamp":"2026-08-29T09:23:00.067618Z","level":"info","event":"Cosmos performance: Cache hit for cosmos_cache__verdanta_weekly__dbt_weekly - 39a8c4b6e19a7b5e14cfea47af7dbd90,1ae01f5b93cde0ad1f6d9482f1b54abd","logger":"cosmos.dbt.graph","filename":"graph.py","lineno":898}
{"timestamp":"2026-08-29T09:23:00.067749Z","level":"info","event":"Total nodes: 27","logger":"cosmos.dbt.graph","filename":"graph.py","lineno":799}
{"timestamp":"2026-08-29T09:23:00.067810Z","level":"info","event":"Total filtered nodes: 27","logger":"cosmos.dbt.graph","filename":"graph.py","lineno":800}
{"timestamp":"2026-08-29T09:23:00.067877Z","level":"info","event":"Cosmos performance (verdanta_weekly__dbt_weekly) - [38dba2c61c19|514]: It took 0.157s to parse the dbt project for DAG using LoadMode.DBT_LS_CACHE","logger":"cosmos.converter","filename":"converter.py","lineno":371}
{"timestamp":"2026-08-29T09:23:00.095097Z","level":"info","event":"Cosmos performance (verdanta_weekly__dbt_weekly) - [38dba2c61c19|514]: It took 0.0272s to build the Airflow DAG.","logger":"cosmos.converter","filename":"converter.py","lineno":423}
{"timestamp":"2026-08-29T09:23:00.095256Z","level":"info","event":"::endgroup::Cosmos DAG parsing logs","logger":"cosmos.converter","filename":"converter.py","lineno":430}
{"timestamp":"2026-08-29T09:23:00.095918Z","level":"warning","event":"Using Variable.get from `airflow.models` is deprecated.Please use `get` on Variable from sdk(`airflow.sdk.Variable`) instead","category":"UserWarning","filename":"/home/airflow/.local/lib/python3.13/site-packages/airflow/models/variable.py","lineno":158,"logger":"py.warnings"}
{"timestamp":"2026-08-29T09:23:30.817519Z","level":"info","event":"Filling up the DagBag from /opt/airflow/dags/verdanta_weekly.py","logger":"airflow.dag_processing.dagbag.BundleDagBag","filename":"dagbag.py","lineno":469}
{"timestamp":"2026-08-29T09:23:30.916215Z","level":"info","event":"::group::Cosmos DAG parsing logs","logger":"cosmos.converter","filename":"converter.py","lineno":321}
{"timestamp":"2026-08-29T09:23:30.920790Z","level":"info","event":"Cosmos cache dir resolved to /tmp/cosmos/verdanta_weekly__dbt_weekly","logger":"cosmos.converter","filename":"converter.py","lineno":346}
{"timestamp":"2026-08-29T09:23:30.921019Z","level":"info","event":"Trying to parse the dbt project using dbt ls cache cosmos_cache__verdanta_weekly__dbt_weekly...","logger":"cosmos.dbt.graph","filename":"graph.py","lineno":869}
{"timestamp":"2026-08-29T09:23:31.065162Z","level":"info","event":"Cosmos performance: time to calculate cache identifier cosmos_cache__verdanta_weekly__dbt_weekly for current version: 0.1303006500002084","logger":"cosmos.cache","filename":"cache.py","lineno":401}
{"timestamp":"2026-08-29T09:23:31.065400Z","level":"info","event":"Cosmos performance [38dba2c61c19|543]: The cache size for cosmos_cache__verdanta_weekly__dbt_weekly is 23804","logger":"cosmos.dbt.graph","filename":"graph.py","lineno":886}
{"timestamp":"2026-08-29T09:23:31.066290Z","level":"info","event":"Cosmos performance: Cache hit for cosmos_cache__verdanta_weekly__dbt_weekly - 39a8c4b6e19a7b5e14cfea47af7dbd90,1ae01f5b93cde0ad1f6d9482f1b54abd","logger":"cosmos.dbt.graph","filename":"graph.py","lineno":898}
{"timestamp":"2026-08-29T09:23:31.066425Z","level":"info","event":"Total nodes: 27","logger":"cosmos.dbt.graph","filename":"graph.py","lineno":799}
{"timestamp":"2026-08-29T09:23:31.066488Z","level":"info","event":"Total filtered nodes: 27","logger":"cosmos.dbt.graph","filename":"graph.py","lineno":800}
{"timestamp":"2026-08-29T09:23:31.066554Z","level":"info","event":"Cosmos performance (verdanta_weekly__dbt_weekly) - [38dba2c61c19|543]: It took 0.146s to parse the dbt project for DAG using LoadMode.DBT_LS_CACHE","logger":"cosmos.converter","filename":"converter.py","lineno":371}
{"timestamp":"2026-08-29T09:23:31.093023Z","level":"info","event":"Cosmos performance (verdanta_weekly__dbt_weekly) - [38dba2c61c19|543]: It took 0.0264s to build the Airflow DAG.","logger":"cosmos.converter","filename":"converter.py","lineno":423}
{"timestamp":"2026-08-29T09:23:31.093195Z","level":"info","event":"::endgroup::Cosmos DAG parsing logs","logger":"cosmos.converter","filename":"converter.py","lineno":430}
{"timestamp":"2026-08-29T09:23:31.093686Z","level":"warning","event":"Using Variable.get from `airflow.models` is deprecated.Please use `get` on Variable from sdk(`airflow.sdk.Variable`) instead","category":"UserWarning","filename":"/home/airflow/.local/lib/python3.13/site-packages/airflow/models/variable.py","lineno":158,"logger":"py.warnings"}
{"timestamp":"2026-08-29T09:24:01.536671Z","level":"info","event":"Filling up the DagBag from /opt/airflow/dags/verdanta_weekly.py","logger":"airflow.dag_processing.dagbag.BundleDagBag","filename":"dagbag.py","lineno":469}
{"timestamp":"2026-08-29T09:24:01.604454Z","level":"info","event":"::group::Cosmos DAG parsing logs","logger":"cosmos.converter","filename":"converter.py","lineno":321}
{"timestamp":"2026-08-29T09:24:01.607771Z","level":"info","event":"Cosmos cache dir resolved to /tmp/cosmos/verdanta_weekly__dbt_weekly","logger":"cosmos.converter","filename":"converter.py","lineno":346}
{"timestamp":"2026-08-29T09:24:01.608046Z","level":"info","event":"Trying to parse the dbt project using dbt ls cache cosmos_cache__verdanta_weekly__dbt_weekly...","logger":"cosmos.dbt.graph","filename":"graph.py","lineno":869}
{"timestamp":"2026-08-29T09:24:01.756568Z","level":"info","event":"Cosmos performance: time to calculate cache identifier cosmos_cache__verdanta_weekly__dbt_weekly for current version: 0.13172043500071595","logger":"cosmos.cache","filename":"cache.py","lineno":401}
{"timestamp":"2026-08-29T09:24:01.756818Z","level":"info","event":"Cosmos performance [38dba2c61c19|579]: The cache size for cosmos_cache__verdanta_weekly__dbt_weekly is 23804","logger":"cosmos.dbt.graph","filename":"graph.py","lineno":886}
{"timestamp":"2026-08-29T09:24:01.757723Z","level":"info","event":"Cosmos performance: Cache hit for cosmos_cache__verdanta_weekly__dbt_weekly - 39a8c4b6e19a7b5e14cfea47af7dbd90,1ae01f5b93cde0ad1f6d9482f1b54abd","logger":"cosmos.dbt.graph","filename":"graph.py","lineno":898}
{"timestamp":"2026-08-29T09:24:01.757858Z","level":"info","event":"Total nodes: 27","logger":"cosmos.dbt.graph","filename":"graph.py","lineno":799}
{"timestamp":"2026-08-29T09:24:01.757919Z","level":"info","event":"Total filtered nodes: 27","logger":"cosmos.dbt.graph","filename":"graph.py","lineno":800}
{"timestamp":"2026-08-29T09:24:01.757986Z","level":"info","event":"Cosmos performance (verdanta_weekly__dbt_weekly) - [38dba2c61c19|579]: It took 0.15s to parse the dbt project for DAG using LoadMode.DBT_LS_CACHE","logger":"cosmos.converter","filename":"converter.py","lineno":371}
{"timestamp":"2026-08-29T09:24:01.783972Z","level":"info","event":"Cosmos performance (verdanta_weekly__dbt_weekly) - [38dba2c61c19|579]: It took 0.0259s to build the Airflow DAG.","logger":"cosmos.converter","filename":"converter.py","lineno":423}
{"timestamp":"2026-08-29T09:24:01.784148Z","level":"info","event":"::endgroup::Cosmos DAG parsing logs","logger":"cosmos.converter","filename":"converter.py","lineno":430}
{"timestamp":"2026-08-29T09:24:01.784757Z","level":"warning","event":"Using Variable.get from `airflow.models` is deprecated.Please use `get` on Variable from sdk(`airflow.sdk.Variable`) instead","category":"UserWarning","filename":"/home/airflow/.local/lib/python3.13/site-packages/airflow/models/variable.py","lineno":158,"logger":"py.warnings"}
{"timestamp":"2026-08-29T09:24:32.076142Z","level":"info","event":"Filling up the DagBag from /opt/airflow/dags/verdanta_weekly.py","logger":"airflow.dag_processing.dagbag.BundleDagBag","filename":"dagbag.py","lineno":469}
{"timestamp":"2026-08-29T09:24:32.269638Z","level":"info","event":"::group::Cosmos DAG parsing logs","logger":"cosmos.converter","filename":"converter.py","lineno":321}
{"timestamp":"2026-08-29T09:24:32.282216Z","level":"info","event":"Cosmos cache dir resolved to /tmp/cosmos/verdanta_weekly__dbt_weekly","logger":"cosmos.converter","filename":"converter.py","lineno":346}
{"timestamp":"2026-08-29T09:24:32.282903Z","level":"info","event":"Trying to parse the dbt project using dbt ls cache cosmos_cache__verdanta_weekly__dbt_weekly...","logger":"cosmos.dbt.graph","filename":"graph.py","lineno":869}
{"timestamp":"2026-08-29T09:24:32.440053Z","level":"info","event":"Cosmos performance: time to calculate cache identifier cosmos_cache__verdanta_weekly__dbt_weekly for current version: 0.13640765699983604","logger":"cosmos.cache","filename":"cache.py","lineno":401}
{"timestamp":"2026-08-29T09:24:32.440492Z","level":"info","event":"Cosmos performance [38dba2c61c19|614]: The cache size for cosmos_cache__verdanta_weekly__dbt_weekly is 23804","logger":"cosmos.dbt.graph","filename":"graph.py","lineno":886}
{"timestamp":"2026-08-29T09:24:32.441529Z","level":"info","event":"Cosmos performance: Cache hit for cosmos_cache__verdanta_weekly__dbt_weekly - 39a8c4b6e19a7b5e14cfea47af7dbd90,1ae01f5b93cde0ad1f6d9482f1b54abd","logger":"cosmos.dbt.graph","filename":"graph.py","lineno":898}
{"timestamp":"2026-08-29T09:24:32.441671Z","level":"info","event":"Total nodes: 27","logger":"cosmos.dbt.graph","filename":"graph.py","lineno":799}
{"timestamp":"2026-08-29T09:24:32.441771Z","level":"info","event":"Total filtered nodes: 27","logger":"cosmos.dbt.graph","filename":"graph.py","lineno":800}
{"timestamp":"2026-08-29T09:24:32.441895Z","level":"info","event":"Cosmos performance (verdanta_weekly__dbt_weekly) - [38dba2c61c19|614]: It took 0.159s to parse the dbt project for DAG using LoadMode.DBT_LS_CACHE","logger":"cosmos.converter","filename":"converter.py","lineno":371}
{"timestamp":"2026-08-29T09:24:32.473112Z","level":"info","event":"Cosmos performance (verdanta_weekly__dbt_weekly) - [38dba2c61c19|614]: It took 0.0312s to build the Airflow DAG.","logger":"cosmos.converter","filename":"converter.py","lineno":423}
{"timestamp":"2026-08-29T09:24:32.473295Z","level":"info","event":"::endgroup::Cosmos DAG parsing logs","logger":"cosmos.converter","filename":"converter.py","lineno":430}
{"timestamp":"2026-08-29T09:24:32.476165Z","level":"warning","event":"Using Variable.get from `airflow.models` is deprecated.Please use `get` on Variable from sdk(`airflow.sdk.Variable`) instead","category":"UserWarning","filename":"/home/airflow/.local/lib/python3.13/site-packages/airflow/models/variable.py","lineno":158,"logger":"py.warnings"}
{"timestamp":"2026-08-29T09:25:03.135268Z","level":"info","event":"Filling up the DagBag from /opt/airflow/dags/verdanta_weekly.py","logger":"airflow.dag_processing.dagbag.BundleDagBag","filename":"dagbag.py","lineno":469}
{"timestamp":"2026-08-29T09:25:03.210645Z","level":"info","event":"::group::Cosmos DAG parsing logs","logger":"cosmos.converter","filename":"converter.py","lineno":321}
{"timestamp":"2026-08-29T09:25:03.214926Z","level":"info","event":"Cosmos cache dir resolved to /tmp/cosmos/verdanta_weekly__dbt_weekly","logger":"cosmos.converter","filename":"converter.py","lineno":346}
{"timestamp":"2026-08-29T09:25:03.215172Z","level":"info","event":"Trying to parse the dbt project using dbt ls cache cosmos_cache__verdanta_weekly__dbt_weekly...","logger":"cosmos.dbt.graph","filename":"graph.py","lineno":869}
{"timestamp":"2026-08-29T09:25:03.364168Z","level":"info","event":"Cosmos performance: time to calculate cache identifier cosmos_cache__verdanta_weekly__dbt_weekly for current version: 0.13428654299968912","logger":"cosmos.cache","filename":"cache.py","lineno":401}
{"timestamp":"2026-08-29T09:25:03.364491Z","level":"info","event":"Cosmos performance [38dba2c61c19|629]: The cache size for cosmos_cache__verdanta_weekly__dbt_weekly is 23804","logger":"cosmos.dbt.graph","filename":"graph.py","lineno":886}
{"timestamp":"2026-08-29T09:25:03.366286Z","level":"info","event":"Cosmos performance: Cache hit for cosmos_cache__verdanta_weekly__dbt_weekly - 39a8c4b6e19a7b5e14cfea47af7dbd90,1ae01f5b93cde0ad1f6d9482f1b54abd","logger":"cosmos.dbt.graph","filename":"graph.py","lineno":898}
{"timestamp":"2026-08-29T09:25:03.366458Z","level":"info","event":"Total nodes: 27","logger":"cosmos.dbt.graph","filename":"graph.py","lineno":799}
{"timestamp":"2026-08-29T09:25:03.366533Z","level":"info","event":"Total filtered nodes: 27","logger":"cosmos.dbt.graph","filename":"graph.py","lineno":800}
{"timestamp":"2026-08-29T09:25:03.366637Z","level":"info","event":"Cosmos performance (verdanta_weekly__dbt_weekly) - [38dba2c61c19|629]: It took 0.152s to parse the dbt project for DAG using LoadMode.DBT_LS_CACHE","logger":"cosmos.converter","filename":"converter.py","lineno":371}
{"timestamp":"2026-08-29T09:25:03.402964Z","level":"info","event":"Cosmos performance (verdanta_weekly__dbt_weekly) - [38dba2c61c19|629]: It took 0.0363s to build the Airflow DAG.","logger":"cosmos.converter","filename":"converter.py","lineno":423}
{"timestamp":"2026-08-29T09:25:03.403130Z","level":"info","event":"::endgroup::Cosmos DAG parsing logs","logger":"cosmos.converter","filename":"converter.py","lineno":430}
{"timestamp":"2026-08-29T09:25:03.404211Z","level":"warning","event":"Using Variable.get from `airflow.models` is deprecated.Please use `get` on Variable from sdk(`airflow.sdk.Variable`) instead","category":"UserWarning","filename":"/home/airflow/.local/lib/python3.13/site-packages/airflow/models/variable.py","lineno":158,"logger":"py.warnings"}
{"timestamp":"2026-08-29T09:25:33.584271Z","level":"info","event":"Filling up the DagBag from /opt/airflow/dags/verdanta_weekly.py","logger":"airflow.dag_processing.dagbag.BundleDagBag","filename":"dagbag.py","lineno":469}
{"timestamp":"2026-08-29T09:25:33.670601Z","level":"info","event":"::group::Cosmos DAG parsing logs","logger":"cosmos.converter","filename":"converter.py","lineno":321}
{"timestamp":"2026-08-29T09:25:33.675196Z","level":"info","event":"Cosmos cache dir resolved to /tmp/cosmos/verdanta_weekly__dbt_weekly","logger":"cosmos.converter","filename":"converter.py","lineno":346}
{"timestamp":"2026-08-29T09:25:33.675551Z","level":"info","event":"Trying to parse the dbt project using dbt ls cache cosmos_cache__verdanta_weekly__dbt_weekly...","logger":"cosmos.dbt.graph","filename":"graph.py","lineno":869}
{"timestamp":"2026-08-29T09:25:33.838218Z","level":"info","event":"Cosmos performance: time to calculate cache identifier cosmos_cache__verdanta_weekly__dbt_weekly for current version: 0.14465354399999342","logger":"cosmos.cache","filename":"cache.py","lineno":401}
{"timestamp":"2026-08-29T09:25:33.838453Z","level":"info","event":"Cosmos performance [38dba2c61c19|665]: The cache size for cosmos_cache__verdanta_weekly__dbt_weekly is 23804","logger":"cosmos.dbt.graph","filename":"graph.py","lineno":886}
{"timestamp":"2026-08-29T09:25:33.839316Z","level":"info","event":"Cosmos performance: Cache hit for cosmos_cache__verdanta_weekly__dbt_weekly - 39a8c4b6e19a7b5e14cfea47af7dbd90,1ae01f5b93cde0ad1f6d9482f1b54abd","logger":"cosmos.dbt.graph","filename":"graph.py","lineno":898}
{"timestamp":"2026-08-29T09:25:33.839512Z","level":"info","event":"Total nodes: 27","logger":"cosmos.dbt.graph","filename":"graph.py","lineno":799}
{"timestamp":"2026-08-29T09:25:33.839578Z","level":"info","event":"Total filtered nodes: 27","logger":"cosmos.dbt.graph","filename":"graph.py","lineno":800}
{"timestamp":"2026-08-29T09:25:33.839654Z","level":"info","event":"Cosmos performance (verdanta_weekly__dbt_weekly) - [38dba2c61c19|665]: It took 0.164s to parse the dbt project for DAG using LoadMode.DBT_LS_CACHE","logger":"cosmos.converter","filename":"converter.py","lineno":371}
{"timestamp":"2026-08-29T09:25:33.868659Z","level":"info","event":"Cosmos performance (verdanta_weekly__dbt_weekly) - [38dba2c61c19|665]: It took 0.029s to build the Airflow DAG.","logger":"cosmos.converter","filename":"converter.py","lineno":423}
{"timestamp":"2026-08-29T09:25:33.868821Z","level":"info","event":"::endgroup::Cosmos DAG parsing logs","logger":"cosmos.converter","filename":"converter.py","lineno":430}
{"timestamp":"2026-08-29T09:25:33.869446Z","level":"warning","event":"Using Variable.get from `airflow.models` is deprecated.Please use `get` on Variable from sdk(`airflow.sdk.Variable`) instead","category":"UserWarning","filename":"/home/airflow/.local/lib/python3.13/site-packages/airflow/models/variable.py","lineno":158,"logger":"py.warnings"}
{"timestamp":"2026-08-29T09:26:04.012535Z","level":"info","event":"Filling up the DagBag from /opt/airflow/dags/verdanta_weekly.py","logger":"airflow.dag_processing.dagbag.BundleDagBag","filename":"dagbag.py","lineno":469}
{"timestamp":"2026-08-29T09:26:04.084975Z","level":"info","event":"::group::Cosmos DAG parsing logs","logger":"cosmos.converter","filename":"converter.py","lineno":321}
{"timestamp":"2026-08-29T09:26:04.088724Z","level":"info","event":"Cosmos cache dir resolved to /tmp/cosmos/verdanta_weekly__dbt_weekly","logger":"cosmos.converter","filename":"converter.py","lineno":346}
{"timestamp":"2026-08-29T09:26:04.088957Z","level":"info","event":"Trying to parse the dbt project using dbt ls cache cosmos_cache__verdanta_weekly__dbt_weekly...","logger":"cosmos.dbt.graph","filename":"graph.py","lineno":869}
{"timestamp":"2026-08-29T09:26:04.254284Z","level":"info","event":"Cosmos performance: time to calculate cache identifier cosmos_cache__verdanta_weekly__dbt_weekly for current version: 0.14689607999935106","logger":"cosmos.cache","filename":"cache.py","lineno":401}
{"timestamp":"2026-08-29T09:26:04.254502Z","level":"info","event":"Cosmos performance [38dba2c61c19|701]: The cache size for cosmos_cache__verdanta_weekly__dbt_weekly is 23804","logger":"cosmos.dbt.graph","filename":"graph.py","lineno":886}
{"timestamp":"2026-08-29T09:26:04.255450Z","level":"info","event":"Cosmos performance: Cache hit for cosmos_cache__verdanta_weekly__dbt_weekly - 39a8c4b6e19a7b5e14cfea47af7dbd90,1ae01f5b93cde0ad1f6d9482f1b54abd","logger":"cosmos.dbt.graph","filename":"graph.py","lineno":898}
{"timestamp":"2026-08-29T09:26:04.255573Z","level":"info","event":"Total nodes: 27","logger":"cosmos.dbt.graph","filename":"graph.py","lineno":799}
{"timestamp":"2026-08-29T09:26:04.255633Z","level":"info","event":"Total filtered nodes: 27","logger":"cosmos.dbt.graph","filename":"graph.py","lineno":800}
{"timestamp":"2026-08-29T09:26:04.255710Z","level":"info","event":"Cosmos performance (verdanta_weekly__dbt_weekly) - [38dba2c61c19|701]: It took 0.167s to parse the dbt project for DAG using LoadMode.DBT_LS_CACHE","logger":"cosmos.converter","filename":"converter.py","lineno":371}
{"timestamp":"2026-08-29T09:26:04.290070Z","level":"info","event":"Cosmos performance (verdanta_weekly__dbt_weekly) - [38dba2c61c19|701]: It took 0.0343s to build the Airflow DAG.","logger":"cosmos.converter","filename":"converter.py","lineno":423}
{"timestamp":"2026-08-29T09:26:04.290289Z","level":"info","event":"::endgroup::Cosmos DAG parsing logs","logger":"cosmos.converter","filename":"converter.py","lineno":430}
{"timestamp":"2026-08-29T09:26:04.290810Z","level":"warning","event":"Using Variable.get from `airflow.models` is deprecated.Please use `get` on Variable from sdk(`airflow.sdk.Variable`) instead","category":"UserWarning","filename":"/home/airflow/.local/lib/python3.13/site-packages/airflow/models/variable.py","lineno":158,"logger":"py.warnings"}
{"timestamp":"2026-08-29T09:26:34.606852Z","level":"info","event":"Filling up the DagBag from /opt/airflow/dags/verdanta_weekly.py","logger":"airflow.dag_processing.dagbag.BundleDagBag","filename":"dagbag.py","lineno":469}
{"timestamp":"2026-08-29T09:26:34.678180Z","level":"info","event":"::group::Cosmos DAG parsing logs","logger":"cosmos.converter","filename":"converter.py","lineno":321}
{"timestamp":"2026-08-29T09:26:34.681683Z","level":"info","event":"Cosmos cache dir resolved to /tmp/cosmos/verdanta_weekly__dbt_weekly","logger":"cosmos.converter","filename":"converter.py","lineno":346}
{"timestamp":"2026-08-29T09:26:34.681883Z","level":"info","event":"Trying to parse the dbt project using dbt ls cache cosmos_cache__verdanta_weekly__dbt_weekly...","logger":"cosmos.dbt.graph","filename":"graph.py","lineno":869}
{"timestamp":"2026-08-29T09:26:34.834215Z","level":"info","event":"Cosmos performance: time to calculate cache identifier cosmos_cache__verdanta_weekly__dbt_weekly for current version: 0.13679046099969128","logger":"cosmos.cache","filename":"cache.py","lineno":401}
{"timestamp":"2026-08-29T09:26:34.834454Z","level":"info","event":"Cosmos performance [38dba2c61c19|737]: The cache size for cosmos_cache__verdanta_weekly__dbt_weekly is 23804","logger":"cosmos.dbt.graph","filename":"graph.py","lineno":886}
{"timestamp":"2026-08-29T09:26:34.835650Z","level":"info","event":"Cosmos performance: Cache hit for cosmos_cache__verdanta_weekly__dbt_weekly - 39a8c4b6e19a7b5e14cfea47af7dbd90,1ae01f5b93cde0ad1f6d9482f1b54abd","logger":"cosmos.dbt.graph","filename":"graph.py","lineno":898}
{"timestamp":"2026-08-29T09:26:34.835836Z","level":"info","event":"Total nodes: 27","logger":"cosmos.dbt.graph","filename":"graph.py","lineno":799}
{"timestamp":"2026-08-29T09:26:34.835918Z","level":"info","event":"Total filtered nodes: 27","logger":"cosmos.dbt.graph","filename":"graph.py","lineno":800}
{"timestamp":"2026-08-29T09:26:34.836001Z","level":"info","event":"Cosmos performance (verdanta_weekly__dbt_weekly) - [38dba2c61c19|737]: It took 0.154s to parse the dbt project for DAG using LoadMode.DBT_LS_CACHE","logger":"cosmos.converter","filename":"converter.py","lineno":371}
{"timestamp":"2026-08-29T09:26:34.863956Z","level":"info","event":"Cosmos performance (verdanta_weekly__dbt_weekly) - [38dba2c61c19|737]: It took 0.0279s to build the Airflow DAG.","logger":"cosmos.converter","filename":"converter.py","lineno":423}
{"timestamp":"2026-08-29T09:26:34.864123Z","level":"info","event":"::endgroup::Cosmos DAG parsing logs","logger":"cosmos.converter","filename":"converter.py","lineno":430}
{"timestamp":"2026-08-29T09:26:34.864686Z","level":"warning","event":"Using Variable.get from `airflow.models` is deprecated.Please use `get` on Variable from sdk(`airflow.sdk.Variable`) instead","category":"UserWarning","filename":"/home/airflow/.local/lib/python3.13/site-packages/airflow/models/variable.py","lineno":158,"logger":"py.warnings"}
{"timestamp":"2026-08-29T09:27:05.794088Z","level":"info","event":"Filling up the DagBag from /opt/airflow/dags/verdanta_weekly.py","logger":"airflow.dag_processing.dagbag.BundleDagBag","filename":"dagbag.py","lineno":469}
{"timestamp":"2026-08-29T09:27:05.856589Z","level":"info","event":"::group::Cosmos DAG parsing logs","logger":"cosmos.converter","filename":"converter.py","lineno":321}
{"timestamp":"2026-08-29T09:27:05.860017Z","level":"info","event":"Cosmos cache dir resolved to /tmp/cosmos/verdanta_weekly__dbt_weekly","logger":"cosmos.converter","filename":"converter.py","lineno":346}
{"timestamp":"2026-08-29T09:27:05.860234Z","level":"info","event":"Trying to parse the dbt project using dbt ls cache cosmos_cache__verdanta_weekly__dbt_weekly...","logger":"cosmos.dbt.graph","filename":"graph.py","lineno":869}
{"timestamp":"2026-08-29T09:27:06.005908Z","level":"info","event":"Cosmos performance: time to calculate cache identifier cosmos_cache__verdanta_weekly__dbt_weekly for current version: 0.12933260800036805","logger":"cosmos.cache","filename":"cache.py","lineno":401}
{"timestamp":"2026-08-29T09:27:06.006175Z","level":"info","event":"Cosmos performance [38dba2c61c19|772]: The cache size for cosmos_cache__verdanta_weekly__dbt_weekly is 23804","logger":"cosmos.dbt.graph","filename":"graph.py","lineno":886}
{"timestamp":"2026-08-29T09:27:06.007164Z","level":"info","event":"Cosmos performance: Cache hit for cosmos_cache__verdanta_weekly__dbt_weekly - 39a8c4b6e19a7b5e14cfea47af7dbd90,1ae01f5b93cde0ad1f6d9482f1b54abd","logger":"cosmos.dbt.graph","filename":"graph.py","lineno":898}
{"timestamp":"2026-08-29T09:27:06.007327Z","level":"info","event":"Total nodes: 27","logger":"cosmos.dbt.graph","filename":"graph.py","lineno":799}
{"timestamp":"2026-08-29T09:27:06.007398Z","level":"info","event":"Total filtered nodes: 27","logger":"cosmos.dbt.graph","filename":"graph.py","lineno":800}
{"timestamp":"2026-08-29T09:27:06.007465Z","level":"info","event":"Cosmos performance (verdanta_weekly__dbt_weekly) - [38dba2c61c19|772]: It took 0.147s to parse the dbt project for DAG using LoadMode.DBT_LS_CACHE","logger":"cosmos.converter","filename":"converter.py","lineno":371}
{"timestamp":"2026-08-29T09:27:06.032159Z","level":"info","event":"Cosmos performance (verdanta_weekly__dbt_weekly) - [38dba2c61c19|772]: It took 0.0246s to build the Airflow DAG.","logger":"cosmos.converter","filename":"converter.py","lineno":423}
{"timestamp":"2026-08-29T09:27:06.032324Z","level":"info","event":"::endgroup::Cosmos DAG parsing logs","logger":"cosmos.converter","filename":"converter.py","lineno":430}
{"timestamp":"2026-08-29T09:27:06.032908Z","level":"warning","event":"Using Variable.get from `airflow.models` is deprecated.Please use `get` on Variable from sdk(`airflow.sdk.Variable`) instead","category":"UserWarning","filename":"/home/airflow/.local/lib/python3.13/site-packages/airflow/models/variable.py","lineno":158,"logger":"py.warnings"}
{"timestamp":"2026-08-29T09:27:36.204422Z","level":"info","event":"Filling up the DagBag from /opt/airflow/dags/verdanta_weekly.py","logger":"airflow.dag_processing.dagbag.BundleDagBag","filename":"dagbag.py","lineno":469}
{"timestamp":"2026-08-29T09:27:36.422352Z","level":"info","event":"::group::Cosmos DAG parsing logs","logger":"cosmos.converter","filename":"converter.py","lineno":321}
{"timestamp":"2026-08-29T09:27:36.425607Z","level":"info","event":"Cosmos cache dir resolved to /tmp/cosmos/verdanta_weekly__dbt_weekly","logger":"cosmos.converter","filename":"converter.py","lineno":346}
{"timestamp":"2026-08-29T09:27:36.425847Z","level":"info","event":"Trying to parse the dbt project using dbt ls cache cosmos_cache__verdanta_weekly__dbt_weekly...","logger":"cosmos.dbt.graph","filename":"graph.py","lineno":869}
{"timestamp":"2026-08-29T09:27:36.579153Z","level":"info","event":"Cosmos performance: time to calculate cache identifier cosmos_cache__verdanta_weekly__dbt_weekly for current version: 0.13498374200025864","logger":"cosmos.cache","filename":"cache.py","lineno":401}
{"timestamp":"2026-08-29T09:27:36.579334Z","level":"info","event":"Cosmos performance [38dba2c61c19|789]: The cache size for cosmos_cache__verdanta_weekly__dbt_weekly is 23804","logger":"cosmos.dbt.graph","filename":"graph.py","lineno":886}
{"timestamp":"2026-08-29T09:27:36.580155Z","level":"info","event":"Cosmos performance: Cache hit for cosmos_cache__verdanta_weekly__dbt_weekly - 39a8c4b6e19a7b5e14cfea47af7dbd90,1ae01f5b93cde0ad1f6d9482f1b54abd","logger":"cosmos.dbt.graph","filename":"graph.py","lineno":898}
{"timestamp":"2026-08-29T09:27:36.580274Z","level":"info","event":"Total nodes: 27","logger":"cosmos.dbt.graph","filename":"graph.py","lineno":799}
{"timestamp":"2026-08-29T09:27:36.580334Z","level":"info","event":"Total filtered nodes: 27","logger":"cosmos.dbt.graph","filename":"graph.py","lineno":800}
{"timestamp":"2026-08-29T09:27:36.580400Z","level":"info","event":"Cosmos performance (verdanta_weekly__dbt_weekly) - [38dba2c61c19|789]: It took 0.155s to parse the dbt project for DAG using LoadMode.DBT_LS_CACHE","logger":"cosmos.converter","filename":"converter.py","lineno":371}
{"timestamp":"2026-08-29T09:27:36.606860Z","level":"info","event":"Cosmos performance (verdanta_weekly__dbt_weekly) - [38dba2c61c19|789]: It took 0.0264s to build the Airflow DAG.","logger":"cosmos.converter","filename":"converter.py","lineno":423}
{"timestamp":"2026-08-29T09:27:36.607026Z","level":"info","event":"::endgroup::Cosmos DAG parsing logs","logger":"cosmos.converter","filename":"converter.py","lineno":430}
{"timestamp":"2026-08-29T09:27:36.607492Z","level":"warning","event":"Using Variable.get from `airflow.models` is deprecated.Please use `get` on Variable from sdk(`airflow.sdk.Variable`) instead","category":"UserWarning","filename":"/home/airflow/.local/lib/python3.13/site-packages/airflow/models/variable.py","lineno":158,"logger":"py.warnings"}
{"timestamp":"2026-08-29T09:28:06.712190Z","level":"info","event":"Filling up the DagBag from /opt/airflow/dags/verdanta_weekly.py","logger":"airflow.dag_processing.dagbag.BundleDagBag","filename":"dagbag.py","lineno":469}
{"timestamp":"2026-08-29T09:28:06.777595Z","level":"info","event":"::group::Cosmos DAG parsing logs","logger":"cosmos.converter","filename":"converter.py","lineno":321}
{"timestamp":"2026-08-29T09:28:06.780855Z","level":"info","event":"Cosmos cache dir resolved to /tmp/cosmos/verdanta_weekly__dbt_weekly","logger":"cosmos.converter","filename":"converter.py","lineno":346}
{"timestamp":"2026-08-29T09:28:06.781053Z","level":"info","event":"Trying to parse the dbt project using dbt ls cache cosmos_cache__verdanta_weekly__dbt_weekly...","logger":"cosmos.dbt.graph","filename":"graph.py","lineno":869}
{"timestamp":"2026-08-29T09:28:06.922454Z","level":"info","event":"Cosmos performance: time to calculate cache identifier cosmos_cache__verdanta_weekly__dbt_weekly for current version: 0.12521941200066067","logger":"cosmos.cache","filename":"cache.py","lineno":401}
{"timestamp":"2026-08-29T09:28:06.922703Z","level":"info","event":"Cosmos performance [38dba2c61c19|823]: The cache size for cosmos_cache__verdanta_weekly__dbt_weekly is 23804","logger":"cosmos.dbt.graph","filename":"graph.py","lineno":886}
{"timestamp":"2026-08-29T09:28:06.923619Z","level":"info","event":"Cosmos performance: Cache hit for cosmos_cache__verdanta_weekly__dbt_weekly - 39a8c4b6e19a7b5e14cfea47af7dbd90,1ae01f5b93cde0ad1f6d9482f1b54abd","logger":"cosmos.dbt.graph","filename":"graph.py","lineno":898}
{"timestamp":"2026-08-29T09:28:06.923748Z","level":"info","event":"Total nodes: 27","logger":"cosmos.dbt.graph","filename":"graph.py","lineno":799}
{"timestamp":"2026-08-29T09:28:06.923810Z","level":"info","event":"Total filtered nodes: 27","logger":"cosmos.dbt.graph","filename":"graph.py","lineno":800}
{"timestamp":"2026-08-29T09:28:06.923884Z","level":"info","event":"Cosmos performance (verdanta_weekly__dbt_weekly) - [38dba2c61c19|823]: It took 0.143s to parse the dbt project for DAG using LoadMode.DBT_LS_CACHE","logger":"cosmos.converter","filename":"converter.py","lineno":371}
{"timestamp":"2026-08-29T09:28:06.948835Z","level":"info","event":"Cosmos performance (verdanta_weekly__dbt_weekly) - [38dba2c61c19|823]: It took 0.0249s to build the Airflow DAG.","logger":"cosmos.converter","filename":"converter.py","lineno":423}
{"timestamp":"2026-08-29T09:28:06.949005Z","level":"info","event":"::endgroup::Cosmos DAG parsing logs","logger":"cosmos.converter","filename":"converter.py","lineno":430}
{"timestamp":"2026-08-29T09:28:06.949641Z","level":"warning","event":"Using Variable.get from `airflow.models` is deprecated.Please use `get` on Variable from sdk(`airflow.sdk.Variable`) instead","category":"UserWarning","filename":"/home/airflow/.local/lib/python3.13/site-packages/airflow/models/variable.py","lineno":158,"logger":"py.warnings"}
{"timestamp":"2026-08-29T09:28:37.846701Z","level":"info","event":"Filling up the DagBag from /opt/airflow/dags/verdanta_weekly.py","logger":"airflow.dag_processing.dagbag.BundleDagBag","filename":"dagbag.py","lineno":469}
{"timestamp":"2026-08-29T09:28:37.915382Z","level":"info","event":"::group::Cosmos DAG parsing logs","logger":"cosmos.converter","filename":"converter.py","lineno":321}
{"timestamp":"2026-08-29T09:28:37.919390Z","level":"info","event":"Cosmos cache dir resolved to /tmp/cosmos/verdanta_weekly__dbt_weekly","logger":"cosmos.converter","filename":"converter.py","lineno":346}
{"timestamp":"2026-08-29T09:28:37.919701Z","level":"info","event":"Trying to parse the dbt project using dbt ls cache cosmos_cache__verdanta_weekly__dbt_weekly...","logger":"cosmos.dbt.graph","filename":"graph.py","lineno":869}
{"timestamp":"2026-08-29T09:28:38.066418Z","level":"info","event":"Cosmos performance: time to calculate cache identifier cosmos_cache__verdanta_weekly__dbt_weekly for current version: 0.13051680099943042","logger":"cosmos.cache","filename":"cache.py","lineno":401}
{"timestamp":"2026-08-29T09:28:38.066690Z","level":"info","event":"Cosmos performance [38dba2c61c19|859]: The cache size for cosmos_cache__verdanta_weekly__dbt_weekly is 23804","logger":"cosmos.dbt.graph","filename":"graph.py","lineno":886}
{"timestamp":"2026-08-29T09:28:38.067709Z","level":"info","event":"Cosmos performance: Cache hit for cosmos_cache__verdanta_weekly__dbt_weekly - 39a8c4b6e19a7b5e14cfea47af7dbd90,1ae01f5b93cde0ad1f6d9482f1b54abd","logger":"cosmos.dbt.graph","filename":"graph.py","lineno":898}
{"timestamp":"2026-08-29T09:28:38.067847Z","level":"info","event":"Total nodes: 27","logger":"cosmos.dbt.graph","filename":"graph.py","lineno":799}
{"timestamp":"2026-08-29T09:28:38.067905Z","level":"info","event":"Total filtered nodes: 27","logger":"cosmos.dbt.graph","filename":"graph.py","lineno":800}
{"timestamp":"2026-08-29T09:28:38.068006Z","level":"info","event":"Cosmos performance (verdanta_weekly__dbt_weekly) - [38dba2c61c19|859]: It took 0.148s to parse the dbt project for DAG using LoadMode.DBT_LS_CACHE","logger":"cosmos.converter","filename":"converter.py","lineno":371}
{"timestamp":"2026-08-29T09:28:38.094414Z","level":"info","event":"Cosmos performance (verdanta_weekly__dbt_weekly) - [38dba2c61c19|859]: It took 0.0264s to build the Airflow DAG.","logger":"cosmos.converter","filename":"converter.py","lineno":423}
{"timestamp":"2026-08-29T09:28:38.094613Z","level":"info","event":"::endgroup::Cosmos DAG parsing logs","logger":"cosmos.converter","filename":"converter.py","lineno":430}
{"timestamp":"2026-08-29T09:28:38.095056Z","level":"warning","event":"Using Variable.get from `airflow.models` is deprecated.Please use `get` on Variable from sdk(`airflow.sdk.Variable`) instead","category":"UserWarning","filename":"/home/airflow/.local/lib/python3.13/site-packages/airflow/models/variable.py","lineno":158,"logger":"py.warnings"}
{"timestamp":"2026-08-29T09:29:08.357876Z","level":"info","event":"Filling up the DagBag from /opt/airflow/dags/verdanta_weekly.py","logger":"airflow.dag_processing.dagbag.BundleDagBag","filename":"dagbag.py","lineno":469}
{"timestamp":"2026-08-29T09:29:08.425930Z","level":"info","event":"::group::Cosmos DAG parsing logs","logger":"cosmos.converter","filename":"converter.py","lineno":321}
{"timestamp":"2026-08-29T09:29:08.429520Z","level":"info","event":"Cosmos cache dir resolved to /tmp/cosmos/verdanta_weekly__dbt_weekly","logger":"cosmos.converter","filename":"converter.py","lineno":346}
{"timestamp":"2026-08-29T09:29:08.429758Z","level":"info","event":"Trying to parse the dbt project using dbt ls cache cosmos_cache__verdanta_weekly__dbt_weekly...","logger":"cosmos.dbt.graph","filename":"graph.py","lineno":869}
{"timestamp":"2026-08-29T09:29:08.574350Z","level":"info","event":"Cosmos performance: time to calculate cache identifier cosmos_cache__verdanta_weekly__dbt_weekly for current version: 0.12595630799933133","logger":"cosmos.cache","filename":"cache.py","lineno":401}
{"timestamp":"2026-08-29T09:29:08.574615Z","level":"info","event":"Cosmos performance [38dba2c61c19|895]: The cache size for cosmos_cache__verdanta_weekly__dbt_weekly is 23804","logger":"cosmos.dbt.graph","filename":"graph.py","lineno":886}
{"timestamp":"2026-08-29T09:29:08.575594Z","level":"info","event":"Cosmos performance: Cache hit for cosmos_cache__verdanta_weekly__dbt_weekly - 39a8c4b6e19a7b5e14cfea47af7dbd90,1ae01f5b93cde0ad1f6d9482f1b54abd","logger":"cosmos.dbt.graph","filename":"graph.py","lineno":898}
{"timestamp":"2026-08-29T09:29:08.575766Z","level":"info","event":"Total nodes: 27","logger":"cosmos.dbt.graph","filename":"graph.py","lineno":799}
{"timestamp":"2026-08-29T09:29:08.575884Z","level":"info","event":"Total filtered nodes: 27","logger":"cosmos.dbt.graph","filename":"graph.py","lineno":800}
{"timestamp":"2026-08-29T09:29:08.575969Z","level":"info","event":"Cosmos performance (verdanta_weekly__dbt_weekly) - [38dba2c61c19|895]: It took 0.146s to parse the dbt project for DAG using LoadMode.DBT_LS_CACHE","logger":"cosmos.converter","filename":"converter.py","lineno":371}
{"timestamp":"2026-08-29T09:29:08.602605Z","level":"info","event":"Cosmos performance (verdanta_weekly__dbt_weekly) - [38dba2c61c19|895]: It took 0.0266s to build the Airflow DAG.","logger":"cosmos.converter","filename":"converter.py","lineno":423}
{"timestamp":"2026-08-29T09:29:08.602836Z","level":"info","event":"::endgroup::Cosmos DAG parsing logs","logger":"cosmos.converter","filename":"converter.py","lineno":430}
{"timestamp":"2026-08-29T09:29:08.603633Z","level":"warning","event":"Using Variable.get from `airflow.models` is deprecated.Please use `get` on Variable from sdk(`airflow.sdk.Variable`) instead","category":"UserWarning","filename":"/home/airflow/.local/lib/python3.13/site-packages/airflow/models/variable.py","lineno":158,"logger":"py.warnings"}
{"timestamp":"2026-08-29T09:29:39.359082Z","level":"info","event":"Filling up the DagBag from /opt/airflow/dags/verdanta_weekly.py","logger":"airflow.dag_processing.dagbag.BundleDagBag","filename":"dagbag.py","lineno":469}
{"timestamp":"2026-08-29T09:29:39.438717Z","level":"info","event":"::group::Cosmos DAG parsing logs","logger":"cosmos.converter","filename":"converter.py","lineno":321}
{"timestamp":"2026-08-29T09:29:39.442285Z","level":"info","event":"Cosmos cache dir resolved to /tmp/cosmos/verdanta_weekly__dbt_weekly","logger":"cosmos.converter","filename":"converter.py","lineno":346}
{"timestamp":"2026-08-29T09:29:39.442504Z","level":"info","event":"Trying to parse the dbt project using dbt ls cache cosmos_cache__verdanta_weekly__dbt_weekly...","logger":"cosmos.dbt.graph","filename":"graph.py","lineno":869}
{"timestamp":"2026-08-29T09:29:39.590724Z","level":"info","event":"Cosmos performance: time to calculate cache identifier cosmos_cache__verdanta_weekly__dbt_weekly for current version: 0.13136318000033498","logger":"cosmos.cache","filename":"cache.py","lineno":401}
{"timestamp":"2026-08-29T09:29:39.590971Z","level":"info","event":"Cosmos performance [38dba2c61c19|931]: The cache size for cosmos_cache__verdanta_weekly__dbt_weekly is 23804","logger":"cosmos.dbt.graph","filename":"graph.py","lineno":886}
{"timestamp":"2026-08-29T09:29:39.592026Z","level":"info","event":"Cosmos performance: Cache hit for cosmos_cache__verdanta_weekly__dbt_weekly - 39a8c4b6e19a7b5e14cfea47af7dbd90,1ae01f5b93cde0ad1f6d9482f1b54abd","logger":"cosmos.dbt.graph","filename":"graph.py","lineno":898}
{"timestamp":"2026-08-29T09:29:39.592157Z","level":"info","event":"Total nodes: 27","logger":"cosmos.dbt.graph","filename":"graph.py","lineno":799}
{"timestamp":"2026-08-29T09:29:39.592217Z","level":"info","event":"Total filtered nodes: 27","logger":"cosmos.dbt.graph","filename":"graph.py","lineno":800}
{"timestamp":"2026-08-29T09:29:39.592286Z","level":"info","event":"Cosmos performance (verdanta_weekly__dbt_weekly) - [38dba2c61c19|931]: It took 0.15s to parse the dbt project for DAG using LoadMode.DBT_LS_CACHE","logger":"cosmos.converter","filename":"converter.py","lineno":371}
{"timestamp":"2026-08-29T09:29:39.617685Z","level":"info","event":"Cosmos performance (verdanta_weekly__dbt_weekly) - [38dba2c61c19|931]: It took 0.0253s to build the Airflow DAG.","logger":"cosmos.converter","filename":"converter.py","lineno":423}
{"timestamp":"2026-08-29T09:29:39.617883Z","level":"info","event":"::endgroup::Cosmos DAG parsing logs","logger":"cosmos.converter","filename":"converter.py","lineno":430}
{"timestamp":"2026-08-29T09:29:39.618390Z","level":"warning","event":"Using Variable.get from `airflow.models` is deprecated.Please use `get` on Variable from sdk(`airflow.sdk.Variable`) instead","category":"UserWarning","filename":"/home/airflow/.local/lib/python3.13/site-packages/airflow/models/variable.py","lineno":158,"logger":"py.warnings"}
{"timestamp":"2026-08-29T09:30:10.085075Z","level":"info","event":"Filling up the DagBag from /opt/airflow/dags/verdanta_weekly.py","logger":"airflow.dag_processing.dagbag.BundleDagBag","filename":"dagbag.py","lineno":469}
{"timestamp":"2026-08-29T09:30:10.155426Z","level":"info","event":"::group::Cosmos DAG parsing logs","logger":"cosmos.converter","filename":"converter.py","lineno":321}
{"timestamp":"2026-08-29T09:30:10.158817Z","level":"info","event":"Cosmos cache dir resolved to /tmp/cosmos/verdanta_weekly__dbt_weekly","logger":"cosmos.converter","filename":"converter.py","lineno":346}
{"timestamp":"2026-08-29T09:30:10.159050Z","level":"info","event":"Trying to parse the dbt project using dbt ls cache cosmos_cache__verdanta_weekly__dbt_weekly...","logger":"cosmos.dbt.graph","filename":"graph.py","lineno":869}
{"timestamp":"2026-08-29T09:30:10.310420Z","level":"info","event":"Cosmos performance: time to calculate cache identifier cosmos_cache__verdanta_weekly__dbt_weekly for current version: 0.13368391299991345","logger":"cosmos.cache","filename":"cache.py","lineno":401}
{"timestamp":"2026-08-29T09:30:10.310651Z","level":"info","event":"Cosmos performance [38dba2c61c19|948]: The cache size for cosmos_cache__verdanta_weekly__dbt_weekly is 23804","logger":"cosmos.dbt.graph","filename":"graph.py","lineno":886}
{"timestamp":"2026-08-29T09:30:10.311509Z","level":"info","event":"Cosmos performance: Cache hit for cosmos_cache__verdanta_weekly__dbt_weekly - 39a8c4b6e19a7b5e14cfea47af7dbd90,1ae01f5b93cde0ad1f6d9482f1b54abd","logger":"cosmos.dbt.graph","filename":"graph.py","lineno":898}
{"timestamp":"2026-08-29T09:30:10.311631Z","level":"info","event":"Total nodes: 27","logger":"cosmos.dbt.graph","filename":"graph.py","lineno":799}
{"timestamp":"2026-08-29T09:30:10.311751Z","level":"info","event":"Total filtered nodes: 27","logger":"cosmos.dbt.graph","filename":"graph.py","lineno":800}
{"timestamp":"2026-08-29T09:30:10.311828Z","level":"info","event":"Cosmos performance (verdanta_weekly__dbt_weekly) - [38dba2c61c19|948]: It took 0.153s to parse the dbt project for DAG using LoadMode.DBT_LS_CACHE","logger":"cosmos.converter","filename":"converter.py","lineno":371}
{"timestamp":"2026-08-29T09:30:10.339183Z","level":"info","event":"Cosmos performance (verdanta_weekly__dbt_weekly) - [38dba2c61c19|948]: It took 0.0273s to build the Airflow DAG.","logger":"cosmos.converter","filename":"converter.py","lineno":423}
{"timestamp":"2026-08-29T09:30:10.339357Z","level":"info","event":"::endgroup::Cosmos DAG parsing logs","logger":"cosmos.converter","filename":"converter.py","lineno":430}
{"timestamp":"2026-08-29T09:30:10.339900Z","level":"warning","event":"Using Variable.get from `airflow.models` is deprecated.Please use `get` on Variable from sdk(`airflow.sdk.Variable`) instead","category":"UserWarning","filename":"/home/airflow/.local/lib/python3.13/site-packages/airflow/models/variable.py","lineno":158,"logger":"py.warnings"}
{"timestamp":"2026-08-29T09:30:40.981444Z","level":"info","event":"Filling up the DagBag from /opt/airflow/dags/verdanta_weekly.py","logger":"airflow.dag_processing.dagbag.BundleDagBag","filename":"dagbag.py","lineno":469}
{"timestamp":"2026-08-29T09:30:41.051171Z","level":"info","event":"::group::Cosmos DAG parsing logs","logger":"cosmos.converter","filename":"converter.py","lineno":321}
{"timestamp":"2026-08-29T09:30:41.057358Z","level":"info","event":"Cosmos cache dir resolved to /tmp/cosmos/verdanta_weekly__dbt_weekly","logger":"cosmos.converter","filename":"converter.py","lineno":346}
{"timestamp":"2026-08-29T09:30:41.057586Z","level":"info","event":"Trying to parse the dbt project using dbt ls cache cosmos_cache__verdanta_weekly__dbt_weekly...","logger":"cosmos.dbt.graph","filename":"graph.py","lineno":869}
{"timestamp":"2026-08-29T09:30:41.198249Z","level":"info","event":"Cosmos performance: time to calculate cache identifier cosmos_cache__verdanta_weekly__dbt_weekly for current version: 0.12759413299954758","logger":"cosmos.cache","filename":"cache.py","lineno":401}
{"timestamp":"2026-08-29T09:30:41.198554Z","level":"info","event":"Cosmos performance [38dba2c61c19|973]: The cache size for cosmos_cache__verdanta_weekly__dbt_weekly is 23804","logger":"cosmos.dbt.graph","filename":"graph.py","lineno":886}
{"timestamp":"2026-08-29T09:30:41.199452Z","level":"info","event":"Cosmos performance: Cache hit for cosmos_cache__verdanta_weekly__dbt_weekly - 39a8c4b6e19a7b5e14cfea47af7dbd90,1ae01f5b93cde0ad1f6d9482f1b54abd","logger":"cosmos.dbt.graph","filename":"graph.py","lineno":898}
{"timestamp":"2026-08-29T09:30:41.199606Z","level":"info","event":"Total nodes: 27","logger":"cosmos.dbt.graph","filename":"graph.py","lineno":799}
{"timestamp":"2026-08-29T09:30:41.199680Z","level":"info","event":"Total filtered nodes: 27","logger":"cosmos.dbt.graph","filename":"graph.py","lineno":800}
{"timestamp":"2026-08-29T09:30:41.199750Z","level":"info","event":"Cosmos performance (verdanta_weekly__dbt_weekly) - [38dba2c61c19|973]: It took 0.142s to parse the dbt project for DAG using LoadMode.DBT_LS_CACHE","logger":"cosmos.converter","filename":"converter.py","lineno":371}
{"timestamp":"2026-08-29T09:30:41.223654Z","level":"info","event":"Cosmos performance (verdanta_weekly__dbt_weekly) - [38dba2c61c19|973]: It took 0.0239s to build the Airflow DAG.","logger":"cosmos.converter","filename":"converter.py","lineno":423}
{"timestamp":"2026-08-29T09:30:41.223810Z","level":"info","event":"::endgroup::Cosmos DAG parsing logs","logger":"cosmos.converter","filename":"converter.py","lineno":430}
{"timestamp":"2026-08-29T09:30:41.224255Z","level":"warning","event":"Using Variable.get from `airflow.models` is deprecated.Please use `get` on Variable from sdk(`airflow.sdk.Variable`) instead","category":"UserWarning","filename":"/home/airflow/.local/lib/python3.13/site-packages/airflow/models/variable.py","lineno":158,"logger":"py.warnings"}
{"timestamp":"2026-08-29T09:31:12.105063Z","level":"info","event":"Filling up the DagBag from /opt/airflow/dags/verdanta_weekly.py","logger":"airflow.dag_processing.dagbag.BundleDagBag","filename":"dagbag.py","lineno":469}
{"timestamp":"2026-08-29T09:31:12.175840Z","level":"info","event":"::group::Cosmos DAG parsing logs","logger":"cosmos.converter","filename":"converter.py","lineno":321}
{"timestamp":"2026-08-29T09:31:12.178965Z","level":"info","event":"Cosmos cache dir resolved to /tmp/cosmos/verdanta_weekly__dbt_weekly","logger":"cosmos.converter","filename":"converter.py","lineno":346}
{"timestamp":"2026-08-29T09:31:12.179175Z","level":"info","event":"Trying to parse the dbt project using dbt ls cache cosmos_cache__verdanta_weekly__dbt_weekly...","logger":"cosmos.dbt.graph","filename":"graph.py","lineno":869}
{"timestamp":"2026-08-29T09:31:12.328243Z","level":"info","event":"Cosmos performance: time to calculate cache identifier cosmos_cache__verdanta_weekly__dbt_weekly for current version: 0.13303487800021685","logger":"cosmos.cache","filename":"cache.py","lineno":401}
{"timestamp":"2026-08-29T09:31:12.328475Z","level":"info","event":"Cosmos performance [38dba2c61c19|1009]: The cache size for cosmos_cache__verdanta_weekly__dbt_weekly is 23804","logger":"cosmos.dbt.graph","filename":"graph.py","lineno":886}
{"timestamp":"2026-08-29T09:31:12.329467Z","level":"info","event":"Cosmos performance: Cache hit for cosmos_cache__verdanta_weekly__dbt_weekly - 39a8c4b6e19a7b5e14cfea47af7dbd90,1ae01f5b93cde0ad1f6d9482f1b54abd","logger":"cosmos.dbt.graph","filename":"graph.py","lineno":898}
{"timestamp":"2026-08-29T09:31:12.329603Z","level":"info","event":"Total nodes: 27","logger":"cosmos.dbt.graph","filename":"graph.py","lineno":799}
{"timestamp":"2026-08-29T09:31:12.329714Z","level":"info","event":"Total filtered nodes: 27","logger":"cosmos.dbt.graph","filename":"graph.py","lineno":800}
{"timestamp":"2026-08-29T09:31:12.329791Z","level":"info","event":"Cosmos performance (verdanta_weekly__dbt_weekly) - [38dba2c61c19|1009]: It took 0.151s to parse the dbt project for DAG using LoadMode.DBT_LS_CACHE","logger":"cosmos.converter","filename":"converter.py","lineno":371}
{"timestamp":"2026-08-29T09:31:12.354248Z","level":"info","event":"Cosmos performance (verdanta_weekly__dbt_weekly) - [38dba2c61c19|1009]: It took 0.0244s to build the Airflow DAG.","logger":"cosmos.converter","filename":"converter.py","lineno":423}
{"timestamp":"2026-08-29T09:31:12.354411Z","level":"info","event":"::endgroup::Cosmos DAG parsing logs","logger":"cosmos.converter","filename":"converter.py","lineno":430}
{"timestamp":"2026-08-29T09:31:12.354957Z","level":"warning","event":"Using Variable.get from `airflow.models` is deprecated.Please use `get` on Variable from sdk(`airflow.sdk.Variable`) instead","category":"UserWarning","filename":"/home/airflow/.local/lib/python3.13/site-packages/airflow/models/variable.py","lineno":158,"logger":"py.warnings"}
{"timestamp":"2026-08-29T09:31:43.199258Z","level":"info","event":"Filling up the DagBag from /opt/airflow/dags/verdanta_weekly.py","logger":"airflow.dag_processing.dagbag.BundleDagBag","filename":"dagbag.py","lineno":469}
{"timestamp":"2026-08-29T09:31:43.269560Z","level":"info","event":"::group::Cosmos DAG parsing logs","logger":"cosmos.converter","filename":"converter.py","lineno":321}
{"timestamp":"2026-08-29T09:31:43.273465Z","level":"info","event":"Cosmos cache dir resolved to /tmp/cosmos/verdanta_weekly__dbt_weekly","logger":"cosmos.converter","filename":"converter.py","lineno":346}
{"timestamp":"2026-08-29T09:31:43.273703Z","level":"info","event":"Trying to parse the dbt project using dbt ls cache cosmos_cache__verdanta_weekly__dbt_weekly...","logger":"cosmos.dbt.graph","filename":"graph.py","lineno":869}
{"timestamp":"2026-08-29T09:31:43.419374Z","level":"info","event":"Cosmos performance: time to calculate cache identifier cosmos_cache__verdanta_weekly__dbt_weekly for current version: 0.12969503600015742","logger":"cosmos.cache","filename":"cache.py","lineno":401}
{"timestamp":"2026-08-29T09:31:43.419595Z","level":"info","event":"Cosmos performance [38dba2c61c19|1045]: The cache size for cosmos_cache__verdanta_weekly__dbt_weekly is 23804","logger":"cosmos.dbt.graph","filename":"graph.py","lineno":886}
{"timestamp":"2026-08-29T09:31:43.420488Z","level":"info","event":"Cosmos performance: Cache hit for cosmos_cache__verdanta_weekly__dbt_weekly - 39a8c4b6e19a7b5e14cfea47af7dbd90,1ae01f5b93cde0ad1f6d9482f1b54abd","logger":"cosmos.dbt.graph","filename":"graph.py","lineno":898}
{"timestamp":"2026-08-29T09:31:43.420610Z","level":"info","event":"Total nodes: 27","logger":"cosmos.dbt.graph","filename":"graph.py","lineno":799}
{"timestamp":"2026-08-29T09:31:43.420668Z","level":"info","event":"Total filtered nodes: 27","logger":"cosmos.dbt.graph","filename":"graph.py","lineno":800}
{"timestamp":"2026-08-29T09:31:43.420734Z","level":"info","event":"Cosmos performance (verdanta_weekly__dbt_weekly) - [38dba2c61c19|1045]: It took 0.147s to parse the dbt project for DAG using LoadMode.DBT_LS_CACHE","logger":"cosmos.converter","filename":"converter.py","lineno":371}
{"timestamp":"2026-08-29T09:31:43.446152Z","level":"info","event":"Cosmos performance (verdanta_weekly__dbt_weekly) - [38dba2c61c19|1045]: It took 0.0254s to build the Airflow DAG.","logger":"cosmos.converter","filename":"converter.py","lineno":423}
{"timestamp":"2026-08-29T09:31:43.446323Z","level":"info","event":"::endgroup::Cosmos DAG parsing logs","logger":"cosmos.converter","filename":"converter.py","lineno":430}
{"timestamp":"2026-08-29T09:31:43.446865Z","level":"warning","event":"Using Variable.get from `airflow.models` is deprecated.Please use `get` on Variable from sdk(`airflow.sdk.Variable`) instead","category":"UserWarning","filename":"/home/airflow/.local/lib/python3.13/site-packages/airflow/models/variable.py","lineno":158,"logger":"py.warnings"}
{"timestamp":"2026-08-29T09:32:14.218755Z","level":"info","event":"Filling up the DagBag from /opt/airflow/dags/verdanta_weekly.py","logger":"airflow.dag_processing.dagbag.BundleDagBag","filename":"dagbag.py","lineno":469}
{"timestamp":"2026-08-29T09:32:14.288145Z","level":"info","event":"::group::Cosmos DAG parsing logs","logger":"cosmos.converter","filename":"converter.py","lineno":321}
{"timestamp":"2026-08-29T09:32:14.291513Z","level":"info","event":"Cosmos cache dir resolved to /tmp/cosmos/verdanta_weekly__dbt_weekly","logger":"cosmos.converter","filename":"converter.py","lineno":346}
{"timestamp":"2026-08-29T09:32:14.291752Z","level":"info","event":"Trying to parse the dbt project using dbt ls cache cosmos_cache__verdanta_weekly__dbt_weekly...","logger":"cosmos.dbt.graph","filename":"graph.py","lineno":869}
{"timestamp":"2026-08-29T09:32:14.432402Z","level":"info","event":"Cosmos performance: time to calculate cache identifier cosmos_cache__verdanta_weekly__dbt_weekly for current version: 0.12477239399959217","logger":"cosmos.cache","filename":"cache.py","lineno":401}
{"timestamp":"2026-08-29T09:32:14.432702Z","level":"info","event":"Cosmos performance [38dba2c61c19|1081]: The cache size for cosmos_cache__verdanta_weekly__dbt_weekly is 23804","logger":"cosmos.dbt.graph","filename":"graph.py","lineno":886}
{"timestamp":"2026-08-29T09:32:14.433689Z","level":"info","event":"Cosmos performance: Cache hit for cosmos_cache__verdanta_weekly__dbt_weekly - 39a8c4b6e19a7b5e14cfea47af7dbd90,1ae01f5b93cde0ad1f6d9482f1b54abd","logger":"cosmos.dbt.graph","filename":"graph.py","lineno":898}
{"timestamp":"2026-08-29T09:32:14.433825Z","level":"info","event":"Total nodes: 27","logger":"cosmos.dbt.graph","filename":"graph.py","lineno":799}
{"timestamp":"2026-08-29T09:32:14.433889Z","level":"info","event":"Total filtered nodes: 27","logger":"cosmos.dbt.graph","filename":"graph.py","lineno":800}
{"timestamp":"2026-08-29T09:32:14.433983Z","level":"info","event":"Cosmos performance (verdanta_weekly__dbt_weekly) - [38dba2c61c19|1081]: It took 0.142s to parse the dbt project for DAG using LoadMode.DBT_LS_CACHE","logger":"cosmos.converter","filename":"converter.py","lineno":371}
{"timestamp":"2026-08-29T09:32:14.458760Z","level":"info","event":"Cosmos performance (verdanta_weekly__dbt_weekly) - [38dba2c61c19|1081]: It took 0.0248s to build the Airflow DAG.","logger":"cosmos.converter","filename":"converter.py","lineno":423}
{"timestamp":"2026-08-29T09:32:14.458922Z","level":"info","event":"::endgroup::Cosmos DAG parsing logs","logger":"cosmos.converter","filename":"converter.py","lineno":430}
{"timestamp":"2026-08-29T09:32:14.459523Z","level":"warning","event":"Using Variable.get from `airflow.models` is deprecated.Please use `get` on Variable from sdk(`airflow.sdk.Variable`) instead","category":"UserWarning","filename":"/home/airflow/.local/lib/python3.13/site-packages/airflow/models/variable.py","lineno":158,"logger":"py.warnings"}
{"timestamp":"2026-08-29T09:32:44.564541Z","level":"info","event":"Filling up the DagBag from /opt/airflow/dags/verdanta_weekly.py","logger":"airflow.dag_processing.dagbag.BundleDagBag","filename":"dagbag.py","lineno":469}
{"timestamp":"2026-08-29T09:32:44.639383Z","level":"info","event":"::group::Cosmos DAG parsing logs","logger":"cosmos.converter","filename":"converter.py","lineno":321}
{"timestamp":"2026-08-29T09:32:44.642775Z","level":"info","event":"Cosmos cache dir resolved to /tmp/cosmos/verdanta_weekly__dbt_weekly","logger":"cosmos.converter","filename":"converter.py","lineno":346}
{"timestamp":"2026-08-29T09:32:44.642985Z","level":"info","event":"Trying to parse the dbt project using dbt ls cache cosmos_cache__verdanta_weekly__dbt_weekly...","logger":"cosmos.dbt.graph","filename":"graph.py","lineno":869}
{"timestamp":"2026-08-29T09:32:44.779762Z","level":"info","event":"Cosmos performance: time to calculate cache identifier cosmos_cache__verdanta_weekly__dbt_weekly for current version: 0.12097191600059887","logger":"cosmos.cache","filename":"cache.py","lineno":401}
{"timestamp":"2026-08-29T09:32:44.780032Z","level":"info","event":"Cosmos performance [38dba2c61c19|1116]: The cache size for cosmos_cache__verdanta_weekly__dbt_weekly is 23804","logger":"cosmos.dbt.graph","filename":"graph.py","lineno":886}
{"timestamp":"2026-08-29T09:32:44.781135Z","level":"info","event":"Cosmos performance: Cache hit for cosmos_cache__verdanta_weekly__dbt_weekly - 39a8c4b6e19a7b5e14cfea47af7dbd90,1ae01f5b93cde0ad1f6d9482f1b54abd","logger":"cosmos.dbt.graph","filename":"graph.py","lineno":898}
{"timestamp":"2026-08-29T09:32:44.781383Z","level":"info","event":"Total nodes: 27","logger":"cosmos.dbt.graph","filename":"graph.py","lineno":799}
{"timestamp":"2026-08-29T09:32:44.781526Z","level":"info","event":"Total filtered nodes: 27","logger":"cosmos.dbt.graph","filename":"graph.py","lineno":800}
{"timestamp":"2026-08-29T09:32:44.781660Z","level":"info","event":"Cosmos performance (verdanta_weekly__dbt_weekly) - [38dba2c61c19|1116]: It took 0.139s to parse the dbt project for DAG using LoadMode.DBT_LS_CACHE","logger":"cosmos.converter","filename":"converter.py","lineno":371}
{"timestamp":"2026-08-29T09:32:44.809223Z","level":"info","event":"Cosmos performance (verdanta_weekly__dbt_weekly) - [38dba2c61c19|1116]: It took 0.0275s to build the Airflow DAG.","logger":"cosmos.converter","filename":"converter.py","lineno":423}
{"timestamp":"2026-08-29T09:32:44.809390Z","level":"info","event":"::endgroup::Cosmos DAG parsing logs","logger":"cosmos.converter","filename":"converter.py","lineno":430}
{"timestamp":"2026-08-29T09:32:44.810003Z","level":"warning","event":"Using Variable.get from `airflow.models` is deprecated.Please use `get` on Variable from sdk(`airflow.sdk.Variable`) instead","category":"UserWarning","filename":"/home/airflow/.local/lib/python3.13/site-packages/airflow/models/variable.py","lineno":158,"logger":"py.warnings"}
{"timestamp":"2026-08-29T09:33:14.895999Z","level":"info","event":"Filling up the DagBag from /opt/airflow/dags/verdanta_weekly.py","logger":"airflow.dag_processing.dagbag.BundleDagBag","filename":"dagbag.py","lineno":469}
{"timestamp":"2026-08-29T09:33:14.963971Z","level":"info","event":"::group::Cosmos DAG parsing logs","logger":"cosmos.converter","filename":"converter.py","lineno":321}
{"timestamp":"2026-08-29T09:33:14.967534Z","level":"info","event":"Cosmos cache dir resolved to /tmp/cosmos/verdanta_weekly__dbt_weekly","logger":"cosmos.converter","filename":"converter.py","lineno":346}
{"timestamp":"2026-08-29T09:33:14.967755Z","level":"info","event":"Trying to parse the dbt project using dbt ls cache cosmos_cache__verdanta_weekly__dbt_weekly...","logger":"cosmos.dbt.graph","filename":"graph.py","lineno":869}
{"timestamp":"2026-08-29T09:33:15.110399Z","level":"info","event":"Cosmos performance: time to calculate cache identifier cosmos_cache__verdanta_weekly__dbt_weekly for current version: 0.12682940600006987","logger":"cosmos.cache","filename":"cache.py","lineno":401}
{"timestamp":"2026-08-29T09:33:15.110646Z","level":"info","event":"Cosmos performance [38dba2c61c19|1131]: The cache size for cosmos_cache__verdanta_weekly__dbt_weekly is 23804","logger":"cosmos.dbt.graph","filename":"graph.py","lineno":886}
{"timestamp":"2026-08-29T09:33:15.112406Z","level":"info","event":"Cosmos performance: Cache hit for cosmos_cache__verdanta_weekly__dbt_weekly - 39a8c4b6e19a7b5e14cfea47af7dbd90,1ae01f5b93cde0ad1f6d9482f1b54abd","logger":"cosmos.dbt.graph","filename":"graph.py","lineno":898}
{"timestamp":"2026-08-29T09:33:15.112543Z","level":"info","event":"Total nodes: 27","logger":"cosmos.dbt.graph","filename":"graph.py","lineno":799}
{"timestamp":"2026-08-29T09:33:15.112603Z","level":"info","event":"Total filtered nodes: 27","logger":"cosmos.dbt.graph","filename":"graph.py","lineno":800}
{"timestamp":"2026-08-29T09:33:15.112668Z","level":"info","event":"Cosmos performance (verdanta_weekly__dbt_weekly) - [38dba2c61c19|1131]: It took 0.145s to parse the dbt project for DAG using LoadMode.DBT_LS_CACHE","logger":"cosmos.converter","filename":"converter.py","lineno":371}
{"timestamp":"2026-08-29T09:33:15.137797Z","level":"info","event":"Cosmos performance (verdanta_weekly__dbt_weekly) - [38dba2c61c19|1131]: It took 0.0251s to build the Airflow DAG.","logger":"cosmos.converter","filename":"converter.py","lineno":423}
{"timestamp":"2026-08-29T09:33:15.137969Z","level":"info","event":"::endgroup::Cosmos DAG parsing logs","logger":"cosmos.converter","filename":"converter.py","lineno":430}
{"timestamp":"2026-08-29T09:33:15.138418Z","level":"warning","event":"Using Variable.get from `airflow.models` is deprecated.Please use `get` on Variable from sdk(`airflow.sdk.Variable`) instead","category":"UserWarning","filename":"/home/airflow/.local/lib/python3.13/site-packages/airflow/models/variable.py","lineno":158,"logger":"py.warnings"}
{"timestamp":"2026-08-29T09:33:45.761195Z","level":"info","event":"Filling up the DagBag from /opt/airflow/dags/verdanta_weekly.py","logger":"airflow.dag_processing.dagbag.BundleDagBag","filename":"dagbag.py","lineno":469}
{"timestamp":"2026-08-29T09:33:45.829896Z","level":"info","event":"::group::Cosmos DAG parsing logs","logger":"cosmos.converter","filename":"converter.py","lineno":321}
{"timestamp":"2026-08-29T09:33:45.833717Z","level":"info","event":"Cosmos cache dir resolved to /tmp/cosmos/verdanta_weekly__dbt_weekly","logger":"cosmos.converter","filename":"converter.py","lineno":346}
{"timestamp":"2026-08-29T09:33:45.833949Z","level":"info","event":"Trying to parse the dbt project using dbt ls cache cosmos_cache__verdanta_weekly__dbt_weekly...","logger":"cosmos.dbt.graph","filename":"graph.py","lineno":869}
{"timestamp":"2026-08-29T09:33:45.976426Z","level":"info","event":"Cosmos performance: time to calculate cache identifier cosmos_cache__verdanta_weekly__dbt_weekly for current version: 0.12566233799952897","logger":"cosmos.cache","filename":"cache.py","lineno":401}
{"timestamp":"2026-08-29T09:33:45.976667Z","level":"info","event":"Cosmos performance [38dba2c61c19|1167]: The cache size for cosmos_cache__verdanta_weekly__dbt_weekly is 23804","logger":"cosmos.dbt.graph","filename":"graph.py","lineno":886}
{"timestamp":"2026-08-29T09:33:45.977745Z","level":"info","event":"Cosmos performance: Cache hit for cosmos_cache__verdanta_weekly__dbt_weekly - 39a8c4b6e19a7b5e14cfea47af7dbd90,1ae01f5b93cde0ad1f6d9482f1b54abd","logger":"cosmos.dbt.graph","filename":"graph.py","lineno":898}
{"timestamp":"2026-08-29T09:33:45.977903Z","level":"info","event":"Total nodes: 27","logger":"cosmos.dbt.graph","filename":"graph.py","lineno":799}
{"timestamp":"2026-08-29T09:33:45.977968Z","level":"info","event":"Total filtered nodes: 27","logger":"cosmos.dbt.graph","filename":"graph.py","lineno":800}
{"timestamp":"2026-08-29T09:33:45.978074Z","level":"info","event":"Cosmos performance (verdanta_weekly__dbt_weekly) - [38dba2c61c19|1167]: It took 0.144s to parse the dbt project for DAG using LoadMode.DBT_LS_CACHE","logger":"cosmos.converter","filename":"converter.py","lineno":371}
{"timestamp":"2026-08-29T09:33:46.003021Z","level":"info","event":"Cosmos performance (verdanta_weekly__dbt_weekly) - [38dba2c61c19|1167]: It took 0.0249s to build the Airflow DAG.","logger":"cosmos.converter","filename":"converter.py","lineno":423}
{"timestamp":"2026-08-29T09:33:46.003188Z","level":"info","event":"::endgroup::Cosmos DAG parsing logs","logger":"cosmos.converter","filename":"converter.py","lineno":430}
{"timestamp":"2026-08-29T09:33:46.003678Z","level":"warning","event":"Using Variable.get from `airflow.models` is deprecated.Please use `get` on Variable from sdk(`airflow.sdk.Variable`) instead","category":"UserWarning","filename":"/home/airflow/.local/lib/python3.13/site-packages/airflow/models/variable.py","lineno":158,"logger":"py.warnings"}
{"timestamp":"2026-08-29T09:34:16.096215Z","level":"info","event":"Filling up the DagBag from /opt/airflow/dags/verdanta_weekly.py","logger":"airflow.dag_processing.dagbag.BundleDagBag","filename":"dagbag.py","lineno":469}
{"timestamp":"2026-08-29T09:34:16.164036Z","level":"info","event":"::group::Cosmos DAG parsing logs","logger":"cosmos.converter","filename":"converter.py","lineno":321}
{"timestamp":"2026-08-29T09:34:16.167403Z","level":"info","event":"Cosmos cache dir resolved to /tmp/cosmos/verdanta_weekly__dbt_weekly","logger":"cosmos.converter","filename":"converter.py","lineno":346}
{"timestamp":"2026-08-29T09:34:16.167633Z","level":"info","event":"Trying to parse the dbt project using dbt ls cache cosmos_cache__verdanta_weekly__dbt_weekly...","logger":"cosmos.dbt.graph","filename":"graph.py","lineno":869}
{"timestamp":"2026-08-29T09:34:16.304692Z","level":"info","event":"Cosmos performance: time to calculate cache identifier cosmos_cache__verdanta_weekly__dbt_weekly for current version: 0.12307926599987695","logger":"cosmos.cache","filename":"cache.py","lineno":401}
{"timestamp":"2026-08-29T09:34:16.304925Z","level":"info","event":"Cosmos performance [38dba2c61c19|1203]: The cache size for cosmos_cache__verdanta_weekly__dbt_weekly is 23804","logger":"cosmos.dbt.graph","filename":"graph.py","lineno":886}
{"timestamp":"2026-08-29T09:34:16.305919Z","level":"info","event":"Cosmos performance: Cache hit for cosmos_cache__verdanta_weekly__dbt_weekly - 39a8c4b6e19a7b5e14cfea47af7dbd90,1ae01f5b93cde0ad1f6d9482f1b54abd","logger":"cosmos.dbt.graph","filename":"graph.py","lineno":898}
{"timestamp":"2026-08-29T09:34:16.306061Z","level":"info","event":"Total nodes: 27","logger":"cosmos.dbt.graph","filename":"graph.py","lineno":799}
{"timestamp":"2026-08-29T09:34:16.306125Z","level":"info","event":"Total filtered nodes: 27","logger":"cosmos.dbt.graph","filename":"graph.py","lineno":800}
{"timestamp":"2026-08-29T09:34:16.306194Z","level":"info","event":"Cosmos performance (verdanta_weekly__dbt_weekly) - [38dba2c61c19|1203]: It took 0.139s to parse the dbt project for DAG using LoadMode.DBT_LS_CACHE","logger":"cosmos.converter","filename":"converter.py","lineno":371}
{"timestamp":"2026-08-29T09:34:16.331440Z","level":"info","event":"Cosmos performance (verdanta_weekly__dbt_weekly) - [38dba2c61c19|1203]: It took 0.0252s to build the Airflow DAG.","logger":"cosmos.converter","filename":"converter.py","lineno":423}
{"timestamp":"2026-08-29T09:34:16.331620Z","level":"info","event":"::endgroup::Cosmos DAG parsing logs","logger":"cosmos.converter","filename":"converter.py","lineno":430}
{"timestamp":"2026-08-29T09:34:16.332137Z","level":"warning","event":"Using Variable.get from `airflow.models` is deprecated.Please use `get` on Variable from sdk(`airflow.sdk.Variable`) instead","category":"UserWarning","filename":"/home/airflow/.local/lib/python3.13/site-packages/airflow/models/variable.py","lineno":158,"logger":"py.warnings"}
{"timestamp":"2026-08-29T09:34:46.628382Z","level":"info","event":"Filling up the DagBag from /opt/airflow/dags/verdanta_weekly.py","logger":"airflow.dag_processing.dagbag.BundleDagBag","filename":"dagbag.py","lineno":469}
{"timestamp":"2026-08-29T09:34:46.699675Z","level":"info","event":"::group::Cosmos DAG parsing logs","logger":"cosmos.converter","filename":"converter.py","lineno":321}
{"timestamp":"2026-08-29T09:34:46.703300Z","level":"info","event":"Cosmos cache dir resolved to /tmp/cosmos/verdanta_weekly__dbt_weekly","logger":"cosmos.converter","filename":"converter.py","lineno":346}
{"timestamp":"2026-08-29T09:34:46.703538Z","level":"info","event":"Trying to parse the dbt project using dbt ls cache cosmos_cache__verdanta_weekly__dbt_weekly...","logger":"cosmos.dbt.graph","filename":"graph.py","lineno":869}
{"timestamp":"2026-08-29T09:34:46.846526Z","level":"info","event":"Cosmos performance: time to calculate cache identifier cosmos_cache__verdanta_weekly__dbt_weekly for current version: 0.12880944700009422","logger":"cosmos.cache","filename":"cache.py","lineno":401}
{"timestamp":"2026-08-29T09:34:46.846795Z","level":"info","event":"Cosmos performance [38dba2c61c19|1239]: The cache size for cosmos_cache__verdanta_weekly__dbt_weekly is 23804","logger":"cosmos.dbt.graph","filename":"graph.py","lineno":886}
{"timestamp":"2026-08-29T09:34:46.847828Z","level":"info","event":"Cosmos performance: Cache hit for cosmos_cache__verdanta_weekly__dbt_weekly - 39a8c4b6e19a7b5e14cfea47af7dbd90,1ae01f5b93cde0ad1f6d9482f1b54abd","logger":"cosmos.dbt.graph","filename":"graph.py","lineno":898}
{"timestamp":"2026-08-29T09:34:46.847987Z","level":"info","event":"Total nodes: 27","logger":"cosmos.dbt.graph","filename":"graph.py","lineno":799}
{"timestamp":"2026-08-29T09:34:46.848067Z","level":"info","event":"Total filtered nodes: 27","logger":"cosmos.dbt.graph","filename":"graph.py","lineno":800}
{"timestamp":"2026-08-29T09:34:46.848176Z","level":"info","event":"Cosmos performance (verdanta_weekly__dbt_weekly) - [38dba2c61c19|1239]: It took 0.145s to parse the dbt project for DAG using LoadMode.DBT_LS_CACHE","logger":"cosmos.converter","filename":"converter.py","lineno":371}
{"timestamp":"2026-08-29T09:34:46.873181Z","level":"info","event":"Cosmos performance (verdanta_weekly__dbt_weekly) - [38dba2c61c19|1239]: It took 0.025s to build the Airflow DAG.","logger":"cosmos.converter","filename":"converter.py","lineno":423}
{"timestamp":"2026-08-29T09:34:46.873354Z","level":"info","event":"::endgroup::Cosmos DAG parsing logs","logger":"cosmos.converter","filename":"converter.py","lineno":430}
{"timestamp":"2026-08-29T09:34:46.873991Z","level":"warning","event":"Using Variable.get from `airflow.models` is deprecated.Please use `get` on Variable from sdk(`airflow.sdk.Variable`) instead","category":"UserWarning","filename":"/home/airflow/.local/lib/python3.13/site-packages/airflow/models/variable.py","lineno":158,"logger":"py.warnings"}
{"timestamp":"2026-08-29T09:35:17.295372Z","level":"info","event":"Filling up the DagBag from /opt/airflow/dags/verdanta_weekly.py","logger":"airflow.dag_processing.dagbag.BundleDagBag","filename":"dagbag.py","lineno":469}
{"timestamp":"2026-08-29T09:35:17.359748Z","level":"info","event":"::group::Cosmos DAG parsing logs","logger":"cosmos.converter","filename":"converter.py","lineno":321}
{"timestamp":"2026-08-29T09:35:17.363146Z","level":"info","event":"Cosmos cache dir resolved to /tmp/cosmos/verdanta_weekly__dbt_weekly","logger":"cosmos.converter","filename":"converter.py","lineno":346}
{"timestamp":"2026-08-29T09:35:17.363393Z","level":"info","event":"Trying to parse the dbt project using dbt ls cache cosmos_cache__verdanta_weekly__dbt_weekly...","logger":"cosmos.dbt.graph","filename":"graph.py","lineno":869}
{"timestamp":"2026-08-29T09:35:17.517188Z","level":"info","event":"Cosmos performance: time to calculate cache identifier cosmos_cache__verdanta_weekly__dbt_weekly for current version: 0.13701628899980278","logger":"cosmos.cache","filename":"cache.py","lineno":401}
{"timestamp":"2026-08-29T09:35:17.517412Z","level":"info","event":"Cosmos performance [38dba2c61c19|1272]: The cache size for cosmos_cache__verdanta_weekly__dbt_weekly is 23804","logger":"cosmos.dbt.graph","filename":"graph.py","lineno":886}
{"timestamp":"2026-08-29T09:35:17.518303Z","level":"info","event":"Cosmos performance: Cache hit for cosmos_cache__verdanta_weekly__dbt_weekly - 39a8c4b6e19a7b5e14cfea47af7dbd90,1ae01f5b93cde0ad1f6d9482f1b54abd","logger":"cosmos.dbt.graph","filename":"graph.py","lineno":898}
{"timestamp":"2026-08-29T09:35:17.518438Z","level":"info","event":"Total nodes: 27","logger":"cosmos.dbt.graph","filename":"graph.py","lineno":799}
{"timestamp":"2026-08-29T09:35:17.518500Z","level":"info","event":"Total filtered nodes: 27","logger":"cosmos.dbt.graph","filename":"graph.py","lineno":800}
{"timestamp":"2026-08-29T09:35:17.518569Z","level":"info","event":"Cosmos performance (verdanta_weekly__dbt_weekly) - [38dba2c61c19|1272]: It took 0.155s to parse the dbt project for DAG using LoadMode.DBT_LS_CACHE","logger":"cosmos.converter","filename":"converter.py","lineno":371}
{"timestamp":"2026-08-29T09:35:17.544291Z","level":"info","event":"Cosmos performance (verdanta_weekly__dbt_weekly) - [38dba2c61c19|1272]: It took 0.0257s to build the Airflow DAG.","logger":"cosmos.converter","filename":"converter.py","lineno":423}
{"timestamp":"2026-08-29T09:35:17.544460Z","level":"info","event":"::endgroup::Cosmos DAG parsing logs","logger":"cosmos.converter","filename":"converter.py","lineno":430}
{"timestamp":"2026-08-29T09:35:17.544983Z","level":"warning","event":"Using Variable.get from `airflow.models` is deprecated.Please use `get` on Variable from sdk(`airflow.sdk.Variable`) instead","category":"UserWarning","filename":"/home/airflow/.local/lib/python3.13/site-packages/airflow/models/variable.py","lineno":158,"logger":"py.warnings"}
{"timestamp":"2026-08-29T09:35:47.654678Z","level":"info","event":"Filling up the DagBag from /opt/airflow/dags/verdanta_weekly.py","logger":"airflow.dag_processing.dagbag.BundleDagBag","filename":"dagbag.py","lineno":469}
{"timestamp":"2026-08-29T09:35:47.730319Z","level":"info","event":"::group::Cosmos DAG parsing logs","logger":"cosmos.converter","filename":"converter.py","lineno":321}
{"timestamp":"2026-08-29T09:35:47.734486Z","level":"info","event":"Cosmos cache dir resolved to /tmp/cosmos/verdanta_weekly__dbt_weekly","logger":"cosmos.converter","filename":"converter.py","lineno":346}
{"timestamp":"2026-08-29T09:35:47.734759Z","level":"info","event":"Trying to parse the dbt project using dbt ls cache cosmos_cache__verdanta_weekly__dbt_weekly...","logger":"cosmos.dbt.graph","filename":"graph.py","lineno":869}
{"timestamp":"2026-08-29T09:35:47.883261Z","level":"info","event":"Cosmos performance: time to calculate cache identifier cosmos_cache__verdanta_weekly__dbt_weekly for current version: 0.1303950020001139","logger":"cosmos.cache","filename":"cache.py","lineno":401}
{"timestamp":"2026-08-29T09:35:47.883508Z","level":"info","event":"Cosmos performance [38dba2c61c19|1289]: The cache size for cosmos_cache__verdanta_weekly__dbt_weekly is 23804","logger":"cosmos.dbt.graph","filename":"graph.py","lineno":886}
{"timestamp":"2026-08-29T09:35:47.885200Z","level":"info","event":"Cosmos performance: Cache hit for cosmos_cache__verdanta_weekly__dbt_weekly - 39a8c4b6e19a7b5e14cfea47af7dbd90,1ae01f5b93cde0ad1f6d9482f1b54abd","logger":"cosmos.dbt.graph","filename":"graph.py","lineno":898}
{"timestamp":"2026-08-29T09:35:47.885330Z","level":"info","event":"Total nodes: 27","logger":"cosmos.dbt.graph","filename":"graph.py","lineno":799}
{"timestamp":"2026-08-29T09:35:47.885390Z","level":"info","event":"Total filtered nodes: 27","logger":"cosmos.dbt.graph","filename":"graph.py","lineno":800}
{"timestamp":"2026-08-29T09:35:47.885453Z","level":"info","event":"Cosmos performance (verdanta_weekly__dbt_weekly) - [38dba2c61c19|1289]: It took 0.151s to parse the dbt project for DAG using LoadMode.DBT_LS_CACHE","logger":"cosmos.converter","filename":"converter.py","lineno":371}
{"timestamp":"2026-08-29T09:35:47.909602Z","level":"info","event":"Cosmos performance (verdanta_weekly__dbt_weekly) - [38dba2c61c19|1289]: It took 0.0241s to build the Airflow DAG.","logger":"cosmos.converter","filename":"converter.py","lineno":423}
{"timestamp":"2026-08-29T09:35:47.909764Z","level":"info","event":"::endgroup::Cosmos DAG parsing logs","logger":"cosmos.converter","filename":"converter.py","lineno":430}
{"timestamp":"2026-08-29T09:35:47.910384Z","level":"warning","event":"Using Variable.get from `airflow.models` is deprecated.Please use `get` on Variable from sdk(`airflow.sdk.Variable`) instead","category":"UserWarning","filename":"/home/airflow/.local/lib/python3.13/site-packages/airflow/models/variable.py","lineno":158,"logger":"py.warnings"}
{"timestamp":"2026-08-29T09:36:18.476696Z","level":"info","event":"Filling up the DagBag from /opt/airflow/dags/verdanta_weekly.py","logger":"airflow.dag_processing.dagbag.BundleDagBag","filename":"dagbag.py","lineno":469}
{"timestamp":"2026-08-29T09:36:18.542520Z","level":"info","event":"::group::Cosmos DAG parsing logs","logger":"cosmos.converter","filename":"converter.py","lineno":321}
{"timestamp":"2026-08-29T09:36:18.545939Z","level":"info","event":"Cosmos cache dir resolved to /tmp/cosmos/verdanta_weekly__dbt_weekly","logger":"cosmos.converter","filename":"converter.py","lineno":346}
{"timestamp":"2026-08-29T09:36:18.546160Z","level":"info","event":"Trying to parse the dbt project using dbt ls cache cosmos_cache__verdanta_weekly__dbt_weekly...","logger":"cosmos.dbt.graph","filename":"graph.py","lineno":869}
{"timestamp":"2026-08-29T09:36:18.685530Z","level":"info","event":"Cosmos performance: time to calculate cache identifier cosmos_cache__verdanta_weekly__dbt_weekly for current version: 0.12408130699986941","logger":"cosmos.cache","filename":"cache.py","lineno":401}
{"timestamp":"2026-08-29T09:36:18.685779Z","level":"info","event":"Cosmos performance [38dba2c61c19|1325]: The cache size for cosmos_cache__verdanta_weekly__dbt_weekly is 23804","logger":"cosmos.dbt.graph","filename":"graph.py","lineno":886}
{"timestamp":"2026-08-29T09:36:18.686710Z","level":"info","event":"Cosmos performance: Cache hit for cosmos_cache__verdanta_weekly__dbt_weekly - 39a8c4b6e19a7b5e14cfea47af7dbd90,1ae01f5b93cde0ad1f6d9482f1b54abd","logger":"cosmos.dbt.graph","filename":"graph.py","lineno":898}
{"timestamp":"2026-08-29T09:36:18.686852Z","level":"info","event":"Total nodes: 27","logger":"cosmos.dbt.graph","filename":"graph.py","lineno":799}
{"timestamp":"2026-08-29T09:36:18.686914Z","level":"info","event":"Total filtered nodes: 27","logger":"cosmos.dbt.graph","filename":"graph.py","lineno":800}
{"timestamp":"2026-08-29T09:36:18.686979Z","level":"info","event":"Cosmos performance (verdanta_weekly__dbt_weekly) - [38dba2c61c19|1325]: It took 0.141s to parse the dbt project for DAG using LoadMode.DBT_LS_CACHE","logger":"cosmos.converter","filename":"converter.py","lineno":371}
{"timestamp":"2026-08-29T09:36:18.711415Z","level":"info","event":"Cosmos performance (verdanta_weekly__dbt_weekly) - [38dba2c61c19|1325]: It took 0.0244s to build the Airflow DAG.","logger":"cosmos.converter","filename":"converter.py","lineno":423}
{"timestamp":"2026-08-29T09:36:18.711572Z","level":"info","event":"::endgroup::Cosmos DAG parsing logs","logger":"cosmos.converter","filename":"converter.py","lineno":430}
{"timestamp":"2026-08-29T09:36:18.712155Z","level":"warning","event":"Using Variable.get from `airflow.models` is deprecated.Please use `get` on Variable from sdk(`airflow.sdk.Variable`) instead","category":"UserWarning","filename":"/home/airflow/.local/lib/python3.13/site-packages/airflow/models/variable.py","lineno":158,"logger":"py.warnings"}
{"timestamp":"2026-08-29T09:36:49.623854Z","level":"info","event":"Filling up the DagBag from /opt/airflow/dags/verdanta_weekly.py","logger":"airflow.dag_processing.dagbag.BundleDagBag","filename":"dagbag.py","lineno":469}
{"timestamp":"2026-08-29T09:36:49.692442Z","level":"info","event":"::group::Cosmos DAG parsing logs","logger":"cosmos.converter","filename":"converter.py","lineno":321}
{"timestamp":"2026-08-29T09:36:49.695665Z","level":"info","event":"Cosmos cache dir resolved to /tmp/cosmos/verdanta_weekly__dbt_weekly","logger":"cosmos.converter","filename":"converter.py","lineno":346}
{"timestamp":"2026-08-29T09:36:49.695867Z","level":"info","event":"Trying to parse the dbt project using dbt ls cache cosmos_cache__verdanta_weekly__dbt_weekly...","logger":"cosmos.dbt.graph","filename":"graph.py","lineno":869}
{"timestamp":"2026-08-29T09:36:49.841832Z","level":"info","event":"Cosmos performance: time to calculate cache identifier cosmos_cache__verdanta_weekly__dbt_weekly for current version: 0.13113233700005367","logger":"cosmos.cache","filename":"cache.py","lineno":401}
{"timestamp":"2026-08-29T09:36:49.842082Z","level":"info","event":"Cosmos performance [38dba2c61c19|1361]: The cache size for cosmos_cache__verdanta_weekly__dbt_weekly is 23804","logger":"cosmos.dbt.graph","filename":"graph.py","lineno":886}
{"timestamp":"2026-08-29T09:36:49.842976Z","level":"info","event":"Cosmos performance: Cache hit for cosmos_cache__verdanta_weekly__dbt_weekly - 39a8c4b6e19a7b5e14cfea47af7dbd90,1ae01f5b93cde0ad1f6d9482f1b54abd","logger":"cosmos.dbt.graph","filename":"graph.py","lineno":898}
{"timestamp":"2026-08-29T09:36:49.843109Z","level":"info","event":"Total nodes: 27","logger":"cosmos.dbt.graph","filename":"graph.py","lineno":799}
{"timestamp":"2026-08-29T09:36:49.843170Z","level":"info","event":"Total filtered nodes: 27","logger":"cosmos.dbt.graph","filename":"graph.py","lineno":800}
{"timestamp":"2026-08-29T09:36:49.843239Z","level":"info","event":"Cosmos performance (verdanta_weekly__dbt_weekly) - [38dba2c61c19|1361]: It took 0.147s to parse the dbt project for DAG using LoadMode.DBT_LS_CACHE","logger":"cosmos.converter","filename":"converter.py","lineno":371}
{"timestamp":"2026-08-29T09:36:49.869041Z","level":"info","event":"Cosmos performance (verdanta_weekly__dbt_weekly) - [38dba2c61c19|1361]: It took 0.0257s to build the Airflow DAG.","logger":"cosmos.converter","filename":"converter.py","lineno":423}
{"timestamp":"2026-08-29T09:36:49.869203Z","level":"info","event":"::endgroup::Cosmos DAG parsing logs","logger":"cosmos.converter","filename":"converter.py","lineno":430}
{"timestamp":"2026-08-29T09:36:49.869791Z","level":"warning","event":"Using Variable.get from `airflow.models` is deprecated.Please use `get` on Variable from sdk(`airflow.sdk.Variable`) instead","category":"UserWarning","filename":"/home/airflow/.local/lib/python3.13/site-packages/airflow/models/variable.py","lineno":158,"logger":"py.warnings"}
{"timestamp":"2026-08-29T09:37:20.805088Z","level":"info","event":"Filling up the DagBag from /opt/airflow/dags/verdanta_weekly.py","logger":"airflow.dag_processing.dagbag.BundleDagBag","filename":"dagbag.py","lineno":469}
{"timestamp":"2026-08-29T09:37:20.881109Z","level":"info","event":"::group::Cosmos DAG parsing logs","logger":"cosmos.converter","filename":"converter.py","lineno":321}
{"timestamp":"2026-08-29T09:37:20.888285Z","level":"info","event":"Cosmos cache dir resolved to /tmp/cosmos/verdanta_weekly__dbt_weekly","logger":"cosmos.converter","filename":"converter.py","lineno":346}
{"timestamp":"2026-08-29T09:37:20.888629Z","level":"info","event":"Trying to parse the dbt project using dbt ls cache cosmos_cache__verdanta_weekly__dbt_weekly...","logger":"cosmos.dbt.graph","filename":"graph.py","lineno":869}
{"timestamp":"2026-08-29T09:37:21.034944Z","level":"info","event":"Cosmos performance: time to calculate cache identifier cosmos_cache__verdanta_weekly__dbt_weekly for current version: 0.12964265199934744","logger":"cosmos.cache","filename":"cache.py","lineno":401}
{"timestamp":"2026-08-29T09:37:21.035195Z","level":"info","event":"Cosmos performance [38dba2c61c19|1397]: The cache size for cosmos_cache__verdanta_weekly__dbt_weekly is 23804","logger":"cosmos.dbt.graph","filename":"graph.py","lineno":886}
{"timestamp":"2026-08-29T09:37:21.036579Z","level":"info","event":"Cosmos performance: Cache hit for cosmos_cache__verdanta_weekly__dbt_weekly - 39a8c4b6e19a7b5e14cfea47af7dbd90,1ae01f5b93cde0ad1f6d9482f1b54abd","logger":"cosmos.dbt.graph","filename":"graph.py","lineno":898}
{"timestamp":"2026-08-29T09:37:21.036729Z","level":"info","event":"Total nodes: 27","logger":"cosmos.dbt.graph","filename":"graph.py","lineno":799}
{"timestamp":"2026-08-29T09:37:21.036794Z","level":"info","event":"Total filtered nodes: 27","logger":"cosmos.dbt.graph","filename":"graph.py","lineno":800}
{"timestamp":"2026-08-29T09:37:21.036861Z","level":"info","event":"Cosmos performance (verdanta_weekly__dbt_weekly) - [38dba2c61c19|1397]: It took 0.148s to parse the dbt project for DAG using LoadMode.DBT_LS_CACHE","logger":"cosmos.converter","filename":"converter.py","lineno":371}
{"timestamp":"2026-08-29T09:37:21.063104Z","level":"info","event":"Cosmos performance (verdanta_weekly__dbt_weekly) - [38dba2c61c19|1397]: It took 0.0262s to build the Airflow DAG.","logger":"cosmos.converter","filename":"converter.py","lineno":423}
{"timestamp":"2026-08-29T09:37:21.063266Z","level":"info","event":"::endgroup::Cosmos DAG parsing logs","logger":"cosmos.converter","filename":"converter.py","lineno":430}
{"timestamp":"2026-08-29T09:37:21.063930Z","level":"warning","event":"Using Variable.get from `airflow.models` is deprecated.Please use `get` on Variable from sdk(`airflow.sdk.Variable`) instead","category":"UserWarning","filename":"/home/airflow/.local/lib/python3.13/site-packages/airflow/models/variable.py","lineno":158,"logger":"py.warnings"}
{"timestamp":"2026-08-29T09:37:51.322097Z","level":"info","event":"Filling up the DagBag from /opt/airflow/dags/verdanta_weekly.py","logger":"airflow.dag_processing.dagbag.BundleDagBag","filename":"dagbag.py","lineno":469}
{"timestamp":"2026-08-29T09:37:51.398991Z","level":"info","event":"::group::Cosmos DAG parsing logs","logger":"cosmos.converter","filename":"converter.py","lineno":321}
{"timestamp":"2026-08-29T09:37:51.403237Z","level":"info","event":"Cosmos cache dir resolved to /tmp/cosmos/verdanta_weekly__dbt_weekly","logger":"cosmos.converter","filename":"converter.py","lineno":346}
{"timestamp":"2026-08-29T09:37:51.403531Z","level":"info","event":"Trying to parse the dbt project using dbt ls cache cosmos_cache__verdanta_weekly__dbt_weekly...","logger":"cosmos.dbt.graph","filename":"graph.py","lineno":869}
{"timestamp":"2026-08-29T09:37:51.559074Z","level":"info","event":"Cosmos performance: time to calculate cache identifier cosmos_cache__verdanta_weekly__dbt_weekly for current version: 0.1352620069992554","logger":"cosmos.cache","filename":"cache.py","lineno":401}
{"timestamp":"2026-08-29T09:37:51.559455Z","level":"info","event":"Cosmos performance [38dba2c61c19|1431]: The cache size for cosmos_cache__verdanta_weekly__dbt_weekly is 23804","logger":"cosmos.dbt.graph","filename":"graph.py","lineno":886}
{"timestamp":"2026-08-29T09:37:51.560818Z","level":"info","event":"Cosmos performance: Cache hit for cosmos_cache__verdanta_weekly__dbt_weekly - 39a8c4b6e19a7b5e14cfea47af7dbd90,1ae01f5b93cde0ad1f6d9482f1b54abd","logger":"cosmos.dbt.graph","filename":"graph.py","lineno":898}
{"timestamp":"2026-08-29T09:37:51.560974Z","level":"info","event":"Total nodes: 27","logger":"cosmos.dbt.graph","filename":"graph.py","lineno":799}
{"timestamp":"2026-08-29T09:37:51.561056Z","level":"info","event":"Total filtered nodes: 27","logger":"cosmos.dbt.graph","filename":"graph.py","lineno":800}
{"timestamp":"2026-08-29T09:37:51.561135Z","level":"info","event":"Cosmos performance (verdanta_weekly__dbt_weekly) - [38dba2c61c19|1431]: It took 0.158s to parse the dbt project for DAG using LoadMode.DBT_LS_CACHE","logger":"cosmos.converter","filename":"converter.py","lineno":371}
{"timestamp":"2026-08-29T09:37:51.592380Z","level":"info","event":"Cosmos performance (verdanta_weekly__dbt_weekly) - [38dba2c61c19|1431]: It took 0.0312s to build the Airflow DAG.","logger":"cosmos.converter","filename":"converter.py","lineno":423}
{"timestamp":"2026-08-29T09:37:51.592610Z","level":"info","event":"::endgroup::Cosmos DAG parsing logs","logger":"cosmos.converter","filename":"converter.py","lineno":430}
{"timestamp":"2026-08-29T09:37:51.593231Z","level":"warning","event":"Using Variable.get from `airflow.models` is deprecated.Please use `get` on Variable from sdk(`airflow.sdk.Variable`) instead","category":"UserWarning","filename":"/home/airflow/.local/lib/python3.13/site-packages/airflow/models/variable.py","lineno":158,"logger":"py.warnings"}
{"timestamp":"2026-08-29T09:38:22.252819Z","level":"info","event":"Filling up the DagBag from /opt/airflow/dags/verdanta_weekly.py","logger":"airflow.dag_processing.dagbag.BundleDagBag","filename":"dagbag.py","lineno":469}
{"timestamp":"2026-08-29T09:38:22.326208Z","level":"info","event":"::group::Cosmos DAG parsing logs","logger":"cosmos.converter","filename":"converter.py","lineno":321}
{"timestamp":"2026-08-29T09:38:22.330129Z","level":"info","event":"Cosmos cache dir resolved to /tmp/cosmos/verdanta_weekly__dbt_weekly","logger":"cosmos.converter","filename":"converter.py","lineno":346}
{"timestamp":"2026-08-29T09:38:22.330367Z","level":"info","event":"Trying to parse the dbt project using dbt ls cache cosmos_cache__verdanta_weekly__dbt_weekly...","logger":"cosmos.dbt.graph","filename":"graph.py","lineno":869}
{"timestamp":"2026-08-29T09:38:22.468298Z","level":"info","event":"Cosmos performance: time to calculate cache identifier cosmos_cache__verdanta_weekly__dbt_weekly for current version: 0.1234695590001138","logger":"cosmos.cache","filename":"cache.py","lineno":401}
{"timestamp":"2026-08-29T09:38:22.468540Z","level":"info","event":"Cosmos performance [38dba2c61c19|1439]: The cache size for cosmos_cache__verdanta_weekly__dbt_weekly is 23804","logger":"cosmos.dbt.graph","filename":"graph.py","lineno":886}
{"timestamp":"2026-08-29T09:38:22.469491Z","level":"info","event":"Cosmos performance: Cache hit for cosmos_cache__verdanta_weekly__dbt_weekly - 39a8c4b6e19a7b5e14cfea47af7dbd90,1ae01f5b93cde0ad1f6d9482f1b54abd","logger":"cosmos.dbt.graph","filename":"graph.py","lineno":898}
{"timestamp":"2026-08-29T09:38:22.469624Z","level":"info","event":"Total nodes: 27","logger":"cosmos.dbt.graph","filename":"graph.py","lineno":799}
{"timestamp":"2026-08-29T09:38:22.469692Z","level":"info","event":"Total filtered nodes: 27","logger":"cosmos.dbt.graph","filename":"graph.py","lineno":800}
{"timestamp":"2026-08-29T09:38:22.469768Z","level":"info","event":"Cosmos performance (verdanta_weekly__dbt_weekly) - [38dba2c61c19|1439]: It took 0.139s to parse the dbt project for DAG using LoadMode.DBT_LS_CACHE","logger":"cosmos.converter","filename":"converter.py","lineno":371}
{"timestamp":"2026-08-29T09:38:22.493912Z","level":"info","event":"Cosmos performance (verdanta_weekly__dbt_weekly) - [38dba2c61c19|1439]: It took 0.0241s to build the Airflow DAG.","logger":"cosmos.converter","filename":"converter.py","lineno":423}
{"timestamp":"2026-08-29T09:38:22.494048Z","level":"info","event":"::endgroup::Cosmos DAG parsing logs","logger":"cosmos.converter","filename":"converter.py","lineno":430}
{"timestamp":"2026-08-29T09:38:22.494679Z","level":"warning","event":"Using Variable.get from `airflow.models` is deprecated.Please use `get` on Variable from sdk(`airflow.sdk.Variable`) instead","category":"UserWarning","filename":"/home/airflow/.local/lib/python3.13/site-packages/airflow/models/variable.py","lineno":158,"logger":"py.warnings"}
{"timestamp":"2026-08-29T09:38:53.449490Z","level":"info","event":"Filling up the DagBag from /opt/airflow/dags/verdanta_weekly.py","logger":"airflow.dag_processing.dagbag.BundleDagBag","filename":"dagbag.py","lineno":469}
{"timestamp":"2026-08-29T09:38:53.516638Z","level":"info","event":"::group::Cosmos DAG parsing logs","logger":"cosmos.converter","filename":"converter.py","lineno":321}
{"timestamp":"2026-08-29T09:38:53.520669Z","level":"info","event":"Cosmos cache dir resolved to /tmp/cosmos/verdanta_weekly__dbt_weekly","logger":"cosmos.converter","filename":"converter.py","lineno":346}
{"timestamp":"2026-08-29T09:38:53.520873Z","level":"info","event":"Trying to parse the dbt project using dbt ls cache cosmos_cache__verdanta_weekly__dbt_weekly...","logger":"cosmos.dbt.graph","filename":"graph.py","lineno":869}
{"timestamp":"2026-08-29T09:38:53.664071Z","level":"info","event":"Cosmos performance: time to calculate cache identifier cosmos_cache__verdanta_weekly__dbt_weekly for current version: 0.12928709100015112","logger":"cosmos.cache","filename":"cache.py","lineno":401}
{"timestamp":"2026-08-29T09:38:53.664381Z","level":"info","event":"Cosmos performance [38dba2c61c19|1475]: The cache size for cosmos_cache__verdanta_weekly__dbt_weekly is 23804","logger":"cosmos.dbt.graph","filename":"graph.py","lineno":886}
{"timestamp":"2026-08-29T09:38:53.665311Z","level":"info","event":"Cosmos performance: Cache hit for cosmos_cache__verdanta_weekly__dbt_weekly - 39a8c4b6e19a7b5e14cfea47af7dbd90,1ae01f5b93cde0ad1f6d9482f1b54abd","logger":"cosmos.dbt.graph","filename":"graph.py","lineno":898}
{"timestamp":"2026-08-29T09:38:53.665454Z","level":"info","event":"Total nodes: 27","logger":"cosmos.dbt.graph","filename":"graph.py","lineno":799}
{"timestamp":"2026-08-29T09:38:53.665517Z","level":"info","event":"Total filtered nodes: 27","logger":"cosmos.dbt.graph","filename":"graph.py","lineno":800}
{"timestamp":"2026-08-29T09:38:53.665581Z","level":"info","event":"Cosmos performance (verdanta_weekly__dbt_weekly) - [38dba2c61c19|1475]: It took 0.145s to parse the dbt project for DAG using LoadMode.DBT_LS_CACHE","logger":"cosmos.converter","filename":"converter.py","lineno":371}
{"timestamp":"2026-08-29T09:38:53.691107Z","level":"info","event":"Cosmos performance (verdanta_weekly__dbt_weekly) - [38dba2c61c19|1475]: It took 0.0255s to build the Airflow DAG.","logger":"cosmos.converter","filename":"converter.py","lineno":423}
{"timestamp":"2026-08-29T09:38:53.691266Z","level":"info","event":"::endgroup::Cosmos DAG parsing logs","logger":"cosmos.converter","filename":"converter.py","lineno":430}
{"timestamp":"2026-08-29T09:38:53.691772Z","level":"warning","event":"Using Variable.get from `airflow.models` is deprecated.Please use `get` on Variable from sdk(`airflow.sdk.Variable`) instead","category":"UserWarning","filename":"/home/airflow/.local/lib/python3.13/site-packages/airflow/models/variable.py","lineno":158,"logger":"py.warnings"}
{"timestamp":"2026-08-29T09:39:24.657955Z","level":"info","event":"Filling up the DagBag from /opt/airflow/dags/verdanta_weekly.py","logger":"airflow.dag_processing.dagbag.BundleDagBag","filename":"dagbag.py","lineno":469}
{"timestamp":"2026-08-29T09:39:24.726378Z","level":"info","event":"::group::Cosmos DAG parsing logs","logger":"cosmos.converter","filename":"converter.py","lineno":321}
{"timestamp":"2026-08-29T09:39:24.729845Z","level":"info","event":"Cosmos cache dir resolved to /tmp/cosmos/verdanta_weekly__dbt_weekly","logger":"cosmos.converter","filename":"converter.py","lineno":346}
{"timestamp":"2026-08-29T09:39:24.730093Z","level":"info","event":"Trying to parse the dbt project using dbt ls cache cosmos_cache__verdanta_weekly__dbt_weekly...","logger":"cosmos.dbt.graph","filename":"graph.py","lineno":869}
{"timestamp":"2026-08-29T09:39:24.870336Z","level":"info","event":"Cosmos performance: time to calculate cache identifier cosmos_cache__verdanta_weekly__dbt_weekly for current version: 0.12536106699917582","logger":"cosmos.cache","filename":"cache.py","lineno":401}
{"timestamp":"2026-08-29T09:39:24.870579Z","level":"info","event":"Cosmos performance [38dba2c61c19|1511]: The cache size for cosmos_cache__verdanta_weekly__dbt_weekly is 23804","logger":"cosmos.dbt.graph","filename":"graph.py","lineno":886}
{"timestamp":"2026-08-29T09:39:24.871532Z","level":"info","event":"Cosmos performance: Cache hit for cosmos_cache__verdanta_weekly__dbt_weekly - 39a8c4b6e19a7b5e14cfea47af7dbd90,1ae01f5b93cde0ad1f6d9482f1b54abd","logger":"cosmos.dbt.graph","filename":"graph.py","lineno":898}
{"timestamp":"2026-08-29T09:39:24.871678Z","level":"info","event":"Total nodes: 27","logger":"cosmos.dbt.graph","filename":"graph.py","lineno":799}
{"timestamp":"2026-08-29T09:39:24.871759Z","level":"info","event":"Total filtered nodes: 27","logger":"cosmos.dbt.graph","filename":"graph.py","lineno":800}
{"timestamp":"2026-08-29T09:39:24.871863Z","level":"info","event":"Cosmos performance (verdanta_weekly__dbt_weekly) - [38dba2c61c19|1511]: It took 0.142s to parse the dbt project for DAG using LoadMode.DBT_LS_CACHE","logger":"cosmos.converter","filename":"converter.py","lineno":371}
{"timestamp":"2026-08-29T09:39:24.896580Z","level":"info","event":"Cosmos performance (verdanta_weekly__dbt_weekly) - [38dba2c61c19|1511]: It took 0.0247s to build the Airflow DAG.","logger":"cosmos.converter","filename":"converter.py","lineno":423}
{"timestamp":"2026-08-29T09:39:24.896757Z","level":"info","event":"::endgroup::Cosmos DAG parsing logs","logger":"cosmos.converter","filename":"converter.py","lineno":430}
{"timestamp":"2026-08-29T09:39:24.897220Z","level":"warning","event":"Using Variable.get from `airflow.models` is deprecated.Please use `get` on Variable from sdk(`airflow.sdk.Variable`) instead","category":"UserWarning","filename":"/home/airflow/.local/lib/python3.13/site-packages/airflow/models/variable.py","lineno":158,"logger":"py.warnings"}
{"timestamp":"2026-08-29T09:39:55.063920Z","level":"info","event":"Filling up the DagBag from /opt/airflow/dags/verdanta_weekly.py","logger":"airflow.dag_processing.dagbag.BundleDagBag","filename":"dagbag.py","lineno":469}
{"timestamp":"2026-08-29T09:39:55.134855Z","level":"info","event":"::group::Cosmos DAG parsing logs","logger":"cosmos.converter","filename":"converter.py","lineno":321}
{"timestamp":"2026-08-29T09:39:55.139190Z","level":"info","event":"Cosmos cache dir resolved to /tmp/cosmos/verdanta_weekly__dbt_weekly","logger":"cosmos.converter","filename":"converter.py","lineno":346}
{"timestamp":"2026-08-29T09:39:55.139401Z","level":"info","event":"Trying to parse the dbt project using dbt ls cache cosmos_cache__verdanta_weekly__dbt_weekly...","logger":"cosmos.dbt.graph","filename":"graph.py","lineno":869}
{"timestamp":"2026-08-29T09:39:55.280224Z","level":"info","event":"Cosmos performance: time to calculate cache identifier cosmos_cache__verdanta_weekly__dbt_weekly for current version: 0.12697096400006558","logger":"cosmos.cache","filename":"cache.py","lineno":401}
{"timestamp":"2026-08-29T09:39:55.280471Z","level":"info","event":"Cosmos performance [38dba2c61c19|1547]: The cache size for cosmos_cache__verdanta_weekly__dbt_weekly is 23804","logger":"cosmos.dbt.graph","filename":"graph.py","lineno":886}
{"timestamp":"2026-08-29T09:39:55.281366Z","level":"info","event":"Cosmos performance: Cache hit for cosmos_cache__verdanta_weekly__dbt_weekly - 39a8c4b6e19a7b5e14cfea47af7dbd90,1ae01f5b93cde0ad1f6d9482f1b54abd","logger":"cosmos.dbt.graph","filename":"graph.py","lineno":898}
{"timestamp":"2026-08-29T09:39:55.281617Z","level":"info","event":"Total nodes: 27","logger":"cosmos.dbt.graph","filename":"graph.py","lineno":799}
{"timestamp":"2026-08-29T09:39:55.281709Z","level":"info","event":"Total filtered nodes: 27","logger":"cosmos.dbt.graph","filename":"graph.py","lineno":800}
{"timestamp":"2026-08-29T09:39:55.281818Z","level":"info","event":"Cosmos performance (verdanta_weekly__dbt_weekly) - [38dba2c61c19|1547]: It took 0.142s to parse the dbt project for DAG using LoadMode.DBT_LS_CACHE","logger":"cosmos.converter","filename":"converter.py","lineno":371}
{"timestamp":"2026-08-29T09:39:55.306847Z","level":"info","event":"Cosmos performance (verdanta_weekly__dbt_weekly) - [38dba2c61c19|1547]: It took 0.025s to build the Airflow DAG.","logger":"cosmos.converter","filename":"converter.py","lineno":423}
{"timestamp":"2026-08-29T09:39:55.307003Z","level":"info","event":"::endgroup::Cosmos DAG parsing logs","logger":"cosmos.converter","filename":"converter.py","lineno":430}
{"timestamp":"2026-08-29T09:39:55.307529Z","level":"warning","event":"Using Variable.get from `airflow.models` is deprecated.Please use `get` on Variable from sdk(`airflow.sdk.Variable`) instead","category":"UserWarning","filename":"/home/airflow/.local/lib/python3.13/site-packages/airflow/models/variable.py","lineno":158,"logger":"py.warnings"}
{"timestamp":"2026-08-29T09:40:25.444654Z","level":"info","event":"Filling up the DagBag from /opt/airflow/dags/verdanta_weekly.py","logger":"airflow.dag_processing.dagbag.BundleDagBag","filename":"dagbag.py","lineno":469}
{"timestamp":"2026-08-29T09:40:25.515923Z","level":"info","event":"::group::Cosmos DAG parsing logs","logger":"cosmos.converter","filename":"converter.py","lineno":321}
{"timestamp":"2026-08-29T09:40:25.520114Z","level":"info","event":"Cosmos cache dir resolved to /tmp/cosmos/verdanta_weekly__dbt_weekly","logger":"cosmos.converter","filename":"converter.py","lineno":346}
{"timestamp":"2026-08-29T09:40:25.520326Z","level":"info","event":"Trying to parse the dbt project using dbt ls cache cosmos_cache__verdanta_weekly__dbt_weekly...","logger":"cosmos.dbt.graph","filename":"graph.py","lineno":869}
{"timestamp":"2026-08-29T09:40:25.665924Z","level":"info","event":"Cosmos performance: time to calculate cache identifier cosmos_cache__verdanta_weekly__dbt_weekly for current version: 0.13042714099992736","logger":"cosmos.cache","filename":"cache.py","lineno":401}
{"timestamp":"2026-08-29T09:40:25.666162Z","level":"info","event":"Cosmos performance [38dba2c61c19|1583]: The cache size for cosmos_cache__verdanta_weekly__dbt_weekly is 23804","logger":"cosmos.dbt.graph","filename":"graph.py","lineno":886}
{"timestamp":"2026-08-29T09:40:25.667107Z","level":"info","event":"Cosmos performance: Cache hit for cosmos_cache__verdanta_weekly__dbt_weekly - 39a8c4b6e19a7b5e14cfea47af7dbd90,1ae01f5b93cde0ad1f6d9482f1b54abd","logger":"cosmos.dbt.graph","filename":"graph.py","lineno":898}
{"timestamp":"2026-08-29T09:40:25.667253Z","level":"info","event":"Total nodes: 27","logger":"cosmos.dbt.graph","filename":"graph.py","lineno":799}
{"timestamp":"2026-08-29T09:40:25.667324Z","level":"info","event":"Total filtered nodes: 27","logger":"cosmos.dbt.graph","filename":"graph.py","lineno":800}
{"timestamp":"2026-08-29T09:40:25.667425Z","level":"info","event":"Cosmos performance (verdanta_weekly__dbt_weekly) - [38dba2c61c19|1583]: It took 0.147s to parse the dbt project for DAG using LoadMode.DBT_LS_CACHE","logger":"cosmos.converter","filename":"converter.py","lineno":371}
{"timestamp":"2026-08-29T09:40:25.693812Z","level":"info","event":"Cosmos performance (verdanta_weekly__dbt_weekly) - [38dba2c61c19|1583]: It took 0.0263s to build the Airflow DAG.","logger":"cosmos.converter","filename":"converter.py","lineno":423}
{"timestamp":"2026-08-29T09:40:25.693982Z","level":"info","event":"::endgroup::Cosmos DAG parsing logs","logger":"cosmos.converter","filename":"converter.py","lineno":430}
{"timestamp":"2026-08-29T09:40:25.694506Z","level":"warning","event":"Using Variable.get from `airflow.models` is deprecated.Please use `get` on Variable from sdk(`airflow.sdk.Variable`) instead","category":"UserWarning","filename":"/home/airflow/.local/lib/python3.13/site-packages/airflow/models/variable.py","lineno":158,"logger":"py.warnings"}
{"timestamp":"2026-08-29T09:40:55.922249Z","level":"info","event":"Filling up the DagBag from /opt/airflow/dags/verdanta_weekly.py","logger":"airflow.dag_processing.dagbag.BundleDagBag","filename":"dagbag.py","lineno":469}
{"timestamp":"2026-08-29T09:40:56.012653Z","level":"info","event":"::group::Cosmos DAG parsing logs","logger":"cosmos.converter","filename":"converter.py","lineno":321}
{"timestamp":"2026-08-29T09:40:56.017155Z","level":"info","event":"Cosmos cache dir resolved to /tmp/cosmos/verdanta_weekly__dbt_weekly","logger":"cosmos.converter","filename":"converter.py","lineno":346}
{"timestamp":"2026-08-29T09:40:56.017491Z","level":"info","event":"Trying to parse the dbt project using dbt ls cache cosmos_cache__verdanta_weekly__dbt_weekly...","logger":"cosmos.dbt.graph","filename":"graph.py","lineno":869}
{"timestamp":"2026-08-29T09:40:56.178192Z","level":"info","event":"Cosmos performance: time to calculate cache identifier cosmos_cache__verdanta_weekly__dbt_weekly for current version: 0.13996347699958278","logger":"cosmos.cache","filename":"cache.py","lineno":401}
{"timestamp":"2026-08-29T09:40:56.178411Z","level":"info","event":"Cosmos performance [38dba2c61c19|1600]: The cache size for cosmos_cache__verdanta_weekly__dbt_weekly is 23804","logger":"cosmos.dbt.graph","filename":"graph.py","lineno":886}
{"timestamp":"2026-08-29T09:40:56.179344Z","level":"info","event":"Cosmos performance: Cache hit for cosmos_cache__verdanta_weekly__dbt_weekly - 39a8c4b6e19a7b5e14cfea47af7dbd90,1ae01f5b93cde0ad1f6d9482f1b54abd","logger":"cosmos.dbt.graph","filename":"graph.py","lineno":898}
{"timestamp":"2026-08-29T09:40:56.179461Z","level":"info","event":"Total nodes: 27","logger":"cosmos.dbt.graph","filename":"graph.py","lineno":799}
{"timestamp":"2026-08-29T09:40:56.179540Z","level":"info","event":"Total filtered nodes: 27","logger":"cosmos.dbt.graph","filename":"graph.py","lineno":800}
{"timestamp":"2026-08-29T09:40:56.179608Z","level":"info","event":"Cosmos performance (verdanta_weekly__dbt_weekly) - [38dba2c61c19|1600]: It took 0.162s to parse the dbt project for DAG using LoadMode.DBT_LS_CACHE","logger":"cosmos.converter","filename":"converter.py","lineno":371}
{"timestamp":"2026-08-29T09:40:56.208943Z","level":"info","event":"Cosmos performance (verdanta_weekly__dbt_weekly) - [38dba2c61c19|1600]: It took 0.0293s to build the Airflow DAG.","logger":"cosmos.converter","filename":"converter.py","lineno":423}
{"timestamp":"2026-08-29T09:40:56.209107Z","level":"info","event":"::endgroup::Cosmos DAG parsing logs","logger":"cosmos.converter","filename":"converter.py","lineno":430}
{"timestamp":"2026-08-29T09:40:56.209565Z","level":"warning","event":"Using Variable.get from `airflow.models` is deprecated.Please use `get` on Variable from sdk(`airflow.sdk.Variable`) instead","category":"UserWarning","filename":"/home/airflow/.local/lib/python3.13/site-packages/airflow/models/variable.py","lineno":158,"logger":"py.warnings"}
{"timestamp":"2026-08-29T09:41:26.447126Z","level":"info","event":"Filling up the DagBag from /opt/airflow/dags/verdanta_weekly.py","logger":"airflow.dag_processing.dagbag.BundleDagBag","filename":"dagbag.py","lineno":469}
{"timestamp":"2026-08-29T09:41:26.526915Z","level":"info","event":"::group::Cosmos DAG parsing logs","logger":"cosmos.converter","filename":"converter.py","lineno":321}
{"timestamp":"2026-08-29T09:41:26.531300Z","level":"info","event":"Cosmos cache dir resolved to /tmp/cosmos/verdanta_weekly__dbt_weekly","logger":"cosmos.converter","filename":"converter.py","lineno":346}
{"timestamp":"2026-08-29T09:41:26.531515Z","level":"info","event":"Trying to parse the dbt project using dbt ls cache cosmos_cache__verdanta_weekly__dbt_weekly...","logger":"cosmos.dbt.graph","filename":"graph.py","lineno":869}
{"timestamp":"2026-08-29T09:41:26.670811Z","level":"info","event":"Cosmos performance: time to calculate cache identifier cosmos_cache__verdanta_weekly__dbt_weekly for current version: 0.12624666099964088","logger":"cosmos.cache","filename":"cache.py","lineno":401}
{"timestamp":"2026-08-29T09:41:26.671090Z","level":"info","event":"Cosmos performance [38dba2c61c19|1633]: The cache size for cosmos_cache__verdanta_weekly__dbt_weekly is 23804","logger":"cosmos.dbt.graph","filename":"graph.py","lineno":886}
{"timestamp":"2026-08-29T09:41:26.672738Z","level":"info","event":"Cosmos performance: Cache hit for cosmos_cache__verdanta_weekly__dbt_weekly - 39a8c4b6e19a7b5e14cfea47af7dbd90,1ae01f5b93cde0ad1f6d9482f1b54abd","logger":"cosmos.dbt.graph","filename":"graph.py","lineno":898}
{"timestamp":"2026-08-29T09:41:26.672870Z","level":"info","event":"Total nodes: 27","logger":"cosmos.dbt.graph","filename":"graph.py","lineno":799}
{"timestamp":"2026-08-29T09:41:26.672932Z","level":"info","event":"Total filtered nodes: 27","logger":"cosmos.dbt.graph","filename":"graph.py","lineno":800}
{"timestamp":"2026-08-29T09:41:26.672995Z","level":"info","event":"Cosmos performance (verdanta_weekly__dbt_weekly) - [38dba2c61c19|1633]: It took 0.142s to parse the dbt project for DAG using LoadMode.DBT_LS_CACHE","logger":"cosmos.converter","filename":"converter.py","lineno":371}
{"timestamp":"2026-08-29T09:41:26.697585Z","level":"info","event":"Cosmos performance (verdanta_weekly__dbt_weekly) - [38dba2c61c19|1633]: It took 0.0245s to build the Airflow DAG.","logger":"cosmos.converter","filename":"converter.py","lineno":423}
{"timestamp":"2026-08-29T09:41:26.697741Z","level":"info","event":"::endgroup::Cosmos DAG parsing logs","logger":"cosmos.converter","filename":"converter.py","lineno":430}
{"timestamp":"2026-08-29T09:41:26.698273Z","level":"warning","event":"Using Variable.get from `airflow.models` is deprecated.Please use `get` on Variable from sdk(`airflow.sdk.Variable`) instead","category":"UserWarning","filename":"/home/airflow/.local/lib/python3.13/site-packages/airflow/models/variable.py","lineno":158,"logger":"py.warnings"}
{"timestamp":"2026-08-29T09:41:56.815005Z","level":"info","event":"Filling up the DagBag from /opt/airflow/dags/verdanta_weekly.py","logger":"airflow.dag_processing.dagbag.BundleDagBag","filename":"dagbag.py","lineno":469}
{"timestamp":"2026-08-29T09:41:56.883899Z","level":"info","event":"::group::Cosmos DAG parsing logs","logger":"cosmos.converter","filename":"converter.py","lineno":321}
{"timestamp":"2026-08-29T09:41:56.887573Z","level":"info","event":"Cosmos cache dir resolved to /tmp/cosmos/verdanta_weekly__dbt_weekly","logger":"cosmos.converter","filename":"converter.py","lineno":346}
{"timestamp":"2026-08-29T09:41:56.887798Z","level":"info","event":"Trying to parse the dbt project using dbt ls cache cosmos_cache__verdanta_weekly__dbt_weekly...","logger":"cosmos.dbt.graph","filename":"graph.py","lineno":869}
{"timestamp":"2026-08-29T09:41:57.031854Z","level":"info","event":"Cosmos performance: time to calculate cache identifier cosmos_cache__verdanta_weekly__dbt_weekly for current version: 0.12844760400002997","logger":"cosmos.cache","filename":"cache.py","lineno":401}
{"timestamp":"2026-08-29T09:41:57.032080Z","level":"info","event":"Cosmos performance [38dba2c61c19|1669]: The cache size for cosmos_cache__verdanta_weekly__dbt_weekly is 23804","logger":"cosmos.dbt.graph","filename":"graph.py","lineno":886}
{"timestamp":"2026-08-29T09:41:57.033187Z","level":"info","event":"Cosmos performance: Cache hit for cosmos_cache__verdanta_weekly__dbt_weekly - 39a8c4b6e19a7b5e14cfea47af7dbd90,1ae01f5b93cde0ad1f6d9482f1b54abd","logger":"cosmos.dbt.graph","filename":"graph.py","lineno":898}
{"timestamp":"2026-08-29T09:41:57.033323Z","level":"info","event":"Total nodes: 27","logger":"cosmos.dbt.graph","filename":"graph.py","lineno":799}
{"timestamp":"2026-08-29T09:41:57.033385Z","level":"info","event":"Total filtered nodes: 27","logger":"cosmos.dbt.graph","filename":"graph.py","lineno":800}
{"timestamp":"2026-08-29T09:41:57.033480Z","level":"info","event":"Cosmos performance (verdanta_weekly__dbt_weekly) - [38dba2c61c19|1669]: It took 0.146s to parse the dbt project for DAG using LoadMode.DBT_LS_CACHE","logger":"cosmos.converter","filename":"converter.py","lineno":371}
{"timestamp":"2026-08-29T09:41:57.057997Z","level":"info","event":"Cosmos performance (verdanta_weekly__dbt_weekly) - [38dba2c61c19|1669]: It took 0.0245s to build the Airflow DAG.","logger":"cosmos.converter","filename":"converter.py","lineno":423}
{"timestamp":"2026-08-29T09:41:57.058161Z","level":"info","event":"::endgroup::Cosmos DAG parsing logs","logger":"cosmos.converter","filename":"converter.py","lineno":430}
{"timestamp":"2026-08-29T09:41:57.058766Z","level":"warning","event":"Using Variable.get from `airflow.models` is deprecated.Please use `get` on Variable from sdk(`airflow.sdk.Variable`) instead","category":"UserWarning","filename":"/home/airflow/.local/lib/python3.13/site-packages/airflow/models/variable.py","lineno":158,"logger":"py.warnings"}
{"timestamp":"2026-08-29T09:42:27.308856Z","level":"info","event":"Filling up the DagBag from /opt/airflow/dags/verdanta_weekly.py","logger":"airflow.dag_processing.dagbag.BundleDagBag","filename":"dagbag.py","lineno":469}
{"timestamp":"2026-08-29T09:42:27.375458Z","level":"info","event":"::group::Cosmos DAG parsing logs","logger":"cosmos.converter","filename":"converter.py","lineno":321}
{"timestamp":"2026-08-29T09:42:27.380922Z","level":"info","event":"Cosmos cache dir resolved to /tmp/cosmos/verdanta_weekly__dbt_weekly","logger":"cosmos.converter","filename":"converter.py","lineno":346}
{"timestamp":"2026-08-29T09:42:27.381444Z","level":"info","event":"Trying to parse the dbt project using dbt ls cache cosmos_cache__verdanta_weekly__dbt_weekly...","logger":"cosmos.dbt.graph","filename":"graph.py","lineno":869}
{"timestamp":"2026-08-29T09:42:27.516018Z","level":"info","event":"Cosmos performance: time to calculate cache identifier cosmos_cache__verdanta_weekly__dbt_weekly for current version: 0.12218080200000259","logger":"cosmos.cache","filename":"cache.py","lineno":401}
{"timestamp":"2026-08-29T09:42:27.516248Z","level":"info","event":"Cosmos performance [38dba2c61c19|1705]: The cache size for cosmos_cache__verdanta_weekly__dbt_weekly is 23804","logger":"cosmos.dbt.graph","filename":"graph.py","lineno":886}
{"timestamp":"2026-08-29T09:42:27.517137Z","level":"info","event":"Cosmos performance: Cache hit for cosmos_cache__verdanta_weekly__dbt_weekly - 39a8c4b6e19a7b5e14cfea47af7dbd90,1ae01f5b93cde0ad1f6d9482f1b54abd","logger":"cosmos.dbt.graph","filename":"graph.py","lineno":898}
{"timestamp":"2026-08-29T09:42:27.517266Z","level":"info","event":"Total nodes: 27","logger":"cosmos.dbt.graph","filename":"graph.py","lineno":799}
{"timestamp":"2026-08-29T09:42:27.517328Z","level":"info","event":"Total filtered nodes: 27","logger":"cosmos.dbt.graph","filename":"graph.py","lineno":800}
{"timestamp":"2026-08-29T09:42:27.517393Z","level":"info","event":"Cosmos performance (verdanta_weekly__dbt_weekly) - [38dba2c61c19|1705]: It took 0.136s to parse the dbt project for DAG using LoadMode.DBT_LS_CACHE","logger":"cosmos.converter","filename":"converter.py","lineno":371}
{"timestamp":"2026-08-29T09:42:27.541928Z","level":"info","event":"Cosmos performance (verdanta_weekly__dbt_weekly) - [38dba2c61c19|1705]: It took 0.0245s to build the Airflow DAG.","logger":"cosmos.converter","filename":"converter.py","lineno":423}
{"timestamp":"2026-08-29T09:42:27.542082Z","level":"info","event":"::endgroup::Cosmos DAG parsing logs","logger":"cosmos.converter","filename":"converter.py","lineno":430}
{"timestamp":"2026-08-29T09:42:27.542595Z","level":"warning","event":"Using Variable.get from `airflow.models` is deprecated.Please use `get` on Variable from sdk(`airflow.sdk.Variable`) instead","category":"UserWarning","filename":"/home/airflow/.local/lib/python3.13/site-packages/airflow/models/variable.py","lineno":158,"logger":"py.warnings"}
{"timestamp":"2026-08-29T09:42:57.705174Z","level":"info","event":"Filling up the DagBag from /opt/airflow/dags/verdanta_weekly.py","logger":"airflow.dag_processing.dagbag.BundleDagBag","filename":"dagbag.py","lineno":469}
{"timestamp":"2026-08-29T09:42:57.773739Z","level":"info","event":"::group::Cosmos DAG parsing logs","logger":"cosmos.converter","filename":"converter.py","lineno":321}
{"timestamp":"2026-08-29T09:42:57.777643Z","level":"info","event":"Cosmos cache dir resolved to /tmp/cosmos/verdanta_weekly__dbt_weekly","logger":"cosmos.converter","filename":"converter.py","lineno":346}
{"timestamp":"2026-08-29T09:42:57.777861Z","level":"info","event":"Trying to parse the dbt project using dbt ls cache cosmos_cache__verdanta_weekly__dbt_weekly...","logger":"cosmos.dbt.graph","filename":"graph.py","lineno":869}
{"timestamp":"2026-08-29T09:42:57.921965Z","level":"info","event":"Cosmos performance: time to calculate cache identifier cosmos_cache__verdanta_weekly__dbt_weekly for current version: 0.12886404700020648","logger":"cosmos.cache","filename":"cache.py","lineno":401}
{"timestamp":"2026-08-29T09:42:57.922202Z","level":"info","event":"Cosmos performance [38dba2c61c19|1741]: The cache size for cosmos_cache__verdanta_weekly__dbt_weekly is 23804","logger":"cosmos.dbt.graph","filename":"graph.py","lineno":886}
{"timestamp":"2026-08-29T09:42:57.923064Z","level":"info","event":"Cosmos performance: Cache hit for cosmos_cache__verdanta_weekly__dbt_weekly - 39a8c4b6e19a7b5e14cfea47af7dbd90,1ae01f5b93cde0ad1f6d9482f1b54abd","logger":"cosmos.dbt.graph","filename":"graph.py","lineno":898}
{"timestamp":"2026-08-29T09:42:57.923192Z","level":"info","event":"Total nodes: 27","logger":"cosmos.dbt.graph","filename":"graph.py","lineno":799}
{"timestamp":"2026-08-29T09:42:57.923252Z","level":"info","event":"Total filtered nodes: 27","logger":"cosmos.dbt.graph","filename":"graph.py","lineno":800}
{"timestamp":"2026-08-29T09:42:57.923328Z","level":"info","event":"Cosmos performance (verdanta_weekly__dbt_weekly) - [38dba2c61c19|1741]: It took 0.146s to parse the dbt project for DAG using LoadMode.DBT_LS_CACHE","logger":"cosmos.converter","filename":"converter.py","lineno":371}
{"timestamp":"2026-08-29T09:42:57.951631Z","level":"info","event":"Cosmos performance (verdanta_weekly__dbt_weekly) - [38dba2c61c19|1741]: It took 0.0282s to build the Airflow DAG.","logger":"cosmos.converter","filename":"converter.py","lineno":423}
{"timestamp":"2026-08-29T09:42:57.951818Z","level":"info","event":"::endgroup::Cosmos DAG parsing logs","logger":"cosmos.converter","filename":"converter.py","lineno":430}
{"timestamp":"2026-08-29T09:42:57.952767Z","level":"warning","event":"Using Variable.get from `airflow.models` is deprecated.Please use `get` on Variable from sdk(`airflow.sdk.Variable`) instead","category":"UserWarning","filename":"/home/airflow/.local/lib/python3.13/site-packages/airflow/models/variable.py","lineno":158,"logger":"py.warnings"}
{"timestamp":"2026-08-29T09:43:29.003798Z","level":"info","event":"Filling up the DagBag from /opt/airflow/dags/verdanta_weekly.py","logger":"airflow.dag_processing.dagbag.BundleDagBag","filename":"dagbag.py","lineno":469}
{"timestamp":"2026-08-29T09:43:29.077335Z","level":"info","event":"::group::Cosmos DAG parsing logs","logger":"cosmos.converter","filename":"converter.py","lineno":321}
{"timestamp":"2026-08-29T09:43:29.081295Z","level":"info","event":"Cosmos cache dir resolved to /tmp/cosmos/verdanta_weekly__dbt_weekly","logger":"cosmos.converter","filename":"converter.py","lineno":346}
{"timestamp":"2026-08-29T09:43:29.081507Z","level":"info","event":"Trying to parse the dbt project using dbt ls cache cosmos_cache__verdanta_weekly__dbt_weekly...","logger":"cosmos.dbt.graph","filename":"graph.py","lineno":869}
{"timestamp":"2026-08-29T09:43:29.229680Z","level":"info","event":"Cosmos performance: time to calculate cache identifier cosmos_cache__verdanta_weekly__dbt_weekly for current version: 0.13393646700023965","logger":"cosmos.cache","filename":"cache.py","lineno":401}
{"timestamp":"2026-08-29T09:43:29.229909Z","level":"info","event":"Cosmos performance [38dba2c61c19|1758]: The cache size for cosmos_cache__verdanta_weekly__dbt_weekly is 23804","logger":"cosmos.dbt.graph","filename":"graph.py","lineno":886}
{"timestamp":"2026-08-29T09:43:29.230817Z","level":"info","event":"Cosmos performance: Cache hit for cosmos_cache__verdanta_weekly__dbt_weekly - 39a8c4b6e19a7b5e14cfea47af7dbd90,1ae01f5b93cde0ad1f6d9482f1b54abd","logger":"cosmos.dbt.graph","filename":"graph.py","lineno":898}
{"timestamp":"2026-08-29T09:43:29.230948Z","level":"info","event":"Total nodes: 27","logger":"cosmos.dbt.graph","filename":"graph.py","lineno":799}
{"timestamp":"2026-08-29T09:43:29.231011Z","level":"info","event":"Total filtered nodes: 27","logger":"cosmos.dbt.graph","filename":"graph.py","lineno":800}
{"timestamp":"2026-08-29T09:43:29.231090Z","level":"info","event":"Cosmos performance (verdanta_weekly__dbt_weekly) - [38dba2c61c19|1758]: It took 0.15s to parse the dbt project for DAG using LoadMode.DBT_LS_CACHE","logger":"cosmos.converter","filename":"converter.py","lineno":371}
{"timestamp":"2026-08-29T09:43:29.256494Z","level":"info","event":"Cosmos performance (verdanta_weekly__dbt_weekly) - [38dba2c61c19|1758]: It took 0.0253s to build the Airflow DAG.","logger":"cosmos.converter","filename":"converter.py","lineno":423}
{"timestamp":"2026-08-29T09:43:29.256655Z","level":"info","event":"::endgroup::Cosmos DAG parsing logs","logger":"cosmos.converter","filename":"converter.py","lineno":430}
{"timestamp":"2026-08-29T09:43:29.257296Z","level":"warning","event":"Using Variable.get from `airflow.models` is deprecated.Please use `get` on Variable from sdk(`airflow.sdk.Variable`) instead","category":"UserWarning","filename":"/home/airflow/.local/lib/python3.13/site-packages/airflow/models/variable.py","lineno":158,"logger":"py.warnings"}
{"timestamp":"2026-08-29T09:43:59.649655Z","level":"info","event":"Filling up the DagBag from /opt/airflow/dags/verdanta_weekly.py","logger":"airflow.dag_processing.dagbag.BundleDagBag","filename":"dagbag.py","lineno":469}
{"timestamp":"2026-08-29T09:43:59.714324Z","level":"info","event":"::group::Cosmos DAG parsing logs","logger":"cosmos.converter","filename":"converter.py","lineno":321}
{"timestamp":"2026-08-29T09:43:59.717600Z","level":"info","event":"Cosmos cache dir resolved to /tmp/cosmos/verdanta_weekly__dbt_weekly","logger":"cosmos.converter","filename":"converter.py","lineno":346}
{"timestamp":"2026-08-29T09:43:59.717809Z","level":"info","event":"Trying to parse the dbt project using dbt ls cache cosmos_cache__verdanta_weekly__dbt_weekly...","logger":"cosmos.dbt.graph","filename":"graph.py","lineno":869}
{"timestamp":"2026-08-29T09:43:59.856607Z","level":"info","event":"Cosmos performance: time to calculate cache identifier cosmos_cache__verdanta_weekly__dbt_weekly for current version: 0.12360509399968578","logger":"cosmos.cache","filename":"cache.py","lineno":401}
{"timestamp":"2026-08-29T09:43:59.856865Z","level":"info","event":"Cosmos performance [38dba2c61c19|1791]: The cache size for cosmos_cache__verdanta_weekly__dbt_weekly is 23804","logger":"cosmos.dbt.graph","filename":"graph.py","lineno":886}
{"timestamp":"2026-08-29T09:43:59.858437Z","level":"info","event":"Cosmos performance: Cache hit for cosmos_cache__verdanta_weekly__dbt_weekly - 39a8c4b6e19a7b5e14cfea47af7dbd90,1ae01f5b93cde0ad1f6d9482f1b54abd","logger":"cosmos.dbt.graph","filename":"graph.py","lineno":898}
{"timestamp":"2026-08-29T09:43:59.858582Z","level":"info","event":"Total nodes: 27","logger":"cosmos.dbt.graph","filename":"graph.py","lineno":799}
{"timestamp":"2026-08-29T09:43:59.858643Z","level":"info","event":"Total filtered nodes: 27","logger":"cosmos.dbt.graph","filename":"graph.py","lineno":800}
{"timestamp":"2026-08-29T09:43:59.858708Z","level":"info","event":"Cosmos performance (verdanta_weekly__dbt_weekly) - [38dba2c61c19|1791]: It took 0.141s to parse the dbt project for DAG using LoadMode.DBT_LS_CACHE","logger":"cosmos.converter","filename":"converter.py","lineno":371}
{"timestamp":"2026-08-29T09:43:59.884548Z","level":"info","event":"Cosmos performance (verdanta_weekly__dbt_weekly) - [38dba2c61c19|1791]: It took 0.0258s to build the Airflow DAG.","logger":"cosmos.converter","filename":"converter.py","lineno":423}
{"timestamp":"2026-08-29T09:43:59.884711Z","level":"info","event":"::endgroup::Cosmos DAG parsing logs","logger":"cosmos.converter","filename":"converter.py","lineno":430}
{"timestamp":"2026-08-29T09:43:59.885104Z","level":"warning","event":"Using Variable.get from `airflow.models` is deprecated.Please use `get` on Variable from sdk(`airflow.sdk.Variable`) instead","category":"UserWarning","filename":"/home/airflow/.local/lib/python3.13/site-packages/airflow/models/variable.py","lineno":158,"logger":"py.warnings"}
{"timestamp":"2026-08-29T09:44:30.534289Z","level":"info","event":"Filling up the DagBag from /opt/airflow/dags/verdanta_weekly.py","logger":"airflow.dag_processing.dagbag.BundleDagBag","filename":"dagbag.py","lineno":469}
{"timestamp":"2026-08-29T09:44:30.600485Z","level":"info","event":"::group::Cosmos DAG parsing logs","logger":"cosmos.converter","filename":"converter.py","lineno":321}
{"timestamp":"2026-08-29T09:44:30.603955Z","level":"info","event":"Cosmos cache dir resolved to /tmp/cosmos/verdanta_weekly__dbt_weekly","logger":"cosmos.converter","filename":"converter.py","lineno":346}
{"timestamp":"2026-08-29T09:44:30.604152Z","level":"info","event":"Trying to parse the dbt project using dbt ls cache cosmos_cache__verdanta_weekly__dbt_weekly...","logger":"cosmos.dbt.graph","filename":"graph.py","lineno":869}
{"timestamp":"2026-08-29T09:44:30.746656Z","level":"info","event":"Cosmos performance: time to calculate cache identifier cosmos_cache__verdanta_weekly__dbt_weekly for current version: 0.1273821750000934","logger":"cosmos.cache","filename":"cache.py","lineno":401}
{"timestamp":"2026-08-29T09:44:30.746889Z","level":"info","event":"Cosmos performance [38dba2c61c19|1827]: The cache size for cosmos_cache__verdanta_weekly__dbt_weekly is 23804","logger":"cosmos.dbt.graph","filename":"graph.py","lineno":886}
{"timestamp":"2026-08-29T09:44:30.748391Z","level":"info","event":"Cosmos performance: Cache hit for cosmos_cache__verdanta_weekly__dbt_weekly - 39a8c4b6e19a7b5e14cfea47af7dbd90,1ae01f5b93cde0ad1f6d9482f1b54abd","logger":"cosmos.dbt.graph","filename":"graph.py","lineno":898}
{"timestamp":"2026-08-29T09:44:30.748524Z","level":"info","event":"Total nodes: 27","logger":"cosmos.dbt.graph","filename":"graph.py","lineno":799}
{"timestamp":"2026-08-29T09:44:30.748587Z","level":"info","event":"Total filtered nodes: 27","logger":"cosmos.dbt.graph","filename":"graph.py","lineno":800}
{"timestamp":"2026-08-29T09:44:30.748651Z","level":"info","event":"Cosmos performance (verdanta_weekly__dbt_weekly) - [38dba2c61c19|1827]: It took 0.145s to parse the dbt project for DAG using LoadMode.DBT_LS_CACHE","logger":"cosmos.converter","filename":"converter.py","lineno":371}
{"timestamp":"2026-08-29T09:44:30.773285Z","level":"info","event":"Cosmos performance (verdanta_weekly__dbt_weekly) - [38dba2c61c19|1827]: It took 0.0246s to build the Airflow DAG.","logger":"cosmos.converter","filename":"converter.py","lineno":423}
{"timestamp":"2026-08-29T09:44:30.773441Z","level":"info","event":"::endgroup::Cosmos DAG parsing logs","logger":"cosmos.converter","filename":"converter.py","lineno":430}
{"timestamp":"2026-08-29T09:44:30.774045Z","level":"warning","event":"Using Variable.get from `airflow.models` is deprecated.Please use `get` on Variable from sdk(`airflow.sdk.Variable`) instead","category":"UserWarning","filename":"/home/airflow/.local/lib/python3.13/site-packages/airflow/models/variable.py","lineno":158,"logger":"py.warnings"}
{"timestamp":"2026-08-29T09:45:00.940022Z","level":"info","event":"Filling up the DagBag from /opt/airflow/dags/verdanta_weekly.py","logger":"airflow.dag_processing.dagbag.BundleDagBag","filename":"dagbag.py","lineno":469}
{"timestamp":"2026-08-29T09:45:01.005515Z","level":"info","event":"::group::Cosmos DAG parsing logs","logger":"cosmos.converter","filename":"converter.py","lineno":321}
{"timestamp":"2026-08-29T09:45:01.009656Z","level":"info","event":"Cosmos cache dir resolved to /tmp/cosmos/verdanta_weekly__dbt_weekly","logger":"cosmos.converter","filename":"converter.py","lineno":346}
{"timestamp":"2026-08-29T09:45:01.009930Z","level":"info","event":"Trying to parse the dbt project using dbt ls cache cosmos_cache__verdanta_weekly__dbt_weekly...","logger":"cosmos.dbt.graph","filename":"graph.py","lineno":869}
{"timestamp":"2026-08-29T09:45:01.148922Z","level":"info","event":"Cosmos performance: time to calculate cache identifier cosmos_cache__verdanta_weekly__dbt_weekly for current version: 0.12339053899995633","logger":"cosmos.cache","filename":"cache.py","lineno":401}
{"timestamp":"2026-08-29T09:45:01.149179Z","level":"info","event":"Cosmos performance [38dba2c61c19|1863]: The cache size for cosmos_cache__verdanta_weekly__dbt_weekly is 23804","logger":"cosmos.dbt.graph","filename":"graph.py","lineno":886}
{"timestamp":"2026-08-29T09:45:01.150294Z","level":"info","event":"Cosmos performance: Cache hit for cosmos_cache__verdanta_weekly__dbt_weekly - 39a8c4b6e19a7b5e14cfea47af7dbd90,1ae01f5b93cde0ad1f6d9482f1b54abd","logger":"cosmos.dbt.graph","filename":"graph.py","lineno":898}
{"timestamp":"2026-08-29T09:45:01.150460Z","level":"info","event":"Total nodes: 27","logger":"cosmos.dbt.graph","filename":"graph.py","lineno":799}
{"timestamp":"2026-08-29T09:45:01.150536Z","level":"info","event":"Total filtered nodes: 27","logger":"cosmos.dbt.graph","filename":"graph.py","lineno":800}
{"timestamp":"2026-08-29T09:45:01.150604Z","level":"info","event":"Cosmos performance (verdanta_weekly__dbt_weekly) - [38dba2c61c19|1863]: It took 0.141s to parse the dbt project for DAG using LoadMode.DBT_LS_CACHE","logger":"cosmos.converter","filename":"converter.py","lineno":371}
{"timestamp":"2026-08-29T09:45:01.175042Z","level":"info","event":"Cosmos performance (verdanta_weekly__dbt_weekly) - [38dba2c61c19|1863]: It took 0.0244s to build the Airflow DAG.","logger":"cosmos.converter","filename":"converter.py","lineno":423}
{"timestamp":"2026-08-29T09:45:01.175201Z","level":"info","event":"::endgroup::Cosmos DAG parsing logs","logger":"cosmos.converter","filename":"converter.py","lineno":430}
{"timestamp":"2026-08-29T09:45:01.175742Z","level":"warning","event":"Using Variable.get from `airflow.models` is deprecated.Please use `get` on Variable from sdk(`airflow.sdk.Variable`) instead","category":"UserWarning","filename":"/home/airflow/.local/lib/python3.13/site-packages/airflow/models/variable.py","lineno":158,"logger":"py.warnings"}
{"timestamp":"2026-08-29T09:45:32.159007Z","level":"info","event":"Filling up the DagBag from /opt/airflow/dags/verdanta_weekly.py","logger":"airflow.dag_processing.dagbag.BundleDagBag","filename":"dagbag.py","lineno":469}
{"timestamp":"2026-08-29T09:45:32.249443Z","level":"info","event":"::group::Cosmos DAG parsing logs","logger":"cosmos.converter","filename":"converter.py","lineno":321}
{"timestamp":"2026-08-29T09:45:32.255046Z","level":"info","event":"Cosmos cache dir resolved to /tmp/cosmos/verdanta_weekly__dbt_weekly","logger":"cosmos.converter","filename":"converter.py","lineno":346}
{"timestamp":"2026-08-29T09:45:32.255368Z","level":"info","event":"Trying to parse the dbt project using dbt ls cache cosmos_cache__verdanta_weekly__dbt_weekly...","logger":"cosmos.dbt.graph","filename":"graph.py","lineno":869}
{"timestamp":"2026-08-29T09:45:32.416436Z","level":"info","event":"Cosmos performance: time to calculate cache identifier cosmos_cache__verdanta_weekly__dbt_weekly for current version: 0.14172234200032108","logger":"cosmos.cache","filename":"cache.py","lineno":401}
{"timestamp":"2026-08-29T09:45:32.416953Z","level":"info","event":"Cosmos performance [38dba2c61c19|1898]: The cache size for cosmos_cache__verdanta_weekly__dbt_weekly is 23804","logger":"cosmos.dbt.graph","filename":"graph.py","lineno":886}
{"timestamp":"2026-08-29T09:45:32.418098Z","level":"info","event":"Cosmos performance: Cache hit for cosmos_cache__verdanta_weekly__dbt_weekly - 39a8c4b6e19a7b5e14cfea47af7dbd90,1ae01f5b93cde0ad1f6d9482f1b54abd","logger":"cosmos.dbt.graph","filename":"graph.py","lineno":898}
{"timestamp":"2026-08-29T09:45:32.418275Z","level":"info","event":"Total nodes: 27","logger":"cosmos.dbt.graph","filename":"graph.py","lineno":799}
{"timestamp":"2026-08-29T09:45:32.418356Z","level":"info","event":"Total filtered nodes: 27","logger":"cosmos.dbt.graph","filename":"graph.py","lineno":800}
{"timestamp":"2026-08-29T09:45:32.418465Z","level":"info","event":"Cosmos performance (verdanta_weekly__dbt_weekly) - [38dba2c61c19|1898]: It took 0.163s to parse the dbt project for DAG using LoadMode.DBT_LS_CACHE","logger":"cosmos.converter","filename":"converter.py","lineno":371}
{"timestamp":"2026-08-29T09:45:32.447537Z","level":"info","event":"Cosmos performance (verdanta_weekly__dbt_weekly) - [38dba2c61c19|1898]: It took 0.029s to build the Airflow DAG.","logger":"cosmos.converter","filename":"converter.py","lineno":423}
{"timestamp":"2026-08-29T09:45:32.447714Z","level":"info","event":"::endgroup::Cosmos DAG parsing logs","logger":"cosmos.converter","filename":"converter.py","lineno":430}
{"timestamp":"2026-08-29T09:45:32.448449Z","level":"warning","event":"Using Variable.get from `airflow.models` is deprecated.Please use `get` on Variable from sdk(`airflow.sdk.Variable`) instead","category":"UserWarning","filename":"/home/airflow/.local/lib/python3.13/site-packages/airflow/models/variable.py","lineno":158,"logger":"py.warnings"}
{"timestamp":"2026-08-29T09:46:02.685438Z","level":"info","event":"Filling up the DagBag from /opt/airflow/dags/verdanta_weekly.py","logger":"airflow.dag_processing.dagbag.BundleDagBag","filename":"dagbag.py","lineno":469}
{"timestamp":"2026-08-29T09:46:02.762133Z","level":"info","event":"::group::Cosmos DAG parsing logs","logger":"cosmos.converter","filename":"converter.py","lineno":321}
{"timestamp":"2026-08-29T09:46:02.766185Z","level":"info","event":"Cosmos cache dir resolved to /tmp/cosmos/verdanta_weekly__dbt_weekly","logger":"cosmos.converter","filename":"converter.py","lineno":346}
{"timestamp":"2026-08-29T09:46:02.766393Z","level":"info","event":"Trying to parse the dbt project using dbt ls cache cosmos_cache__verdanta_weekly__dbt_weekly...","logger":"cosmos.dbt.graph","filename":"graph.py","lineno":869}
{"timestamp":"2026-08-29T09:46:02.906326Z","level":"info","event":"Cosmos performance: time to calculate cache identifier cosmos_cache__verdanta_weekly__dbt_weekly for current version: 0.12553319499966165","logger":"cosmos.cache","filename":"cache.py","lineno":401}
{"timestamp":"2026-08-29T09:46:02.906561Z","level":"info","event":"Cosmos performance [38dba2c61c19|1909]: The cache size for cosmos_cache__verdanta_weekly__dbt_weekly is 23804","logger":"cosmos.dbt.graph","filename":"graph.py","lineno":886}
{"timestamp":"2026-08-29T09:46:02.907434Z","level":"info","event":"Cosmos performance: Cache hit for cosmos_cache__verdanta_weekly__dbt_weekly - 39a8c4b6e19a7b5e14cfea47af7dbd90,1ae01f5b93cde0ad1f6d9482f1b54abd","logger":"cosmos.dbt.graph","filename":"graph.py","lineno":898}
{"timestamp":"2026-08-29T09:46:02.907570Z","level":"info","event":"Total nodes: 27","logger":"cosmos.dbt.graph","filename":"graph.py","lineno":799}
{"timestamp":"2026-08-29T09:46:02.907632Z","level":"info","event":"Total filtered nodes: 27","logger":"cosmos.dbt.graph","filename":"graph.py","lineno":800}
{"timestamp":"2026-08-29T09:46:02.907706Z","level":"info","event":"Cosmos performance (verdanta_weekly__dbt_weekly) - [38dba2c61c19|1909]: It took 0.141s to parse the dbt project for DAG using LoadMode.DBT_LS_CACHE","logger":"cosmos.converter","filename":"converter.py","lineno":371}
{"timestamp":"2026-08-29T09:46:02.933136Z","level":"info","event":"Cosmos performance (verdanta_weekly__dbt_weekly) - [38dba2c61c19|1909]: It took 0.0254s to build the Airflow DAG.","logger":"cosmos.converter","filename":"converter.py","lineno":423}
{"timestamp":"2026-08-29T09:46:02.933308Z","level":"info","event":"::endgroup::Cosmos DAG parsing logs","logger":"cosmos.converter","filename":"converter.py","lineno":430}
{"timestamp":"2026-08-29T09:46:02.933857Z","level":"warning","event":"Using Variable.get from `airflow.models` is deprecated.Please use `get` on Variable from sdk(`airflow.sdk.Variable`) instead","category":"UserWarning","filename":"/home/airflow/.local/lib/python3.13/site-packages/airflow/models/variable.py","lineno":158,"logger":"py.warnings"}
{"timestamp":"2026-08-29T09:46:33.591807Z","level":"info","event":"Filling up the DagBag from /opt/airflow/dags/verdanta_weekly.py","logger":"airflow.dag_processing.dagbag.BundleDagBag","filename":"dagbag.py","lineno":469}
{"timestamp":"2026-08-29T09:46:33.656988Z","level":"info","event":"::group::Cosmos DAG parsing logs","logger":"cosmos.converter","filename":"converter.py","lineno":321}
{"timestamp":"2026-08-29T09:46:33.660205Z","level":"info","event":"Cosmos cache dir resolved to /tmp/cosmos/verdanta_weekly__dbt_weekly","logger":"cosmos.converter","filename":"converter.py","lineno":346}
{"timestamp":"2026-08-29T09:46:33.660438Z","level":"info","event":"Trying to parse the dbt project using dbt ls cache cosmos_cache__verdanta_weekly__dbt_weekly...","logger":"cosmos.dbt.graph","filename":"graph.py","lineno":869}
{"timestamp":"2026-08-29T09:46:33.801732Z","level":"info","event":"Cosmos performance: time to calculate cache identifier cosmos_cache__verdanta_weekly__dbt_weekly for current version: 0.1257916060003481","logger":"cosmos.cache","filename":"cache.py","lineno":401}
{"timestamp":"2026-08-29T09:46:33.801968Z","level":"info","event":"Cosmos performance [38dba2c61c19|1941]: The cache size for cosmos_cache__verdanta_weekly__dbt_weekly is 23804","logger":"cosmos.dbt.graph","filename":"graph.py","lineno":886}
{"timestamp":"2026-08-29T09:46:33.802879Z","level":"info","event":"Cosmos performance: Cache hit for cosmos_cache__verdanta_weekly__dbt_weekly - 39a8c4b6e19a7b5e14cfea47af7dbd90,1ae01f5b93cde0ad1f6d9482f1b54abd","logger":"cosmos.dbt.graph","filename":"graph.py","lineno":898}
{"timestamp":"2026-08-29T09:46:33.803009Z","level":"info","event":"Total nodes: 27","logger":"cosmos.dbt.graph","filename":"graph.py","lineno":799}
{"timestamp":"2026-08-29T09:46:33.803068Z","level":"info","event":"Total filtered nodes: 27","logger":"cosmos.dbt.graph","filename":"graph.py","lineno":800}
{"timestamp":"2026-08-29T09:46:33.803163Z","level":"info","event":"Cosmos performance (verdanta_weekly__dbt_weekly) - [38dba2c61c19|1941]: It took 0.143s to parse the dbt project for DAG using LoadMode.DBT_LS_CACHE","logger":"cosmos.converter","filename":"converter.py","lineno":371}
{"timestamp":"2026-08-29T09:46:33.828308Z","level":"info","event":"Cosmos performance (verdanta_weekly__dbt_weekly) - [38dba2c61c19|1941]: It took 0.0251s to build the Airflow DAG.","logger":"cosmos.converter","filename":"converter.py","lineno":423}
{"timestamp":"2026-08-29T09:46:33.828472Z","level":"info","event":"::endgroup::Cosmos DAG parsing logs","logger":"cosmos.converter","filename":"converter.py","lineno":430}
{"timestamp":"2026-08-29T09:46:33.828988Z","level":"warning","event":"Using Variable.get from `airflow.models` is deprecated.Please use `get` on Variable from sdk(`airflow.sdk.Variable`) instead","category":"UserWarning","filename":"/home/airflow/.local/lib/python3.13/site-packages/airflow/models/variable.py","lineno":158,"logger":"py.warnings"}
{"timestamp":"2026-08-29T09:47:04.652343Z","level":"info","event":"Filling up the DagBag from /opt/airflow/dags/verdanta_weekly.py","logger":"airflow.dag_processing.dagbag.BundleDagBag","filename":"dagbag.py","lineno":469}
{"timestamp":"2026-08-29T09:47:04.722650Z","level":"info","event":"::group::Cosmos DAG parsing logs","logger":"cosmos.converter","filename":"converter.py","lineno":321}
{"timestamp":"2026-08-29T09:47:04.726648Z","level":"info","event":"Cosmos cache dir resolved to /tmp/cosmos/verdanta_weekly__dbt_weekly","logger":"cosmos.converter","filename":"converter.py","lineno":346}
{"timestamp":"2026-08-29T09:47:04.726911Z","level":"info","event":"Trying to parse the dbt project using dbt ls cache cosmos_cache__verdanta_weekly__dbt_weekly...","logger":"cosmos.dbt.graph","filename":"graph.py","lineno":869}
{"timestamp":"2026-08-29T09:47:04.877409Z","level":"info","event":"Cosmos performance: time to calculate cache identifier cosmos_cache__verdanta_weekly__dbt_weekly for current version: 0.13237602800018067","logger":"cosmos.cache","filename":"cache.py","lineno":401}
{"timestamp":"2026-08-29T09:47:04.877676Z","level":"info","event":"Cosmos performance [38dba2c61c19|1977]: The cache size for cosmos_cache__verdanta_weekly__dbt_weekly is 23804","logger":"cosmos.dbt.graph","filename":"graph.py","lineno":886}
{"timestamp":"2026-08-29T09:47:04.878692Z","level":"info","event":"Cosmos performance: Cache hit for cosmos_cache__verdanta_weekly__dbt_weekly - 39a8c4b6e19a7b5e14cfea47af7dbd90,1ae01f5b93cde0ad1f6d9482f1b54abd","logger":"cosmos.dbt.graph","filename":"graph.py","lineno":898}
{"timestamp":"2026-08-29T09:47:04.878824Z","level":"info","event":"Total nodes: 27","logger":"cosmos.dbt.graph","filename":"graph.py","lineno":799}
{"timestamp":"2026-08-29T09:47:04.878885Z","level":"info","event":"Total filtered nodes: 27","logger":"cosmos.dbt.graph","filename":"graph.py","lineno":800}
{"timestamp":"2026-08-29T09:47:04.879012Z","level":"info","event":"Cosmos performance (verdanta_weekly__dbt_weekly) - [38dba2c61c19|1977]: It took 0.152s to parse the dbt project for DAG using LoadMode.DBT_LS_CACHE","logger":"cosmos.converter","filename":"converter.py","lineno":371}
{"timestamp":"2026-08-29T09:47:04.904177Z","level":"info","event":"Cosmos performance (verdanta_weekly__dbt_weekly) - [38dba2c61c19|1977]: It took 0.0252s to build the Airflow DAG.","logger":"cosmos.converter","filename":"converter.py","lineno":423}
{"timestamp":"2026-08-29T09:47:04.904349Z","level":"info","event":"::endgroup::Cosmos DAG parsing logs","logger":"cosmos.converter","filename":"converter.py","lineno":430}
{"timestamp":"2026-08-29T09:47:04.904959Z","level":"warning","event":"Using Variable.get from `airflow.models` is deprecated.Please use `get` on Variable from sdk(`airflow.sdk.Variable`) instead","category":"UserWarning","filename":"/home/airflow/.local/lib/python3.13/site-packages/airflow/models/variable.py","lineno":158,"logger":"py.warnings"}
{"timestamp":"2026-08-29T09:47:35.027170Z","level":"info","event":"Filling up the DagBag from /opt/airflow/dags/verdanta_weekly.py","logger":"airflow.dag_processing.dagbag.BundleDagBag","filename":"dagbag.py","lineno":469}
{"timestamp":"2026-08-29T09:47:35.098408Z","level":"info","event":"::group::Cosmos DAG parsing logs","logger":"cosmos.converter","filename":"converter.py","lineno":321}
{"timestamp":"2026-08-29T09:47:35.101685Z","level":"info","event":"Cosmos cache dir resolved to /tmp/cosmos/verdanta_weekly__dbt_weekly","logger":"cosmos.converter","filename":"converter.py","lineno":346}
{"timestamp":"2026-08-29T09:47:35.101910Z","level":"info","event":"Trying to parse the dbt project using dbt ls cache cosmos_cache__verdanta_weekly__dbt_weekly...","logger":"cosmos.dbt.graph","filename":"graph.py","lineno":869}
{"timestamp":"2026-08-29T09:47:35.248600Z","level":"info","event":"Cosmos performance: time to calculate cache identifier cosmos_cache__verdanta_weekly__dbt_weekly for current version: 0.13098475900005724","logger":"cosmos.cache","filename":"cache.py","lineno":401}
{"timestamp":"2026-08-29T09:47:35.248881Z","level":"info","event":"Cosmos performance [38dba2c61c19|2013]: The cache size for cosmos_cache__verdanta_weekly__dbt_weekly is 23804","logger":"cosmos.dbt.graph","filename":"graph.py","lineno":886}
{"timestamp":"2026-08-29T09:47:35.249808Z","level":"info","event":"Cosmos performance: Cache hit for cosmos_cache__verdanta_weekly__dbt_weekly - 39a8c4b6e19a7b5e14cfea47af7dbd90,1ae01f5b93cde0ad1f6d9482f1b54abd","logger":"cosmos.dbt.graph","filename":"graph.py","lineno":898}
{"timestamp":"2026-08-29T09:47:35.250078Z","level":"info","event":"Total nodes: 27","logger":"cosmos.dbt.graph","filename":"graph.py","lineno":799}
{"timestamp":"2026-08-29T09:47:35.250151Z","level":"info","event":"Total filtered nodes: 27","logger":"cosmos.dbt.graph","filename":"graph.py","lineno":800}
{"timestamp":"2026-08-29T09:47:35.250223Z","level":"info","event":"Cosmos performance (verdanta_weekly__dbt_weekly) - [38dba2c61c19|2013]: It took 0.148s to parse the dbt project for DAG using LoadMode.DBT_LS_CACHE","logger":"cosmos.converter","filename":"converter.py","lineno":371}
{"timestamp":"2026-08-29T09:47:35.281869Z","level":"info","event":"Cosmos performance (verdanta_weekly__dbt_weekly) - [38dba2c61c19|2013]: It took 0.0316s to build the Airflow DAG.","logger":"cosmos.converter","filename":"converter.py","lineno":423}
{"timestamp":"2026-08-29T09:47:35.282090Z","level":"info","event":"::endgroup::Cosmos DAG parsing logs","logger":"cosmos.converter","filename":"converter.py","lineno":430}
{"timestamp":"2026-08-29T09:47:35.282660Z","level":"warning","event":"Using Variable.get from `airflow.models` is deprecated.Please use `get` on Variable from sdk(`airflow.sdk.Variable`) instead","category":"UserWarning","filename":"/home/airflow/.local/lib/python3.13/site-packages/airflow/models/variable.py","lineno":158,"logger":"py.warnings"}
{"timestamp":"2026-08-29T09:48:06.250769Z","level":"info","event":"Filling up the DagBag from /opt/airflow/dags/verdanta_weekly.py","logger":"airflow.dag_processing.dagbag.BundleDagBag","filename":"dagbag.py","lineno":469}
{"timestamp":"2026-08-29T09:48:06.320212Z","level":"info","event":"::group::Cosmos DAG parsing logs","logger":"cosmos.converter","filename":"converter.py","lineno":321}
{"timestamp":"2026-08-29T09:48:06.324272Z","level":"info","event":"Cosmos cache dir resolved to /tmp/cosmos/verdanta_weekly__dbt_weekly","logger":"cosmos.converter","filename":"converter.py","lineno":346}
{"timestamp":"2026-08-29T09:48:06.324499Z","level":"info","event":"Trying to parse the dbt project using dbt ls cache cosmos_cache__verdanta_weekly__dbt_weekly...","logger":"cosmos.dbt.graph","filename":"graph.py","lineno":869}
{"timestamp":"2026-08-29T09:48:06.464108Z","level":"info","event":"Cosmos performance: time to calculate cache identifier cosmos_cache__verdanta_weekly__dbt_weekly for current version: 0.12399023600028158","logger":"cosmos.cache","filename":"cache.py","lineno":401}
{"timestamp":"2026-08-29T09:48:06.464386Z","level":"info","event":"Cosmos performance [38dba2c61c19|2049]: The cache size for cosmos_cache__verdanta_weekly__dbt_weekly is 23804","logger":"cosmos.dbt.graph","filename":"graph.py","lineno":886}
{"timestamp":"2026-08-29T09:48:06.465373Z","level":"info","event":"Cosmos performance: Cache hit for cosmos_cache__verdanta_weekly__dbt_weekly - 39a8c4b6e19a7b5e14cfea47af7dbd90,1ae01f5b93cde0ad1f6d9482f1b54abd","logger":"cosmos.dbt.graph","filename":"graph.py","lineno":898}
{"timestamp":"2026-08-29T09:48:06.465493Z","level":"info","event":"Total nodes: 27","logger":"cosmos.dbt.graph","filename":"graph.py","lineno":799}
{"timestamp":"2026-08-29T09:48:06.465552Z","level":"info","event":"Total filtered nodes: 27","logger":"cosmos.dbt.graph","filename":"graph.py","lineno":800}
{"timestamp":"2026-08-29T09:48:06.465618Z","level":"info","event":"Cosmos performance (verdanta_weekly__dbt_weekly) - [38dba2c61c19|2049]: It took 0.141s to parse the dbt project for DAG using LoadMode.DBT_LS_CACHE","logger":"cosmos.converter","filename":"converter.py","lineno":371}
{"timestamp":"2026-08-29T09:48:06.490876Z","level":"info","event":"Cosmos performance (verdanta_weekly__dbt_weekly) - [38dba2c61c19|2049]: It took 0.0252s to build the Airflow DAG.","logger":"cosmos.converter","filename":"converter.py","lineno":423}
{"timestamp":"2026-08-29T09:48:06.491046Z","level":"info","event":"::endgroup::Cosmos DAG parsing logs","logger":"cosmos.converter","filename":"converter.py","lineno":430}
{"timestamp":"2026-08-29T09:48:06.491501Z","level":"warning","event":"Using Variable.get from `airflow.models` is deprecated.Please use `get` on Variable from sdk(`airflow.sdk.Variable`) instead","category":"UserWarning","filename":"/home/airflow/.local/lib/python3.13/site-packages/airflow/models/variable.py","lineno":158,"logger":"py.warnings"}
{"timestamp":"2026-08-29T09:48:36.572389Z","level":"info","event":"Filling up the DagBag from /opt/airflow/dags/verdanta_weekly.py","logger":"airflow.dag_processing.dagbag.BundleDagBag","filename":"dagbag.py","lineno":469}
{"timestamp":"2026-08-29T09:48:36.647881Z","level":"info","event":"::group::Cosmos DAG parsing logs","logger":"cosmos.converter","filename":"converter.py","lineno":321}
{"timestamp":"2026-08-29T09:48:36.651610Z","level":"info","event":"Cosmos cache dir resolved to /tmp/cosmos/verdanta_weekly__dbt_weekly","logger":"cosmos.converter","filename":"converter.py","lineno":346}
{"timestamp":"2026-08-29T09:48:36.651845Z","level":"info","event":"Trying to parse the dbt project using dbt ls cache cosmos_cache__verdanta_weekly__dbt_weekly...","logger":"cosmos.dbt.graph","filename":"graph.py","lineno":869}
{"timestamp":"2026-08-29T09:48:36.795691Z","level":"info","event":"Cosmos performance: time to calculate cache identifier cosmos_cache__verdanta_weekly__dbt_weekly for current version: 0.13019148999956087","logger":"cosmos.cache","filename":"cache.py","lineno":401}
{"timestamp":"2026-08-29T09:48:36.795977Z","level":"info","event":"Cosmos performance [38dba2c61c19|2084]: The cache size for cosmos_cache__verdanta_weekly__dbt_weekly is 23804","logger":"cosmos.dbt.graph","filename":"graph.py","lineno":886}
{"timestamp":"2026-08-29T09:48:36.796931Z","level":"info","event":"Cosmos performance: Cache hit for cosmos_cache__verdanta_weekly__dbt_weekly - 39a8c4b6e19a7b5e14cfea47af7dbd90,1ae01f5b93cde0ad1f6d9482f1b54abd","logger":"cosmos.dbt.graph","filename":"graph.py","lineno":898}
{"timestamp":"2026-08-29T09:48:36.797077Z","level":"info","event":"Total nodes: 27","logger":"cosmos.dbt.graph","filename":"graph.py","lineno":799}
{"timestamp":"2026-08-29T09:48:36.797161Z","level":"info","event":"Total filtered nodes: 27","logger":"cosmos.dbt.graph","filename":"graph.py","lineno":800}
{"timestamp":"2026-08-29T09:48:36.797258Z","level":"info","event":"Cosmos performance (verdanta_weekly__dbt_weekly) - [38dba2c61c19|2084]: It took 0.146s to parse the dbt project for DAG using LoadMode.DBT_LS_CACHE","logger":"cosmos.converter","filename":"converter.py","lineno":371}
{"timestamp":"2026-08-29T09:48:36.822603Z","level":"info","event":"Cosmos performance (verdanta_weekly__dbt_weekly) - [38dba2c61c19|2084]: It took 0.0253s to build the Airflow DAG.","logger":"cosmos.converter","filename":"converter.py","lineno":423}
{"timestamp":"2026-08-29T09:48:36.822834Z","level":"info","event":"::endgroup::Cosmos DAG parsing logs","logger":"cosmos.converter","filename":"converter.py","lineno":430}
{"timestamp":"2026-08-29T09:48:36.823586Z","level":"warning","event":"Using Variable.get from `airflow.models` is deprecated.Please use `get` on Variable from sdk(`airflow.sdk.Variable`) instead","category":"UserWarning","filename":"/home/airflow/.local/lib/python3.13/site-packages/airflow/models/variable.py","lineno":158,"logger":"py.warnings"}
{"timestamp":"2026-08-29T09:49:07.245569Z","level":"info","event":"Filling up the DagBag from /opt/airflow/dags/verdanta_weekly.py","logger":"airflow.dag_processing.dagbag.BundleDagBag","filename":"dagbag.py","lineno":469}
{"timestamp":"2026-08-29T09:49:07.310590Z","level":"info","event":"::group::Cosmos DAG parsing logs","logger":"cosmos.converter","filename":"converter.py","lineno":321}
{"timestamp":"2026-08-29T09:49:07.314137Z","level":"info","event":"Cosmos cache dir resolved to /tmp/cosmos/verdanta_weekly__dbt_weekly","logger":"cosmos.converter","filename":"converter.py","lineno":346}
{"timestamp":"2026-08-29T09:49:07.314349Z","level":"info","event":"Trying to parse the dbt project using dbt ls cache cosmos_cache__verdanta_weekly__dbt_weekly...","logger":"cosmos.dbt.graph","filename":"graph.py","lineno":869}
{"timestamp":"2026-08-29T09:49:07.456891Z","level":"info","event":"Cosmos performance: time to calculate cache identifier cosmos_cache__verdanta_weekly__dbt_weekly for current version: 0.12787064400072268","logger":"cosmos.cache","filename":"cache.py","lineno":401}
{"timestamp":"2026-08-29T09:49:07.457133Z","level":"info","event":"Cosmos performance [38dba2c61c19|2099]: The cache size for cosmos_cache__verdanta_weekly__dbt_weekly is 23804","logger":"cosmos.dbt.graph","filename":"graph.py","lineno":886}
{"timestamp":"2026-08-29T09:49:07.458014Z","level":"info","event":"Cosmos performance: Cache hit for cosmos_cache__verdanta_weekly__dbt_weekly - 39a8c4b6e19a7b5e14cfea47af7dbd90,1ae01f5b93cde0ad1f6d9482f1b54abd","logger":"cosmos.dbt.graph","filename":"graph.py","lineno":898}
{"timestamp":"2026-08-29T09:49:07.458144Z","level":"info","event":"Total nodes: 27","logger":"cosmos.dbt.graph","filename":"graph.py","lineno":799}
{"timestamp":"2026-08-29T09:49:07.458206Z","level":"info","event":"Total filtered nodes: 27","logger":"cosmos.dbt.graph","filename":"graph.py","lineno":800}
{"timestamp":"2026-08-29T09:49:07.458302Z","level":"info","event":"Cosmos performance (verdanta_weekly__dbt_weekly) - [38dba2c61c19|2099]: It took 0.144s to parse the dbt project for DAG using LoadMode.DBT_LS_CACHE","logger":"cosmos.converter","filename":"converter.py","lineno":371}
{"timestamp":"2026-08-29T09:49:07.482379Z","level":"info","event":"Cosmos performance (verdanta_weekly__dbt_weekly) - [38dba2c61c19|2099]: It took 0.0241s to build the Airflow DAG.","logger":"cosmos.converter","filename":"converter.py","lineno":423}
{"timestamp":"2026-08-29T09:49:07.482575Z","level":"info","event":"::endgroup::Cosmos DAG parsing logs","logger":"cosmos.converter","filename":"converter.py","lineno":430}
{"timestamp":"2026-08-29T09:49:07.483128Z","level":"warning","event":"Using Variable.get from `airflow.models` is deprecated.Please use `get` on Variable from sdk(`airflow.sdk.Variable`) instead","category":"UserWarning","filename":"/home/airflow/.local/lib/python3.13/site-packages/airflow/models/variable.py","lineno":158,"logger":"py.warnings"}
{"timestamp":"2026-08-29T09:49:38.184696Z","level":"info","event":"Filling up the DagBag from /opt/airflow/dags/verdanta_weekly.py","logger":"airflow.dag_processing.dagbag.BundleDagBag","filename":"dagbag.py","lineno":469}
{"timestamp":"2026-08-29T09:49:38.268381Z","level":"info","event":"::group::Cosmos DAG parsing logs","logger":"cosmos.converter","filename":"converter.py","lineno":321}
{"timestamp":"2026-08-29T09:49:38.273158Z","level":"info","event":"Cosmos cache dir resolved to /tmp/cosmos/verdanta_weekly__dbt_weekly","logger":"cosmos.converter","filename":"converter.py","lineno":346}
{"timestamp":"2026-08-29T09:49:38.273542Z","level":"info","event":"Trying to parse the dbt project using dbt ls cache cosmos_cache__verdanta_weekly__dbt_weekly...","logger":"cosmos.dbt.graph","filename":"graph.py","lineno":869}
{"timestamp":"2026-08-29T09:49:38.424729Z","level":"info","event":"Cosmos performance: time to calculate cache identifier cosmos_cache__verdanta_weekly__dbt_weekly for current version: 0.1333712480009126","logger":"cosmos.cache","filename":"cache.py","lineno":401}
{"timestamp":"2026-08-29T09:49:38.425003Z","level":"info","event":"Cosmos performance [38dba2c61c19|2136]: The cache size for cosmos_cache__verdanta_weekly__dbt_weekly is 23804","logger":"cosmos.dbt.graph","filename":"graph.py","lineno":886}
{"timestamp":"2026-08-29T09:49:38.426007Z","level":"info","event":"Cosmos performance: Cache hit for cosmos_cache__verdanta_weekly__dbt_weekly - 39a8c4b6e19a7b5e14cfea47af7dbd90,1ae01f5b93cde0ad1f6d9482f1b54abd","logger":"cosmos.dbt.graph","filename":"graph.py","lineno":898}
{"timestamp":"2026-08-29T09:49:38.426145Z","level":"info","event":"Total nodes: 27","logger":"cosmos.dbt.graph","filename":"graph.py","lineno":799}
{"timestamp":"2026-08-29T09:49:38.426214Z","level":"info","event":"Total filtered nodes: 27","logger":"cosmos.dbt.graph","filename":"graph.py","lineno":800}
{"timestamp":"2026-08-29T09:49:38.426283Z","level":"info","event":"Cosmos performance (verdanta_weekly__dbt_weekly) - [38dba2c61c19|2136]: It took 0.153s to parse the dbt project for DAG using LoadMode.DBT_LS_CACHE","logger":"cosmos.converter","filename":"converter.py","lineno":371}
{"timestamp":"2026-08-29T09:49:38.454844Z","level":"info","event":"Cosmos performance (verdanta_weekly__dbt_weekly) - [38dba2c61c19|2136]: It took 0.0285s to build the Airflow DAG.","logger":"cosmos.converter","filename":"converter.py","lineno":423}
{"timestamp":"2026-08-29T09:49:38.455016Z","level":"info","event":"::endgroup::Cosmos DAG parsing logs","logger":"cosmos.converter","filename":"converter.py","lineno":430}
{"timestamp":"2026-08-29T09:49:38.455888Z","level":"warning","event":"Using Variable.get from `airflow.models` is deprecated.Please use `get` on Variable from sdk(`airflow.sdk.Variable`) instead","category":"UserWarning","filename":"/home/airflow/.local/lib/python3.13/site-packages/airflow/models/variable.py","lineno":158,"logger":"py.warnings"}
{"timestamp":"2026-08-29T09:50:08.678263Z","level":"info","event":"Filling up the DagBag from /opt/airflow/dags/verdanta_weekly.py","logger":"airflow.dag_processing.dagbag.BundleDagBag","filename":"dagbag.py","lineno":469}
{"timestamp":"2026-08-29T09:50:08.755776Z","level":"info","event":"::group::Cosmos DAG parsing logs","logger":"cosmos.converter","filename":"converter.py","lineno":321}
{"timestamp":"2026-08-29T09:50:08.759293Z","level":"info","event":"Cosmos cache dir resolved to /tmp/cosmos/verdanta_weekly__dbt_weekly","logger":"cosmos.converter","filename":"converter.py","lineno":346}
{"timestamp":"2026-08-29T09:50:08.759500Z","level":"info","event":"Trying to parse the dbt project using dbt ls cache cosmos_cache__verdanta_weekly__dbt_weekly...","logger":"cosmos.dbt.graph","filename":"graph.py","lineno":869}
{"timestamp":"2026-08-29T09:50:08.899055Z","level":"info","event":"Cosmos performance: time to calculate cache identifier cosmos_cache__verdanta_weekly__dbt_weekly for current version: 0.12556293600027857","logger":"cosmos.cache","filename":"cache.py","lineno":401}
{"timestamp":"2026-08-29T09:50:08.899357Z","level":"info","event":"Cosmos performance [38dba2c61c19|2172]: The cache size for cosmos_cache__verdanta_weekly__dbt_weekly is 23804","logger":"cosmos.dbt.graph","filename":"graph.py","lineno":886}
{"timestamp":"2026-08-29T09:50:08.900291Z","level":"info","event":"Cosmos performance: Cache hit for cosmos_cache__verdanta_weekly__dbt_weekly - 39a8c4b6e19a7b5e14cfea47af7dbd90,1ae01f5b93cde0ad1f6d9482f1b54abd","logger":"cosmos.dbt.graph","filename":"graph.py","lineno":898}
{"timestamp":"2026-08-29T09:50:08.900461Z","level":"info","event":"Total nodes: 27","logger":"cosmos.dbt.graph","filename":"graph.py","lineno":799}
{"timestamp":"2026-08-29T09:50:08.900540Z","level":"info","event":"Total filtered nodes: 27","logger":"cosmos.dbt.graph","filename":"graph.py","lineno":800}
{"timestamp":"2026-08-29T09:50:08.900667Z","level":"info","event":"Cosmos performance (verdanta_weekly__dbt_weekly) - [38dba2c61c19|2172]: It took 0.141s to parse the dbt project for DAG using LoadMode.DBT_LS_CACHE","logger":"cosmos.converter","filename":"converter.py","lineno":371}
{"timestamp":"2026-08-29T09:50:08.925349Z","level":"info","event":"Cosmos performance (verdanta_weekly__dbt_weekly) - [38dba2c61c19|2172]: It took 0.0246s to build the Airflow DAG.","logger":"cosmos.converter","filename":"converter.py","lineno":423}
{"timestamp":"2026-08-29T09:50:08.925520Z","level":"info","event":"::endgroup::Cosmos DAG parsing logs","logger":"cosmos.converter","filename":"converter.py","lineno":430}
{"timestamp":"2026-08-29T09:50:08.925984Z","level":"warning","event":"Using Variable.get from `airflow.models` is deprecated.Please use `get` on Variable from sdk(`airflow.sdk.Variable`) instead","category":"UserWarning","filename":"/home/airflow/.local/lib/python3.13/site-packages/airflow/models/variable.py","lineno":158,"logger":"py.warnings"}
{"timestamp":"2026-08-29T09:50:39.225799Z","level":"info","event":"Filling up the DagBag from /opt/airflow/dags/verdanta_weekly.py","logger":"airflow.dag_processing.dagbag.BundleDagBag","filename":"dagbag.py","lineno":469}
{"timestamp":"2026-08-29T09:50:39.298487Z","level":"info","event":"::group::Cosmos DAG parsing logs","logger":"cosmos.converter","filename":"converter.py","lineno":321}
{"timestamp":"2026-08-29T09:50:39.303706Z","level":"info","event":"Cosmos cache dir resolved to /tmp/cosmos/verdanta_weekly__dbt_weekly","logger":"cosmos.converter","filename":"converter.py","lineno":346}
{"timestamp":"2026-08-29T09:50:39.303965Z","level":"info","event":"Trying to parse the dbt project using dbt ls cache cosmos_cache__verdanta_weekly__dbt_weekly...","logger":"cosmos.dbt.graph","filename":"graph.py","lineno":869}
{"timestamp":"2026-08-29T09:50:39.445238Z","level":"info","event":"Cosmos performance: time to calculate cache identifier cosmos_cache__verdanta_weekly__dbt_weekly for current version: 0.1287802869992447","logger":"cosmos.cache","filename":"cache.py","lineno":401}
{"timestamp":"2026-08-29T09:50:39.445526Z","level":"info","event":"Cosmos performance [38dba2c61c19|2208]: The cache size for cosmos_cache__verdanta_weekly__dbt_weekly is 23804","logger":"cosmos.dbt.graph","filename":"graph.py","lineno":886}
{"timestamp":"2026-08-29T09:50:39.446542Z","level":"info","event":"Cosmos performance: Cache hit for cosmos_cache__verdanta_weekly__dbt_weekly - 39a8c4b6e19a7b5e14cfea47af7dbd90,1ae01f5b93cde0ad1f6d9482f1b54abd","logger":"cosmos.dbt.graph","filename":"graph.py","lineno":898}
{"timestamp":"2026-08-29T09:50:39.446677Z","level":"info","event":"Total nodes: 27","logger":"cosmos.dbt.graph","filename":"graph.py","lineno":799}
{"timestamp":"2026-08-29T09:50:39.446741Z","level":"info","event":"Total filtered nodes: 27","logger":"cosmos.dbt.graph","filename":"graph.py","lineno":800}
{"timestamp":"2026-08-29T09:50:39.446832Z","level":"info","event":"Cosmos performance (verdanta_weekly__dbt_weekly) - [38dba2c61c19|2208]: It took 0.143s to parse the dbt project for DAG using LoadMode.DBT_LS_CACHE","logger":"cosmos.converter","filename":"converter.py","lineno":371}
{"timestamp":"2026-08-29T09:50:39.471332Z","level":"info","event":"Cosmos performance (verdanta_weekly__dbt_weekly) - [38dba2c61c19|2208]: It took 0.0245s to build the Airflow DAG.","logger":"cosmos.converter","filename":"converter.py","lineno":423}
{"timestamp":"2026-08-29T09:50:39.471511Z","level":"info","event":"::endgroup::Cosmos DAG parsing logs","logger":"cosmos.converter","filename":"converter.py","lineno":430}
{"timestamp":"2026-08-29T09:50:39.472129Z","level":"warning","event":"Using Variable.get from `airflow.models` is deprecated.Please use `get` on Variable from sdk(`airflow.sdk.Variable`) instead","category":"UserWarning","filename":"/home/airflow/.local/lib/python3.13/site-packages/airflow/models/variable.py","lineno":158,"logger":"py.warnings"}
{"timestamp":"2026-08-29T09:51:09.604268Z","level":"info","event":"Filling up the DagBag from /opt/airflow/dags/verdanta_weekly.py","logger":"airflow.dag_processing.dagbag.BundleDagBag","filename":"dagbag.py","lineno":469}
{"timestamp":"2026-08-29T09:51:09.678263Z","level":"info","event":"::group::Cosmos DAG parsing logs","logger":"cosmos.converter","filename":"converter.py","lineno":321}
{"timestamp":"2026-08-29T09:51:09.682024Z","level":"info","event":"Cosmos cache dir resolved to /tmp/cosmos/verdanta_weekly__dbt_weekly","logger":"cosmos.converter","filename":"converter.py","lineno":346}
{"timestamp":"2026-08-29T09:51:09.682209Z","level":"info","event":"Trying to parse the dbt project using dbt ls cache cosmos_cache__verdanta_weekly__dbt_weekly...","logger":"cosmos.dbt.graph","filename":"graph.py","lineno":869}
{"timestamp":"2026-08-29T09:51:09.826466Z","level":"info","event":"Cosmos performance: time to calculate cache identifier cosmos_cache__verdanta_weekly__dbt_weekly for current version: 0.1300934060000145","logger":"cosmos.cache","filename":"cache.py","lineno":401}
{"timestamp":"2026-08-29T09:51:09.826755Z","level":"info","event":"Cosmos performance [38dba2c61c19|2243]: The cache size for cosmos_cache__verdanta_weekly__dbt_weekly is 23804","logger":"cosmos.dbt.graph","filename":"graph.py","lineno":886}
{"timestamp":"2026-08-29T09:51:09.827782Z","level":"info","event":"Cosmos performance: Cache hit for cosmos_cache__verdanta_weekly__dbt_weekly - 39a8c4b6e19a7b5e14cfea47af7dbd90,1ae01f5b93cde0ad1f6d9482f1b54abd","logger":"cosmos.dbt.graph","filename":"graph.py","lineno":898}
{"timestamp":"2026-08-29T09:51:09.827918Z","level":"info","event":"Total nodes: 27","logger":"cosmos.dbt.graph","filename":"graph.py","lineno":799}
{"timestamp":"2026-08-29T09:51:09.827984Z","level":"info","event":"Total filtered nodes: 27","logger":"cosmos.dbt.graph","filename":"graph.py","lineno":800}
{"timestamp":"2026-08-29T09:51:09.828130Z","level":"info","event":"Cosmos performance (verdanta_weekly__dbt_weekly) - [38dba2c61c19|2243]: It took 0.146s to parse the dbt project for DAG using LoadMode.DBT_LS_CACHE","logger":"cosmos.converter","filename":"converter.py","lineno":371}
{"timestamp":"2026-08-29T09:51:09.854323Z","level":"info","event":"Cosmos performance (verdanta_weekly__dbt_weekly) - [38dba2c61c19|2243]: It took 0.0262s to build the Airflow DAG.","logger":"cosmos.converter","filename":"converter.py","lineno":423}
{"timestamp":"2026-08-29T09:51:09.854542Z","level":"info","event":"::endgroup::Cosmos DAG parsing logs","logger":"cosmos.converter","filename":"converter.py","lineno":430}
{"timestamp":"2026-08-29T09:51:09.855103Z","level":"warning","event":"Using Variable.get from `airflow.models` is deprecated.Please use `get` on Variable from sdk(`airflow.sdk.Variable`) instead","category":"UserWarning","filename":"/home/airflow/.local/lib/python3.13/site-packages/airflow/models/variable.py","lineno":158,"logger":"py.warnings"}
{"timestamp":"2026-08-29T09:51:40.331136Z","level":"info","event":"Filling up the DagBag from /opt/airflow/dags/verdanta_weekly.py","logger":"airflow.dag_processing.dagbag.BundleDagBag","filename":"dagbag.py","lineno":469}
{"timestamp":"2026-08-29T09:51:40.397321Z","level":"info","event":"::group::Cosmos DAG parsing logs","logger":"cosmos.converter","filename":"converter.py","lineno":321}
{"timestamp":"2026-08-29T09:51:40.400765Z","level":"info","event":"Cosmos cache dir resolved to /tmp/cosmos/verdanta_weekly__dbt_weekly","logger":"cosmos.converter","filename":"converter.py","lineno":346}
{"timestamp":"2026-08-29T09:51:40.401025Z","level":"info","event":"Trying to parse the dbt project using dbt ls cache cosmos_cache__verdanta_weekly__dbt_weekly...","logger":"cosmos.dbt.graph","filename":"graph.py","lineno":869}
{"timestamp":"2026-08-29T09:51:40.544601Z","level":"info","event":"Cosmos performance: time to calculate cache identifier cosmos_cache__verdanta_weekly__dbt_weekly for current version: 0.12793706999946153","logger":"cosmos.cache","filename":"cache.py","lineno":401}
{"timestamp":"2026-08-29T09:51:40.544852Z","level":"info","event":"Cosmos performance [38dba2c61c19|2258]: The cache size for cosmos_cache__verdanta_weekly__dbt_weekly is 23804","logger":"cosmos.dbt.graph","filename":"graph.py","lineno":886}
{"timestamp":"2026-08-29T09:51:40.545779Z","level":"info","event":"Cosmos performance: Cache hit for cosmos_cache__verdanta_weekly__dbt_weekly - 39a8c4b6e19a7b5e14cfea47af7dbd90,1ae01f5b93cde0ad1f6d9482f1b54abd","logger":"cosmos.dbt.graph","filename":"graph.py","lineno":898}
{"timestamp":"2026-08-29T09:51:40.545908Z","level":"info","event":"Total nodes: 27","logger":"cosmos.dbt.graph","filename":"graph.py","lineno":799}
{"timestamp":"2026-08-29T09:51:40.545971Z","level":"info","event":"Total filtered nodes: 27","logger":"cosmos.dbt.graph","filename":"graph.py","lineno":800}
{"timestamp":"2026-08-29T09:51:40.546039Z","level":"info","event":"Cosmos performance (verdanta_weekly__dbt_weekly) - [38dba2c61c19|2258]: It took 0.145s to parse the dbt project for DAG using LoadMode.DBT_LS_CACHE","logger":"cosmos.converter","filename":"converter.py","lineno":371}
{"timestamp":"2026-08-29T09:51:40.571047Z","level":"info","event":"Cosmos performance (verdanta_weekly__dbt_weekly) - [38dba2c61c19|2258]: It took 0.025s to build the Airflow DAG.","logger":"cosmos.converter","filename":"converter.py","lineno":423}
{"timestamp":"2026-08-29T09:51:40.571210Z","level":"info","event":"::endgroup::Cosmos DAG parsing logs","logger":"cosmos.converter","filename":"converter.py","lineno":430}
{"timestamp":"2026-08-29T09:51:40.571655Z","level":"warning","event":"Using Variable.get from `airflow.models` is deprecated.Please use `get` on Variable from sdk(`airflow.sdk.Variable`) instead","category":"UserWarning","filename":"/home/airflow/.local/lib/python3.13/site-packages/airflow/models/variable.py","lineno":158,"logger":"py.warnings"}
{"timestamp":"2026-08-29T09:52:11.289566Z","level":"info","event":"Filling up the DagBag from /opt/airflow/dags/verdanta_weekly.py","logger":"airflow.dag_processing.dagbag.BundleDagBag","filename":"dagbag.py","lineno":469}
{"timestamp":"2026-08-29T09:52:11.355929Z","level":"info","event":"::group::Cosmos DAG parsing logs","logger":"cosmos.converter","filename":"converter.py","lineno":321}
{"timestamp":"2026-08-29T09:52:11.359693Z","level":"info","event":"Cosmos cache dir resolved to /tmp/cosmos/verdanta_weekly__dbt_weekly","logger":"cosmos.converter","filename":"converter.py","lineno":346}
{"timestamp":"2026-08-29T09:52:11.359916Z","level":"info","event":"Trying to parse the dbt project using dbt ls cache cosmos_cache__verdanta_weekly__dbt_weekly...","logger":"cosmos.dbt.graph","filename":"graph.py","lineno":869}
{"timestamp":"2026-08-29T09:52:11.504696Z","level":"info","event":"Cosmos performance: time to calculate cache identifier cosmos_cache__verdanta_weekly__dbt_weekly for current version: 0.1285804150011245","logger":"cosmos.cache","filename":"cache.py","lineno":401}
{"timestamp":"2026-08-29T09:52:11.504972Z","level":"info","event":"Cosmos performance [38dba2c61c19|2294]: The cache size for cosmos_cache__verdanta_weekly__dbt_weekly is 23804","logger":"cosmos.dbt.graph","filename":"graph.py","lineno":886}
{"timestamp":"2026-08-29T09:52:11.505827Z","level":"info","event":"Cosmos performance: Cache hit for cosmos_cache__verdanta_weekly__dbt_weekly - 39a8c4b6e19a7b5e14cfea47af7dbd90,1ae01f5b93cde0ad1f6d9482f1b54abd","logger":"cosmos.dbt.graph","filename":"graph.py","lineno":898}
{"timestamp":"2026-08-29T09:52:11.505949Z","level":"info","event":"Total nodes: 27","logger":"cosmos.dbt.graph","filename":"graph.py","lineno":799}
{"timestamp":"2026-08-29T09:52:11.506008Z","level":"info","event":"Total filtered nodes: 27","logger":"cosmos.dbt.graph","filename":"graph.py","lineno":800}
{"timestamp":"2026-08-29T09:52:11.506073Z","level":"info","event":"Cosmos performance (verdanta_weekly__dbt_weekly) - [38dba2c61c19|2294]: It took 0.146s to parse the dbt project for DAG using LoadMode.DBT_LS_CACHE","logger":"cosmos.converter","filename":"converter.py","lineno":371}
{"timestamp":"2026-08-29T09:52:11.531040Z","level":"info","event":"Cosmos performance (verdanta_weekly__dbt_weekly) - [38dba2c61c19|2294]: It took 0.0249s to build the Airflow DAG.","logger":"cosmos.converter","filename":"converter.py","lineno":423}
{"timestamp":"2026-08-29T09:52:11.531201Z","level":"info","event":"::endgroup::Cosmos DAG parsing logs","logger":"cosmos.converter","filename":"converter.py","lineno":430}
{"timestamp":"2026-08-29T09:52:11.532027Z","level":"warning","event":"Using Variable.get from `airflow.models` is deprecated.Please use `get` on Variable from sdk(`airflow.sdk.Variable`) instead","category":"UserWarning","filename":"/home/airflow/.local/lib/python3.13/site-packages/airflow/models/variable.py","lineno":158,"logger":"py.warnings"}
{"timestamp":"2026-08-29T09:52:41.621118Z","level":"info","event":"Filling up the DagBag from /opt/airflow/dags/verdanta_weekly.py","logger":"airflow.dag_processing.dagbag.BundleDagBag","filename":"dagbag.py","lineno":469}
{"timestamp":"2026-08-29T09:52:41.689080Z","level":"info","event":"::group::Cosmos DAG parsing logs","logger":"cosmos.converter","filename":"converter.py","lineno":321}
{"timestamp":"2026-08-29T09:52:41.692240Z","level":"info","event":"Cosmos cache dir resolved to /tmp/cosmos/verdanta_weekly__dbt_weekly","logger":"cosmos.converter","filename":"converter.py","lineno":346}
{"timestamp":"2026-08-29T09:52:41.692471Z","level":"info","event":"Trying to parse the dbt project using dbt ls cache cosmos_cache__verdanta_weekly__dbt_weekly...","logger":"cosmos.dbt.graph","filename":"graph.py","lineno":869}
{"timestamp":"2026-08-29T09:52:41.834974Z","level":"info","event":"Cosmos performance: time to calculate cache identifier cosmos_cache__verdanta_weekly__dbt_weekly for current version: 0.1283192240007338","logger":"cosmos.cache","filename":"cache.py","lineno":401}
{"timestamp":"2026-08-29T09:52:41.835215Z","level":"info","event":"Cosmos performance [38dba2c61c19|2330]: The cache size for cosmos_cache__verdanta_weekly__dbt_weekly is 23804","logger":"cosmos.dbt.graph","filename":"graph.py","lineno":886}
{"timestamp":"2026-08-29T09:52:41.836193Z","level":"info","event":"Cosmos performance: Cache hit for cosmos_cache__verdanta_weekly__dbt_weekly - 39a8c4b6e19a7b5e14cfea47af7dbd90,1ae01f5b93cde0ad1f6d9482f1b54abd","logger":"cosmos.dbt.graph","filename":"graph.py","lineno":898}
{"timestamp":"2026-08-29T09:52:41.836323Z","level":"info","event":"Total nodes: 27","logger":"cosmos.dbt.graph","filename":"graph.py","lineno":799}
{"timestamp":"2026-08-29T09:52:41.836406Z","level":"info","event":"Total filtered nodes: 27","logger":"cosmos.dbt.graph","filename":"graph.py","lineno":800}
{"timestamp":"2026-08-29T09:52:41.836492Z","level":"info","event":"Cosmos performance (verdanta_weekly__dbt_weekly) - [38dba2c61c19|2330]: It took 0.144s to parse the dbt project for DAG using LoadMode.DBT_LS_CACHE","logger":"cosmos.converter","filename":"converter.py","lineno":371}
{"timestamp":"2026-08-29T09:52:41.861983Z","level":"info","event":"Cosmos performance (verdanta_weekly__dbt_weekly) - [38dba2c61c19|2330]: It took 0.0254s to build the Airflow DAG.","logger":"cosmos.converter","filename":"converter.py","lineno":423}
{"timestamp":"2026-08-29T09:52:41.862163Z","level":"info","event":"::endgroup::Cosmos DAG parsing logs","logger":"cosmos.converter","filename":"converter.py","lineno":430}
{"timestamp":"2026-08-29T09:52:41.862772Z","level":"warning","event":"Using Variable.get from `airflow.models` is deprecated.Please use `get` on Variable from sdk(`airflow.sdk.Variable`) instead","category":"UserWarning","filename":"/home/airflow/.local/lib/python3.13/site-packages/airflow/models/variable.py","lineno":158,"logger":"py.warnings"}
{"timestamp":"2026-08-29T09:53:12.788966Z","level":"info","event":"Filling up the DagBag from /opt/airflow/dags/verdanta_weekly.py","logger":"airflow.dag_processing.dagbag.BundleDagBag","filename":"dagbag.py","lineno":469}
{"timestamp":"2026-08-29T09:53:12.867869Z","level":"info","event":"::group::Cosmos DAG parsing logs","logger":"cosmos.converter","filename":"converter.py","lineno":321}
{"timestamp":"2026-08-29T09:53:12.872336Z","level":"info","event":"Cosmos cache dir resolved to /tmp/cosmos/verdanta_weekly__dbt_weekly","logger":"cosmos.converter","filename":"converter.py","lineno":346}
{"timestamp":"2026-08-29T09:53:12.872566Z","level":"info","event":"Trying to parse the dbt project using dbt ls cache cosmos_cache__verdanta_weekly__dbt_weekly...","logger":"cosmos.dbt.graph","filename":"graph.py","lineno":869}
{"timestamp":"2026-08-29T09:53:13.022403Z","level":"info","event":"Cosmos performance: time to calculate cache identifier cosmos_cache__verdanta_weekly__dbt_weekly for current version: 0.13370239500000025","logger":"cosmos.cache","filename":"cache.py","lineno":401}
{"timestamp":"2026-08-29T09:53:13.022635Z","level":"info","event":"Cosmos performance [38dba2c61c19|2365]: The cache size for cosmos_cache__verdanta_weekly__dbt_weekly is 23804","logger":"cosmos.dbt.graph","filename":"graph.py","lineno":886}
{"timestamp":"2026-08-29T09:53:13.023658Z","level":"info","event":"Cosmos performance: Cache hit for cosmos_cache__verdanta_weekly__dbt_weekly - 39a8c4b6e19a7b5e14cfea47af7dbd90,1ae01f5b93cde0ad1f6d9482f1b54abd","logger":"cosmos.dbt.graph","filename":"graph.py","lineno":898}
{"timestamp":"2026-08-29T09:53:13.023799Z","level":"info","event":"Total nodes: 27","logger":"cosmos.dbt.graph","filename":"graph.py","lineno":799}
{"timestamp":"2026-08-29T09:53:13.023862Z","level":"info","event":"Total filtered nodes: 27","logger":"cosmos.dbt.graph","filename":"graph.py","lineno":800}
{"timestamp":"2026-08-29T09:53:13.023963Z","level":"info","event":"Cosmos performance (verdanta_weekly__dbt_weekly) - [38dba2c61c19|2365]: It took 0.151s to parse the dbt project for DAG using LoadMode.DBT_LS_CACHE","logger":"cosmos.converter","filename":"converter.py","lineno":371}
{"timestamp":"2026-08-29T09:53:13.049857Z","level":"info","event":"Cosmos performance (verdanta_weekly__dbt_weekly) - [38dba2c61c19|2365]: It took 0.0258s to build the Airflow DAG.","logger":"cosmos.converter","filename":"converter.py","lineno":423}
{"timestamp":"2026-08-29T09:53:13.050019Z","level":"info","event":"::endgroup::Cosmos DAG parsing logs","logger":"cosmos.converter","filename":"converter.py","lineno":430}
{"timestamp":"2026-08-29T09:53:13.050546Z","level":"warning","event":"Using Variable.get from `airflow.models` is deprecated.Please use `get` on Variable from sdk(`airflow.sdk.Variable`) instead","category":"UserWarning","filename":"/home/airflow/.local/lib/python3.13/site-packages/airflow/models/variable.py","lineno":158,"logger":"py.warnings"}
{"timestamp":"2026-08-29T09:53:43.150213Z","level":"info","event":"Filling up the DagBag from /opt/airflow/dags/verdanta_weekly.py","logger":"airflow.dag_processing.dagbag.BundleDagBag","filename":"dagbag.py","lineno":469}
{"timestamp":"2026-08-29T09:53:43.230954Z","level":"info","event":"::group::Cosmos DAG parsing logs","logger":"cosmos.converter","filename":"converter.py","lineno":321}
{"timestamp":"2026-08-29T09:53:43.234918Z","level":"info","event":"Cosmos cache dir resolved to /tmp/cosmos/verdanta_weekly__dbt_weekly","logger":"cosmos.converter","filename":"converter.py","lineno":346}
{"timestamp":"2026-08-29T09:53:43.235126Z","level":"info","event":"Trying to parse the dbt project using dbt ls cache cosmos_cache__verdanta_weekly__dbt_weekly...","logger":"cosmos.dbt.graph","filename":"graph.py","lineno":869}
{"timestamp":"2026-08-29T09:53:43.379523Z","level":"info","event":"Cosmos performance: time to calculate cache identifier cosmos_cache__verdanta_weekly__dbt_weekly for current version: 0.1293768320010713","logger":"cosmos.cache","filename":"cache.py","lineno":401}
{"timestamp":"2026-08-29T09:53:43.379803Z","level":"info","event":"Cosmos performance [38dba2c61c19|2393]: The cache size for cosmos_cache__verdanta_weekly__dbt_weekly is 23804","logger":"cosmos.dbt.graph","filename":"graph.py","lineno":886}
{"timestamp":"2026-08-29T09:53:43.380867Z","level":"info","event":"Cosmos performance: Cache hit for cosmos_cache__verdanta_weekly__dbt_weekly - 39a8c4b6e19a7b5e14cfea47af7dbd90,1ae01f5b93cde0ad1f6d9482f1b54abd","logger":"cosmos.dbt.graph","filename":"graph.py","lineno":898}
{"timestamp":"2026-08-29T09:53:43.380998Z","level":"info","event":"Total nodes: 27","logger":"cosmos.dbt.graph","filename":"graph.py","lineno":799}
{"timestamp":"2026-08-29T09:53:43.381061Z","level":"info","event":"Total filtered nodes: 27","logger":"cosmos.dbt.graph","filename":"graph.py","lineno":800}
{"timestamp":"2026-08-29T09:53:43.381128Z","level":"info","event":"Cosmos performance (verdanta_weekly__dbt_weekly) - [38dba2c61c19|2393]: It took 0.146s to parse the dbt project for DAG using LoadMode.DBT_LS_CACHE","logger":"cosmos.converter","filename":"converter.py","lineno":371}
{"timestamp":"2026-08-29T09:53:43.406965Z","level":"info","event":"Cosmos performance (verdanta_weekly__dbt_weekly) - [38dba2c61c19|2393]: It took 0.0258s to build the Airflow DAG.","logger":"cosmos.converter","filename":"converter.py","lineno":423}
{"timestamp":"2026-08-29T09:53:43.407160Z","level":"info","event":"::endgroup::Cosmos DAG parsing logs","logger":"cosmos.converter","filename":"converter.py","lineno":430}
{"timestamp":"2026-08-29T09:53:43.407686Z","level":"warning","event":"Using Variable.get from `airflow.models` is deprecated.Please use `get` on Variable from sdk(`airflow.sdk.Variable`) instead","category":"UserWarning","filename":"/home/airflow/.local/lib/python3.13/site-packages/airflow/models/variable.py","lineno":158,"logger":"py.warnings"}
{"timestamp":"2026-08-29T09:54:13.862253Z","level":"info","event":"Filling up the DagBag from /opt/airflow/dags/verdanta_weekly.py","logger":"airflow.dag_processing.dagbag.BundleDagBag","filename":"dagbag.py","lineno":469}
{"timestamp":"2026-08-29T09:54:13.936421Z","level":"info","event":"::group::Cosmos DAG parsing logs","logger":"cosmos.converter","filename":"converter.py","lineno":321}
{"timestamp":"2026-08-29T09:54:13.940355Z","level":"info","event":"Cosmos cache dir resolved to /tmp/cosmos/verdanta_weekly__dbt_weekly","logger":"cosmos.converter","filename":"converter.py","lineno":346}
{"timestamp":"2026-08-29T09:54:13.940577Z","level":"info","event":"Trying to parse the dbt project using dbt ls cache cosmos_cache__verdanta_weekly__dbt_weekly...","logger":"cosmos.dbt.graph","filename":"graph.py","lineno":869}
{"timestamp":"2026-08-29T09:54:14.079719Z","level":"info","event":"Cosmos performance: time to calculate cache identifier cosmos_cache__verdanta_weekly__dbt_weekly for current version: 0.12462707200029399","logger":"cosmos.cache","filename":"cache.py","lineno":401}
{"timestamp":"2026-08-29T09:54:14.079946Z","level":"info","event":"Cosmos performance [38dba2c61c19|2408]: The cache size for cosmos_cache__verdanta_weekly__dbt_weekly is 23804","logger":"cosmos.dbt.graph","filename":"graph.py","lineno":886}
{"timestamp":"2026-08-29T09:54:14.080912Z","level":"info","event":"Cosmos performance: Cache hit for cosmos_cache__verdanta_weekly__dbt_weekly - 39a8c4b6e19a7b5e14cfea47af7dbd90,1ae01f5b93cde0ad1f6d9482f1b54abd","logger":"cosmos.dbt.graph","filename":"graph.py","lineno":898}
{"timestamp":"2026-08-29T09:54:14.081075Z","level":"info","event":"Total nodes: 27","logger":"cosmos.dbt.graph","filename":"graph.py","lineno":799}
{"timestamp":"2026-08-29T09:54:14.081149Z","level":"info","event":"Total filtered nodes: 27","logger":"cosmos.dbt.graph","filename":"graph.py","lineno":800}
{"timestamp":"2026-08-29T09:54:14.081220Z","level":"info","event":"Cosmos performance (verdanta_weekly__dbt_weekly) - [38dba2c61c19|2408]: It took 0.141s to parse the dbt project for DAG using LoadMode.DBT_LS_CACHE","logger":"cosmos.converter","filename":"converter.py","lineno":371}
{"timestamp":"2026-08-29T09:54:14.106068Z","level":"info","event":"Cosmos performance (verdanta_weekly__dbt_weekly) - [38dba2c61c19|2408]: It took 0.0248s to build the Airflow DAG.","logger":"cosmos.converter","filename":"converter.py","lineno":423}
{"timestamp":"2026-08-29T09:54:14.106228Z","level":"info","event":"::endgroup::Cosmos DAG parsing logs","logger":"cosmos.converter","filename":"converter.py","lineno":430}
{"timestamp":"2026-08-29T09:54:14.106845Z","level":"warning","event":"Using Variable.get from `airflow.models` is deprecated.Please use `get` on Variable from sdk(`airflow.sdk.Variable`) instead","category":"UserWarning","filename":"/home/airflow/.local/lib/python3.13/site-packages/airflow/models/variable.py","lineno":158,"logger":"py.warnings"}
{"timestamp":"2026-08-29T09:54:44.900060Z","level":"info","event":"Filling up the DagBag from /opt/airflow/dags/verdanta_weekly.py","logger":"airflow.dag_processing.dagbag.BundleDagBag","filename":"dagbag.py","lineno":469}
{"timestamp":"2026-08-29T09:54:44.971645Z","level":"info","event":"::group::Cosmos DAG parsing logs","logger":"cosmos.converter","filename":"converter.py","lineno":321}
{"timestamp":"2026-08-29T09:54:44.975623Z","level":"info","event":"Cosmos cache dir resolved to /tmp/cosmos/verdanta_weekly__dbt_weekly","logger":"cosmos.converter","filename":"converter.py","lineno":346}
{"timestamp":"2026-08-29T09:54:44.975880Z","level":"info","event":"Trying to parse the dbt project using dbt ls cache cosmos_cache__verdanta_weekly__dbt_weekly...","logger":"cosmos.dbt.graph","filename":"graph.py","lineno":869}
{"timestamp":"2026-08-29T09:54:45.120202Z","level":"info","event":"Cosmos performance: time to calculate cache identifier cosmos_cache__verdanta_weekly__dbt_weekly for current version: 0.12995440200029407","logger":"cosmos.cache","filename":"cache.py","lineno":401}
{"timestamp":"2026-08-29T09:54:45.120436Z","level":"info","event":"Cosmos performance [38dba2c61c19|2444]: The cache size for cosmos_cache__verdanta_weekly__dbt_weekly is 23804","logger":"cosmos.dbt.graph","filename":"graph.py","lineno":886}
{"timestamp":"2026-08-29T09:54:45.121290Z","level":"info","event":"Cosmos performance: Cache hit for cosmos_cache__verdanta_weekly__dbt_weekly - 39a8c4b6e19a7b5e14cfea47af7dbd90,1ae01f5b93cde0ad1f6d9482f1b54abd","logger":"cosmos.dbt.graph","filename":"graph.py","lineno":898}
{"timestamp":"2026-08-29T09:54:45.121420Z","level":"info","event":"Total nodes: 27","logger":"cosmos.dbt.graph","filename":"graph.py","lineno":799}
{"timestamp":"2026-08-29T09:54:45.121481Z","level":"info","event":"Total filtered nodes: 27","logger":"cosmos.dbt.graph","filename":"graph.py","lineno":800}
{"timestamp":"2026-08-29T09:54:45.121546Z","level":"info","event":"Cosmos performance (verdanta_weekly__dbt_weekly) - [38dba2c61c19|2444]: It took 0.146s to parse the dbt project for DAG using LoadMode.DBT_LS_CACHE","logger":"cosmos.converter","filename":"converter.py","lineno":371}
{"timestamp":"2026-08-29T09:54:45.146255Z","level":"info","event":"Cosmos performance (verdanta_weekly__dbt_weekly) - [38dba2c61c19|2444]: It took 0.0247s to build the Airflow DAG.","logger":"cosmos.converter","filename":"converter.py","lineno":423}
{"timestamp":"2026-08-29T09:54:45.146419Z","level":"info","event":"::endgroup::Cosmos DAG parsing logs","logger":"cosmos.converter","filename":"converter.py","lineno":430}
{"timestamp":"2026-08-29T09:54:45.147032Z","level":"warning","event":"Using Variable.get from `airflow.models` is deprecated.Please use `get` on Variable from sdk(`airflow.sdk.Variable`) instead","category":"UserWarning","filename":"/home/airflow/.local/lib/python3.13/site-packages/airflow/models/variable.py","lineno":158,"logger":"py.warnings"}
{"timestamp":"2026-08-29T09:55:16.076412Z","level":"info","event":"Filling up the DagBag from /opt/airflow/dags/verdanta_weekly.py","logger":"airflow.dag_processing.dagbag.BundleDagBag","filename":"dagbag.py","lineno":469}
{"timestamp":"2026-08-29T09:55:16.143375Z","level":"info","event":"::group::Cosmos DAG parsing logs","logger":"cosmos.converter","filename":"converter.py","lineno":321}
{"timestamp":"2026-08-29T09:55:16.147319Z","level":"info","event":"Cosmos cache dir resolved to /tmp/cosmos/verdanta_weekly__dbt_weekly","logger":"cosmos.converter","filename":"converter.py","lineno":346}
{"timestamp":"2026-08-29T09:55:16.147508Z","level":"info","event":"Trying to parse the dbt project using dbt ls cache cosmos_cache__verdanta_weekly__dbt_weekly...","logger":"cosmos.dbt.graph","filename":"graph.py","lineno":869}
{"timestamp":"2026-08-29T09:55:16.285670Z","level":"info","event":"Cosmos performance: time to calculate cache identifier cosmos_cache__verdanta_weekly__dbt_weekly for current version: 0.12339889100076107","logger":"cosmos.cache","filename":"cache.py","lineno":401}
{"timestamp":"2026-08-29T09:55:16.285904Z","level":"info","event":"Cosmos performance [38dba2c61c19|2480]: The cache size for cosmos_cache__verdanta_weekly__dbt_weekly is 23804","logger":"cosmos.dbt.graph","filename":"graph.py","lineno":886}
{"timestamp":"2026-08-29T09:55:16.286788Z","level":"info","event":"Cosmos performance: Cache hit for cosmos_cache__verdanta_weekly__dbt_weekly - 39a8c4b6e19a7b5e14cfea47af7dbd90,1ae01f5b93cde0ad1f6d9482f1b54abd","logger":"cosmos.dbt.graph","filename":"graph.py","lineno":898}
{"timestamp":"2026-08-29T09:55:16.286925Z","level":"info","event":"Total nodes: 27","logger":"cosmos.dbt.graph","filename":"graph.py","lineno":799}
{"timestamp":"2026-08-29T09:55:16.286986Z","level":"info","event":"Total filtered nodes: 27","logger":"cosmos.dbt.graph","filename":"graph.py","lineno":800}
{"timestamp":"2026-08-29T09:55:16.287053Z","level":"info","event":"Cosmos performance (verdanta_weekly__dbt_weekly) - [38dba2c61c19|2480]: It took 0.14s to parse the dbt project for DAG using LoadMode.DBT_LS_CACHE","logger":"cosmos.converter","filename":"converter.py","lineno":371}
{"timestamp":"2026-08-29T09:55:16.310076Z","level":"info","event":"Cosmos performance (verdanta_weekly__dbt_weekly) - [38dba2c61c19|2480]: It took 0.023s to build the Airflow DAG.","logger":"cosmos.converter","filename":"converter.py","lineno":423}
{"timestamp":"2026-08-29T09:55:16.310229Z","level":"info","event":"::endgroup::Cosmos DAG parsing logs","logger":"cosmos.converter","filename":"converter.py","lineno":430}
{"timestamp":"2026-08-29T09:55:16.310688Z","level":"warning","event":"Using Variable.get from `airflow.models` is deprecated.Please use `get` on Variable from sdk(`airflow.sdk.Variable`) instead","category":"UserWarning","filename":"/home/airflow/.local/lib/python3.13/site-packages/airflow/models/variable.py","lineno":158,"logger":"py.warnings"}
{"timestamp":"2026-08-29T09:55:46.540131Z","level":"info","event":"Filling up the DagBag from /opt/airflow/dags/verdanta_weekly.py","logger":"airflow.dag_processing.dagbag.BundleDagBag","filename":"dagbag.py","lineno":469}
{"timestamp":"2026-08-29T09:55:46.612003Z","level":"info","event":"::group::Cosmos DAG parsing logs","logger":"cosmos.converter","filename":"converter.py","lineno":321}
{"timestamp":"2026-08-29T09:55:46.616906Z","level":"info","event":"Cosmos cache dir resolved to /tmp/cosmos/verdanta_weekly__dbt_weekly","logger":"cosmos.converter","filename":"converter.py","lineno":346}
{"timestamp":"2026-08-29T09:55:46.617169Z","level":"info","event":"Trying to parse the dbt project using dbt ls cache cosmos_cache__verdanta_weekly__dbt_weekly...","logger":"cosmos.dbt.graph","filename":"graph.py","lineno":869}
{"timestamp":"2026-08-29T09:55:46.757964Z","level":"info","event":"Cosmos performance: time to calculate cache identifier cosmos_cache__verdanta_weekly__dbt_weekly for current version: 0.12413158600065799","logger":"cosmos.cache","filename":"cache.py","lineno":401}
{"timestamp":"2026-08-29T09:55:46.758199Z","level":"info","event":"Cosmos performance [38dba2c61c19|2516]: The cache size for cosmos_cache__verdanta_weekly__dbt_weekly is 23804","logger":"cosmos.dbt.graph","filename":"graph.py","lineno":886}
{"timestamp":"2026-08-29T09:55:46.759072Z","level":"info","event":"Cosmos performance: Cache hit for cosmos_cache__verdanta_weekly__dbt_weekly - 39a8c4b6e19a7b5e14cfea47af7dbd90,1ae01f5b93cde0ad1f6d9482f1b54abd","logger":"cosmos.dbt.graph","filename":"graph.py","lineno":898}
{"timestamp":"2026-08-29T09:55:46.759203Z","level":"info","event":"Total nodes: 27","logger":"cosmos.dbt.graph","filename":"graph.py","lineno":799}
{"timestamp":"2026-08-29T09:55:46.759263Z","level":"info","event":"Total filtered nodes: 27","logger":"cosmos.dbt.graph","filename":"graph.py","lineno":800}
{"timestamp":"2026-08-29T09:55:46.759329Z","level":"info","event":"Cosmos performance (verdanta_weekly__dbt_weekly) - [38dba2c61c19|2516]: It took 0.142s to parse the dbt project for DAG using LoadMode.DBT_LS_CACHE","logger":"cosmos.converter","filename":"converter.py","lineno":371}
{"timestamp":"2026-08-29T09:55:46.783184Z","level":"info","event":"Cosmos performance (verdanta_weekly__dbt_weekly) - [38dba2c61c19|2516]: It took 0.0238s to build the Airflow DAG.","logger":"cosmos.converter","filename":"converter.py","lineno":423}
{"timestamp":"2026-08-29T09:55:46.783443Z","level":"info","event":"::endgroup::Cosmos DAG parsing logs","logger":"cosmos.converter","filename":"converter.py","lineno":430}
{"timestamp":"2026-08-29T09:55:46.784095Z","level":"warning","event":"Using Variable.get from `airflow.models` is deprecated.Please use `get` on Variable from sdk(`airflow.sdk.Variable`) instead","category":"UserWarning","filename":"/home/airflow/.local/lib/python3.13/site-packages/airflow/models/variable.py","lineno":158,"logger":"py.warnings"}
{"timestamp":"2026-08-29T09:56:16.886183Z","level":"info","event":"Filling up the DagBag from /opt/airflow/dags/verdanta_weekly.py","logger":"airflow.dag_processing.dagbag.BundleDagBag","filename":"dagbag.py","lineno":469}
{"timestamp":"2026-08-29T09:56:16.951856Z","level":"info","event":"::group::Cosmos DAG parsing logs","logger":"cosmos.converter","filename":"converter.py","lineno":321}
{"timestamp":"2026-08-29T09:56:16.955562Z","level":"info","event":"Cosmos cache dir resolved to /tmp/cosmos/verdanta_weekly__dbt_weekly","logger":"cosmos.converter","filename":"converter.py","lineno":346}
{"timestamp":"2026-08-29T09:56:16.955724Z","level":"info","event":"Trying to parse the dbt project using dbt ls cache cosmos_cache__verdanta_weekly__dbt_weekly...","logger":"cosmos.dbt.graph","filename":"graph.py","lineno":869}
{"timestamp":"2026-08-29T09:56:17.093277Z","level":"info","event":"Cosmos performance: time to calculate cache identifier cosmos_cache__verdanta_weekly__dbt_weekly for current version: 0.12277517799884663","logger":"cosmos.cache","filename":"cache.py","lineno":401}
{"timestamp":"2026-08-29T09:56:17.093501Z","level":"info","event":"Cosmos performance [38dba2c61c19|2552]: The cache size for cosmos_cache__verdanta_weekly__dbt_weekly is 23804","logger":"cosmos.dbt.graph","filename":"graph.py","lineno":886}
{"timestamp":"2026-08-29T09:56:17.094393Z","level":"info","event":"Cosmos performance: Cache hit for cosmos_cache__verdanta_weekly__dbt_weekly - 39a8c4b6e19a7b5e14cfea47af7dbd90,1ae01f5b93cde0ad1f6d9482f1b54abd","logger":"cosmos.dbt.graph","filename":"graph.py","lineno":898}
{"timestamp":"2026-08-29T09:56:17.094528Z","level":"info","event":"Total nodes: 27","logger":"cosmos.dbt.graph","filename":"graph.py","lineno":799}
{"timestamp":"2026-08-29T09:56:17.094589Z","level":"info","event":"Total filtered nodes: 27","logger":"cosmos.dbt.graph","filename":"graph.py","lineno":800}
{"timestamp":"2026-08-29T09:56:17.094657Z","level":"info","event":"Cosmos performance (verdanta_weekly__dbt_weekly) - [38dba2c61c19|2552]: It took 0.139s to parse the dbt project for DAG using LoadMode.DBT_LS_CACHE","logger":"cosmos.converter","filename":"converter.py","lineno":371}
{"timestamp":"2026-08-29T09:56:17.119037Z","level":"info","event":"Cosmos performance (verdanta_weekly__dbt_weekly) - [38dba2c61c19|2552]: It took 0.0243s to build the Airflow DAG.","logger":"cosmos.converter","filename":"converter.py","lineno":423}
{"timestamp":"2026-08-29T09:56:17.119199Z","level":"info","event":"::endgroup::Cosmos DAG parsing logs","logger":"cosmos.converter","filename":"converter.py","lineno":430}
{"timestamp":"2026-08-29T09:56:17.119854Z","level":"warning","event":"Using Variable.get from `airflow.models` is deprecated.Please use `get` on Variable from sdk(`airflow.sdk.Variable`) instead","category":"UserWarning","filename":"/home/airflow/.local/lib/python3.13/site-packages/airflow/models/variable.py","lineno":158,"logger":"py.warnings"}
{"timestamp":"2026-08-29T09:56:48.005717Z","level":"info","event":"Filling up the DagBag from /opt/airflow/dags/verdanta_weekly.py","logger":"airflow.dag_processing.dagbag.BundleDagBag","filename":"dagbag.py","lineno":469}
{"timestamp":"2026-08-29T09:56:48.087544Z","level":"info","event":"::group::Cosmos DAG parsing logs","logger":"cosmos.converter","filename":"converter.py","lineno":321}
{"timestamp":"2026-08-29T09:56:48.091875Z","level":"info","event":"Cosmos cache dir resolved to /tmp/cosmos/verdanta_weekly__dbt_weekly","logger":"cosmos.converter","filename":"converter.py","lineno":346}
{"timestamp":"2026-08-29T09:56:48.092221Z","level":"info","event":"Trying to parse the dbt project using dbt ls cache cosmos_cache__verdanta_weekly__dbt_weekly...","logger":"cosmos.dbt.graph","filename":"graph.py","lineno":869}
{"timestamp":"2026-08-29T09:56:48.238880Z","level":"info","event":"Cosmos performance: time to calculate cache identifier cosmos_cache__verdanta_weekly__dbt_weekly for current version: 0.13278486099989095","logger":"cosmos.cache","filename":"cache.py","lineno":401}
{"timestamp":"2026-08-29T09:56:48.239109Z","level":"info","event":"Cosmos performance [38dba2c61c19|2569]: The cache size for cosmos_cache__verdanta_weekly__dbt_weekly is 23804","logger":"cosmos.dbt.graph","filename":"graph.py","lineno":886}
{"timestamp":"2026-08-29T09:56:48.240004Z","level":"info","event":"Cosmos performance: Cache hit for cosmos_cache__verdanta_weekly__dbt_weekly - 39a8c4b6e19a7b5e14cfea47af7dbd90,1ae01f5b93cde0ad1f6d9482f1b54abd","logger":"cosmos.dbt.graph","filename":"graph.py","lineno":898}
{"timestamp":"2026-08-29T09:56:48.240162Z","level":"info","event":"Total nodes: 27","logger":"cosmos.dbt.graph","filename":"graph.py","lineno":799}
{"timestamp":"2026-08-29T09:56:48.240252Z","level":"info","event":"Total filtered nodes: 27","logger":"cosmos.dbt.graph","filename":"graph.py","lineno":800}
{"timestamp":"2026-08-29T09:56:48.240324Z","level":"info","event":"Cosmos performance (verdanta_weekly__dbt_weekly) - [38dba2c61c19|2569]: It took 0.148s to parse the dbt project for DAG using LoadMode.DBT_LS_CACHE","logger":"cosmos.converter","filename":"converter.py","lineno":371}
{"timestamp":"2026-08-29T09:56:48.266466Z","level":"info","event":"Cosmos performance (verdanta_weekly__dbt_weekly) - [38dba2c61c19|2569]: It took 0.0261s to build the Airflow DAG.","logger":"cosmos.converter","filename":"converter.py","lineno":423}
{"timestamp":"2026-08-29T09:56:48.266652Z","level":"info","event":"::endgroup::Cosmos DAG parsing logs","logger":"cosmos.converter","filename":"converter.py","lineno":430}
{"timestamp":"2026-08-29T09:56:48.267098Z","level":"warning","event":"Using Variable.get from `airflow.models` is deprecated.Please use `get` on Variable from sdk(`airflow.sdk.Variable`) instead","category":"UserWarning","filename":"/home/airflow/.local/lib/python3.13/site-packages/airflow/models/variable.py","lineno":158,"logger":"py.warnings"}
{"timestamp":"2026-08-29T09:57:18.343992Z","level":"info","event":"Filling up the DagBag from /opt/airflow/dags/verdanta_weekly.py","logger":"airflow.dag_processing.dagbag.BundleDagBag","filename":"dagbag.py","lineno":469}
{"timestamp":"2026-08-29T09:57:18.408331Z","level":"info","event":"::group::Cosmos DAG parsing logs","logger":"cosmos.converter","filename":"converter.py","lineno":321}
{"timestamp":"2026-08-29T09:57:18.411914Z","level":"info","event":"Cosmos cache dir resolved to /tmp/cosmos/verdanta_weekly__dbt_weekly","logger":"cosmos.converter","filename":"converter.py","lineno":346}
{"timestamp":"2026-08-29T09:57:18.412118Z","level":"info","event":"Trying to parse the dbt project using dbt ls cache cosmos_cache__verdanta_weekly__dbt_weekly...","logger":"cosmos.dbt.graph","filename":"graph.py","lineno":869}
{"timestamp":"2026-08-29T09:57:18.548154Z","level":"info","event":"Cosmos performance: time to calculate cache identifier cosmos_cache__verdanta_weekly__dbt_weekly for current version: 0.12200616500012984","logger":"cosmos.cache","filename":"cache.py","lineno":401}
{"timestamp":"2026-08-29T09:57:18.548388Z","level":"info","event":"Cosmos performance [38dba2c61c19|2602]: The cache size for cosmos_cache__verdanta_weekly__dbt_weekly is 23804","logger":"cosmos.dbt.graph","filename":"graph.py","lineno":886}
{"timestamp":"2026-08-29T09:57:18.549257Z","level":"info","event":"Cosmos performance: Cache hit for cosmos_cache__verdanta_weekly__dbt_weekly - 39a8c4b6e19a7b5e14cfea47af7dbd90,1ae01f5b93cde0ad1f6d9482f1b54abd","logger":"cosmos.dbt.graph","filename":"graph.py","lineno":898}
{"timestamp":"2026-08-29T09:57:18.549456Z","level":"info","event":"Total nodes: 27","logger":"cosmos.dbt.graph","filename":"graph.py","lineno":799}
{"timestamp":"2026-08-29T09:57:18.549521Z","level":"info","event":"Total filtered nodes: 27","logger":"cosmos.dbt.graph","filename":"graph.py","lineno":800}
{"timestamp":"2026-08-29T09:57:18.549587Z","level":"info","event":"Cosmos performance (verdanta_weekly__dbt_weekly) - [38dba2c61c19|2602]: It took 0.138s to parse the dbt project for DAG using LoadMode.DBT_LS_CACHE","logger":"cosmos.converter","filename":"converter.py","lineno":371}
{"timestamp":"2026-08-29T09:57:18.573771Z","level":"info","event":"Cosmos performance (verdanta_weekly__dbt_weekly) - [38dba2c61c19|2602]: It took 0.0241s to build the Airflow DAG.","logger":"cosmos.converter","filename":"converter.py","lineno":423}
{"timestamp":"2026-08-29T09:57:18.573927Z","level":"info","event":"::endgroup::Cosmos DAG parsing logs","logger":"cosmos.converter","filename":"converter.py","lineno":430}
{"timestamp":"2026-08-29T09:57:18.574324Z","level":"warning","event":"Using Variable.get from `airflow.models` is deprecated.Please use `get` on Variable from sdk(`airflow.sdk.Variable`) instead","category":"UserWarning","filename":"/home/airflow/.local/lib/python3.13/site-packages/airflow/models/variable.py","lineno":158,"logger":"py.warnings"}
{"timestamp":"2026-08-29T09:57:49.428991Z","level":"info","event":"Filling up the DagBag from /opt/airflow/dags/verdanta_weekly.py","logger":"airflow.dag_processing.dagbag.BundleDagBag","filename":"dagbag.py","lineno":469}
{"timestamp":"2026-08-29T09:57:49.500920Z","level":"info","event":"::group::Cosmos DAG parsing logs","logger":"cosmos.converter","filename":"converter.py","lineno":321}
{"timestamp":"2026-08-29T09:57:49.504049Z","level":"info","event":"Cosmos cache dir resolved to /tmp/cosmos/verdanta_weekly__dbt_weekly","logger":"cosmos.converter","filename":"converter.py","lineno":346}
{"timestamp":"2026-08-29T09:57:49.504270Z","level":"info","event":"Trying to parse the dbt project using dbt ls cache cosmos_cache__verdanta_weekly__dbt_weekly...","logger":"cosmos.dbt.graph","filename":"graph.py","lineno":869}
{"timestamp":"2026-08-29T09:57:49.649412Z","level":"info","event":"Cosmos performance: time to calculate cache identifier cosmos_cache__verdanta_weekly__dbt_weekly for current version: 0.12910363800074265","logger":"cosmos.cache","filename":"cache.py","lineno":401}
{"timestamp":"2026-08-29T09:57:49.649665Z","level":"info","event":"Cosmos performance [38dba2c61c19|2638]: The cache size for cosmos_cache__verdanta_weekly__dbt_weekly is 23804","logger":"cosmos.dbt.graph","filename":"graph.py","lineno":886}
{"timestamp":"2026-08-29T09:57:49.650727Z","level":"info","event":"Cosmos performance: Cache hit for cosmos_cache__verdanta_weekly__dbt_weekly - 39a8c4b6e19a7b5e14cfea47af7dbd90,1ae01f5b93cde0ad1f6d9482f1b54abd","logger":"cosmos.dbt.graph","filename":"graph.py","lineno":898}
{"timestamp":"2026-08-29T09:57:49.650895Z","level":"info","event":"Total nodes: 27","logger":"cosmos.dbt.graph","filename":"graph.py","lineno":799}
{"timestamp":"2026-08-29T09:57:49.650973Z","level":"info","event":"Total filtered nodes: 27","logger":"cosmos.dbt.graph","filename":"graph.py","lineno":800}
{"timestamp":"2026-08-29T09:57:49.651043Z","level":"info","event":"Cosmos performance (verdanta_weekly__dbt_weekly) - [38dba2c61c19|2638]: It took 0.147s to parse the dbt project for DAG using LoadMode.DBT_LS_CACHE","logger":"cosmos.converter","filename":"converter.py","lineno":371}
{"timestamp":"2026-08-29T09:57:49.676984Z","level":"info","event":"Cosmos performance (verdanta_weekly__dbt_weekly) - [38dba2c61c19|2638]: It took 0.0259s to build the Airflow DAG.","logger":"cosmos.converter","filename":"converter.py","lineno":423}
{"timestamp":"2026-08-29T09:57:49.677147Z","level":"info","event":"::endgroup::Cosmos DAG parsing logs","logger":"cosmos.converter","filename":"converter.py","lineno":430}
{"timestamp":"2026-08-29T09:57:49.677706Z","level":"warning","event":"Using Variable.get from `airflow.models` is deprecated.Please use `get` on Variable from sdk(`airflow.sdk.Variable`) instead","category":"UserWarning","filename":"/home/airflow/.local/lib/python3.13/site-packages/airflow/models/variable.py","lineno":158,"logger":"py.warnings"}
{"timestamp":"2026-08-29T09:58:20.373690Z","level":"info","event":"Filling up the DagBag from /opt/airflow/dags/verdanta_weekly.py","logger":"airflow.dag_processing.dagbag.BundleDagBag","filename":"dagbag.py","lineno":469}
{"timestamp":"2026-08-29T09:58:20.455114Z","level":"info","event":"::group::Cosmos DAG parsing logs","logger":"cosmos.converter","filename":"converter.py","lineno":321}
{"timestamp":"2026-08-29T09:58:20.459212Z","level":"info","event":"Cosmos cache dir resolved to /tmp/cosmos/verdanta_weekly__dbt_weekly","logger":"cosmos.converter","filename":"converter.py","lineno":346}
{"timestamp":"2026-08-29T09:58:20.459520Z","level":"info","event":"Trying to parse the dbt project using dbt ls cache cosmos_cache__verdanta_weekly__dbt_weekly...","logger":"cosmos.dbt.graph","filename":"graph.py","lineno":869}
{"timestamp":"2026-08-29T09:58:20.601695Z","level":"info","event":"Cosmos performance: time to calculate cache identifier cosmos_cache__verdanta_weekly__dbt_weekly for current version: 0.12812838800164172","logger":"cosmos.cache","filename":"cache.py","lineno":401}
{"timestamp":"2026-08-29T09:58:20.601934Z","level":"info","event":"Cosmos performance [38dba2c61c19|2674]: The cache size for cosmos_cache__verdanta_weekly__dbt_weekly is 23804","logger":"cosmos.dbt.graph","filename":"graph.py","lineno":886}
{"timestamp":"2026-08-29T09:58:20.602898Z","level":"info","event":"Cosmos performance: Cache hit for cosmos_cache__verdanta_weekly__dbt_weekly - 39a8c4b6e19a7b5e14cfea47af7dbd90,1ae01f5b93cde0ad1f6d9482f1b54abd","logger":"cosmos.dbt.graph","filename":"graph.py","lineno":898}
{"timestamp":"2026-08-29T09:58:20.603042Z","level":"info","event":"Total nodes: 27","logger":"cosmos.dbt.graph","filename":"graph.py","lineno":799}
{"timestamp":"2026-08-29T09:58:20.603223Z","level":"info","event":"Total filtered nodes: 27","logger":"cosmos.dbt.graph","filename":"graph.py","lineno":800}
{"timestamp":"2026-08-29T09:58:20.603310Z","level":"info","event":"Cosmos performance (verdanta_weekly__dbt_weekly) - [38dba2c61c19|2674]: It took 0.144s to parse the dbt project for DAG using LoadMode.DBT_LS_CACHE","logger":"cosmos.converter","filename":"converter.py","lineno":371}
{"timestamp":"2026-08-29T09:58:20.628547Z","level":"info","event":"Cosmos performance (verdanta_weekly__dbt_weekly) - [38dba2c61c19|2674]: It took 0.0252s to build the Airflow DAG.","logger":"cosmos.converter","filename":"converter.py","lineno":423}
{"timestamp":"2026-08-29T09:58:20.628732Z","level":"info","event":"::endgroup::Cosmos DAG parsing logs","logger":"cosmos.converter","filename":"converter.py","lineno":430}
{"timestamp":"2026-08-29T09:58:20.629244Z","level":"warning","event":"Using Variable.get from `airflow.models` is deprecated.Please use `get` on Variable from sdk(`airflow.sdk.Variable`) instead","category":"UserWarning","filename":"/home/airflow/.local/lib/python3.13/site-packages/airflow/models/variable.py","lineno":158,"logger":"py.warnings"}
{"timestamp":"2026-08-29T09:58:50.844270Z","level":"info","event":"Filling up the DagBag from /opt/airflow/dags/verdanta_weekly.py","logger":"airflow.dag_processing.dagbag.BundleDagBag","filename":"dagbag.py","lineno":469}
{"timestamp":"2026-08-29T09:58:50.916840Z","level":"info","event":"::group::Cosmos DAG parsing logs","logger":"cosmos.converter","filename":"converter.py","lineno":321}
{"timestamp":"2026-08-29T09:58:50.920604Z","level":"info","event":"Cosmos cache dir resolved to /tmp/cosmos/verdanta_weekly__dbt_weekly","logger":"cosmos.converter","filename":"converter.py","lineno":346}
{"timestamp":"2026-08-29T09:58:50.920790Z","level":"info","event":"Trying to parse the dbt project using dbt ls cache cosmos_cache__verdanta_weekly__dbt_weekly...","logger":"cosmos.dbt.graph","filename":"graph.py","lineno":869}
{"timestamp":"2026-08-29T09:58:51.068170Z","level":"info","event":"Cosmos performance: time to calculate cache identifier cosmos_cache__verdanta_weekly__dbt_weekly for current version: 0.1316239730003872","logger":"cosmos.cache","filename":"cache.py","lineno":401}
{"timestamp":"2026-08-29T09:58:51.068400Z","level":"info","event":"Cosmos performance [38dba2c61c19|2710]: The cache size for cosmos_cache__verdanta_weekly__dbt_weekly is 23804","logger":"cosmos.dbt.graph","filename":"graph.py","lineno":886}
{"timestamp":"2026-08-29T09:58:51.069269Z","level":"info","event":"Cosmos performance: Cache hit for cosmos_cache__verdanta_weekly__dbt_weekly - 39a8c4b6e19a7b5e14cfea47af7dbd90,1ae01f5b93cde0ad1f6d9482f1b54abd","logger":"cosmos.dbt.graph","filename":"graph.py","lineno":898}
{"timestamp":"2026-08-29T09:58:51.069398Z","level":"info","event":"Total nodes: 27","logger":"cosmos.dbt.graph","filename":"graph.py","lineno":799}
{"timestamp":"2026-08-29T09:58:51.069459Z","level":"info","event":"Total filtered nodes: 27","logger":"cosmos.dbt.graph","filename":"graph.py","lineno":800}
{"timestamp":"2026-08-29T09:58:51.069526Z","level":"info","event":"Cosmos performance (verdanta_weekly__dbt_weekly) - [38dba2c61c19|2710]: It took 0.149s to parse the dbt project for DAG using LoadMode.DBT_LS_CACHE","logger":"cosmos.converter","filename":"converter.py","lineno":371}
{"timestamp":"2026-08-29T09:58:51.095308Z","level":"info","event":"Cosmos performance (verdanta_weekly__dbt_weekly) - [38dba2c61c19|2710]: It took 0.0257s to build the Airflow DAG.","logger":"cosmos.converter","filename":"converter.py","lineno":423}
{"timestamp":"2026-08-29T09:58:51.095473Z","level":"info","event":"::endgroup::Cosmos DAG parsing logs","logger":"cosmos.converter","filename":"converter.py","lineno":430}
{"timestamp":"2026-08-29T09:58:51.095939Z","level":"warning","event":"Using Variable.get from `airflow.models` is deprecated.Please use `get` on Variable from sdk(`airflow.sdk.Variable`) instead","category":"UserWarning","filename":"/home/airflow/.local/lib/python3.13/site-packages/airflow/models/variable.py","lineno":158,"logger":"py.warnings"}
{"timestamp":"2026-08-29T09:59:21.888071Z","level":"info","event":"Filling up the DagBag from /opt/airflow/dags/verdanta_weekly.py","logger":"airflow.dag_processing.dagbag.BundleDagBag","filename":"dagbag.py","lineno":469}
{"timestamp":"2026-08-29T09:59:21.964587Z","level":"info","event":"::group::Cosmos DAG parsing logs","logger":"cosmos.converter","filename":"converter.py","lineno":321}
{"timestamp":"2026-08-29T09:59:21.968460Z","level":"info","event":"Cosmos cache dir resolved to /tmp/cosmos/verdanta_weekly__dbt_weekly","logger":"cosmos.converter","filename":"converter.py","lineno":346}
{"timestamp":"2026-08-29T09:59:21.968731Z","level":"info","event":"Trying to parse the dbt project using dbt ls cache cosmos_cache__verdanta_weekly__dbt_weekly...","logger":"cosmos.dbt.graph","filename":"graph.py","lineno":869}
{"timestamp":"2026-08-29T09:59:22.115959Z","level":"info","event":"Cosmos performance: time to calculate cache identifier cosmos_cache__verdanta_weekly__dbt_weekly for current version: 0.13183203900007356","logger":"cosmos.cache","filename":"cache.py","lineno":401}
{"timestamp":"2026-08-29T09:59:22.116176Z","level":"info","event":"Cosmos performance [38dba2c61c19|2727]: The cache size for cosmos_cache__verdanta_weekly__dbt_weekly is 23804","logger":"cosmos.dbt.graph","filename":"graph.py","lineno":886}
{"timestamp":"2026-08-29T09:59:22.116996Z","level":"info","event":"Cosmos performance: Cache hit for cosmos_cache__verdanta_weekly__dbt_weekly - 39a8c4b6e19a7b5e14cfea47af7dbd90,1ae01f5b93cde0ad1f6d9482f1b54abd","logger":"cosmos.dbt.graph","filename":"graph.py","lineno":898}
{"timestamp":"2026-08-29T09:59:22.117113Z","level":"info","event":"Total nodes: 27","logger":"cosmos.dbt.graph","filename":"graph.py","lineno":799}
{"timestamp":"2026-08-29T09:59:22.117171Z","level":"info","event":"Total filtered nodes: 27","logger":"cosmos.dbt.graph","filename":"graph.py","lineno":800}
{"timestamp":"2026-08-29T09:59:22.117235Z","level":"info","event":"Cosmos performance (verdanta_weekly__dbt_weekly) - [38dba2c61c19|2727]: It took 0.149s to parse the dbt project for DAG using LoadMode.DBT_LS_CACHE","logger":"cosmos.converter","filename":"converter.py","lineno":371}
{"timestamp":"2026-08-29T09:59:22.144150Z","level":"info","event":"Cosmos performance (verdanta_weekly__dbt_weekly) - [38dba2c61c19|2727]: It took 0.0269s to build the Airflow DAG.","logger":"cosmos.converter","filename":"converter.py","lineno":423}
{"timestamp":"2026-08-29T09:59:22.144321Z","level":"info","event":"::endgroup::Cosmos DAG parsing logs","logger":"cosmos.converter","filename":"converter.py","lineno":430}
{"timestamp":"2026-08-29T09:59:22.144783Z","level":"warning","event":"Using Variable.get from `airflow.models` is deprecated.Please use `get` on Variable from sdk(`airflow.sdk.Variable`) instead","category":"UserWarning","filename":"/home/airflow/.local/lib/python3.13/site-packages/airflow/models/variable.py","lineno":158,"logger":"py.warnings"}
{"timestamp":"2026-08-29T09:59:53.092128Z","level":"info","event":"Filling up the DagBag from /opt/airflow/dags/verdanta_weekly.py","logger":"airflow.dag_processing.dagbag.BundleDagBag","filename":"dagbag.py","lineno":469}
{"timestamp":"2026-08-29T09:59:53.175069Z","level":"info","event":"::group::Cosmos DAG parsing logs","logger":"cosmos.converter","filename":"converter.py","lineno":321}
{"timestamp":"2026-08-29T09:59:53.179179Z","level":"info","event":"Cosmos cache dir resolved to /tmp/cosmos/verdanta_weekly__dbt_weekly","logger":"cosmos.converter","filename":"converter.py","lineno":346}
{"timestamp":"2026-08-29T09:59:53.179569Z","level":"info","event":"Trying to parse the dbt project using dbt ls cache cosmos_cache__verdanta_weekly__dbt_weekly...","logger":"cosmos.dbt.graph","filename":"graph.py","lineno":869}
{"timestamp":"2026-08-29T09:59:53.347652Z","level":"info","event":"Cosmos performance: time to calculate cache identifier cosmos_cache__verdanta_weekly__dbt_weekly for current version: 0.136874321000505","logger":"cosmos.cache","filename":"cache.py","lineno":401}
{"timestamp":"2026-08-29T09:59:53.347945Z","level":"info","event":"Cosmos performance [38dba2c61c19|2761]: The cache size for cosmos_cache__verdanta_weekly__dbt_weekly is 23804","logger":"cosmos.dbt.graph","filename":"graph.py","lineno":886}
{"timestamp":"2026-08-29T09:59:53.348898Z","level":"info","event":"Cosmos performance: Cache hit for cosmos_cache__verdanta_weekly__dbt_weekly - 39a8c4b6e19a7b5e14cfea47af7dbd90,1ae01f5b93cde0ad1f6d9482f1b54abd","logger":"cosmos.dbt.graph","filename":"graph.py","lineno":898}
{"timestamp":"2026-08-29T09:59:53.349110Z","level":"info","event":"Total nodes: 27","logger":"cosmos.dbt.graph","filename":"graph.py","lineno":799}
{"timestamp":"2026-08-29T09:59:53.349217Z","level":"info","event":"Total filtered nodes: 27","logger":"cosmos.dbt.graph","filename":"graph.py","lineno":800}
{"timestamp":"2026-08-29T09:59:53.349344Z","level":"info","event":"Cosmos performance (verdanta_weekly__dbt_weekly) - [38dba2c61c19|2761]: It took 0.17s to parse the dbt project for DAG using LoadMode.DBT_LS_CACHE","logger":"cosmos.converter","filename":"converter.py","lineno":371}
{"timestamp":"2026-08-29T09:59:53.378297Z","level":"info","event":"Cosmos performance (verdanta_weekly__dbt_weekly) - [38dba2c61c19|2761]: It took 0.0289s to build the Airflow DAG.","logger":"cosmos.converter","filename":"converter.py","lineno":423}
{"timestamp":"2026-08-29T09:59:53.378467Z","level":"info","event":"::endgroup::Cosmos DAG parsing logs","logger":"cosmos.converter","filename":"converter.py","lineno":430}
{"timestamp":"2026-08-29T09:59:53.379169Z","level":"warning","event":"Using Variable.get from `airflow.models` is deprecated.Please use `get` on Variable from sdk(`airflow.sdk.Variable`) instead","category":"UserWarning","filename":"/home/airflow/.local/lib/python3.13/site-packages/airflow/models/variable.py","lineno":158,"logger":"py.warnings"}
{"timestamp":"2026-08-29T10:00:23.520719Z","level":"info","event":"Filling up the DagBag from /opt/airflow/dags/verdanta_weekly.py","logger":"airflow.dag_processing.dagbag.BundleDagBag","filename":"dagbag.py","lineno":469}
{"timestamp":"2026-08-29T10:00:23.593358Z","level":"info","event":"::group::Cosmos DAG parsing logs","logger":"cosmos.converter","filename":"converter.py","lineno":321}
{"timestamp":"2026-08-29T10:00:23.596935Z","level":"info","event":"Cosmos cache dir resolved to /tmp/cosmos/verdanta_weekly__dbt_weekly","logger":"cosmos.converter","filename":"converter.py","lineno":346}
{"timestamp":"2026-08-29T10:00:23.597220Z","level":"info","event":"Trying to parse the dbt project using dbt ls cache cosmos_cache__verdanta_weekly__dbt_weekly...","logger":"cosmos.dbt.graph","filename":"graph.py","lineno":869}
{"timestamp":"2026-08-29T10:00:23.751297Z","level":"info","event":"Cosmos performance: time to calculate cache identifier cosmos_cache__verdanta_weekly__dbt_weekly for current version: 0.13727685599951656","logger":"cosmos.cache","filename":"cache.py","lineno":401}
{"timestamp":"2026-08-29T10:00:23.751567Z","level":"info","event":"Cosmos performance [38dba2c61c19|2797]: The cache size for cosmos_cache__verdanta_weekly__dbt_weekly is 23804","logger":"cosmos.dbt.graph","filename":"graph.py","lineno":886}
{"timestamp":"2026-08-29T10:00:23.752478Z","level":"info","event":"Cosmos performance: Cache hit for cosmos_cache__verdanta_weekly__dbt_weekly - 39a8c4b6e19a7b5e14cfea47af7dbd90,1ae01f5b93cde0ad1f6d9482f1b54abd","logger":"cosmos.dbt.graph","filename":"graph.py","lineno":898}
{"timestamp":"2026-08-29T10:00:23.752658Z","level":"info","event":"Total nodes: 27","logger":"cosmos.dbt.graph","filename":"graph.py","lineno":799}
{"timestamp":"2026-08-29T10:00:23.752734Z","level":"info","event":"Total filtered nodes: 27","logger":"cosmos.dbt.graph","filename":"graph.py","lineno":800}
{"timestamp":"2026-08-29T10:00:23.752870Z","level":"info","event":"Cosmos performance (verdanta_weekly__dbt_weekly) - [38dba2c61c19|2797]: It took 0.156s to parse the dbt project for DAG using LoadMode.DBT_LS_CACHE","logger":"cosmos.converter","filename":"converter.py","lineno":371}
{"timestamp":"2026-08-29T10:00:23.778563Z","level":"info","event":"Cosmos performance (verdanta_weekly__dbt_weekly) - [38dba2c61c19|2797]: It took 0.0257s to build the Airflow DAG.","logger":"cosmos.converter","filename":"converter.py","lineno":423}
{"timestamp":"2026-08-29T10:00:23.778742Z","level":"info","event":"::endgroup::Cosmos DAG parsing logs","logger":"cosmos.converter","filename":"converter.py","lineno":430}
{"timestamp":"2026-08-29T10:00:23.779252Z","level":"warning","event":"Using Variable.get from `airflow.models` is deprecated.Please use `get` on Variable from sdk(`airflow.sdk.Variable`) instead","category":"UserWarning","filename":"/home/airflow/.local/lib/python3.13/site-packages/airflow/models/variable.py","lineno":158,"logger":"py.warnings"}
{"timestamp":"2026-08-29T10:00:54.019041Z","level":"info","event":"Filling up the DagBag from /opt/airflow/dags/verdanta_weekly.py","logger":"airflow.dag_processing.dagbag.BundleDagBag","filename":"dagbag.py","lineno":469}
{"timestamp":"2026-08-29T10:00:54.095334Z","level":"info","event":"::group::Cosmos DAG parsing logs","logger":"cosmos.converter","filename":"converter.py","lineno":321}
{"timestamp":"2026-08-29T10:00:54.100124Z","level":"info","event":"Cosmos cache dir resolved to /tmp/cosmos/verdanta_weekly__dbt_weekly","logger":"cosmos.converter","filename":"converter.py","lineno":346}
{"timestamp":"2026-08-29T10:00:54.100371Z","level":"info","event":"Trying to parse the dbt project using dbt ls cache cosmos_cache__verdanta_weekly__dbt_weekly...","logger":"cosmos.dbt.graph","filename":"graph.py","lineno":869}
{"timestamp":"2026-08-29T10:00:54.252042Z","level":"info","event":"Cosmos performance: time to calculate cache identifier cosmos_cache__verdanta_weekly__dbt_weekly for current version: 0.13506363300075463","logger":"cosmos.cache","filename":"cache.py","lineno":401}
{"timestamp":"2026-08-29T10:00:54.252270Z","level":"info","event":"Cosmos performance [38dba2c61c19|2833]: The cache size for cosmos_cache__verdanta_weekly__dbt_weekly is 23804","logger":"cosmos.dbt.graph","filename":"graph.py","lineno":886}
{"timestamp":"2026-08-29T10:00:54.253077Z","level":"info","event":"Cosmos performance: Cache hit for cosmos_cache__verdanta_weekly__dbt_weekly - 39a8c4b6e19a7b5e14cfea47af7dbd90,1ae01f5b93cde0ad1f6d9482f1b54abd","logger":"cosmos.dbt.graph","filename":"graph.py","lineno":898}
{"timestamp":"2026-08-29T10:00:54.253201Z","level":"info","event":"Total nodes: 27","logger":"cosmos.dbt.graph","filename":"graph.py","lineno":799}
{"timestamp":"2026-08-29T10:00:54.253261Z","level":"info","event":"Total filtered nodes: 27","logger":"cosmos.dbt.graph","filename":"graph.py","lineno":800}
{"timestamp":"2026-08-29T10:00:54.253328Z","level":"info","event":"Cosmos performance (verdanta_weekly__dbt_weekly) - [38dba2c61c19|2833]: It took 0.153s to parse the dbt project for DAG using LoadMode.DBT_LS_CACHE","logger":"cosmos.converter","filename":"converter.py","lineno":371}
{"timestamp":"2026-08-29T10:00:54.279489Z","level":"info","event":"Cosmos performance (verdanta_weekly__dbt_weekly) - [38dba2c61c19|2833]: It took 0.0261s to build the Airflow DAG.","logger":"cosmos.converter","filename":"converter.py","lineno":423}
{"timestamp":"2026-08-29T10:00:54.279674Z","level":"info","event":"::endgroup::Cosmos DAG parsing logs","logger":"cosmos.converter","filename":"converter.py","lineno":430}
{"timestamp":"2026-08-29T10:00:54.280261Z","level":"warning","event":"Using Variable.get from `airflow.models` is deprecated.Please use `get` on Variable from sdk(`airflow.sdk.Variable`) instead","category":"UserWarning","filename":"/home/airflow/.local/lib/python3.13/site-packages/airflow/models/variable.py","lineno":158,"logger":"py.warnings"}
{"timestamp":"2026-08-29T10:01:25.021342Z","level":"info","event":"Filling up the DagBag from /opt/airflow/dags/verdanta_weekly.py","logger":"airflow.dag_processing.dagbag.BundleDagBag","filename":"dagbag.py","lineno":469}
{"timestamp":"2026-08-29T10:01:25.123630Z","level":"info","event":"::group::Cosmos DAG parsing logs","logger":"cosmos.converter","filename":"converter.py","lineno":321}
{"timestamp":"2026-08-29T10:01:25.130117Z","level":"info","event":"Cosmos cache dir resolved to /tmp/cosmos/verdanta_weekly__dbt_weekly","logger":"cosmos.converter","filename":"converter.py","lineno":346}
{"timestamp":"2026-08-29T10:01:25.130463Z","level":"info","event":"Trying to parse the dbt project using dbt ls cache cosmos_cache__verdanta_weekly__dbt_weekly...","logger":"cosmos.dbt.graph","filename":"graph.py","lineno":869}
{"timestamp":"2026-08-29T10:01:25.291108Z","level":"info","event":"Cosmos performance: time to calculate cache identifier cosmos_cache__verdanta_weekly__dbt_weekly for current version: 0.14624261000062688","logger":"cosmos.cache","filename":"cache.py","lineno":401}
{"timestamp":"2026-08-29T10:01:25.291347Z","level":"info","event":"Cosmos performance [38dba2c61c19|2868]: The cache size for cosmos_cache__verdanta_weekly__dbt_weekly is 23804","logger":"cosmos.dbt.graph","filename":"graph.py","lineno":886}
{"timestamp":"2026-08-29T10:01:25.292224Z","level":"info","event":"Cosmos performance: Cache hit for cosmos_cache__verdanta_weekly__dbt_weekly - 39a8c4b6e19a7b5e14cfea47af7dbd90,1ae01f5b93cde0ad1f6d9482f1b54abd","logger":"cosmos.dbt.graph","filename":"graph.py","lineno":898}
{"timestamp":"2026-08-29T10:01:25.292436Z","level":"info","event":"Total nodes: 27","logger":"cosmos.dbt.graph","filename":"graph.py","lineno":799}
{"timestamp":"2026-08-29T10:01:25.292523Z","level":"info","event":"Total filtered nodes: 27","logger":"cosmos.dbt.graph","filename":"graph.py","lineno":800}
{"timestamp":"2026-08-29T10:01:25.292601Z","level":"info","event":"Cosmos performance (verdanta_weekly__dbt_weekly) - [38dba2c61c19|2868]: It took 0.162s to parse the dbt project for DAG using LoadMode.DBT_LS_CACHE","logger":"cosmos.converter","filename":"converter.py","lineno":371}
{"timestamp":"2026-08-29T10:01:25.322566Z","level":"info","event":"Cosmos performance (verdanta_weekly__dbt_weekly) - [38dba2c61c19|2868]: It took 0.0299s to build the Airflow DAG.","logger":"cosmos.converter","filename":"converter.py","lineno":423}
{"timestamp":"2026-08-29T10:01:25.322748Z","level":"info","event":"::endgroup::Cosmos DAG parsing logs","logger":"cosmos.converter","filename":"converter.py","lineno":430}
{"timestamp":"2026-08-29T10:01:25.323418Z","level":"warning","event":"Using Variable.get from `airflow.models` is deprecated.Please use `get` on Variable from sdk(`airflow.sdk.Variable`) instead","category":"UserWarning","filename":"/home/airflow/.local/lib/python3.13/site-packages/airflow/models/variable.py","lineno":158,"logger":"py.warnings"}
{"timestamp":"2026-08-29T10:01:55.549598Z","level":"info","event":"Filling up the DagBag from /opt/airflow/dags/verdanta_weekly.py","logger":"airflow.dag_processing.dagbag.BundleDagBag","filename":"dagbag.py","lineno":469}
{"timestamp":"2026-08-29T10:01:55.622888Z","level":"info","event":"::group::Cosmos DAG parsing logs","logger":"cosmos.converter","filename":"converter.py","lineno":321}
{"timestamp":"2026-08-29T10:01:55.627028Z","level":"info","event":"Cosmos cache dir resolved to /tmp/cosmos/verdanta_weekly__dbt_weekly","logger":"cosmos.converter","filename":"converter.py","lineno":346}
{"timestamp":"2026-08-29T10:01:55.627312Z","level":"info","event":"Trying to parse the dbt project using dbt ls cache cosmos_cache__verdanta_weekly__dbt_weekly...","logger":"cosmos.dbt.graph","filename":"graph.py","lineno":869}
{"timestamp":"2026-08-29T10:01:55.771552Z","level":"info","event":"Cosmos performance: time to calculate cache identifier cosmos_cache__verdanta_weekly__dbt_weekly for current version: 0.12830987800043658","logger":"cosmos.cache","filename":"cache.py","lineno":401}
{"timestamp":"2026-08-29T10:01:55.771802Z","level":"info","event":"Cosmos performance [38dba2c61c19|2879]: The cache size for cosmos_cache__verdanta_weekly__dbt_weekly is 23804","logger":"cosmos.dbt.graph","filename":"graph.py","lineno":886}
{"timestamp":"2026-08-29T10:01:55.772706Z","level":"info","event":"Cosmos performance: Cache hit for cosmos_cache__verdanta_weekly__dbt_weekly - 39a8c4b6e19a7b5e14cfea47af7dbd90,1ae01f5b93cde0ad1f6d9482f1b54abd","logger":"cosmos.dbt.graph","filename":"graph.py","lineno":898}
{"timestamp":"2026-08-29T10:01:55.772903Z","level":"info","event":"Total nodes: 27","logger":"cosmos.dbt.graph","filename":"graph.py","lineno":799}
{"timestamp":"2026-08-29T10:01:55.772990Z","level":"info","event":"Total filtered nodes: 27","logger":"cosmos.dbt.graph","filename":"graph.py","lineno":800}
{"timestamp":"2026-08-29T10:01:55.773065Z","level":"info","event":"Cosmos performance (verdanta_weekly__dbt_weekly) - [38dba2c61c19|2879]: It took 0.146s to parse the dbt project for DAG using LoadMode.DBT_LS_CACHE","logger":"cosmos.converter","filename":"converter.py","lineno":371}
{"timestamp":"2026-08-29T10:01:55.798882Z","level":"info","event":"Cosmos performance (verdanta_weekly__dbt_weekly) - [38dba2c61c19|2879]: It took 0.0258s to build the Airflow DAG.","logger":"cosmos.converter","filename":"converter.py","lineno":423}
{"timestamp":"2026-08-29T10:01:55.799102Z","level":"info","event":"::endgroup::Cosmos DAG parsing logs","logger":"cosmos.converter","filename":"converter.py","lineno":430}
{"timestamp":"2026-08-29T10:01:55.799757Z","level":"warning","event":"Using Variable.get from `airflow.models` is deprecated.Please use `get` on Variable from sdk(`airflow.sdk.Variable`) instead","category":"UserWarning","filename":"/home/airflow/.local/lib/python3.13/site-packages/airflow/models/variable.py","lineno":158,"logger":"py.warnings"}
{"timestamp":"2026-08-29T10:02:26.026694Z","level":"info","event":"Filling up the DagBag from /opt/airflow/dags/verdanta_weekly.py","logger":"airflow.dag_processing.dagbag.BundleDagBag","filename":"dagbag.py","lineno":469}
{"timestamp":"2026-08-29T10:02:26.105337Z","level":"info","event":"::group::Cosmos DAG parsing logs","logger":"cosmos.converter","filename":"converter.py","lineno":321}
{"timestamp":"2026-08-29T10:02:26.109232Z","level":"info","event":"Cosmos cache dir resolved to /tmp/cosmos/verdanta_weekly__dbt_weekly","logger":"cosmos.converter","filename":"converter.py","lineno":346}
{"timestamp":"2026-08-29T10:02:26.109632Z","level":"info","event":"Trying to parse the dbt project using dbt ls cache cosmos_cache__verdanta_weekly__dbt_weekly...","logger":"cosmos.dbt.graph","filename":"graph.py","lineno":869}
{"timestamp":"2026-08-29T10:02:26.254822Z","level":"info","event":"Cosmos performance: time to calculate cache identifier cosmos_cache__verdanta_weekly__dbt_weekly for current version: 0.12913855299848365","logger":"cosmos.cache","filename":"cache.py","lineno":401}
{"timestamp":"2026-08-29T10:02:26.255053Z","level":"info","event":"Cosmos performance [38dba2c61c19|2911]: The cache size for cosmos_cache__verdanta_weekly__dbt_weekly is 23804","logger":"cosmos.dbt.graph","filename":"graph.py","lineno":886}
{"timestamp":"2026-08-29T10:02:26.256059Z","level":"info","event":"Cosmos performance: Cache hit for cosmos_cache__verdanta_weekly__dbt_weekly - 39a8c4b6e19a7b5e14cfea47af7dbd90,1ae01f5b93cde0ad1f6d9482f1b54abd","logger":"cosmos.dbt.graph","filename":"graph.py","lineno":898}
{"timestamp":"2026-08-29T10:02:26.256195Z","level":"info","event":"Total nodes: 27","logger":"cosmos.dbt.graph","filename":"graph.py","lineno":799}
{"timestamp":"2026-08-29T10:02:26.256297Z","level":"info","event":"Total filtered nodes: 27","logger":"cosmos.dbt.graph","filename":"graph.py","lineno":800}
{"timestamp":"2026-08-29T10:02:26.256393Z","level":"info","event":"Cosmos performance (verdanta_weekly__dbt_weekly) - [38dba2c61c19|2911]: It took 0.147s to parse the dbt project for DAG using LoadMode.DBT_LS_CACHE","logger":"cosmos.converter","filename":"converter.py","lineno":371}
{"timestamp":"2026-08-29T10:02:26.292759Z","level":"info","event":"Cosmos performance (verdanta_weekly__dbt_weekly) - [38dba2c61c19|2911]: It took 0.0363s to build the Airflow DAG.","logger":"cosmos.converter","filename":"converter.py","lineno":423}
{"timestamp":"2026-08-29T10:02:26.292964Z","level":"info","event":"::endgroup::Cosmos DAG parsing logs","logger":"cosmos.converter","filename":"converter.py","lineno":430}
{"timestamp":"2026-08-29T10:02:26.294103Z","level":"warning","event":"Using Variable.get from `airflow.models` is deprecated.Please use `get` on Variable from sdk(`airflow.sdk.Variable`) instead","category":"UserWarning","filename":"/home/airflow/.local/lib/python3.13/site-packages/airflow/models/variable.py","lineno":158,"logger":"py.warnings"}
{"timestamp":"2026-08-29T10:02:56.470685Z","level":"info","event":"Filling up the DagBag from /opt/airflow/dags/verdanta_weekly.py","logger":"airflow.dag_processing.dagbag.BundleDagBag","filename":"dagbag.py","lineno":469}
{"timestamp":"2026-08-29T10:02:56.546018Z","level":"info","event":"::group::Cosmos DAG parsing logs","logger":"cosmos.converter","filename":"converter.py","lineno":321}
{"timestamp":"2026-08-29T10:02:56.549803Z","level":"info","event":"Cosmos cache dir resolved to /tmp/cosmos/verdanta_weekly__dbt_weekly","logger":"cosmos.converter","filename":"converter.py","lineno":346}
{"timestamp":"2026-08-29T10:02:56.550010Z","level":"info","event":"Trying to parse the dbt project using dbt ls cache cosmos_cache__verdanta_weekly__dbt_weekly...","logger":"cosmos.dbt.graph","filename":"graph.py","lineno":869}
{"timestamp":"2026-08-29T10:02:56.697135Z","level":"info","event":"Cosmos performance: time to calculate cache identifier cosmos_cache__verdanta_weekly__dbt_weekly for current version: 0.13118126500012295","logger":"cosmos.cache","filename":"cache.py","lineno":401}
{"timestamp":"2026-08-29T10:02:56.697370Z","level":"info","event":"Cosmos performance [38dba2c61c19|2947]: The cache size for cosmos_cache__verdanta_weekly__dbt_weekly is 23804","logger":"cosmos.dbt.graph","filename":"graph.py","lineno":886}
{"timestamp":"2026-08-29T10:02:56.698252Z","level":"info","event":"Cosmos performance: Cache hit for cosmos_cache__verdanta_weekly__dbt_weekly - 39a8c4b6e19a7b5e14cfea47af7dbd90,1ae01f5b93cde0ad1f6d9482f1b54abd","logger":"cosmos.dbt.graph","filename":"graph.py","lineno":898}
{"timestamp":"2026-08-29T10:02:56.698364Z","level":"info","event":"Total nodes: 27","logger":"cosmos.dbt.graph","filename":"graph.py","lineno":799}
{"timestamp":"2026-08-29T10:02:56.698419Z","level":"info","event":"Total filtered nodes: 27","logger":"cosmos.dbt.graph","filename":"graph.py","lineno":800}
{"timestamp":"2026-08-29T10:02:56.698480Z","level":"info","event":"Cosmos performance (verdanta_weekly__dbt_weekly) - [38dba2c61c19|2947]: It took 0.149s to parse the dbt project for DAG using LoadMode.DBT_LS_CACHE","logger":"cosmos.converter","filename":"converter.py","lineno":371}
{"timestamp":"2026-08-29T10:02:56.724019Z","level":"info","event":"Cosmos performance (verdanta_weekly__dbt_weekly) - [38dba2c61c19|2947]: It took 0.0254s to build the Airflow DAG.","logger":"cosmos.converter","filename":"converter.py","lineno":423}
{"timestamp":"2026-08-29T10:02:56.724213Z","level":"info","event":"::endgroup::Cosmos DAG parsing logs","logger":"cosmos.converter","filename":"converter.py","lineno":430}
{"timestamp":"2026-08-29T10:02:56.724863Z","level":"warning","event":"Using Variable.get from `airflow.models` is deprecated.Please use `get` on Variable from sdk(`airflow.sdk.Variable`) instead","category":"UserWarning","filename":"/home/airflow/.local/lib/python3.13/site-packages/airflow/models/variable.py","lineno":158,"logger":"py.warnings"}
{"timestamp":"2026-08-29T10:03:27.307555Z","level":"info","event":"Filling up the DagBag from /opt/airflow/dags/verdanta_weekly.py","logger":"airflow.dag_processing.dagbag.BundleDagBag","filename":"dagbag.py","lineno":469}
{"timestamp":"2026-08-29T10:03:27.378286Z","level":"info","event":"::group::Cosmos DAG parsing logs","logger":"cosmos.converter","filename":"converter.py","lineno":321}
{"timestamp":"2026-08-29T10:03:27.382270Z","level":"info","event":"Cosmos cache dir resolved to /tmp/cosmos/verdanta_weekly__dbt_weekly","logger":"cosmos.converter","filename":"converter.py","lineno":346}
{"timestamp":"2026-08-29T10:03:27.382486Z","level":"info","event":"Trying to parse the dbt project using dbt ls cache cosmos_cache__verdanta_weekly__dbt_weekly...","logger":"cosmos.dbt.graph","filename":"graph.py","lineno":869}
{"timestamp":"2026-08-29T10:03:27.528282Z","level":"info","event":"Cosmos performance: time to calculate cache identifier cosmos_cache__verdanta_weekly__dbt_weekly for current version: 0.1299193880004168","logger":"cosmos.cache","filename":"cache.py","lineno":401}
{"timestamp":"2026-08-29T10:03:27.528522Z","level":"info","event":"Cosmos performance [38dba2c61c19|2983]: The cache size for cosmos_cache__verdanta_weekly__dbt_weekly is 23804","logger":"cosmos.dbt.graph","filename":"graph.py","lineno":886}
{"timestamp":"2026-08-29T10:03:27.529411Z","level":"info","event":"Cosmos performance: Cache hit for cosmos_cache__verdanta_weekly__dbt_weekly - 39a8c4b6e19a7b5e14cfea47af7dbd90,1ae01f5b93cde0ad1f6d9482f1b54abd","logger":"cosmos.dbt.graph","filename":"graph.py","lineno":898}
{"timestamp":"2026-08-29T10:03:27.529549Z","level":"info","event":"Total nodes: 27","logger":"cosmos.dbt.graph","filename":"graph.py","lineno":799}
{"timestamp":"2026-08-29T10:03:27.529613Z","level":"info","event":"Total filtered nodes: 27","logger":"cosmos.dbt.graph","filename":"graph.py","lineno":800}
{"timestamp":"2026-08-29T10:03:27.529681Z","level":"info","event":"Cosmos performance (verdanta_weekly__dbt_weekly) - [38dba2c61c19|2983]: It took 0.147s to parse the dbt project for DAG using LoadMode.DBT_LS_CACHE","logger":"cosmos.converter","filename":"converter.py","lineno":371}
{"timestamp":"2026-08-29T10:03:27.556928Z","level":"info","event":"Cosmos performance (verdanta_weekly__dbt_weekly) - [38dba2c61c19|2983]: It took 0.0272s to build the Airflow DAG.","logger":"cosmos.converter","filename":"converter.py","lineno":423}
{"timestamp":"2026-08-29T10:03:27.557110Z","level":"info","event":"::endgroup::Cosmos DAG parsing logs","logger":"cosmos.converter","filename":"converter.py","lineno":430}
{"timestamp":"2026-08-29T10:03:27.557766Z","level":"warning","event":"Using Variable.get from `airflow.models` is deprecated.Please use `get` on Variable from sdk(`airflow.sdk.Variable`) instead","category":"UserWarning","filename":"/home/airflow/.local/lib/python3.13/site-packages/airflow/models/variable.py","lineno":158,"logger":"py.warnings"}
{"timestamp":"2026-08-29T10:03:58.160230Z","level":"info","event":"Filling up the DagBag from /opt/airflow/dags/verdanta_weekly.py","logger":"airflow.dag_processing.dagbag.BundleDagBag","filename":"dagbag.py","lineno":469}
{"timestamp":"2026-08-29T10:03:58.232003Z","level":"info","event":"::group::Cosmos DAG parsing logs","logger":"cosmos.converter","filename":"converter.py","lineno":321}
{"timestamp":"2026-08-29T10:03:58.235919Z","level":"info","event":"Cosmos cache dir resolved to /tmp/cosmos/verdanta_weekly__dbt_weekly","logger":"cosmos.converter","filename":"converter.py","lineno":346}
{"timestamp":"2026-08-29T10:03:58.236116Z","level":"info","event":"Trying to parse the dbt project using dbt ls cache cosmos_cache__verdanta_weekly__dbt_weekly...","logger":"cosmos.dbt.graph","filename":"graph.py","lineno":869}
{"timestamp":"2026-08-29T10:03:58.383479Z","level":"info","event":"Cosmos performance: time to calculate cache identifier cosmos_cache__verdanta_weekly__dbt_weekly for current version: 0.1311002299989923","logger":"cosmos.cache","filename":"cache.py","lineno":401}
{"timestamp":"2026-08-29T10:03:58.383725Z","level":"info","event":"Cosmos performance [38dba2c61c19|3019]: The cache size for cosmos_cache__verdanta_weekly__dbt_weekly is 23804","logger":"cosmos.dbt.graph","filename":"graph.py","lineno":886}
{"timestamp":"2026-08-29T10:03:58.384613Z","level":"info","event":"Cosmos performance: Cache hit for cosmos_cache__verdanta_weekly__dbt_weekly - 39a8c4b6e19a7b5e14cfea47af7dbd90,1ae01f5b93cde0ad1f6d9482f1b54abd","logger":"cosmos.dbt.graph","filename":"graph.py","lineno":898}
{"timestamp":"2026-08-29T10:03:58.384739Z","level":"info","event":"Total nodes: 27","logger":"cosmos.dbt.graph","filename":"graph.py","lineno":799}
{"timestamp":"2026-08-29T10:03:58.384800Z","level":"info","event":"Total filtered nodes: 27","logger":"cosmos.dbt.graph","filename":"graph.py","lineno":800}
{"timestamp":"2026-08-29T10:03:58.384866Z","level":"info","event":"Cosmos performance (verdanta_weekly__dbt_weekly) - [38dba2c61c19|3019]: It took 0.149s to parse the dbt project for DAG using LoadMode.DBT_LS_CACHE","logger":"cosmos.converter","filename":"converter.py","lineno":371}
{"timestamp":"2026-08-29T10:03:58.411127Z","level":"info","event":"Cosmos performance (verdanta_weekly__dbt_weekly) - [38dba2c61c19|3019]: It took 0.0262s to build the Airflow DAG.","logger":"cosmos.converter","filename":"converter.py","lineno":423}
{"timestamp":"2026-08-29T10:03:58.411295Z","level":"info","event":"::endgroup::Cosmos DAG parsing logs","logger":"cosmos.converter","filename":"converter.py","lineno":430}
{"timestamp":"2026-08-29T10:03:58.411786Z","level":"warning","event":"Using Variable.get from `airflow.models` is deprecated.Please use `get` on Variable from sdk(`airflow.sdk.Variable`) instead","category":"UserWarning","filename":"/home/airflow/.local/lib/python3.13/site-packages/airflow/models/variable.py","lineno":158,"logger":"py.warnings"}
{"timestamp":"2026-08-29T10:04:28.829630Z","level":"info","event":"Filling up the DagBag from /opt/airflow/dags/verdanta_weekly.py","logger":"airflow.dag_processing.dagbag.BundleDagBag","filename":"dagbag.py","lineno":469}
{"timestamp":"2026-08-29T10:04:28.899207Z","level":"info","event":"::group::Cosmos DAG parsing logs","logger":"cosmos.converter","filename":"converter.py","lineno":321}
{"timestamp":"2026-08-29T10:04:28.903726Z","level":"info","event":"Cosmos cache dir resolved to /tmp/cosmos/verdanta_weekly__dbt_weekly","logger":"cosmos.converter","filename":"converter.py","lineno":346}
{"timestamp":"2026-08-29T10:04:28.903968Z","level":"info","event":"Trying to parse the dbt project using dbt ls cache cosmos_cache__verdanta_weekly__dbt_weekly...","logger":"cosmos.dbt.graph","filename":"graph.py","lineno":869}
{"timestamp":"2026-08-29T10:04:29.062953Z","level":"info","event":"Cosmos performance: time to calculate cache identifier cosmos_cache__verdanta_weekly__dbt_weekly for current version: 0.1445922849998169","logger":"cosmos.cache","filename":"cache.py","lineno":401}
{"timestamp":"2026-08-29T10:04:29.063171Z","level":"info","event":"Cosmos performance [38dba2c61c19|3037]: The cache size for cosmos_cache__verdanta_weekly__dbt_weekly is 23804","logger":"cosmos.dbt.graph","filename":"graph.py","lineno":886}
{"timestamp":"2026-08-29T10:04:29.064007Z","level":"info","event":"Cosmos performance: Cache hit for cosmos_cache__verdanta_weekly__dbt_weekly - 39a8c4b6e19a7b5e14cfea47af7dbd90,1ae01f5b93cde0ad1f6d9482f1b54abd","logger":"cosmos.dbt.graph","filename":"graph.py","lineno":898}
{"timestamp":"2026-08-29T10:04:29.064137Z","level":"info","event":"Total nodes: 27","logger":"cosmos.dbt.graph","filename":"graph.py","lineno":799}
{"timestamp":"2026-08-29T10:04:29.064198Z","level":"info","event":"Total filtered nodes: 27","logger":"cosmos.dbt.graph","filename":"graph.py","lineno":800}
{"timestamp":"2026-08-29T10:04:29.064264Z","level":"info","event":"Cosmos performance (verdanta_weekly__dbt_weekly) - [38dba2c61c19|3037]: It took 0.16s to parse the dbt project for DAG using LoadMode.DBT_LS_CACHE","logger":"cosmos.converter","filename":"converter.py","lineno":371}
{"timestamp":"2026-08-29T10:04:29.090835Z","level":"info","event":"Cosmos performance (verdanta_weekly__dbt_weekly) - [38dba2c61c19|3037]: It took 0.0265s to build the Airflow DAG.","logger":"cosmos.converter","filename":"converter.py","lineno":423}
{"timestamp":"2026-08-29T10:04:29.091002Z","level":"info","event":"::endgroup::Cosmos DAG parsing logs","logger":"cosmos.converter","filename":"converter.py","lineno":430}
{"timestamp":"2026-08-29T10:04:29.091565Z","level":"warning","event":"Using Variable.get from `airflow.models` is deprecated.Please use `get` on Variable from sdk(`airflow.sdk.Variable`) instead","category":"UserWarning","filename":"/home/airflow/.local/lib/python3.13/site-packages/airflow/models/variable.py","lineno":158,"logger":"py.warnings"}
{"timestamp":"2026-08-29T10:04:59.303029Z","level":"info","event":"Filling up the DagBag from /opt/airflow/dags/verdanta_weekly.py","logger":"airflow.dag_processing.dagbag.BundleDagBag","filename":"dagbag.py","lineno":469}
{"timestamp":"2026-08-29T10:04:59.373992Z","level":"info","event":"::group::Cosmos DAG parsing logs","logger":"cosmos.converter","filename":"converter.py","lineno":321}
{"timestamp":"2026-08-29T10:04:59.377419Z","level":"info","event":"Cosmos cache dir resolved to /tmp/cosmos/verdanta_weekly__dbt_weekly","logger":"cosmos.converter","filename":"converter.py","lineno":346}
{"timestamp":"2026-08-29T10:04:59.377638Z","level":"info","event":"Trying to parse the dbt project using dbt ls cache cosmos_cache__verdanta_weekly__dbt_weekly...","logger":"cosmos.dbt.graph","filename":"graph.py","lineno":869}
{"timestamp":"2026-08-29T10:04:59.516919Z","level":"info","event":"Cosmos performance: time to calculate cache identifier cosmos_cache__verdanta_weekly__dbt_weekly for current version: 0.12430149000101665","logger":"cosmos.cache","filename":"cache.py","lineno":401}
{"timestamp":"2026-08-29T10:04:59.517156Z","level":"info","event":"Cosmos performance [38dba2c61c19|3069]: The cache size for cosmos_cache__verdanta_weekly__dbt_weekly is 23804","logger":"cosmos.dbt.graph","filename":"graph.py","lineno":886}
{"timestamp":"2026-08-29T10:04:59.518224Z","level":"info","event":"Cosmos performance: Cache hit for cosmos_cache__verdanta_weekly__dbt_weekly - 39a8c4b6e19a7b5e14cfea47af7dbd90,1ae01f5b93cde0ad1f6d9482f1b54abd","logger":"cosmos.dbt.graph","filename":"graph.py","lineno":898}
{"timestamp":"2026-08-29T10:04:59.518391Z","level":"info","event":"Total nodes: 27","logger":"cosmos.dbt.graph","filename":"graph.py","lineno":799}
{"timestamp":"2026-08-29T10:04:59.518465Z","level":"info","event":"Total filtered nodes: 27","logger":"cosmos.dbt.graph","filename":"graph.py","lineno":800}
{"timestamp":"2026-08-29T10:04:59.518578Z","level":"info","event":"Cosmos performance (verdanta_weekly__dbt_weekly) - [38dba2c61c19|3069]: It took 0.141s to parse the dbt project for DAG using LoadMode.DBT_LS_CACHE","logger":"cosmos.converter","filename":"converter.py","lineno":371}
{"timestamp":"2026-08-29T10:04:59.542616Z","level":"info","event":"Cosmos performance (verdanta_weekly__dbt_weekly) - [38dba2c61c19|3069]: It took 0.024s to build the Airflow DAG.","logger":"cosmos.converter","filename":"converter.py","lineno":423}
{"timestamp":"2026-08-29T10:04:59.542759Z","level":"info","event":"::endgroup::Cosmos DAG parsing logs","logger":"cosmos.converter","filename":"converter.py","lineno":430}
{"timestamp":"2026-08-29T10:04:59.543240Z","level":"warning","event":"Using Variable.get from `airflow.models` is deprecated.Please use `get` on Variable from sdk(`airflow.sdk.Variable`) instead","category":"UserWarning","filename":"/home/airflow/.local/lib/python3.13/site-packages/airflow/models/variable.py","lineno":158,"logger":"py.warnings"}
{"timestamp":"2026-08-29T10:05:29.724046Z","level":"info","event":"Filling up the DagBag from /opt/airflow/dags/verdanta_weekly.py","logger":"airflow.dag_processing.dagbag.BundleDagBag","filename":"dagbag.py","lineno":469}
{"timestamp":"2026-08-29T10:05:29.802727Z","level":"info","event":"::group::Cosmos DAG parsing logs","logger":"cosmos.converter","filename":"converter.py","lineno":321}
{"timestamp":"2026-08-29T10:05:29.806173Z","level":"info","event":"Cosmos cache dir resolved to /tmp/cosmos/verdanta_weekly__dbt_weekly","logger":"cosmos.converter","filename":"converter.py","lineno":346}
{"timestamp":"2026-08-29T10:05:29.806380Z","level":"info","event":"Trying to parse the dbt project using dbt ls cache cosmos_cache__verdanta_weekly__dbt_weekly...","logger":"cosmos.dbt.graph","filename":"graph.py","lineno":869}
{"timestamp":"2026-08-29T10:05:29.948264Z","level":"info","event":"Cosmos performance: time to calculate cache identifier cosmos_cache__verdanta_weekly__dbt_weekly for current version: 0.12684169900057896","logger":"cosmos.cache","filename":"cache.py","lineno":401}
{"timestamp":"2026-08-29T10:05:29.948521Z","level":"info","event":"Cosmos performance [38dba2c61c19|3105]: The cache size for cosmos_cache__verdanta_weekly__dbt_weekly is 23804","logger":"cosmos.dbt.graph","filename":"graph.py","lineno":886}
{"timestamp":"2026-08-29T10:05:29.949578Z","level":"info","event":"Cosmos performance: Cache hit for cosmos_cache__verdanta_weekly__dbt_weekly - 39a8c4b6e19a7b5e14cfea47af7dbd90,1ae01f5b93cde0ad1f6d9482f1b54abd","logger":"cosmos.dbt.graph","filename":"graph.py","lineno":898}
{"timestamp":"2026-08-29T10:05:29.949750Z","level":"info","event":"Total nodes: 27","logger":"cosmos.dbt.graph","filename":"graph.py","lineno":799}
{"timestamp":"2026-08-29T10:05:29.949850Z","level":"info","event":"Total filtered nodes: 27","logger":"cosmos.dbt.graph","filename":"graph.py","lineno":800}
{"timestamp":"2026-08-29T10:05:29.949935Z","level":"info","event":"Cosmos performance (verdanta_weekly__dbt_weekly) - [38dba2c61c19|3105]: It took 0.144s to parse the dbt project for DAG using LoadMode.DBT_LS_CACHE","logger":"cosmos.converter","filename":"converter.py","lineno":371}
{"timestamp":"2026-08-29T10:05:29.974601Z","level":"info","event":"Cosmos performance (verdanta_weekly__dbt_weekly) - [38dba2c61c19|3105]: It took 0.0246s to build the Airflow DAG.","logger":"cosmos.converter","filename":"converter.py","lineno":423}
{"timestamp":"2026-08-29T10:05:29.974764Z","level":"info","event":"::endgroup::Cosmos DAG parsing logs","logger":"cosmos.converter","filename":"converter.py","lineno":430}
{"timestamp":"2026-08-29T10:05:29.975361Z","level":"warning","event":"Using Variable.get from `airflow.models` is deprecated.Please use `get` on Variable from sdk(`airflow.sdk.Variable`) instead","category":"UserWarning","filename":"/home/airflow/.local/lib/python3.13/site-packages/airflow/models/variable.py","lineno":158,"logger":"py.warnings"}
{"timestamp":"2026-08-29T10:06:00.087905Z","level":"info","event":"Filling up the DagBag from /opt/airflow/dags/verdanta_weekly.py","logger":"airflow.dag_processing.dagbag.BundleDagBag","filename":"dagbag.py","lineno":469}
{"timestamp":"2026-08-29T10:06:00.155405Z","level":"info","event":"::group::Cosmos DAG parsing logs","logger":"cosmos.converter","filename":"converter.py","lineno":321}
{"timestamp":"2026-08-29T10:06:00.159386Z","level":"info","event":"Cosmos cache dir resolved to /tmp/cosmos/verdanta_weekly__dbt_weekly","logger":"cosmos.converter","filename":"converter.py","lineno":346}
{"timestamp":"2026-08-29T10:06:00.159600Z","level":"info","event":"Trying to parse the dbt project using dbt ls cache cosmos_cache__verdanta_weekly__dbt_weekly...","logger":"cosmos.dbt.graph","filename":"graph.py","lineno":869}
{"timestamp":"2026-08-29T10:06:00.299632Z","level":"info","event":"Cosmos performance: time to calculate cache identifier cosmos_cache__verdanta_weekly__dbt_weekly for current version: 0.12458653399880859","logger":"cosmos.cache","filename":"cache.py","lineno":401}
{"timestamp":"2026-08-29T10:06:00.299955Z","level":"info","event":"Cosmos performance [38dba2c61c19|3141]: The cache size for cosmos_cache__verdanta_weekly__dbt_weekly is 23804","logger":"cosmos.dbt.graph","filename":"graph.py","lineno":886}
{"timestamp":"2026-08-29T10:06:00.300880Z","level":"info","event":"Cosmos performance: Cache hit for cosmos_cache__verdanta_weekly__dbt_weekly - 39a8c4b6e19a7b5e14cfea47af7dbd90,1ae01f5b93cde0ad1f6d9482f1b54abd","logger":"cosmos.dbt.graph","filename":"graph.py","lineno":898}
{"timestamp":"2026-08-29T10:06:00.301016Z","level":"info","event":"Total nodes: 27","logger":"cosmos.dbt.graph","filename":"graph.py","lineno":799}
{"timestamp":"2026-08-29T10:06:00.301080Z","level":"info","event":"Total filtered nodes: 27","logger":"cosmos.dbt.graph","filename":"graph.py","lineno":800}
{"timestamp":"2026-08-29T10:06:00.301148Z","level":"info","event":"Cosmos performance (verdanta_weekly__dbt_weekly) - [38dba2c61c19|3141]: It took 0.142s to parse the dbt project for DAG using LoadMode.DBT_LS_CACHE","logger":"cosmos.converter","filename":"converter.py","lineno":371}
{"timestamp":"2026-08-29T10:06:00.325250Z","level":"info","event":"Cosmos performance (verdanta_weekly__dbt_weekly) - [38dba2c61c19|3141]: It took 0.0241s to build the Airflow DAG.","logger":"cosmos.converter","filename":"converter.py","lineno":423}
{"timestamp":"2026-08-29T10:06:00.325422Z","level":"info","event":"::endgroup::Cosmos DAG parsing logs","logger":"cosmos.converter","filename":"converter.py","lineno":430}
{"timestamp":"2026-08-29T10:06:00.325948Z","level":"warning","event":"Using Variable.get from `airflow.models` is deprecated.Please use `get` on Variable from sdk(`airflow.sdk.Variable`) instead","category":"UserWarning","filename":"/home/airflow/.local/lib/python3.13/site-packages/airflow/models/variable.py","lineno":158,"logger":"py.warnings"}
{"timestamp":"2026-08-29T10:06:31.277522Z","level":"info","event":"Filling up the DagBag from /opt/airflow/dags/verdanta_weekly.py","logger":"airflow.dag_processing.dagbag.BundleDagBag","filename":"dagbag.py","lineno":469}
{"timestamp":"2026-08-29T10:06:31.346869Z","level":"info","event":"::group::Cosmos DAG parsing logs","logger":"cosmos.converter","filename":"converter.py","lineno":321}
{"timestamp":"2026-08-29T10:06:31.350956Z","level":"info","event":"Cosmos cache dir resolved to /tmp/cosmos/verdanta_weekly__dbt_weekly","logger":"cosmos.converter","filename":"converter.py","lineno":346}
{"timestamp":"2026-08-29T10:06:31.351144Z","level":"info","event":"Trying to parse the dbt project using dbt ls cache cosmos_cache__verdanta_weekly__dbt_weekly...","logger":"cosmos.dbt.graph","filename":"graph.py","lineno":869}
{"timestamp":"2026-08-29T10:06:31.498105Z","level":"info","event":"Cosmos performance: time to calculate cache identifier cosmos_cache__verdanta_weekly__dbt_weekly for current version: 0.12996886399923824","logger":"cosmos.cache","filename":"cache.py","lineno":401}
{"timestamp":"2026-08-29T10:06:31.498349Z","level":"info","event":"Cosmos performance [38dba2c61c19|3177]: The cache size for cosmos_cache__verdanta_weekly__dbt_weekly is 23804","logger":"cosmos.dbt.graph","filename":"graph.py","lineno":886}
{"timestamp":"2026-08-29T10:06:31.499271Z","level":"info","event":"Cosmos performance: Cache hit for cosmos_cache__verdanta_weekly__dbt_weekly - 39a8c4b6e19a7b5e14cfea47af7dbd90,1ae01f5b93cde0ad1f6d9482f1b54abd","logger":"cosmos.dbt.graph","filename":"graph.py","lineno":898}
{"timestamp":"2026-08-29T10:06:31.499445Z","level":"info","event":"Total nodes: 27","logger":"cosmos.dbt.graph","filename":"graph.py","lineno":799}
{"timestamp":"2026-08-29T10:06:31.499527Z","level":"info","event":"Total filtered nodes: 27","logger":"cosmos.dbt.graph","filename":"graph.py","lineno":800}
{"timestamp":"2026-08-29T10:06:31.499598Z","level":"info","event":"Cosmos performance (verdanta_weekly__dbt_weekly) - [38dba2c61c19|3177]: It took 0.149s to parse the dbt project for DAG using LoadMode.DBT_LS_CACHE","logger":"cosmos.converter","filename":"converter.py","lineno":371}
{"timestamp":"2026-08-29T10:06:31.524100Z","level":"info","event":"Cosmos performance (verdanta_weekly__dbt_weekly) - [38dba2c61c19|3177]: It took 0.0245s to build the Airflow DAG.","logger":"cosmos.converter","filename":"converter.py","lineno":423}
{"timestamp":"2026-08-29T10:06:31.524263Z","level":"info","event":"::endgroup::Cosmos DAG parsing logs","logger":"cosmos.converter","filename":"converter.py","lineno":430}
{"timestamp":"2026-08-29T10:06:31.524833Z","level":"warning","event":"Using Variable.get from `airflow.models` is deprecated.Please use `get` on Variable from sdk(`airflow.sdk.Variable`) instead","category":"UserWarning","filename":"/home/airflow/.local/lib/python3.13/site-packages/airflow/models/variable.py","lineno":158,"logger":"py.warnings"}
{"timestamp":"2026-08-29T10:07:01.935004Z","level":"info","event":"Filling up the DagBag from /opt/airflow/dags/verdanta_weekly.py","logger":"airflow.dag_processing.dagbag.BundleDagBag","filename":"dagbag.py","lineno":469}
{"timestamp":"2026-08-29T10:07:02.031602Z","level":"info","event":"::group::Cosmos DAG parsing logs","logger":"cosmos.converter","filename":"converter.py","lineno":321}
{"timestamp":"2026-08-29T10:07:02.035708Z","level":"info","event":"Cosmos cache dir resolved to /tmp/cosmos/verdanta_weekly__dbt_weekly","logger":"cosmos.converter","filename":"converter.py","lineno":346}
{"timestamp":"2026-08-29T10:07:02.035926Z","level":"info","event":"Trying to parse the dbt project using dbt ls cache cosmos_cache__verdanta_weekly__dbt_weekly...","logger":"cosmos.dbt.graph","filename":"graph.py","lineno":869}
{"timestamp":"2026-08-29T10:07:02.183593Z","level":"info","event":"Cosmos performance: time to calculate cache identifier cosmos_cache__verdanta_weekly__dbt_weekly for current version: 0.13164693199905741","logger":"cosmos.cache","filename":"cache.py","lineno":401}
{"timestamp":"2026-08-29T10:07:02.183854Z","level":"info","event":"Cosmos performance [38dba2c61c19|3195]: The cache size for cosmos_cache__verdanta_weekly__dbt_weekly is 23804","logger":"cosmos.dbt.graph","filename":"graph.py","lineno":886}
{"timestamp":"2026-08-29T10:07:02.184782Z","level":"info","event":"Cosmos performance: Cache hit for cosmos_cache__verdanta_weekly__dbt_weekly - 39a8c4b6e19a7b5e14cfea47af7dbd90,1ae01f5b93cde0ad1f6d9482f1b54abd","logger":"cosmos.dbt.graph","filename":"graph.py","lineno":898}
{"timestamp":"2026-08-29T10:07:02.184917Z","level":"info","event":"Total nodes: 27","logger":"cosmos.dbt.graph","filename":"graph.py","lineno":799}
{"timestamp":"2026-08-29T10:07:02.184985Z","level":"info","event":"Total filtered nodes: 27","logger":"cosmos.dbt.graph","filename":"graph.py","lineno":800}
{"timestamp":"2026-08-29T10:07:02.185052Z","level":"info","event":"Cosmos performance (verdanta_weekly__dbt_weekly) - [38dba2c61c19|3195]: It took 0.149s to parse the dbt project for DAG using LoadMode.DBT_LS_CACHE","logger":"cosmos.converter","filename":"converter.py","lineno":371}
{"timestamp":"2026-08-29T10:07:02.210300Z","level":"info","event":"Cosmos performance (verdanta_weekly__dbt_weekly) - [38dba2c61c19|3195]: It took 0.0252s to build the Airflow DAG.","logger":"cosmos.converter","filename":"converter.py","lineno":423}
{"timestamp":"2026-08-29T10:07:02.210469Z","level":"info","event":"::endgroup::Cosmos DAG parsing logs","logger":"cosmos.converter","filename":"converter.py","lineno":430}
{"timestamp":"2026-08-29T10:07:02.211066Z","level":"warning","event":"Using Variable.get from `airflow.models` is deprecated.Please use `get` on Variable from sdk(`airflow.sdk.Variable`) instead","category":"UserWarning","filename":"/home/airflow/.local/lib/python3.13/site-packages/airflow/models/variable.py","lineno":158,"logger":"py.warnings"}
{"timestamp":"2026-08-29T10:08:27.072754Z","level":"info","event":"Filling up the DagBag from /opt/airflow/dags/verdanta_weekly.py","logger":"airflow.dag_processing.dagbag.BundleDagBag","filename":"dagbag.py","lineno":469}
{"timestamp":"2026-08-29T10:08:30.246744Z","level":"warning","event":"Skipping masking for a secret as it's too short (<5 chars)","logger":"airflow.sdk._shared.secrets_masker.secrets_masker","filename":"secrets_masker.py","lineno":577}
{"timestamp":"2026-08-29T10:08:30.268927Z","level":"info","event":"::group::Cosmos DAG parsing logs","logger":"cosmos.converter","filename":"converter.py","lineno":321}
{"timestamp":"2026-08-29T10:08:30.273468Z","level":"info","event":"Cosmos cache dir resolved to /tmp/cosmos/verdanta_weekly__dbt_weekly","logger":"cosmos.converter","filename":"converter.py","lineno":346}
{"timestamp":"2026-08-29T10:08:30.273745Z","level":"info","event":"Trying to parse the dbt project using dbt ls cache cosmos_cache__verdanta_weekly__dbt_weekly...","logger":"cosmos.dbt.graph","filename":"graph.py","lineno":869}
{"timestamp":"2026-08-29T10:08:30.459449Z","level":"info","event":"Cosmos performance: time to calculate cache identifier cosmos_cache__verdanta_weekly__dbt_weekly for current version: 0.16415795699867886","logger":"cosmos.cache","filename":"cache.py","lineno":401}
{"timestamp":"2026-08-29T10:08:30.459976Z","level":"info","event":"Cosmos performance [e56005473659|24]: The cache size for cosmos_cache__verdanta_weekly__dbt_weekly is 23804","logger":"cosmos.dbt.graph","filename":"graph.py","lineno":886}
{"timestamp":"2026-08-29T10:08:30.462750Z","level":"info","event":"Cosmos performance: Cache hit for cosmos_cache__verdanta_weekly__dbt_weekly - 39a8c4b6e19a7b5e14cfea47af7dbd90,1ae01f5b93cde0ad1f6d9482f1b54abd","logger":"cosmos.dbt.graph","filename":"graph.py","lineno":898}
{"timestamp":"2026-08-29T10:08:30.463240Z","level":"info","event":"Total nodes: 27","logger":"cosmos.dbt.graph","filename":"graph.py","lineno":799}
{"timestamp":"2026-08-29T10:08:30.463440Z","level":"info","event":"Total filtered nodes: 27","logger":"cosmos.dbt.graph","filename":"graph.py","lineno":800}
{"timestamp":"2026-08-29T10:08:30.463639Z","level":"info","event":"Cosmos performance (verdanta_weekly__dbt_weekly) - [e56005473659|24]: It took 0.19s to parse the dbt project for DAG using LoadMode.DBT_LS_CACHE","logger":"cosmos.converter","filename":"converter.py","lineno":371}
{"timestamp":"2026-08-29T10:08:30.506840Z","level":"info","event":"Cosmos performance (verdanta_weekly__dbt_weekly) - [e56005473659|24]: It took 0.0432s to build the Airflow DAG.","logger":"cosmos.converter","filename":"converter.py","lineno":423}
{"timestamp":"2026-08-29T10:08:30.507131Z","level":"info","event":"::endgroup::Cosmos DAG parsing logs","logger":"cosmos.converter","filename":"converter.py","lineno":430}
{"timestamp":"2026-08-29T10:08:30.508070Z","level":"warning","event":"Using Variable.get from `airflow.models` is deprecated.Please use `get` on Variable from sdk(`airflow.sdk.Variable`) instead","category":"UserWarning","filename":"/home/airflow/.local/lib/python3.13/site-packages/airflow/models/variable.py","lineno":158,"logger":"py.warnings"}
{"timestamp":"2026-08-29T10:09:01.501103Z","level":"info","event":"Filling up the DagBag from /opt/airflow/dags/verdanta_weekly.py","logger":"airflow.dag_processing.dagbag.BundleDagBag","filename":"dagbag.py","lineno":469}
{"timestamp":"2026-08-29T10:09:01.591035Z","level":"info","event":"::group::Cosmos DAG parsing logs","logger":"cosmos.converter","filename":"converter.py","lineno":321}
{"timestamp":"2026-08-29T10:09:01.594953Z","level":"info","event":"Cosmos cache dir resolved to /tmp/cosmos/verdanta_weekly__dbt_weekly","logger":"cosmos.converter","filename":"converter.py","lineno":346}
{"timestamp":"2026-08-29T10:09:01.595173Z","level":"info","event":"Trying to parse the dbt project using dbt ls cache cosmos_cache__verdanta_weekly__dbt_weekly...","logger":"cosmos.dbt.graph","filename":"graph.py","lineno":869}
{"timestamp":"2026-08-29T10:09:01.747982Z","level":"info","event":"Cosmos performance: time to calculate cache identifier cosmos_cache__verdanta_weekly__dbt_weekly for current version: 0.13274391699997068","logger":"cosmos.cache","filename":"cache.py","lineno":401}
{"timestamp":"2026-08-29T10:09:01.748260Z","level":"info","event":"Cosmos performance [e56005473659|82]: The cache size for cosmos_cache__verdanta_weekly__dbt_weekly is 23804","logger":"cosmos.dbt.graph","filename":"graph.py","lineno":886}
{"timestamp":"2026-08-29T10:09:01.749283Z","level":"info","event":"Cosmos performance: Cache hit for cosmos_cache__verdanta_weekly__dbt_weekly - 39a8c4b6e19a7b5e14cfea47af7dbd90,1ae01f5b93cde0ad1f6d9482f1b54abd","logger":"cosmos.dbt.graph","filename":"graph.py","lineno":898}
{"timestamp":"2026-08-29T10:09:01.749420Z","level":"info","event":"Total nodes: 27","logger":"cosmos.dbt.graph","filename":"graph.py","lineno":799}
{"timestamp":"2026-08-29T10:09:01.749487Z","level":"info","event":"Total filtered nodes: 27","logger":"cosmos.dbt.graph","filename":"graph.py","lineno":800}
{"timestamp":"2026-08-29T10:09:01.749577Z","level":"info","event":"Cosmos performance (verdanta_weekly__dbt_weekly) - [e56005473659|82]: It took 0.154s to parse the dbt project for DAG using LoadMode.DBT_LS_CACHE","logger":"cosmos.converter","filename":"converter.py","lineno":371}
{"timestamp":"2026-08-29T10:09:01.772792Z","level":"info","event":"Cosmos performance (verdanta_weekly__dbt_weekly) - [e56005473659|82]: It took 0.0232s to build the Airflow DAG.","logger":"cosmos.converter","filename":"converter.py","lineno":423}
{"timestamp":"2026-08-29T10:09:01.772957Z","level":"info","event":"::endgroup::Cosmos DAG parsing logs","logger":"cosmos.converter","filename":"converter.py","lineno":430}
{"timestamp":"2026-08-29T10:09:01.773584Z","level":"warning","event":"Using Variable.get from `airflow.models` is deprecated.Please use `get` on Variable from sdk(`airflow.sdk.Variable`) instead","category":"UserWarning","filename":"/home/airflow/.local/lib/python3.13/site-packages/airflow/models/variable.py","lineno":158,"logger":"py.warnings"}
{"timestamp":"2026-08-29T10:09:32.553672Z","level":"info","event":"Filling up the DagBag from /opt/airflow/dags/verdanta_weekly.py","logger":"airflow.dag_processing.dagbag.BundleDagBag","filename":"dagbag.py","lineno":469}
{"timestamp":"2026-08-29T10:09:32.618372Z","level":"info","event":"::group::Cosmos DAG parsing logs","logger":"cosmos.converter","filename":"converter.py","lineno":321}
{"timestamp":"2026-08-29T10:09:32.621957Z","level":"info","event":"Cosmos cache dir resolved to /tmp/cosmos/verdanta_weekly__dbt_weekly","logger":"cosmos.converter","filename":"converter.py","lineno":346}
{"timestamp":"2026-08-29T10:09:32.622160Z","level":"info","event":"Trying to parse the dbt project using dbt ls cache cosmos_cache__verdanta_weekly__dbt_weekly...","logger":"cosmos.dbt.graph","filename":"graph.py","lineno":869}
{"timestamp":"2026-08-29T10:09:32.760547Z","level":"info","event":"Cosmos performance: time to calculate cache identifier cosmos_cache__verdanta_weekly__dbt_weekly for current version: 0.1249291580006684","logger":"cosmos.cache","filename":"cache.py","lineno":401}
{"timestamp":"2026-08-29T10:09:32.760810Z","level":"info","event":"Cosmos performance [e56005473659|111]: The cache size for cosmos_cache__verdanta_weekly__dbt_weekly is 23804","logger":"cosmos.dbt.graph","filename":"graph.py","lineno":886}
{"timestamp":"2026-08-29T10:09:32.761632Z","level":"info","event":"Cosmos performance: Cache hit for cosmos_cache__verdanta_weekly__dbt_weekly - 39a8c4b6e19a7b5e14cfea47af7dbd90,1ae01f5b93cde0ad1f6d9482f1b54abd","logger":"cosmos.dbt.graph","filename":"graph.py","lineno":898}
{"timestamp":"2026-08-29T10:09:32.761755Z","level":"info","event":"Total nodes: 27","logger":"cosmos.dbt.graph","filename":"graph.py","lineno":799}
{"timestamp":"2026-08-29T10:09:32.761815Z","level":"info","event":"Total filtered nodes: 27","logger":"cosmos.dbt.graph","filename":"graph.py","lineno":800}
{"timestamp":"2026-08-29T10:09:32.761879Z","level":"info","event":"Cosmos performance (verdanta_weekly__dbt_weekly) - [e56005473659|111]: It took 0.14s to parse the dbt project for DAG using LoadMode.DBT_LS_CACHE","logger":"cosmos.converter","filename":"converter.py","lineno":371}
{"timestamp":"2026-08-29T10:09:32.783122Z","level":"info","event":"Cosmos performance (verdanta_weekly__dbt_weekly) - [e56005473659|111]: It took 0.0212s to build the Airflow DAG.","logger":"cosmos.converter","filename":"converter.py","lineno":423}
{"timestamp":"2026-08-29T10:09:32.783248Z","level":"info","event":"::endgroup::Cosmos DAG parsing logs","logger":"cosmos.converter","filename":"converter.py","lineno":430}
{"timestamp":"2026-08-29T10:09:32.783705Z","level":"warning","event":"Using Variable.get from `airflow.models` is deprecated.Please use `get` on Variable from sdk(`airflow.sdk.Variable`) instead","category":"UserWarning","filename":"/home/airflow/.local/lib/python3.13/site-packages/airflow/models/variable.py","lineno":158,"logger":"py.warnings"}
{"timestamp":"2026-08-29T10:10:03.506983Z","level":"info","event":"Filling up the DagBag from /opt/airflow/dags/verdanta_weekly.py","logger":"airflow.dag_processing.dagbag.BundleDagBag","filename":"dagbag.py","lineno":469}
{"timestamp":"2026-08-29T10:10:03.572429Z","level":"info","event":"::group::Cosmos DAG parsing logs","logger":"cosmos.converter","filename":"converter.py","lineno":321}
{"timestamp":"2026-08-29T10:10:03.575836Z","level":"info","event":"Cosmos cache dir resolved to /tmp/cosmos/verdanta_weekly__dbt_weekly","logger":"cosmos.converter","filename":"converter.py","lineno":346}
{"timestamp":"2026-08-29T10:10:03.576044Z","level":"info","event":"Trying to parse the dbt project using dbt ls cache cosmos_cache__verdanta_weekly__dbt_weekly...","logger":"cosmos.dbt.graph","filename":"graph.py","lineno":869}
{"timestamp":"2026-08-29T10:10:03.716737Z","level":"info","event":"Cosmos performance: time to calculate cache identifier cosmos_cache__verdanta_weekly__dbt_weekly for current version: 0.12650525600110996","logger":"cosmos.cache","filename":"cache.py","lineno":401}
{"timestamp":"2026-08-29T10:10:03.716979Z","level":"info","event":"Cosmos performance [e56005473659|147]: The cache size for cosmos_cache__verdanta_weekly__dbt_weekly is 23804","logger":"cosmos.dbt.graph","filename":"graph.py","lineno":886}
{"timestamp":"2026-08-29T10:10:03.717812Z","level":"info","event":"Cosmos performance: Cache hit for cosmos_cache__verdanta_weekly__dbt_weekly - 39a8c4b6e19a7b5e14cfea47af7dbd90,1ae01f5b93cde0ad1f6d9482f1b54abd","logger":"cosmos.dbt.graph","filename":"graph.py","lineno":898}
{"timestamp":"2026-08-29T10:10:03.717946Z","level":"info","event":"Total nodes: 27","logger":"cosmos.dbt.graph","filename":"graph.py","lineno":799}
{"timestamp":"2026-08-29T10:10:03.718010Z","level":"info","event":"Total filtered nodes: 27","logger":"cosmos.dbt.graph","filename":"graph.py","lineno":800}
{"timestamp":"2026-08-29T10:10:03.718076Z","level":"info","event":"Cosmos performance (verdanta_weekly__dbt_weekly) - [e56005473659|147]: It took 0.142s to parse the dbt project for DAG using LoadMode.DBT_LS_CACHE","logger":"cosmos.converter","filename":"converter.py","lineno":371}
{"timestamp":"2026-08-29T10:10:03.739925Z","level":"info","event":"Cosmos performance (verdanta_weekly__dbt_weekly) - [e56005473659|147]: It took 0.0218s to build the Airflow DAG.","logger":"cosmos.converter","filename":"converter.py","lineno":423}
{"timestamp":"2026-08-29T10:10:03.740066Z","level":"info","event":"::endgroup::Cosmos DAG parsing logs","logger":"cosmos.converter","filename":"converter.py","lineno":430}
{"timestamp":"2026-08-29T10:10:03.740473Z","level":"warning","event":"Using Variable.get from `airflow.models` is deprecated.Please use `get` on Variable from sdk(`airflow.sdk.Variable`) instead","category":"UserWarning","filename":"/home/airflow/.local/lib/python3.13/site-packages/airflow/models/variable.py","lineno":158,"logger":"py.warnings"}
{"timestamp":"2026-08-29T10:10:34.022623Z","level":"info","event":"Filling up the DagBag from /opt/airflow/dags/verdanta_weekly.py","logger":"airflow.dag_processing.dagbag.BundleDagBag","filename":"dagbag.py","lineno":469}
{"timestamp":"2026-08-29T10:10:34.102403Z","level":"info","event":"::group::Cosmos DAG parsing logs","logger":"cosmos.converter","filename":"converter.py","lineno":321}
{"timestamp":"2026-08-29T10:10:34.106299Z","level":"info","event":"Cosmos cache dir resolved to /tmp/cosmos/verdanta_weekly__dbt_weekly","logger":"cosmos.converter","filename":"converter.py","lineno":346}
{"timestamp":"2026-08-29T10:10:34.106498Z","level":"info","event":"Trying to parse the dbt project using dbt ls cache cosmos_cache__verdanta_weekly__dbt_weekly...","logger":"cosmos.dbt.graph","filename":"graph.py","lineno":869}
{"timestamp":"2026-08-29T10:10:34.253470Z","level":"info","event":"Cosmos performance: time to calculate cache identifier cosmos_cache__verdanta_weekly__dbt_weekly for current version: 0.131410590998712","logger":"cosmos.cache","filename":"cache.py","lineno":401}
{"timestamp":"2026-08-29T10:10:34.253699Z","level":"info","event":"Cosmos performance [e56005473659|166]: The cache size for cosmos_cache__verdanta_weekly__dbt_weekly is 23804","logger":"cosmos.dbt.graph","filename":"graph.py","lineno":886}
{"timestamp":"2026-08-29T10:10:34.255248Z","level":"info","event":"Cosmos performance: Cache hit for cosmos_cache__verdanta_weekly__dbt_weekly - 39a8c4b6e19a7b5e14cfea47af7dbd90,1ae01f5b93cde0ad1f6d9482f1b54abd","logger":"cosmos.dbt.graph","filename":"graph.py","lineno":898}
{"timestamp":"2026-08-29T10:10:34.255379Z","level":"info","event":"Total nodes: 27","logger":"cosmos.dbt.graph","filename":"graph.py","lineno":799}
{"timestamp":"2026-08-29T10:10:34.255443Z","level":"info","event":"Total filtered nodes: 27","logger":"cosmos.dbt.graph","filename":"graph.py","lineno":800}
{"timestamp":"2026-08-29T10:10:34.255509Z","level":"info","event":"Cosmos performance (verdanta_weekly__dbt_weekly) - [e56005473659|166]: It took 0.149s to parse the dbt project for DAG using LoadMode.DBT_LS_CACHE","logger":"cosmos.converter","filename":"converter.py","lineno":371}
{"timestamp":"2026-08-29T10:10:34.278381Z","level":"info","event":"Cosmos performance (verdanta_weekly__dbt_weekly) - [e56005473659|166]: It took 0.0228s to build the Airflow DAG.","logger":"cosmos.converter","filename":"converter.py","lineno":423}
{"timestamp":"2026-08-29T10:10:34.278553Z","level":"info","event":"::endgroup::Cosmos DAG parsing logs","logger":"cosmos.converter","filename":"converter.py","lineno":430}
{"timestamp":"2026-08-29T10:10:34.279189Z","level":"warning","event":"Using Variable.get from `airflow.models` is deprecated.Please use `get` on Variable from sdk(`airflow.sdk.Variable`) instead","category":"UserWarning","filename":"/home/airflow/.local/lib/python3.13/site-packages/airflow/models/variable.py","lineno":158,"logger":"py.warnings"}
{"timestamp":"2026-08-29T10:11:04.956865Z","level":"info","event":"Filling up the DagBag from /opt/airflow/dags/verdanta_weekly.py","logger":"airflow.dag_processing.dagbag.BundleDagBag","filename":"dagbag.py","lineno":469}
{"timestamp":"2026-08-29T10:11:05.037884Z","level":"info","event":"::group::Cosmos DAG parsing logs","logger":"cosmos.converter","filename":"converter.py","lineno":321}
{"timestamp":"2026-08-29T10:11:05.041853Z","level":"info","event":"Cosmos cache dir resolved to /tmp/cosmos/verdanta_weekly__dbt_weekly","logger":"cosmos.converter","filename":"converter.py","lineno":346}
{"timestamp":"2026-08-29T10:11:05.042052Z","level":"info","event":"Trying to parse the dbt project using dbt ls cache cosmos_cache__verdanta_weekly__dbt_weekly...","logger":"cosmos.dbt.graph","filename":"graph.py","lineno":869}
{"timestamp":"2026-08-29T10:11:05.186286Z","level":"info","event":"Cosmos performance: time to calculate cache identifier cosmos_cache__verdanta_weekly__dbt_weekly for current version: 0.13067333199978748","logger":"cosmos.cache","filename":"cache.py","lineno":401}
{"timestamp":"2026-08-29T10:11:05.186622Z","level":"info","event":"Cosmos performance [e56005473659|198]: The cache size for cosmos_cache__verdanta_weekly__dbt_weekly is 23804","logger":"cosmos.dbt.graph","filename":"graph.py","lineno":886}
{"timestamp":"2026-08-29T10:11:05.188265Z","level":"info","event":"Cosmos performance: Cache hit for cosmos_cache__verdanta_weekly__dbt_weekly - 39a8c4b6e19a7b5e14cfea47af7dbd90,1ae01f5b93cde0ad1f6d9482f1b54abd","logger":"cosmos.dbt.graph","filename":"graph.py","lineno":898}
{"timestamp":"2026-08-29T10:11:05.188393Z","level":"info","event":"Total nodes: 27","logger":"cosmos.dbt.graph","filename":"graph.py","lineno":799}
{"timestamp":"2026-08-29T10:11:05.188457Z","level":"info","event":"Total filtered nodes: 27","logger":"cosmos.dbt.graph","filename":"graph.py","lineno":800}
{"timestamp":"2026-08-29T10:11:05.188592Z","level":"info","event":"Cosmos performance (verdanta_weekly__dbt_weekly) - [e56005473659|198]: It took 0.147s to parse the dbt project for DAG using LoadMode.DBT_LS_CACHE","logger":"cosmos.converter","filename":"converter.py","lineno":371}
{"timestamp":"2026-08-29T10:11:05.211131Z","level":"info","event":"Cosmos performance (verdanta_weekly__dbt_weekly) - [e56005473659|198]: It took 0.0225s to build the Airflow DAG.","logger":"cosmos.converter","filename":"converter.py","lineno":423}
{"timestamp":"2026-08-29T10:11:05.211271Z","level":"info","event":"::endgroup::Cosmos DAG parsing logs","logger":"cosmos.converter","filename":"converter.py","lineno":430}
{"timestamp":"2026-08-29T10:11:05.211894Z","level":"warning","event":"Using Variable.get from `airflow.models` is deprecated.Please use `get` on Variable from sdk(`airflow.sdk.Variable`) instead","category":"UserWarning","filename":"/home/airflow/.local/lib/python3.13/site-packages/airflow/models/variable.py","lineno":158,"logger":"py.warnings"}
{"timestamp":"2026-08-29T10:11:35.654510Z","level":"info","event":"Filling up the DagBag from /opt/airflow/dags/verdanta_weekly.py","logger":"airflow.dag_processing.dagbag.BundleDagBag","filename":"dagbag.py","lineno":469}
{"timestamp":"2026-08-29T10:11:35.721150Z","level":"info","event":"::group::Cosmos DAG parsing logs","logger":"cosmos.converter","filename":"converter.py","lineno":321}
{"timestamp":"2026-08-29T10:11:35.724452Z","level":"info","event":"Cosmos cache dir resolved to /tmp/cosmos/verdanta_weekly__dbt_weekly","logger":"cosmos.converter","filename":"converter.py","lineno":346}
{"timestamp":"2026-08-29T10:11:35.724664Z","level":"info","event":"Trying to parse the dbt project using dbt ls cache cosmos_cache__verdanta_weekly__dbt_weekly...","logger":"cosmos.dbt.graph","filename":"graph.py","lineno":869}
{"timestamp":"2026-08-29T10:11:35.871118Z","level":"info","event":"Cosmos performance: time to calculate cache identifier cosmos_cache__verdanta_weekly__dbt_weekly for current version: 0.1317708330007008","logger":"cosmos.cache","filename":"cache.py","lineno":401}
{"timestamp":"2026-08-29T10:11:35.871388Z","level":"info","event":"Cosmos performance [e56005473659|234]: The cache size for cosmos_cache__verdanta_weekly__dbt_weekly is 23804","logger":"cosmos.dbt.graph","filename":"graph.py","lineno":886}
{"timestamp":"2026-08-29T10:11:35.872302Z","level":"info","event":"Cosmos performance: Cache hit for cosmos_cache__verdanta_weekly__dbt_weekly - 39a8c4b6e19a7b5e14cfea47af7dbd90,1ae01f5b93cde0ad1f6d9482f1b54abd","logger":"cosmos.dbt.graph","filename":"graph.py","lineno":898}
{"timestamp":"2026-08-29T10:11:35.872422Z","level":"info","event":"Total nodes: 27","logger":"cosmos.dbt.graph","filename":"graph.py","lineno":799}
{"timestamp":"2026-08-29T10:11:35.872480Z","level":"info","event":"Total filtered nodes: 27","logger":"cosmos.dbt.graph","filename":"graph.py","lineno":800}
{"timestamp":"2026-08-29T10:11:35.872546Z","level":"info","event":"Cosmos performance (verdanta_weekly__dbt_weekly) - [e56005473659|234]: It took 0.148s to parse the dbt project for DAG using LoadMode.DBT_LS_CACHE","logger":"cosmos.converter","filename":"converter.py","lineno":371}
{"timestamp":"2026-08-29T10:11:35.896420Z","level":"info","event":"Cosmos performance (verdanta_weekly__dbt_weekly) - [e56005473659|234]: It took 0.0238s to build the Airflow DAG.","logger":"cosmos.converter","filename":"converter.py","lineno":423}
{"timestamp":"2026-08-29T10:11:35.896654Z","level":"info","event":"::endgroup::Cosmos DAG parsing logs","logger":"cosmos.converter","filename":"converter.py","lineno":430}
{"timestamp":"2026-08-29T10:11:35.897116Z","level":"warning","event":"Using Variable.get from `airflow.models` is deprecated.Please use `get` on Variable from sdk(`airflow.sdk.Variable`) instead","category":"UserWarning","filename":"/home/airflow/.local/lib/python3.13/site-packages/airflow/models/variable.py","lineno":158,"logger":"py.warnings"}
{"timestamp":"2026-08-29T10:12:06.598536Z","level":"info","event":"Filling up the DagBag from /opt/airflow/dags/verdanta_weekly.py","logger":"airflow.dag_processing.dagbag.BundleDagBag","filename":"dagbag.py","lineno":469}
{"timestamp":"2026-08-29T10:12:06.684003Z","level":"info","event":"::group::Cosmos DAG parsing logs","logger":"cosmos.converter","filename":"converter.py","lineno":321}
{"timestamp":"2026-08-29T10:12:06.688579Z","level":"info","event":"Cosmos cache dir resolved to /tmp/cosmos/verdanta_weekly__dbt_weekly","logger":"cosmos.converter","filename":"converter.py","lineno":346}
{"timestamp":"2026-08-29T10:12:06.688874Z","level":"info","event":"Trying to parse the dbt project using dbt ls cache cosmos_cache__verdanta_weekly__dbt_weekly...","logger":"cosmos.dbt.graph","filename":"graph.py","lineno":869}
{"timestamp":"2026-08-29T10:12:06.844474Z","level":"info","event":"Cosmos performance: time to calculate cache identifier cosmos_cache__verdanta_weekly__dbt_weekly for current version: 0.13897472099961306","logger":"cosmos.cache","filename":"cache.py","lineno":401}
{"timestamp":"2026-08-29T10:12:06.844808Z","level":"info","event":"Cosmos performance [e56005473659|270]: The cache size for cosmos_cache__verdanta_weekly__dbt_weekly is 23804","logger":"cosmos.dbt.graph","filename":"graph.py","lineno":886}
{"timestamp":"2026-08-29T10:12:06.845941Z","level":"info","event":"Cosmos performance: Cache hit for cosmos_cache__verdanta_weekly__dbt_weekly - 39a8c4b6e19a7b5e14cfea47af7dbd90,1ae01f5b93cde0ad1f6d9482f1b54abd","logger":"cosmos.dbt.graph","filename":"graph.py","lineno":898}
{"timestamp":"2026-08-29T10:12:06.846087Z","level":"info","event":"Total nodes: 27","logger":"cosmos.dbt.graph","filename":"graph.py","lineno":799}
{"timestamp":"2026-08-29T10:12:06.846160Z","level":"info","event":"Total filtered nodes: 27","logger":"cosmos.dbt.graph","filename":"graph.py","lineno":800}
{"timestamp":"2026-08-29T10:12:06.846240Z","level":"info","event":"Cosmos performance (verdanta_weekly__dbt_weekly) - [e56005473659|270]: It took 0.158s to parse the dbt project for DAG using LoadMode.DBT_LS_CACHE","logger":"cosmos.converter","filename":"converter.py","lineno":371}
{"timestamp":"2026-08-29T10:12:06.870774Z","level":"info","event":"Cosmos performance (verdanta_weekly__dbt_weekly) - [e56005473659|270]: It took 0.0245s to build the Airflow DAG.","logger":"cosmos.converter","filename":"converter.py","lineno":423}
{"timestamp":"2026-08-29T10:12:06.871019Z","level":"info","event":"::endgroup::Cosmos DAG parsing logs","logger":"cosmos.converter","filename":"converter.py","lineno":430}
{"timestamp":"2026-08-29T10:12:06.871599Z","level":"warning","event":"Using Variable.get from `airflow.models` is deprecated.Please use `get` on Variable from sdk(`airflow.sdk.Variable`) instead","category":"UserWarning","filename":"/home/airflow/.local/lib/python3.13/site-packages/airflow/models/variable.py","lineno":158,"logger":"py.warnings"}
{"timestamp":"2026-08-29T10:12:37.823549Z","level":"info","event":"Filling up the DagBag from /opt/airflow/dags/verdanta_weekly.py","logger":"airflow.dag_processing.dagbag.BundleDagBag","filename":"dagbag.py","lineno":469}
{"timestamp":"2026-08-29T10:12:37.901547Z","level":"info","event":"::group::Cosmos DAG parsing logs","logger":"cosmos.converter","filename":"converter.py","lineno":321}
{"timestamp":"2026-08-29T10:12:37.905604Z","level":"info","event":"Cosmos cache dir resolved to /tmp/cosmos/verdanta_weekly__dbt_weekly","logger":"cosmos.converter","filename":"converter.py","lineno":346}
{"timestamp":"2026-08-29T10:12:37.905890Z","level":"info","event":"Trying to parse the dbt project using dbt ls cache cosmos_cache__verdanta_weekly__dbt_weekly...","logger":"cosmos.dbt.graph","filename":"graph.py","lineno":869}
{"timestamp":"2026-08-29T10:12:38.071619Z","level":"info","event":"Cosmos performance: time to calculate cache identifier cosmos_cache__verdanta_weekly__dbt_weekly for current version: 0.1453707780001423","logger":"cosmos.cache","filename":"cache.py","lineno":401}
{"timestamp":"2026-08-29T10:12:38.072020Z","level":"info","event":"Cosmos performance [e56005473659|306]: The cache size for cosmos_cache__verdanta_weekly__dbt_weekly is 23804","logger":"cosmos.dbt.graph","filename":"graph.py","lineno":886}
{"timestamp":"2026-08-29T10:12:38.073245Z","level":"info","event":"Cosmos performance: Cache hit for cosmos_cache__verdanta_weekly__dbt_weekly - 39a8c4b6e19a7b5e14cfea47af7dbd90,1ae01f5b93cde0ad1f6d9482f1b54abd","logger":"cosmos.dbt.graph","filename":"graph.py","lineno":898}
{"timestamp":"2026-08-29T10:12:38.073568Z","level":"info","event":"Total nodes: 27","logger":"cosmos.dbt.graph","filename":"graph.py","lineno":799}
{"timestamp":"2026-08-29T10:12:38.073669Z","level":"info","event":"Total filtered nodes: 27","logger":"cosmos.dbt.graph","filename":"graph.py","lineno":800}
{"timestamp":"2026-08-29T10:12:38.073748Z","level":"info","event":"Cosmos performance (verdanta_weekly__dbt_weekly) - [e56005473659|306]: It took 0.168s to parse the dbt project for DAG using LoadMode.DBT_LS_CACHE","logger":"cosmos.converter","filename":"converter.py","lineno":371}
{"timestamp":"2026-08-29T10:12:38.103281Z","level":"info","event":"Cosmos performance (verdanta_weekly__dbt_weekly) - [e56005473659|306]: It took 0.0295s to build the Airflow DAG.","logger":"cosmos.converter","filename":"converter.py","lineno":423}
{"timestamp":"2026-08-29T10:12:38.103549Z","level":"info","event":"::endgroup::Cosmos DAG parsing logs","logger":"cosmos.converter","filename":"converter.py","lineno":430}
{"timestamp":"2026-08-29T10:12:38.104232Z","level":"warning","event":"Using Variable.get from `airflow.models` is deprecated.Please use `get` on Variable from sdk(`airflow.sdk.Variable`) instead","category":"UserWarning","filename":"/home/airflow/.local/lib/python3.13/site-packages/airflow/models/variable.py","lineno":158,"logger":"py.warnings"}
{"timestamp":"2026-08-29T10:13:08.195723Z","level":"info","event":"Filling up the DagBag from /opt/airflow/dags/verdanta_weekly.py","logger":"airflow.dag_processing.dagbag.BundleDagBag","filename":"dagbag.py","lineno":469}
{"timestamp":"2026-08-29T10:13:08.263929Z","level":"info","event":"::group::Cosmos DAG parsing logs","logger":"cosmos.converter","filename":"converter.py","lineno":321}
{"timestamp":"2026-08-29T10:13:08.267499Z","level":"info","event":"Cosmos cache dir resolved to /tmp/cosmos/verdanta_weekly__dbt_weekly","logger":"cosmos.converter","filename":"converter.py","lineno":346}
{"timestamp":"2026-08-29T10:13:08.267764Z","level":"info","event":"Trying to parse the dbt project using dbt ls cache cosmos_cache__verdanta_weekly__dbt_weekly...","logger":"cosmos.dbt.graph","filename":"graph.py","lineno":869}
{"timestamp":"2026-08-29T10:13:08.414795Z","level":"info","event":"Cosmos performance: time to calculate cache identifier cosmos_cache__verdanta_weekly__dbt_weekly for current version: 0.12968894300138345","logger":"cosmos.cache","filename":"cache.py","lineno":401}
{"timestamp":"2026-08-29T10:13:08.415024Z","level":"info","event":"Cosmos performance [e56005473659|341]: The cache size for cosmos_cache__verdanta_weekly__dbt_weekly is 23804","logger":"cosmos.dbt.graph","filename":"graph.py","lineno":886}
{"timestamp":"2026-08-29T10:13:08.416919Z","level":"info","event":"Cosmos performance: Cache hit for cosmos_cache__verdanta_weekly__dbt_weekly - 39a8c4b6e19a7b5e14cfea47af7dbd90,1ae01f5b93cde0ad1f6d9482f1b54abd","logger":"cosmos.dbt.graph","filename":"graph.py","lineno":898}
{"timestamp":"2026-08-29T10:13:08.417065Z","level":"info","event":"Total nodes: 27","logger":"cosmos.dbt.graph","filename":"graph.py","lineno":799}
{"timestamp":"2026-08-29T10:13:08.417132Z","level":"info","event":"Total filtered nodes: 27","logger":"cosmos.dbt.graph","filename":"graph.py","lineno":800}
{"timestamp":"2026-08-29T10:13:08.417197Z","level":"info","event":"Cosmos performance (verdanta_weekly__dbt_weekly) - [e56005473659|341]: It took 0.15s to parse the dbt project for DAG using LoadMode.DBT_LS_CACHE","logger":"cosmos.converter","filename":"converter.py","lineno":371}
{"timestamp":"2026-08-29T10:13:08.441817Z","level":"info","event":"Cosmos performance (verdanta_weekly__dbt_weekly) - [e56005473659|341]: It took 0.0245s to build the Airflow DAG.","logger":"cosmos.converter","filename":"converter.py","lineno":423}
{"timestamp":"2026-08-29T10:13:08.442066Z","level":"info","event":"::endgroup::Cosmos DAG parsing logs","logger":"cosmos.converter","filename":"converter.py","lineno":430}
{"timestamp":"2026-08-29T10:13:08.442653Z","level":"warning","event":"Using Variable.get from `airflow.models` is deprecated.Please use `get` on Variable from sdk(`airflow.sdk.Variable`) instead","category":"UserWarning","filename":"/home/airflow/.local/lib/python3.13/site-packages/airflow/models/variable.py","lineno":158,"logger":"py.warnings"}
{"timestamp":"2026-08-29T10:13:39.880360Z","level":"info","event":"Filling up the DagBag from /opt/airflow/dags/verdanta_weekly.py","logger":"airflow.dag_processing.dagbag.BundleDagBag","filename":"dagbag.py","lineno":469}
{"timestamp":"2026-08-29T10:13:40.467345Z","level":"info","event":"::group::Cosmos DAG parsing logs","logger":"cosmos.converter","filename":"converter.py","lineno":321}
{"timestamp":"2026-08-29T10:13:40.480553Z","level":"info","event":"Cosmos cache dir resolved to /tmp/cosmos/verdanta_weekly__dbt_weekly","logger":"cosmos.converter","filename":"converter.py","lineno":346}
{"timestamp":"2026-08-29T10:13:40.481077Z","level":"info","event":"Trying to parse the dbt project using dbt ls cache cosmos_cache__verdanta_weekly__dbt_weekly...","logger":"cosmos.dbt.graph","filename":"graph.py","lineno":869}
{"timestamp":"2026-08-29T10:13:41.454426Z","level":"info","event":"Cosmos performance: time to calculate cache identifier cosmos_cache__verdanta_weekly__dbt_weekly for current version: 0.9228029269997933","logger":"cosmos.cache","filename":"cache.py","lineno":401}
{"timestamp":"2026-08-29T10:13:41.454978Z","level":"info","event":"Cosmos performance [e56005473659|356]: The cache size for cosmos_cache__verdanta_weekly__dbt_weekly is 23804","logger":"cosmos.dbt.graph","filename":"graph.py","lineno":886}
{"timestamp":"2026-08-29T10:13:41.456815Z","level":"info","event":"Cosmos performance: Cache hit for cosmos_cache__verdanta_weekly__dbt_weekly - 39a8c4b6e19a7b5e14cfea47af7dbd90,1ae01f5b93cde0ad1f6d9482f1b54abd","logger":"cosmos.dbt.graph","filename":"graph.py","lineno":898}
{"timestamp":"2026-08-29T10:13:41.457087Z","level":"info","event":"Total nodes: 27","logger":"cosmos.dbt.graph","filename":"graph.py","lineno":799}
{"timestamp":"2026-08-29T10:13:41.457211Z","level":"info","event":"Total filtered nodes: 27","logger":"cosmos.dbt.graph","filename":"graph.py","lineno":800}
{"timestamp":"2026-08-29T10:13:41.457330Z","level":"info","event":"Cosmos performance (verdanta_weekly__dbt_weekly) - [e56005473659|356]: It took 0.976s to parse the dbt project for DAG using LoadMode.DBT_LS_CACHE","logger":"cosmos.converter","filename":"converter.py","lineno":371}
{"timestamp":"2026-08-29T10:13:41.875787Z","level":"info","event":"Cosmos performance (verdanta_weekly__dbt_weekly) - [e56005473659|356]: It took 0.418s to build the Airflow DAG.","logger":"cosmos.converter","filename":"converter.py","lineno":423}
{"timestamp":"2026-08-29T10:13:41.876048Z","level":"info","event":"::endgroup::Cosmos DAG parsing logs","logger":"cosmos.converter","filename":"converter.py","lineno":430}
{"timestamp":"2026-08-29T10:13:41.877075Z","level":"warning","event":"Using Variable.get from `airflow.models` is deprecated.Please use `get` on Variable from sdk(`airflow.sdk.Variable`) instead","category":"UserWarning","filename":"/home/airflow/.local/lib/python3.13/site-packages/airflow/models/variable.py","lineno":158,"logger":"py.warnings"}
{"timestamp":"2026-08-29T10:14:12.284380Z","level":"info","event":"Filling up the DagBag from /opt/airflow/dags/verdanta_weekly.py","logger":"airflow.dag_processing.dagbag.BundleDagBag","filename":"dagbag.py","lineno":469}
{"timestamp":"2026-08-29T10:14:12.367032Z","level":"info","event":"::group::Cosmos DAG parsing logs","logger":"cosmos.converter","filename":"converter.py","lineno":321}
{"timestamp":"2026-08-29T10:14:12.370485Z","level":"info","event":"Cosmos cache dir resolved to /tmp/cosmos/verdanta_weekly__dbt_weekly","logger":"cosmos.converter","filename":"converter.py","lineno":346}
{"timestamp":"2026-08-29T10:14:12.370703Z","level":"info","event":"Trying to parse the dbt project using dbt ls cache cosmos_cache__verdanta_weekly__dbt_weekly...","logger":"cosmos.dbt.graph","filename":"graph.py","lineno":869}
{"timestamp":"2026-08-29T10:14:12.520169Z","level":"info","event":"Cosmos performance: time to calculate cache identifier cosmos_cache__verdanta_weekly__dbt_weekly for current version: 0.13384378000046127","logger":"cosmos.cache","filename":"cache.py","lineno":401}
{"timestamp":"2026-08-29T10:14:12.520424Z","level":"info","event":"Cosmos performance [e56005473659|392]: The cache size for cosmos_cache__verdanta_weekly__dbt_weekly is 23804","logger":"cosmos.dbt.graph","filename":"graph.py","lineno":886}
{"timestamp":"2026-08-29T10:14:12.521498Z","level":"info","event":"Cosmos performance: Cache hit for cosmos_cache__verdanta_weekly__dbt_weekly - 39a8c4b6e19a7b5e14cfea47af7dbd90,1ae01f5b93cde0ad1f6d9482f1b54abd","logger":"cosmos.dbt.graph","filename":"graph.py","lineno":898}
{"timestamp":"2026-08-29T10:14:12.521641Z","level":"info","event":"Total nodes: 27","logger":"cosmos.dbt.graph","filename":"graph.py","lineno":799}
{"timestamp":"2026-08-29T10:14:12.521703Z","level":"info","event":"Total filtered nodes: 27","logger":"cosmos.dbt.graph","filename":"graph.py","lineno":800}
{"timestamp":"2026-08-29T10:14:12.521799Z","level":"info","event":"Cosmos performance (verdanta_weekly__dbt_weekly) - [e56005473659|392]: It took 0.151s to parse the dbt project for DAG using LoadMode.DBT_LS_CACHE","logger":"cosmos.converter","filename":"converter.py","lineno":371}
{"timestamp":"2026-08-29T10:14:12.546513Z","level":"info","event":"Cosmos performance (verdanta_weekly__dbt_weekly) - [e56005473659|392]: It took 0.0247s to build the Airflow DAG.","logger":"cosmos.converter","filename":"converter.py","lineno":423}
{"timestamp":"2026-08-29T10:14:12.546677Z","level":"info","event":"::endgroup::Cosmos DAG parsing logs","logger":"cosmos.converter","filename":"converter.py","lineno":430}
{"timestamp":"2026-08-29T10:14:12.547335Z","level":"warning","event":"Using Variable.get from `airflow.models` is deprecated.Please use `get` on Variable from sdk(`airflow.sdk.Variable`) instead","category":"UserWarning","filename":"/home/airflow/.local/lib/python3.13/site-packages/airflow/models/variable.py","lineno":158,"logger":"py.warnings"}
{"timestamp":"2026-08-29T10:14:42.866476Z","level":"info","event":"Filling up the DagBag from /opt/airflow/dags/verdanta_weekly.py","logger":"airflow.dag_processing.dagbag.BundleDagBag","filename":"dagbag.py","lineno":469}
{"timestamp":"2026-08-29T10:14:42.937469Z","level":"info","event":"::group::Cosmos DAG parsing logs","logger":"cosmos.converter","filename":"converter.py","lineno":321}
{"timestamp":"2026-08-29T10:14:42.940785Z","level":"info","event":"Cosmos cache dir resolved to /tmp/cosmos/verdanta_weekly__dbt_weekly","logger":"cosmos.converter","filename":"converter.py","lineno":346}
{"timestamp":"2026-08-29T10:14:42.940977Z","level":"info","event":"Trying to parse the dbt project using dbt ls cache cosmos_cache__verdanta_weekly__dbt_weekly...","logger":"cosmos.dbt.graph","filename":"graph.py","lineno":869}
{"timestamp":"2026-08-29T10:14:43.086586Z","level":"info","event":"Cosmos performance: time to calculate cache identifier cosmos_cache__verdanta_weekly__dbt_weekly for current version: 0.12986069799990219","logger":"cosmos.cache","filename":"cache.py","lineno":401}
{"timestamp":"2026-08-29T10:14:43.086853Z","level":"info","event":"Cosmos performance [e56005473659|428]: The cache size for cosmos_cache__verdanta_weekly__dbt_weekly is 23804","logger":"cosmos.dbt.graph","filename":"graph.py","lineno":886}
{"timestamp":"2026-08-29T10:14:43.087738Z","level":"info","event":"Cosmos performance: Cache hit for cosmos_cache__verdanta_weekly__dbt_weekly - 39a8c4b6e19a7b5e14cfea47af7dbd90,1ae01f5b93cde0ad1f6d9482f1b54abd","logger":"cosmos.dbt.graph","filename":"graph.py","lineno":898}
{"timestamp":"2026-08-29T10:14:43.087894Z","level":"info","event":"Total nodes: 27","logger":"cosmos.dbt.graph","filename":"graph.py","lineno":799}
{"timestamp":"2026-08-29T10:14:43.087968Z","level":"info","event":"Total filtered nodes: 27","logger":"cosmos.dbt.graph","filename":"graph.py","lineno":800}
{"timestamp":"2026-08-29T10:14:43.088037Z","level":"info","event":"Cosmos performance (verdanta_weekly__dbt_weekly) - [e56005473659|428]: It took 0.147s to parse the dbt project for DAG using LoadMode.DBT_LS_CACHE","logger":"cosmos.converter","filename":"converter.py","lineno":371}
{"timestamp":"2026-08-29T10:14:43.110120Z","level":"info","event":"Cosmos performance (verdanta_weekly__dbt_weekly) - [e56005473659|428]: It took 0.022s to build the Airflow DAG.","logger":"cosmos.converter","filename":"converter.py","lineno":423}
{"timestamp":"2026-08-29T10:14:43.110275Z","level":"info","event":"::endgroup::Cosmos DAG parsing logs","logger":"cosmos.converter","filename":"converter.py","lineno":430}
{"timestamp":"2026-08-29T10:14:43.110739Z","level":"warning","event":"Using Variable.get from `airflow.models` is deprecated.Please use `get` on Variable from sdk(`airflow.sdk.Variable`) instead","category":"UserWarning","filename":"/home/airflow/.local/lib/python3.13/site-packages/airflow/models/variable.py","lineno":158,"logger":"py.warnings"}
{"timestamp":"2026-08-29T10:15:13.208214Z","level":"info","event":"Filling up the DagBag from /opt/airflow/dags/verdanta_weekly.py","logger":"airflow.dag_processing.dagbag.BundleDagBag","filename":"dagbag.py","lineno":469}
{"timestamp":"2026-08-29T10:15:13.275336Z","level":"info","event":"::group::Cosmos DAG parsing logs","logger":"cosmos.converter","filename":"converter.py","lineno":321}
{"timestamp":"2026-08-29T10:15:13.279169Z","level":"info","event":"Cosmos cache dir resolved to /tmp/cosmos/verdanta_weekly__dbt_weekly","logger":"cosmos.converter","filename":"converter.py","lineno":346}
{"timestamp":"2026-08-29T10:15:13.279491Z","level":"info","event":"Trying to parse the dbt project using dbt ls cache cosmos_cache__verdanta_weekly__dbt_weekly...","logger":"cosmos.dbt.graph","filename":"graph.py","lineno":869}
{"timestamp":"2026-08-29T10:15:13.419365Z","level":"info","event":"Cosmos performance: time to calculate cache identifier cosmos_cache__verdanta_weekly__dbt_weekly for current version: 0.12666920499941625","logger":"cosmos.cache","filename":"cache.py","lineno":401}
{"timestamp":"2026-08-29T10:15:13.419605Z","level":"info","event":"Cosmos performance [e56005473659|464]: The cache size for cosmos_cache__verdanta_weekly__dbt_weekly is 23804","logger":"cosmos.dbt.graph","filename":"graph.py","lineno":886}
{"timestamp":"2026-08-29T10:15:13.420473Z","level":"info","event":"Cosmos performance: Cache hit for cosmos_cache__verdanta_weekly__dbt_weekly - 39a8c4b6e19a7b5e14cfea47af7dbd90,1ae01f5b93cde0ad1f6d9482f1b54abd","logger":"cosmos.dbt.graph","filename":"graph.py","lineno":898}
{"timestamp":"2026-08-29T10:15:13.420602Z","level":"info","event":"Total nodes: 27","logger":"cosmos.dbt.graph","filename":"graph.py","lineno":799}
{"timestamp":"2026-08-29T10:15:13.420720Z","level":"info","event":"Total filtered nodes: 27","logger":"cosmos.dbt.graph","filename":"graph.py","lineno":800}
{"timestamp":"2026-08-29T10:15:13.420807Z","level":"info","event":"Cosmos performance (verdanta_weekly__dbt_weekly) - [e56005473659|464]: It took 0.141s to parse the dbt project for DAG using LoadMode.DBT_LS_CACHE","logger":"cosmos.converter","filename":"converter.py","lineno":371}
{"timestamp":"2026-08-29T10:15:13.442960Z","level":"info","event":"Cosmos performance (verdanta_weekly__dbt_weekly) - [e56005473659|464]: It took 0.0221s to build the Airflow DAG.","logger":"cosmos.converter","filename":"converter.py","lineno":423}
{"timestamp":"2026-08-29T10:15:13.443116Z","level":"info","event":"::endgroup::Cosmos DAG parsing logs","logger":"cosmos.converter","filename":"converter.py","lineno":430}
{"timestamp":"2026-08-29T10:15:13.443751Z","level":"warning","event":"Using Variable.get from `airflow.models` is deprecated.Please use `get` on Variable from sdk(`airflow.sdk.Variable`) instead","category":"UserWarning","filename":"/home/airflow/.local/lib/python3.13/site-packages/airflow/models/variable.py","lineno":158,"logger":"py.warnings"}
{"timestamp":"2026-08-29T10:15:43.823468Z","level":"info","event":"Filling up the DagBag from /opt/airflow/dags/verdanta_weekly.py","logger":"airflow.dag_processing.dagbag.BundleDagBag","filename":"dagbag.py","lineno":469}
{"timestamp":"2026-08-29T10:15:43.891264Z","level":"info","event":"::group::Cosmos DAG parsing logs","logger":"cosmos.converter","filename":"converter.py","lineno":321}
{"timestamp":"2026-08-29T10:15:43.894988Z","level":"info","event":"Cosmos cache dir resolved to /tmp/cosmos/verdanta_weekly__dbt_weekly","logger":"cosmos.converter","filename":"converter.py","lineno":346}
{"timestamp":"2026-08-29T10:15:43.895225Z","level":"info","event":"Trying to parse the dbt project using dbt ls cache cosmos_cache__verdanta_weekly__dbt_weekly...","logger":"cosmos.dbt.graph","filename":"graph.py","lineno":869}
{"timestamp":"2026-08-29T10:15:44.044022Z","level":"info","event":"Cosmos performance: time to calculate cache identifier cosmos_cache__verdanta_weekly__dbt_weekly for current version: 0.13265150999905018","logger":"cosmos.cache","filename":"cache.py","lineno":401}
{"timestamp":"2026-08-29T10:15:44.044248Z","level":"info","event":"Cosmos performance [e56005473659|499]: The cache size for cosmos_cache__verdanta_weekly__dbt_weekly is 23804","logger":"cosmos.dbt.graph","filename":"graph.py","lineno":886}
{"timestamp":"2026-08-29T10:15:44.045160Z","level":"info","event":"Cosmos performance: Cache hit for cosmos_cache__verdanta_weekly__dbt_weekly - 39a8c4b6e19a7b5e14cfea47af7dbd90,1ae01f5b93cde0ad1f6d9482f1b54abd","logger":"cosmos.dbt.graph","filename":"graph.py","lineno":898}
{"timestamp":"2026-08-29T10:15:44.045274Z","level":"info","event":"Total nodes: 27","logger":"cosmos.dbt.graph","filename":"graph.py","lineno":799}
{"timestamp":"2026-08-29T10:15:44.045332Z","level":"info","event":"Total filtered nodes: 27","logger":"cosmos.dbt.graph","filename":"graph.py","lineno":800}
{"timestamp":"2026-08-29T10:15:44.045394Z","level":"info","event":"Cosmos performance (verdanta_weekly__dbt_weekly) - [e56005473659|499]: It took 0.15s to parse the dbt project for DAG using LoadMode.DBT_LS_CACHE","logger":"cosmos.converter","filename":"converter.py","lineno":371}
{"timestamp":"2026-08-29T10:15:44.068421Z","level":"info","event":"Cosmos performance (verdanta_weekly__dbt_weekly) - [e56005473659|499]: It took 0.023s to build the Airflow DAG.","logger":"cosmos.converter","filename":"converter.py","lineno":423}
{"timestamp":"2026-08-29T10:15:44.068578Z","level":"info","event":"::endgroup::Cosmos DAG parsing logs","logger":"cosmos.converter","filename":"converter.py","lineno":430}
{"timestamp":"2026-08-29T10:15:44.068996Z","level":"warning","event":"Using Variable.get from `airflow.models` is deprecated.Please use `get` on Variable from sdk(`airflow.sdk.Variable`) instead","category":"UserWarning","filename":"/home/airflow/.local/lib/python3.13/site-packages/airflow/models/variable.py","lineno":158,"logger":"py.warnings"}
{"timestamp":"2026-08-29T10:16:14.621066Z","level":"info","event":"Filling up the DagBag from /opt/airflow/dags/verdanta_weekly.py","logger":"airflow.dag_processing.dagbag.BundleDagBag","filename":"dagbag.py","lineno":469}
{"timestamp":"2026-08-29T10:16:14.703348Z","level":"info","event":"::group::Cosmos DAG parsing logs","logger":"cosmos.converter","filename":"converter.py","lineno":321}
{"timestamp":"2026-08-29T10:16:14.706923Z","level":"info","event":"Cosmos cache dir resolved to /tmp/cosmos/verdanta_weekly__dbt_weekly","logger":"cosmos.converter","filename":"converter.py","lineno":346}
{"timestamp":"2026-08-29T10:16:14.707194Z","level":"info","event":"Trying to parse the dbt project using dbt ls cache cosmos_cache__verdanta_weekly__dbt_weekly...","logger":"cosmos.dbt.graph","filename":"graph.py","lineno":869}
{"timestamp":"2026-08-29T10:16:14.853444Z","level":"info","event":"Cosmos performance: time to calculate cache identifier cosmos_cache__verdanta_weekly__dbt_weekly for current version: 0.1299490440014779","logger":"cosmos.cache","filename":"cache.py","lineno":401}
{"timestamp":"2026-08-29T10:16:14.853685Z","level":"info","event":"Cosmos performance [e56005473659|514]: The cache size for cosmos_cache__verdanta_weekly__dbt_weekly is 23804","logger":"cosmos.dbt.graph","filename":"graph.py","lineno":886}
{"timestamp":"2026-08-29T10:16:14.855218Z","level":"info","event":"Cosmos performance: Cache hit for cosmos_cache__verdanta_weekly__dbt_weekly - 39a8c4b6e19a7b5e14cfea47af7dbd90,1ae01f5b93cde0ad1f6d9482f1b54abd","logger":"cosmos.dbt.graph","filename":"graph.py","lineno":898}
{"timestamp":"2026-08-29T10:16:14.855351Z","level":"info","event":"Total nodes: 27","logger":"cosmos.dbt.graph","filename":"graph.py","lineno":799}
{"timestamp":"2026-08-29T10:16:14.855411Z","level":"info","event":"Total filtered nodes: 27","logger":"cosmos.dbt.graph","filename":"graph.py","lineno":800}
{"timestamp":"2026-08-29T10:16:14.855477Z","level":"info","event":"Cosmos performance (verdanta_weekly__dbt_weekly) - [e56005473659|514]: It took 0.148s to parse the dbt project for DAG using LoadMode.DBT_LS_CACHE","logger":"cosmos.converter","filename":"converter.py","lineno":371}
{"timestamp":"2026-08-29T10:16:14.878366Z","level":"info","event":"Cosmos performance (verdanta_weekly__dbt_weekly) - [e56005473659|514]: It took 0.0228s to build the Airflow DAG.","logger":"cosmos.converter","filename":"converter.py","lineno":423}
{"timestamp":"2026-08-29T10:16:14.878538Z","level":"info","event":"::endgroup::Cosmos DAG parsing logs","logger":"cosmos.converter","filename":"converter.py","lineno":430}
{"timestamp":"2026-08-29T10:16:14.879135Z","level":"warning","event":"Using Variable.get from `airflow.models` is deprecated.Please use `get` on Variable from sdk(`airflow.sdk.Variable`) instead","category":"UserWarning","filename":"/home/airflow/.local/lib/python3.13/site-packages/airflow/models/variable.py","lineno":158,"logger":"py.warnings"}
{"timestamp":"2026-08-29T10:16:45.610423Z","level":"info","event":"Filling up the DagBag from /opt/airflow/dags/verdanta_weekly.py","logger":"airflow.dag_processing.dagbag.BundleDagBag","filename":"dagbag.py","lineno":469}
{"timestamp":"2026-08-29T10:16:45.681676Z","level":"info","event":"::group::Cosmos DAG parsing logs","logger":"cosmos.converter","filename":"converter.py","lineno":321}
{"timestamp":"2026-08-29T10:16:45.685366Z","level":"info","event":"Cosmos cache dir resolved to /tmp/cosmos/verdanta_weekly__dbt_weekly","logger":"cosmos.converter","filename":"converter.py","lineno":346}
{"timestamp":"2026-08-29T10:16:45.685630Z","level":"info","event":"Trying to parse the dbt project using dbt ls cache cosmos_cache__verdanta_weekly__dbt_weekly...","logger":"cosmos.dbt.graph","filename":"graph.py","lineno":869}
{"timestamp":"2026-08-29T10:16:45.840138Z","level":"info","event":"Cosmos performance: time to calculate cache identifier cosmos_cache__verdanta_weekly__dbt_weekly for current version: 0.1353402320000896","logger":"cosmos.cache","filename":"cache.py","lineno":401}
{"timestamp":"2026-08-29T10:16:45.840365Z","level":"info","event":"Cosmos performance [e56005473659|550]: The cache size for cosmos_cache__verdanta_weekly__dbt_weekly is 23804","logger":"cosmos.dbt.graph","filename":"graph.py","lineno":886}
{"timestamp":"2026-08-29T10:16:45.841189Z","level":"info","event":"Cosmos performance: Cache hit for cosmos_cache__verdanta_weekly__dbt_weekly - 39a8c4b6e19a7b5e14cfea47af7dbd90,1ae01f5b93cde0ad1f6d9482f1b54abd","logger":"cosmos.dbt.graph","filename":"graph.py","lineno":898}
{"timestamp":"2026-08-29T10:16:45.841302Z","level":"info","event":"Total nodes: 27","logger":"cosmos.dbt.graph","filename":"graph.py","lineno":799}
{"timestamp":"2026-08-29T10:16:45.841358Z","level":"info","event":"Total filtered nodes: 27","logger":"cosmos.dbt.graph","filename":"graph.py","lineno":800}
{"timestamp":"2026-08-29T10:16:45.841423Z","level":"info","event":"Cosmos performance (verdanta_weekly__dbt_weekly) - [e56005473659|550]: It took 0.156s to parse the dbt project for DAG using LoadMode.DBT_LS_CACHE","logger":"cosmos.converter","filename":"converter.py","lineno":371}
{"timestamp":"2026-08-29T10:16:45.865239Z","level":"info","event":"Cosmos performance (verdanta_weekly__dbt_weekly) - [e56005473659|550]: It took 0.0238s to build the Airflow DAG.","logger":"cosmos.converter","filename":"converter.py","lineno":423}
{"timestamp":"2026-08-29T10:16:45.865413Z","level":"info","event":"::endgroup::Cosmos DAG parsing logs","logger":"cosmos.converter","filename":"converter.py","lineno":430}
{"timestamp":"2026-08-29T10:16:45.865910Z","level":"warning","event":"Using Variable.get from `airflow.models` is deprecated.Please use `get` on Variable from sdk(`airflow.sdk.Variable`) instead","category":"UserWarning","filename":"/home/airflow/.local/lib/python3.13/site-packages/airflow/models/variable.py","lineno":158,"logger":"py.warnings"}
{"timestamp":"2026-08-29T10:17:16.037257Z","level":"info","event":"Filling up the DagBag from /opt/airflow/dags/verdanta_weekly.py","logger":"airflow.dag_processing.dagbag.BundleDagBag","filename":"dagbag.py","lineno":469}
{"timestamp":"2026-08-29T10:17:16.121238Z","level":"info","event":"::group::Cosmos DAG parsing logs","logger":"cosmos.converter","filename":"converter.py","lineno":321}
{"timestamp":"2026-08-29T10:17:16.125382Z","level":"info","event":"Cosmos cache dir resolved to /tmp/cosmos/verdanta_weekly__dbt_weekly","logger":"cosmos.converter","filename":"converter.py","lineno":346}
{"timestamp":"2026-08-29T10:17:16.125611Z","level":"info","event":"Trying to parse the dbt project using dbt ls cache cosmos_cache__verdanta_weekly__dbt_weekly...","logger":"cosmos.dbt.graph","filename":"graph.py","lineno":869}
{"timestamp":"2026-08-29T10:17:16.277388Z","level":"info","event":"Cosmos performance: time to calculate cache identifier cosmos_cache__verdanta_weekly__dbt_weekly for current version: 0.13628362199960975","logger":"cosmos.cache","filename":"cache.py","lineno":401}
{"timestamp":"2026-08-29T10:17:16.277613Z","level":"info","event":"Cosmos performance [e56005473659|578]: The cache size for cosmos_cache__verdanta_weekly__dbt_weekly is 23804","logger":"cosmos.dbt.graph","filename":"graph.py","lineno":886}
{"timestamp":"2026-08-29T10:17:16.278579Z","level":"info","event":"Cosmos performance: Cache hit for cosmos_cache__verdanta_weekly__dbt_weekly - 39a8c4b6e19a7b5e14cfea47af7dbd90,1ae01f5b93cde0ad1f6d9482f1b54abd","logger":"cosmos.dbt.graph","filename":"graph.py","lineno":898}
{"timestamp":"2026-08-29T10:17:16.278794Z","level":"info","event":"Total nodes: 27","logger":"cosmos.dbt.graph","filename":"graph.py","lineno":799}
{"timestamp":"2026-08-29T10:17:16.278931Z","level":"info","event":"Total filtered nodes: 27","logger":"cosmos.dbt.graph","filename":"graph.py","lineno":800}
{"timestamp":"2026-08-29T10:17:16.279125Z","level":"info","event":"Cosmos performance (verdanta_weekly__dbt_weekly) - [e56005473659|578]: It took 0.154s to parse the dbt project for DAG using LoadMode.DBT_LS_CACHE","logger":"cosmos.converter","filename":"converter.py","lineno":371}
{"timestamp":"2026-08-29T10:17:16.308650Z","level":"info","event":"Cosmos performance (verdanta_weekly__dbt_weekly) - [e56005473659|578]: It took 0.0295s to build the Airflow DAG.","logger":"cosmos.converter","filename":"converter.py","lineno":423}
{"timestamp":"2026-08-29T10:17:16.308823Z","level":"info","event":"::endgroup::Cosmos DAG parsing logs","logger":"cosmos.converter","filename":"converter.py","lineno":430}
{"timestamp":"2026-08-29T10:17:16.309458Z","level":"warning","event":"Using Variable.get from `airflow.models` is deprecated.Please use `get` on Variable from sdk(`airflow.sdk.Variable`) instead","category":"UserWarning","filename":"/home/airflow/.local/lib/python3.13/site-packages/airflow/models/variable.py","lineno":158,"logger":"py.warnings"}
{"timestamp":"2026-08-29T10:17:47.239463Z","level":"info","event":"Filling up the DagBag from /opt/airflow/dags/verdanta_weekly.py","logger":"airflow.dag_processing.dagbag.BundleDagBag","filename":"dagbag.py","lineno":469}
{"timestamp":"2026-08-29T10:17:47.308189Z","level":"info","event":"::group::Cosmos DAG parsing logs","logger":"cosmos.converter","filename":"converter.py","lineno":321}
{"timestamp":"2026-08-29T10:17:47.311399Z","level":"info","event":"Cosmos cache dir resolved to /tmp/cosmos/verdanta_weekly__dbt_weekly","logger":"cosmos.converter","filename":"converter.py","lineno":346}
{"timestamp":"2026-08-29T10:17:47.311598Z","level":"info","event":"Trying to parse the dbt project using dbt ls cache cosmos_cache__verdanta_weekly__dbt_weekly...","logger":"cosmos.dbt.graph","filename":"graph.py","lineno":869}
{"timestamp":"2026-08-29T10:17:47.453550Z","level":"info","event":"Cosmos performance: time to calculate cache identifier cosmos_cache__verdanta_weekly__dbt_weekly for current version: 0.12645090899968636","logger":"cosmos.cache","filename":"cache.py","lineno":401}
{"timestamp":"2026-08-29T10:17:47.453852Z","level":"info","event":"Cosmos performance [e56005473659|614]: The cache size for cosmos_cache__verdanta_weekly__dbt_weekly is 23804","logger":"cosmos.dbt.graph","filename":"graph.py","lineno":886}
{"timestamp":"2026-08-29T10:17:47.454734Z","level":"info","event":"Cosmos performance: Cache hit for cosmos_cache__verdanta_weekly__dbt_weekly - 39a8c4b6e19a7b5e14cfea47af7dbd90,1ae01f5b93cde0ad1f6d9482f1b54abd","logger":"cosmos.dbt.graph","filename":"graph.py","lineno":898}
{"timestamp":"2026-08-29T10:17:47.454887Z","level":"info","event":"Total nodes: 27","logger":"cosmos.dbt.graph","filename":"graph.py","lineno":799}
{"timestamp":"2026-08-29T10:17:47.454964Z","level":"info","event":"Total filtered nodes: 27","logger":"cosmos.dbt.graph","filename":"graph.py","lineno":800}
{"timestamp":"2026-08-29T10:17:47.455035Z","level":"info","event":"Cosmos performance (verdanta_weekly__dbt_weekly) - [e56005473659|614]: It took 0.144s to parse the dbt project for DAG using LoadMode.DBT_LS_CACHE","logger":"cosmos.converter","filename":"converter.py","lineno":371}
{"timestamp":"2026-08-29T10:17:47.477172Z","level":"info","event":"Cosmos performance (verdanta_weekly__dbt_weekly) - [e56005473659|614]: It took 0.0221s to build the Airflow DAG.","logger":"cosmos.converter","filename":"converter.py","lineno":423}
{"timestamp":"2026-08-29T10:17:47.477339Z","level":"info","event":"::endgroup::Cosmos DAG parsing logs","logger":"cosmos.converter","filename":"converter.py","lineno":430}
{"timestamp":"2026-08-29T10:17:47.477972Z","level":"warning","event":"Using Variable.get from `airflow.models` is deprecated.Please use `get` on Variable from sdk(`airflow.sdk.Variable`) instead","category":"UserWarning","filename":"/home/airflow/.local/lib/python3.13/site-packages/airflow/models/variable.py","lineno":158,"logger":"py.warnings"}
{"timestamp":"2026-08-29T10:18:17.589039Z","level":"info","event":"Filling up the DagBag from /opt/airflow/dags/verdanta_weekly.py","logger":"airflow.dag_processing.dagbag.BundleDagBag","filename":"dagbag.py","lineno":469}
{"timestamp":"2026-08-29T10:18:17.661852Z","level":"info","event":"::group::Cosmos DAG parsing logs","logger":"cosmos.converter","filename":"converter.py","lineno":321}
{"timestamp":"2026-08-29T10:18:17.665436Z","level":"info","event":"Cosmos cache dir resolved to /tmp/cosmos/verdanta_weekly__dbt_weekly","logger":"cosmos.converter","filename":"converter.py","lineno":346}
{"timestamp":"2026-08-29T10:18:17.665666Z","level":"info","event":"Trying to parse the dbt project using dbt ls cache cosmos_cache__verdanta_weekly__dbt_weekly...","logger":"cosmos.dbt.graph","filename":"graph.py","lineno":869}
{"timestamp":"2026-08-29T10:18:17.811766Z","level":"info","event":"Cosmos performance: time to calculate cache identifier cosmos_cache__verdanta_weekly__dbt_weekly for current version: 0.130498496000655","logger":"cosmos.cache","filename":"cache.py","lineno":401}
{"timestamp":"2026-08-29T10:18:17.811998Z","level":"info","event":"Cosmos performance [e56005473659|650]: The cache size for cosmos_cache__verdanta_weekly__dbt_weekly is 23804","logger":"cosmos.dbt.graph","filename":"graph.py","lineno":886}
{"timestamp":"2026-08-29T10:18:17.812932Z","level":"info","event":"Cosmos performance: Cache hit for cosmos_cache__verdanta_weekly__dbt_weekly - 39a8c4b6e19a7b5e14cfea47af7dbd90,1ae01f5b93cde0ad1f6d9482f1b54abd","logger":"cosmos.dbt.graph","filename":"graph.py","lineno":898}
{"timestamp":"2026-08-29T10:18:17.813059Z","level":"info","event":"Total nodes: 27","logger":"cosmos.dbt.graph","filename":"graph.py","lineno":799}
{"timestamp":"2026-08-29T10:18:17.813119Z","level":"info","event":"Total filtered nodes: 27","logger":"cosmos.dbt.graph","filename":"graph.py","lineno":800}
{"timestamp":"2026-08-29T10:18:17.813192Z","level":"info","event":"Cosmos performance (verdanta_weekly__dbt_weekly) - [e56005473659|650]: It took 0.148s to parse the dbt project for DAG using LoadMode.DBT_LS_CACHE","logger":"cosmos.converter","filename":"converter.py","lineno":371}
{"timestamp":"2026-08-29T10:18:17.835856Z","level":"info","event":"Cosmos performance (verdanta_weekly__dbt_weekly) - [e56005473659|650]: It took 0.0226s to build the Airflow DAG.","logger":"cosmos.converter","filename":"converter.py","lineno":423}
{"timestamp":"2026-08-29T10:18:17.836028Z","level":"info","event":"::endgroup::Cosmos DAG parsing logs","logger":"cosmos.converter","filename":"converter.py","lineno":430}
{"timestamp":"2026-08-29T10:18:17.836605Z","level":"warning","event":"Using Variable.get from `airflow.models` is deprecated.Please use `get` on Variable from sdk(`airflow.sdk.Variable`) instead","category":"UserWarning","filename":"/home/airflow/.local/lib/python3.13/site-packages/airflow/models/variable.py","lineno":158,"logger":"py.warnings"}
{"timestamp":"2026-08-29T10:18:48.908154Z","level":"info","event":"Filling up the DagBag from /opt/airflow/dags/verdanta_weekly.py","logger":"airflow.dag_processing.dagbag.BundleDagBag","filename":"dagbag.py","lineno":469}
{"timestamp":"2026-08-29T10:18:49.005814Z","level":"info","event":"::group::Cosmos DAG parsing logs","logger":"cosmos.converter","filename":"converter.py","lineno":321}
{"timestamp":"2026-08-29T10:18:49.011507Z","level":"info","event":"Cosmos cache dir resolved to /tmp/cosmos/verdanta_weekly__dbt_weekly","logger":"cosmos.converter","filename":"converter.py","lineno":346}
{"timestamp":"2026-08-29T10:18:49.011830Z","level":"info","event":"Trying to parse the dbt project using dbt ls cache cosmos_cache__verdanta_weekly__dbt_weekly...","logger":"cosmos.dbt.graph","filename":"graph.py","lineno":869}
{"timestamp":"2026-08-29T10:18:49.190569Z","level":"info","event":"Cosmos performance: time to calculate cache identifier cosmos_cache__verdanta_weekly__dbt_weekly for current version: 0.14966637200086552","logger":"cosmos.cache","filename":"cache.py","lineno":401}
{"timestamp":"2026-08-29T10:18:49.190847Z","level":"info","event":"Cosmos performance [e56005473659|667]: The cache size for cosmos_cache__verdanta_weekly__dbt_weekly is 23804","logger":"cosmos.dbt.graph","filename":"graph.py","lineno":886}
{"timestamp":"2026-08-29T10:18:49.191804Z","level":"info","event":"Cosmos performance: Cache hit for cosmos_cache__verdanta_weekly__dbt_weekly - 39a8c4b6e19a7b5e14cfea47af7dbd90,1ae01f5b93cde0ad1f6d9482f1b54abd","logger":"cosmos.dbt.graph","filename":"graph.py","lineno":898}
{"timestamp":"2026-08-29T10:18:49.191933Z","level":"info","event":"Total nodes: 27","logger":"cosmos.dbt.graph","filename":"graph.py","lineno":799}
{"timestamp":"2026-08-29T10:18:49.191994Z","level":"info","event":"Total filtered nodes: 27","logger":"cosmos.dbt.graph","filename":"graph.py","lineno":800}
{"timestamp":"2026-08-29T10:18:49.192060Z","level":"info","event":"Cosmos performance (verdanta_weekly__dbt_weekly) - [e56005473659|667]: It took 0.18s to parse the dbt project for DAG using LoadMode.DBT_LS_CACHE","logger":"cosmos.converter","filename":"converter.py","lineno":371}
{"timestamp":"2026-08-29T10:18:49.221999Z","level":"info","event":"Cosmos performance (verdanta_weekly__dbt_weekly) - [e56005473659|667]: It took 0.0299s to build the Airflow DAG.","logger":"cosmos.converter","filename":"converter.py","lineno":423}
{"timestamp":"2026-08-29T10:18:49.222158Z","level":"info","event":"::endgroup::Cosmos DAG parsing logs","logger":"cosmos.converter","filename":"converter.py","lineno":430}
{"timestamp":"2026-08-29T10:18:49.222636Z","level":"warning","event":"Using Variable.get from `airflow.models` is deprecated.Please use `get` on Variable from sdk(`airflow.sdk.Variable`) instead","category":"UserWarning","filename":"/home/airflow/.local/lib/python3.13/site-packages/airflow/models/variable.py","lineno":158,"logger":"py.warnings"}
{"timestamp":"2026-08-29T10:19:19.323606Z","level":"info","event":"Filling up the DagBag from /opt/airflow/dags/verdanta_weekly.py","logger":"airflow.dag_processing.dagbag.BundleDagBag","filename":"dagbag.py","lineno":469}
{"timestamp":"2026-08-29T10:19:19.416383Z","level":"info","event":"::group::Cosmos DAG parsing logs","logger":"cosmos.converter","filename":"converter.py","lineno":321}
{"timestamp":"2026-08-29T10:19:19.420882Z","level":"info","event":"Cosmos cache dir resolved to /tmp/cosmos/verdanta_weekly__dbt_weekly","logger":"cosmos.converter","filename":"converter.py","lineno":346}
{"timestamp":"2026-08-29T10:19:19.421192Z","level":"info","event":"Trying to parse the dbt project using dbt ls cache cosmos_cache__verdanta_weekly__dbt_weekly...","logger":"cosmos.dbt.graph","filename":"graph.py","lineno":869}
{"timestamp":"2026-08-29T10:19:19.572351Z","level":"info","event":"Cosmos performance: time to calculate cache identifier cosmos_cache__verdanta_weekly__dbt_weekly for current version: 0.13570849399911822","logger":"cosmos.cache","filename":"cache.py","lineno":401}
{"timestamp":"2026-08-29T10:19:19.572577Z","level":"info","event":"Cosmos performance [e56005473659|700]: The cache size for cosmos_cache__verdanta_weekly__dbt_weekly is 23804","logger":"cosmos.dbt.graph","filename":"graph.py","lineno":886}
{"timestamp":"2026-08-29T10:19:19.574051Z","level":"info","event":"Cosmos performance: Cache hit for cosmos_cache__verdanta_weekly__dbt_weekly - 39a8c4b6e19a7b5e14cfea47af7dbd90,1ae01f5b93cde0ad1f6d9482f1b54abd","logger":"cosmos.dbt.graph","filename":"graph.py","lineno":898}
{"timestamp":"2026-08-29T10:19:19.574185Z","level":"info","event":"Total nodes: 27","logger":"cosmos.dbt.graph","filename":"graph.py","lineno":799}
{"timestamp":"2026-08-29T10:19:19.574265Z","level":"info","event":"Total filtered nodes: 27","logger":"cosmos.dbt.graph","filename":"graph.py","lineno":800}
{"timestamp":"2026-08-29T10:19:19.574337Z","level":"info","event":"Cosmos performance (verdanta_weekly__dbt_weekly) - [e56005473659|700]: It took 0.153s to parse the dbt project for DAG using LoadMode.DBT_LS_CACHE","logger":"cosmos.converter","filename":"converter.py","lineno":371}
{"timestamp":"2026-08-29T10:19:19.598167Z","level":"info","event":"Cosmos performance (verdanta_weekly__dbt_weekly) - [e56005473659|700]: It took 0.0238s to build the Airflow DAG.","logger":"cosmos.converter","filename":"converter.py","lineno":423}
{"timestamp":"2026-08-29T10:19:19.598417Z","level":"info","event":"::endgroup::Cosmos DAG parsing logs","logger":"cosmos.converter","filename":"converter.py","lineno":430}
{"timestamp":"2026-08-29T10:19:19.599119Z","level":"warning","event":"Using Variable.get from `airflow.models` is deprecated.Please use `get` on Variable from sdk(`airflow.sdk.Variable`) instead","category":"UserWarning","filename":"/home/airflow/.local/lib/python3.13/site-packages/airflow/models/variable.py","lineno":158,"logger":"py.warnings"}
{"timestamp":"2026-08-29T10:19:50.127368Z","level":"info","event":"Filling up the DagBag from /opt/airflow/dags/verdanta_weekly.py","logger":"airflow.dag_processing.dagbag.BundleDagBag","filename":"dagbag.py","lineno":469}
{"timestamp":"2026-08-29T10:19:50.209170Z","level":"info","event":"::group::Cosmos DAG parsing logs","logger":"cosmos.converter","filename":"converter.py","lineno":321}
{"timestamp":"2026-08-29T10:19:50.212843Z","level":"info","event":"Cosmos cache dir resolved to /tmp/cosmos/verdanta_weekly__dbt_weekly","logger":"cosmos.converter","filename":"converter.py","lineno":346}
{"timestamp":"2026-08-29T10:19:50.213077Z","level":"info","event":"Trying to parse the dbt project using dbt ls cache cosmos_cache__verdanta_weekly__dbt_weekly...","logger":"cosmos.dbt.graph","filename":"graph.py","lineno":869}
{"timestamp":"2026-08-29T10:19:50.367016Z","level":"info","event":"Cosmos performance: time to calculate cache identifier cosmos_cache__verdanta_weekly__dbt_weekly for current version: 0.1365941220010427","logger":"cosmos.cache","filename":"cache.py","lineno":401}
{"timestamp":"2026-08-29T10:19:50.367264Z","level":"info","event":"Cosmos performance [e56005473659|736]: The cache size for cosmos_cache__verdanta_weekly__dbt_weekly is 23804","logger":"cosmos.dbt.graph","filename":"graph.py","lineno":886}
{"timestamp":"2026-08-29T10:19:50.368142Z","level":"info","event":"Cosmos performance: Cache hit for cosmos_cache__verdanta_weekly__dbt_weekly - 39a8c4b6e19a7b5e14cfea47af7dbd90,1ae01f5b93cde0ad1f6d9482f1b54abd","logger":"cosmos.dbt.graph","filename":"graph.py","lineno":898}
{"timestamp":"2026-08-29T10:19:50.368285Z","level":"info","event":"Total nodes: 27","logger":"cosmos.dbt.graph","filename":"graph.py","lineno":799}
{"timestamp":"2026-08-29T10:19:50.368367Z","level":"info","event":"Total filtered nodes: 27","logger":"cosmos.dbt.graph","filename":"graph.py","lineno":800}
{"timestamp":"2026-08-29T10:19:50.368448Z","level":"info","event":"Cosmos performance (verdanta_weekly__dbt_weekly) - [e56005473659|736]: It took 0.155s to parse the dbt project for DAG using LoadMode.DBT_LS_CACHE","logger":"cosmos.converter","filename":"converter.py","lineno":371}
{"timestamp":"2026-08-29T10:19:50.390829Z","level":"info","event":"Cosmos performance (verdanta_weekly__dbt_weekly) - [e56005473659|736]: It took 0.0223s to build the Airflow DAG.","logger":"cosmos.converter","filename":"converter.py","lineno":423}
{"timestamp":"2026-08-29T10:19:50.390986Z","level":"info","event":"::endgroup::Cosmos DAG parsing logs","logger":"cosmos.converter","filename":"converter.py","lineno":430}
{"timestamp":"2026-08-29T10:19:50.391472Z","level":"warning","event":"Using Variable.get from `airflow.models` is deprecated.Please use `get` on Variable from sdk(`airflow.sdk.Variable`) instead","category":"UserWarning","filename":"/home/airflow/.local/lib/python3.13/site-packages/airflow/models/variable.py","lineno":158,"logger":"py.warnings"}
{"timestamp":"2026-08-29T10:20:20.610191Z","level":"info","event":"Filling up the DagBag from /opt/airflow/dags/verdanta_weekly.py","logger":"airflow.dag_processing.dagbag.BundleDagBag","filename":"dagbag.py","lineno":469}
{"timestamp":"2026-08-29T10:20:20.693204Z","level":"info","event":"::group::Cosmos DAG parsing logs","logger":"cosmos.converter","filename":"converter.py","lineno":321}
{"timestamp":"2026-08-29T10:20:20.698175Z","level":"info","event":"Cosmos cache dir resolved to /tmp/cosmos/verdanta_weekly__dbt_weekly","logger":"cosmos.converter","filename":"converter.py","lineno":346}
{"timestamp":"2026-08-29T10:20:20.698448Z","level":"info","event":"Trying to parse the dbt project using dbt ls cache cosmos_cache__verdanta_weekly__dbt_weekly...","logger":"cosmos.dbt.graph","filename":"graph.py","lineno":869}
{"timestamp":"2026-08-29T10:20:20.844756Z","level":"info","event":"Cosmos performance: time to calculate cache identifier cosmos_cache__verdanta_weekly__dbt_weekly for current version: 0.13285063199873548","logger":"cosmos.cache","filename":"cache.py","lineno":401}
{"timestamp":"2026-08-29T10:20:20.845076Z","level":"info","event":"Cosmos performance [e56005473659|772]: The cache size for cosmos_cache__verdanta_weekly__dbt_weekly is 23804","logger":"cosmos.dbt.graph","filename":"graph.py","lineno":886}
{"timestamp":"2026-08-29T10:20:20.846109Z","level":"info","event":"Cosmos performance: Cache hit for cosmos_cache__verdanta_weekly__dbt_weekly - 39a8c4b6e19a7b5e14cfea47af7dbd90,1ae01f5b93cde0ad1f6d9482f1b54abd","logger":"cosmos.dbt.graph","filename":"graph.py","lineno":898}
{"timestamp":"2026-08-29T10:20:20.846258Z","level":"info","event":"Total nodes: 27","logger":"cosmos.dbt.graph","filename":"graph.py","lineno":799}
{"timestamp":"2026-08-29T10:20:20.846362Z","level":"info","event":"Total filtered nodes: 27","logger":"cosmos.dbt.graph","filename":"graph.py","lineno":800}
{"timestamp":"2026-08-29T10:20:20.846444Z","level":"info","event":"Cosmos performance (verdanta_weekly__dbt_weekly) - [e56005473659|772]: It took 0.148s to parse the dbt project for DAG using LoadMode.DBT_LS_CACHE","logger":"cosmos.converter","filename":"converter.py","lineno":371}
{"timestamp":"2026-08-29T10:20:20.869870Z","level":"info","event":"Cosmos performance (verdanta_weekly__dbt_weekly) - [e56005473659|772]: It took 0.0234s to build the Airflow DAG.","logger":"cosmos.converter","filename":"converter.py","lineno":423}
{"timestamp":"2026-08-29T10:20:20.870043Z","level":"info","event":"::endgroup::Cosmos DAG parsing logs","logger":"cosmos.converter","filename":"converter.py","lineno":430}
{"timestamp":"2026-08-29T10:20:20.870601Z","level":"warning","event":"Using Variable.get from `airflow.models` is deprecated.Please use `get` on Variable from sdk(`airflow.sdk.Variable`) instead","category":"UserWarning","filename":"/home/airflow/.local/lib/python3.13/site-packages/airflow/models/variable.py","lineno":158,"logger":"py.warnings"}
{"timestamp":"2026-08-29T10:20:51.008468Z","level":"info","event":"Filling up the DagBag from /opt/airflow/dags/verdanta_weekly.py","logger":"airflow.dag_processing.dagbag.BundleDagBag","filename":"dagbag.py","lineno":469}
{"timestamp":"2026-08-29T10:20:51.374578Z","level":"info","event":"::group::Cosmos DAG parsing logs","logger":"cosmos.converter","filename":"converter.py","lineno":321}
{"timestamp":"2026-08-29T10:20:51.377795Z","level":"info","event":"Cosmos cache dir resolved to /tmp/cosmos/verdanta_weekly__dbt_weekly","logger":"cosmos.converter","filename":"converter.py","lineno":346}
{"timestamp":"2026-08-29T10:20:51.378011Z","level":"info","event":"Trying to parse the dbt project using dbt ls cache cosmos_cache__verdanta_weekly__dbt_weekly...","logger":"cosmos.dbt.graph","filename":"graph.py","lineno":869}
{"timestamp":"2026-08-29T10:20:51.518424Z","level":"info","event":"Cosmos performance: time to calculate cache identifier cosmos_cache__verdanta_weekly__dbt_weekly for current version: 0.12376613000014913","logger":"cosmos.cache","filename":"cache.py","lineno":401}
{"timestamp":"2026-08-29T10:20:51.518662Z","level":"info","event":"Cosmos performance [e56005473659|808]: The cache size for cosmos_cache__verdanta_weekly__dbt_weekly is 23804","logger":"cosmos.dbt.graph","filename":"graph.py","lineno":886}
{"timestamp":"2026-08-29T10:20:51.519478Z","level":"info","event":"Cosmos performance: Cache hit for cosmos_cache__verdanta_weekly__dbt_weekly - 39a8c4b6e19a7b5e14cfea47af7dbd90,1ae01f5b93cde0ad1f6d9482f1b54abd","logger":"cosmos.dbt.graph","filename":"graph.py","lineno":898}
{"timestamp":"2026-08-29T10:20:51.519599Z","level":"info","event":"Total nodes: 27","logger":"cosmos.dbt.graph","filename":"graph.py","lineno":799}
{"timestamp":"2026-08-29T10:20:51.519658Z","level":"info","event":"Total filtered nodes: 27","logger":"cosmos.dbt.graph","filename":"graph.py","lineno":800}
{"timestamp":"2026-08-29T10:20:51.519724Z","level":"info","event":"Cosmos performance (verdanta_weekly__dbt_weekly) - [e56005473659|808]: It took 0.142s to parse the dbt project for DAG using LoadMode.DBT_LS_CACHE","logger":"cosmos.converter","filename":"converter.py","lineno":371}
{"timestamp":"2026-08-29T10:20:51.543110Z","level":"info","event":"Cosmos performance (verdanta_weekly__dbt_weekly) - [e56005473659|808]: It took 0.0233s to build the Airflow DAG.","logger":"cosmos.converter","filename":"converter.py","lineno":423}
{"timestamp":"2026-08-29T10:20:51.543282Z","level":"info","event":"::endgroup::Cosmos DAG parsing logs","logger":"cosmos.converter","filename":"converter.py","lineno":430}
{"timestamp":"2026-08-29T10:20:51.543719Z","level":"warning","event":"Using Variable.get from `airflow.models` is deprecated.Please use `get` on Variable from sdk(`airflow.sdk.Variable`) instead","category":"UserWarning","filename":"/home/airflow/.local/lib/python3.13/site-packages/airflow/models/variable.py","lineno":158,"logger":"py.warnings"}
{"timestamp":"2026-08-29T10:21:21.614688Z","level":"info","event":"Filling up the DagBag from /opt/airflow/dags/verdanta_weekly.py","logger":"airflow.dag_processing.dagbag.BundleDagBag","filename":"dagbag.py","lineno":469}
{"timestamp":"2026-08-29T10:21:21.684957Z","level":"info","event":"::group::Cosmos DAG parsing logs","logger":"cosmos.converter","filename":"converter.py","lineno":321}
{"timestamp":"2026-08-29T10:21:21.688802Z","level":"info","event":"Cosmos cache dir resolved to /tmp/cosmos/verdanta_weekly__dbt_weekly","logger":"cosmos.converter","filename":"converter.py","lineno":346}
{"timestamp":"2026-08-29T10:21:21.689072Z","level":"info","event":"Trying to parse the dbt project using dbt ls cache cosmos_cache__verdanta_weekly__dbt_weekly...","logger":"cosmos.dbt.graph","filename":"graph.py","lineno":869}
{"timestamp":"2026-08-29T10:21:21.839538Z","level":"info","event":"Cosmos performance: time to calculate cache identifier cosmos_cache__verdanta_weekly__dbt_weekly for current version: 0.13481884400061972","logger":"cosmos.cache","filename":"cache.py","lineno":401}
{"timestamp":"2026-08-29T10:21:21.839772Z","level":"info","event":"Cosmos performance [e56005473659|826]: The cache size for cosmos_cache__verdanta_weekly__dbt_weekly is 23804","logger":"cosmos.dbt.graph","filename":"graph.py","lineno":886}
{"timestamp":"2026-08-29T10:21:21.840637Z","level":"info","event":"Cosmos performance: Cache hit for cosmos_cache__verdanta_weekly__dbt_weekly - 39a8c4b6e19a7b5e14cfea47af7dbd90,1ae01f5b93cde0ad1f6d9482f1b54abd","logger":"cosmos.dbt.graph","filename":"graph.py","lineno":898}
{"timestamp":"2026-08-29T10:21:21.840760Z","level":"info","event":"Total nodes: 27","logger":"cosmos.dbt.graph","filename":"graph.py","lineno":799}
{"timestamp":"2026-08-29T10:21:21.840822Z","level":"info","event":"Total filtered nodes: 27","logger":"cosmos.dbt.graph","filename":"graph.py","lineno":800}
{"timestamp":"2026-08-29T10:21:21.840890Z","level":"info","event":"Cosmos performance (verdanta_weekly__dbt_weekly) - [e56005473659|826]: It took 0.152s to parse the dbt project for DAG using LoadMode.DBT_LS_CACHE","logger":"cosmos.converter","filename":"converter.py","lineno":371}
{"timestamp":"2026-08-29T10:21:21.863535Z","level":"info","event":"Cosmos performance (verdanta_weekly__dbt_weekly) - [e56005473659|826]: It took 0.0226s to build the Airflow DAG.","logger":"cosmos.converter","filename":"converter.py","lineno":423}
{"timestamp":"2026-08-29T10:21:21.863706Z","level":"info","event":"::endgroup::Cosmos DAG parsing logs","logger":"cosmos.converter","filename":"converter.py","lineno":430}
{"timestamp":"2026-08-29T10:21:21.864151Z","level":"warning","event":"Using Variable.get from `airflow.models` is deprecated.Please use `get` on Variable from sdk(`airflow.sdk.Variable`) instead","category":"UserWarning","filename":"/home/airflow/.local/lib/python3.13/site-packages/airflow/models/variable.py","lineno":158,"logger":"py.warnings"}
{"timestamp":"2026-08-29T10:21:51.983757Z","level":"info","event":"Filling up the DagBag from /opt/airflow/dags/verdanta_weekly.py","logger":"airflow.dag_processing.dagbag.BundleDagBag","filename":"dagbag.py","lineno":469}
{"timestamp":"2026-08-29T10:21:52.056450Z","level":"info","event":"::group::Cosmos DAG parsing logs","logger":"cosmos.converter","filename":"converter.py","lineno":321}
{"timestamp":"2026-08-29T10:21:52.059653Z","level":"info","event":"Cosmos cache dir resolved to /tmp/cosmos/verdanta_weekly__dbt_weekly","logger":"cosmos.converter","filename":"converter.py","lineno":346}
{"timestamp":"2026-08-29T10:21:52.059882Z","level":"info","event":"Trying to parse the dbt project using dbt ls cache cosmos_cache__verdanta_weekly__dbt_weekly...","logger":"cosmos.dbt.graph","filename":"graph.py","lineno":869}
{"timestamp":"2026-08-29T10:21:52.202720Z","level":"info","event":"Cosmos performance: time to calculate cache identifier cosmos_cache__verdanta_weekly__dbt_weekly for current version: 0.1268453579996276","logger":"cosmos.cache","filename":"cache.py","lineno":401}
{"timestamp":"2026-08-29T10:21:52.202997Z","level":"info","event":"Cosmos performance [e56005473659|858]: The cache size for cosmos_cache__verdanta_weekly__dbt_weekly is 23804","logger":"cosmos.dbt.graph","filename":"graph.py","lineno":886}
{"timestamp":"2026-08-29T10:21:52.203996Z","level":"info","event":"Cosmos performance: Cache hit for cosmos_cache__verdanta_weekly__dbt_weekly - 39a8c4b6e19a7b5e14cfea47af7dbd90,1ae01f5b93cde0ad1f6d9482f1b54abd","logger":"cosmos.dbt.graph","filename":"graph.py","lineno":898}
{"timestamp":"2026-08-29T10:21:52.204169Z","level":"info","event":"Total nodes: 27","logger":"cosmos.dbt.graph","filename":"graph.py","lineno":799}
{"timestamp":"2026-08-29T10:21:52.204265Z","level":"info","event":"Total filtered nodes: 27","logger":"cosmos.dbt.graph","filename":"graph.py","lineno":800}
{"timestamp":"2026-08-29T10:21:52.204350Z","level":"info","event":"Cosmos performance (verdanta_weekly__dbt_weekly) - [e56005473659|858]: It took 0.145s to parse the dbt project for DAG using LoadMode.DBT_LS_CACHE","logger":"cosmos.converter","filename":"converter.py","lineno":371}
{"timestamp":"2026-08-29T10:21:52.226256Z","level":"info","event":"Cosmos performance (verdanta_weekly__dbt_weekly) - [e56005473659|858]: It took 0.0219s to build the Airflow DAG.","logger":"cosmos.converter","filename":"converter.py","lineno":423}
{"timestamp":"2026-08-29T10:21:52.226423Z","level":"info","event":"::endgroup::Cosmos DAG parsing logs","logger":"cosmos.converter","filename":"converter.py","lineno":430}
{"timestamp":"2026-08-29T10:21:52.226929Z","level":"warning","event":"Using Variable.get from `airflow.models` is deprecated.Please use `get` on Variable from sdk(`airflow.sdk.Variable`) instead","category":"UserWarning","filename":"/home/airflow/.local/lib/python3.13/site-packages/airflow/models/variable.py","lineno":158,"logger":"py.warnings"}
{"timestamp":"2026-08-29T10:22:22.820877Z","level":"info","event":"Filling up the DagBag from /opt/airflow/dags/verdanta_weekly.py","logger":"airflow.dag_processing.dagbag.BundleDagBag","filename":"dagbag.py","lineno":469}
{"timestamp":"2026-08-29T10:22:22.891758Z","level":"info","event":"::group::Cosmos DAG parsing logs","logger":"cosmos.converter","filename":"converter.py","lineno":321}
{"timestamp":"2026-08-29T10:22:22.894917Z","level":"info","event":"Cosmos cache dir resolved to /tmp/cosmos/verdanta_weekly__dbt_weekly","logger":"cosmos.converter","filename":"converter.py","lineno":346}
{"timestamp":"2026-08-29T10:22:22.895137Z","level":"info","event":"Trying to parse the dbt project using dbt ls cache cosmos_cache__verdanta_weekly__dbt_weekly...","logger":"cosmos.dbt.graph","filename":"graph.py","lineno":869}
{"timestamp":"2026-08-29T10:22:23.042868Z","level":"info","event":"Cosmos performance: time to calculate cache identifier cosmos_cache__verdanta_weekly__dbt_weekly for current version: 0.13274100300077407","logger":"cosmos.cache","filename":"cache.py","lineno":401}
{"timestamp":"2026-08-29T10:22:23.043127Z","level":"info","event":"Cosmos performance [e56005473659|894]: The cache size for cosmos_cache__verdanta_weekly__dbt_weekly is 23804","logger":"cosmos.dbt.graph","filename":"graph.py","lineno":886}
{"timestamp":"2026-08-29T10:22:23.044056Z","level":"info","event":"Cosmos performance: Cache hit for cosmos_cache__verdanta_weekly__dbt_weekly - 39a8c4b6e19a7b5e14cfea47af7dbd90,1ae01f5b93cde0ad1f6d9482f1b54abd","logger":"cosmos.dbt.graph","filename":"graph.py","lineno":898}
{"timestamp":"2026-08-29T10:22:23.044181Z","level":"info","event":"Total nodes: 27","logger":"cosmos.dbt.graph","filename":"graph.py","lineno":799}
{"timestamp":"2026-08-29T10:22:23.044240Z","level":"info","event":"Total filtered nodes: 27","logger":"cosmos.dbt.graph","filename":"graph.py","lineno":800}
{"timestamp":"2026-08-29T10:22:23.044321Z","level":"info","event":"Cosmos performance (verdanta_weekly__dbt_weekly) - [e56005473659|894]: It took 0.149s to parse the dbt project for DAG using LoadMode.DBT_LS_CACHE","logger":"cosmos.converter","filename":"converter.py","lineno":371}
{"timestamp":"2026-08-29T10:22:23.066520Z","level":"info","event":"Cosmos performance (verdanta_weekly__dbt_weekly) - [e56005473659|894]: It took 0.0222s to build the Airflow DAG.","logger":"cosmos.converter","filename":"converter.py","lineno":423}
{"timestamp":"2026-08-29T10:22:23.066680Z","level":"info","event":"::endgroup::Cosmos DAG parsing logs","logger":"cosmos.converter","filename":"converter.py","lineno":430}
{"timestamp":"2026-08-29T10:22:23.067139Z","level":"warning","event":"Using Variable.get from `airflow.models` is deprecated.Please use `get` on Variable from sdk(`airflow.sdk.Variable`) instead","category":"UserWarning","filename":"/home/airflow/.local/lib/python3.13/site-packages/airflow/models/variable.py","lineno":158,"logger":"py.warnings"}
{"timestamp":"2026-08-29T10:22:53.842580Z","level":"info","event":"Filling up the DagBag from /opt/airflow/dags/verdanta_weekly.py","logger":"airflow.dag_processing.dagbag.BundleDagBag","filename":"dagbag.py","lineno":469}
{"timestamp":"2026-08-29T10:22:53.910942Z","level":"info","event":"::group::Cosmos DAG parsing logs","logger":"cosmos.converter","filename":"converter.py","lineno":321}
{"timestamp":"2026-08-29T10:22:53.914527Z","level":"info","event":"Cosmos cache dir resolved to /tmp/cosmos/verdanta_weekly__dbt_weekly","logger":"cosmos.converter","filename":"converter.py","lineno":346}
{"timestamp":"2026-08-29T10:22:53.914726Z","level":"info","event":"Trying to parse the dbt project using dbt ls cache cosmos_cache__verdanta_weekly__dbt_weekly...","logger":"cosmos.dbt.graph","filename":"graph.py","lineno":869}
{"timestamp":"2026-08-29T10:22:54.055104Z","level":"info","event":"Cosmos performance: time to calculate cache identifier cosmos_cache__verdanta_weekly__dbt_weekly for current version: 0.12614228399979766","logger":"cosmos.cache","filename":"cache.py","lineno":401}
{"timestamp":"2026-08-29T10:22:54.055356Z","level":"info","event":"Cosmos performance [e56005473659|930]: The cache size for cosmos_cache__verdanta_weekly__dbt_weekly is 23804","logger":"cosmos.dbt.graph","filename":"graph.py","lineno":886}
{"timestamp":"2026-08-29T10:22:54.056349Z","level":"info","event":"Cosmos performance: Cache hit for cosmos_cache__verdanta_weekly__dbt_weekly - 39a8c4b6e19a7b5e14cfea47af7dbd90,1ae01f5b93cde0ad1f6d9482f1b54abd","logger":"cosmos.dbt.graph","filename":"graph.py","lineno":898}
{"timestamp":"2026-08-29T10:22:54.056474Z","level":"info","event":"Total nodes: 27","logger":"cosmos.dbt.graph","filename":"graph.py","lineno":799}
{"timestamp":"2026-08-29T10:22:54.056534Z","level":"info","event":"Total filtered nodes: 27","logger":"cosmos.dbt.graph","filename":"graph.py","lineno":800}
{"timestamp":"2026-08-29T10:22:54.056601Z","level":"info","event":"Cosmos performance (verdanta_weekly__dbt_weekly) - [e56005473659|930]: It took 0.142s to parse the dbt project for DAG using LoadMode.DBT_LS_CACHE","logger":"cosmos.converter","filename":"converter.py","lineno":371}
{"timestamp":"2026-08-29T10:22:54.079690Z","level":"info","event":"Cosmos performance (verdanta_weekly__dbt_weekly) - [e56005473659|930]: It took 0.023s to build the Airflow DAG.","logger":"cosmos.converter","filename":"converter.py","lineno":423}
{"timestamp":"2026-08-29T10:22:54.079851Z","level":"info","event":"::endgroup::Cosmos DAG parsing logs","logger":"cosmos.converter","filename":"converter.py","lineno":430}
{"timestamp":"2026-08-29T10:22:54.080391Z","level":"warning","event":"Using Variable.get from `airflow.models` is deprecated.Please use `get` on Variable from sdk(`airflow.sdk.Variable`) instead","category":"UserWarning","filename":"/home/airflow/.local/lib/python3.13/site-packages/airflow/models/variable.py","lineno":158,"logger":"py.warnings"}
{"timestamp":"2026-08-29T10:23:24.167843Z","level":"info","event":"Filling up the DagBag from /opt/airflow/dags/verdanta_weekly.py","logger":"airflow.dag_processing.dagbag.BundleDagBag","filename":"dagbag.py","lineno":469}
{"timestamp":"2026-08-29T10:23:24.239813Z","level":"info","event":"::group::Cosmos DAG parsing logs","logger":"cosmos.converter","filename":"converter.py","lineno":321}
{"timestamp":"2026-08-29T10:23:24.243058Z","level":"info","event":"Cosmos cache dir resolved to /tmp/cosmos/verdanta_weekly__dbt_weekly","logger":"cosmos.converter","filename":"converter.py","lineno":346}
{"timestamp":"2026-08-29T10:23:24.243277Z","level":"info","event":"Trying to parse the dbt project using dbt ls cache cosmos_cache__verdanta_weekly__dbt_weekly...","logger":"cosmos.dbt.graph","filename":"graph.py","lineno":869}
{"timestamp":"2026-08-29T10:23:24.386776Z","level":"info","event":"Cosmos performance: time to calculate cache identifier cosmos_cache__verdanta_weekly__dbt_weekly for current version: 0.128532944001563","logger":"cosmos.cache","filename":"cache.py","lineno":401}
{"timestamp":"2026-08-29T10:23:24.387007Z","level":"info","event":"Cosmos performance [e56005473659|966]: The cache size for cosmos_cache__verdanta_weekly__dbt_weekly is 23804","logger":"cosmos.dbt.graph","filename":"graph.py","lineno":886}
{"timestamp":"2026-08-29T10:23:24.387858Z","level":"info","event":"Cosmos performance: Cache hit for cosmos_cache__verdanta_weekly__dbt_weekly - 39a8c4b6e19a7b5e14cfea47af7dbd90,1ae01f5b93cde0ad1f6d9482f1b54abd","logger":"cosmos.dbt.graph","filename":"graph.py","lineno":898}
{"timestamp":"2026-08-29T10:23:24.387980Z","level":"info","event":"Total nodes: 27","logger":"cosmos.dbt.graph","filename":"graph.py","lineno":799}
{"timestamp":"2026-08-29T10:23:24.388039Z","level":"info","event":"Total filtered nodes: 27","logger":"cosmos.dbt.graph","filename":"graph.py","lineno":800}
{"timestamp":"2026-08-29T10:23:24.388103Z","level":"info","event":"Cosmos performance (verdanta_weekly__dbt_weekly) - [e56005473659|966]: It took 0.145s to parse the dbt project for DAG using LoadMode.DBT_LS_CACHE","logger":"cosmos.converter","filename":"converter.py","lineno":371}
{"timestamp":"2026-08-29T10:23:24.410250Z","level":"info","event":"Cosmos performance (verdanta_weekly__dbt_weekly) - [e56005473659|966]: It took 0.0221s to build the Airflow DAG.","logger":"cosmos.converter","filename":"converter.py","lineno":423}
{"timestamp":"2026-08-29T10:23:24.410410Z","level":"info","event":"::endgroup::Cosmos DAG parsing logs","logger":"cosmos.converter","filename":"converter.py","lineno":430}
{"timestamp":"2026-08-29T10:23:24.410820Z","level":"warning","event":"Using Variable.get from `airflow.models` is deprecated.Please use `get` on Variable from sdk(`airflow.sdk.Variable`) instead","category":"UserWarning","filename":"/home/airflow/.local/lib/python3.13/site-packages/airflow/models/variable.py","lineno":158,"logger":"py.warnings"}
{"timestamp":"2026-08-29T10:23:54.792945Z","level":"info","event":"Filling up the DagBag from /opt/airflow/dags/verdanta_weekly.py","logger":"airflow.dag_processing.dagbag.BundleDagBag","filename":"dagbag.py","lineno":469}
{"timestamp":"2026-08-29T10:23:54.860067Z","level":"info","event":"::group::Cosmos DAG parsing logs","logger":"cosmos.converter","filename":"converter.py","lineno":321}
{"timestamp":"2026-08-29T10:23:54.863911Z","level":"info","event":"Cosmos cache dir resolved to /tmp/cosmos/verdanta_weekly__dbt_weekly","logger":"cosmos.converter","filename":"converter.py","lineno":346}
{"timestamp":"2026-08-29T10:23:54.864136Z","level":"info","event":"Trying to parse the dbt project using dbt ls cache cosmos_cache__verdanta_weekly__dbt_weekly...","logger":"cosmos.dbt.graph","filename":"graph.py","lineno":869}
{"timestamp":"2026-08-29T10:23:55.019018Z","level":"info","event":"Cosmos performance: time to calculate cache identifier cosmos_cache__verdanta_weekly__dbt_weekly for current version: 0.1380841039990628","logger":"cosmos.cache","filename":"cache.py","lineno":401}
{"timestamp":"2026-08-29T10:23:55.019289Z","level":"info","event":"Cosmos performance [e56005473659|1001]: The cache size for cosmos_cache__verdanta_weekly__dbt_weekly is 23804","logger":"cosmos.dbt.graph","filename":"graph.py","lineno":886}
{"timestamp":"2026-08-29T10:23:55.020367Z","level":"info","event":"Cosmos performance: Cache hit for cosmos_cache__verdanta_weekly__dbt_weekly - 39a8c4b6e19a7b5e14cfea47af7dbd90,1ae01f5b93cde0ad1f6d9482f1b54abd","logger":"cosmos.dbt.graph","filename":"graph.py","lineno":898}
{"timestamp":"2026-08-29T10:23:55.020503Z","level":"info","event":"Total nodes: 27","logger":"cosmos.dbt.graph","filename":"graph.py","lineno":799}
{"timestamp":"2026-08-29T10:23:55.020597Z","level":"info","event":"Total filtered nodes: 27","logger":"cosmos.dbt.graph","filename":"graph.py","lineno":800}
{"timestamp":"2026-08-29T10:23:55.020693Z","level":"info","event":"Cosmos performance (verdanta_weekly__dbt_weekly) - [e56005473659|1001]: It took 0.157s to parse the dbt project for DAG using LoadMode.DBT_LS_CACHE","logger":"cosmos.converter","filename":"converter.py","lineno":371}
{"timestamp":"2026-08-29T10:23:55.049936Z","level":"info","event":"Cosmos performance (verdanta_weekly__dbt_weekly) - [e56005473659|1001]: It took 0.0292s to build the Airflow DAG.","logger":"cosmos.converter","filename":"converter.py","lineno":423}
{"timestamp":"2026-08-29T10:23:55.050115Z","level":"info","event":"::endgroup::Cosmos DAG parsing logs","logger":"cosmos.converter","filename":"converter.py","lineno":430}
{"timestamp":"2026-08-29T10:23:55.050666Z","level":"warning","event":"Using Variable.get from `airflow.models` is deprecated.Please use `get` on Variable from sdk(`airflow.sdk.Variable`) instead","category":"UserWarning","filename":"/home/airflow/.local/lib/python3.13/site-packages/airflow/models/variable.py","lineno":158,"logger":"py.warnings"}
{"timestamp":"2026-08-29T10:24:25.244688Z","level":"info","event":"Filling up the DagBag from /opt/airflow/dags/verdanta_weekly.py","logger":"airflow.dag_processing.dagbag.BundleDagBag","filename":"dagbag.py","lineno":469}
{"timestamp":"2026-08-29T10:24:25.326040Z","level":"info","event":"::group::Cosmos DAG parsing logs","logger":"cosmos.converter","filename":"converter.py","lineno":321}
{"timestamp":"2026-08-29T10:24:25.330706Z","level":"info","event":"Cosmos cache dir resolved to /tmp/cosmos/verdanta_weekly__dbt_weekly","logger":"cosmos.converter","filename":"converter.py","lineno":346}
{"timestamp":"2026-08-29T10:24:25.330974Z","level":"info","event":"Trying to parse the dbt project using dbt ls cache cosmos_cache__verdanta_weekly__dbt_weekly...","logger":"cosmos.dbt.graph","filename":"graph.py","lineno":869}
{"timestamp":"2026-08-29T10:24:25.484149Z","level":"info","event":"Cosmos performance: time to calculate cache identifier cosmos_cache__verdanta_weekly__dbt_weekly for current version: 0.13687202499932027","logger":"cosmos.cache","filename":"cache.py","lineno":401}
{"timestamp":"2026-08-29T10:24:25.484375Z","level":"info","event":"Cosmos performance [e56005473659|1015]: The cache size for cosmos_cache__verdanta_weekly__dbt_weekly is 23804","logger":"cosmos.dbt.graph","filename":"graph.py","lineno":886}
{"timestamp":"2026-08-29T10:24:25.485861Z","level":"info","event":"Cosmos performance: Cache hit for cosmos_cache__verdanta_weekly__dbt_weekly - 39a8c4b6e19a7b5e14cfea47af7dbd90,1ae01f5b93cde0ad1f6d9482f1b54abd","logger":"cosmos.dbt.graph","filename":"graph.py","lineno":898}
{"timestamp":"2026-08-29T10:24:25.485999Z","level":"info","event":"Total nodes: 27","logger":"cosmos.dbt.graph","filename":"graph.py","lineno":799}
{"timestamp":"2026-08-29T10:24:25.486064Z","level":"info","event":"Total filtered nodes: 27","logger":"cosmos.dbt.graph","filename":"graph.py","lineno":800}
{"timestamp":"2026-08-29T10:24:25.486131Z","level":"info","event":"Cosmos performance (verdanta_weekly__dbt_weekly) - [e56005473659|1015]: It took 0.155s to parse the dbt project for DAG using LoadMode.DBT_LS_CACHE","logger":"cosmos.converter","filename":"converter.py","lineno":371}
{"timestamp":"2026-08-29T10:24:25.509659Z","level":"info","event":"Cosmos performance (verdanta_weekly__dbt_weekly) - [e56005473659|1015]: It took 0.0235s to build the Airflow DAG.","logger":"cosmos.converter","filename":"converter.py","lineno":423}
{"timestamp":"2026-08-29T10:24:25.509873Z","level":"info","event":"::endgroup::Cosmos DAG parsing logs","logger":"cosmos.converter","filename":"converter.py","lineno":430}
{"timestamp":"2026-08-29T10:24:25.510518Z","level":"warning","event":"Using Variable.get from `airflow.models` is deprecated.Please use `get` on Variable from sdk(`airflow.sdk.Variable`) instead","category":"UserWarning","filename":"/home/airflow/.local/lib/python3.13/site-packages/airflow/models/variable.py","lineno":158,"logger":"py.warnings"}
{"timestamp":"2026-08-29T10:24:56.046327Z","level":"info","event":"Filling up the DagBag from /opt/airflow/dags/verdanta_weekly.py","logger":"airflow.dag_processing.dagbag.BundleDagBag","filename":"dagbag.py","lineno":469}
{"timestamp":"2026-08-29T10:24:56.116477Z","level":"info","event":"::group::Cosmos DAG parsing logs","logger":"cosmos.converter","filename":"converter.py","lineno":321}
{"timestamp":"2026-08-29T10:24:56.119787Z","level":"info","event":"Cosmos cache dir resolved to /tmp/cosmos/verdanta_weekly__dbt_weekly","logger":"cosmos.converter","filename":"converter.py","lineno":346}
{"timestamp":"2026-08-29T10:24:56.120015Z","level":"info","event":"Trying to parse the dbt project using dbt ls cache cosmos_cache__verdanta_weekly__dbt_weekly...","logger":"cosmos.dbt.graph","filename":"graph.py","lineno":869}
{"timestamp":"2026-08-29T10:24:56.259251Z","level":"info","event":"Cosmos performance: time to calculate cache identifier cosmos_cache__verdanta_weekly__dbt_weekly for current version: 0.12425946099938301","logger":"cosmos.cache","filename":"cache.py","lineno":401}
{"timestamp":"2026-08-29T10:24:56.259508Z","level":"info","event":"Cosmos performance [e56005473659|1044]: The cache size for cosmos_cache__verdanta_weekly__dbt_weekly is 23804","logger":"cosmos.dbt.graph","filename":"graph.py","lineno":886}
{"timestamp":"2026-08-29T10:24:56.260414Z","level":"info","event":"Cosmos performance: Cache hit for cosmos_cache__verdanta_weekly__dbt_weekly - 39a8c4b6e19a7b5e14cfea47af7dbd90,1ae01f5b93cde0ad1f6d9482f1b54abd","logger":"cosmos.dbt.graph","filename":"graph.py","lineno":898}
{"timestamp":"2026-08-29T10:24:56.260545Z","level":"info","event":"Total nodes: 27","logger":"cosmos.dbt.graph","filename":"graph.py","lineno":799}
{"timestamp":"2026-08-29T10:24:56.260606Z","level":"info","event":"Total filtered nodes: 27","logger":"cosmos.dbt.graph","filename":"graph.py","lineno":800}
{"timestamp":"2026-08-29T10:24:56.260674Z","level":"info","event":"Cosmos performance (verdanta_weekly__dbt_weekly) - [e56005473659|1044]: It took 0.141s to parse the dbt project for DAG using LoadMode.DBT_LS_CACHE","logger":"cosmos.converter","filename":"converter.py","lineno":371}
{"timestamp":"2026-08-29T10:24:56.283104Z","level":"info","event":"Cosmos performance (verdanta_weekly__dbt_weekly) - [e56005473659|1044]: It took 0.0224s to build the Airflow DAG.","logger":"cosmos.converter","filename":"converter.py","lineno":423}
{"timestamp":"2026-08-29T10:24:56.283294Z","level":"info","event":"::endgroup::Cosmos DAG parsing logs","logger":"cosmos.converter","filename":"converter.py","lineno":430}
{"timestamp":"2026-08-29T10:24:56.284144Z","level":"warning","event":"Using Variable.get from `airflow.models` is deprecated.Please use `get` on Variable from sdk(`airflow.sdk.Variable`) instead","category":"UserWarning","filename":"/home/airflow/.local/lib/python3.13/site-packages/airflow/models/variable.py","lineno":158,"logger":"py.warnings"}
{"timestamp":"2026-08-29T10:25:27.086246Z","level":"info","event":"Filling up the DagBag from /opt/airflow/dags/verdanta_weekly.py","logger":"airflow.dag_processing.dagbag.BundleDagBag","filename":"dagbag.py","lineno":469}
{"timestamp":"2026-08-29T10:25:27.165129Z","level":"info","event":"::group::Cosmos DAG parsing logs","logger":"cosmos.converter","filename":"converter.py","lineno":321}
{"timestamp":"2026-08-29T10:25:27.169294Z","level":"info","event":"Cosmos cache dir resolved to /tmp/cosmos/verdanta_weekly__dbt_weekly","logger":"cosmos.converter","filename":"converter.py","lineno":346}
{"timestamp":"2026-08-29T10:25:27.169540Z","level":"info","event":"Trying to parse the dbt project using dbt ls cache cosmos_cache__verdanta_weekly__dbt_weekly...","logger":"cosmos.dbt.graph","filename":"graph.py","lineno":869}
{"timestamp":"2026-08-29T10:25:27.325619Z","level":"info","event":"Cosmos performance: time to calculate cache identifier cosmos_cache__verdanta_weekly__dbt_weekly for current version: 0.13924411600055464","logger":"cosmos.cache","filename":"cache.py","lineno":401}
{"timestamp":"2026-08-29T10:25:27.325919Z","level":"info","event":"Cosmos performance [e56005473659|1080]: The cache size for cosmos_cache__verdanta_weekly__dbt_weekly is 23804","logger":"cosmos.dbt.graph","filename":"graph.py","lineno":886}
{"timestamp":"2026-08-29T10:25:27.326871Z","level":"info","event":"Cosmos performance: Cache hit for cosmos_cache__verdanta_weekly__dbt_weekly - 39a8c4b6e19a7b5e14cfea47af7dbd90,1ae01f5b93cde0ad1f6d9482f1b54abd","logger":"cosmos.dbt.graph","filename":"graph.py","lineno":898}
{"timestamp":"2026-08-29T10:25:27.327015Z","level":"info","event":"Total nodes: 27","logger":"cosmos.dbt.graph","filename":"graph.py","lineno":799}
{"timestamp":"2026-08-29T10:25:27.327084Z","level":"info","event":"Total filtered nodes: 27","logger":"cosmos.dbt.graph","filename":"graph.py","lineno":800}
{"timestamp":"2026-08-29T10:25:27.327153Z","level":"info","event":"Cosmos performance (verdanta_weekly__dbt_weekly) - [e56005473659|1080]: It took 0.158s to parse the dbt project for DAG using LoadMode.DBT_LS_CACHE","logger":"cosmos.converter","filename":"converter.py","lineno":371}
{"timestamp":"2026-08-29T10:25:27.351586Z","level":"info","event":"Cosmos performance (verdanta_weekly__dbt_weekly) - [e56005473659|1080]: It took 0.0244s to build the Airflow DAG.","logger":"cosmos.converter","filename":"converter.py","lineno":423}
{"timestamp":"2026-08-29T10:25:27.351765Z","level":"info","event":"::endgroup::Cosmos DAG parsing logs","logger":"cosmos.converter","filename":"converter.py","lineno":430}
{"timestamp":"2026-08-29T10:25:27.352492Z","level":"warning","event":"Using Variable.get from `airflow.models` is deprecated.Please use `get` on Variable from sdk(`airflow.sdk.Variable`) instead","category":"UserWarning","filename":"/home/airflow/.local/lib/python3.13/site-packages/airflow/models/variable.py","lineno":158,"logger":"py.warnings"}
{"timestamp":"2026-08-29T10:25:57.507446Z","level":"info","event":"Filling up the DagBag from /opt/airflow/dags/verdanta_weekly.py","logger":"airflow.dag_processing.dagbag.BundleDagBag","filename":"dagbag.py","lineno":469}
{"timestamp":"2026-08-29T10:25:57.576561Z","level":"info","event":"::group::Cosmos DAG parsing logs","logger":"cosmos.converter","filename":"converter.py","lineno":321}
{"timestamp":"2026-08-29T10:25:57.580737Z","level":"info","event":"Cosmos cache dir resolved to /tmp/cosmos/verdanta_weekly__dbt_weekly","logger":"cosmos.converter","filename":"converter.py","lineno":346}
{"timestamp":"2026-08-29T10:25:57.580950Z","level":"info","event":"Trying to parse the dbt project using dbt ls cache cosmos_cache__verdanta_weekly__dbt_weekly...","logger":"cosmos.dbt.graph","filename":"graph.py","lineno":869}
{"timestamp":"2026-08-29T10:25:57.726245Z","level":"info","event":"Cosmos performance: time to calculate cache identifier cosmos_cache__verdanta_weekly__dbt_weekly for current version: 0.12999685099930502","logger":"cosmos.cache","filename":"cache.py","lineno":401}
{"timestamp":"2026-08-29T10:25:57.726477Z","level":"info","event":"Cosmos performance [e56005473659|1116]: The cache size for cosmos_cache__verdanta_weekly__dbt_weekly is 23804","logger":"cosmos.dbt.graph","filename":"graph.py","lineno":886}
{"timestamp":"2026-08-29T10:25:57.727421Z","level":"info","event":"Cosmos performance: Cache hit for cosmos_cache__verdanta_weekly__dbt_weekly - 39a8c4b6e19a7b5e14cfea47af7dbd90,1ae01f5b93cde0ad1f6d9482f1b54abd","logger":"cosmos.dbt.graph","filename":"graph.py","lineno":898}
{"timestamp":"2026-08-29T10:25:57.727550Z","level":"info","event":"Total nodes: 27","logger":"cosmos.dbt.graph","filename":"graph.py","lineno":799}
{"timestamp":"2026-08-29T10:25:57.727612Z","level":"info","event":"Total filtered nodes: 27","logger":"cosmos.dbt.graph","filename":"graph.py","lineno":800}
{"timestamp":"2026-08-29T10:25:57.727677Z","level":"info","event":"Cosmos performance (verdanta_weekly__dbt_weekly) - [e56005473659|1116]: It took 0.147s to parse the dbt project for DAG using LoadMode.DBT_LS_CACHE","logger":"cosmos.converter","filename":"converter.py","lineno":371}
{"timestamp":"2026-08-29T10:25:57.749655Z","level":"info","event":"Cosmos performance (verdanta_weekly__dbt_weekly) - [e56005473659|1116]: It took 0.0219s to build the Airflow DAG.","logger":"cosmos.converter","filename":"converter.py","lineno":423}
{"timestamp":"2026-08-29T10:25:57.749882Z","level":"info","event":"::endgroup::Cosmos DAG parsing logs","logger":"cosmos.converter","filename":"converter.py","lineno":430}
{"timestamp":"2026-08-29T10:25:57.750552Z","level":"warning","event":"Using Variable.get from `airflow.models` is deprecated.Please use `get` on Variable from sdk(`airflow.sdk.Variable`) instead","category":"UserWarning","filename":"/home/airflow/.local/lib/python3.13/site-packages/airflow/models/variable.py","lineno":158,"logger":"py.warnings"}
{"timestamp":"2026-08-29T10:26:27.835898Z","level":"info","event":"Filling up the DagBag from /opt/airflow/dags/verdanta_weekly.py","logger":"airflow.dag_processing.dagbag.BundleDagBag","filename":"dagbag.py","lineno":469}
{"timestamp":"2026-08-29T10:26:27.904911Z","level":"info","event":"::group::Cosmos DAG parsing logs","logger":"cosmos.converter","filename":"converter.py","lineno":321}
{"timestamp":"2026-08-29T10:26:27.908823Z","level":"info","event":"Cosmos cache dir resolved to /tmp/cosmos/verdanta_weekly__dbt_weekly","logger":"cosmos.converter","filename":"converter.py","lineno":346}
{"timestamp":"2026-08-29T10:26:27.909017Z","level":"info","event":"Trying to parse the dbt project using dbt ls cache cosmos_cache__verdanta_weekly__dbt_weekly...","logger":"cosmos.dbt.graph","filename":"graph.py","lineno":869}
{"timestamp":"2026-08-29T10:26:28.058973Z","level":"info","event":"Cosmos performance: time to calculate cache identifier cosmos_cache__verdanta_weekly__dbt_weekly for current version: 0.12474747899977956","logger":"cosmos.cache","filename":"cache.py","lineno":401}
{"timestamp":"2026-08-29T10:26:28.059222Z","level":"info","event":"Cosmos performance [e56005473659|1152]: The cache size for cosmos_cache__verdanta_weekly__dbt_weekly is 23804","logger":"cosmos.dbt.graph","filename":"graph.py","lineno":886}
{"timestamp":"2026-08-29T10:26:28.060073Z","level":"info","event":"Cosmos performance: Cache hit for cosmos_cache__verdanta_weekly__dbt_weekly - 39a8c4b6e19a7b5e14cfea47af7dbd90,1ae01f5b93cde0ad1f6d9482f1b54abd","logger":"cosmos.dbt.graph","filename":"graph.py","lineno":898}
{"timestamp":"2026-08-29T10:26:28.060196Z","level":"info","event":"Total nodes: 27","logger":"cosmos.dbt.graph","filename":"graph.py","lineno":799}
{"timestamp":"2026-08-29T10:26:28.060255Z","level":"info","event":"Total filtered nodes: 27","logger":"cosmos.dbt.graph","filename":"graph.py","lineno":800}
{"timestamp":"2026-08-29T10:26:28.060408Z","level":"info","event":"Cosmos performance (verdanta_weekly__dbt_weekly) - [e56005473659|1152]: It took 0.151s to parse the dbt project for DAG using LoadMode.DBT_LS_CACHE","logger":"cosmos.converter","filename":"converter.py","lineno":371}
{"timestamp":"2026-08-29T10:26:28.082025Z","level":"info","event":"Cosmos performance (verdanta_weekly__dbt_weekly) - [e56005473659|1152]: It took 0.0216s to build the Airflow DAG.","logger":"cosmos.converter","filename":"converter.py","lineno":423}
{"timestamp":"2026-08-29T10:26:28.082182Z","level":"info","event":"::endgroup::Cosmos DAG parsing logs","logger":"cosmos.converter","filename":"converter.py","lineno":430}
{"timestamp":"2026-08-29T10:26:28.082681Z","level":"warning","event":"Using Variable.get from `airflow.models` is deprecated.Please use `get` on Variable from sdk(`airflow.sdk.Variable`) instead","category":"UserWarning","filename":"/home/airflow/.local/lib/python3.13/site-packages/airflow/models/variable.py","lineno":158,"logger":"py.warnings"}
{"timestamp":"2026-08-29T10:26:58.655143Z","level":"info","event":"Filling up the DagBag from /opt/airflow/dags/verdanta_weekly.py","logger":"airflow.dag_processing.dagbag.BundleDagBag","filename":"dagbag.py","lineno":469}
{"timestamp":"2026-08-29T10:26:58.729782Z","level":"info","event":"::group::Cosmos DAG parsing logs","logger":"cosmos.converter","filename":"converter.py","lineno":321}
{"timestamp":"2026-08-29T10:26:58.733621Z","level":"info","event":"Cosmos cache dir resolved to /tmp/cosmos/verdanta_weekly__dbt_weekly","logger":"cosmos.converter","filename":"converter.py","lineno":346}
{"timestamp":"2026-08-29T10:26:58.733944Z","level":"info","event":"Trying to parse the dbt project using dbt ls cache cosmos_cache__verdanta_weekly__dbt_weekly...","logger":"cosmos.dbt.graph","filename":"graph.py","lineno":869}
{"timestamp":"2026-08-29T10:26:58.877040Z","level":"info","event":"Cosmos performance: time to calculate cache identifier cosmos_cache__verdanta_weekly__dbt_weekly for current version: 0.12883692899958987","logger":"cosmos.cache","filename":"cache.py","lineno":401}
{"timestamp":"2026-08-29T10:26:58.877382Z","level":"info","event":"Cosmos performance [e56005473659|1169]: The cache size for cosmos_cache__verdanta_weekly__dbt_weekly is 23804","logger":"cosmos.dbt.graph","filename":"graph.py","lineno":886}
{"timestamp":"2026-08-29T10:26:58.878411Z","level":"info","event":"Cosmos performance: Cache hit for cosmos_cache__verdanta_weekly__dbt_weekly - 39a8c4b6e19a7b5e14cfea47af7dbd90,1ae01f5b93cde0ad1f6d9482f1b54abd","logger":"cosmos.dbt.graph","filename":"graph.py","lineno":898}
{"timestamp":"2026-08-29T10:26:58.878525Z","level":"info","event":"Total nodes: 27","logger":"cosmos.dbt.graph","filename":"graph.py","lineno":799}
{"timestamp":"2026-08-29T10:26:58.878641Z","level":"info","event":"Total filtered nodes: 27","logger":"cosmos.dbt.graph","filename":"graph.py","lineno":800}
{"timestamp":"2026-08-29T10:26:58.878763Z","level":"info","event":"Cosmos performance (verdanta_weekly__dbt_weekly) - [e56005473659|1169]: It took 0.145s to parse the dbt project for DAG using LoadMode.DBT_LS_CACHE","logger":"cosmos.converter","filename":"converter.py","lineno":371}
{"timestamp":"2026-08-29T10:26:58.903119Z","level":"info","event":"Cosmos performance (verdanta_weekly__dbt_weekly) - [e56005473659|1169]: It took 0.0243s to build the Airflow DAG.","logger":"cosmos.converter","filename":"converter.py","lineno":423}
{"timestamp":"2026-08-29T10:26:58.903282Z","level":"info","event":"::endgroup::Cosmos DAG parsing logs","logger":"cosmos.converter","filename":"converter.py","lineno":430}
{"timestamp":"2026-08-29T10:26:58.903714Z","level":"warning","event":"Using Variable.get from `airflow.models` is deprecated.Please use `get` on Variable from sdk(`airflow.sdk.Variable`) instead","category":"UserWarning","filename":"/home/airflow/.local/lib/python3.13/site-packages/airflow/models/variable.py","lineno":158,"logger":"py.warnings"}
{"timestamp":"2026-08-29T10:27:28.992478Z","level":"info","event":"Filling up the DagBag from /opt/airflow/dags/verdanta_weekly.py","logger":"airflow.dag_processing.dagbag.BundleDagBag","filename":"dagbag.py","lineno":469}
{"timestamp":"2026-08-29T10:27:29.060995Z","level":"info","event":"::group::Cosmos DAG parsing logs","logger":"cosmos.converter","filename":"converter.py","lineno":321}
{"timestamp":"2026-08-29T10:27:29.064312Z","level":"info","event":"Cosmos cache dir resolved to /tmp/cosmos/verdanta_weekly__dbt_weekly","logger":"cosmos.converter","filename":"converter.py","lineno":346}
{"timestamp":"2026-08-29T10:27:29.064532Z","level":"info","event":"Trying to parse the dbt project using dbt ls cache cosmos_cache__verdanta_weekly__dbt_weekly...","logger":"cosmos.dbt.graph","filename":"graph.py","lineno":869}
{"timestamp":"2026-08-29T10:27:29.201549Z","level":"info","event":"Cosmos performance: time to calculate cache identifier cosmos_cache__verdanta_weekly__dbt_weekly for current version: 0.12228112299999339","logger":"cosmos.cache","filename":"cache.py","lineno":401}
{"timestamp":"2026-08-29T10:27:29.201797Z","level":"info","event":"Cosmos performance [e56005473659|1202]: The cache size for cosmos_cache__verdanta_weekly__dbt_weekly is 23804","logger":"cosmos.dbt.graph","filename":"graph.py","lineno":886}
{"timestamp":"2026-08-29T10:27:29.202663Z","level":"info","event":"Cosmos performance: Cache hit for cosmos_cache__verdanta_weekly__dbt_weekly - 39a8c4b6e19a7b5e14cfea47af7dbd90,1ae01f5b93cde0ad1f6d9482f1b54abd","logger":"cosmos.dbt.graph","filename":"graph.py","lineno":898}
{"timestamp":"2026-08-29T10:27:29.202783Z","level":"info","event":"Total nodes: 27","logger":"cosmos.dbt.graph","filename":"graph.py","lineno":799}
{"timestamp":"2026-08-29T10:27:29.202903Z","level":"info","event":"Total filtered nodes: 27","logger":"cosmos.dbt.graph","filename":"graph.py","lineno":800}
{"timestamp":"2026-08-29T10:27:29.202976Z","level":"info","event":"Cosmos performance (verdanta_weekly__dbt_weekly) - [e56005473659|1202]: It took 0.139s to parse the dbt project for DAG using LoadMode.DBT_LS_CACHE","logger":"cosmos.converter","filename":"converter.py","lineno":371}
{"timestamp":"2026-08-29T10:27:29.224919Z","level":"info","event":"Cosmos performance (verdanta_weekly__dbt_weekly) - [e56005473659|1202]: It took 0.0219s to build the Airflow DAG.","logger":"cosmos.converter","filename":"converter.py","lineno":423}
{"timestamp":"2026-08-29T10:27:29.225069Z","level":"info","event":"::endgroup::Cosmos DAG parsing logs","logger":"cosmos.converter","filename":"converter.py","lineno":430}
{"timestamp":"2026-08-29T10:27:29.225469Z","level":"warning","event":"Using Variable.get from `airflow.models` is deprecated.Please use `get` on Variable from sdk(`airflow.sdk.Variable`) instead","category":"UserWarning","filename":"/home/airflow/.local/lib/python3.13/site-packages/airflow/models/variable.py","lineno":158,"logger":"py.warnings"}
{"timestamp":"2026-08-29T10:27:59.748866Z","level":"info","event":"Filling up the DagBag from /opt/airflow/dags/verdanta_weekly.py","logger":"airflow.dag_processing.dagbag.BundleDagBag","filename":"dagbag.py","lineno":469}
{"timestamp":"2026-08-29T10:27:59.814245Z","level":"info","event":"::group::Cosmos DAG parsing logs","logger":"cosmos.converter","filename":"converter.py","lineno":321}
{"timestamp":"2026-08-29T10:27:59.817657Z","level":"info","event":"Cosmos cache dir resolved to /tmp/cosmos/verdanta_weekly__dbt_weekly","logger":"cosmos.converter","filename":"converter.py","lineno":346}
{"timestamp":"2026-08-29T10:27:59.817864Z","level":"info","event":"Trying to parse the dbt project using dbt ls cache cosmos_cache__verdanta_weekly__dbt_weekly...","logger":"cosmos.dbt.graph","filename":"graph.py","lineno":869}
{"timestamp":"2026-08-29T10:27:59.959643Z","level":"info","event":"Cosmos performance: time to calculate cache identifier cosmos_cache__verdanta_weekly__dbt_weekly for current version: 0.12679931399907218","logger":"cosmos.cache","filename":"cache.py","lineno":401}
{"timestamp":"2026-08-29T10:27:59.959870Z","level":"info","event":"Cosmos performance [e56005473659|1238]: The cache size for cosmos_cache__verdanta_weekly__dbt_weekly is 23804","logger":"cosmos.dbt.graph","filename":"graph.py","lineno":886}
{"timestamp":"2026-08-29T10:27:59.960814Z","level":"info","event":"Cosmos performance: Cache hit for cosmos_cache__verdanta_weekly__dbt_weekly - 39a8c4b6e19a7b5e14cfea47af7dbd90,1ae01f5b93cde0ad1f6d9482f1b54abd","logger":"cosmos.dbt.graph","filename":"graph.py","lineno":898}
{"timestamp":"2026-08-29T10:27:59.960942Z","level":"info","event":"Total nodes: 27","logger":"cosmos.dbt.graph","filename":"graph.py","lineno":799}
{"timestamp":"2026-08-29T10:27:59.961023Z","level":"info","event":"Total filtered nodes: 27","logger":"cosmos.dbt.graph","filename":"graph.py","lineno":800}
{"timestamp":"2026-08-29T10:27:59.961104Z","level":"info","event":"Cosmos performance (verdanta_weekly__dbt_weekly) - [e56005473659|1238]: It took 0.143s to parse the dbt project for DAG using LoadMode.DBT_LS_CACHE","logger":"cosmos.converter","filename":"converter.py","lineno":371}
{"timestamp":"2026-08-29T10:27:59.984824Z","level":"info","event":"Cosmos performance (verdanta_weekly__dbt_weekly) - [e56005473659|1238]: It took 0.0237s to build the Airflow DAG.","logger":"cosmos.converter","filename":"converter.py","lineno":423}
{"timestamp":"2026-08-29T10:27:59.985081Z","level":"info","event":"::endgroup::Cosmos DAG parsing logs","logger":"cosmos.converter","filename":"converter.py","lineno":430}
{"timestamp":"2026-08-29T10:27:59.985662Z","level":"warning","event":"Using Variable.get from `airflow.models` is deprecated.Please use `get` on Variable from sdk(`airflow.sdk.Variable`) instead","category":"UserWarning","filename":"/home/airflow/.local/lib/python3.13/site-packages/airflow/models/variable.py","lineno":158,"logger":"py.warnings"}
{"timestamp":"2026-08-29T10:28:30.195092Z","level":"info","event":"Filling up the DagBag from /opt/airflow/dags/verdanta_weekly.py","logger":"airflow.dag_processing.dagbag.BundleDagBag","filename":"dagbag.py","lineno":469}
{"timestamp":"2026-08-29T10:28:30.267158Z","level":"info","event":"::group::Cosmos DAG parsing logs","logger":"cosmos.converter","filename":"converter.py","lineno":321}
{"timestamp":"2026-08-29T10:28:30.270557Z","level":"info","event":"Cosmos cache dir resolved to /tmp/cosmos/verdanta_weekly__dbt_weekly","logger":"cosmos.converter","filename":"converter.py","lineno":346}
{"timestamp":"2026-08-29T10:28:30.270755Z","level":"info","event":"Trying to parse the dbt project using dbt ls cache cosmos_cache__verdanta_weekly__dbt_weekly...","logger":"cosmos.dbt.graph","filename":"graph.py","lineno":869}
{"timestamp":"2026-08-29T10:28:30.407904Z","level":"info","event":"Cosmos performance: time to calculate cache identifier cosmos_cache__verdanta_weekly__dbt_weekly for current version: 0.12188489499931165","logger":"cosmos.cache","filename":"cache.py","lineno":401}
{"timestamp":"2026-08-29T10:28:30.408147Z","level":"info","event":"Cosmos performance [e56005473659|1274]: The cache size for cosmos_cache__verdanta_weekly__dbt_weekly is 23804","logger":"cosmos.dbt.graph","filename":"graph.py","lineno":886}
{"timestamp":"2026-08-29T10:28:30.409031Z","level":"info","event":"Cosmos performance: Cache hit for cosmos_cache__verdanta_weekly__dbt_weekly - 39a8c4b6e19a7b5e14cfea47af7dbd90,1ae01f5b93cde0ad1f6d9482f1b54abd","logger":"cosmos.dbt.graph","filename":"graph.py","lineno":898}
{"timestamp":"2026-08-29T10:28:30.409161Z","level":"info","event":"Total nodes: 27","logger":"cosmos.dbt.graph","filename":"graph.py","lineno":799}
{"timestamp":"2026-08-29T10:28:30.409225Z","level":"info","event":"Total filtered nodes: 27","logger":"cosmos.dbt.graph","filename":"graph.py","lineno":800}
{"timestamp":"2026-08-29T10:28:30.409293Z","level":"info","event":"Cosmos performance (verdanta_weekly__dbt_weekly) - [e56005473659|1274]: It took 0.139s to parse the dbt project for DAG using LoadMode.DBT_LS_CACHE","logger":"cosmos.converter","filename":"converter.py","lineno":371}
{"timestamp":"2026-08-29T10:28:30.432221Z","level":"info","event":"Cosmos performance (verdanta_weekly__dbt_weekly) - [e56005473659|1274]: It took 0.0229s to build the Airflow DAG.","logger":"cosmos.converter","filename":"converter.py","lineno":423}
{"timestamp":"2026-08-29T10:28:30.432430Z","level":"info","event":"::endgroup::Cosmos DAG parsing logs","logger":"cosmos.converter","filename":"converter.py","lineno":430}
{"timestamp":"2026-08-29T10:28:30.432991Z","level":"warning","event":"Using Variable.get from `airflow.models` is deprecated.Please use `get` on Variable from sdk(`airflow.sdk.Variable`) instead","category":"UserWarning","filename":"/home/airflow/.local/lib/python3.13/site-packages/airflow/models/variable.py","lineno":158,"logger":"py.warnings"}
{"timestamp":"2026-08-29T10:29:01.367713Z","level":"info","event":"Filling up the DagBag from /opt/airflow/dags/verdanta_weekly.py","logger":"airflow.dag_processing.dagbag.BundleDagBag","filename":"dagbag.py","lineno":469}
{"timestamp":"2026-08-29T10:29:01.438783Z","level":"info","event":"::group::Cosmos DAG parsing logs","logger":"cosmos.converter","filename":"converter.py","lineno":321}
{"timestamp":"2026-08-29T10:29:01.445899Z","level":"info","event":"Cosmos cache dir resolved to /tmp/cosmos/verdanta_weekly__dbt_weekly","logger":"cosmos.converter","filename":"converter.py","lineno":346}
{"timestamp":"2026-08-29T10:29:01.446146Z","level":"info","event":"Trying to parse the dbt project using dbt ls cache cosmos_cache__verdanta_weekly__dbt_weekly...","logger":"cosmos.dbt.graph","filename":"graph.py","lineno":869}
{"timestamp":"2026-08-29T10:29:01.607427Z","level":"info","event":"Cosmos performance: time to calculate cache identifier cosmos_cache__verdanta_weekly__dbt_weekly for current version: 0.14496246799899382","logger":"cosmos.cache","filename":"cache.py","lineno":401}
{"timestamp":"2026-08-29T10:29:01.607675Z","level":"info","event":"Cosmos performance [e56005473659|1310]: The cache size for cosmos_cache__verdanta_weekly__dbt_weekly is 23804","logger":"cosmos.dbt.graph","filename":"graph.py","lineno":886}
{"timestamp":"2026-08-29T10:29:01.608759Z","level":"info","event":"Cosmos performance: Cache hit for cosmos_cache__verdanta_weekly__dbt_weekly - 39a8c4b6e19a7b5e14cfea47af7dbd90,1ae01f5b93cde0ad1f6d9482f1b54abd","logger":"cosmos.dbt.graph","filename":"graph.py","lineno":898}
{"timestamp":"2026-08-29T10:29:01.608912Z","level":"info","event":"Total nodes: 27","logger":"cosmos.dbt.graph","filename":"graph.py","lineno":799}
{"timestamp":"2026-08-29T10:29:01.609000Z","level":"info","event":"Total filtered nodes: 27","logger":"cosmos.dbt.graph","filename":"graph.py","lineno":800}
{"timestamp":"2026-08-29T10:29:01.609096Z","level":"info","event":"Cosmos performance (verdanta_weekly__dbt_weekly) - [e56005473659|1310]: It took 0.163s to parse the dbt project for DAG using LoadMode.DBT_LS_CACHE","logger":"cosmos.converter","filename":"converter.py","lineno":371}
{"timestamp":"2026-08-29T10:29:01.634151Z","level":"info","event":"Cosmos performance (verdanta_weekly__dbt_weekly) - [e56005473659|1310]: It took 0.025s to build the Airflow DAG.","logger":"cosmos.converter","filename":"converter.py","lineno":423}
{"timestamp":"2026-08-29T10:29:01.634329Z","level":"info","event":"::endgroup::Cosmos DAG parsing logs","logger":"cosmos.converter","filename":"converter.py","lineno":430}
{"timestamp":"2026-08-29T10:29:01.634953Z","level":"warning","event":"Using Variable.get from `airflow.models` is deprecated.Please use `get` on Variable from sdk(`airflow.sdk.Variable`) instead","category":"UserWarning","filename":"/home/airflow/.local/lib/python3.13/site-packages/airflow/models/variable.py","lineno":158,"logger":"py.warnings"}
{"timestamp":"2026-08-29T10:29:32.265032Z","level":"info","event":"Filling up the DagBag from /opt/airflow/dags/verdanta_weekly.py","logger":"airflow.dag_processing.dagbag.BundleDagBag","filename":"dagbag.py","lineno":469}
{"timestamp":"2026-08-29T10:29:32.350820Z","level":"info","event":"::group::Cosmos DAG parsing logs","logger":"cosmos.converter","filename":"converter.py","lineno":321}
{"timestamp":"2026-08-29T10:29:32.354458Z","level":"info","event":"Cosmos cache dir resolved to /tmp/cosmos/verdanta_weekly__dbt_weekly","logger":"cosmos.converter","filename":"converter.py","lineno":346}
{"timestamp":"2026-08-29T10:29:32.354687Z","level":"info","event":"Trying to parse the dbt project using dbt ls cache cosmos_cache__verdanta_weekly__dbt_weekly...","logger":"cosmos.dbt.graph","filename":"graph.py","lineno":869}
{"timestamp":"2026-08-29T10:29:32.510950Z","level":"info","event":"Cosmos performance: time to calculate cache identifier cosmos_cache__verdanta_weekly__dbt_weekly for current version: 0.14092860900018422","logger":"cosmos.cache","filename":"cache.py","lineno":401}
{"timestamp":"2026-08-29T10:29:32.511215Z","level":"info","event":"Cosmos performance [e56005473659|1328]: The cache size for cosmos_cache__verdanta_weekly__dbt_weekly is 23804","logger":"cosmos.dbt.graph","filename":"graph.py","lineno":886}
{"timestamp":"2026-08-29T10:29:32.512128Z","level":"info","event":"Cosmos performance: Cache hit for cosmos_cache__verdanta_weekly__dbt_weekly - 39a8c4b6e19a7b5e14cfea47af7dbd90,1ae01f5b93cde0ad1f6d9482f1b54abd","logger":"cosmos.dbt.graph","filename":"graph.py","lineno":898}
{"timestamp":"2026-08-29T10:29:32.512253Z","level":"info","event":"Total nodes: 27","logger":"cosmos.dbt.graph","filename":"graph.py","lineno":799}
{"timestamp":"2026-08-29T10:29:32.512310Z","level":"info","event":"Total filtered nodes: 27","logger":"cosmos.dbt.graph","filename":"graph.py","lineno":800}
{"timestamp":"2026-08-29T10:29:32.512377Z","level":"info","event":"Cosmos performance (verdanta_weekly__dbt_weekly) - [e56005473659|1328]: It took 0.158s to parse the dbt project for DAG using LoadMode.DBT_LS_CACHE","logger":"cosmos.converter","filename":"converter.py","lineno":371}
{"timestamp":"2026-08-29T10:29:32.540921Z","level":"info","event":"Cosmos performance (verdanta_weekly__dbt_weekly) - [e56005473659|1328]: It took 0.0285s to build the Airflow DAG.","logger":"cosmos.converter","filename":"converter.py","lineno":423}
{"timestamp":"2026-08-29T10:29:32.541102Z","level":"info","event":"::endgroup::Cosmos DAG parsing logs","logger":"cosmos.converter","filename":"converter.py","lineno":430}
{"timestamp":"2026-08-29T10:29:32.542432Z","level":"warning","event":"Using Variable.get from `airflow.models` is deprecated.Please use `get` on Variable from sdk(`airflow.sdk.Variable`) instead","category":"UserWarning","filename":"/home/airflow/.local/lib/python3.13/site-packages/airflow/models/variable.py","lineno":158,"logger":"py.warnings"}
{"timestamp":"2026-08-29T10:29:41.385481Z","level":"info","event":"Filling up the DagBag from /opt/airflow/dags/verdanta_weekly.py","logger":"airflow.dag_processing.dagbag.BundleDagBag","filename":"dagbag.py","lineno":469}
{"timestamp":"2026-08-29T10:29:41.497265Z","level":"info","event":"::group::Cosmos DAG parsing logs","logger":"cosmos.converter","filename":"converter.py","lineno":321}
{"timestamp":"2026-08-29T10:29:41.500807Z","level":"info","event":"Cosmos cache dir resolved to /tmp/cosmos/verdanta_weekly__dbt_weekly","logger":"cosmos.converter","filename":"converter.py","lineno":346}
{"timestamp":"2026-08-29T10:29:41.501072Z","level":"info","event":"Trying to parse the dbt project using dbt ls cache cosmos_cache__verdanta_weekly__dbt_weekly...","logger":"cosmos.dbt.graph","filename":"graph.py","lineno":869}
{"timestamp":"2026-08-29T10:29:41.675962Z","level":"info","event":"Cosmos performance: time to calculate cache identifier cosmos_cache__verdanta_weekly__dbt_weekly for current version: 0.1534758369998599","logger":"cosmos.cache","filename":"cache.py","lineno":401}
{"timestamp":"2026-08-29T10:29:41.676253Z","level":"info","event":"Cosmos performance [e56005473659|1349]: The cache size for cosmos_cache__verdanta_weekly__dbt_weekly is 23804","logger":"cosmos.dbt.graph","filename":"graph.py","lineno":886}
{"timestamp":"2026-08-29T10:29:41.677443Z","level":"info","event":"Cosmos performance: Cache hit for cosmos_cache__verdanta_weekly__dbt_weekly - 39a8c4b6e19a7b5e14cfea47af7dbd90,1ae01f5b93cde0ad1f6d9482f1b54abd","logger":"cosmos.dbt.graph","filename":"graph.py","lineno":898}
{"timestamp":"2026-08-29T10:29:41.677634Z","level":"info","event":"Total nodes: 27","logger":"cosmos.dbt.graph","filename":"graph.py","lineno":799}
{"timestamp":"2026-08-29T10:29:41.677797Z","level":"info","event":"Total filtered nodes: 27","logger":"cosmos.dbt.graph","filename":"graph.py","lineno":800}
{"timestamp":"2026-08-29T10:29:41.677985Z","level":"info","event":"Cosmos performance (verdanta_weekly__dbt_weekly) - [e56005473659|1349]: It took 0.177s to parse the dbt project for DAG using LoadMode.DBT_LS_CACHE","logger":"cosmos.converter","filename":"converter.py","lineno":371}
{"timestamp":"2026-08-29T10:29:41.707959Z","level":"info","event":"Cosmos performance (verdanta_weekly__dbt_weekly) - [e56005473659|1349]: It took 0.03s to build the Airflow DAG.","logger":"cosmos.converter","filename":"converter.py","lineno":423}
{"timestamp":"2026-08-29T10:29:41.708095Z","level":"info","event":"::endgroup::Cosmos DAG parsing logs","logger":"cosmos.converter","filename":"converter.py","lineno":430}
{"timestamp":"2026-08-29T10:29:41.708715Z","level":"warning","event":"Using Variable.get from `airflow.models` is deprecated.Please use `get` on Variable from sdk(`airflow.sdk.Variable`) instead","category":"UserWarning","filename":"/home/airflow/.local/lib/python3.13/site-packages/airflow/models/variable.py","lineno":158,"logger":"py.warnings"}
{"timestamp":"2026-08-29T10:30:05.128562Z","level":"info","event":"Filling up the DagBag from /opt/airflow/dags/verdanta_weekly.py","logger":"airflow.dag_processing.dagbag.BundleDagBag","filename":"dagbag.py","lineno":469}
{"timestamp":"2026-08-29T10:30:05.229108Z","level":"info","event":"::group::Cosmos DAG parsing logs","logger":"cosmos.converter","filename":"converter.py","lineno":321}
{"timestamp":"2026-08-29T10:30:05.234657Z","level":"info","event":"Cosmos cache dir resolved to /tmp/cosmos/verdanta_weekly__dbt_weekly","logger":"cosmos.converter","filename":"converter.py","lineno":346}
{"timestamp":"2026-08-29T10:30:05.235342Z","level":"info","event":"Trying to parse the dbt project using dbt ls cache cosmos_cache__verdanta_weekly__dbt_weekly...","logger":"cosmos.dbt.graph","filename":"graph.py","lineno":869}
{"timestamp":"2026-08-29T10:30:05.400940Z","level":"info","event":"Cosmos performance: time to calculate cache identifier cosmos_cache__verdanta_weekly__dbt_weekly for current version: 0.14071348600009514","logger":"cosmos.cache","filename":"cache.py","lineno":401}
{"timestamp":"2026-08-29T10:30:05.401180Z","level":"info","event":"Cosmos performance [e56005473659|1363]: The cache size for cosmos_cache__verdanta_weekly__dbt_weekly is 23804","logger":"cosmos.dbt.graph","filename":"graph.py","lineno":886}
{"timestamp":"2026-08-29T10:30:05.402811Z","level":"info","event":"Cosmos performance: Cache hit for cosmos_cache__verdanta_weekly__dbt_weekly - 39a8c4b6e19a7b5e14cfea47af7dbd90,1ae01f5b93cde0ad1f6d9482f1b54abd","logger":"cosmos.dbt.graph","filename":"graph.py","lineno":898}
{"timestamp":"2026-08-29T10:30:05.402943Z","level":"info","event":"Total nodes: 27","logger":"cosmos.dbt.graph","filename":"graph.py","lineno":799}
{"timestamp":"2026-08-29T10:30:05.403003Z","level":"info","event":"Total filtered nodes: 27","logger":"cosmos.dbt.graph","filename":"graph.py","lineno":800}
{"timestamp":"2026-08-29T10:30:05.403067Z","level":"info","event":"Cosmos performance (verdanta_weekly__dbt_weekly) - [e56005473659|1363]: It took 0.168s to parse the dbt project for DAG using LoadMode.DBT_LS_CACHE","logger":"cosmos.converter","filename":"converter.py","lineno":371}
{"timestamp":"2026-08-29T10:30:05.425710Z","level":"info","event":"Cosmos performance (verdanta_weekly__dbt_weekly) - [e56005473659|1363]: It took 0.0226s to build the Airflow DAG.","logger":"cosmos.converter","filename":"converter.py","lineno":423}
{"timestamp":"2026-08-29T10:30:05.425920Z","level":"info","event":"::endgroup::Cosmos DAG parsing logs","logger":"cosmos.converter","filename":"converter.py","lineno":430}
{"timestamp":"2026-08-29T10:30:05.426643Z","level":"warning","event":"Using Variable.get from `airflow.models` is deprecated.Please use `get` on Variable from sdk(`airflow.sdk.Variable`) instead","category":"UserWarning","filename":"/home/airflow/.local/lib/python3.13/site-packages/airflow/models/variable.py","lineno":158,"logger":"py.warnings"}
{"timestamp":"2026-08-29T10:30:36.434556Z","level":"info","event":"Filling up the DagBag from /opt/airflow/dags/verdanta_weekly.py","logger":"airflow.dag_processing.dagbag.BundleDagBag","filename":"dagbag.py","lineno":469}
{"timestamp":"2026-08-29T10:30:36.511466Z","level":"info","event":"::group::Cosmos DAG parsing logs","logger":"cosmos.converter","filename":"converter.py","lineno":321}
{"timestamp":"2026-08-29T10:30:36.514692Z","level":"info","event":"Cosmos cache dir resolved to /tmp/cosmos/verdanta_weekly__dbt_weekly","logger":"cosmos.converter","filename":"converter.py","lineno":346}
{"timestamp":"2026-08-29T10:30:36.514910Z","level":"info","event":"Trying to parse the dbt project using dbt ls cache cosmos_cache__verdanta_weekly__dbt_weekly...","logger":"cosmos.dbt.graph","filename":"graph.py","lineno":869}
{"timestamp":"2026-08-29T10:30:36.660235Z","level":"info","event":"Cosmos performance: time to calculate cache identifier cosmos_cache__verdanta_weekly__dbt_weekly for current version: 0.13000588400063862","logger":"cosmos.cache","filename":"cache.py","lineno":401}
{"timestamp":"2026-08-29T10:30:36.660546Z","level":"info","event":"Cosmos performance [e56005473659|1399]: The cache size for cosmos_cache__verdanta_weekly__dbt_weekly is 23804","logger":"cosmos.dbt.graph","filename":"graph.py","lineno":886}
{"timestamp":"2026-08-29T10:30:36.661373Z","level":"info","event":"Cosmos performance: Cache hit for cosmos_cache__verdanta_weekly__dbt_weekly - 39a8c4b6e19a7b5e14cfea47af7dbd90,1ae01f5b93cde0ad1f6d9482f1b54abd","logger":"cosmos.dbt.graph","filename":"graph.py","lineno":898}
{"timestamp":"2026-08-29T10:30:36.661496Z","level":"info","event":"Total nodes: 27","logger":"cosmos.dbt.graph","filename":"graph.py","lineno":799}
{"timestamp":"2026-08-29T10:30:36.661556Z","level":"info","event":"Total filtered nodes: 27","logger":"cosmos.dbt.graph","filename":"graph.py","lineno":800}
{"timestamp":"2026-08-29T10:30:36.661619Z","level":"info","event":"Cosmos performance (verdanta_weekly__dbt_weekly) - [e56005473659|1399]: It took 0.147s to parse the dbt project for DAG using LoadMode.DBT_LS_CACHE","logger":"cosmos.converter","filename":"converter.py","lineno":371}
{"timestamp":"2026-08-29T10:30:36.685051Z","level":"info","event":"Cosmos performance (verdanta_weekly__dbt_weekly) - [e56005473659|1399]: It took 0.0234s to build the Airflow DAG.","logger":"cosmos.converter","filename":"converter.py","lineno":423}
{"timestamp":"2026-08-29T10:30:36.685334Z","level":"info","event":"::endgroup::Cosmos DAG parsing logs","logger":"cosmos.converter","filename":"converter.py","lineno":430}
{"timestamp":"2026-08-29T10:30:36.686073Z","level":"warning","event":"Using Variable.get from `airflow.models` is deprecated.Please use `get` on Variable from sdk(`airflow.sdk.Variable`) instead","category":"UserWarning","filename":"/home/airflow/.local/lib/python3.13/site-packages/airflow/models/variable.py","lineno":158,"logger":"py.warnings"}
{"timestamp":"2026-08-29T10:31:06.832982Z","level":"info","event":"Filling up the DagBag from /opt/airflow/dags/verdanta_weekly.py","logger":"airflow.dag_processing.dagbag.BundleDagBag","filename":"dagbag.py","lineno":469}
{"timestamp":"2026-08-29T10:31:06.910290Z","level":"info","event":"::group::Cosmos DAG parsing logs","logger":"cosmos.converter","filename":"converter.py","lineno":321}
{"timestamp":"2026-08-29T10:31:06.914236Z","level":"info","event":"Cosmos cache dir resolved to /tmp/cosmos/verdanta_weekly__dbt_weekly","logger":"cosmos.converter","filename":"converter.py","lineno":346}
{"timestamp":"2026-08-29T10:31:06.914456Z","level":"info","event":"Trying to parse the dbt project using dbt ls cache cosmos_cache__verdanta_weekly__dbt_weekly...","logger":"cosmos.dbt.graph","filename":"graph.py","lineno":869}
{"timestamp":"2026-08-29T10:31:07.054085Z","level":"info","event":"Cosmos performance: time to calculate cache identifier cosmos_cache__verdanta_weekly__dbt_weekly for current version: 0.12546363699948415","logger":"cosmos.cache","filename":"cache.py","lineno":401}
{"timestamp":"2026-08-29T10:31:07.054378Z","level":"info","event":"Cosmos performance [e56005473659|1435]: The cache size for cosmos_cache__verdanta_weekly__dbt_weekly is 23804","logger":"cosmos.dbt.graph","filename":"graph.py","lineno":886}
{"timestamp":"2026-08-29T10:31:07.055427Z","level":"info","event":"Cosmos performance: Cache hit for cosmos_cache__verdanta_weekly__dbt_weekly - 39a8c4b6e19a7b5e14cfea47af7dbd90,1ae01f5b93cde0ad1f6d9482f1b54abd","logger":"cosmos.dbt.graph","filename":"graph.py","lineno":898}
{"timestamp":"2026-08-29T10:31:07.055710Z","level":"info","event":"Total nodes: 27","logger":"cosmos.dbt.graph","filename":"graph.py","lineno":799}
{"timestamp":"2026-08-29T10:31:07.055795Z","level":"info","event":"Total filtered nodes: 27","logger":"cosmos.dbt.graph","filename":"graph.py","lineno":800}
{"timestamp":"2026-08-29T10:31:07.055871Z","level":"info","event":"Cosmos performance (verdanta_weekly__dbt_weekly) - [e56005473659|1435]: It took 0.141s to parse the dbt project for DAG using LoadMode.DBT_LS_CACHE","logger":"cosmos.converter","filename":"converter.py","lineno":371}
{"timestamp":"2026-08-29T10:31:07.079461Z","level":"info","event":"Cosmos performance (verdanta_weekly__dbt_weekly) - [e56005473659|1435]: It took 0.0235s to build the Airflow DAG.","logger":"cosmos.converter","filename":"converter.py","lineno":423}
{"timestamp":"2026-08-29T10:31:07.079681Z","level":"info","event":"::endgroup::Cosmos DAG parsing logs","logger":"cosmos.converter","filename":"converter.py","lineno":430}
{"timestamp":"2026-08-29T10:31:07.080244Z","level":"warning","event":"Using Variable.get from `airflow.models` is deprecated.Please use `get` on Variable from sdk(`airflow.sdk.Variable`) instead","category":"UserWarning","filename":"/home/airflow/.local/lib/python3.13/site-packages/airflow/models/variable.py","lineno":158,"logger":"py.warnings"}
{"timestamp":"2026-08-29T10:31:37.161942Z","level":"info","event":"Filling up the DagBag from /opt/airflow/dags/verdanta_weekly.py","logger":"airflow.dag_processing.dagbag.BundleDagBag","filename":"dagbag.py","lineno":469}
{"timestamp":"2026-08-29T10:31:37.230248Z","level":"info","event":"::group::Cosmos DAG parsing logs","logger":"cosmos.converter","filename":"converter.py","lineno":321}
{"timestamp":"2026-08-29T10:31:37.233964Z","level":"info","event":"Cosmos cache dir resolved to /tmp/cosmos/verdanta_weekly__dbt_weekly","logger":"cosmos.converter","filename":"converter.py","lineno":346}
{"timestamp":"2026-08-29T10:31:37.234149Z","level":"info","event":"Trying to parse the dbt project using dbt ls cache cosmos_cache__verdanta_weekly__dbt_weekly...","logger":"cosmos.dbt.graph","filename":"graph.py","lineno":869}
{"timestamp":"2026-08-29T10:31:37.377279Z","level":"info","event":"Cosmos performance: time to calculate cache identifier cosmos_cache__verdanta_weekly__dbt_weekly for current version: 0.1282544429996051","logger":"cosmos.cache","filename":"cache.py","lineno":401}
{"timestamp":"2026-08-29T10:31:37.377580Z","level":"info","event":"Cosmos performance [e56005473659|1471]: The cache size for cosmos_cache__verdanta_weekly__dbt_weekly is 23804","logger":"cosmos.dbt.graph","filename":"graph.py","lineno":886}
{"timestamp":"2026-08-29T10:31:37.378471Z","level":"info","event":"Cosmos performance: Cache hit for cosmos_cache__verdanta_weekly__dbt_weekly - 39a8c4b6e19a7b5e14cfea47af7dbd90,1ae01f5b93cde0ad1f6d9482f1b54abd","logger":"cosmos.dbt.graph","filename":"graph.py","lineno":898}
{"timestamp":"2026-08-29T10:31:37.378600Z","level":"info","event":"Total nodes: 27","logger":"cosmos.dbt.graph","filename":"graph.py","lineno":799}
{"timestamp":"2026-08-29T10:31:37.378661Z","level":"info","event":"Total filtered nodes: 27","logger":"cosmos.dbt.graph","filename":"graph.py","lineno":800}
{"timestamp":"2026-08-29T10:31:37.378729Z","level":"info","event":"Cosmos performance (verdanta_weekly__dbt_weekly) - [e56005473659|1471]: It took 0.145s to parse the dbt project for DAG using LoadMode.DBT_LS_CACHE","logger":"cosmos.converter","filename":"converter.py","lineno":371}
{"timestamp":"2026-08-29T10:31:37.400867Z","level":"info","event":"Cosmos performance (verdanta_weekly__dbt_weekly) - [e56005473659|1471]: It took 0.0221s to build the Airflow DAG.","logger":"cosmos.converter","filename":"converter.py","lineno":423}
{"timestamp":"2026-08-29T10:31:37.401021Z","level":"info","event":"::endgroup::Cosmos DAG parsing logs","logger":"cosmos.converter","filename":"converter.py","lineno":430}
{"timestamp":"2026-08-29T10:31:37.401641Z","level":"warning","event":"Using Variable.get from `airflow.models` is deprecated.Please use `get` on Variable from sdk(`airflow.sdk.Variable`) instead","category":"UserWarning","filename":"/home/airflow/.local/lib/python3.13/site-packages/airflow/models/variable.py","lineno":158,"logger":"py.warnings"}
{"timestamp":"2026-08-29T10:32:07.622737Z","level":"info","event":"Filling up the DagBag from /opt/airflow/dags/verdanta_weekly.py","logger":"airflow.dag_processing.dagbag.BundleDagBag","filename":"dagbag.py","lineno":469}
{"timestamp":"2026-08-29T10:32:07.688928Z","level":"info","event":"::group::Cosmos DAG parsing logs","logger":"cosmos.converter","filename":"converter.py","lineno":321}
{"timestamp":"2026-08-29T10:32:07.692303Z","level":"info","event":"Cosmos cache dir resolved to /tmp/cosmos/verdanta_weekly__dbt_weekly","logger":"cosmos.converter","filename":"converter.py","lineno":346}
{"timestamp":"2026-08-29T10:32:07.692554Z","level":"info","event":"Trying to parse the dbt project using dbt ls cache cosmos_cache__verdanta_weekly__dbt_weekly...","logger":"cosmos.dbt.graph","filename":"graph.py","lineno":869}
{"timestamp":"2026-08-29T10:32:07.843464Z","level":"info","event":"Cosmos performance: time to calculate cache identifier cosmos_cache__verdanta_weekly__dbt_weekly for current version: 0.13369320899982995","logger":"cosmos.cache","filename":"cache.py","lineno":401}
{"timestamp":"2026-08-29T10:32:07.843699Z","level":"info","event":"Cosmos performance [e56005473659|1507]: The cache size for cosmos_cache__verdanta_weekly__dbt_weekly is 23804","logger":"cosmos.dbt.graph","filename":"graph.py","lineno":886}
{"timestamp":"2026-08-29T10:32:07.844541Z","level":"info","event":"Cosmos performance: Cache hit for cosmos_cache__verdanta_weekly__dbt_weekly - 39a8c4b6e19a7b5e14cfea47af7dbd90,1ae01f5b93cde0ad1f6d9482f1b54abd","logger":"cosmos.dbt.graph","filename":"graph.py","lineno":898}
{"timestamp":"2026-08-29T10:32:07.844680Z","level":"info","event":"Total nodes: 27","logger":"cosmos.dbt.graph","filename":"graph.py","lineno":799}
{"timestamp":"2026-08-29T10:32:07.844744Z","level":"info","event":"Total filtered nodes: 27","logger":"cosmos.dbt.graph","filename":"graph.py","lineno":800}
{"timestamp":"2026-08-29T10:32:07.844817Z","level":"info","event":"Cosmos performance (verdanta_weekly__dbt_weekly) - [e56005473659|1507]: It took 0.152s to parse the dbt project for DAG using LoadMode.DBT_LS_CACHE","logger":"cosmos.converter","filename":"converter.py","lineno":371}
{"timestamp":"2026-08-29T10:32:07.868150Z","level":"info","event":"Cosmos performance (verdanta_weekly__dbt_weekly) - [e56005473659|1507]: It took 0.0232s to build the Airflow DAG.","logger":"cosmos.converter","filename":"converter.py","lineno":423}
{"timestamp":"2026-08-29T10:32:07.868374Z","level":"info","event":"::endgroup::Cosmos DAG parsing logs","logger":"cosmos.converter","filename":"converter.py","lineno":430}
{"timestamp":"2026-08-29T10:32:07.869171Z","level":"warning","event":"Using Variable.get from `airflow.models` is deprecated.Please use `get` on Variable from sdk(`airflow.sdk.Variable`) instead","category":"UserWarning","filename":"/home/airflow/.local/lib/python3.13/site-packages/airflow/models/variable.py","lineno":158,"logger":"py.warnings"}
{"timestamp":"2026-08-29T10:32:38.608444Z","level":"info","event":"Filling up the DagBag from /opt/airflow/dags/verdanta_weekly.py","logger":"airflow.dag_processing.dagbag.BundleDagBag","filename":"dagbag.py","lineno":469}
{"timestamp":"2026-08-29T10:32:38.692234Z","level":"info","event":"::group::Cosmos DAG parsing logs","logger":"cosmos.converter","filename":"converter.py","lineno":321}
{"timestamp":"2026-08-29T10:32:38.696523Z","level":"info","event":"Cosmos cache dir resolved to /tmp/cosmos/verdanta_weekly__dbt_weekly","logger":"cosmos.converter","filename":"converter.py","lineno":346}
{"timestamp":"2026-08-29T10:32:38.696759Z","level":"info","event":"Trying to parse the dbt project using dbt ls cache cosmos_cache__verdanta_weekly__dbt_weekly...","logger":"cosmos.dbt.graph","filename":"graph.py","lineno":869}
{"timestamp":"2026-08-29T10:32:38.861450Z","level":"info","event":"Cosmos performance: time to calculate cache identifier cosmos_cache__verdanta_weekly__dbt_weekly for current version: 0.1431690499994147","logger":"cosmos.cache","filename":"cache.py","lineno":401}
{"timestamp":"2026-08-29T10:32:38.861684Z","level":"info","event":"Cosmos performance [e56005473659|1521]: The cache size for cosmos_cache__verdanta_weekly__dbt_weekly is 23804","logger":"cosmos.dbt.graph","filename":"graph.py","lineno":886}
{"timestamp":"2026-08-29T10:32:38.862720Z","level":"info","event":"Cosmos performance: Cache hit for cosmos_cache__verdanta_weekly__dbt_weekly - 39a8c4b6e19a7b5e14cfea47af7dbd90,1ae01f5b93cde0ad1f6d9482f1b54abd","logger":"cosmos.dbt.graph","filename":"graph.py","lineno":898}
{"timestamp":"2026-08-29T10:32:38.862869Z","level":"info","event":"Total nodes: 27","logger":"cosmos.dbt.graph","filename":"graph.py","lineno":799}
{"timestamp":"2026-08-29T10:32:38.862939Z","level":"info","event":"Total filtered nodes: 27","logger":"cosmos.dbt.graph","filename":"graph.py","lineno":800}
{"timestamp":"2026-08-29T10:32:38.863010Z","level":"info","event":"Cosmos performance (verdanta_weekly__dbt_weekly) - [e56005473659|1521]: It took 0.166s to parse the dbt project for DAG using LoadMode.DBT_LS_CACHE","logger":"cosmos.converter","filename":"converter.py","lineno":371}
{"timestamp":"2026-08-29T10:32:38.892508Z","level":"info","event":"Cosmos performance (verdanta_weekly__dbt_weekly) - [e56005473659|1521]: It took 0.0294s to build the Airflow DAG.","logger":"cosmos.converter","filename":"converter.py","lineno":423}
{"timestamp":"2026-08-29T10:32:38.892648Z","level":"info","event":"::endgroup::Cosmos DAG parsing logs","logger":"cosmos.converter","filename":"converter.py","lineno":430}
{"timestamp":"2026-08-29T10:32:38.893373Z","level":"warning","event":"Using Variable.get from `airflow.models` is deprecated.Please use `get` on Variable from sdk(`airflow.sdk.Variable`) instead","category":"UserWarning","filename":"/home/airflow/.local/lib/python3.13/site-packages/airflow/models/variable.py","lineno":158,"logger":"py.warnings"}
{"timestamp":"2026-08-29T10:32:49.516728Z","level":"info","event":"Filling up the DagBag from /opt/airflow/dags/verdanta_weekly.py","logger":"airflow.dag_processing.dagbag.BundleDagBag","filename":"dagbag.py","lineno":469}
{"timestamp":"2026-08-29T10:32:49.599847Z","level":"info","event":"::group::Cosmos DAG parsing logs","logger":"cosmos.converter","filename":"converter.py","lineno":321}
{"timestamp":"2026-08-29T10:32:49.603360Z","level":"info","event":"Cosmos cache dir resolved to /tmp/cosmos/verdanta_weekly__dbt_weekly","logger":"cosmos.converter","filename":"converter.py","lineno":346}
{"timestamp":"2026-08-29T10:32:49.603624Z","level":"info","event":"Trying to parse the dbt project using dbt ls cache cosmos_cache__verdanta_weekly__dbt_weekly...","logger":"cosmos.dbt.graph","filename":"graph.py","lineno":869}
{"timestamp":"2026-08-29T10:32:49.784111Z","level":"info","event":"Cosmos performance: time to calculate cache identifier cosmos_cache__verdanta_weekly__dbt_weekly for current version: 0.16044834000058472","logger":"cosmos.cache","filename":"cache.py","lineno":401}
{"timestamp":"2026-08-29T10:32:49.784380Z","level":"info","event":"Cosmos performance [e56005473659|1550]: The cache size for cosmos_cache__verdanta_weekly__dbt_weekly is 23804","logger":"cosmos.dbt.graph","filename":"graph.py","lineno":886}
{"timestamp":"2026-08-29T10:32:49.785336Z","level":"info","event":"Cosmos performance: Cache hit for cosmos_cache__verdanta_weekly__dbt_weekly - 39a8c4b6e19a7b5e14cfea47af7dbd90,1ae01f5b93cde0ad1f6d9482f1b54abd","logger":"cosmos.dbt.graph","filename":"graph.py","lineno":898}
{"timestamp":"2026-08-29T10:32:49.785498Z","level":"info","event":"Total nodes: 27","logger":"cosmos.dbt.graph","filename":"graph.py","lineno":799}
{"timestamp":"2026-08-29T10:32:49.785573Z","level":"info","event":"Total filtered nodes: 27","logger":"cosmos.dbt.graph","filename":"graph.py","lineno":800}
{"timestamp":"2026-08-29T10:32:49.785647Z","level":"info","event":"Cosmos performance (verdanta_weekly__dbt_weekly) - [e56005473659|1550]: It took 0.182s to parse the dbt project for DAG using LoadMode.DBT_LS_CACHE","logger":"cosmos.converter","filename":"converter.py","lineno":371}
{"timestamp":"2026-08-29T10:32:49.812679Z","level":"info","event":"Cosmos performance (verdanta_weekly__dbt_weekly) - [e56005473659|1550]: It took 0.027s to build the Airflow DAG.","logger":"cosmos.converter","filename":"converter.py","lineno":423}
{"timestamp":"2026-08-29T10:32:49.812866Z","level":"info","event":"::endgroup::Cosmos DAG parsing logs","logger":"cosmos.converter","filename":"converter.py","lineno":430}
{"timestamp":"2026-08-29T10:32:49.813609Z","level":"warning","event":"Using Variable.get from `airflow.models` is deprecated.Please use `get` on Variable from sdk(`airflow.sdk.Variable`) instead","category":"UserWarning","filename":"/home/airflow/.local/lib/python3.13/site-packages/airflow/models/variable.py","lineno":158,"logger":"py.warnings"}
{"timestamp":"2026-08-29T10:33:20.195912Z","level":"info","event":"Filling up the DagBag from /opt/airflow/dags/verdanta_weekly.py","logger":"airflow.dag_processing.dagbag.BundleDagBag","filename":"dagbag.py","lineno":469}
{"timestamp":"2026-08-29T10:33:20.289081Z","level":"info","event":"::group::Cosmos DAG parsing logs","logger":"cosmos.converter","filename":"converter.py","lineno":321}
{"timestamp":"2026-08-29T10:33:20.294110Z","level":"info","event":"Cosmos cache dir resolved to /tmp/cosmos/verdanta_weekly__dbt_weekly","logger":"cosmos.converter","filename":"converter.py","lineno":346}
{"timestamp":"2026-08-29T10:33:20.294367Z","level":"info","event":"Trying to parse the dbt project using dbt ls cache cosmos_cache__verdanta_weekly__dbt_weekly...","logger":"cosmos.dbt.graph","filename":"graph.py","lineno":869}
{"timestamp":"2026-08-29T10:33:20.449171Z","level":"info","event":"Cosmos performance: time to calculate cache identifier cosmos_cache__verdanta_weekly__dbt_weekly for current version: 0.13638372700006585","logger":"cosmos.cache","filename":"cache.py","lineno":401}
{"timestamp":"2026-08-29T10:33:20.449445Z","level":"info","event":"Cosmos performance [e56005473659|1568]: The cache size for cosmos_cache__verdanta_weekly__dbt_weekly is 23804","logger":"cosmos.dbt.graph","filename":"graph.py","lineno":886}
{"timestamp":"2026-08-29T10:33:20.450976Z","level":"info","event":"Cosmos performance: Cache hit for cosmos_cache__verdanta_weekly__dbt_weekly - 39a8c4b6e19a7b5e14cfea47af7dbd90,1ae01f5b93cde0ad1f6d9482f1b54abd","logger":"cosmos.dbt.graph","filename":"graph.py","lineno":898}
{"timestamp":"2026-08-29T10:33:20.451111Z","level":"info","event":"Total nodes: 27","logger":"cosmos.dbt.graph","filename":"graph.py","lineno":799}
{"timestamp":"2026-08-29T10:33:20.451174Z","level":"info","event":"Total filtered nodes: 27","logger":"cosmos.dbt.graph","filename":"graph.py","lineno":800}
{"timestamp":"2026-08-29T10:33:20.451239Z","level":"info","event":"Cosmos performance (verdanta_weekly__dbt_weekly) - [e56005473659|1568]: It took 0.157s to parse the dbt project for DAG using LoadMode.DBT_LS_CACHE","logger":"cosmos.converter","filename":"converter.py","lineno":371}
{"timestamp":"2026-08-29T10:33:20.474368Z","level":"info","event":"Cosmos performance (verdanta_weekly__dbt_weekly) - [e56005473659|1568]: It took 0.0231s to build the Airflow DAG.","logger":"cosmos.converter","filename":"converter.py","lineno":423}
{"timestamp":"2026-08-29T10:33:20.474565Z","level":"info","event":"::endgroup::Cosmos DAG parsing logs","logger":"cosmos.converter","filename":"converter.py","lineno":430}
{"timestamp":"2026-08-29T10:33:20.475060Z","level":"warning","event":"Using Variable.get from `airflow.models` is deprecated.Please use `get` on Variable from sdk(`airflow.sdk.Variable`) instead","category":"UserWarning","filename":"/home/airflow/.local/lib/python3.13/site-packages/airflow/models/variable.py","lineno":158,"logger":"py.warnings"}
{"timestamp":"2026-08-29T10:33:50.630800Z","level":"info","event":"Filling up the DagBag from /opt/airflow/dags/verdanta_weekly.py","logger":"airflow.dag_processing.dagbag.BundleDagBag","filename":"dagbag.py","lineno":469}
{"timestamp":"2026-08-29T10:33:50.698314Z","level":"info","event":"::group::Cosmos DAG parsing logs","logger":"cosmos.converter","filename":"converter.py","lineno":321}
{"timestamp":"2026-08-29T10:33:50.701512Z","level":"info","event":"Cosmos cache dir resolved to /tmp/cosmos/verdanta_weekly__dbt_weekly","logger":"cosmos.converter","filename":"converter.py","lineno":346}
{"timestamp":"2026-08-29T10:33:50.701723Z","level":"info","event":"Trying to parse the dbt project using dbt ls cache cosmos_cache__verdanta_weekly__dbt_weekly...","logger":"cosmos.dbt.graph","filename":"graph.py","lineno":869}
{"timestamp":"2026-08-29T10:33:50.847897Z","level":"info","event":"Cosmos performance: time to calculate cache identifier cosmos_cache__verdanta_weekly__dbt_weekly for current version: 0.13028035899878887","logger":"cosmos.cache","filename":"cache.py","lineno":401}
{"timestamp":"2026-08-29T10:33:50.848127Z","level":"info","event":"Cosmos performance [e56005473659|1600]: The cache size for cosmos_cache__verdanta_weekly__dbt_weekly is 23804","logger":"cosmos.dbt.graph","filename":"graph.py","lineno":886}
{"timestamp":"2026-08-29T10:33:50.848986Z","level":"info","event":"Cosmos performance: Cache hit for cosmos_cache__verdanta_weekly__dbt_weekly - 39a8c4b6e19a7b5e14cfea47af7dbd90,1ae01f5b93cde0ad1f6d9482f1b54abd","logger":"cosmos.dbt.graph","filename":"graph.py","lineno":898}
{"timestamp":"2026-08-29T10:33:50.849120Z","level":"info","event":"Total nodes: 27","logger":"cosmos.dbt.graph","filename":"graph.py","lineno":799}
{"timestamp":"2026-08-29T10:33:50.849182Z","level":"info","event":"Total filtered nodes: 27","logger":"cosmos.dbt.graph","filename":"graph.py","lineno":800}
{"timestamp":"2026-08-29T10:33:50.849246Z","level":"info","event":"Cosmos performance (verdanta_weekly__dbt_weekly) - [e56005473659|1600]: It took 0.148s to parse the dbt project for DAG using LoadMode.DBT_LS_CACHE","logger":"cosmos.converter","filename":"converter.py","lineno":371}
{"timestamp":"2026-08-29T10:33:50.870568Z","level":"info","event":"Cosmos performance (verdanta_weekly__dbt_weekly) - [e56005473659|1600]: It took 0.0213s to build the Airflow DAG.","logger":"cosmos.converter","filename":"converter.py","lineno":423}
{"timestamp":"2026-08-29T10:33:50.870714Z","level":"info","event":"::endgroup::Cosmos DAG parsing logs","logger":"cosmos.converter","filename":"converter.py","lineno":430}
{"timestamp":"2026-08-29T10:33:50.871281Z","level":"warning","event":"Using Variable.get from `airflow.models` is deprecated.Please use `get` on Variable from sdk(`airflow.sdk.Variable`) instead","category":"UserWarning","filename":"/home/airflow/.local/lib/python3.13/site-packages/airflow/models/variable.py","lineno":158,"logger":"py.warnings"}
{"timestamp":"2026-08-29T10:34:21.070870Z","level":"info","event":"Filling up the DagBag from /opt/airflow/dags/verdanta_weekly.py","logger":"airflow.dag_processing.dagbag.BundleDagBag","filename":"dagbag.py","lineno":469}
{"timestamp":"2026-08-29T10:34:21.140216Z","level":"info","event":"::group::Cosmos DAG parsing logs","logger":"cosmos.converter","filename":"converter.py","lineno":321}
{"timestamp":"2026-08-29T10:34:21.143629Z","level":"info","event":"Cosmos cache dir resolved to /tmp/cosmos/verdanta_weekly__dbt_weekly","logger":"cosmos.converter","filename":"converter.py","lineno":346}
{"timestamp":"2026-08-29T10:34:21.143891Z","level":"info","event":"Trying to parse the dbt project using dbt ls cache cosmos_cache__verdanta_weekly__dbt_weekly...","logger":"cosmos.dbt.graph","filename":"graph.py","lineno":869}
{"timestamp":"2026-08-29T10:34:21.300801Z","level":"info","event":"Cosmos performance: time to calculate cache identifier cosmos_cache__verdanta_weekly__dbt_weekly for current version: 0.13897016000009899","logger":"cosmos.cache","filename":"cache.py","lineno":401}
{"timestamp":"2026-08-29T10:34:21.301098Z","level":"info","event":"Cosmos performance [e56005473659|1636]: The cache size for cosmos_cache__verdanta_weekly__dbt_weekly is 23804","logger":"cosmos.dbt.graph","filename":"graph.py","lineno":886}
{"timestamp":"2026-08-29T10:34:21.302509Z","level":"info","event":"Cosmos performance: Cache hit for cosmos_cache__verdanta_weekly__dbt_weekly - 39a8c4b6e19a7b5e14cfea47af7dbd90,1ae01f5b93cde0ad1f6d9482f1b54abd","logger":"cosmos.dbt.graph","filename":"graph.py","lineno":898}
{"timestamp":"2026-08-29T10:34:21.302760Z","level":"info","event":"Total nodes: 27","logger":"cosmos.dbt.graph","filename":"graph.py","lineno":799}
{"timestamp":"2026-08-29T10:34:21.302927Z","level":"info","event":"Total filtered nodes: 27","logger":"cosmos.dbt.graph","filename":"graph.py","lineno":800}
{"timestamp":"2026-08-29T10:34:21.303122Z","level":"info","event":"Cosmos performance (verdanta_weekly__dbt_weekly) - [e56005473659|1636]: It took 0.159s to parse the dbt project for DAG using LoadMode.DBT_LS_CACHE","logger":"cosmos.converter","filename":"converter.py","lineno":371}
{"timestamp":"2026-08-29T10:34:21.334148Z","level":"info","event":"Cosmos performance (verdanta_weekly__dbt_weekly) - [e56005473659|1636]: It took 0.031s to build the Airflow DAG.","logger":"cosmos.converter","filename":"converter.py","lineno":423}
{"timestamp":"2026-08-29T10:34:21.334320Z","level":"info","event":"::endgroup::Cosmos DAG parsing logs","logger":"cosmos.converter","filename":"converter.py","lineno":430}
{"timestamp":"2026-08-29T10:34:21.334807Z","level":"warning","event":"Using Variable.get from `airflow.models` is deprecated.Please use `get` on Variable from sdk(`airflow.sdk.Variable`) instead","category":"UserWarning","filename":"/home/airflow/.local/lib/python3.13/site-packages/airflow/models/variable.py","lineno":158,"logger":"py.warnings"}
{"timestamp":"2026-08-29T10:34:51.715803Z","level":"info","event":"Filling up the DagBag from /opt/airflow/dags/verdanta_weekly.py","logger":"airflow.dag_processing.dagbag.BundleDagBag","filename":"dagbag.py","lineno":469}
{"timestamp":"2026-08-29T10:34:51.795952Z","level":"info","event":"::group::Cosmos DAG parsing logs","logger":"cosmos.converter","filename":"converter.py","lineno":321}
{"timestamp":"2026-08-29T10:34:51.799934Z","level":"info","event":"Cosmos cache dir resolved to /tmp/cosmos/verdanta_weekly__dbt_weekly","logger":"cosmos.converter","filename":"converter.py","lineno":346}
{"timestamp":"2026-08-29T10:34:51.800161Z","level":"info","event":"Trying to parse the dbt project using dbt ls cache cosmos_cache__verdanta_weekly__dbt_weekly...","logger":"cosmos.dbt.graph","filename":"graph.py","lineno":869}
{"timestamp":"2026-08-29T10:34:51.963285Z","level":"info","event":"Cosmos performance: time to calculate cache identifier cosmos_cache__verdanta_weekly__dbt_weekly for current version: 0.14721745099996042","logger":"cosmos.cache","filename":"cache.py","lineno":401}
{"timestamp":"2026-08-29T10:34:51.963526Z","level":"info","event":"Cosmos performance [e56005473659|1671]: The cache size for cosmos_cache__verdanta_weekly__dbt_weekly is 23804","logger":"cosmos.dbt.graph","filename":"graph.py","lineno":886}
{"timestamp":"2026-08-29T10:34:51.964462Z","level":"info","event":"Cosmos performance: Cache hit for cosmos_cache__verdanta_weekly__dbt_weekly - 39a8c4b6e19a7b5e14cfea47af7dbd90,1ae01f5b93cde0ad1f6d9482f1b54abd","logger":"cosmos.dbt.graph","filename":"graph.py","lineno":898}
{"timestamp":"2026-08-29T10:34:51.964617Z","level":"info","event":"Total nodes: 27","logger":"cosmos.dbt.graph","filename":"graph.py","lineno":799}
{"timestamp":"2026-08-29T10:34:51.964687Z","level":"info","event":"Total filtered nodes: 27","logger":"cosmos.dbt.graph","filename":"graph.py","lineno":800}
{"timestamp":"2026-08-29T10:34:51.964767Z","level":"info","event":"Cosmos performance (verdanta_weekly__dbt_weekly) - [e56005473659|1671]: It took 0.165s to parse the dbt project for DAG using LoadMode.DBT_LS_CACHE","logger":"cosmos.converter","filename":"converter.py","lineno":371}
{"timestamp":"2026-08-29T10:34:51.991458Z","level":"info","event":"Cosmos performance (verdanta_weekly__dbt_weekly) - [e56005473659|1671]: It took 0.0266s to build the Airflow DAG.","logger":"cosmos.converter","filename":"converter.py","lineno":423}
{"timestamp":"2026-08-29T10:34:51.991636Z","level":"info","event":"::endgroup::Cosmos DAG parsing logs","logger":"cosmos.converter","filename":"converter.py","lineno":430}
{"timestamp":"2026-08-29T10:34:51.992286Z","level":"warning","event":"Using Variable.get from `airflow.models` is deprecated.Please use `get` on Variable from sdk(`airflow.sdk.Variable`) instead","category":"UserWarning","filename":"/home/airflow/.local/lib/python3.13/site-packages/airflow/models/variable.py","lineno":158,"logger":"py.warnings"}
{"timestamp":"2026-08-29T10:35:23.025041Z","level":"info","event":"Filling up the DagBag from /opt/airflow/dags/verdanta_weekly.py","logger":"airflow.dag_processing.dagbag.BundleDagBag","filename":"dagbag.py","lineno":469}
{"timestamp":"2026-08-29T10:35:23.100990Z","level":"info","event":"::group::Cosmos DAG parsing logs","logger":"cosmos.converter","filename":"converter.py","lineno":321}
{"timestamp":"2026-08-29T10:35:23.104242Z","level":"info","event":"Cosmos cache dir resolved to /tmp/cosmos/verdanta_weekly__dbt_weekly","logger":"cosmos.converter","filename":"converter.py","lineno":346}
{"timestamp":"2026-08-29T10:35:23.104482Z","level":"info","event":"Trying to parse the dbt project using dbt ls cache cosmos_cache__verdanta_weekly__dbt_weekly...","logger":"cosmos.dbt.graph","filename":"graph.py","lineno":869}
{"timestamp":"2026-08-29T10:35:23.249227Z","level":"info","event":"Cosmos performance: time to calculate cache identifier cosmos_cache__verdanta_weekly__dbt_weekly for current version: 0.1303024259996164","logger":"cosmos.cache","filename":"cache.py","lineno":401}
{"timestamp":"2026-08-29T10:35:23.249550Z","level":"info","event":"Cosmos performance [e56005473659|1707]: The cache size for cosmos_cache__verdanta_weekly__dbt_weekly is 23804","logger":"cosmos.dbt.graph","filename":"graph.py","lineno":886}
{"timestamp":"2026-08-29T10:35:23.250550Z","level":"info","event":"Cosmos performance: Cache hit for cosmos_cache__verdanta_weekly__dbt_weekly - 39a8c4b6e19a7b5e14cfea47af7dbd90,1ae01f5b93cde0ad1f6d9482f1b54abd","logger":"cosmos.dbt.graph","filename":"graph.py","lineno":898}
{"timestamp":"2026-08-29T10:35:23.250721Z","level":"info","event":"Total nodes: 27","logger":"cosmos.dbt.graph","filename":"graph.py","lineno":799}
{"timestamp":"2026-08-29T10:35:23.250838Z","level":"info","event":"Total filtered nodes: 27","logger":"cosmos.dbt.graph","filename":"graph.py","lineno":800}
{"timestamp":"2026-08-29T10:35:23.250964Z","level":"info","event":"Cosmos performance (verdanta_weekly__dbt_weekly) - [e56005473659|1707]: It took 0.147s to parse the dbt project for DAG using LoadMode.DBT_LS_CACHE","logger":"cosmos.converter","filename":"converter.py","lineno":371}
{"timestamp":"2026-08-29T10:35:23.275442Z","level":"info","event":"Cosmos performance (verdanta_weekly__dbt_weekly) - [e56005473659|1707]: It took 0.0244s to build the Airflow DAG.","logger":"cosmos.converter","filename":"converter.py","lineno":423}
{"timestamp":"2026-08-29T10:35:23.275614Z","level":"info","event":"::endgroup::Cosmos DAG parsing logs","logger":"cosmos.converter","filename":"converter.py","lineno":430}
{"timestamp":"2026-08-29T10:35:23.276104Z","level":"warning","event":"Using Variable.get from `airflow.models` is deprecated.Please use `get` on Variable from sdk(`airflow.sdk.Variable`) instead","category":"UserWarning","filename":"/home/airflow/.local/lib/python3.13/site-packages/airflow/models/variable.py","lineno":158,"logger":"py.warnings"}
{"timestamp":"2026-08-29T10:35:53.686782Z","level":"info","event":"Filling up the DagBag from /opt/airflow/dags/verdanta_weekly.py","logger":"airflow.dag_processing.dagbag.BundleDagBag","filename":"dagbag.py","lineno":469}
{"timestamp":"2026-08-29T10:35:53.769065Z","level":"info","event":"::group::Cosmos DAG parsing logs","logger":"cosmos.converter","filename":"converter.py","lineno":321}
{"timestamp":"2026-08-29T10:35:53.773065Z","level":"info","event":"Cosmos cache dir resolved to /tmp/cosmos/verdanta_weekly__dbt_weekly","logger":"cosmos.converter","filename":"converter.py","lineno":346}
{"timestamp":"2026-08-29T10:35:53.773337Z","level":"info","event":"Trying to parse the dbt project using dbt ls cache cosmos_cache__verdanta_weekly__dbt_weekly...","logger":"cosmos.dbt.graph","filename":"graph.py","lineno":869}
{"timestamp":"2026-08-29T10:35:53.917325Z","level":"info","event":"Cosmos performance: time to calculate cache identifier cosmos_cache__verdanta_weekly__dbt_weekly for current version: 0.12855237800067698","logger":"cosmos.cache","filename":"cache.py","lineno":401}
{"timestamp":"2026-08-29T10:35:53.917616Z","level":"info","event":"Cosmos performance [e56005473659|1718]: The cache size for cosmos_cache__verdanta_weekly__dbt_weekly is 23804","logger":"cosmos.dbt.graph","filename":"graph.py","lineno":886}
{"timestamp":"2026-08-29T10:35:53.918659Z","level":"info","event":"Cosmos performance: Cache hit for cosmos_cache__verdanta_weekly__dbt_weekly - 39a8c4b6e19a7b5e14cfea47af7dbd90,1ae01f5b93cde0ad1f6d9482f1b54abd","logger":"cosmos.dbt.graph","filename":"graph.py","lineno":898}
{"timestamp":"2026-08-29T10:35:53.918791Z","level":"info","event":"Total nodes: 27","logger":"cosmos.dbt.graph","filename":"graph.py","lineno":799}
{"timestamp":"2026-08-29T10:35:53.918856Z","level":"info","event":"Total filtered nodes: 27","logger":"cosmos.dbt.graph","filename":"graph.py","lineno":800}
{"timestamp":"2026-08-29T10:35:53.918960Z","level":"info","event":"Cosmos performance (verdanta_weekly__dbt_weekly) - [e56005473659|1718]: It took 0.146s to parse the dbt project for DAG using LoadMode.DBT_LS_CACHE","logger":"cosmos.converter","filename":"converter.py","lineno":371}
{"timestamp":"2026-08-29T10:35:53.941519Z","level":"info","event":"Cosmos performance (verdanta_weekly__dbt_weekly) - [e56005473659|1718]: It took 0.0225s to build the Airflow DAG.","logger":"cosmos.converter","filename":"converter.py","lineno":423}
{"timestamp":"2026-08-29T10:35:53.941676Z","level":"info","event":"::endgroup::Cosmos DAG parsing logs","logger":"cosmos.converter","filename":"converter.py","lineno":430}
{"timestamp":"2026-08-29T10:35:53.942281Z","level":"warning","event":"Using Variable.get from `airflow.models` is deprecated.Please use `get` on Variable from sdk(`airflow.sdk.Variable`) instead","category":"UserWarning","filename":"/home/airflow/.local/lib/python3.13/site-packages/airflow/models/variable.py","lineno":158,"logger":"py.warnings"}
{"timestamp":"2026-08-29T10:36:24.030374Z","level":"info","event":"Filling up the DagBag from /opt/airflow/dags/verdanta_weekly.py","logger":"airflow.dag_processing.dagbag.BundleDagBag","filename":"dagbag.py","lineno":469}
{"timestamp":"2026-08-29T10:36:24.099225Z","level":"info","event":"::group::Cosmos DAG parsing logs","logger":"cosmos.converter","filename":"converter.py","lineno":321}
{"timestamp":"2026-08-29T10:36:24.102550Z","level":"info","event":"Cosmos cache dir resolved to /tmp/cosmos/verdanta_weekly__dbt_weekly","logger":"cosmos.converter","filename":"converter.py","lineno":346}
{"timestamp":"2026-08-29T10:36:24.102802Z","level":"info","event":"Trying to parse the dbt project using dbt ls cache cosmos_cache__verdanta_weekly__dbt_weekly...","logger":"cosmos.dbt.graph","filename":"graph.py","lineno":869}
{"timestamp":"2026-08-29T10:36:24.250243Z","level":"info","event":"Cosmos performance: time to calculate cache identifier cosmos_cache__verdanta_weekly__dbt_weekly for current version: 0.13109456500023953","logger":"cosmos.cache","filename":"cache.py","lineno":401}
{"timestamp":"2026-08-29T10:36:24.250484Z","level":"info","event":"Cosmos performance [e56005473659|1750]: The cache size for cosmos_cache__verdanta_weekly__dbt_weekly is 23804","logger":"cosmos.dbt.graph","filename":"graph.py","lineno":886}
{"timestamp":"2026-08-29T10:36:24.251334Z","level":"info","event":"Cosmos performance: Cache hit for cosmos_cache__verdanta_weekly__dbt_weekly - 39a8c4b6e19a7b5e14cfea47af7dbd90,1ae01f5b93cde0ad1f6d9482f1b54abd","logger":"cosmos.dbt.graph","filename":"graph.py","lineno":898}
{"timestamp":"2026-08-29T10:36:24.251499Z","level":"info","event":"Total nodes: 27","logger":"cosmos.dbt.graph","filename":"graph.py","lineno":799}
{"timestamp":"2026-08-29T10:36:24.251566Z","level":"info","event":"Total filtered nodes: 27","logger":"cosmos.dbt.graph","filename":"graph.py","lineno":800}
{"timestamp":"2026-08-29T10:36:24.251641Z","level":"info","event":"Cosmos performance (verdanta_weekly__dbt_weekly) - [e56005473659|1750]: It took 0.149s to parse the dbt project for DAG using LoadMode.DBT_LS_CACHE","logger":"cosmos.converter","filename":"converter.py","lineno":371}
{"timestamp":"2026-08-29T10:36:24.273640Z","level":"info","event":"Cosmos performance (verdanta_weekly__dbt_weekly) - [e56005473659|1750]: It took 0.0219s to build the Airflow DAG.","logger":"cosmos.converter","filename":"converter.py","lineno":423}
{"timestamp":"2026-08-29T10:36:24.273797Z","level":"info","event":"::endgroup::Cosmos DAG parsing logs","logger":"cosmos.converter","filename":"converter.py","lineno":430}
{"timestamp":"2026-08-29T10:36:24.274253Z","level":"warning","event":"Using Variable.get from `airflow.models` is deprecated.Please use `get` on Variable from sdk(`airflow.sdk.Variable`) instead","category":"UserWarning","filename":"/home/airflow/.local/lib/python3.13/site-packages/airflow/models/variable.py","lineno":158,"logger":"py.warnings"}
{"timestamp":"2026-08-29T10:36:54.999693Z","level":"info","event":"Filling up the DagBag from /opt/airflow/dags/verdanta_weekly.py","logger":"airflow.dag_processing.dagbag.BundleDagBag","filename":"dagbag.py","lineno":469}
{"timestamp":"2026-08-29T10:36:55.065157Z","level":"info","event":"::group::Cosmos DAG parsing logs","logger":"cosmos.converter","filename":"converter.py","lineno":321}
{"timestamp":"2026-08-29T10:36:55.068859Z","level":"info","event":"Cosmos cache dir resolved to /tmp/cosmos/verdanta_weekly__dbt_weekly","logger":"cosmos.converter","filename":"converter.py","lineno":346}
{"timestamp":"2026-08-29T10:36:55.069071Z","level":"info","event":"Trying to parse the dbt project using dbt ls cache cosmos_cache__verdanta_weekly__dbt_weekly...","logger":"cosmos.dbt.graph","filename":"graph.py","lineno":869}
{"timestamp":"2026-08-29T10:36:55.211713Z","level":"info","event":"Cosmos performance: time to calculate cache identifier cosmos_cache__verdanta_weekly__dbt_weekly for current version: 0.12812966499950562","logger":"cosmos.cache","filename":"cache.py","lineno":401}
{"timestamp":"2026-08-29T10:36:55.211956Z","level":"info","event":"Cosmos performance [e56005473659|1786]: The cache size for cosmos_cache__verdanta_weekly__dbt_weekly is 23804","logger":"cosmos.dbt.graph","filename":"graph.py","lineno":886}
{"timestamp":"2026-08-29T10:36:55.212778Z","level":"info","event":"Cosmos performance: Cache hit for cosmos_cache__verdanta_weekly__dbt_weekly - 39a8c4b6e19a7b5e14cfea47af7dbd90,1ae01f5b93cde0ad1f6d9482f1b54abd","logger":"cosmos.dbt.graph","filename":"graph.py","lineno":898}
{"timestamp":"2026-08-29T10:36:55.212916Z","level":"info","event":"Total nodes: 27","logger":"cosmos.dbt.graph","filename":"graph.py","lineno":799}
{"timestamp":"2026-08-29T10:36:55.212978Z","level":"info","event":"Total filtered nodes: 27","logger":"cosmos.dbt.graph","filename":"graph.py","lineno":800}
{"timestamp":"2026-08-29T10:36:55.213046Z","level":"info","event":"Cosmos performance (verdanta_weekly__dbt_weekly) - [e56005473659|1786]: It took 0.144s to parse the dbt project for DAG using LoadMode.DBT_LS_CACHE","logger":"cosmos.converter","filename":"converter.py","lineno":371}
{"timestamp":"2026-08-29T10:36:55.236685Z","level":"info","event":"Cosmos performance (verdanta_weekly__dbt_weekly) - [e56005473659|1786]: It took 0.0236s to build the Airflow DAG.","logger":"cosmos.converter","filename":"converter.py","lineno":423}
{"timestamp":"2026-08-29T10:36:55.236910Z","level":"info","event":"::endgroup::Cosmos DAG parsing logs","logger":"cosmos.converter","filename":"converter.py","lineno":430}
{"timestamp":"2026-08-29T10:36:55.237389Z","level":"warning","event":"Using Variable.get from `airflow.models` is deprecated.Please use `get` on Variable from sdk(`airflow.sdk.Variable`) instead","category":"UserWarning","filename":"/home/airflow/.local/lib/python3.13/site-packages/airflow/models/variable.py","lineno":158,"logger":"py.warnings"}
{"timestamp":"2026-08-29T10:37:25.864162Z","level":"info","event":"Filling up the DagBag from /opt/airflow/dags/verdanta_weekly.py","logger":"airflow.dag_processing.dagbag.BundleDagBag","filename":"dagbag.py","lineno":469}
{"timestamp":"2026-08-29T10:37:25.932745Z","level":"info","event":"::group::Cosmos DAG parsing logs","logger":"cosmos.converter","filename":"converter.py","lineno":321}
{"timestamp":"2026-08-29T10:37:25.936028Z","level":"info","event":"Cosmos cache dir resolved to /tmp/cosmos/verdanta_weekly__dbt_weekly","logger":"cosmos.converter","filename":"converter.py","lineno":346}
{"timestamp":"2026-08-29T10:37:25.936243Z","level":"info","event":"Trying to parse the dbt project using dbt ls cache cosmos_cache__verdanta_weekly__dbt_weekly...","logger":"cosmos.dbt.graph","filename":"graph.py","lineno":869}
{"timestamp":"2026-08-29T10:37:26.086482Z","level":"info","event":"Cosmos performance: time to calculate cache identifier cosmos_cache__verdanta_weekly__dbt_weekly for current version: 0.13369821100059198","logger":"cosmos.cache","filename":"cache.py","lineno":401}
{"timestamp":"2026-08-29T10:37:26.086745Z","level":"info","event":"Cosmos performance [e56005473659|1822]: The cache size for cosmos_cache__verdanta_weekly__dbt_weekly is 23804","logger":"cosmos.dbt.graph","filename":"graph.py","lineno":886}
{"timestamp":"2026-08-29T10:37:26.087978Z","level":"info","event":"Cosmos performance: Cache hit for cosmos_cache__verdanta_weekly__dbt_weekly - 39a8c4b6e19a7b5e14cfea47af7dbd90,1ae01f5b93cde0ad1f6d9482f1b54abd","logger":"cosmos.dbt.graph","filename":"graph.py","lineno":898}
{"timestamp":"2026-08-29T10:37:26.088232Z","level":"info","event":"Total nodes: 27","logger":"cosmos.dbt.graph","filename":"graph.py","lineno":799}
{"timestamp":"2026-08-29T10:37:26.088336Z","level":"info","event":"Total filtered nodes: 27","logger":"cosmos.dbt.graph","filename":"graph.py","lineno":800}
{"timestamp":"2026-08-29T10:37:26.088474Z","level":"info","event":"Cosmos performance (verdanta_weekly__dbt_weekly) - [e56005473659|1822]: It took 0.152s to parse the dbt project for DAG using LoadMode.DBT_LS_CACHE","logger":"cosmos.converter","filename":"converter.py","lineno":371}
{"timestamp":"2026-08-29T10:37:26.114860Z","level":"info","event":"Cosmos performance (verdanta_weekly__dbt_weekly) - [e56005473659|1822]: It took 0.0264s to build the Airflow DAG.","logger":"cosmos.converter","filename":"converter.py","lineno":423}
{"timestamp":"2026-08-29T10:37:26.115027Z","level":"info","event":"::endgroup::Cosmos DAG parsing logs","logger":"cosmos.converter","filename":"converter.py","lineno":430}
{"timestamp":"2026-08-29T10:37:26.115513Z","level":"warning","event":"Using Variable.get from `airflow.models` is deprecated.Please use `get` on Variable from sdk(`airflow.sdk.Variable`) instead","category":"UserWarning","filename":"/home/airflow/.local/lib/python3.13/site-packages/airflow/models/variable.py","lineno":158,"logger":"py.warnings"}
{"timestamp":"2026-08-29T10:37:57.113492Z","level":"info","event":"Filling up the DagBag from /opt/airflow/dags/verdanta_weekly.py","logger":"airflow.dag_processing.dagbag.BundleDagBag","filename":"dagbag.py","lineno":469}
{"timestamp":"2026-08-29T10:37:57.182295Z","level":"info","event":"::group::Cosmos DAG parsing logs","logger":"cosmos.converter","filename":"converter.py","lineno":321}
{"timestamp":"2026-08-29T10:37:57.186315Z","level":"info","event":"Cosmos cache dir resolved to /tmp/cosmos/verdanta_weekly__dbt_weekly","logger":"cosmos.converter","filename":"converter.py","lineno":346}
{"timestamp":"2026-08-29T10:37:57.186606Z","level":"info","event":"Trying to parse the dbt project using dbt ls cache cosmos_cache__verdanta_weekly__dbt_weekly...","logger":"cosmos.dbt.graph","filename":"graph.py","lineno":869}
{"timestamp":"2026-08-29T10:37:57.330954Z","level":"info","event":"Cosmos performance: time to calculate cache identifier cosmos_cache__verdanta_weekly__dbt_weekly for current version: 0.1284551589997136","logger":"cosmos.cache","filename":"cache.py","lineno":401}
{"timestamp":"2026-08-29T10:37:57.331183Z","level":"info","event":"Cosmos performance [e56005473659|1858]: The cache size for cosmos_cache__verdanta_weekly__dbt_weekly is 23804","logger":"cosmos.dbt.graph","filename":"graph.py","lineno":886}
{"timestamp":"2026-08-29T10:37:57.332044Z","level":"info","event":"Cosmos performance: Cache hit for cosmos_cache__verdanta_weekly__dbt_weekly - 39a8c4b6e19a7b5e14cfea47af7dbd90,1ae01f5b93cde0ad1f6d9482f1b54abd","logger":"cosmos.dbt.graph","filename":"graph.py","lineno":898}
{"timestamp":"2026-08-29T10:37:57.332178Z","level":"info","event":"Total nodes: 27","logger":"cosmos.dbt.graph","filename":"graph.py","lineno":799}
{"timestamp":"2026-08-29T10:37:57.332240Z","level":"info","event":"Total filtered nodes: 27","logger":"cosmos.dbt.graph","filename":"graph.py","lineno":800}
{"timestamp":"2026-08-29T10:37:57.332315Z","level":"info","event":"Cosmos performance (verdanta_weekly__dbt_weekly) - [e56005473659|1858]: It took 0.146s to parse the dbt project for DAG using LoadMode.DBT_LS_CACHE","logger":"cosmos.converter","filename":"converter.py","lineno":371}
{"timestamp":"2026-08-29T10:37:57.355261Z","level":"info","event":"Cosmos performance (verdanta_weekly__dbt_weekly) - [e56005473659|1858]: It took 0.0229s to build the Airflow DAG.","logger":"cosmos.converter","filename":"converter.py","lineno":423}
{"timestamp":"2026-08-29T10:37:57.355438Z","level":"info","event":"::endgroup::Cosmos DAG parsing logs","logger":"cosmos.converter","filename":"converter.py","lineno":430}
{"timestamp":"2026-08-29T10:37:57.355970Z","level":"warning","event":"Using Variable.get from `airflow.models` is deprecated.Please use `get` on Variable from sdk(`airflow.sdk.Variable`) instead","category":"UserWarning","filename":"/home/airflow/.local/lib/python3.13/site-packages/airflow/models/variable.py","lineno":158,"logger":"py.warnings"}
{"timestamp":"2026-08-29T10:38:27.880083Z","level":"info","event":"Filling up the DagBag from /opt/airflow/dags/verdanta_weekly.py","logger":"airflow.dag_processing.dagbag.BundleDagBag","filename":"dagbag.py","lineno":469}
{"timestamp":"2026-08-29T10:38:27.952912Z","level":"info","event":"::group::Cosmos DAG parsing logs","logger":"cosmos.converter","filename":"converter.py","lineno":321}
{"timestamp":"2026-08-29T10:38:27.956997Z","level":"info","event":"Cosmos cache dir resolved to /tmp/cosmos/verdanta_weekly__dbt_weekly","logger":"cosmos.converter","filename":"converter.py","lineno":346}
{"timestamp":"2026-08-29T10:38:27.957264Z","level":"info","event":"Trying to parse the dbt project using dbt ls cache cosmos_cache__verdanta_weekly__dbt_weekly...","logger":"cosmos.dbt.graph","filename":"graph.py","lineno":869}
{"timestamp":"2026-08-29T10:38:28.105478Z","level":"info","event":"Cosmos performance: time to calculate cache identifier cosmos_cache__verdanta_weekly__dbt_weekly for current version: 0.13091339799939306","logger":"cosmos.cache","filename":"cache.py","lineno":401}
{"timestamp":"2026-08-29T10:38:28.105729Z","level":"info","event":"Cosmos performance [e56005473659|1876]: The cache size for cosmos_cache__verdanta_weekly__dbt_weekly is 23804","logger":"cosmos.dbt.graph","filename":"graph.py","lineno":886}
{"timestamp":"2026-08-29T10:38:28.106764Z","level":"info","event":"Cosmos performance: Cache hit for cosmos_cache__verdanta_weekly__dbt_weekly - 39a8c4b6e19a7b5e14cfea47af7dbd90,1ae01f5b93cde0ad1f6d9482f1b54abd","logger":"cosmos.dbt.graph","filename":"graph.py","lineno":898}
{"timestamp":"2026-08-29T10:38:28.106959Z","level":"info","event":"Total nodes: 27","logger":"cosmos.dbt.graph","filename":"graph.py","lineno":799}
{"timestamp":"2026-08-29T10:38:28.107078Z","level":"info","event":"Total filtered nodes: 27","logger":"cosmos.dbt.graph","filename":"graph.py","lineno":800}
{"timestamp":"2026-08-29T10:38:28.107176Z","level":"info","event":"Cosmos performance (verdanta_weekly__dbt_weekly) - [e56005473659|1876]: It took 0.15s to parse the dbt project for DAG using LoadMode.DBT_LS_CACHE","logger":"cosmos.converter","filename":"converter.py","lineno":371}
{"timestamp":"2026-08-29T10:38:28.132540Z","level":"info","event":"Cosmos performance (verdanta_weekly__dbt_weekly) - [e56005473659|1876]: It took 0.0253s to build the Airflow DAG.","logger":"cosmos.converter","filename":"converter.py","lineno":423}
{"timestamp":"2026-08-29T10:38:28.132724Z","level":"info","event":"::endgroup::Cosmos DAG parsing logs","logger":"cosmos.converter","filename":"converter.py","lineno":430}
{"timestamp":"2026-08-29T10:38:28.133472Z","level":"warning","event":"Using Variable.get from `airflow.models` is deprecated.Please use `get` on Variable from sdk(`airflow.sdk.Variable`) instead","category":"UserWarning","filename":"/home/airflow/.local/lib/python3.13/site-packages/airflow/models/variable.py","lineno":158,"logger":"py.warnings"}
{"timestamp":"2026-08-29T10:38:58.227159Z","level":"info","event":"Filling up the DagBag from /opt/airflow/dags/verdanta_weekly.py","logger":"airflow.dag_processing.dagbag.BundleDagBag","filename":"dagbag.py","lineno":469}
{"timestamp":"2026-08-29T10:38:58.334400Z","level":"info","event":"::group::Cosmos DAG parsing logs","logger":"cosmos.converter","filename":"converter.py","lineno":321}
{"timestamp":"2026-08-29T10:38:58.342160Z","level":"info","event":"Cosmos cache dir resolved to /tmp/cosmos/verdanta_weekly__dbt_weekly","logger":"cosmos.converter","filename":"converter.py","lineno":346}
{"timestamp":"2026-08-29T10:38:58.342483Z","level":"info","event":"Trying to parse the dbt project using dbt ls cache cosmos_cache__verdanta_weekly__dbt_weekly...","logger":"cosmos.dbt.graph","filename":"graph.py","lineno":869}
{"timestamp":"2026-08-29T10:38:58.496306Z","level":"info","event":"Cosmos performance: time to calculate cache identifier cosmos_cache__verdanta_weekly__dbt_weekly for current version: 0.13526789200113853","logger":"cosmos.cache","filename":"cache.py","lineno":401}
{"timestamp":"2026-08-29T10:38:58.496607Z","level":"info","event":"Cosmos performance [e56005473659|1908]: The cache size for cosmos_cache__verdanta_weekly__dbt_weekly is 23804","logger":"cosmos.dbt.graph","filename":"graph.py","lineno":886}
{"timestamp":"2026-08-29T10:38:58.497694Z","level":"info","event":"Cosmos performance: Cache hit for cosmos_cache__verdanta_weekly__dbt_weekly - 39a8c4b6e19a7b5e14cfea47af7dbd90,1ae01f5b93cde0ad1f6d9482f1b54abd","logger":"cosmos.dbt.graph","filename":"graph.py","lineno":898}
{"timestamp":"2026-08-29T10:38:58.497906Z","level":"info","event":"Total nodes: 27","logger":"cosmos.dbt.graph","filename":"graph.py","lineno":799}
{"timestamp":"2026-08-29T10:38:58.498017Z","level":"info","event":"Total filtered nodes: 27","logger":"cosmos.dbt.graph","filename":"graph.py","lineno":800}
{"timestamp":"2026-08-29T10:38:58.498098Z","level":"info","event":"Cosmos performance (verdanta_weekly__dbt_weekly) - [e56005473659|1908]: It took 0.156s to parse the dbt project for DAG using LoadMode.DBT_LS_CACHE","logger":"cosmos.converter","filename":"converter.py","lineno":371}
{"timestamp":"2026-08-29T10:38:58.521054Z","level":"info","event":"Cosmos performance (verdanta_weekly__dbt_weekly) - [e56005473659|1908]: It took 0.0229s to build the Airflow DAG.","logger":"cosmos.converter","filename":"converter.py","lineno":423}
{"timestamp":"2026-08-29T10:38:58.521238Z","level":"info","event":"::endgroup::Cosmos DAG parsing logs","logger":"cosmos.converter","filename":"converter.py","lineno":430}
{"timestamp":"2026-08-29T10:38:58.521886Z","level":"warning","event":"Using Variable.get from `airflow.models` is deprecated.Please use `get` on Variable from sdk(`airflow.sdk.Variable`) instead","category":"UserWarning","filename":"/home/airflow/.local/lib/python3.13/site-packages/airflow/models/variable.py","lineno":158,"logger":"py.warnings"}
{"timestamp":"2026-08-29T10:39:29.105234Z","level":"info","event":"Filling up the DagBag from /opt/airflow/dags/verdanta_weekly.py","logger":"airflow.dag_processing.dagbag.BundleDagBag","filename":"dagbag.py","lineno":469}
{"timestamp":"2026-08-29T10:39:29.189136Z","level":"info","event":"::group::Cosmos DAG parsing logs","logger":"cosmos.converter","filename":"converter.py","lineno":321}
{"timestamp":"2026-08-29T10:39:29.193508Z","level":"info","event":"Cosmos cache dir resolved to /tmp/cosmos/verdanta_weekly__dbt_weekly","logger":"cosmos.converter","filename":"converter.py","lineno":346}
{"timestamp":"2026-08-29T10:39:29.193741Z","level":"info","event":"Trying to parse the dbt project using dbt ls cache cosmos_cache__verdanta_weekly__dbt_weekly...","logger":"cosmos.dbt.graph","filename":"graph.py","lineno":869}
{"timestamp":"2026-08-29T10:39:29.347016Z","level":"info","event":"Cosmos performance: time to calculate cache identifier cosmos_cache__verdanta_weekly__dbt_weekly for current version: 0.1342709130003641","logger":"cosmos.cache","filename":"cache.py","lineno":401}
{"timestamp":"2026-08-29T10:39:29.347338Z","level":"info","event":"Cosmos performance [e56005473659|1941]: The cache size for cosmos_cache__verdanta_weekly__dbt_weekly is 23804","logger":"cosmos.dbt.graph","filename":"graph.py","lineno":886}
{"timestamp":"2026-08-29T10:39:29.348215Z","level":"info","event":"Cosmos performance: Cache hit for cosmos_cache__verdanta_weekly__dbt_weekly - 39a8c4b6e19a7b5e14cfea47af7dbd90,1ae01f5b93cde0ad1f6d9482f1b54abd","logger":"cosmos.dbt.graph","filename":"graph.py","lineno":898}
{"timestamp":"2026-08-29T10:39:29.348373Z","level":"info","event":"Total nodes: 27","logger":"cosmos.dbt.graph","filename":"graph.py","lineno":799}
{"timestamp":"2026-08-29T10:39:29.348440Z","level":"info","event":"Total filtered nodes: 27","logger":"cosmos.dbt.graph","filename":"graph.py","lineno":800}
{"timestamp":"2026-08-29T10:39:29.348521Z","level":"info","event":"Cosmos performance (verdanta_weekly__dbt_weekly) - [e56005473659|1941]: It took 0.155s to parse the dbt project for DAG using LoadMode.DBT_LS_CACHE","logger":"cosmos.converter","filename":"converter.py","lineno":371}
{"timestamp":"2026-08-29T10:39:29.373130Z","level":"info","event":"Cosmos performance (verdanta_weekly__dbt_weekly) - [e56005473659|1941]: It took 0.0245s to build the Airflow DAG.","logger":"cosmos.converter","filename":"converter.py","lineno":423}
{"timestamp":"2026-08-29T10:39:29.373303Z","level":"info","event":"::endgroup::Cosmos DAG parsing logs","logger":"cosmos.converter","filename":"converter.py","lineno":430}
{"timestamp":"2026-08-29T10:39:29.373928Z","level":"warning","event":"Using Variable.get from `airflow.models` is deprecated.Please use `get` on Variable from sdk(`airflow.sdk.Variable`) instead","category":"UserWarning","filename":"/home/airflow/.local/lib/python3.13/site-packages/airflow/models/variable.py","lineno":158,"logger":"py.warnings"}
{"timestamp":"2026-08-29T10:40:00.152102Z","level":"info","event":"Filling up the DagBag from /opt/airflow/dags/verdanta_weekly.py","logger":"airflow.dag_processing.dagbag.BundleDagBag","filename":"dagbag.py","lineno":469}
{"timestamp":"2026-08-29T10:40:00.243234Z","level":"info","event":"::group::Cosmos DAG parsing logs","logger":"cosmos.converter","filename":"converter.py","lineno":321}
{"timestamp":"2026-08-29T10:40:00.247657Z","level":"info","event":"Cosmos cache dir resolved to /tmp/cosmos/verdanta_weekly__dbt_weekly","logger":"cosmos.converter","filename":"converter.py","lineno":346}
{"timestamp":"2026-08-29T10:40:00.247867Z","level":"info","event":"Trying to parse the dbt project using dbt ls cache cosmos_cache__verdanta_weekly__dbt_weekly...","logger":"cosmos.dbt.graph","filename":"graph.py","lineno":869}
{"timestamp":"2026-08-29T10:40:00.392697Z","level":"info","event":"Cosmos performance: time to calculate cache identifier cosmos_cache__verdanta_weekly__dbt_weekly for current version: 0.12697379400015052","logger":"cosmos.cache","filename":"cache.py","lineno":401}
{"timestamp":"2026-08-29T10:40:00.392930Z","level":"info","event":"Cosmos performance [e56005473659|1977]: The cache size for cosmos_cache__verdanta_weekly__dbt_weekly is 23804","logger":"cosmos.dbt.graph","filename":"graph.py","lineno":886}
{"timestamp":"2026-08-29T10:40:00.393971Z","level":"info","event":"Cosmos performance: Cache hit for cosmos_cache__verdanta_weekly__dbt_weekly - 39a8c4b6e19a7b5e14cfea47af7dbd90,1ae01f5b93cde0ad1f6d9482f1b54abd","logger":"cosmos.dbt.graph","filename":"graph.py","lineno":898}
{"timestamp":"2026-08-29T10:40:00.394124Z","level":"info","event":"Total nodes: 27","logger":"cosmos.dbt.graph","filename":"graph.py","lineno":799}
{"timestamp":"2026-08-29T10:40:00.394188Z","level":"info","event":"Total filtered nodes: 27","logger":"cosmos.dbt.graph","filename":"graph.py","lineno":800}
{"timestamp":"2026-08-29T10:40:00.394364Z","level":"info","event":"Cosmos performance (verdanta_weekly__dbt_weekly) - [e56005473659|1977]: It took 0.147s to parse the dbt project for DAG using LoadMode.DBT_LS_CACHE","logger":"cosmos.converter","filename":"converter.py","lineno":371}
{"timestamp":"2026-08-29T10:40:00.418368Z","level":"info","event":"Cosmos performance (verdanta_weekly__dbt_weekly) - [e56005473659|1977]: It took 0.024s to build the Airflow DAG.","logger":"cosmos.converter","filename":"converter.py","lineno":423}
{"timestamp":"2026-08-29T10:40:00.418532Z","level":"info","event":"::endgroup::Cosmos DAG parsing logs","logger":"cosmos.converter","filename":"converter.py","lineno":430}
{"timestamp":"2026-08-29T10:40:00.419179Z","level":"warning","event":"Using Variable.get from `airflow.models` is deprecated.Please use `get` on Variable from sdk(`airflow.sdk.Variable`) instead","category":"UserWarning","filename":"/home/airflow/.local/lib/python3.13/site-packages/airflow/models/variable.py","lineno":158,"logger":"py.warnings"}
{"timestamp":"2026-08-29T10:40:31.180417Z","level":"info","event":"Filling up the DagBag from /opt/airflow/dags/verdanta_weekly.py","logger":"airflow.dag_processing.dagbag.BundleDagBag","filename":"dagbag.py","lineno":469}
{"timestamp":"2026-08-29T10:40:31.248285Z","level":"info","event":"::group::Cosmos DAG parsing logs","logger":"cosmos.converter","filename":"converter.py","lineno":321}
{"timestamp":"2026-08-29T10:40:31.251542Z","level":"info","event":"Cosmos cache dir resolved to /tmp/cosmos/verdanta_weekly__dbt_weekly","logger":"cosmos.converter","filename":"converter.py","lineno":346}
{"timestamp":"2026-08-29T10:40:31.251773Z","level":"info","event":"Trying to parse the dbt project using dbt ls cache cosmos_cache__verdanta_weekly__dbt_weekly...","logger":"cosmos.dbt.graph","filename":"graph.py","lineno":869}
{"timestamp":"2026-08-29T10:40:31.401886Z","level":"info","event":"Cosmos performance: time to calculate cache identifier cosmos_cache__verdanta_weekly__dbt_weekly for current version: 0.13052208899898687","logger":"cosmos.cache","filename":"cache.py","lineno":401}
{"timestamp":"2026-08-29T10:40:31.402130Z","level":"info","event":"Cosmos performance [e56005473659|2013]: The cache size for cosmos_cache__verdanta_weekly__dbt_weekly is 23804","logger":"cosmos.dbt.graph","filename":"graph.py","lineno":886}
{"timestamp":"2026-08-29T10:40:31.402964Z","level":"info","event":"Cosmos performance: Cache hit for cosmos_cache__verdanta_weekly__dbt_weekly - 39a8c4b6e19a7b5e14cfea47af7dbd90,1ae01f5b93cde0ad1f6d9482f1b54abd","logger":"cosmos.dbt.graph","filename":"graph.py","lineno":898}
{"timestamp":"2026-08-29T10:40:31.403094Z","level":"info","event":"Total nodes: 27","logger":"cosmos.dbt.graph","filename":"graph.py","lineno":799}
{"timestamp":"2026-08-29T10:40:31.403157Z","level":"info","event":"Total filtered nodes: 27","logger":"cosmos.dbt.graph","filename":"graph.py","lineno":800}
{"timestamp":"2026-08-29T10:40:31.403223Z","level":"info","event":"Cosmos performance (verdanta_weekly__dbt_weekly) - [e56005473659|2013]: It took 0.152s to parse the dbt project for DAG using LoadMode.DBT_LS_CACHE","logger":"cosmos.converter","filename":"converter.py","lineno":371}
{"timestamp":"2026-08-29T10:40:31.427250Z","level":"info","event":"Cosmos performance (verdanta_weekly__dbt_weekly) - [e56005473659|2013]: It took 0.024s to build the Airflow DAG.","logger":"cosmos.converter","filename":"converter.py","lineno":423}
{"timestamp":"2026-08-29T10:40:31.427409Z","level":"info","event":"::endgroup::Cosmos DAG parsing logs","logger":"cosmos.converter","filename":"converter.py","lineno":430}
{"timestamp":"2026-08-29T10:40:31.427944Z","level":"warning","event":"Using Variable.get from `airflow.models` is deprecated.Please use `get` on Variable from sdk(`airflow.sdk.Variable`) instead","category":"UserWarning","filename":"/home/airflow/.local/lib/python3.13/site-packages/airflow/models/variable.py","lineno":158,"logger":"py.warnings"}
{"timestamp":"2026-08-29T10:41:01.982410Z","level":"info","event":"Filling up the DagBag from /opt/airflow/dags/verdanta_weekly.py","logger":"airflow.dag_processing.dagbag.BundleDagBag","filename":"dagbag.py","lineno":469}
{"timestamp":"2026-08-29T10:41:02.048147Z","level":"info","event":"::group::Cosmos DAG parsing logs","logger":"cosmos.converter","filename":"converter.py","lineno":321}
{"timestamp":"2026-08-29T10:41:02.051605Z","level":"info","event":"Cosmos cache dir resolved to /tmp/cosmos/verdanta_weekly__dbt_weekly","logger":"cosmos.converter","filename":"converter.py","lineno":346}
{"timestamp":"2026-08-29T10:41:02.051801Z","level":"info","event":"Trying to parse the dbt project using dbt ls cache cosmos_cache__verdanta_weekly__dbt_weekly...","logger":"cosmos.dbt.graph","filename":"graph.py","lineno":869}
{"timestamp":"2026-08-29T10:41:02.202274Z","level":"info","event":"Cosmos performance: time to calculate cache identifier cosmos_cache__verdanta_weekly__dbt_weekly for current version: 0.13944805800019822","logger":"cosmos.cache","filename":"cache.py","lineno":401}
{"timestamp":"2026-08-29T10:41:02.202524Z","level":"info","event":"Cosmos performance [e56005473659|2048]: The cache size for cosmos_cache__verdanta_weekly__dbt_weekly is 23804","logger":"cosmos.dbt.graph","filename":"graph.py","lineno":886}
{"timestamp":"2026-08-29T10:41:02.203501Z","level":"info","event":"Cosmos performance: Cache hit for cosmos_cache__verdanta_weekly__dbt_weekly - 39a8c4b6e19a7b5e14cfea47af7dbd90,1ae01f5b93cde0ad1f6d9482f1b54abd","logger":"cosmos.dbt.graph","filename":"graph.py","lineno":898}
{"timestamp":"2026-08-29T10:41:02.203650Z","level":"info","event":"Total nodes: 27","logger":"cosmos.dbt.graph","filename":"graph.py","lineno":799}
{"timestamp":"2026-08-29T10:41:02.203721Z","level":"info","event":"Total filtered nodes: 27","logger":"cosmos.dbt.graph","filename":"graph.py","lineno":800}
{"timestamp":"2026-08-29T10:41:02.203791Z","level":"info","event":"Cosmos performance (verdanta_weekly__dbt_weekly) - [e56005473659|2048]: It took 0.152s to parse the dbt project for DAG using LoadMode.DBT_LS_CACHE","logger":"cosmos.converter","filename":"converter.py","lineno":371}
{"timestamp":"2026-08-29T10:41:02.227920Z","level":"info","event":"Cosmos performance (verdanta_weekly__dbt_weekly) - [e56005473659|2048]: It took 0.0241s to build the Airflow DAG.","logger":"cosmos.converter","filename":"converter.py","lineno":423}
{"timestamp":"2026-08-29T10:41:02.228128Z","level":"info","event":"::endgroup::Cosmos DAG parsing logs","logger":"cosmos.converter","filename":"converter.py","lineno":430}
{"timestamp":"2026-08-29T10:41:02.228694Z","level":"warning","event":"Using Variable.get from `airflow.models` is deprecated.Please use `get` on Variable from sdk(`airflow.sdk.Variable`) instead","category":"UserWarning","filename":"/home/airflow/.local/lib/python3.13/site-packages/airflow/models/variable.py","lineno":158,"logger":"py.warnings"}
{"timestamp":"2026-08-29T10:41:32.360620Z","level":"info","event":"Filling up the DagBag from /opt/airflow/dags/verdanta_weekly.py","logger":"airflow.dag_processing.dagbag.BundleDagBag","filename":"dagbag.py","lineno":469}
{"timestamp":"2026-08-29T10:41:32.436580Z","level":"info","event":"::group::Cosmos DAG parsing logs","logger":"cosmos.converter","filename":"converter.py","lineno":321}
{"timestamp":"2026-08-29T10:41:32.440537Z","level":"info","event":"Cosmos cache dir resolved to /tmp/cosmos/verdanta_weekly__dbt_weekly","logger":"cosmos.converter","filename":"converter.py","lineno":346}
{"timestamp":"2026-08-29T10:41:32.440748Z","level":"info","event":"Trying to parse the dbt project using dbt ls cache cosmos_cache__verdanta_weekly__dbt_weekly...","logger":"cosmos.dbt.graph","filename":"graph.py","lineno":869}
{"timestamp":"2026-08-29T10:41:32.580553Z","level":"info","event":"Cosmos performance: time to calculate cache identifier cosmos_cache__verdanta_weekly__dbt_weekly for current version: 0.12544106200039096","logger":"cosmos.cache","filename":"cache.py","lineno":401}
{"timestamp":"2026-08-29T10:41:32.580787Z","level":"info","event":"Cosmos performance [e56005473659|2063]: The cache size for cosmos_cache__verdanta_weekly__dbt_weekly is 23804","logger":"cosmos.dbt.graph","filename":"graph.py","lineno":886}
{"timestamp":"2026-08-29T10:41:32.581769Z","level":"info","event":"Cosmos performance: Cache hit for cosmos_cache__verdanta_weekly__dbt_weekly - 39a8c4b6e19a7b5e14cfea47af7dbd90,1ae01f5b93cde0ad1f6d9482f1b54abd","logger":"cosmos.dbt.graph","filename":"graph.py","lineno":898}
{"timestamp":"2026-08-29T10:41:32.581925Z","level":"info","event":"Total nodes: 27","logger":"cosmos.dbt.graph","filename":"graph.py","lineno":799}
{"timestamp":"2026-08-29T10:41:32.581997Z","level":"info","event":"Total filtered nodes: 27","logger":"cosmos.dbt.graph","filename":"graph.py","lineno":800}
{"timestamp":"2026-08-29T10:41:32.582076Z","level":"info","event":"Cosmos performance (verdanta_weekly__dbt_weekly) - [e56005473659|2063]: It took 0.141s to parse the dbt project for DAG using LoadMode.DBT_LS_CACHE","logger":"cosmos.converter","filename":"converter.py","lineno":371}
{"timestamp":"2026-08-29T10:41:32.603906Z","level":"info","event":"Cosmos performance (verdanta_weekly__dbt_weekly) - [e56005473659|2063]: It took 0.0218s to build the Airflow DAG.","logger":"cosmos.converter","filename":"converter.py","lineno":423}
{"timestamp":"2026-08-29T10:41:32.604062Z","level":"info","event":"::endgroup::Cosmos DAG parsing logs","logger":"cosmos.converter","filename":"converter.py","lineno":430}
{"timestamp":"2026-08-29T10:41:32.604891Z","level":"warning","event":"Using Variable.get from `airflow.models` is deprecated.Please use `get` on Variable from sdk(`airflow.sdk.Variable`) instead","category":"UserWarning","filename":"/home/airflow/.local/lib/python3.13/site-packages/airflow/models/variable.py","lineno":158,"logger":"py.warnings"}
{"timestamp":"2026-08-29T10:42:03.600022Z","level":"info","event":"Filling up the DagBag from /opt/airflow/dags/verdanta_weekly.py","logger":"airflow.dag_processing.dagbag.BundleDagBag","filename":"dagbag.py","lineno":469}
{"timestamp":"2026-08-29T10:42:03.672286Z","level":"info","event":"::group::Cosmos DAG parsing logs","logger":"cosmos.converter","filename":"converter.py","lineno":321}
{"timestamp":"2026-08-29T10:42:03.675595Z","level":"info","event":"Cosmos cache dir resolved to /tmp/cosmos/verdanta_weekly__dbt_weekly","logger":"cosmos.converter","filename":"converter.py","lineno":346}
{"timestamp":"2026-08-29T10:42:03.675834Z","level":"info","event":"Trying to parse the dbt project using dbt ls cache cosmos_cache__verdanta_weekly__dbt_weekly...","logger":"cosmos.dbt.graph","filename":"graph.py","lineno":869}
{"timestamp":"2026-08-29T10:42:03.821304Z","level":"info","event":"Cosmos performance: time to calculate cache identifier cosmos_cache__verdanta_weekly__dbt_weekly for current version: 0.12862760300049558","logger":"cosmos.cache","filename":"cache.py","lineno":401}
{"timestamp":"2026-08-29T10:42:03.821556Z","level":"info","event":"Cosmos performance [e56005473659|2099]: The cache size for cosmos_cache__verdanta_weekly__dbt_weekly is 23804","logger":"cosmos.dbt.graph","filename":"graph.py","lineno":886}
{"timestamp":"2026-08-29T10:42:03.822481Z","level":"info","event":"Cosmos performance: Cache hit for cosmos_cache__verdanta_weekly__dbt_weekly - 39a8c4b6e19a7b5e14cfea47af7dbd90,1ae01f5b93cde0ad1f6d9482f1b54abd","logger":"cosmos.dbt.graph","filename":"graph.py","lineno":898}
{"timestamp":"2026-08-29T10:42:03.822623Z","level":"info","event":"Total nodes: 27","logger":"cosmos.dbt.graph","filename":"graph.py","lineno":799}
{"timestamp":"2026-08-29T10:42:03.822688Z","level":"info","event":"Total filtered nodes: 27","logger":"cosmos.dbt.graph","filename":"graph.py","lineno":800}
{"timestamp":"2026-08-29T10:42:03.822766Z","level":"info","event":"Cosmos performance (verdanta_weekly__dbt_weekly) - [e56005473659|2099]: It took 0.147s to parse the dbt project for DAG using LoadMode.DBT_LS_CACHE","logger":"cosmos.converter","filename":"converter.py","lineno":371}
{"timestamp":"2026-08-29T10:42:03.847473Z","level":"info","event":"Cosmos performance (verdanta_weekly__dbt_weekly) - [e56005473659|2099]: It took 0.0246s to build the Airflow DAG.","logger":"cosmos.converter","filename":"converter.py","lineno":423}
{"timestamp":"2026-08-29T10:42:03.847650Z","level":"info","event":"::endgroup::Cosmos DAG parsing logs","logger":"cosmos.converter","filename":"converter.py","lineno":430}
{"timestamp":"2026-08-29T10:42:03.848400Z","level":"warning","event":"Using Variable.get from `airflow.models` is deprecated.Please use `get` on Variable from sdk(`airflow.sdk.Variable`) instead","category":"UserWarning","filename":"/home/airflow/.local/lib/python3.13/site-packages/airflow/models/variable.py","lineno":158,"logger":"py.warnings"}
{"timestamp":"2026-08-29T10:42:34.861165Z","level":"info","event":"Filling up the DagBag from /opt/airflow/dags/verdanta_weekly.py","logger":"airflow.dag_processing.dagbag.BundleDagBag","filename":"dagbag.py","lineno":469}
{"timestamp":"2026-08-29T10:42:34.927352Z","level":"info","event":"::group::Cosmos DAG parsing logs","logger":"cosmos.converter","filename":"converter.py","lineno":321}
{"timestamp":"2026-08-29T10:42:34.930912Z","level":"info","event":"Cosmos cache dir resolved to /tmp/cosmos/verdanta_weekly__dbt_weekly","logger":"cosmos.converter","filename":"converter.py","lineno":346}
{"timestamp":"2026-08-29T10:42:34.931120Z","level":"info","event":"Trying to parse the dbt project using dbt ls cache cosmos_cache__verdanta_weekly__dbt_weekly...","logger":"cosmos.dbt.graph","filename":"graph.py","lineno":869}
{"timestamp":"2026-08-29T10:42:35.072585Z","level":"info","event":"Cosmos performance: time to calculate cache identifier cosmos_cache__verdanta_weekly__dbt_weekly for current version: 0.12551807500130963","logger":"cosmos.cache","filename":"cache.py","lineno":401}
{"timestamp":"2026-08-29T10:42:35.072830Z","level":"info","event":"Cosmos performance [e56005473659|2135]: The cache size for cosmos_cache__verdanta_weekly__dbt_weekly is 23804","logger":"cosmos.dbt.graph","filename":"graph.py","lineno":886}
{"timestamp":"2026-08-29T10:42:35.073676Z","level":"info","event":"Cosmos performance: Cache hit for cosmos_cache__verdanta_weekly__dbt_weekly - 39a8c4b6e19a7b5e14cfea47af7dbd90,1ae01f5b93cde0ad1f6d9482f1b54abd","logger":"cosmos.dbt.graph","filename":"graph.py","lineno":898}
{"timestamp":"2026-08-29T10:42:35.073799Z","level":"info","event":"Total nodes: 27","logger":"cosmos.dbt.graph","filename":"graph.py","lineno":799}
{"timestamp":"2026-08-29T10:42:35.073859Z","level":"info","event":"Total filtered nodes: 27","logger":"cosmos.dbt.graph","filename":"graph.py","lineno":800}
{"timestamp":"2026-08-29T10:42:35.073933Z","level":"info","event":"Cosmos performance (verdanta_weekly__dbt_weekly) - [e56005473659|2135]: It took 0.143s to parse the dbt project for DAG using LoadMode.DBT_LS_CACHE","logger":"cosmos.converter","filename":"converter.py","lineno":371}
{"timestamp":"2026-08-29T10:42:35.095892Z","level":"info","event":"Cosmos performance (verdanta_weekly__dbt_weekly) - [e56005473659|2135]: It took 0.0219s to build the Airflow DAG.","logger":"cosmos.converter","filename":"converter.py","lineno":423}
{"timestamp":"2026-08-29T10:42:35.096048Z","level":"info","event":"::endgroup::Cosmos DAG parsing logs","logger":"cosmos.converter","filename":"converter.py","lineno":430}
{"timestamp":"2026-08-29T10:42:35.096437Z","level":"warning","event":"Using Variable.get from `airflow.models` is deprecated.Please use `get` on Variable from sdk(`airflow.sdk.Variable`) instead","category":"UserWarning","filename":"/home/airflow/.local/lib/python3.13/site-packages/airflow/models/variable.py","lineno":158,"logger":"py.warnings"}
{"timestamp":"2026-08-29T10:43:05.973136Z","level":"info","event":"Filling up the DagBag from /opt/airflow/dags/verdanta_weekly.py","logger":"airflow.dag_processing.dagbag.BundleDagBag","filename":"dagbag.py","lineno":469}
{"timestamp":"2026-08-29T10:43:06.051998Z","level":"info","event":"::group::Cosmos DAG parsing logs","logger":"cosmos.converter","filename":"converter.py","lineno":321}
{"timestamp":"2026-08-29T10:43:06.055914Z","level":"info","event":"Cosmos cache dir resolved to /tmp/cosmos/verdanta_weekly__dbt_weekly","logger":"cosmos.converter","filename":"converter.py","lineno":346}
{"timestamp":"2026-08-29T10:43:06.056190Z","level":"info","event":"Trying to parse the dbt project using dbt ls cache cosmos_cache__verdanta_weekly__dbt_weekly...","logger":"cosmos.dbt.graph","filename":"graph.py","lineno":869}
{"timestamp":"2026-08-29T10:43:06.208670Z","level":"info","event":"Cosmos performance: time to calculate cache identifier cosmos_cache__verdanta_weekly__dbt_weekly for current version: 0.13652457900025183","logger":"cosmos.cache","filename":"cache.py","lineno":401}
{"timestamp":"2026-08-29T10:43:06.208912Z","level":"info","event":"Cosmos performance [e56005473659|2170]: The cache size for cosmos_cache__verdanta_weekly__dbt_weekly is 23804","logger":"cosmos.dbt.graph","filename":"graph.py","lineno":886}
{"timestamp":"2026-08-29T10:43:06.209944Z","level":"info","event":"Cosmos performance: Cache hit for cosmos_cache__verdanta_weekly__dbt_weekly - 39a8c4b6e19a7b5e14cfea47af7dbd90,1ae01f5b93cde0ad1f6d9482f1b54abd","logger":"cosmos.dbt.graph","filename":"graph.py","lineno":898}
{"timestamp":"2026-08-29T10:43:06.210080Z","level":"info","event":"Total nodes: 27","logger":"cosmos.dbt.graph","filename":"graph.py","lineno":799}
{"timestamp":"2026-08-29T10:43:06.210148Z","level":"info","event":"Total filtered nodes: 27","logger":"cosmos.dbt.graph","filename":"graph.py","lineno":800}
{"timestamp":"2026-08-29T10:43:06.210253Z","level":"info","event":"Cosmos performance (verdanta_weekly__dbt_weekly) - [e56005473659|2170]: It took 0.154s to parse the dbt project for DAG using LoadMode.DBT_LS_CACHE","logger":"cosmos.converter","filename":"converter.py","lineno":371}
{"timestamp":"2026-08-29T10:43:06.234327Z","level":"info","event":"Cosmos performance (verdanta_weekly__dbt_weekly) - [e56005473659|2170]: It took 0.024s to build the Airflow DAG.","logger":"cosmos.converter","filename":"converter.py","lineno":423}
{"timestamp":"2026-08-29T10:43:06.234498Z","level":"info","event":"::endgroup::Cosmos DAG parsing logs","logger":"cosmos.converter","filename":"converter.py","lineno":430}
{"timestamp":"2026-08-29T10:43:06.235041Z","level":"warning","event":"Using Variable.get from `airflow.models` is deprecated.Please use `get` on Variable from sdk(`airflow.sdk.Variable`) instead","category":"UserWarning","filename":"/home/airflow/.local/lib/python3.13/site-packages/airflow/models/variable.py","lineno":158,"logger":"py.warnings"}
{"timestamp":"2026-08-29T10:43:36.347189Z","level":"info","event":"Filling up the DagBag from /opt/airflow/dags/verdanta_weekly.py","logger":"airflow.dag_processing.dagbag.BundleDagBag","filename":"dagbag.py","lineno":469}
{"timestamp":"2026-08-29T10:43:36.421769Z","level":"info","event":"::group::Cosmos DAG parsing logs","logger":"cosmos.converter","filename":"converter.py","lineno":321}
{"timestamp":"2026-08-29T10:43:36.425948Z","level":"info","event":"Cosmos cache dir resolved to /tmp/cosmos/verdanta_weekly__dbt_weekly","logger":"cosmos.converter","filename":"converter.py","lineno":346}
{"timestamp":"2026-08-29T10:43:36.426259Z","level":"info","event":"Trying to parse the dbt project using dbt ls cache cosmos_cache__verdanta_weekly__dbt_weekly...","logger":"cosmos.dbt.graph","filename":"graph.py","lineno":869}
{"timestamp":"2026-08-29T10:43:36.569182Z","level":"info","event":"Cosmos performance: time to calculate cache identifier cosmos_cache__verdanta_weekly__dbt_weekly for current version: 0.12634718300068926","logger":"cosmos.cache","filename":"cache.py","lineno":401}
{"timestamp":"2026-08-29T10:43:36.569487Z","level":"info","event":"Cosmos performance [e56005473659|2198]: The cache size for cosmos_cache__verdanta_weekly__dbt_weekly is 23804","logger":"cosmos.dbt.graph","filename":"graph.py","lineno":886}
{"timestamp":"2026-08-29T10:43:36.570412Z","level":"info","event":"Cosmos performance: Cache hit for cosmos_cache__verdanta_weekly__dbt_weekly - 39a8c4b6e19a7b5e14cfea47af7dbd90,1ae01f5b93cde0ad1f6d9482f1b54abd","logger":"cosmos.dbt.graph","filename":"graph.py","lineno":898}
{"timestamp":"2026-08-29T10:43:36.570554Z","level":"info","event":"Total nodes: 27","logger":"cosmos.dbt.graph","filename":"graph.py","lineno":799}
{"timestamp":"2026-08-29T10:43:36.570619Z","level":"info","event":"Total filtered nodes: 27","logger":"cosmos.dbt.graph","filename":"graph.py","lineno":800}
{"timestamp":"2026-08-29T10:43:36.570685Z","level":"info","event":"Cosmos performance (verdanta_weekly__dbt_weekly) - [e56005473659|2198]: It took 0.145s to parse the dbt project for DAG using LoadMode.DBT_LS_CACHE","logger":"cosmos.converter","filename":"converter.py","lineno":371}
{"timestamp":"2026-08-29T10:43:36.595932Z","level":"info","event":"Cosmos performance (verdanta_weekly__dbt_weekly) - [e56005473659|2198]: It took 0.0252s to build the Airflow DAG.","logger":"cosmos.converter","filename":"converter.py","lineno":423}
{"timestamp":"2026-08-29T10:43:36.596107Z","level":"info","event":"::endgroup::Cosmos DAG parsing logs","logger":"cosmos.converter","filename":"converter.py","lineno":430}
{"timestamp":"2026-08-29T10:43:36.596626Z","level":"warning","event":"Using Variable.get from `airflow.models` is deprecated.Please use `get` on Variable from sdk(`airflow.sdk.Variable`) instead","category":"UserWarning","filename":"/home/airflow/.local/lib/python3.13/site-packages/airflow/models/variable.py","lineno":158,"logger":"py.warnings"}
{"timestamp":"2026-08-29T10:44:06.977599Z","level":"info","event":"Filling up the DagBag from /opt/airflow/dags/verdanta_weekly.py","logger":"airflow.dag_processing.dagbag.BundleDagBag","filename":"dagbag.py","lineno":469}
{"timestamp":"2026-08-29T10:44:07.044265Z","level":"info","event":"::group::Cosmos DAG parsing logs","logger":"cosmos.converter","filename":"converter.py","lineno":321}
{"timestamp":"2026-08-29T10:44:07.047635Z","level":"info","event":"Cosmos cache dir resolved to /tmp/cosmos/verdanta_weekly__dbt_weekly","logger":"cosmos.converter","filename":"converter.py","lineno":346}
{"timestamp":"2026-08-29T10:44:07.047938Z","level":"info","event":"Trying to parse the dbt project using dbt ls cache cosmos_cache__verdanta_weekly__dbt_weekly...","logger":"cosmos.dbt.graph","filename":"graph.py","lineno":869}
{"timestamp":"2026-08-29T10:44:07.192308Z","level":"info","event":"Cosmos performance: time to calculate cache identifier cosmos_cache__verdanta_weekly__dbt_weekly for current version: 0.12719701300011366","logger":"cosmos.cache","filename":"cache.py","lineno":401}
{"timestamp":"2026-08-29T10:44:07.192604Z","level":"info","event":"Cosmos performance [e56005473659|2213]: The cache size for cosmos_cache__verdanta_weekly__dbt_weekly is 23804","logger":"cosmos.dbt.graph","filename":"graph.py","lineno":886}
{"timestamp":"2026-08-29T10:44:07.196522Z","level":"info","event":"Cosmos performance: Cache hit for cosmos_cache__verdanta_weekly__dbt_weekly - 39a8c4b6e19a7b5e14cfea47af7dbd90,1ae01f5b93cde0ad1f6d9482f1b54abd","logger":"cosmos.dbt.graph","filename":"graph.py","lineno":898}
{"timestamp":"2026-08-29T10:44:07.196651Z","level":"info","event":"Total nodes: 27","logger":"cosmos.dbt.graph","filename":"graph.py","lineno":799}
{"timestamp":"2026-08-29T10:44:07.196711Z","level":"info","event":"Total filtered nodes: 27","logger":"cosmos.dbt.graph","filename":"graph.py","lineno":800}
{"timestamp":"2026-08-29T10:44:07.196779Z","level":"info","event":"Cosmos performance (verdanta_weekly__dbt_weekly) - [e56005473659|2213]: It took 0.149s to parse the dbt project for DAG using LoadMode.DBT_LS_CACHE","logger":"cosmos.converter","filename":"converter.py","lineno":371}
{"timestamp":"2026-08-29T10:44:07.218693Z","level":"info","event":"Cosmos performance (verdanta_weekly__dbt_weekly) - [e56005473659|2213]: It took 0.0218s to build the Airflow DAG.","logger":"cosmos.converter","filename":"converter.py","lineno":423}
{"timestamp":"2026-08-29T10:44:07.218851Z","level":"info","event":"::endgroup::Cosmos DAG parsing logs","logger":"cosmos.converter","filename":"converter.py","lineno":430}
{"timestamp":"2026-08-29T10:44:07.219427Z","level":"warning","event":"Using Variable.get from `airflow.models` is deprecated.Please use `get` on Variable from sdk(`airflow.sdk.Variable`) instead","category":"UserWarning","filename":"/home/airflow/.local/lib/python3.13/site-packages/airflow/models/variable.py","lineno":158,"logger":"py.warnings"}
{"timestamp":"2026-08-29T10:44:37.905107Z","level":"info","event":"Filling up the DagBag from /opt/airflow/dags/verdanta_weekly.py","logger":"airflow.dag_processing.dagbag.BundleDagBag","filename":"dagbag.py","lineno":469}
{"timestamp":"2026-08-29T10:44:37.977049Z","level":"info","event":"::group::Cosmos DAG parsing logs","logger":"cosmos.converter","filename":"converter.py","lineno":321}
{"timestamp":"2026-08-29T10:44:37.980654Z","level":"info","event":"Cosmos cache dir resolved to /tmp/cosmos/verdanta_weekly__dbt_weekly","logger":"cosmos.converter","filename":"converter.py","lineno":346}
{"timestamp":"2026-08-29T10:44:37.980867Z","level":"info","event":"Trying to parse the dbt project using dbt ls cache cosmos_cache__verdanta_weekly__dbt_weekly...","logger":"cosmos.dbt.graph","filename":"graph.py","lineno":869}
{"timestamp":"2026-08-29T10:44:38.125670Z","level":"info","event":"Cosmos performance: time to calculate cache identifier cosmos_cache__verdanta_weekly__dbt_weekly for current version: 0.1284175979999418","logger":"cosmos.cache","filename":"cache.py","lineno":401}
{"timestamp":"2026-08-29T10:44:38.125931Z","level":"info","event":"Cosmos performance [e56005473659|2249]: The cache size for cosmos_cache__verdanta_weekly__dbt_weekly is 23804","logger":"cosmos.dbt.graph","filename":"graph.py","lineno":886}
{"timestamp":"2026-08-29T10:44:38.126801Z","level":"info","event":"Cosmos performance: Cache hit for cosmos_cache__verdanta_weekly__dbt_weekly - 39a8c4b6e19a7b5e14cfea47af7dbd90,1ae01f5b93cde0ad1f6d9482f1b54abd","logger":"cosmos.dbt.graph","filename":"graph.py","lineno":898}
{"timestamp":"2026-08-29T10:44:38.126929Z","level":"info","event":"Total nodes: 27","logger":"cosmos.dbt.graph","filename":"graph.py","lineno":799}
{"timestamp":"2026-08-29T10:44:38.126990Z","level":"info","event":"Total filtered nodes: 27","logger":"cosmos.dbt.graph","filename":"graph.py","lineno":800}
{"timestamp":"2026-08-29T10:44:38.127064Z","level":"info","event":"Cosmos performance (verdanta_weekly__dbt_weekly) - [e56005473659|2249]: It took 0.146s to parse the dbt project for DAG using LoadMode.DBT_LS_CACHE","logger":"cosmos.converter","filename":"converter.py","lineno":371}
{"timestamp":"2026-08-29T10:44:38.149894Z","level":"info","event":"Cosmos performance (verdanta_weekly__dbt_weekly) - [e56005473659|2249]: It took 0.0228s to build the Airflow DAG.","logger":"cosmos.converter","filename":"converter.py","lineno":423}
{"timestamp":"2026-08-29T10:44:38.150062Z","level":"info","event":"::endgroup::Cosmos DAG parsing logs","logger":"cosmos.converter","filename":"converter.py","lineno":430}
{"timestamp":"2026-08-29T10:44:38.150622Z","level":"warning","event":"Using Variable.get from `airflow.models` is deprecated.Please use `get` on Variable from sdk(`airflow.sdk.Variable`) instead","category":"UserWarning","filename":"/home/airflow/.local/lib/python3.13/site-packages/airflow/models/variable.py","lineno":158,"logger":"py.warnings"}
{"timestamp":"2026-08-29T10:45:08.302513Z","level":"info","event":"Filling up the DagBag from /opt/airflow/dags/verdanta_weekly.py","logger":"airflow.dag_processing.dagbag.BundleDagBag","filename":"dagbag.py","lineno":469}
{"timestamp":"2026-08-29T10:45:08.373536Z","level":"info","event":"::group::Cosmos DAG parsing logs","logger":"cosmos.converter","filename":"converter.py","lineno":321}
{"timestamp":"2026-08-29T10:45:08.376637Z","level":"info","event":"Cosmos cache dir resolved to /tmp/cosmos/verdanta_weekly__dbt_weekly","logger":"cosmos.converter","filename":"converter.py","lineno":346}
{"timestamp":"2026-08-29T10:45:08.376857Z","level":"info","event":"Trying to parse the dbt project using dbt ls cache cosmos_cache__verdanta_weekly__dbt_weekly...","logger":"cosmos.dbt.graph","filename":"graph.py","lineno":869}
{"timestamp":"2026-08-29T10:45:08.518696Z","level":"info","event":"Cosmos performance: time to calculate cache identifier cosmos_cache__verdanta_weekly__dbt_weekly for current version: 0.12654761400153802","logger":"cosmos.cache","filename":"cache.py","lineno":401}
{"timestamp":"2026-08-29T10:45:08.518942Z","level":"info","event":"Cosmos performance [e56005473659|2285]: The cache size for cosmos_cache__verdanta_weekly__dbt_weekly is 23804","logger":"cosmos.dbt.graph","filename":"graph.py","lineno":886}
{"timestamp":"2026-08-29T10:45:08.519887Z","level":"info","event":"Cosmos performance: Cache hit for cosmos_cache__verdanta_weekly__dbt_weekly - 39a8c4b6e19a7b5e14cfea47af7dbd90,1ae01f5b93cde0ad1f6d9482f1b54abd","logger":"cosmos.dbt.graph","filename":"graph.py","lineno":898}
{"timestamp":"2026-08-29T10:45:08.520016Z","level":"info","event":"Total nodes: 27","logger":"cosmos.dbt.graph","filename":"graph.py","lineno":799}
{"timestamp":"2026-08-29T10:45:08.520088Z","level":"info","event":"Total filtered nodes: 27","logger":"cosmos.dbt.graph","filename":"graph.py","lineno":800}
{"timestamp":"2026-08-29T10:45:08.520167Z","level":"info","event":"Cosmos performance (verdanta_weekly__dbt_weekly) - [e56005473659|2285]: It took 0.143s to parse the dbt project for DAG using LoadMode.DBT_LS_CACHE","logger":"cosmos.converter","filename":"converter.py","lineno":371}
{"timestamp":"2026-08-29T10:45:08.542536Z","level":"info","event":"Cosmos performance (verdanta_weekly__dbt_weekly) - [e56005473659|2285]: It took 0.0223s to build the Airflow DAG.","logger":"cosmos.converter","filename":"converter.py","lineno":423}
{"timestamp":"2026-08-29T10:45:08.542696Z","level":"info","event":"::endgroup::Cosmos DAG parsing logs","logger":"cosmos.converter","filename":"converter.py","lineno":430}
{"timestamp":"2026-08-29T10:45:08.543387Z","level":"warning","event":"Using Variable.get from `airflow.models` is deprecated.Please use `get` on Variable from sdk(`airflow.sdk.Variable`) instead","category":"UserWarning","filename":"/home/airflow/.local/lib/python3.13/site-packages/airflow/models/variable.py","lineno":158,"logger":"py.warnings"}
{"timestamp":"2026-08-29T10:45:38.652709Z","level":"info","event":"Filling up the DagBag from /opt/airflow/dags/verdanta_weekly.py","logger":"airflow.dag_processing.dagbag.BundleDagBag","filename":"dagbag.py","lineno":469}
{"timestamp":"2026-08-29T10:45:38.721641Z","level":"info","event":"::group::Cosmos DAG parsing logs","logger":"cosmos.converter","filename":"converter.py","lineno":321}
{"timestamp":"2026-08-29T10:45:38.725647Z","level":"info","event":"Cosmos cache dir resolved to /tmp/cosmos/verdanta_weekly__dbt_weekly","logger":"cosmos.converter","filename":"converter.py","lineno":346}
{"timestamp":"2026-08-29T10:45:38.725839Z","level":"info","event":"Trying to parse the dbt project using dbt ls cache cosmos_cache__verdanta_weekly__dbt_weekly...","logger":"cosmos.dbt.graph","filename":"graph.py","lineno":869}
{"timestamp":"2026-08-29T10:45:38.867022Z","level":"info","event":"Cosmos performance: time to calculate cache identifier cosmos_cache__verdanta_weekly__dbt_weekly for current version: 0.12716441200063855","logger":"cosmos.cache","filename":"cache.py","lineno":401}
{"timestamp":"2026-08-29T10:45:38.867285Z","level":"info","event":"Cosmos performance [e56005473659|2321]: The cache size for cosmos_cache__verdanta_weekly__dbt_weekly is 23804","logger":"cosmos.dbt.graph","filename":"graph.py","lineno":886}
{"timestamp":"2026-08-29T10:45:38.868153Z","level":"info","event":"Cosmos performance: Cache hit for cosmos_cache__verdanta_weekly__dbt_weekly - 39a8c4b6e19a7b5e14cfea47af7dbd90,1ae01f5b93cde0ad1f6d9482f1b54abd","logger":"cosmos.dbt.graph","filename":"graph.py","lineno":898}
{"timestamp":"2026-08-29T10:45:38.868284Z","level":"info","event":"Total nodes: 27","logger":"cosmos.dbt.graph","filename":"graph.py","lineno":799}
{"timestamp":"2026-08-29T10:45:38.868347Z","level":"info","event":"Total filtered nodes: 27","logger":"cosmos.dbt.graph","filename":"graph.py","lineno":800}
{"timestamp":"2026-08-29T10:45:38.868424Z","level":"info","event":"Cosmos performance (verdanta_weekly__dbt_weekly) - [e56005473659|2321]: It took 0.143s to parse the dbt project for DAG using LoadMode.DBT_LS_CACHE","logger":"cosmos.converter","filename":"converter.py","lineno":371}
{"timestamp":"2026-08-29T10:45:38.891215Z","level":"info","event":"Cosmos performance (verdanta_weekly__dbt_weekly) - [e56005473659|2321]: It took 0.0227s to build the Airflow DAG.","logger":"cosmos.converter","filename":"converter.py","lineno":423}
{"timestamp":"2026-08-29T10:45:38.891377Z","level":"info","event":"::endgroup::Cosmos DAG parsing logs","logger":"cosmos.converter","filename":"converter.py","lineno":430}
{"timestamp":"2026-08-29T10:45:38.891814Z","level":"warning","event":"Using Variable.get from `airflow.models` is deprecated.Please use `get` on Variable from sdk(`airflow.sdk.Variable`) instead","category":"UserWarning","filename":"/home/airflow/.local/lib/python3.13/site-packages/airflow/models/variable.py","lineno":158,"logger":"py.warnings"}
{"timestamp":"2026-08-29T10:46:08.987719Z","level":"info","event":"Filling up the DagBag from /opt/airflow/dags/verdanta_weekly.py","logger":"airflow.dag_processing.dagbag.BundleDagBag","filename":"dagbag.py","lineno":469}
{"timestamp":"2026-08-29T10:46:09.048307Z","level":"info","event":"::group::Cosmos DAG parsing logs","logger":"cosmos.converter","filename":"converter.py","lineno":321}
{"timestamp":"2026-08-29T10:46:09.051708Z","level":"info","event":"Cosmos cache dir resolved to /tmp/cosmos/verdanta_weekly__dbt_weekly","logger":"cosmos.converter","filename":"converter.py","lineno":346}
{"timestamp":"2026-08-29T10:46:09.051911Z","level":"info","event":"Trying to parse the dbt project using dbt ls cache cosmos_cache__verdanta_weekly__dbt_weekly...","logger":"cosmos.dbt.graph","filename":"graph.py","lineno":869}
{"timestamp":"2026-08-29T10:46:09.199011Z","level":"info","event":"Cosmos performance: time to calculate cache identifier cosmos_cache__verdanta_weekly__dbt_weekly for current version: 0.12956685400058632","logger":"cosmos.cache","filename":"cache.py","lineno":401}
{"timestamp":"2026-08-29T10:46:09.199300Z","level":"info","event":"Cosmos performance [e56005473659|2356]: The cache size for cosmos_cache__verdanta_weekly__dbt_weekly is 23804","logger":"cosmos.dbt.graph","filename":"graph.py","lineno":886}
{"timestamp":"2026-08-29T10:46:09.200144Z","level":"info","event":"Cosmos performance: Cache hit for cosmos_cache__verdanta_weekly__dbt_weekly - 39a8c4b6e19a7b5e14cfea47af7dbd90,1ae01f5b93cde0ad1f6d9482f1b54abd","logger":"cosmos.dbt.graph","filename":"graph.py","lineno":898}
{"timestamp":"2026-08-29T10:46:09.200272Z","level":"info","event":"Total nodes: 27","logger":"cosmos.dbt.graph","filename":"graph.py","lineno":799}
{"timestamp":"2026-08-29T10:46:09.200332Z","level":"info","event":"Total filtered nodes: 27","logger":"cosmos.dbt.graph","filename":"graph.py","lineno":800}
{"timestamp":"2026-08-29T10:46:09.200397Z","level":"info","event":"Cosmos performance (verdanta_weekly__dbt_weekly) - [e56005473659|2356]: It took 0.149s to parse the dbt project for DAG using LoadMode.DBT_LS_CACHE","logger":"cosmos.converter","filename":"converter.py","lineno":371}
{"timestamp":"2026-08-29T10:46:09.222387Z","level":"info","event":"Cosmos performance (verdanta_weekly__dbt_weekly) - [e56005473659|2356]: It took 0.0219s to build the Airflow DAG.","logger":"cosmos.converter","filename":"converter.py","lineno":423}
{"timestamp":"2026-08-29T10:46:09.222544Z","level":"info","event":"::endgroup::Cosmos DAG parsing logs","logger":"cosmos.converter","filename":"converter.py","lineno":430}
{"timestamp":"2026-08-29T10:46:09.223059Z","level":"warning","event":"Using Variable.get from `airflow.models` is deprecated.Please use `get` on Variable from sdk(`airflow.sdk.Variable`) instead","category":"UserWarning","filename":"/home/airflow/.local/lib/python3.13/site-packages/airflow/models/variable.py","lineno":158,"logger":"py.warnings"}
{"timestamp":"2026-08-29T10:46:39.954915Z","level":"info","event":"Filling up the DagBag from /opt/airflow/dags/verdanta_weekly.py","logger":"airflow.dag_processing.dagbag.BundleDagBag","filename":"dagbag.py","lineno":469}
{"timestamp":"2026-08-29T10:46:40.033518Z","level":"info","event":"::group::Cosmos DAG parsing logs","logger":"cosmos.converter","filename":"converter.py","lineno":321}
{"timestamp":"2026-08-29T10:46:40.037849Z","level":"info","event":"Cosmos cache dir resolved to /tmp/cosmos/verdanta_weekly__dbt_weekly","logger":"cosmos.converter","filename":"converter.py","lineno":346}
{"timestamp":"2026-08-29T10:46:40.038067Z","level":"info","event":"Trying to parse the dbt project using dbt ls cache cosmos_cache__verdanta_weekly__dbt_weekly...","logger":"cosmos.dbt.graph","filename":"graph.py","lineno":869}
{"timestamp":"2026-08-29T10:46:40.189578Z","level":"info","event":"Cosmos performance: time to calculate cache identifier cosmos_cache__verdanta_weekly__dbt_weekly for current version: 0.13149423100003332","logger":"cosmos.cache","filename":"cache.py","lineno":401}
{"timestamp":"2026-08-29T10:46:40.189873Z","level":"info","event":"Cosmos performance [e56005473659|2371]: The cache size for cosmos_cache__verdanta_weekly__dbt_weekly is 23804","logger":"cosmos.dbt.graph","filename":"graph.py","lineno":886}
{"timestamp":"2026-08-29T10:46:40.190926Z","level":"info","event":"Cosmos performance: Cache hit for cosmos_cache__verdanta_weekly__dbt_weekly - 39a8c4b6e19a7b5e14cfea47af7dbd90,1ae01f5b93cde0ad1f6d9482f1b54abd","logger":"cosmos.dbt.graph","filename":"graph.py","lineno":898}
{"timestamp":"2026-08-29T10:46:40.191118Z","level":"info","event":"Total nodes: 27","logger":"cosmos.dbt.graph","filename":"graph.py","lineno":799}
{"timestamp":"2026-08-29T10:46:40.191203Z","level":"info","event":"Total filtered nodes: 27","logger":"cosmos.dbt.graph","filename":"graph.py","lineno":800}
{"timestamp":"2026-08-29T10:46:40.191291Z","level":"info","event":"Cosmos performance (verdanta_weekly__dbt_weekly) - [e56005473659|2371]: It took 0.153s to parse the dbt project for DAG using LoadMode.DBT_LS_CACHE","logger":"cosmos.converter","filename":"converter.py","lineno":371}
{"timestamp":"2026-08-29T10:46:40.217028Z","level":"info","event":"Cosmos performance (verdanta_weekly__dbt_weekly) - [e56005473659|2371]: It took 0.0257s to build the Airflow DAG.","logger":"cosmos.converter","filename":"converter.py","lineno":423}
{"timestamp":"2026-08-29T10:46:40.217184Z","level":"info","event":"::endgroup::Cosmos DAG parsing logs","logger":"cosmos.converter","filename":"converter.py","lineno":430}
{"timestamp":"2026-08-29T10:46:40.217690Z","level":"warning","event":"Using Variable.get from `airflow.models` is deprecated.Please use `get` on Variable from sdk(`airflow.sdk.Variable`) instead","category":"UserWarning","filename":"/home/airflow/.local/lib/python3.13/site-packages/airflow/models/variable.py","lineno":158,"logger":"py.warnings"}
{"timestamp":"2026-08-29T10:47:10.476818Z","level":"info","event":"Filling up the DagBag from /opt/airflow/dags/verdanta_weekly.py","logger":"airflow.dag_processing.dagbag.BundleDagBag","filename":"dagbag.py","lineno":469}
{"timestamp":"2026-08-29T10:47:10.553958Z","level":"info","event":"::group::Cosmos DAG parsing logs","logger":"cosmos.converter","filename":"converter.py","lineno":321}
{"timestamp":"2026-08-29T10:47:10.557720Z","level":"info","event":"Cosmos cache dir resolved to /tmp/cosmos/verdanta_weekly__dbt_weekly","logger":"cosmos.converter","filename":"converter.py","lineno":346}
{"timestamp":"2026-08-29T10:47:10.557985Z","level":"info","event":"Trying to parse the dbt project using dbt ls cache cosmos_cache__verdanta_weekly__dbt_weekly...","logger":"cosmos.dbt.graph","filename":"graph.py","lineno":869}
{"timestamp":"2026-08-29T10:47:10.704803Z","level":"info","event":"Cosmos performance: time to calculate cache identifier cosmos_cache__verdanta_weekly__dbt_weekly for current version: 0.13202670799910265","logger":"cosmos.cache","filename":"cache.py","lineno":401}
{"timestamp":"2026-08-29T10:47:10.705042Z","level":"info","event":"Cosmos performance [e56005473659|2407]: The cache size for cosmos_cache__verdanta_weekly__dbt_weekly is 23804","logger":"cosmos.dbt.graph","filename":"graph.py","lineno":886}
{"timestamp":"2026-08-29T10:47:10.705983Z","level":"info","event":"Cosmos performance: Cache hit for cosmos_cache__verdanta_weekly__dbt_weekly - 39a8c4b6e19a7b5e14cfea47af7dbd90,1ae01f5b93cde0ad1f6d9482f1b54abd","logger":"cosmos.dbt.graph","filename":"graph.py","lineno":898}
{"timestamp":"2026-08-29T10:47:10.706128Z","level":"info","event":"Total nodes: 27","logger":"cosmos.dbt.graph","filename":"graph.py","lineno":799}
{"timestamp":"2026-08-29T10:47:10.706190Z","level":"info","event":"Total filtered nodes: 27","logger":"cosmos.dbt.graph","filename":"graph.py","lineno":800}
{"timestamp":"2026-08-29T10:47:10.706262Z","level":"info","event":"Cosmos performance (verdanta_weekly__dbt_weekly) - [e56005473659|2407]: It took 0.148s to parse the dbt project for DAG using LoadMode.DBT_LS_CACHE","logger":"cosmos.converter","filename":"converter.py","lineno":371}
{"timestamp":"2026-08-29T10:47:10.729870Z","level":"info","event":"Cosmos performance (verdanta_weekly__dbt_weekly) - [e56005473659|2407]: It took 0.0236s to build the Airflow DAG.","logger":"cosmos.converter","filename":"converter.py","lineno":423}
{"timestamp":"2026-08-29T10:47:10.730034Z","level":"info","event":"::endgroup::Cosmos DAG parsing logs","logger":"cosmos.converter","filename":"converter.py","lineno":430}
{"timestamp":"2026-08-29T10:47:10.730589Z","level":"warning","event":"Using Variable.get from `airflow.models` is deprecated.Please use `get` on Variable from sdk(`airflow.sdk.Variable`) instead","category":"UserWarning","filename":"/home/airflow/.local/lib/python3.13/site-packages/airflow/models/variable.py","lineno":158,"logger":"py.warnings"}
{"timestamp":"2026-08-29T10:47:40.839801Z","level":"info","event":"Filling up the DagBag from /opt/airflow/dags/verdanta_weekly.py","logger":"airflow.dag_processing.dagbag.BundleDagBag","filename":"dagbag.py","lineno":469}
{"timestamp":"2026-08-29T10:47:40.912643Z","level":"info","event":"::group::Cosmos DAG parsing logs","logger":"cosmos.converter","filename":"converter.py","lineno":321}
{"timestamp":"2026-08-29T10:47:40.916070Z","level":"info","event":"Cosmos cache dir resolved to /tmp/cosmos/verdanta_weekly__dbt_weekly","logger":"cosmos.converter","filename":"converter.py","lineno":346}
{"timestamp":"2026-08-29T10:47:40.916283Z","level":"info","event":"Trying to parse the dbt project using dbt ls cache cosmos_cache__verdanta_weekly__dbt_weekly...","logger":"cosmos.dbt.graph","filename":"graph.py","lineno":869}
{"timestamp":"2026-08-29T10:47:41.053967Z","level":"info","event":"Cosmos performance: time to calculate cache identifier cosmos_cache__verdanta_weekly__dbt_weekly for current version: 0.12319784300052561","logger":"cosmos.cache","filename":"cache.py","lineno":401}
{"timestamp":"2026-08-29T10:47:41.054218Z","level":"info","event":"Cosmos performance [e56005473659|2443]: The cache size for cosmos_cache__verdanta_weekly__dbt_weekly is 23804","logger":"cosmos.dbt.graph","filename":"graph.py","lineno":886}
{"timestamp":"2026-08-29T10:47:41.055262Z","level":"info","event":"Cosmos performance: Cache hit for cosmos_cache__verdanta_weekly__dbt_weekly - 39a8c4b6e19a7b5e14cfea47af7dbd90,1ae01f5b93cde0ad1f6d9482f1b54abd","logger":"cosmos.dbt.graph","filename":"graph.py","lineno":898}
{"timestamp":"2026-08-29T10:47:41.055390Z","level":"info","event":"Total nodes: 27","logger":"cosmos.dbt.graph","filename":"graph.py","lineno":799}
{"timestamp":"2026-08-29T10:47:41.055453Z","level":"info","event":"Total filtered nodes: 27","logger":"cosmos.dbt.graph","filename":"graph.py","lineno":800}
{"timestamp":"2026-08-29T10:47:41.055529Z","level":"info","event":"Cosmos performance (verdanta_weekly__dbt_weekly) - [e56005473659|2443]: It took 0.139s to parse the dbt project for DAG using LoadMode.DBT_LS_CACHE","logger":"cosmos.converter","filename":"converter.py","lineno":371}
{"timestamp":"2026-08-29T10:47:41.078410Z","level":"info","event":"Cosmos performance (verdanta_weekly__dbt_weekly) - [e56005473659|2443]: It took 0.0228s to build the Airflow DAG.","logger":"cosmos.converter","filename":"converter.py","lineno":423}
{"timestamp":"2026-08-29T10:47:41.078577Z","level":"info","event":"::endgroup::Cosmos DAG parsing logs","logger":"cosmos.converter","filename":"converter.py","lineno":430}
{"timestamp":"2026-08-29T10:47:41.079102Z","level":"warning","event":"Using Variable.get from `airflow.models` is deprecated.Please use `get` on Variable from sdk(`airflow.sdk.Variable`) instead","category":"UserWarning","filename":"/home/airflow/.local/lib/python3.13/site-packages/airflow/models/variable.py","lineno":158,"logger":"py.warnings"}
{"timestamp":"2026-08-29T10:48:11.315596Z","level":"info","event":"Filling up the DagBag from /opt/airflow/dags/verdanta_weekly.py","logger":"airflow.dag_processing.dagbag.BundleDagBag","filename":"dagbag.py","lineno":469}
{"timestamp":"2026-08-29T10:48:11.402754Z","level":"info","event":"::group::Cosmos DAG parsing logs","logger":"cosmos.converter","filename":"converter.py","lineno":321}
{"timestamp":"2026-08-29T10:48:11.407905Z","level":"info","event":"Cosmos cache dir resolved to /tmp/cosmos/verdanta_weekly__dbt_weekly","logger":"cosmos.converter","filename":"converter.py","lineno":346}
{"timestamp":"2026-08-29T10:48:11.408162Z","level":"info","event":"Trying to parse the dbt project using dbt ls cache cosmos_cache__verdanta_weekly__dbt_weekly...","logger":"cosmos.dbt.graph","filename":"graph.py","lineno":869}
{"timestamp":"2026-08-29T10:48:11.551170Z","level":"info","event":"Cosmos performance: time to calculate cache identifier cosmos_cache__verdanta_weekly__dbt_weekly for current version: 0.1309348790000513","logger":"cosmos.cache","filename":"cache.py","lineno":401}
{"timestamp":"2026-08-29T10:48:11.551452Z","level":"info","event":"Cosmos performance [e56005473659|2479]: The cache size for cosmos_cache__verdanta_weekly__dbt_weekly is 23804","logger":"cosmos.dbt.graph","filename":"graph.py","lineno":886}
{"timestamp":"2026-08-29T10:48:11.552437Z","level":"info","event":"Cosmos performance: Cache hit for cosmos_cache__verdanta_weekly__dbt_weekly - 39a8c4b6e19a7b5e14cfea47af7dbd90,1ae01f5b93cde0ad1f6d9482f1b54abd","logger":"cosmos.dbt.graph","filename":"graph.py","lineno":898}
{"timestamp":"2026-08-29T10:48:11.552574Z","level":"info","event":"Total nodes: 27","logger":"cosmos.dbt.graph","filename":"graph.py","lineno":799}
{"timestamp":"2026-08-29T10:48:11.552637Z","level":"info","event":"Total filtered nodes: 27","logger":"cosmos.dbt.graph","filename":"graph.py","lineno":800}
{"timestamp":"2026-08-29T10:48:11.552712Z","level":"info","event":"Cosmos performance (verdanta_weekly__dbt_weekly) - [e56005473659|2479]: It took 0.145s to parse the dbt project for DAG using LoadMode.DBT_LS_CACHE","logger":"cosmos.converter","filename":"converter.py","lineno":371}
{"timestamp":"2026-08-29T10:48:11.576501Z","level":"info","event":"Cosmos performance (verdanta_weekly__dbt_weekly) - [e56005473659|2479]: It took 0.0237s to build the Airflow DAG.","logger":"cosmos.converter","filename":"converter.py","lineno":423}
{"timestamp":"2026-08-29T10:48:11.576670Z","level":"info","event":"::endgroup::Cosmos DAG parsing logs","logger":"cosmos.converter","filename":"converter.py","lineno":430}
{"timestamp":"2026-08-29T10:48:11.577347Z","level":"warning","event":"Using Variable.get from `airflow.models` is deprecated.Please use `get` on Variable from sdk(`airflow.sdk.Variable`) instead","category":"UserWarning","filename":"/home/airflow/.local/lib/python3.13/site-packages/airflow/models/variable.py","lineno":158,"logger":"py.warnings"}
{"timestamp":"2026-08-29T10:48:41.942663Z","level":"info","event":"Filling up the DagBag from /opt/airflow/dags/verdanta_weekly.py","logger":"airflow.dag_processing.dagbag.BundleDagBag","filename":"dagbag.py","lineno":469}
{"timestamp":"2026-08-29T10:48:42.013289Z","level":"info","event":"::group::Cosmos DAG parsing logs","logger":"cosmos.converter","filename":"converter.py","lineno":321}
{"timestamp":"2026-08-29T10:48:42.017145Z","level":"info","event":"Cosmos cache dir resolved to /tmp/cosmos/verdanta_weekly__dbt_weekly","logger":"cosmos.converter","filename":"converter.py","lineno":346}
{"timestamp":"2026-08-29T10:48:42.017342Z","level":"info","event":"Trying to parse the dbt project using dbt ls cache cosmos_cache__verdanta_weekly__dbt_weekly...","logger":"cosmos.dbt.graph","filename":"graph.py","lineno":869}
{"timestamp":"2026-08-29T10:48:42.156348Z","level":"info","event":"Cosmos performance: time to calculate cache identifier cosmos_cache__verdanta_weekly__dbt_weekly for current version: 0.12453350299983867","logger":"cosmos.cache","filename":"cache.py","lineno":401}
{"timestamp":"2026-08-29T10:48:42.156599Z","level":"info","event":"Cosmos performance [e56005473659|2515]: The cache size for cosmos_cache__verdanta_weekly__dbt_weekly is 23804","logger":"cosmos.dbt.graph","filename":"graph.py","lineno":886}
{"timestamp":"2026-08-29T10:48:42.157552Z","level":"info","event":"Cosmos performance: Cache hit for cosmos_cache__verdanta_weekly__dbt_weekly - 39a8c4b6e19a7b5e14cfea47af7dbd90,1ae01f5b93cde0ad1f6d9482f1b54abd","logger":"cosmos.dbt.graph","filename":"graph.py","lineno":898}
{"timestamp":"2026-08-29T10:48:42.157684Z","level":"info","event":"Total nodes: 27","logger":"cosmos.dbt.graph","filename":"graph.py","lineno":799}
{"timestamp":"2026-08-29T10:48:42.157745Z","level":"info","event":"Total filtered nodes: 27","logger":"cosmos.dbt.graph","filename":"graph.py","lineno":800}
{"timestamp":"2026-08-29T10:48:42.157838Z","level":"info","event":"Cosmos performance (verdanta_weekly__dbt_weekly) - [e56005473659|2515]: It took 0.141s to parse the dbt project for DAG using LoadMode.DBT_LS_CACHE","logger":"cosmos.converter","filename":"converter.py","lineno":371}
{"timestamp":"2026-08-29T10:48:42.180080Z","level":"info","event":"Cosmos performance (verdanta_weekly__dbt_weekly) - [e56005473659|2515]: It took 0.0222s to build the Airflow DAG.","logger":"cosmos.converter","filename":"converter.py","lineno":423}
{"timestamp":"2026-08-29T10:48:42.180237Z","level":"info","event":"::endgroup::Cosmos DAG parsing logs","logger":"cosmos.converter","filename":"converter.py","lineno":430}
{"timestamp":"2026-08-29T10:48:42.180699Z","level":"warning","event":"Using Variable.get from `airflow.models` is deprecated.Please use `get` on Variable from sdk(`airflow.sdk.Variable`) instead","category":"UserWarning","filename":"/home/airflow/.local/lib/python3.13/site-packages/airflow/models/variable.py","lineno":158,"logger":"py.warnings"}
{"timestamp":"2026-08-29T10:49:13.244994Z","level":"info","event":"Filling up the DagBag from /opt/airflow/dags/verdanta_weekly.py","logger":"airflow.dag_processing.dagbag.BundleDagBag","filename":"dagbag.py","lineno":469}
{"timestamp":"2026-08-29T10:49:13.320871Z","level":"info","event":"::group::Cosmos DAG parsing logs","logger":"cosmos.converter","filename":"converter.py","lineno":321}
{"timestamp":"2026-08-29T10:49:13.324569Z","level":"info","event":"Cosmos cache dir resolved to /tmp/cosmos/verdanta_weekly__dbt_weekly","logger":"cosmos.converter","filename":"converter.py","lineno":346}
{"timestamp":"2026-08-29T10:49:13.324765Z","level":"info","event":"Trying to parse the dbt project using dbt ls cache cosmos_cache__verdanta_weekly__dbt_weekly...","logger":"cosmos.dbt.graph","filename":"graph.py","lineno":869}
{"timestamp":"2026-08-29T10:49:13.472260Z","level":"info","event":"Cosmos performance: time to calculate cache identifier cosmos_cache__verdanta_weekly__dbt_weekly for current version: 0.1318369510008779","logger":"cosmos.cache","filename":"cache.py","lineno":401}
{"timestamp":"2026-08-29T10:49:13.472506Z","level":"info","event":"Cosmos performance [e56005473659|2532]: The cache size for cosmos_cache__verdanta_weekly__dbt_weekly is 23804","logger":"cosmos.dbt.graph","filename":"graph.py","lineno":886}
{"timestamp":"2026-08-29T10:49:13.473553Z","level":"info","event":"Cosmos performance: Cache hit for cosmos_cache__verdanta_weekly__dbt_weekly - 39a8c4b6e19a7b5e14cfea47af7dbd90,1ae01f5b93cde0ad1f6d9482f1b54abd","logger":"cosmos.dbt.graph","filename":"graph.py","lineno":898}
{"timestamp":"2026-08-29T10:49:13.473697Z","level":"info","event":"Total nodes: 27","logger":"cosmos.dbt.graph","filename":"graph.py","lineno":799}
{"timestamp":"2026-08-29T10:49:13.473765Z","level":"info","event":"Total filtered nodes: 27","logger":"cosmos.dbt.graph","filename":"graph.py","lineno":800}
{"timestamp":"2026-08-29T10:49:13.473859Z","level":"info","event":"Cosmos performance (verdanta_weekly__dbt_weekly) - [e56005473659|2532]: It took 0.149s to parse the dbt project for DAG using LoadMode.DBT_LS_CACHE","logger":"cosmos.converter","filename":"converter.py","lineno":371}
{"timestamp":"2026-08-29T10:49:13.497520Z","level":"info","event":"Cosmos performance (verdanta_weekly__dbt_weekly) - [e56005473659|2532]: It took 0.0236s to build the Airflow DAG.","logger":"cosmos.converter","filename":"converter.py","lineno":423}
{"timestamp":"2026-08-29T10:49:13.497765Z","level":"info","event":"::endgroup::Cosmos DAG parsing logs","logger":"cosmos.converter","filename":"converter.py","lineno":430}
{"timestamp":"2026-08-29T10:49:13.498434Z","level":"warning","event":"Using Variable.get from `airflow.models` is deprecated.Please use `get` on Variable from sdk(`airflow.sdk.Variable`) instead","category":"UserWarning","filename":"/home/airflow/.local/lib/python3.13/site-packages/airflow/models/variable.py","lineno":158,"logger":"py.warnings"}
{"timestamp":"2026-08-29T10:49:44.473158Z","level":"info","event":"Filling up the DagBag from /opt/airflow/dags/verdanta_weekly.py","logger":"airflow.dag_processing.dagbag.BundleDagBag","filename":"dagbag.py","lineno":469}
{"timestamp":"2026-08-29T10:49:44.543005Z","level":"info","event":"::group::Cosmos DAG parsing logs","logger":"cosmos.converter","filename":"converter.py","lineno":321}
{"timestamp":"2026-08-29T10:49:44.546471Z","level":"info","event":"Cosmos cache dir resolved to /tmp/cosmos/verdanta_weekly__dbt_weekly","logger":"cosmos.converter","filename":"converter.py","lineno":346}
{"timestamp":"2026-08-29T10:49:44.546714Z","level":"info","event":"Trying to parse the dbt project using dbt ls cache cosmos_cache__verdanta_weekly__dbt_weekly...","logger":"cosmos.dbt.graph","filename":"graph.py","lineno":869}
{"timestamp":"2026-08-29T10:49:44.700509Z","level":"info","event":"Cosmos performance: time to calculate cache identifier cosmos_cache__verdanta_weekly__dbt_weekly for current version: 0.1347516829991946","logger":"cosmos.cache","filename":"cache.py","lineno":401}
{"timestamp":"2026-08-29T10:49:44.700769Z","level":"info","event":"Cosmos performance [e56005473659|2565]: The cache size for cosmos_cache__verdanta_weekly__dbt_weekly is 23804","logger":"cosmos.dbt.graph","filename":"graph.py","lineno":886}
{"timestamp":"2026-08-29T10:49:44.701751Z","level":"info","event":"Cosmos performance: Cache hit for cosmos_cache__verdanta_weekly__dbt_weekly - 39a8c4b6e19a7b5e14cfea47af7dbd90,1ae01f5b93cde0ad1f6d9482f1b54abd","logger":"cosmos.dbt.graph","filename":"graph.py","lineno":898}
{"timestamp":"2026-08-29T10:49:44.701893Z","level":"info","event":"Total nodes: 27","logger":"cosmos.dbt.graph","filename":"graph.py","lineno":799}
{"timestamp":"2026-08-29T10:49:44.701962Z","level":"info","event":"Total filtered nodes: 27","logger":"cosmos.dbt.graph","filename":"graph.py","lineno":800}
{"timestamp":"2026-08-29T10:49:44.702041Z","level":"info","event":"Cosmos performance (verdanta_weekly__dbt_weekly) - [e56005473659|2565]: It took 0.155s to parse the dbt project for DAG using LoadMode.DBT_LS_CACHE","logger":"cosmos.converter","filename":"converter.py","lineno":371}
{"timestamp":"2026-08-29T10:49:44.726477Z","level":"info","event":"Cosmos performance (verdanta_weekly__dbt_weekly) - [e56005473659|2565]: It took 0.0244s to build the Airflow DAG.","logger":"cosmos.converter","filename":"converter.py","lineno":423}
{"timestamp":"2026-08-29T10:49:44.726652Z","level":"info","event":"::endgroup::Cosmos DAG parsing logs","logger":"cosmos.converter","filename":"converter.py","lineno":430}
{"timestamp":"2026-08-29T10:49:44.727278Z","level":"warning","event":"Using Variable.get from `airflow.models` is deprecated.Please use `get` on Variable from sdk(`airflow.sdk.Variable`) instead","category":"UserWarning","filename":"/home/airflow/.local/lib/python3.13/site-packages/airflow/models/variable.py","lineno":158,"logger":"py.warnings"}
{"timestamp":"2026-08-29T10:50:15.086659Z","level":"info","event":"Filling up the DagBag from /opt/airflow/dags/verdanta_weekly.py","logger":"airflow.dag_processing.dagbag.BundleDagBag","filename":"dagbag.py","lineno":469}
{"timestamp":"2026-08-29T10:50:15.155503Z","level":"info","event":"::group::Cosmos DAG parsing logs","logger":"cosmos.converter","filename":"converter.py","lineno":321}
{"timestamp":"2026-08-29T10:50:15.158691Z","level":"info","event":"Cosmos cache dir resolved to /tmp/cosmos/verdanta_weekly__dbt_weekly","logger":"cosmos.converter","filename":"converter.py","lineno":346}
{"timestamp":"2026-08-29T10:50:15.158895Z","level":"info","event":"Trying to parse the dbt project using dbt ls cache cosmos_cache__verdanta_weekly__dbt_weekly...","logger":"cosmos.dbt.graph","filename":"graph.py","lineno":869}
{"timestamp":"2026-08-29T10:50:15.299303Z","level":"info","event":"Cosmos performance: time to calculate cache identifier cosmos_cache__verdanta_weekly__dbt_weekly for current version: 0.1263065450002614","logger":"cosmos.cache","filename":"cache.py","lineno":401}
{"timestamp":"2026-08-29T10:50:15.299553Z","level":"info","event":"Cosmos performance [e56005473659|2601]: The cache size for cosmos_cache__verdanta_weekly__dbt_weekly is 23804","logger":"cosmos.dbt.graph","filename":"graph.py","lineno":886}
{"timestamp":"2026-08-29T10:50:15.300454Z","level":"info","event":"Cosmos performance: Cache hit for cosmos_cache__verdanta_weekly__dbt_weekly - 39a8c4b6e19a7b5e14cfea47af7dbd90,1ae01f5b93cde0ad1f6d9482f1b54abd","logger":"cosmos.dbt.graph","filename":"graph.py","lineno":898}
{"timestamp":"2026-08-29T10:50:15.300612Z","level":"info","event":"Total nodes: 27","logger":"cosmos.dbt.graph","filename":"graph.py","lineno":799}
{"timestamp":"2026-08-29T10:50:15.300677Z","level":"info","event":"Total filtered nodes: 27","logger":"cosmos.dbt.graph","filename":"graph.py","lineno":800}
{"timestamp":"2026-08-29T10:50:15.300783Z","level":"info","event":"Cosmos performance (verdanta_weekly__dbt_weekly) - [e56005473659|2601]: It took 0.142s to parse the dbt project for DAG using LoadMode.DBT_LS_CACHE","logger":"cosmos.converter","filename":"converter.py","lineno":371}
{"timestamp":"2026-08-29T10:50:15.322549Z","level":"info","event":"Cosmos performance (verdanta_weekly__dbt_weekly) - [e56005473659|2601]: It took 0.0217s to build the Airflow DAG.","logger":"cosmos.converter","filename":"converter.py","lineno":423}
{"timestamp":"2026-08-29T10:50:15.322711Z","level":"info","event":"::endgroup::Cosmos DAG parsing logs","logger":"cosmos.converter","filename":"converter.py","lineno":430}
{"timestamp":"2026-08-29T10:50:15.323257Z","level":"warning","event":"Using Variable.get from `airflow.models` is deprecated.Please use `get` on Variable from sdk(`airflow.sdk.Variable`) instead","category":"UserWarning","filename":"/home/airflow/.local/lib/python3.13/site-packages/airflow/models/variable.py","lineno":158,"logger":"py.warnings"}
{"timestamp":"2026-08-29T10:50:46.300412Z","level":"info","event":"Filling up the DagBag from /opt/airflow/dags/verdanta_weekly.py","logger":"airflow.dag_processing.dagbag.BundleDagBag","filename":"dagbag.py","lineno":469}
{"timestamp":"2026-08-29T10:50:46.381012Z","level":"info","event":"::group::Cosmos DAG parsing logs","logger":"cosmos.converter","filename":"converter.py","lineno":321}
{"timestamp":"2026-08-29T10:50:46.385744Z","level":"info","event":"Cosmos cache dir resolved to /tmp/cosmos/verdanta_weekly__dbt_weekly","logger":"cosmos.converter","filename":"converter.py","lineno":346}
{"timestamp":"2026-08-29T10:50:46.385954Z","level":"info","event":"Trying to parse the dbt project using dbt ls cache cosmos_cache__verdanta_weekly__dbt_weekly...","logger":"cosmos.dbt.graph","filename":"graph.py","lineno":869}
{"timestamp":"2026-08-29T10:50:46.541792Z","level":"info","event":"Cosmos performance: time to calculate cache identifier cosmos_cache__verdanta_weekly__dbt_weekly for current version: 0.1369703889995435","logger":"cosmos.cache","filename":"cache.py","lineno":401}
{"timestamp":"2026-08-29T10:50:46.542040Z","level":"info","event":"Cosmos performance [e56005473659|2636]: The cache size for cosmos_cache__verdanta_weekly__dbt_weekly is 23804","logger":"cosmos.dbt.graph","filename":"graph.py","lineno":886}
{"timestamp":"2026-08-29T10:50:46.542957Z","level":"info","event":"Cosmos performance: Cache hit for cosmos_cache__verdanta_weekly__dbt_weekly - 39a8c4b6e19a7b5e14cfea47af7dbd90,1ae01f5b93cde0ad1f6d9482f1b54abd","logger":"cosmos.dbt.graph","filename":"graph.py","lineno":898}
{"timestamp":"2026-08-29T10:50:46.543095Z","level":"info","event":"Total nodes: 27","logger":"cosmos.dbt.graph","filename":"graph.py","lineno":799}
{"timestamp":"2026-08-29T10:50:46.543161Z","level":"info","event":"Total filtered nodes: 27","logger":"cosmos.dbt.graph","filename":"graph.py","lineno":800}
{"timestamp":"2026-08-29T10:50:46.543238Z","level":"info","event":"Cosmos performance (verdanta_weekly__dbt_weekly) - [e56005473659|2636]: It took 0.157s to parse the dbt project for DAG using LoadMode.DBT_LS_CACHE","logger":"cosmos.converter","filename":"converter.py","lineno":371}
{"timestamp":"2026-08-29T10:50:46.567982Z","level":"info","event":"Cosmos performance (verdanta_weekly__dbt_weekly) - [e56005473659|2636]: It took 0.0247s to build the Airflow DAG.","logger":"cosmos.converter","filename":"converter.py","lineno":423}
{"timestamp":"2026-08-29T10:50:46.568150Z","level":"info","event":"::endgroup::Cosmos DAG parsing logs","logger":"cosmos.converter","filename":"converter.py","lineno":430}
{"timestamp":"2026-08-29T10:50:46.568711Z","level":"warning","event":"Using Variable.get from `airflow.models` is deprecated.Please use `get` on Variable from sdk(`airflow.sdk.Variable`) instead","category":"UserWarning","filename":"/home/airflow/.local/lib/python3.13/site-packages/airflow/models/variable.py","lineno":158,"logger":"py.warnings"}
{"timestamp":"2026-08-29T10:51:16.662160Z","level":"info","event":"Filling up the DagBag from /opt/airflow/dags/verdanta_weekly.py","logger":"airflow.dag_processing.dagbag.BundleDagBag","filename":"dagbag.py","lineno":469}
{"timestamp":"2026-08-29T10:51:16.731120Z","level":"info","event":"::group::Cosmos DAG parsing logs","logger":"cosmos.converter","filename":"converter.py","lineno":321}
{"timestamp":"2026-08-29T10:51:16.735266Z","level":"info","event":"Cosmos cache dir resolved to /tmp/cosmos/verdanta_weekly__dbt_weekly","logger":"cosmos.converter","filename":"converter.py","lineno":346}
{"timestamp":"2026-08-29T10:51:16.735471Z","level":"info","event":"Trying to parse the dbt project using dbt ls cache cosmos_cache__verdanta_weekly__dbt_weekly...","logger":"cosmos.dbt.graph","filename":"graph.py","lineno":869}
{"timestamp":"2026-08-29T10:51:16.874411Z","level":"info","event":"Cosmos performance: time to calculate cache identifier cosmos_cache__verdanta_weekly__dbt_weekly for current version: 0.12411859099847788","logger":"cosmos.cache","filename":"cache.py","lineno":401}
{"timestamp":"2026-08-29T10:51:16.874649Z","level":"info","event":"Cosmos performance [e56005473659|2665]: The cache size for cosmos_cache__verdanta_weekly__dbt_weekly is 23804","logger":"cosmos.dbt.graph","filename":"graph.py","lineno":886}
{"timestamp":"2026-08-29T10:51:16.875609Z","level":"info","event":"Cosmos performance: Cache hit for cosmos_cache__verdanta_weekly__dbt_weekly - 39a8c4b6e19a7b5e14cfea47af7dbd90,1ae01f5b93cde0ad1f6d9482f1b54abd","logger":"cosmos.dbt.graph","filename":"graph.py","lineno":898}
{"timestamp":"2026-08-29T10:51:16.875736Z","level":"info","event":"Total nodes: 27","logger":"cosmos.dbt.graph","filename":"graph.py","lineno":799}
{"timestamp":"2026-08-29T10:51:16.875797Z","level":"info","event":"Total filtered nodes: 27","logger":"cosmos.dbt.graph","filename":"graph.py","lineno":800}
{"timestamp":"2026-08-29T10:51:16.875873Z","level":"info","event":"Cosmos performance (verdanta_weekly__dbt_weekly) - [e56005473659|2665]: It took 0.14s to parse the dbt project for DAG using LoadMode.DBT_LS_CACHE","logger":"cosmos.converter","filename":"converter.py","lineno":371}
{"timestamp":"2026-08-29T10:51:16.898161Z","level":"info","event":"Cosmos performance (verdanta_weekly__dbt_weekly) - [e56005473659|2665]: It took 0.0222s to build the Airflow DAG.","logger":"cosmos.converter","filename":"converter.py","lineno":423}
{"timestamp":"2026-08-29T10:51:16.898327Z","level":"info","event":"::endgroup::Cosmos DAG parsing logs","logger":"cosmos.converter","filename":"converter.py","lineno":430}
{"timestamp":"2026-08-29T10:51:16.898742Z","level":"warning","event":"Using Variable.get from `airflow.models` is deprecated.Please use `get` on Variable from sdk(`airflow.sdk.Variable`) instead","category":"UserWarning","filename":"/home/airflow/.local/lib/python3.13/site-packages/airflow/models/variable.py","lineno":158,"logger":"py.warnings"}
{"timestamp":"2026-08-29T10:51:47.618341Z","level":"info","event":"Filling up the DagBag from /opt/airflow/dags/verdanta_weekly.py","logger":"airflow.dag_processing.dagbag.BundleDagBag","filename":"dagbag.py","lineno":469}
{"timestamp":"2026-08-29T10:51:47.692352Z","level":"info","event":"::group::Cosmos DAG parsing logs","logger":"cosmos.converter","filename":"converter.py","lineno":321}
{"timestamp":"2026-08-29T10:51:47.696342Z","level":"info","event":"Cosmos cache dir resolved to /tmp/cosmos/verdanta_weekly__dbt_weekly","logger":"cosmos.converter","filename":"converter.py","lineno":346}
{"timestamp":"2026-08-29T10:51:47.696570Z","level":"info","event":"Trying to parse the dbt project using dbt ls cache cosmos_cache__verdanta_weekly__dbt_weekly...","logger":"cosmos.dbt.graph","filename":"graph.py","lineno":869}
{"timestamp":"2026-08-29T10:51:47.840545Z","level":"info","event":"Cosmos performance: time to calculate cache identifier cosmos_cache__verdanta_weekly__dbt_weekly for current version: 0.12822874800076534","logger":"cosmos.cache","filename":"cache.py","lineno":401}
{"timestamp":"2026-08-29T10:51:47.840820Z","level":"info","event":"Cosmos performance [e56005473659|2682]: The cache size for cosmos_cache__verdanta_weekly__dbt_weekly is 23804","logger":"cosmos.dbt.graph","filename":"graph.py","lineno":886}
{"timestamp":"2026-08-29T10:51:47.842018Z","level":"info","event":"Cosmos performance: Cache hit for cosmos_cache__verdanta_weekly__dbt_weekly - 39a8c4b6e19a7b5e14cfea47af7dbd90,1ae01f5b93cde0ad1f6d9482f1b54abd","logger":"cosmos.dbt.graph","filename":"graph.py","lineno":898}
{"timestamp":"2026-08-29T10:51:47.842240Z","level":"info","event":"Total nodes: 27","logger":"cosmos.dbt.graph","filename":"graph.py","lineno":799}
{"timestamp":"2026-08-29T10:51:47.842347Z","level":"info","event":"Total filtered nodes: 27","logger":"cosmos.dbt.graph","filename":"graph.py","lineno":800}
{"timestamp":"2026-08-29T10:51:47.842453Z","level":"info","event":"Cosmos performance (verdanta_weekly__dbt_weekly) - [e56005473659|2682]: It took 0.146s to parse the dbt project for DAG using LoadMode.DBT_LS_CACHE","logger":"cosmos.converter","filename":"converter.py","lineno":371}
{"timestamp":"2026-08-29T10:51:47.865479Z","level":"info","event":"Cosmos performance (verdanta_weekly__dbt_weekly) - [e56005473659|2682]: It took 0.023s to build the Airflow DAG.","logger":"cosmos.converter","filename":"converter.py","lineno":423}
{"timestamp":"2026-08-29T10:51:47.865640Z","level":"info","event":"::endgroup::Cosmos DAG parsing logs","logger":"cosmos.converter","filename":"converter.py","lineno":430}
{"timestamp":"2026-08-29T10:51:47.866090Z","level":"warning","event":"Using Variable.get from `airflow.models` is deprecated.Please use `get` on Variable from sdk(`airflow.sdk.Variable`) instead","category":"UserWarning","filename":"/home/airflow/.local/lib/python3.13/site-packages/airflow/models/variable.py","lineno":158,"logger":"py.warnings"}
{"timestamp":"2026-08-29T10:52:18.838746Z","level":"info","event":"Filling up the DagBag from /opt/airflow/dags/verdanta_weekly.py","logger":"airflow.dag_processing.dagbag.BundleDagBag","filename":"dagbag.py","lineno":469}
{"timestamp":"2026-08-29T10:52:18.912115Z","level":"info","event":"::group::Cosmos DAG parsing logs","logger":"cosmos.converter","filename":"converter.py","lineno":321}
{"timestamp":"2026-08-29T10:52:18.915742Z","level":"info","event":"Cosmos cache dir resolved to /tmp/cosmos/verdanta_weekly__dbt_weekly","logger":"cosmos.converter","filename":"converter.py","lineno":346}
{"timestamp":"2026-08-29T10:52:18.915960Z","level":"info","event":"Trying to parse the dbt project using dbt ls cache cosmos_cache__verdanta_weekly__dbt_weekly...","logger":"cosmos.dbt.graph","filename":"graph.py","lineno":869}
{"timestamp":"2026-08-29T10:52:19.054229Z","level":"info","event":"Cosmos performance: time to calculate cache identifier cosmos_cache__verdanta_weekly__dbt_weekly for current version: 0.12403344699851004","logger":"cosmos.cache","filename":"cache.py","lineno":401}
{"timestamp":"2026-08-29T10:52:19.054473Z","level":"info","event":"Cosmos performance [e56005473659|2715]: The cache size for cosmos_cache__verdanta_weekly__dbt_weekly is 23804","logger":"cosmos.dbt.graph","filename":"graph.py","lineno":886}
{"timestamp":"2026-08-29T10:52:19.055991Z","level":"info","event":"Cosmos performance: Cache hit for cosmos_cache__verdanta_weekly__dbt_weekly - 39a8c4b6e19a7b5e14cfea47af7dbd90,1ae01f5b93cde0ad1f6d9482f1b54abd","logger":"cosmos.dbt.graph","filename":"graph.py","lineno":898}
{"timestamp":"2026-08-29T10:52:19.056120Z","level":"info","event":"Total nodes: 27","logger":"cosmos.dbt.graph","filename":"graph.py","lineno":799}
{"timestamp":"2026-08-29T10:52:19.056181Z","level":"info","event":"Total filtered nodes: 27","logger":"cosmos.dbt.graph","filename":"graph.py","lineno":800}
{"timestamp":"2026-08-29T10:52:19.056252Z","level":"info","event":"Cosmos performance (verdanta_weekly__dbt_weekly) - [e56005473659|2715]: It took 0.14s to parse the dbt project for DAG using LoadMode.DBT_LS_CACHE","logger":"cosmos.converter","filename":"converter.py","lineno":371}
{"timestamp":"2026-08-29T10:52:19.078513Z","level":"info","event":"Cosmos performance (verdanta_weekly__dbt_weekly) - [e56005473659|2715]: It took 0.0222s to build the Airflow DAG.","logger":"cosmos.converter","filename":"converter.py","lineno":423}
{"timestamp":"2026-08-29T10:52:19.078754Z","level":"info","event":"::endgroup::Cosmos DAG parsing logs","logger":"cosmos.converter","filename":"converter.py","lineno":430}
{"timestamp":"2026-08-29T10:52:19.079338Z","level":"warning","event":"Using Variable.get from `airflow.models` is deprecated.Please use `get` on Variable from sdk(`airflow.sdk.Variable`) instead","category":"UserWarning","filename":"/home/airflow/.local/lib/python3.13/site-packages/airflow/models/variable.py","lineno":158,"logger":"py.warnings"}
{"timestamp":"2026-08-29T10:52:49.861207Z","level":"info","event":"Filling up the DagBag from /opt/airflow/dags/verdanta_weekly.py","logger":"airflow.dag_processing.dagbag.BundleDagBag","filename":"dagbag.py","lineno":469}
{"timestamp":"2026-08-29T10:52:49.928009Z","level":"info","event":"::group::Cosmos DAG parsing logs","logger":"cosmos.converter","filename":"converter.py","lineno":321}
{"timestamp":"2026-08-29T10:52:49.931948Z","level":"info","event":"Cosmos cache dir resolved to /tmp/cosmos/verdanta_weekly__dbt_weekly","logger":"cosmos.converter","filename":"converter.py","lineno":346}
{"timestamp":"2026-08-29T10:52:49.932135Z","level":"info","event":"Trying to parse the dbt project using dbt ls cache cosmos_cache__verdanta_weekly__dbt_weekly...","logger":"cosmos.dbt.graph","filename":"graph.py","lineno":869}
{"timestamp":"2026-08-29T10:52:50.071116Z","level":"info","event":"Cosmos performance: time to calculate cache identifier cosmos_cache__verdanta_weekly__dbt_weekly for current version: 0.12401465800030564","logger":"cosmos.cache","filename":"cache.py","lineno":401}
{"timestamp":"2026-08-29T10:52:50.071375Z","level":"info","event":"Cosmos performance [e56005473659|2751]: The cache size for cosmos_cache__verdanta_weekly__dbt_weekly is 23804","logger":"cosmos.dbt.graph","filename":"graph.py","lineno":886}
{"timestamp":"2026-08-29T10:52:50.072401Z","level":"info","event":"Cosmos performance: Cache hit for cosmos_cache__verdanta_weekly__dbt_weekly - 39a8c4b6e19a7b5e14cfea47af7dbd90,1ae01f5b93cde0ad1f6d9482f1b54abd","logger":"cosmos.dbt.graph","filename":"graph.py","lineno":898}
{"timestamp":"2026-08-29T10:52:50.072521Z","level":"info","event":"Total nodes: 27","logger":"cosmos.dbt.graph","filename":"graph.py","lineno":799}
{"timestamp":"2026-08-29T10:52:50.072578Z","level":"info","event":"Total filtered nodes: 27","logger":"cosmos.dbt.graph","filename":"graph.py","lineno":800}
{"timestamp":"2026-08-29T10:52:50.072730Z","level":"info","event":"Cosmos performance (verdanta_weekly__dbt_weekly) - [e56005473659|2751]: It took 0.141s to parse the dbt project for DAG using LoadMode.DBT_LS_CACHE","logger":"cosmos.converter","filename":"converter.py","lineno":371}
{"timestamp":"2026-08-29T10:52:50.095634Z","level":"info","event":"Cosmos performance (verdanta_weekly__dbt_weekly) - [e56005473659|2751]: It took 0.0229s to build the Airflow DAG.","logger":"cosmos.converter","filename":"converter.py","lineno":423}
{"timestamp":"2026-08-29T10:52:50.095802Z","level":"info","event":"::endgroup::Cosmos DAG parsing logs","logger":"cosmos.converter","filename":"converter.py","lineno":430}
{"timestamp":"2026-08-29T10:52:50.096247Z","level":"warning","event":"Using Variable.get from `airflow.models` is deprecated.Please use `get` on Variable from sdk(`airflow.sdk.Variable`) instead","category":"UserWarning","filename":"/home/airflow/.local/lib/python3.13/site-packages/airflow/models/variable.py","lineno":158,"logger":"py.warnings"}
{"timestamp":"2026-08-29T10:53:20.181249Z","level":"info","event":"Filling up the DagBag from /opt/airflow/dags/verdanta_weekly.py","logger":"airflow.dag_processing.dagbag.BundleDagBag","filename":"dagbag.py","lineno":469}
{"timestamp":"2026-08-29T10:53:20.247794Z","level":"info","event":"::group::Cosmos DAG parsing logs","logger":"cosmos.converter","filename":"converter.py","lineno":321}
{"timestamp":"2026-08-29T10:53:20.251787Z","level":"info","event":"Cosmos cache dir resolved to /tmp/cosmos/verdanta_weekly__dbt_weekly","logger":"cosmos.converter","filename":"converter.py","lineno":346}
{"timestamp":"2026-08-29T10:53:20.251980Z","level":"info","event":"Trying to parse the dbt project using dbt ls cache cosmos_cache__verdanta_weekly__dbt_weekly...","logger":"cosmos.dbt.graph","filename":"graph.py","lineno":869}
{"timestamp":"2026-08-29T10:53:20.388232Z","level":"info","event":"Cosmos performance: time to calculate cache identifier cosmos_cache__verdanta_weekly__dbt_weekly for current version: 0.12272772399956011","logger":"cosmos.cache","filename":"cache.py","lineno":401}
{"timestamp":"2026-08-29T10:53:20.388471Z","level":"info","event":"Cosmos performance [e56005473659|2787]: The cache size for cosmos_cache__verdanta_weekly__dbt_weekly is 23804","logger":"cosmos.dbt.graph","filename":"graph.py","lineno":886}
{"timestamp":"2026-08-29T10:53:20.389800Z","level":"info","event":"Cosmos performance: Cache hit for cosmos_cache__verdanta_weekly__dbt_weekly - 39a8c4b6e19a7b5e14cfea47af7dbd90,1ae01f5b93cde0ad1f6d9482f1b54abd","logger":"cosmos.dbt.graph","filename":"graph.py","lineno":898}
{"timestamp":"2026-08-29T10:53:20.389946Z","level":"info","event":"Total nodes: 27","logger":"cosmos.dbt.graph","filename":"graph.py","lineno":799}
{"timestamp":"2026-08-29T10:53:20.390019Z","level":"info","event":"Total filtered nodes: 27","logger":"cosmos.dbt.graph","filename":"graph.py","lineno":800}
{"timestamp":"2026-08-29T10:53:20.390096Z","level":"info","event":"Cosmos performance (verdanta_weekly__dbt_weekly) - [e56005473659|2787]: It took 0.138s to parse the dbt project for DAG using LoadMode.DBT_LS_CACHE","logger":"cosmos.converter","filename":"converter.py","lineno":371}
{"timestamp":"2026-08-29T10:53:20.412666Z","level":"info","event":"Cosmos performance (verdanta_weekly__dbt_weekly) - [e56005473659|2787]: It took 0.0225s to build the Airflow DAG.","logger":"cosmos.converter","filename":"converter.py","lineno":423}
{"timestamp":"2026-08-29T10:53:20.412824Z","level":"info","event":"::endgroup::Cosmos DAG parsing logs","logger":"cosmos.converter","filename":"converter.py","lineno":430}
{"timestamp":"2026-08-29T10:53:20.413402Z","level":"warning","event":"Using Variable.get from `airflow.models` is deprecated.Please use `get` on Variable from sdk(`airflow.sdk.Variable`) instead","category":"UserWarning","filename":"/home/airflow/.local/lib/python3.13/site-packages/airflow/models/variable.py","lineno":158,"logger":"py.warnings"}
{"timestamp":"2026-08-29T10:53:51.243262Z","level":"info","event":"Filling up the DagBag from /opt/airflow/dags/verdanta_weekly.py","logger":"airflow.dag_processing.dagbag.BundleDagBag","filename":"dagbag.py","lineno":469}
{"timestamp":"2026-08-29T10:53:51.316581Z","level":"info","event":"::group::Cosmos DAG parsing logs","logger":"cosmos.converter","filename":"converter.py","lineno":321}
{"timestamp":"2026-08-29T10:53:51.320847Z","level":"info","event":"Cosmos cache dir resolved to /tmp/cosmos/verdanta_weekly__dbt_weekly","logger":"cosmos.converter","filename":"converter.py","lineno":346}
{"timestamp":"2026-08-29T10:53:51.321088Z","level":"info","event":"Trying to parse the dbt project using dbt ls cache cosmos_cache__verdanta_weekly__dbt_weekly...","logger":"cosmos.dbt.graph","filename":"graph.py","lineno":869}
{"timestamp":"2026-08-29T10:53:51.470426Z","level":"info","event":"Cosmos performance: time to calculate cache identifier cosmos_cache__verdanta_weekly__dbt_weekly for current version: 0.13226546499936376","logger":"cosmos.cache","filename":"cache.py","lineno":401}
{"timestamp":"2026-08-29T10:53:51.470701Z","level":"info","event":"Cosmos performance [e56005473659|2823]: The cache size for cosmos_cache__verdanta_weekly__dbt_weekly is 23804","logger":"cosmos.dbt.graph","filename":"graph.py","lineno":886}
{"timestamp":"2026-08-29T10:53:51.472320Z","level":"info","event":"Cosmos performance: Cache hit for cosmos_cache__verdanta_weekly__dbt_weekly - 39a8c4b6e19a7b5e14cfea47af7dbd90,1ae01f5b93cde0ad1f6d9482f1b54abd","logger":"cosmos.dbt.graph","filename":"graph.py","lineno":898}
{"timestamp":"2026-08-29T10:53:51.472515Z","level":"info","event":"Total nodes: 27","logger":"cosmos.dbt.graph","filename":"graph.py","lineno":799}
{"timestamp":"2026-08-29T10:53:51.472601Z","level":"info","event":"Total filtered nodes: 27","logger":"cosmos.dbt.graph","filename":"graph.py","lineno":800}
{"timestamp":"2026-08-29T10:53:51.472691Z","level":"info","event":"Cosmos performance (verdanta_weekly__dbt_weekly) - [e56005473659|2823]: It took 0.152s to parse the dbt project for DAG using LoadMode.DBT_LS_CACHE","logger":"cosmos.converter","filename":"converter.py","lineno":371}
{"timestamp":"2026-08-29T10:53:51.496966Z","level":"info","event":"Cosmos performance (verdanta_weekly__dbt_weekly) - [e56005473659|2823]: It took 0.0242s to build the Airflow DAG.","logger":"cosmos.converter","filename":"converter.py","lineno":423}
{"timestamp":"2026-08-29T10:53:51.497135Z","level":"info","event":"::endgroup::Cosmos DAG parsing logs","logger":"cosmos.converter","filename":"converter.py","lineno":430}
{"timestamp":"2026-08-29T10:53:51.497801Z","level":"warning","event":"Using Variable.get from `airflow.models` is deprecated.Please use `get` on Variable from sdk(`airflow.sdk.Variable`) instead","category":"UserWarning","filename":"/home/airflow/.local/lib/python3.13/site-packages/airflow/models/variable.py","lineno":158,"logger":"py.warnings"}
{"timestamp":"2026-08-29T10:54:21.658142Z","level":"info","event":"Filling up the DagBag from /opt/airflow/dags/verdanta_weekly.py","logger":"airflow.dag_processing.dagbag.BundleDagBag","filename":"dagbag.py","lineno":469}
{"timestamp":"2026-08-29T10:54:21.736804Z","level":"info","event":"::group::Cosmos DAG parsing logs","logger":"cosmos.converter","filename":"converter.py","lineno":321}
{"timestamp":"2026-08-29T10:54:21.740767Z","level":"info","event":"Cosmos cache dir resolved to /tmp/cosmos/verdanta_weekly__dbt_weekly","logger":"cosmos.converter","filename":"converter.py","lineno":346}
{"timestamp":"2026-08-29T10:54:21.740967Z","level":"info","event":"Trying to parse the dbt project using dbt ls cache cosmos_cache__verdanta_weekly__dbt_weekly...","logger":"cosmos.dbt.graph","filename":"graph.py","lineno":869}
{"timestamp":"2026-08-29T10:54:21.883622Z","level":"info","event":"Cosmos performance: time to calculate cache identifier cosmos_cache__verdanta_weekly__dbt_weekly for current version: 0.1268688479995035","logger":"cosmos.cache","filename":"cache.py","lineno":401}
{"timestamp":"2026-08-29T10:54:21.883885Z","level":"info","event":"Cosmos performance [e56005473659|2841]: The cache size for cosmos_cache__verdanta_weekly__dbt_weekly is 23804","logger":"cosmos.dbt.graph","filename":"graph.py","lineno":886}
{"timestamp":"2026-08-29T10:54:21.884890Z","level":"info","event":"Cosmos performance: Cache hit for cosmos_cache__verdanta_weekly__dbt_weekly - 39a8c4b6e19a7b5e14cfea47af7dbd90,1ae01f5b93cde0ad1f6d9482f1b54abd","logger":"cosmos.dbt.graph","filename":"graph.py","lineno":898}
{"timestamp":"2026-08-29T10:54:21.885030Z","level":"info","event":"Total nodes: 27","logger":"cosmos.dbt.graph","filename":"graph.py","lineno":799}
{"timestamp":"2026-08-29T10:54:21.885096Z","level":"info","event":"Total filtered nodes: 27","logger":"cosmos.dbt.graph","filename":"graph.py","lineno":800}
{"timestamp":"2026-08-29T10:54:21.885216Z","level":"info","event":"Cosmos performance (verdanta_weekly__dbt_weekly) - [e56005473659|2841]: It took 0.144s to parse the dbt project for DAG using LoadMode.DBT_LS_CACHE","logger":"cosmos.converter","filename":"converter.py","lineno":371}
{"timestamp":"2026-08-29T10:54:21.908060Z","level":"info","event":"Cosmos performance (verdanta_weekly__dbt_weekly) - [e56005473659|2841]: It took 0.0228s to build the Airflow DAG.","logger":"cosmos.converter","filename":"converter.py","lineno":423}
{"timestamp":"2026-08-29T10:54:21.908242Z","level":"info","event":"::endgroup::Cosmos DAG parsing logs","logger":"cosmos.converter","filename":"converter.py","lineno":430}
{"timestamp":"2026-08-29T10:54:21.908833Z","level":"warning","event":"Using Variable.get from `airflow.models` is deprecated.Please use `get` on Variable from sdk(`airflow.sdk.Variable`) instead","category":"UserWarning","filename":"/home/airflow/.local/lib/python3.13/site-packages/airflow/models/variable.py","lineno":158,"logger":"py.warnings"}
{"timestamp":"2026-08-29T10:54:52.176159Z","level":"info","event":"Filling up the DagBag from /opt/airflow/dags/verdanta_weekly.py","logger":"airflow.dag_processing.dagbag.BundleDagBag","filename":"dagbag.py","lineno":469}
{"timestamp":"2026-08-29T10:54:52.244625Z","level":"info","event":"::group::Cosmos DAG parsing logs","logger":"cosmos.converter","filename":"converter.py","lineno":321}
{"timestamp":"2026-08-29T10:54:52.248197Z","level":"info","event":"Cosmos cache dir resolved to /tmp/cosmos/verdanta_weekly__dbt_weekly","logger":"cosmos.converter","filename":"converter.py","lineno":346}
{"timestamp":"2026-08-29T10:54:52.248435Z","level":"info","event":"Trying to parse the dbt project using dbt ls cache cosmos_cache__verdanta_weekly__dbt_weekly...","logger":"cosmos.dbt.graph","filename":"graph.py","lineno":869}
{"timestamp":"2026-08-29T10:54:52.391049Z","level":"info","event":"Cosmos performance: time to calculate cache identifier cosmos_cache__verdanta_weekly__dbt_weekly for current version: 0.12648874200021964","logger":"cosmos.cache","filename":"cache.py","lineno":401}
{"timestamp":"2026-08-29T10:54:52.391292Z","level":"info","event":"Cosmos performance [e56005473659|2873]: The cache size for cosmos_cache__verdanta_weekly__dbt_weekly is 23804","logger":"cosmos.dbt.graph","filename":"graph.py","lineno":886}
{"timestamp":"2026-08-29T10:54:52.392170Z","level":"info","event":"Cosmos performance: Cache hit for cosmos_cache__verdanta_weekly__dbt_weekly - 39a8c4b6e19a7b5e14cfea47af7dbd90,1ae01f5b93cde0ad1f6d9482f1b54abd","logger":"cosmos.dbt.graph","filename":"graph.py","lineno":898}
{"timestamp":"2026-08-29T10:54:52.392305Z","level":"info","event":"Total nodes: 27","logger":"cosmos.dbt.graph","filename":"graph.py","lineno":799}
{"timestamp":"2026-08-29T10:54:52.392364Z","level":"info","event":"Total filtered nodes: 27","logger":"cosmos.dbt.graph","filename":"graph.py","lineno":800}
{"timestamp":"2026-08-29T10:54:52.392428Z","level":"info","event":"Cosmos performance (verdanta_weekly__dbt_weekly) - [e56005473659|2873]: It took 0.144s to parse the dbt project for DAG using LoadMode.DBT_LS_CACHE","logger":"cosmos.converter","filename":"converter.py","lineno":371}
{"timestamp":"2026-08-29T10:54:52.415474Z","level":"info","event":"Cosmos performance (verdanta_weekly__dbt_weekly) - [e56005473659|2873]: It took 0.023s to build the Airflow DAG.","logger":"cosmos.converter","filename":"converter.py","lineno":423}
{"timestamp":"2026-08-29T10:54:52.415640Z","level":"info","event":"::endgroup::Cosmos DAG parsing logs","logger":"cosmos.converter","filename":"converter.py","lineno":430}
{"timestamp":"2026-08-29T10:54:52.416190Z","level":"warning","event":"Using Variable.get from `airflow.models` is deprecated.Please use `get` on Variable from sdk(`airflow.sdk.Variable`) instead","category":"UserWarning","filename":"/home/airflow/.local/lib/python3.13/site-packages/airflow/models/variable.py","lineno":158,"logger":"py.warnings"}
{"timestamp":"2026-08-29T10:55:23.013523Z","level":"info","event":"Filling up the DagBag from /opt/airflow/dags/verdanta_weekly.py","logger":"airflow.dag_processing.dagbag.BundleDagBag","filename":"dagbag.py","lineno":469}
{"timestamp":"2026-08-29T10:55:23.079605Z","level":"info","event":"::group::Cosmos DAG parsing logs","logger":"cosmos.converter","filename":"converter.py","lineno":321}
{"timestamp":"2026-08-29T10:55:23.083167Z","level":"info","event":"Cosmos cache dir resolved to /tmp/cosmos/verdanta_weekly__dbt_weekly","logger":"cosmos.converter","filename":"converter.py","lineno":346}
{"timestamp":"2026-08-29T10:55:23.083418Z","level":"info","event":"Trying to parse the dbt project using dbt ls cache cosmos_cache__verdanta_weekly__dbt_weekly...","logger":"cosmos.dbt.graph","filename":"graph.py","lineno":869}
{"timestamp":"2026-08-29T10:55:23.227099Z","level":"info","event":"Cosmos performance: time to calculate cache identifier cosmos_cache__verdanta_weekly__dbt_weekly for current version: 0.12693091499932052","logger":"cosmos.cache","filename":"cache.py","lineno":401}
{"timestamp":"2026-08-29T10:55:23.227329Z","level":"info","event":"Cosmos performance [e56005473659|2909]: The cache size for cosmos_cache__verdanta_weekly__dbt_weekly is 23804","logger":"cosmos.dbt.graph","filename":"graph.py","lineno":886}
{"timestamp":"2026-08-29T10:55:23.228242Z","level":"info","event":"Cosmos performance: Cache hit for cosmos_cache__verdanta_weekly__dbt_weekly - 39a8c4b6e19a7b5e14cfea47af7dbd90,1ae01f5b93cde0ad1f6d9482f1b54abd","logger":"cosmos.dbt.graph","filename":"graph.py","lineno":898}
{"timestamp":"2026-08-29T10:55:23.228402Z","level":"info","event":"Total nodes: 27","logger":"cosmos.dbt.graph","filename":"graph.py","lineno":799}
{"timestamp":"2026-08-29T10:55:23.228484Z","level":"info","event":"Total filtered nodes: 27","logger":"cosmos.dbt.graph","filename":"graph.py","lineno":800}
{"timestamp":"2026-08-29T10:55:23.228579Z","level":"info","event":"Cosmos performance (verdanta_weekly__dbt_weekly) - [e56005473659|2909]: It took 0.145s to parse the dbt project for DAG using LoadMode.DBT_LS_CACHE","logger":"cosmos.converter","filename":"converter.py","lineno":371}
{"timestamp":"2026-08-29T10:55:23.252039Z","level":"info","event":"Cosmos performance (verdanta_weekly__dbt_weekly) - [e56005473659|2909]: It took 0.0234s to build the Airflow DAG.","logger":"cosmos.converter","filename":"converter.py","lineno":423}
{"timestamp":"2026-08-29T10:55:23.252247Z","level":"info","event":"::endgroup::Cosmos DAG parsing logs","logger":"cosmos.converter","filename":"converter.py","lineno":430}
{"timestamp":"2026-08-29T10:55:23.252694Z","level":"warning","event":"Using Variable.get from `airflow.models` is deprecated.Please use `get` on Variable from sdk(`airflow.sdk.Variable`) instead","category":"UserWarning","filename":"/home/airflow/.local/lib/python3.13/site-packages/airflow/models/variable.py","lineno":158,"logger":"py.warnings"}
{"timestamp":"2026-08-29T10:55:53.511340Z","level":"info","event":"Filling up the DagBag from /opt/airflow/dags/verdanta_weekly.py","logger":"airflow.dag_processing.dagbag.BundleDagBag","filename":"dagbag.py","lineno":469}
{"timestamp":"2026-08-29T10:55:53.610062Z","level":"info","event":"::group::Cosmos DAG parsing logs","logger":"cosmos.converter","filename":"converter.py","lineno":321}
{"timestamp":"2026-08-29T10:55:53.615635Z","level":"info","event":"Cosmos cache dir resolved to /tmp/cosmos/verdanta_weekly__dbt_weekly","logger":"cosmos.converter","filename":"converter.py","lineno":346}
{"timestamp":"2026-08-29T10:55:53.615928Z","level":"info","event":"Trying to parse the dbt project using dbt ls cache cosmos_cache__verdanta_weekly__dbt_weekly...","logger":"cosmos.dbt.graph","filename":"graph.py","lineno":869}
{"timestamp":"2026-08-29T10:55:53.762344Z","level":"info","event":"Cosmos performance: time to calculate cache identifier cosmos_cache__verdanta_weekly__dbt_weekly for current version: 0.132404107000184","logger":"cosmos.cache","filename":"cache.py","lineno":401}
{"timestamp":"2026-08-29T10:55:53.762611Z","level":"info","event":"Cosmos performance [e56005473659|2945]: The cache size for cosmos_cache__verdanta_weekly__dbt_weekly is 23804","logger":"cosmos.dbt.graph","filename":"graph.py","lineno":886}
{"timestamp":"2026-08-29T10:55:53.763904Z","level":"info","event":"Cosmos performance: Cache hit for cosmos_cache__verdanta_weekly__dbt_weekly - 39a8c4b6e19a7b5e14cfea47af7dbd90,1ae01f5b93cde0ad1f6d9482f1b54abd","logger":"cosmos.dbt.graph","filename":"graph.py","lineno":898}
{"timestamp":"2026-08-29T10:55:53.764042Z","level":"info","event":"Total nodes: 27","logger":"cosmos.dbt.graph","filename":"graph.py","lineno":799}
{"timestamp":"2026-08-29T10:55:53.764107Z","level":"info","event":"Total filtered nodes: 27","logger":"cosmos.dbt.graph","filename":"graph.py","lineno":800}
{"timestamp":"2026-08-29T10:55:53.764175Z","level":"info","event":"Cosmos performance (verdanta_weekly__dbt_weekly) - [e56005473659|2945]: It took 0.148s to parse the dbt project for DAG using LoadMode.DBT_LS_CACHE","logger":"cosmos.converter","filename":"converter.py","lineno":371}
{"timestamp":"2026-08-29T10:55:53.789192Z","level":"info","event":"Cosmos performance (verdanta_weekly__dbt_weekly) - [e56005473659|2945]: It took 0.025s to build the Airflow DAG.","logger":"cosmos.converter","filename":"converter.py","lineno":423}
{"timestamp":"2026-08-29T10:55:53.789365Z","level":"info","event":"::endgroup::Cosmos DAG parsing logs","logger":"cosmos.converter","filename":"converter.py","lineno":430}
{"timestamp":"2026-08-29T10:55:53.789854Z","level":"warning","event":"Using Variable.get from `airflow.models` is deprecated.Please use `get` on Variable from sdk(`airflow.sdk.Variable`) instead","category":"UserWarning","filename":"/home/airflow/.local/lib/python3.13/site-packages/airflow/models/variable.py","lineno":158,"logger":"py.warnings"}
{"timestamp":"2026-08-29T10:56:24.022877Z","level":"info","event":"Filling up the DagBag from /opt/airflow/dags/verdanta_weekly.py","logger":"airflow.dag_processing.dagbag.BundleDagBag","filename":"dagbag.py","lineno":469}
{"timestamp":"2026-08-29T10:56:24.096400Z","level":"info","event":"::group::Cosmos DAG parsing logs","logger":"cosmos.converter","filename":"converter.py","lineno":321}
{"timestamp":"2026-08-29T10:56:24.100552Z","level":"info","event":"Cosmos cache dir resolved to /tmp/cosmos/verdanta_weekly__dbt_weekly","logger":"cosmos.converter","filename":"converter.py","lineno":346}
{"timestamp":"2026-08-29T10:56:24.100751Z","level":"info","event":"Trying to parse the dbt project using dbt ls cache cosmos_cache__verdanta_weekly__dbt_weekly...","logger":"cosmos.dbt.graph","filename":"graph.py","lineno":869}
{"timestamp":"2026-08-29T10:56:24.249651Z","level":"info","event":"Cosmos performance: time to calculate cache identifier cosmos_cache__verdanta_weekly__dbt_weekly for current version: 0.13358822900045197","logger":"cosmos.cache","filename":"cache.py","lineno":401}
{"timestamp":"2026-08-29T10:56:24.249885Z","level":"info","event":"Cosmos performance [e56005473659|2981]: The cache size for cosmos_cache__verdanta_weekly__dbt_weekly is 23804","logger":"cosmos.dbt.graph","filename":"graph.py","lineno":886}
{"timestamp":"2026-08-29T10:56:24.250898Z","level":"info","event":"Cosmos performance: Cache hit for cosmos_cache__verdanta_weekly__dbt_weekly - 39a8c4b6e19a7b5e14cfea47af7dbd90,1ae01f5b93cde0ad1f6d9482f1b54abd","logger":"cosmos.dbt.graph","filename":"graph.py","lineno":898}
{"timestamp":"2026-08-29T10:56:24.251056Z","level":"info","event":"Total nodes: 27","logger":"cosmos.dbt.graph","filename":"graph.py","lineno":799}
{"timestamp":"2026-08-29T10:56:24.251123Z","level":"info","event":"Total filtered nodes: 27","logger":"cosmos.dbt.graph","filename":"graph.py","lineno":800}
{"timestamp":"2026-08-29T10:56:24.251209Z","level":"info","event":"Cosmos performance (verdanta_weekly__dbt_weekly) - [e56005473659|2981]: It took 0.151s to parse the dbt project for DAG using LoadMode.DBT_LS_CACHE","logger":"cosmos.converter","filename":"converter.py","lineno":371}
{"timestamp":"2026-08-29T10:56:24.276042Z","level":"info","event":"Cosmos performance (verdanta_weekly__dbt_weekly) - [e56005473659|2981]: It took 0.0248s to build the Airflow DAG.","logger":"cosmos.converter","filename":"converter.py","lineno":423}
{"timestamp":"2026-08-29T10:56:24.276257Z","level":"info","event":"::endgroup::Cosmos DAG parsing logs","logger":"cosmos.converter","filename":"converter.py","lineno":430}
{"timestamp":"2026-08-29T10:56:24.276965Z","level":"warning","event":"Using Variable.get from `airflow.models` is deprecated.Please use `get` on Variable from sdk(`airflow.sdk.Variable`) instead","category":"UserWarning","filename":"/home/airflow/.local/lib/python3.13/site-packages/airflow/models/variable.py","lineno":158,"logger":"py.warnings"}
{"timestamp":"2026-08-29T10:56:54.711869Z","level":"info","event":"Filling up the DagBag from /opt/airflow/dags/verdanta_weekly.py","logger":"airflow.dag_processing.dagbag.BundleDagBag","filename":"dagbag.py","lineno":469}
{"timestamp":"2026-08-29T10:56:54.787008Z","level":"info","event":"::group::Cosmos DAG parsing logs","logger":"cosmos.converter","filename":"converter.py","lineno":321}
{"timestamp":"2026-08-29T10:56:54.790996Z","level":"info","event":"Cosmos cache dir resolved to /tmp/cosmos/verdanta_weekly__dbt_weekly","logger":"cosmos.converter","filename":"converter.py","lineno":346}
{"timestamp":"2026-08-29T10:56:54.791251Z","level":"info","event":"Trying to parse the dbt project using dbt ls cache cosmos_cache__verdanta_weekly__dbt_weekly...","logger":"cosmos.dbt.graph","filename":"graph.py","lineno":869}
{"timestamp":"2026-08-29T10:56:54.936212Z","level":"info","event":"Cosmos performance: time to calculate cache identifier cosmos_cache__verdanta_weekly__dbt_weekly for current version: 0.12969322500066482","logger":"cosmos.cache","filename":"cache.py","lineno":401}
{"timestamp":"2026-08-29T10:56:54.936459Z","level":"info","event":"Cosmos performance [e56005473659|2999]: The cache size for cosmos_cache__verdanta_weekly__dbt_weekly is 23804","logger":"cosmos.dbt.graph","filename":"graph.py","lineno":886}
{"timestamp":"2026-08-29T10:56:54.937327Z","level":"info","event":"Cosmos performance: Cache hit for cosmos_cache__verdanta_weekly__dbt_weekly - 39a8c4b6e19a7b5e14cfea47af7dbd90,1ae01f5b93cde0ad1f6d9482f1b54abd","logger":"cosmos.dbt.graph","filename":"graph.py","lineno":898}
{"timestamp":"2026-08-29T10:56:54.937455Z","level":"info","event":"Total nodes: 27","logger":"cosmos.dbt.graph","filename":"graph.py","lineno":799}
{"timestamp":"2026-08-29T10:56:54.937517Z","level":"info","event":"Total filtered nodes: 27","logger":"cosmos.dbt.graph","filename":"graph.py","lineno":800}
{"timestamp":"2026-08-29T10:56:54.937586Z","level":"info","event":"Cosmos performance (verdanta_weekly__dbt_weekly) - [e56005473659|2999]: It took 0.146s to parse the dbt project for DAG using LoadMode.DBT_LS_CACHE","logger":"cosmos.converter","filename":"converter.py","lineno":371}
{"timestamp":"2026-08-29T10:56:54.961623Z","level":"info","event":"Cosmos performance (verdanta_weekly__dbt_weekly) - [e56005473659|2999]: It took 0.024s to build the Airflow DAG.","logger":"cosmos.converter","filename":"converter.py","lineno":423}
{"timestamp":"2026-08-29T10:56:54.961787Z","level":"info","event":"::endgroup::Cosmos DAG parsing logs","logger":"cosmos.converter","filename":"converter.py","lineno":430}
{"timestamp":"2026-08-29T10:56:54.962235Z","level":"warning","event":"Using Variable.get from `airflow.models` is deprecated.Please use `get` on Variable from sdk(`airflow.sdk.Variable`) instead","category":"UserWarning","filename":"/home/airflow/.local/lib/python3.13/site-packages/airflow/models/variable.py","lineno":158,"logger":"py.warnings"}
{"timestamp":"2026-08-29T10:57:25.075654Z","level":"info","event":"Filling up the DagBag from /opt/airflow/dags/verdanta_weekly.py","logger":"airflow.dag_processing.dagbag.BundleDagBag","filename":"dagbag.py","lineno":469}
{"timestamp":"2026-08-29T10:57:25.142675Z","level":"info","event":"::group::Cosmos DAG parsing logs","logger":"cosmos.converter","filename":"converter.py","lineno":321}
{"timestamp":"2026-08-29T10:57:25.146034Z","level":"info","event":"Cosmos cache dir resolved to /tmp/cosmos/verdanta_weekly__dbt_weekly","logger":"cosmos.converter","filename":"converter.py","lineno":346}
{"timestamp":"2026-08-29T10:57:25.146271Z","level":"info","event":"Trying to parse the dbt project using dbt ls cache cosmos_cache__verdanta_weekly__dbt_weekly...","logger":"cosmos.dbt.graph","filename":"graph.py","lineno":869}
{"timestamp":"2026-08-29T10:57:25.292096Z","level":"info","event":"Cosmos performance: time to calculate cache identifier cosmos_cache__verdanta_weekly__dbt_weekly for current version: 0.12936449200060451","logger":"cosmos.cache","filename":"cache.py","lineno":401}
{"timestamp":"2026-08-29T10:57:25.292337Z","level":"info","event":"Cosmos performance [e56005473659|3031]: The cache size for cosmos_cache__verdanta_weekly__dbt_weekly is 23804","logger":"cosmos.dbt.graph","filename":"graph.py","lineno":886}
{"timestamp":"2026-08-29T10:57:25.293258Z","level":"info","event":"Cosmos performance: Cache hit for cosmos_cache__verdanta_weekly__dbt_weekly - 39a8c4b6e19a7b5e14cfea47af7dbd90,1ae01f5b93cde0ad1f6d9482f1b54abd","logger":"cosmos.dbt.graph","filename":"graph.py","lineno":898}
{"timestamp":"2026-08-29T10:57:25.293388Z","level":"info","event":"Total nodes: 27","logger":"cosmos.dbt.graph","filename":"graph.py","lineno":799}
{"timestamp":"2026-08-29T10:57:25.293450Z","level":"info","event":"Total filtered nodes: 27","logger":"cosmos.dbt.graph","filename":"graph.py","lineno":800}
{"timestamp":"2026-08-29T10:57:25.293583Z","level":"info","event":"Cosmos performance (verdanta_weekly__dbt_weekly) - [e56005473659|3031]: It took 0.147s to parse the dbt project for DAG using LoadMode.DBT_LS_CACHE","logger":"cosmos.converter","filename":"converter.py","lineno":371}
{"timestamp":"2026-08-29T10:57:25.316784Z","level":"info","event":"Cosmos performance (verdanta_weekly__dbt_weekly) - [e56005473659|3031]: It took 0.0232s to build the Airflow DAG.","logger":"cosmos.converter","filename":"converter.py","lineno":423}
{"timestamp":"2026-08-29T10:57:25.316945Z","level":"info","event":"::endgroup::Cosmos DAG parsing logs","logger":"cosmos.converter","filename":"converter.py","lineno":430}
{"timestamp":"2026-08-29T10:57:25.317374Z","level":"warning","event":"Using Variable.get from `airflow.models` is deprecated.Please use `get` on Variable from sdk(`airflow.sdk.Variable`) instead","category":"UserWarning","filename":"/home/airflow/.local/lib/python3.13/site-packages/airflow/models/variable.py","lineno":158,"logger":"py.warnings"}
{"timestamp":"2026-08-29T10:57:56.144926Z","level":"info","event":"Filling up the DagBag from /opt/airflow/dags/verdanta_weekly.py","logger":"airflow.dag_processing.dagbag.BundleDagBag","filename":"dagbag.py","lineno":469}
{"timestamp":"2026-08-29T10:57:56.212184Z","level":"info","event":"::group::Cosmos DAG parsing logs","logger":"cosmos.converter","filename":"converter.py","lineno":321}
{"timestamp":"2026-08-29T10:57:56.215380Z","level":"info","event":"Cosmos cache dir resolved to /tmp/cosmos/verdanta_weekly__dbt_weekly","logger":"cosmos.converter","filename":"converter.py","lineno":346}
{"timestamp":"2026-08-29T10:57:56.215604Z","level":"info","event":"Trying to parse the dbt project using dbt ls cache cosmos_cache__verdanta_weekly__dbt_weekly...","logger":"cosmos.dbt.graph","filename":"graph.py","lineno":869}
{"timestamp":"2026-08-29T10:57:56.360128Z","level":"info","event":"Cosmos performance: time to calculate cache identifier cosmos_cache__verdanta_weekly__dbt_weekly for current version: 0.12816706699959468","logger":"cosmos.cache","filename":"cache.py","lineno":401}
{"timestamp":"2026-08-29T10:57:56.360426Z","level":"info","event":"Cosmos performance [e56005473659|3067]: The cache size for cosmos_cache__verdanta_weekly__dbt_weekly is 23804","logger":"cosmos.dbt.graph","filename":"graph.py","lineno":886}
{"timestamp":"2026-08-29T10:57:56.361322Z","level":"info","event":"Cosmos performance: Cache hit for cosmos_cache__verdanta_weekly__dbt_weekly - 39a8c4b6e19a7b5e14cfea47af7dbd90,1ae01f5b93cde0ad1f6d9482f1b54abd","logger":"cosmos.dbt.graph","filename":"graph.py","lineno":898}
{"timestamp":"2026-08-29T10:57:56.361449Z","level":"info","event":"Total nodes: 27","logger":"cosmos.dbt.graph","filename":"graph.py","lineno":799}
{"timestamp":"2026-08-29T10:57:56.361510Z","level":"info","event":"Total filtered nodes: 27","logger":"cosmos.dbt.graph","filename":"graph.py","lineno":800}
{"timestamp":"2026-08-29T10:57:56.361617Z","level":"info","event":"Cosmos performance (verdanta_weekly__dbt_weekly) - [e56005473659|3067]: It took 0.146s to parse the dbt project for DAG using LoadMode.DBT_LS_CACHE","logger":"cosmos.converter","filename":"converter.py","lineno":371}
{"timestamp":"2026-08-29T10:57:56.383774Z","level":"info","event":"Cosmos performance (verdanta_weekly__dbt_weekly) - [e56005473659|3067]: It took 0.0221s to build the Airflow DAG.","logger":"cosmos.converter","filename":"converter.py","lineno":423}
{"timestamp":"2026-08-29T10:57:56.383927Z","level":"info","event":"::endgroup::Cosmos DAG parsing logs","logger":"cosmos.converter","filename":"converter.py","lineno":430}
{"timestamp":"2026-08-29T10:57:56.384354Z","level":"warning","event":"Using Variable.get from `airflow.models` is deprecated.Please use `get` on Variable from sdk(`airflow.sdk.Variable`) instead","category":"UserWarning","filename":"/home/airflow/.local/lib/python3.13/site-packages/airflow/models/variable.py","lineno":158,"logger":"py.warnings"}
{"timestamp":"2026-08-29T10:58:27.336462Z","level":"info","event":"Filling up the DagBag from /opt/airflow/dags/verdanta_weekly.py","logger":"airflow.dag_processing.dagbag.BundleDagBag","filename":"dagbag.py","lineno":469}
{"timestamp":"2026-08-29T10:58:27.417872Z","level":"info","event":"::group::Cosmos DAG parsing logs","logger":"cosmos.converter","filename":"converter.py","lineno":321}
{"timestamp":"2026-08-29T10:58:27.422658Z","level":"info","event":"Cosmos cache dir resolved to /tmp/cosmos/verdanta_weekly__dbt_weekly","logger":"cosmos.converter","filename":"converter.py","lineno":346}
{"timestamp":"2026-08-29T10:58:27.422913Z","level":"info","event":"Trying to parse the dbt project using dbt ls cache cosmos_cache__verdanta_weekly__dbt_weekly...","logger":"cosmos.dbt.graph","filename":"graph.py","lineno":869}
{"timestamp":"2026-08-29T10:58:27.569876Z","level":"info","event":"Cosmos performance: time to calculate cache identifier cosmos_cache__verdanta_weekly__dbt_weekly for current version: 0.13119024700063164","logger":"cosmos.cache","filename":"cache.py","lineno":401}
{"timestamp":"2026-08-29T10:58:27.570132Z","level":"info","event":"Cosmos performance [e56005473659|3102]: The cache size for cosmos_cache__verdanta_weekly__dbt_weekly is 23804","logger":"cosmos.dbt.graph","filename":"graph.py","lineno":886}
{"timestamp":"2026-08-29T10:58:27.571095Z","level":"info","event":"Cosmos performance: Cache hit for cosmos_cache__verdanta_weekly__dbt_weekly - 39a8c4b6e19a7b5e14cfea47af7dbd90,1ae01f5b93cde0ad1f6d9482f1b54abd","logger":"cosmos.dbt.graph","filename":"graph.py","lineno":898}
{"timestamp":"2026-08-29T10:58:27.571275Z","level":"info","event":"Total nodes: 27","logger":"cosmos.dbt.graph","filename":"graph.py","lineno":799}
{"timestamp":"2026-08-29T10:58:27.571350Z","level":"info","event":"Total filtered nodes: 27","logger":"cosmos.dbt.graph","filename":"graph.py","lineno":800}
{"timestamp":"2026-08-29T10:58:27.571511Z","level":"info","event":"Cosmos performance (verdanta_weekly__dbt_weekly) - [e56005473659|3102]: It took 0.149s to parse the dbt project for DAG using LoadMode.DBT_LS_CACHE","logger":"cosmos.converter","filename":"converter.py","lineno":371}
{"timestamp":"2026-08-29T10:58:27.595987Z","level":"info","event":"Cosmos performance (verdanta_weekly__dbt_weekly) - [e56005473659|3102]: It took 0.0244s to build the Airflow DAG.","logger":"cosmos.converter","filename":"converter.py","lineno":423}
{"timestamp":"2026-08-29T10:58:27.596152Z","level":"info","event":"::endgroup::Cosmos DAG parsing logs","logger":"cosmos.converter","filename":"converter.py","lineno":430}
{"timestamp":"2026-08-29T10:58:27.596644Z","level":"warning","event":"Using Variable.get from `airflow.models` is deprecated.Please use `get` on Variable from sdk(`airflow.sdk.Variable`) instead","category":"UserWarning","filename":"/home/airflow/.local/lib/python3.13/site-packages/airflow/models/variable.py","lineno":158,"logger":"py.warnings"}
{"timestamp":"2026-08-29T10:58:57.750904Z","level":"info","event":"Filling up the DagBag from /opt/airflow/dags/verdanta_weekly.py","logger":"airflow.dag_processing.dagbag.BundleDagBag","filename":"dagbag.py","lineno":469}
{"timestamp":"2026-08-29T10:58:57.821530Z","level":"info","event":"::group::Cosmos DAG parsing logs","logger":"cosmos.converter","filename":"converter.py","lineno":321}
{"timestamp":"2026-08-29T10:58:57.825777Z","level":"info","event":"Cosmos cache dir resolved to /tmp/cosmos/verdanta_weekly__dbt_weekly","logger":"cosmos.converter","filename":"converter.py","lineno":346}
{"timestamp":"2026-08-29T10:58:57.825979Z","level":"info","event":"Trying to parse the dbt project using dbt ls cache cosmos_cache__verdanta_weekly__dbt_weekly...","logger":"cosmos.dbt.graph","filename":"graph.py","lineno":869}
{"timestamp":"2026-08-29T10:58:57.971286Z","level":"info","event":"Cosmos performance: time to calculate cache identifier cosmos_cache__verdanta_weekly__dbt_weekly for current version: 0.1282724570010032","logger":"cosmos.cache","filename":"cache.py","lineno":401}
{"timestamp":"2026-08-29T10:58:57.971536Z","level":"info","event":"Cosmos performance [e56005473659|3131]: The cache size for cosmos_cache__verdanta_weekly__dbt_weekly is 23804","logger":"cosmos.dbt.graph","filename":"graph.py","lineno":886}
{"timestamp":"2026-08-29T10:58:57.972451Z","level":"info","event":"Cosmos performance: Cache hit for cosmos_cache__verdanta_weekly__dbt_weekly - 39a8c4b6e19a7b5e14cfea47af7dbd90,1ae01f5b93cde0ad1f6d9482f1b54abd","logger":"cosmos.dbt.graph","filename":"graph.py","lineno":898}
{"timestamp":"2026-08-29T10:58:57.972584Z","level":"info","event":"Total nodes: 27","logger":"cosmos.dbt.graph","filename":"graph.py","lineno":799}
{"timestamp":"2026-08-29T10:58:57.972645Z","level":"info","event":"Total filtered nodes: 27","logger":"cosmos.dbt.graph","filename":"graph.py","lineno":800}
{"timestamp":"2026-08-29T10:58:57.972719Z","level":"info","event":"Cosmos performance (verdanta_weekly__dbt_weekly) - [e56005473659|3131]: It took 0.147s to parse the dbt project for DAG using LoadMode.DBT_LS_CACHE","logger":"cosmos.converter","filename":"converter.py","lineno":371}
{"timestamp":"2026-08-29T10:58:57.995047Z","level":"info","event":"Cosmos performance (verdanta_weekly__dbt_weekly) - [e56005473659|3131]: It took 0.0223s to build the Airflow DAG.","logger":"cosmos.converter","filename":"converter.py","lineno":423}
{"timestamp":"2026-08-29T10:58:57.995211Z","level":"info","event":"::endgroup::Cosmos DAG parsing logs","logger":"cosmos.converter","filename":"converter.py","lineno":430}
{"timestamp":"2026-08-29T10:58:57.995804Z","level":"warning","event":"Using Variable.get from `airflow.models` is deprecated.Please use `get` on Variable from sdk(`airflow.sdk.Variable`) instead","category":"UserWarning","filename":"/home/airflow/.local/lib/python3.13/site-packages/airflow/models/variable.py","lineno":158,"logger":"py.warnings"}
{"timestamp":"2026-08-29T10:59:28.308680Z","level":"info","event":"Filling up the DagBag from /opt/airflow/dags/verdanta_weekly.py","logger":"airflow.dag_processing.dagbag.BundleDagBag","filename":"dagbag.py","lineno":469}
{"timestamp":"2026-08-29T10:59:28.387871Z","level":"info","event":"::group::Cosmos DAG parsing logs","logger":"cosmos.converter","filename":"converter.py","lineno":321}
{"timestamp":"2026-08-29T10:59:28.391680Z","level":"info","event":"Cosmos cache dir resolved to /tmp/cosmos/verdanta_weekly__dbt_weekly","logger":"cosmos.converter","filename":"converter.py","lineno":346}
{"timestamp":"2026-08-29T10:59:28.391883Z","level":"info","event":"Trying to parse the dbt project using dbt ls cache cosmos_cache__verdanta_weekly__dbt_weekly...","logger":"cosmos.dbt.graph","filename":"graph.py","lineno":869}
{"timestamp":"2026-08-29T10:59:28.533272Z","level":"info","event":"Cosmos performance: time to calculate cache identifier cosmos_cache__verdanta_weekly__dbt_weekly for current version: 0.12533682100001897","logger":"cosmos.cache","filename":"cache.py","lineno":401}
{"timestamp":"2026-08-29T10:59:28.533538Z","level":"info","event":"Cosmos performance [e56005473659|3166]: The cache size for cosmos_cache__verdanta_weekly__dbt_weekly is 23804","logger":"cosmos.dbt.graph","filename":"graph.py","lineno":886}
{"timestamp":"2026-08-29T10:59:28.534414Z","level":"info","event":"Cosmos performance: Cache hit for cosmos_cache__verdanta_weekly__dbt_weekly - 39a8c4b6e19a7b5e14cfea47af7dbd90,1ae01f5b93cde0ad1f6d9482f1b54abd","logger":"cosmos.dbt.graph","filename":"graph.py","lineno":898}
{"timestamp":"2026-08-29T10:59:28.534556Z","level":"info","event":"Total nodes: 27","logger":"cosmos.dbt.graph","filename":"graph.py","lineno":799}
{"timestamp":"2026-08-29T10:59:28.534619Z","level":"info","event":"Total filtered nodes: 27","logger":"cosmos.dbt.graph","filename":"graph.py","lineno":800}
{"timestamp":"2026-08-29T10:59:28.534687Z","level":"info","event":"Cosmos performance (verdanta_weekly__dbt_weekly) - [e56005473659|3166]: It took 0.143s to parse the dbt project for DAG using LoadMode.DBT_LS_CACHE","logger":"cosmos.converter","filename":"converter.py","lineno":371}
{"timestamp":"2026-08-29T10:59:28.558918Z","level":"info","event":"Cosmos performance (verdanta_weekly__dbt_weekly) - [e56005473659|3166]: It took 0.0242s to build the Airflow DAG.","logger":"cosmos.converter","filename":"converter.py","lineno":423}
{"timestamp":"2026-08-29T10:59:28.559084Z","level":"info","event":"::endgroup::Cosmos DAG parsing logs","logger":"cosmos.converter","filename":"converter.py","lineno":430}
{"timestamp":"2026-08-29T10:59:28.559519Z","level":"warning","event":"Using Variable.get from `airflow.models` is deprecated.Please use `get` on Variable from sdk(`airflow.sdk.Variable`) instead","category":"UserWarning","filename":"/home/airflow/.local/lib/python3.13/site-packages/airflow/models/variable.py","lineno":158,"logger":"py.warnings"}
{"timestamp":"2026-08-29T10:59:58.655563Z","level":"info","event":"Filling up the DagBag from /opt/airflow/dags/verdanta_weekly.py","logger":"airflow.dag_processing.dagbag.BundleDagBag","filename":"dagbag.py","lineno":469}
{"timestamp":"2026-08-29T10:59:58.724917Z","level":"info","event":"::group::Cosmos DAG parsing logs","logger":"cosmos.converter","filename":"converter.py","lineno":321}
{"timestamp":"2026-08-29T10:59:58.728890Z","level":"info","event":"Cosmos cache dir resolved to /tmp/cosmos/verdanta_weekly__dbt_weekly","logger":"cosmos.converter","filename":"converter.py","lineno":346}
{"timestamp":"2026-08-29T10:59:58.729171Z","level":"info","event":"Trying to parse the dbt project using dbt ls cache cosmos_cache__verdanta_weekly__dbt_weekly...","logger":"cosmos.dbt.graph","filename":"graph.py","lineno":869}
{"timestamp":"2026-08-29T10:59:58.872618Z","level":"info","event":"Cosmos performance: time to calculate cache identifier cosmos_cache__verdanta_weekly__dbt_weekly for current version: 0.12835016299868585","logger":"cosmos.cache","filename":"cache.py","lineno":401}
{"timestamp":"2026-08-29T10:59:58.872895Z","level":"info","event":"Cosmos performance [e56005473659|3181]: The cache size for cosmos_cache__verdanta_weekly__dbt_weekly is 23804","logger":"cosmos.dbt.graph","filename":"graph.py","lineno":886}
{"timestamp":"2026-08-29T10:59:58.873807Z","level":"info","event":"Cosmos performance: Cache hit for cosmos_cache__verdanta_weekly__dbt_weekly - 39a8c4b6e19a7b5e14cfea47af7dbd90,1ae01f5b93cde0ad1f6d9482f1b54abd","logger":"cosmos.dbt.graph","filename":"graph.py","lineno":898}
{"timestamp":"2026-08-29T10:59:58.873933Z","level":"info","event":"Total nodes: 27","logger":"cosmos.dbt.graph","filename":"graph.py","lineno":799}
{"timestamp":"2026-08-29T10:59:58.873994Z","level":"info","event":"Total filtered nodes: 27","logger":"cosmos.dbt.graph","filename":"graph.py","lineno":800}
{"timestamp":"2026-08-29T10:59:58.874071Z","level":"info","event":"Cosmos performance (verdanta_weekly__dbt_weekly) - [e56005473659|3181]: It took 0.145s to parse the dbt project for DAG using LoadMode.DBT_LS_CACHE","logger":"cosmos.converter","filename":"converter.py","lineno":371}
{"timestamp":"2026-08-29T10:59:58.897461Z","level":"info","event":"Cosmos performance (verdanta_weekly__dbt_weekly) - [e56005473659|3181]: It took 0.0233s to build the Airflow DAG.","logger":"cosmos.converter","filename":"converter.py","lineno":423}
{"timestamp":"2026-08-29T10:59:58.897630Z","level":"info","event":"::endgroup::Cosmos DAG parsing logs","logger":"cosmos.converter","filename":"converter.py","lineno":430}
{"timestamp":"2026-08-29T10:59:58.898059Z","level":"warning","event":"Using Variable.get from `airflow.models` is deprecated.Please use `get` on Variable from sdk(`airflow.sdk.Variable`) instead","category":"UserWarning","filename":"/home/airflow/.local/lib/python3.13/site-packages/airflow/models/variable.py","lineno":158,"logger":"py.warnings"}
{"timestamp":"2026-08-29T11:00:29.580696Z","level":"info","event":"Filling up the DagBag from /opt/airflow/dags/verdanta_weekly.py","logger":"airflow.dag_processing.dagbag.BundleDagBag","filename":"dagbag.py","lineno":469}
{"timestamp":"2026-08-29T11:00:29.651044Z","level":"info","event":"::group::Cosmos DAG parsing logs","logger":"cosmos.converter","filename":"converter.py","lineno":321}
{"timestamp":"2026-08-29T11:00:29.654617Z","level":"info","event":"Cosmos cache dir resolved to /tmp/cosmos/verdanta_weekly__dbt_weekly","logger":"cosmos.converter","filename":"converter.py","lineno":346}
{"timestamp":"2026-08-29T11:00:29.654843Z","level":"info","event":"Trying to parse the dbt project using dbt ls cache cosmos_cache__verdanta_weekly__dbt_weekly...","logger":"cosmos.dbt.graph","filename":"graph.py","lineno":869}
{"timestamp":"2026-08-29T11:00:29.798657Z","level":"info","event":"Cosmos performance: time to calculate cache identifier cosmos_cache__verdanta_weekly__dbt_weekly for current version: 0.12871156100118242","logger":"cosmos.cache","filename":"cache.py","lineno":401}
{"timestamp":"2026-08-29T11:00:29.798911Z","level":"info","event":"Cosmos performance [e56005473659|3217]: The cache size for cosmos_cache__verdanta_weekly__dbt_weekly is 23804","logger":"cosmos.dbt.graph","filename":"graph.py","lineno":886}
{"timestamp":"2026-08-29T11:00:29.799953Z","level":"info","event":"Cosmos performance: Cache hit for cosmos_cache__verdanta_weekly__dbt_weekly - 39a8c4b6e19a7b5e14cfea47af7dbd90,1ae01f5b93cde0ad1f6d9482f1b54abd","logger":"cosmos.dbt.graph","filename":"graph.py","lineno":898}
{"timestamp":"2026-08-29T11:00:29.800086Z","level":"info","event":"Total nodes: 27","logger":"cosmos.dbt.graph","filename":"graph.py","lineno":799}
{"timestamp":"2026-08-29T11:00:29.800164Z","level":"info","event":"Total filtered nodes: 27","logger":"cosmos.dbt.graph","filename":"graph.py","lineno":800}
{"timestamp":"2026-08-29T11:00:29.800231Z","level":"info","event":"Cosmos performance (verdanta_weekly__dbt_weekly) - [e56005473659|3217]: It took 0.145s to parse the dbt project for DAG using LoadMode.DBT_LS_CACHE","logger":"cosmos.converter","filename":"converter.py","lineno":371}
{"timestamp":"2026-08-29T11:00:29.823082Z","level":"info","event":"Cosmos performance (verdanta_weekly__dbt_weekly) - [e56005473659|3217]: It took 0.0228s to build the Airflow DAG.","logger":"cosmos.converter","filename":"converter.py","lineno":423}
{"timestamp":"2026-08-29T11:00:29.823243Z","level":"info","event":"::endgroup::Cosmos DAG parsing logs","logger":"cosmos.converter","filename":"converter.py","lineno":430}
{"timestamp":"2026-08-29T11:00:29.823785Z","level":"warning","event":"Using Variable.get from `airflow.models` is deprecated.Please use `get` on Variable from sdk(`airflow.sdk.Variable`) instead","category":"UserWarning","filename":"/home/airflow/.local/lib/python3.13/site-packages/airflow/models/variable.py","lineno":158,"logger":"py.warnings"}
{"timestamp":"2026-08-29T11:01:00.650988Z","level":"info","event":"Filling up the DagBag from /opt/airflow/dags/verdanta_weekly.py","logger":"airflow.dag_processing.dagbag.BundleDagBag","filename":"dagbag.py","lineno":469}
{"timestamp":"2026-08-29T11:01:00.720230Z","level":"info","event":"::group::Cosmos DAG parsing logs","logger":"cosmos.converter","filename":"converter.py","lineno":321}
{"timestamp":"2026-08-29T11:01:00.723924Z","level":"info","event":"Cosmos cache dir resolved to /tmp/cosmos/verdanta_weekly__dbt_weekly","logger":"cosmos.converter","filename":"converter.py","lineno":346}
{"timestamp":"2026-08-29T11:01:00.724130Z","level":"info","event":"Trying to parse the dbt project using dbt ls cache cosmos_cache__verdanta_weekly__dbt_weekly...","logger":"cosmos.dbt.graph","filename":"graph.py","lineno":869}
{"timestamp":"2026-08-29T11:01:00.867613Z","level":"info","event":"Cosmos performance: time to calculate cache identifier cosmos_cache__verdanta_weekly__dbt_weekly for current version: 0.1291618989998824","logger":"cosmos.cache","filename":"cache.py","lineno":401}
{"timestamp":"2026-08-29T11:01:00.867865Z","level":"info","event":"Cosmos performance [e56005473659|3253]: The cache size for cosmos_cache__verdanta_weekly__dbt_weekly is 23804","logger":"cosmos.dbt.graph","filename":"graph.py","lineno":886}
{"timestamp":"2026-08-29T11:01:00.868757Z","level":"info","event":"Cosmos performance: Cache hit for cosmos_cache__verdanta_weekly__dbt_weekly - 39a8c4b6e19a7b5e14cfea47af7dbd90,1ae01f5b93cde0ad1f6d9482f1b54abd","logger":"cosmos.dbt.graph","filename":"graph.py","lineno":898}
{"timestamp":"2026-08-29T11:01:00.868905Z","level":"info","event":"Total nodes: 27","logger":"cosmos.dbt.graph","filename":"graph.py","lineno":799}
{"timestamp":"2026-08-29T11:01:00.868965Z","level":"info","event":"Total filtered nodes: 27","logger":"cosmos.dbt.graph","filename":"graph.py","lineno":800}
{"timestamp":"2026-08-29T11:01:00.869037Z","level":"info","event":"Cosmos performance (verdanta_weekly__dbt_weekly) - [e56005473659|3253]: It took 0.145s to parse the dbt project for DAG using LoadMode.DBT_LS_CACHE","logger":"cosmos.converter","filename":"converter.py","lineno":371}
{"timestamp":"2026-08-29T11:01:00.895525Z","level":"info","event":"Cosmos performance (verdanta_weekly__dbt_weekly) - [e56005473659|3253]: It took 0.0264s to build the Airflow DAG.","logger":"cosmos.converter","filename":"converter.py","lineno":423}
{"timestamp":"2026-08-29T11:01:00.895690Z","level":"info","event":"::endgroup::Cosmos DAG parsing logs","logger":"cosmos.converter","filename":"converter.py","lineno":430}
{"timestamp":"2026-08-29T11:01:00.896109Z","level":"warning","event":"Using Variable.get from `airflow.models` is deprecated.Please use `get` on Variable from sdk(`airflow.sdk.Variable`) instead","category":"UserWarning","filename":"/home/airflow/.local/lib/python3.13/site-packages/airflow/models/variable.py","lineno":158,"logger":"py.warnings"}
{"timestamp":"2026-08-29T11:01:31.084433Z","level":"info","event":"Filling up the DagBag from /opt/airflow/dags/verdanta_weekly.py","logger":"airflow.dag_processing.dagbag.BundleDagBag","filename":"dagbag.py","lineno":469}
{"timestamp":"2026-08-29T11:01:31.154110Z","level":"info","event":"::group::Cosmos DAG parsing logs","logger":"cosmos.converter","filename":"converter.py","lineno":321}
{"timestamp":"2026-08-29T11:01:31.157623Z","level":"info","event":"Cosmos cache dir resolved to /tmp/cosmos/verdanta_weekly__dbt_weekly","logger":"cosmos.converter","filename":"converter.py","lineno":346}
{"timestamp":"2026-08-29T11:01:31.157866Z","level":"info","event":"Trying to parse the dbt project using dbt ls cache cosmos_cache__verdanta_weekly__dbt_weekly...","logger":"cosmos.dbt.graph","filename":"graph.py","lineno":869}
{"timestamp":"2026-08-29T11:01:31.300449Z","level":"info","event":"Cosmos performance: time to calculate cache identifier cosmos_cache__verdanta_weekly__dbt_weekly for current version: 0.1268234150011267","logger":"cosmos.cache","filename":"cache.py","lineno":401}
{"timestamp":"2026-08-29T11:01:31.300686Z","level":"info","event":"Cosmos performance [e56005473659|3289]: The cache size for cosmos_cache__verdanta_weekly__dbt_weekly is 23804","logger":"cosmos.dbt.graph","filename":"graph.py","lineno":886}
{"timestamp":"2026-08-29T11:01:31.301682Z","level":"info","event":"Cosmos performance: Cache hit for cosmos_cache__verdanta_weekly__dbt_weekly - 39a8c4b6e19a7b5e14cfea47af7dbd90,1ae01f5b93cde0ad1f6d9482f1b54abd","logger":"cosmos.dbt.graph","filename":"graph.py","lineno":898}
{"timestamp":"2026-08-29T11:01:31.301814Z","level":"info","event":"Total nodes: 27","logger":"cosmos.dbt.graph","filename":"graph.py","lineno":799}
{"timestamp":"2026-08-29T11:01:31.301876Z","level":"info","event":"Total filtered nodes: 27","logger":"cosmos.dbt.graph","filename":"graph.py","lineno":800}
{"timestamp":"2026-08-29T11:01:31.301952Z","level":"info","event":"Cosmos performance (verdanta_weekly__dbt_weekly) - [e56005473659|3289]: It took 0.144s to parse the dbt project for DAG using LoadMode.DBT_LS_CACHE","logger":"cosmos.converter","filename":"converter.py","lineno":371}
{"timestamp":"2026-08-29T11:01:31.323631Z","level":"info","event":"Cosmos performance (verdanta_weekly__dbt_weekly) - [e56005473659|3289]: It took 0.0216s to build the Airflow DAG.","logger":"cosmos.converter","filename":"converter.py","lineno":423}
{"timestamp":"2026-08-29T11:01:31.323802Z","level":"info","event":"::endgroup::Cosmos DAG parsing logs","logger":"cosmos.converter","filename":"converter.py","lineno":430}
{"timestamp":"2026-08-29T11:01:31.324383Z","level":"warning","event":"Using Variable.get from `airflow.models` is deprecated.Please use `get` on Variable from sdk(`airflow.sdk.Variable`) instead","category":"UserWarning","filename":"/home/airflow/.local/lib/python3.13/site-packages/airflow/models/variable.py","lineno":158,"logger":"py.warnings"}
{"timestamp":"2026-08-29T11:02:01.478977Z","level":"info","event":"Filling up the DagBag from /opt/airflow/dags/verdanta_weekly.py","logger":"airflow.dag_processing.dagbag.BundleDagBag","filename":"dagbag.py","lineno":469}
{"timestamp":"2026-08-29T11:02:01.554026Z","level":"info","event":"::group::Cosmos DAG parsing logs","logger":"cosmos.converter","filename":"converter.py","lineno":321}
{"timestamp":"2026-08-29T11:02:01.558128Z","level":"info","event":"Cosmos cache dir resolved to /tmp/cosmos/verdanta_weekly__dbt_weekly","logger":"cosmos.converter","filename":"converter.py","lineno":346}
{"timestamp":"2026-08-29T11:02:01.558375Z","level":"info","event":"Trying to parse the dbt project using dbt ls cache cosmos_cache__verdanta_weekly__dbt_weekly...","logger":"cosmos.dbt.graph","filename":"graph.py","lineno":869}
{"timestamp":"2026-08-29T11:02:01.700853Z","level":"info","event":"Cosmos performance: time to calculate cache identifier cosmos_cache__verdanta_weekly__dbt_weekly for current version: 0.12694854499932262","logger":"cosmos.cache","filename":"cache.py","lineno":401}
{"timestamp":"2026-08-29T11:02:01.701149Z","level":"info","event":"Cosmos performance [e56005473659|3325]: The cache size for cosmos_cache__verdanta_weekly__dbt_weekly is 23804","logger":"cosmos.dbt.graph","filename":"graph.py","lineno":886}
{"timestamp":"2026-08-29T11:02:01.702288Z","level":"info","event":"Cosmos performance: Cache hit for cosmos_cache__verdanta_weekly__dbt_weekly - 39a8c4b6e19a7b5e14cfea47af7dbd90,1ae01f5b93cde0ad1f6d9482f1b54abd","logger":"cosmos.dbt.graph","filename":"graph.py","lineno":898}
{"timestamp":"2026-08-29T11:02:01.702446Z","level":"info","event":"Total nodes: 27","logger":"cosmos.dbt.graph","filename":"graph.py","lineno":799}
{"timestamp":"2026-08-29T11:02:01.702523Z","level":"info","event":"Total filtered nodes: 27","logger":"cosmos.dbt.graph","filename":"graph.py","lineno":800}
{"timestamp":"2026-08-29T11:02:01.702598Z","level":"info","event":"Cosmos performance (verdanta_weekly__dbt_weekly) - [e56005473659|3325]: It took 0.144s to parse the dbt project for DAG using LoadMode.DBT_LS_CACHE","logger":"cosmos.converter","filename":"converter.py","lineno":371}
{"timestamp":"2026-08-29T11:02:01.726847Z","level":"info","event":"Cosmos performance (verdanta_weekly__dbt_weekly) - [e56005473659|3325]: It took 0.0242s to build the Airflow DAG.","logger":"cosmos.converter","filename":"converter.py","lineno":423}
{"timestamp":"2026-08-29T11:02:01.727029Z","level":"info","event":"::endgroup::Cosmos DAG parsing logs","logger":"cosmos.converter","filename":"converter.py","lineno":430}
{"timestamp":"2026-08-29T11:02:01.727504Z","level":"warning","event":"Using Variable.get from `airflow.models` is deprecated.Please use `get` on Variable from sdk(`airflow.sdk.Variable`) instead","category":"UserWarning","filename":"/home/airflow/.local/lib/python3.13/site-packages/airflow/models/variable.py","lineno":158,"logger":"py.warnings"}
{"timestamp":"2026-08-29T11:02:32.078177Z","level":"info","event":"Filling up the DagBag from /opt/airflow/dags/verdanta_weekly.py","logger":"airflow.dag_processing.dagbag.BundleDagBag","filename":"dagbag.py","lineno":469}
{"timestamp":"2026-08-29T11:02:32.146904Z","level":"info","event":"::group::Cosmos DAG parsing logs","logger":"cosmos.converter","filename":"converter.py","lineno":321}
{"timestamp":"2026-08-29T11:02:32.150071Z","level":"info","event":"Cosmos cache dir resolved to /tmp/cosmos/verdanta_weekly__dbt_weekly","logger":"cosmos.converter","filename":"converter.py","lineno":346}
{"timestamp":"2026-08-29T11:02:32.150269Z","level":"info","event":"Trying to parse the dbt project using dbt ls cache cosmos_cache__verdanta_weekly__dbt_weekly...","logger":"cosmos.dbt.graph","filename":"graph.py","lineno":869}
{"timestamp":"2026-08-29T11:02:32.291949Z","level":"info","event":"Cosmos performance: time to calculate cache identifier cosmos_cache__verdanta_weekly__dbt_weekly for current version: 0.1260364279987698","logger":"cosmos.cache","filename":"cache.py","lineno":401}
{"timestamp":"2026-08-29T11:02:32.292188Z","level":"info","event":"Cosmos performance [e56005473659|3340]: The cache size for cosmos_cache__verdanta_weekly__dbt_weekly is 23804","logger":"cosmos.dbt.graph","filename":"graph.py","lineno":886}
{"timestamp":"2026-08-29T11:02:32.293126Z","level":"info","event":"Cosmos performance: Cache hit for cosmos_cache__verdanta_weekly__dbt_weekly - 39a8c4b6e19a7b5e14cfea47af7dbd90,1ae01f5b93cde0ad1f6d9482f1b54abd","logger":"cosmos.dbt.graph","filename":"graph.py","lineno":898}
{"timestamp":"2026-08-29T11:02:32.293258Z","level":"info","event":"Total nodes: 27","logger":"cosmos.dbt.graph","filename":"graph.py","lineno":799}
{"timestamp":"2026-08-29T11:02:32.293321Z","level":"info","event":"Total filtered nodes: 27","logger":"cosmos.dbt.graph","filename":"graph.py","lineno":800}
{"timestamp":"2026-08-29T11:02:32.293386Z","level":"info","event":"Cosmos performance (verdanta_weekly__dbt_weekly) - [e56005473659|3340]: It took 0.143s to parse the dbt project for DAG using LoadMode.DBT_LS_CACHE","logger":"cosmos.converter","filename":"converter.py","lineno":371}
{"timestamp":"2026-08-29T11:02:32.315337Z","level":"info","event":"Cosmos performance (verdanta_weekly__dbt_weekly) - [e56005473659|3340]: It took 0.0219s to build the Airflow DAG.","logger":"cosmos.converter","filename":"converter.py","lineno":423}
{"timestamp":"2026-08-29T11:02:32.315551Z","level":"info","event":"::endgroup::Cosmos DAG parsing logs","logger":"cosmos.converter","filename":"converter.py","lineno":430}
{"timestamp":"2026-08-29T11:02:32.316022Z","level":"warning","event":"Using Variable.get from `airflow.models` is deprecated.Please use `get` on Variable from sdk(`airflow.sdk.Variable`) instead","category":"UserWarning","filename":"/home/airflow/.local/lib/python3.13/site-packages/airflow/models/variable.py","lineno":158,"logger":"py.warnings"}
{"timestamp":"2026-08-29T11:03:02.457654Z","level":"info","event":"Filling up the DagBag from /opt/airflow/dags/verdanta_weekly.py","logger":"airflow.dag_processing.dagbag.BundleDagBag","filename":"dagbag.py","lineno":469}
{"timestamp":"2026-08-29T11:03:02.527411Z","level":"info","event":"::group::Cosmos DAG parsing logs","logger":"cosmos.converter","filename":"converter.py","lineno":321}
{"timestamp":"2026-08-29T11:03:02.530524Z","level":"info","event":"Cosmos cache dir resolved to /tmp/cosmos/verdanta_weekly__dbt_weekly","logger":"cosmos.converter","filename":"converter.py","lineno":346}
{"timestamp":"2026-08-29T11:03:02.530831Z","level":"info","event":"Trying to parse the dbt project using dbt ls cache cosmos_cache__verdanta_weekly__dbt_weekly...","logger":"cosmos.dbt.graph","filename":"graph.py","lineno":869}
{"timestamp":"2026-08-29T11:03:02.677266Z","level":"info","event":"Cosmos performance: time to calculate cache identifier cosmos_cache__verdanta_weekly__dbt_weekly for current version: 0.13060113499886938","logger":"cosmos.cache","filename":"cache.py","lineno":401}
{"timestamp":"2026-08-29T11:03:02.677514Z","level":"info","event":"Cosmos performance [e56005473659|3376]: The cache size for cosmos_cache__verdanta_weekly__dbt_weekly is 23804","logger":"cosmos.dbt.graph","filename":"graph.py","lineno":886}
{"timestamp":"2026-08-29T11:03:02.678363Z","level":"info","event":"Cosmos performance: Cache hit for cosmos_cache__verdanta_weekly__dbt_weekly - 39a8c4b6e19a7b5e14cfea47af7dbd90,1ae01f5b93cde0ad1f6d9482f1b54abd","logger":"cosmos.dbt.graph","filename":"graph.py","lineno":898}
{"timestamp":"2026-08-29T11:03:02.678489Z","level":"info","event":"Total nodes: 27","logger":"cosmos.dbt.graph","filename":"graph.py","lineno":799}
{"timestamp":"2026-08-29T11:03:02.678549Z","level":"info","event":"Total filtered nodes: 27","logger":"cosmos.dbt.graph","filename":"graph.py","lineno":800}
{"timestamp":"2026-08-29T11:03:02.678622Z","level":"info","event":"Cosmos performance (verdanta_weekly__dbt_weekly) - [e56005473659|3376]: It took 0.148s to parse the dbt project for DAG using LoadMode.DBT_LS_CACHE","logger":"cosmos.converter","filename":"converter.py","lineno":371}
{"timestamp":"2026-08-29T11:03:02.702755Z","level":"info","event":"Cosmos performance (verdanta_weekly__dbt_weekly) - [e56005473659|3376]: It took 0.024s to build the Airflow DAG.","logger":"cosmos.converter","filename":"converter.py","lineno":423}
{"timestamp":"2026-08-29T11:03:02.702919Z","level":"info","event":"::endgroup::Cosmos DAG parsing logs","logger":"cosmos.converter","filename":"converter.py","lineno":430}
{"timestamp":"2026-08-29T11:03:02.703484Z","level":"warning","event":"Using Variable.get from `airflow.models` is deprecated.Please use `get` on Variable from sdk(`airflow.sdk.Variable`) instead","category":"UserWarning","filename":"/home/airflow/.local/lib/python3.13/site-packages/airflow/models/variable.py","lineno":158,"logger":"py.warnings"}
{"timestamp":"2026-08-29T11:03:33.407090Z","level":"info","event":"Filling up the DagBag from /opt/airflow/dags/verdanta_weekly.py","logger":"airflow.dag_processing.dagbag.BundleDagBag","filename":"dagbag.py","lineno":469}
{"timestamp":"2026-08-29T11:03:33.475121Z","level":"info","event":"::group::Cosmos DAG parsing logs","logger":"cosmos.converter","filename":"converter.py","lineno":321}
{"timestamp":"2026-08-29T11:03:33.478201Z","level":"info","event":"Cosmos cache dir resolved to /tmp/cosmos/verdanta_weekly__dbt_weekly","logger":"cosmos.converter","filename":"converter.py","lineno":346}
{"timestamp":"2026-08-29T11:03:33.478437Z","level":"info","event":"Trying to parse the dbt project using dbt ls cache cosmos_cache__verdanta_weekly__dbt_weekly...","logger":"cosmos.dbt.graph","filename":"graph.py","lineno":869}
{"timestamp":"2026-08-29T11:03:33.622397Z","level":"info","event":"Cosmos performance: time to calculate cache identifier cosmos_cache__verdanta_weekly__dbt_weekly for current version: 0.12770550399909553","logger":"cosmos.cache","filename":"cache.py","lineno":401}
{"timestamp":"2026-08-29T11:03:33.622640Z","level":"info","event":"Cosmos performance [e56005473659|3412]: The cache size for cosmos_cache__verdanta_weekly__dbt_weekly is 23804","logger":"cosmos.dbt.graph","filename":"graph.py","lineno":886}
{"timestamp":"2026-08-29T11:03:33.623564Z","level":"info","event":"Cosmos performance: Cache hit for cosmos_cache__verdanta_weekly__dbt_weekly - 39a8c4b6e19a7b5e14cfea47af7dbd90,1ae01f5b93cde0ad1f6d9482f1b54abd","logger":"cosmos.dbt.graph","filename":"graph.py","lineno":898}
{"timestamp":"2026-08-29T11:03:33.623696Z","level":"info","event":"Total nodes: 27","logger":"cosmos.dbt.graph","filename":"graph.py","lineno":799}
{"timestamp":"2026-08-29T11:03:33.623758Z","level":"info","event":"Total filtered nodes: 27","logger":"cosmos.dbt.graph","filename":"graph.py","lineno":800}
{"timestamp":"2026-08-29T11:03:33.623824Z","level":"info","event":"Cosmos performance (verdanta_weekly__dbt_weekly) - [e56005473659|3412]: It took 0.146s to parse the dbt project for DAG using LoadMode.DBT_LS_CACHE","logger":"cosmos.converter","filename":"converter.py","lineno":371}
{"timestamp":"2026-08-29T11:03:33.646160Z","level":"info","event":"Cosmos performance (verdanta_weekly__dbt_weekly) - [e56005473659|3412]: It took 0.0223s to build the Airflow DAG.","logger":"cosmos.converter","filename":"converter.py","lineno":423}
{"timestamp":"2026-08-29T11:03:33.646319Z","level":"info","event":"::endgroup::Cosmos DAG parsing logs","logger":"cosmos.converter","filename":"converter.py","lineno":430}
{"timestamp":"2026-08-29T11:03:33.647071Z","level":"warning","event":"Using Variable.get from `airflow.models` is deprecated.Please use `get` on Variable from sdk(`airflow.sdk.Variable`) instead","category":"UserWarning","filename":"/home/airflow/.local/lib/python3.13/site-packages/airflow/models/variable.py","lineno":158,"logger":"py.warnings"}
{"timestamp":"2026-08-29T11:04:04.016848Z","level":"info","event":"Filling up the DagBag from /opt/airflow/dags/verdanta_weekly.py","logger":"airflow.dag_processing.dagbag.BundleDagBag","filename":"dagbag.py","lineno":469}
{"timestamp":"2026-08-29T11:04:04.089653Z","level":"info","event":"::group::Cosmos DAG parsing logs","logger":"cosmos.converter","filename":"converter.py","lineno":321}
{"timestamp":"2026-08-29T11:04:04.094033Z","level":"info","event":"Cosmos cache dir resolved to /tmp/cosmos/verdanta_weekly__dbt_weekly","logger":"cosmos.converter","filename":"converter.py","lineno":346}
{"timestamp":"2026-08-29T11:04:04.094238Z","level":"info","event":"Trying to parse the dbt project using dbt ls cache cosmos_cache__verdanta_weekly__dbt_weekly...","logger":"cosmos.dbt.graph","filename":"graph.py","lineno":869}
{"timestamp":"2026-08-29T11:04:04.237157Z","level":"info","event":"Cosmos performance: time to calculate cache identifier cosmos_cache__verdanta_weekly__dbt_weekly for current version: 0.12878238200028136","logger":"cosmos.cache","filename":"cache.py","lineno":401}
{"timestamp":"2026-08-29T11:04:04.237408Z","level":"info","event":"Cosmos performance [e56005473659|3448]: The cache size for cosmos_cache__verdanta_weekly__dbt_weekly is 23804","logger":"cosmos.dbt.graph","filename":"graph.py","lineno":886}
{"timestamp":"2026-08-29T11:04:04.238422Z","level":"info","event":"Cosmos performance: Cache hit for cosmos_cache__verdanta_weekly__dbt_weekly - 39a8c4b6e19a7b5e14cfea47af7dbd90,1ae01f5b93cde0ad1f6d9482f1b54abd","logger":"cosmos.dbt.graph","filename":"graph.py","lineno":898}
{"timestamp":"2026-08-29T11:04:04.238572Z","level":"info","event":"Total nodes: 27","logger":"cosmos.dbt.graph","filename":"graph.py","lineno":799}
{"timestamp":"2026-08-29T11:04:04.238640Z","level":"info","event":"Total filtered nodes: 27","logger":"cosmos.dbt.graph","filename":"graph.py","lineno":800}
{"timestamp":"2026-08-29T11:04:04.238752Z","level":"info","event":"Cosmos performance (verdanta_weekly__dbt_weekly) - [e56005473659|3448]: It took 0.145s to parse the dbt project for DAG using LoadMode.DBT_LS_CACHE","logger":"cosmos.converter","filename":"converter.py","lineno":371}
{"timestamp":"2026-08-29T11:04:04.261522Z","level":"info","event":"Cosmos performance (verdanta_weekly__dbt_weekly) - [e56005473659|3448]: It took 0.0227s to build the Airflow DAG.","logger":"cosmos.converter","filename":"converter.py","lineno":423}
{"timestamp":"2026-08-29T11:04:04.261691Z","level":"info","event":"::endgroup::Cosmos DAG parsing logs","logger":"cosmos.converter","filename":"converter.py","lineno":430}
{"timestamp":"2026-08-29T11:04:04.262243Z","level":"warning","event":"Using Variable.get from `airflow.models` is deprecated.Please use `get` on Variable from sdk(`airflow.sdk.Variable`) instead","category":"UserWarning","filename":"/home/airflow/.local/lib/python3.13/site-packages/airflow/models/variable.py","lineno":158,"logger":"py.warnings"}
{"timestamp":"2026-08-29T11:04:34.443703Z","level":"info","event":"Filling up the DagBag from /opt/airflow/dags/verdanta_weekly.py","logger":"airflow.dag_processing.dagbag.BundleDagBag","filename":"dagbag.py","lineno":469}
{"timestamp":"2026-08-29T11:04:34.530298Z","level":"info","event":"::group::Cosmos DAG parsing logs","logger":"cosmos.converter","filename":"converter.py","lineno":321}
{"timestamp":"2026-08-29T11:04:34.534238Z","level":"info","event":"Cosmos cache dir resolved to /tmp/cosmos/verdanta_weekly__dbt_weekly","logger":"cosmos.converter","filename":"converter.py","lineno":346}
{"timestamp":"2026-08-29T11:04:34.534508Z","level":"info","event":"Trying to parse the dbt project using dbt ls cache cosmos_cache__verdanta_weekly__dbt_weekly...","logger":"cosmos.dbt.graph","filename":"graph.py","lineno":869}
{"timestamp":"2026-08-29T11:04:34.685710Z","level":"info","event":"Cosmos performance: time to calculate cache identifier cosmos_cache__verdanta_weekly__dbt_weekly for current version: 0.1357071359998372","logger":"cosmos.cache","filename":"cache.py","lineno":401}
{"timestamp":"2026-08-29T11:04:34.685937Z","level":"info","event":"Cosmos performance [e56005473659|3483]: The cache size for cosmos_cache__verdanta_weekly__dbt_weekly is 23804","logger":"cosmos.dbt.graph","filename":"graph.py","lineno":886}
{"timestamp":"2026-08-29T11:04:34.686952Z","level":"info","event":"Cosmos performance: Cache hit for cosmos_cache__verdanta_weekly__dbt_weekly - 39a8c4b6e19a7b5e14cfea47af7dbd90,1ae01f5b93cde0ad1f6d9482f1b54abd","logger":"cosmos.dbt.graph","filename":"graph.py","lineno":898}
{"timestamp":"2026-08-29T11:04:34.687083Z","level":"info","event":"Total nodes: 27","logger":"cosmos.dbt.graph","filename":"graph.py","lineno":799}
{"timestamp":"2026-08-29T11:04:34.687146Z","level":"info","event":"Total filtered nodes: 27","logger":"cosmos.dbt.graph","filename":"graph.py","lineno":800}
{"timestamp":"2026-08-29T11:04:34.687210Z","level":"info","event":"Cosmos performance (verdanta_weekly__dbt_weekly) - [e56005473659|3483]: It took 0.153s to parse the dbt project for DAG using LoadMode.DBT_LS_CACHE","logger":"cosmos.converter","filename":"converter.py","lineno":371}
{"timestamp":"2026-08-29T11:04:34.710792Z","level":"info","event":"Cosmos performance (verdanta_weekly__dbt_weekly) - [e56005473659|3483]: It took 0.0235s to build the Airflow DAG.","logger":"cosmos.converter","filename":"converter.py","lineno":423}
{"timestamp":"2026-08-29T11:04:34.710958Z","level":"info","event":"::endgroup::Cosmos DAG parsing logs","logger":"cosmos.converter","filename":"converter.py","lineno":430}
{"timestamp":"2026-08-29T11:04:34.711483Z","level":"warning","event":"Using Variable.get from `airflow.models` is deprecated.Please use `get` on Variable from sdk(`airflow.sdk.Variable`) instead","category":"UserWarning","filename":"/home/airflow/.local/lib/python3.13/site-packages/airflow/models/variable.py","lineno":158,"logger":"py.warnings"}
{"timestamp":"2026-08-29T11:05:05.226196Z","level":"info","event":"Filling up the DagBag from /opt/airflow/dags/verdanta_weekly.py","logger":"airflow.dag_processing.dagbag.BundleDagBag","filename":"dagbag.py","lineno":469}
{"timestamp":"2026-08-29T11:05:05.292734Z","level":"info","event":"::group::Cosmos DAG parsing logs","logger":"cosmos.converter","filename":"converter.py","lineno":321}
{"timestamp":"2026-08-29T11:05:05.296128Z","level":"info","event":"Cosmos cache dir resolved to /tmp/cosmos/verdanta_weekly__dbt_weekly","logger":"cosmos.converter","filename":"converter.py","lineno":346}
{"timestamp":"2026-08-29T11:05:05.296362Z","level":"info","event":"Trying to parse the dbt project using dbt ls cache cosmos_cache__verdanta_weekly__dbt_weekly...","logger":"cosmos.dbt.graph","filename":"graph.py","lineno":869}
{"timestamp":"2026-08-29T11:05:05.439557Z","level":"info","event":"Cosmos performance: time to calculate cache identifier cosmos_cache__verdanta_weekly__dbt_weekly for current version: 0.12734701599947584","logger":"cosmos.cache","filename":"cache.py","lineno":401}
{"timestamp":"2026-08-29T11:05:05.439795Z","level":"info","event":"Cosmos performance [e56005473659|3498]: The cache size for cosmos_cache__verdanta_weekly__dbt_weekly is 23804","logger":"cosmos.dbt.graph","filename":"graph.py","lineno":886}
{"timestamp":"2026-08-29T11:05:05.440851Z","level":"info","event":"Cosmos performance: Cache hit for cosmos_cache__verdanta_weekly__dbt_weekly - 39a8c4b6e19a7b5e14cfea47af7dbd90,1ae01f5b93cde0ad1f6d9482f1b54abd","logger":"cosmos.dbt.graph","filename":"graph.py","lineno":898}
{"timestamp":"2026-08-29T11:05:05.440988Z","level":"info","event":"Total nodes: 27","logger":"cosmos.dbt.graph","filename":"graph.py","lineno":799}
{"timestamp":"2026-08-29T11:05:05.441050Z","level":"info","event":"Total filtered nodes: 27","logger":"cosmos.dbt.graph","filename":"graph.py","lineno":800}
{"timestamp":"2026-08-29T11:05:05.441131Z","level":"info","event":"Cosmos performance (verdanta_weekly__dbt_weekly) - [e56005473659|3498]: It took 0.145s to parse the dbt project for DAG using LoadMode.DBT_LS_CACHE","logger":"cosmos.converter","filename":"converter.py","lineno":371}
{"timestamp":"2026-08-29T11:05:05.465039Z","level":"info","event":"Cosmos performance (verdanta_weekly__dbt_weekly) - [e56005473659|3498]: It took 0.0239s to build the Airflow DAG.","logger":"cosmos.converter","filename":"converter.py","lineno":423}
{"timestamp":"2026-08-29T11:05:05.465244Z","level":"info","event":"::endgroup::Cosmos DAG parsing logs","logger":"cosmos.converter","filename":"converter.py","lineno":430}
{"timestamp":"2026-08-29T11:05:05.465684Z","level":"warning","event":"Using Variable.get from `airflow.models` is deprecated.Please use `get` on Variable from sdk(`airflow.sdk.Variable`) instead","category":"UserWarning","filename":"/home/airflow/.local/lib/python3.13/site-packages/airflow/models/variable.py","lineno":158,"logger":"py.warnings"}
{"timestamp":"2026-08-29T11:05:36.398777Z","level":"info","event":"Filling up the DagBag from /opt/airflow/dags/verdanta_weekly.py","logger":"airflow.dag_processing.dagbag.BundleDagBag","filename":"dagbag.py","lineno":469}
{"timestamp":"2026-08-29T11:05:36.481861Z","level":"info","event":"::group::Cosmos DAG parsing logs","logger":"cosmos.converter","filename":"converter.py","lineno":321}
{"timestamp":"2026-08-29T11:05:36.485903Z","level":"info","event":"Cosmos cache dir resolved to /tmp/cosmos/verdanta_weekly__dbt_weekly","logger":"cosmos.converter","filename":"converter.py","lineno":346}
{"timestamp":"2026-08-29T11:05:36.486148Z","level":"info","event":"Trying to parse the dbt project using dbt ls cache cosmos_cache__verdanta_weekly__dbt_weekly...","logger":"cosmos.dbt.graph","filename":"graph.py","lineno":869}
{"timestamp":"2026-08-29T11:05:36.642005Z","level":"info","event":"Cosmos performance: time to calculate cache identifier cosmos_cache__verdanta_weekly__dbt_weekly for current version: 0.1376105439994717","logger":"cosmos.cache","filename":"cache.py","lineno":401}
{"timestamp":"2026-08-29T11:05:36.642250Z","level":"info","event":"Cosmos performance [e56005473659|3534]: The cache size for cosmos_cache__verdanta_weekly__dbt_weekly is 23804","logger":"cosmos.dbt.graph","filename":"graph.py","lineno":886}
{"timestamp":"2026-08-29T11:05:36.643211Z","level":"info","event":"Cosmos performance: Cache hit for cosmos_cache__verdanta_weekly__dbt_weekly - 39a8c4b6e19a7b5e14cfea47af7dbd90,1ae01f5b93cde0ad1f6d9482f1b54abd","logger":"cosmos.dbt.graph","filename":"graph.py","lineno":898}
{"timestamp":"2026-08-29T11:05:36.643346Z","level":"info","event":"Total nodes: 27","logger":"cosmos.dbt.graph","filename":"graph.py","lineno":799}
{"timestamp":"2026-08-29T11:05:36.643410Z","level":"info","event":"Total filtered nodes: 27","logger":"cosmos.dbt.graph","filename":"graph.py","lineno":800}
{"timestamp":"2026-08-29T11:05:36.643483Z","level":"info","event":"Cosmos performance (verdanta_weekly__dbt_weekly) - [e56005473659|3534]: It took 0.157s to parse the dbt project for DAG using LoadMode.DBT_LS_CACHE","logger":"cosmos.converter","filename":"converter.py","lineno":371}
{"timestamp":"2026-08-29T11:05:36.667748Z","level":"info","event":"Cosmos performance (verdanta_weekly__dbt_weekly) - [e56005473659|3534]: It took 0.0242s to build the Airflow DAG.","logger":"cosmos.converter","filename":"converter.py","lineno":423}
{"timestamp":"2026-08-29T11:05:36.667947Z","level":"info","event":"::endgroup::Cosmos DAG parsing logs","logger":"cosmos.converter","filename":"converter.py","lineno":430}
{"timestamp":"2026-08-29T11:05:36.668376Z","level":"warning","event":"Using Variable.get from `airflow.models` is deprecated.Please use `get` on Variable from sdk(`airflow.sdk.Variable`) instead","category":"UserWarning","filename":"/home/airflow/.local/lib/python3.13/site-packages/airflow/models/variable.py","lineno":158,"logger":"py.warnings"}
{"timestamp":"2026-08-29T11:06:07.436220Z","level":"info","event":"Filling up the DagBag from /opt/airflow/dags/verdanta_weekly.py","logger":"airflow.dag_processing.dagbag.BundleDagBag","filename":"dagbag.py","lineno":469}
{"timestamp":"2026-08-29T11:06:07.516201Z","level":"info","event":"::group::Cosmos DAG parsing logs","logger":"cosmos.converter","filename":"converter.py","lineno":321}
{"timestamp":"2026-08-29T11:06:07.519939Z","level":"info","event":"Cosmos cache dir resolved to /tmp/cosmos/verdanta_weekly__dbt_weekly","logger":"cosmos.converter","filename":"converter.py","lineno":346}
{"timestamp":"2026-08-29T11:06:07.520160Z","level":"info","event":"Trying to parse the dbt project using dbt ls cache cosmos_cache__verdanta_weekly__dbt_weekly...","logger":"cosmos.dbt.graph","filename":"graph.py","lineno":869}
{"timestamp":"2026-08-29T11:06:07.672397Z","level":"info","event":"Cosmos performance: time to calculate cache identifier cosmos_cache__verdanta_weekly__dbt_weekly for current version: 0.13654665799913346","logger":"cosmos.cache","filename":"cache.py","lineno":401}
{"timestamp":"2026-08-29T11:06:07.672666Z","level":"info","event":"Cosmos performance [e56005473659|3569]: The cache size for cosmos_cache__verdanta_weekly__dbt_weekly is 23804","logger":"cosmos.dbt.graph","filename":"graph.py","lineno":886}
{"timestamp":"2026-08-29T11:06:07.673706Z","level":"info","event":"Cosmos performance: Cache hit for cosmos_cache__verdanta_weekly__dbt_weekly - 39a8c4b6e19a7b5e14cfea47af7dbd90,1ae01f5b93cde0ad1f6d9482f1b54abd","logger":"cosmos.dbt.graph","filename":"graph.py","lineno":898}
{"timestamp":"2026-08-29T11:06:07.673875Z","level":"info","event":"Total nodes: 27","logger":"cosmos.dbt.graph","filename":"graph.py","lineno":799}
{"timestamp":"2026-08-29T11:06:07.673995Z","level":"info","event":"Total filtered nodes: 27","logger":"cosmos.dbt.graph","filename":"graph.py","lineno":800}
{"timestamp":"2026-08-29T11:06:07.674094Z","level":"info","event":"Cosmos performance (verdanta_weekly__dbt_weekly) - [e56005473659|3569]: It took 0.154s to parse the dbt project for DAG using LoadMode.DBT_LS_CACHE","logger":"cosmos.converter","filename":"converter.py","lineno":371}
{"timestamp":"2026-08-29T11:06:07.698450Z","level":"info","event":"Cosmos performance (verdanta_weekly__dbt_weekly) - [e56005473659|3569]: It took 0.0243s to build the Airflow DAG.","logger":"cosmos.converter","filename":"converter.py","lineno":423}
{"timestamp":"2026-08-29T11:06:07.698612Z","level":"info","event":"::endgroup::Cosmos DAG parsing logs","logger":"cosmos.converter","filename":"converter.py","lineno":430}
{"timestamp":"2026-08-29T11:06:07.699275Z","level":"warning","event":"Using Variable.get from `airflow.models` is deprecated.Please use `get` on Variable from sdk(`airflow.sdk.Variable`) instead","category":"UserWarning","filename":"/home/airflow/.local/lib/python3.13/site-packages/airflow/models/variable.py","lineno":158,"logger":"py.warnings"}
{"timestamp":"2026-08-29T11:06:37.799811Z","level":"info","event":"Filling up the DagBag from /opt/airflow/dags/verdanta_weekly.py","logger":"airflow.dag_processing.dagbag.BundleDagBag","filename":"dagbag.py","lineno":469}
{"timestamp":"2026-08-29T11:06:37.879682Z","level":"info","event":"::group::Cosmos DAG parsing logs","logger":"cosmos.converter","filename":"converter.py","lineno":321}
{"timestamp":"2026-08-29T11:06:37.884433Z","level":"info","event":"Cosmos cache dir resolved to /tmp/cosmos/verdanta_weekly__dbt_weekly","logger":"cosmos.converter","filename":"converter.py","lineno":346}
{"timestamp":"2026-08-29T11:06:37.884641Z","level":"info","event":"Trying to parse the dbt project using dbt ls cache cosmos_cache__verdanta_weekly__dbt_weekly...","logger":"cosmos.dbt.graph","filename":"graph.py","lineno":869}
{"timestamp":"2026-08-29T11:06:38.026070Z","level":"info","event":"Cosmos performance: time to calculate cache identifier cosmos_cache__verdanta_weekly__dbt_weekly for current version: 0.1284110470005544","logger":"cosmos.cache","filename":"cache.py","lineno":401}
{"timestamp":"2026-08-29T11:06:38.026317Z","level":"info","event":"Cosmos performance [e56005473659|3598]: The cache size for cosmos_cache__verdanta_weekly__dbt_weekly is 23804","logger":"cosmos.dbt.graph","filename":"graph.py","lineno":886}
{"timestamp":"2026-08-29T11:06:38.027283Z","level":"info","event":"Cosmos performance: Cache hit for cosmos_cache__verdanta_weekly__dbt_weekly - 39a8c4b6e19a7b5e14cfea47af7dbd90,1ae01f5b93cde0ad1f6d9482f1b54abd","logger":"cosmos.dbt.graph","filename":"graph.py","lineno":898}
{"timestamp":"2026-08-29T11:06:38.027422Z","level":"info","event":"Total nodes: 27","logger":"cosmos.dbt.graph","filename":"graph.py","lineno":799}
{"timestamp":"2026-08-29T11:06:38.027485Z","level":"info","event":"Total filtered nodes: 27","logger":"cosmos.dbt.graph","filename":"graph.py","lineno":800}
{"timestamp":"2026-08-29T11:06:38.027558Z","level":"info","event":"Cosmos performance (verdanta_weekly__dbt_weekly) - [e56005473659|3598]: It took 0.143s to parse the dbt project for DAG using LoadMode.DBT_LS_CACHE","logger":"cosmos.converter","filename":"converter.py","lineno":371}
{"timestamp":"2026-08-29T11:06:38.049957Z","level":"info","event":"Cosmos performance (verdanta_weekly__dbt_weekly) - [e56005473659|3598]: It took 0.0223s to build the Airflow DAG.","logger":"cosmos.converter","filename":"converter.py","lineno":423}
{"timestamp":"2026-08-29T11:06:38.050134Z","level":"info","event":"::endgroup::Cosmos DAG parsing logs","logger":"cosmos.converter","filename":"converter.py","lineno":430}
{"timestamp":"2026-08-29T11:06:38.050628Z","level":"warning","event":"Using Variable.get from `airflow.models` is deprecated.Please use `get` on Variable from sdk(`airflow.sdk.Variable`) instead","category":"UserWarning","filename":"/home/airflow/.local/lib/python3.13/site-packages/airflow/models/variable.py","lineno":158,"logger":"py.warnings"}
{"timestamp":"2026-08-29T11:07:08.174804Z","level":"info","event":"Filling up the DagBag from /opt/airflow/dags/verdanta_weekly.py","logger":"airflow.dag_processing.dagbag.BundleDagBag","filename":"dagbag.py","lineno":469}
{"timestamp":"2026-08-29T11:07:08.244434Z","level":"info","event":"::group::Cosmos DAG parsing logs","logger":"cosmos.converter","filename":"converter.py","lineno":321}
{"timestamp":"2026-08-29T11:07:08.247764Z","level":"info","event":"Cosmos cache dir resolved to /tmp/cosmos/verdanta_weekly__dbt_weekly","logger":"cosmos.converter","filename":"converter.py","lineno":346}
{"timestamp":"2026-08-29T11:07:08.247965Z","level":"info","event":"Trying to parse the dbt project using dbt ls cache cosmos_cache__verdanta_weekly__dbt_weekly...","logger":"cosmos.dbt.graph","filename":"graph.py","lineno":869}
{"timestamp":"2026-08-29T11:07:08.391965Z","level":"info","event":"Cosmos performance: time to calculate cache identifier cosmos_cache__verdanta_weekly__dbt_weekly for current version: 0.12713342600000033","logger":"cosmos.cache","filename":"cache.py","lineno":401}
{"timestamp":"2026-08-29T11:07:08.392218Z","level":"info","event":"Cosmos performance [e56005473659|3634]: The cache size for cosmos_cache__verdanta_weekly__dbt_weekly is 23804","logger":"cosmos.dbt.graph","filename":"graph.py","lineno":886}
{"timestamp":"2026-08-29T11:07:08.393764Z","level":"info","event":"Cosmos performance: Cache hit for cosmos_cache__verdanta_weekly__dbt_weekly - 39a8c4b6e19a7b5e14cfea47af7dbd90,1ae01f5b93cde0ad1f6d9482f1b54abd","logger":"cosmos.dbt.graph","filename":"graph.py","lineno":898}
{"timestamp":"2026-08-29T11:07:08.393891Z","level":"info","event":"Total nodes: 27","logger":"cosmos.dbt.graph","filename":"graph.py","lineno":799}
{"timestamp":"2026-08-29T11:07:08.393952Z","level":"info","event":"Total filtered nodes: 27","logger":"cosmos.dbt.graph","filename":"graph.py","lineno":800}
{"timestamp":"2026-08-29T11:07:08.394015Z","level":"info","event":"Cosmos performance (verdanta_weekly__dbt_weekly) - [e56005473659|3634]: It took 0.146s to parse the dbt project for DAG using LoadMode.DBT_LS_CACHE","logger":"cosmos.converter","filename":"converter.py","lineno":371}
{"timestamp":"2026-08-29T11:07:08.415806Z","level":"info","event":"Cosmos performance (verdanta_weekly__dbt_weekly) - [e56005473659|3634]: It took 0.0217s to build the Airflow DAG.","logger":"cosmos.converter","filename":"converter.py","lineno":423}
{"timestamp":"2026-08-29T11:07:08.415962Z","level":"info","event":"::endgroup::Cosmos DAG parsing logs","logger":"cosmos.converter","filename":"converter.py","lineno":430}
{"timestamp":"2026-08-29T11:07:08.416476Z","level":"warning","event":"Using Variable.get from `airflow.models` is deprecated.Please use `get` on Variable from sdk(`airflow.sdk.Variable`) instead","category":"UserWarning","filename":"/home/airflow/.local/lib/python3.13/site-packages/airflow/models/variable.py","lineno":158,"logger":"py.warnings"}
{"timestamp":"2026-08-29T11:07:39.170166Z","level":"info","event":"Filling up the DagBag from /opt/airflow/dags/verdanta_weekly.py","logger":"airflow.dag_processing.dagbag.BundleDagBag","filename":"dagbag.py","lineno":469}
{"timestamp":"2026-08-29T11:07:39.244641Z","level":"info","event":"::group::Cosmos DAG parsing logs","logger":"cosmos.converter","filename":"converter.py","lineno":321}
{"timestamp":"2026-08-29T11:07:39.248512Z","level":"info","event":"Cosmos cache dir resolved to /tmp/cosmos/verdanta_weekly__dbt_weekly","logger":"cosmos.converter","filename":"converter.py","lineno":346}
{"timestamp":"2026-08-29T11:07:39.248839Z","level":"info","event":"Trying to parse the dbt project using dbt ls cache cosmos_cache__verdanta_weekly__dbt_weekly...","logger":"cosmos.dbt.graph","filename":"graph.py","lineno":869}
{"timestamp":"2026-08-29T11:07:39.397289Z","level":"info","event":"Cosmos performance: time to calculate cache identifier cosmos_cache__verdanta_weekly__dbt_weekly for current version: 0.1344637789989065","logger":"cosmos.cache","filename":"cache.py","lineno":401}
{"timestamp":"2026-08-29T11:07:39.397532Z","level":"info","event":"Cosmos performance [e56005473659|3651]: The cache size for cosmos_cache__verdanta_weekly__dbt_weekly is 23804","logger":"cosmos.dbt.graph","filename":"graph.py","lineno":886}
{"timestamp":"2026-08-29T11:07:39.398616Z","level":"info","event":"Cosmos performance: Cache hit for cosmos_cache__verdanta_weekly__dbt_weekly - 39a8c4b6e19a7b5e14cfea47af7dbd90,1ae01f5b93cde0ad1f6d9482f1b54abd","logger":"cosmos.dbt.graph","filename":"graph.py","lineno":898}
{"timestamp":"2026-08-29T11:07:39.398744Z","level":"info","event":"Total nodes: 27","logger":"cosmos.dbt.graph","filename":"graph.py","lineno":799}
{"timestamp":"2026-08-29T11:07:39.398806Z","level":"info","event":"Total filtered nodes: 27","logger":"cosmos.dbt.graph","filename":"graph.py","lineno":800}
{"timestamp":"2026-08-29T11:07:39.398874Z","level":"info","event":"Cosmos performance (verdanta_weekly__dbt_weekly) - [e56005473659|3651]: It took 0.15s to parse the dbt project for DAG using LoadMode.DBT_LS_CACHE","logger":"cosmos.converter","filename":"converter.py","lineno":371}
{"timestamp":"2026-08-29T11:07:39.423061Z","level":"info","event":"Cosmos performance (verdanta_weekly__dbt_weekly) - [e56005473659|3651]: It took 0.0241s to build the Airflow DAG.","logger":"cosmos.converter","filename":"converter.py","lineno":423}
{"timestamp":"2026-08-29T11:07:39.423228Z","level":"info","event":"::endgroup::Cosmos DAG parsing logs","logger":"cosmos.converter","filename":"converter.py","lineno":430}
{"timestamp":"2026-08-29T11:07:39.423697Z","level":"warning","event":"Using Variable.get from `airflow.models` is deprecated.Please use `get` on Variable from sdk(`airflow.sdk.Variable`) instead","category":"UserWarning","filename":"/home/airflow/.local/lib/python3.13/site-packages/airflow/models/variable.py","lineno":158,"logger":"py.warnings"}
{"timestamp":"2026-08-29T11:08:10.068501Z","level":"info","event":"Filling up the DagBag from /opt/airflow/dags/verdanta_weekly.py","logger":"airflow.dag_processing.dagbag.BundleDagBag","filename":"dagbag.py","lineno":469}
{"timestamp":"2026-08-29T11:08:10.142683Z","level":"info","event":"::group::Cosmos DAG parsing logs","logger":"cosmos.converter","filename":"converter.py","lineno":321}
{"timestamp":"2026-08-29T11:08:10.146445Z","level":"info","event":"Cosmos cache dir resolved to /tmp/cosmos/verdanta_weekly__dbt_weekly","logger":"cosmos.converter","filename":"converter.py","lineno":346}
{"timestamp":"2026-08-29T11:08:10.146675Z","level":"info","event":"Trying to parse the dbt project using dbt ls cache cosmos_cache__verdanta_weekly__dbt_weekly...","logger":"cosmos.dbt.graph","filename":"graph.py","lineno":869}
{"timestamp":"2026-08-29T11:08:10.285658Z","level":"info","event":"Cosmos performance: time to calculate cache identifier cosmos_cache__verdanta_weekly__dbt_weekly for current version: 0.1255007010004192","logger":"cosmos.cache","filename":"cache.py","lineno":401}
{"timestamp":"2026-08-29T11:08:10.285902Z","level":"info","event":"Cosmos performance [e56005473659|3684]: The cache size for cosmos_cache__verdanta_weekly__dbt_weekly is 23804","logger":"cosmos.dbt.graph","filename":"graph.py","lineno":886}
{"timestamp":"2026-08-29T11:08:10.286914Z","level":"info","event":"Cosmos performance: Cache hit for cosmos_cache__verdanta_weekly__dbt_weekly - 39a8c4b6e19a7b5e14cfea47af7dbd90,1ae01f5b93cde0ad1f6d9482f1b54abd","logger":"cosmos.dbt.graph","filename":"graph.py","lineno":898}
{"timestamp":"2026-08-29T11:08:10.287146Z","level":"info","event":"Total nodes: 27","logger":"cosmos.dbt.graph","filename":"graph.py","lineno":799}
{"timestamp":"2026-08-29T11:08:10.287249Z","level":"info","event":"Total filtered nodes: 27","logger":"cosmos.dbt.graph","filename":"graph.py","lineno":800}
{"timestamp":"2026-08-29T11:08:10.287341Z","level":"info","event":"Cosmos performance (verdanta_weekly__dbt_weekly) - [e56005473659|3684]: It took 0.141s to parse the dbt project for DAG using LoadMode.DBT_LS_CACHE","logger":"cosmos.converter","filename":"converter.py","lineno":371}
{"timestamp":"2026-08-29T11:08:10.310587Z","level":"info","event":"Cosmos performance (verdanta_weekly__dbt_weekly) - [e56005473659|3684]: It took 0.0232s to build the Airflow DAG.","logger":"cosmos.converter","filename":"converter.py","lineno":423}
{"timestamp":"2026-08-29T11:08:10.310759Z","level":"info","event":"::endgroup::Cosmos DAG parsing logs","logger":"cosmos.converter","filename":"converter.py","lineno":430}
{"timestamp":"2026-08-29T11:08:10.311248Z","level":"warning","event":"Using Variable.get from `airflow.models` is deprecated.Please use `get` on Variable from sdk(`airflow.sdk.Variable`) instead","category":"UserWarning","filename":"/home/airflow/.local/lib/python3.13/site-packages/airflow/models/variable.py","lineno":158,"logger":"py.warnings"}
{"timestamp":"2026-08-29T11:08:41.302665Z","level":"info","event":"Filling up the DagBag from /opt/airflow/dags/verdanta_weekly.py","logger":"airflow.dag_processing.dagbag.BundleDagBag","filename":"dagbag.py","lineno":469}
{"timestamp":"2026-08-29T11:08:41.396297Z","level":"info","event":"::group::Cosmos DAG parsing logs","logger":"cosmos.converter","filename":"converter.py","lineno":321}
{"timestamp":"2026-08-29T11:08:41.400265Z","level":"info","event":"Cosmos cache dir resolved to /tmp/cosmos/verdanta_weekly__dbt_weekly","logger":"cosmos.converter","filename":"converter.py","lineno":346}
{"timestamp":"2026-08-29T11:08:41.400515Z","level":"info","event":"Trying to parse the dbt project using dbt ls cache cosmos_cache__verdanta_weekly__dbt_weekly...","logger":"cosmos.dbt.graph","filename":"graph.py","lineno":869}
{"timestamp":"2026-08-29T11:08:41.549710Z","level":"info","event":"Cosmos performance: time to calculate cache identifier cosmos_cache__verdanta_weekly__dbt_weekly for current version: 0.12953322600151296","logger":"cosmos.cache","filename":"cache.py","lineno":401}
{"timestamp":"2026-08-29T11:08:41.549944Z","level":"info","event":"Cosmos performance [e56005473659|3720]: The cache size for cosmos_cache__verdanta_weekly__dbt_weekly is 23804","logger":"cosmos.dbt.graph","filename":"graph.py","lineno":886}
{"timestamp":"2026-08-29T11:08:41.551038Z","level":"info","event":"Cosmos performance: Cache hit for cosmos_cache__verdanta_weekly__dbt_weekly - 39a8c4b6e19a7b5e14cfea47af7dbd90,1ae01f5b93cde0ad1f6d9482f1b54abd","logger":"cosmos.dbt.graph","filename":"graph.py","lineno":898}
{"timestamp":"2026-08-29T11:08:41.551176Z","level":"info","event":"Total nodes: 27","logger":"cosmos.dbt.graph","filename":"graph.py","lineno":799}
{"timestamp":"2026-08-29T11:08:41.551238Z","level":"info","event":"Total filtered nodes: 27","logger":"cosmos.dbt.graph","filename":"graph.py","lineno":800}
{"timestamp":"2026-08-29T11:08:41.551316Z","level":"info","event":"Cosmos performance (verdanta_weekly__dbt_weekly) - [e56005473659|3720]: It took 0.151s to parse the dbt project for DAG using LoadMode.DBT_LS_CACHE","logger":"cosmos.converter","filename":"converter.py","lineno":371}
{"timestamp":"2026-08-29T11:08:41.573375Z","level":"info","event":"Cosmos performance (verdanta_weekly__dbt_weekly) - [e56005473659|3720]: It took 0.022s to build the Airflow DAG.","logger":"cosmos.converter","filename":"converter.py","lineno":423}
{"timestamp":"2026-08-29T11:08:41.573548Z","level":"info","event":"::endgroup::Cosmos DAG parsing logs","logger":"cosmos.converter","filename":"converter.py","lineno":430}
{"timestamp":"2026-08-29T11:08:41.574055Z","level":"warning","event":"Using Variable.get from `airflow.models` is deprecated.Please use `get` on Variable from sdk(`airflow.sdk.Variable`) instead","category":"UserWarning","filename":"/home/airflow/.local/lib/python3.13/site-packages/airflow/models/variable.py","lineno":158,"logger":"py.warnings"}
{"timestamp":"2026-08-29T11:09:12.027587Z","level":"info","event":"Filling up the DagBag from /opt/airflow/dags/verdanta_weekly.py","logger":"airflow.dag_processing.dagbag.BundleDagBag","filename":"dagbag.py","lineno":469}
{"timestamp":"2026-08-29T11:09:12.102570Z","level":"info","event":"::group::Cosmos DAG parsing logs","logger":"cosmos.converter","filename":"converter.py","lineno":321}
{"timestamp":"2026-08-29T11:09:12.107107Z","level":"info","event":"Cosmos cache dir resolved to /tmp/cosmos/verdanta_weekly__dbt_weekly","logger":"cosmos.converter","filename":"converter.py","lineno":346}
{"timestamp":"2026-08-29T11:09:12.107326Z","level":"info","event":"Trying to parse the dbt project using dbt ls cache cosmos_cache__verdanta_weekly__dbt_weekly...","logger":"cosmos.dbt.graph","filename":"graph.py","lineno":869}
{"timestamp":"2026-08-29T11:09:12.248939Z","level":"info","event":"Cosmos performance: time to calculate cache identifier cosmos_cache__verdanta_weekly__dbt_weekly for current version: 0.12568400999953155","logger":"cosmos.cache","filename":"cache.py","lineno":401}
{"timestamp":"2026-08-29T11:09:12.249231Z","level":"info","event":"Cosmos performance [e56005473659|3756]: The cache size for cosmos_cache__verdanta_weekly__dbt_weekly is 23804","logger":"cosmos.dbt.graph","filename":"graph.py","lineno":886}
{"timestamp":"2026-08-29T11:09:12.250172Z","level":"info","event":"Cosmos performance: Cache hit for cosmos_cache__verdanta_weekly__dbt_weekly - 39a8c4b6e19a7b5e14cfea47af7dbd90,1ae01f5b93cde0ad1f6d9482f1b54abd","logger":"cosmos.dbt.graph","filename":"graph.py","lineno":898}
{"timestamp":"2026-08-29T11:09:12.250303Z","level":"info","event":"Total nodes: 27","logger":"cosmos.dbt.graph","filename":"graph.py","lineno":799}
{"timestamp":"2026-08-29T11:09:12.250363Z","level":"info","event":"Total filtered nodes: 27","logger":"cosmos.dbt.graph","filename":"graph.py","lineno":800}
{"timestamp":"2026-08-29T11:09:12.250437Z","level":"info","event":"Cosmos performance (verdanta_weekly__dbt_weekly) - [e56005473659|3756]: It took 0.143s to parse the dbt project for DAG using LoadMode.DBT_LS_CACHE","logger":"cosmos.converter","filename":"converter.py","lineno":371}
{"timestamp":"2026-08-29T11:09:12.272554Z","level":"info","event":"Cosmos performance (verdanta_weekly__dbt_weekly) - [e56005473659|3756]: It took 0.0221s to build the Airflow DAG.","logger":"cosmos.converter","filename":"converter.py","lineno":423}
{"timestamp":"2026-08-29T11:09:12.272710Z","level":"info","event":"::endgroup::Cosmos DAG parsing logs","logger":"cosmos.converter","filename":"converter.py","lineno":430}
{"timestamp":"2026-08-29T11:09:12.273246Z","level":"warning","event":"Using Variable.get from `airflow.models` is deprecated.Please use `get` on Variable from sdk(`airflow.sdk.Variable`) instead","category":"UserWarning","filename":"/home/airflow/.local/lib/python3.13/site-packages/airflow/models/variable.py","lineno":158,"logger":"py.warnings"}
{"timestamp":"2026-08-29T11:09:42.358882Z","level":"info","event":"Filling up the DagBag from /opt/airflow/dags/verdanta_weekly.py","logger":"airflow.dag_processing.dagbag.BundleDagBag","filename":"dagbag.py","lineno":469}
{"timestamp":"2026-08-29T11:09:42.428926Z","level":"info","event":"::group::Cosmos DAG parsing logs","logger":"cosmos.converter","filename":"converter.py","lineno":321}
{"timestamp":"2026-08-29T11:09:42.432580Z","level":"info","event":"Cosmos cache dir resolved to /tmp/cosmos/verdanta_weekly__dbt_weekly","logger":"cosmos.converter","filename":"converter.py","lineno":346}
{"timestamp":"2026-08-29T11:09:42.432798Z","level":"info","event":"Trying to parse the dbt project using dbt ls cache cosmos_cache__verdanta_weekly__dbt_weekly...","logger":"cosmos.dbt.graph","filename":"graph.py","lineno":869}
{"timestamp":"2026-08-29T11:09:42.580420Z","level":"info","event":"Cosmos performance: time to calculate cache identifier cosmos_cache__verdanta_weekly__dbt_weekly for current version: 0.12608355500015023","logger":"cosmos.cache","filename":"cache.py","lineno":401}
{"timestamp":"2026-08-29T11:09:42.580671Z","level":"info","event":"Cosmos performance [e56005473659|3792]: The cache size for cosmos_cache__verdanta_weekly__dbt_weekly is 23804","logger":"cosmos.dbt.graph","filename":"graph.py","lineno":886}
{"timestamp":"2026-08-29T11:09:42.582303Z","level":"info","event":"Cosmos performance: Cache hit for cosmos_cache__verdanta_weekly__dbt_weekly - 39a8c4b6e19a7b5e14cfea47af7dbd90,1ae01f5b93cde0ad1f6d9482f1b54abd","logger":"cosmos.dbt.graph","filename":"graph.py","lineno":898}
{"timestamp":"2026-08-29T11:09:42.582462Z","level":"info","event":"Total nodes: 27","logger":"cosmos.dbt.graph","filename":"graph.py","lineno":799}
{"timestamp":"2026-08-29T11:09:42.582573Z","level":"info","event":"Total filtered nodes: 27","logger":"cosmos.dbt.graph","filename":"graph.py","lineno":800}
{"timestamp":"2026-08-29T11:09:42.582654Z","level":"info","event":"Cosmos performance (verdanta_weekly__dbt_weekly) - [e56005473659|3792]: It took 0.15s to parse the dbt project for DAG using LoadMode.DBT_LS_CACHE","logger":"cosmos.converter","filename":"converter.py","lineno":371}
{"timestamp":"2026-08-29T11:09:42.604253Z","level":"info","event":"Cosmos performance (verdanta_weekly__dbt_weekly) - [e56005473659|3792]: It took 0.0215s to build the Airflow DAG.","logger":"cosmos.converter","filename":"converter.py","lineno":423}
{"timestamp":"2026-08-29T11:09:42.604417Z","level":"info","event":"::endgroup::Cosmos DAG parsing logs","logger":"cosmos.converter","filename":"converter.py","lineno":430}
{"timestamp":"2026-08-29T11:09:42.604894Z","level":"warning","event":"Using Variable.get from `airflow.models` is deprecated.Please use `get` on Variable from sdk(`airflow.sdk.Variable`) instead","category":"UserWarning","filename":"/home/airflow/.local/lib/python3.13/site-packages/airflow/models/variable.py","lineno":158,"logger":"py.warnings"}
{"timestamp":"2026-08-29T11:10:13.009537Z","level":"info","event":"Filling up the DagBag from /opt/airflow/dags/verdanta_weekly.py","logger":"airflow.dag_processing.dagbag.BundleDagBag","filename":"dagbag.py","lineno":469}
{"timestamp":"2026-08-29T11:10:13.085660Z","level":"info","event":"::group::Cosmos DAG parsing logs","logger":"cosmos.converter","filename":"converter.py","lineno":321}
{"timestamp":"2026-08-29T11:10:13.089484Z","level":"info","event":"Cosmos cache dir resolved to /tmp/cosmos/verdanta_weekly__dbt_weekly","logger":"cosmos.converter","filename":"converter.py","lineno":346}
{"timestamp":"2026-08-29T11:10:13.089745Z","level":"info","event":"Trying to parse the dbt project using dbt ls cache cosmos_cache__verdanta_weekly__dbt_weekly...","logger":"cosmos.dbt.graph","filename":"graph.py","lineno":869}
{"timestamp":"2026-08-29T11:10:13.233020Z","level":"info","event":"Cosmos performance: time to calculate cache identifier cosmos_cache__verdanta_weekly__dbt_weekly for current version: 0.12777561900111323","logger":"cosmos.cache","filename":"cache.py","lineno":401}
{"timestamp":"2026-08-29T11:10:13.233284Z","level":"info","event":"Cosmos performance [e56005473659|3810]: The cache size for cosmos_cache__verdanta_weekly__dbt_weekly is 23804","logger":"cosmos.dbt.graph","filename":"graph.py","lineno":886}
{"timestamp":"2026-08-29T11:10:13.234203Z","level":"info","event":"Cosmos performance: Cache hit for cosmos_cache__verdanta_weekly__dbt_weekly - 39a8c4b6e19a7b5e14cfea47af7dbd90,1ae01f5b93cde0ad1f6d9482f1b54abd","logger":"cosmos.dbt.graph","filename":"graph.py","lineno":898}
{"timestamp":"2026-08-29T11:10:13.234333Z","level":"info","event":"Total nodes: 27","logger":"cosmos.dbt.graph","filename":"graph.py","lineno":799}
{"timestamp":"2026-08-29T11:10:13.234395Z","level":"info","event":"Total filtered nodes: 27","logger":"cosmos.dbt.graph","filename":"graph.py","lineno":800}
{"timestamp":"2026-08-29T11:10:13.234477Z","level":"info","event":"Cosmos performance (verdanta_weekly__dbt_weekly) - [e56005473659|3810]: It took 0.145s to parse the dbt project for DAG using LoadMode.DBT_LS_CACHE","logger":"cosmos.converter","filename":"converter.py","lineno":371}
{"timestamp":"2026-08-29T11:10:13.258564Z","level":"info","event":"Cosmos performance (verdanta_weekly__dbt_weekly) - [e56005473659|3810]: It took 0.024s to build the Airflow DAG.","logger":"cosmos.converter","filename":"converter.py","lineno":423}
{"timestamp":"2026-08-29T11:10:13.258722Z","level":"info","event":"::endgroup::Cosmos DAG parsing logs","logger":"cosmos.converter","filename":"converter.py","lineno":430}
{"timestamp":"2026-08-29T11:10:13.259384Z","level":"warning","event":"Using Variable.get from `airflow.models` is deprecated.Please use `get` on Variable from sdk(`airflow.sdk.Variable`) instead","category":"UserWarning","filename":"/home/airflow/.local/lib/python3.13/site-packages/airflow/models/variable.py","lineno":158,"logger":"py.warnings"}
{"timestamp":"2026-08-29T11:10:43.345809Z","level":"info","event":"Filling up the DagBag from /opt/airflow/dags/verdanta_weekly.py","logger":"airflow.dag_processing.dagbag.BundleDagBag","filename":"dagbag.py","lineno":469}
{"timestamp":"2026-08-29T11:10:43.411828Z","level":"info","event":"::group::Cosmos DAG parsing logs","logger":"cosmos.converter","filename":"converter.py","lineno":321}
{"timestamp":"2026-08-29T11:10:43.415058Z","level":"info","event":"Cosmos cache dir resolved to /tmp/cosmos/verdanta_weekly__dbt_weekly","logger":"cosmos.converter","filename":"converter.py","lineno":346}
{"timestamp":"2026-08-29T11:10:43.415283Z","level":"info","event":"Trying to parse the dbt project using dbt ls cache cosmos_cache__verdanta_weekly__dbt_weekly...","logger":"cosmos.dbt.graph","filename":"graph.py","lineno":869}
{"timestamp":"2026-08-29T11:10:43.567691Z","level":"info","event":"Cosmos performance: time to calculate cache identifier cosmos_cache__verdanta_weekly__dbt_weekly for current version: 0.1369721480004955","logger":"cosmos.cache","filename":"cache.py","lineno":401}
{"timestamp":"2026-08-29T11:10:43.567938Z","level":"info","event":"Cosmos performance [e56005473659|3842]: The cache size for cosmos_cache__verdanta_weekly__dbt_weekly is 23804","logger":"cosmos.dbt.graph","filename":"graph.py","lineno":886}
{"timestamp":"2026-08-29T11:10:43.568788Z","level":"info","event":"Cosmos performance: Cache hit for cosmos_cache__verdanta_weekly__dbt_weekly - 39a8c4b6e19a7b5e14cfea47af7dbd90,1ae01f5b93cde0ad1f6d9482f1b54abd","logger":"cosmos.dbt.graph","filename":"graph.py","lineno":898}
{"timestamp":"2026-08-29T11:10:43.568920Z","level":"info","event":"Total nodes: 27","logger":"cosmos.dbt.graph","filename":"graph.py","lineno":799}
{"timestamp":"2026-08-29T11:10:43.568980Z","level":"info","event":"Total filtered nodes: 27","logger":"cosmos.dbt.graph","filename":"graph.py","lineno":800}
{"timestamp":"2026-08-29T11:10:43.569054Z","level":"info","event":"Cosmos performance (verdanta_weekly__dbt_weekly) - [e56005473659|3842]: It took 0.154s to parse the dbt project for DAG using LoadMode.DBT_LS_CACHE","logger":"cosmos.converter","filename":"converter.py","lineno":371}
{"timestamp":"2026-08-29T11:10:43.593622Z","level":"info","event":"Cosmos performance (verdanta_weekly__dbt_weekly) - [e56005473659|3842]: It took 0.0245s to build the Airflow DAG.","logger":"cosmos.converter","filename":"converter.py","lineno":423}
{"timestamp":"2026-08-29T11:10:43.593797Z","level":"info","event":"::endgroup::Cosmos DAG parsing logs","logger":"cosmos.converter","filename":"converter.py","lineno":430}
{"timestamp":"2026-08-29T11:10:43.594393Z","level":"warning","event":"Using Variable.get from `airflow.models` is deprecated.Please use `get` on Variable from sdk(`airflow.sdk.Variable`) instead","category":"UserWarning","filename":"/home/airflow/.local/lib/python3.13/site-packages/airflow/models/variable.py","lineno":158,"logger":"py.warnings"}
{"timestamp":"2026-08-29T11:11:13.741665Z","level":"info","event":"Filling up the DagBag from /opt/airflow/dags/verdanta_weekly.py","logger":"airflow.dag_processing.dagbag.BundleDagBag","filename":"dagbag.py","lineno":469}
{"timestamp":"2026-08-29T11:11:13.809053Z","level":"info","event":"::group::Cosmos DAG parsing logs","logger":"cosmos.converter","filename":"converter.py","lineno":321}
{"timestamp":"2026-08-29T11:11:13.812377Z","level":"info","event":"Cosmos cache dir resolved to /tmp/cosmos/verdanta_weekly__dbt_weekly","logger":"cosmos.converter","filename":"converter.py","lineno":346}
{"timestamp":"2026-08-29T11:11:13.812604Z","level":"info","event":"Trying to parse the dbt project using dbt ls cache cosmos_cache__verdanta_weekly__dbt_weekly...","logger":"cosmos.dbt.graph","filename":"graph.py","lineno":869}
{"timestamp":"2026-08-29T11:11:13.955490Z","level":"info","event":"Cosmos performance: time to calculate cache identifier cosmos_cache__verdanta_weekly__dbt_weekly for current version: 0.12710838699968008","logger":"cosmos.cache","filename":"cache.py","lineno":401}
{"timestamp":"2026-08-29T11:11:13.955769Z","level":"info","event":"Cosmos performance [e56005473659|3878]: The cache size for cosmos_cache__verdanta_weekly__dbt_weekly is 23804","logger":"cosmos.dbt.graph","filename":"graph.py","lineno":886}
{"timestamp":"2026-08-29T11:11:13.956612Z","level":"info","event":"Cosmos performance: Cache hit for cosmos_cache__verdanta_weekly__dbt_weekly - 39a8c4b6e19a7b5e14cfea47af7dbd90,1ae01f5b93cde0ad1f6d9482f1b54abd","logger":"cosmos.dbt.graph","filename":"graph.py","lineno":898}
{"timestamp":"2026-08-29T11:11:13.956827Z","level":"info","event":"Total nodes: 27","logger":"cosmos.dbt.graph","filename":"graph.py","lineno":799}
{"timestamp":"2026-08-29T11:11:13.956910Z","level":"info","event":"Total filtered nodes: 27","logger":"cosmos.dbt.graph","filename":"graph.py","lineno":800}
{"timestamp":"2026-08-29T11:11:13.956990Z","level":"info","event":"Cosmos performance (verdanta_weekly__dbt_weekly) - [e56005473659|3878]: It took 0.144s to parse the dbt project for DAG using LoadMode.DBT_LS_CACHE","logger":"cosmos.converter","filename":"converter.py","lineno":371}
{"timestamp":"2026-08-29T11:11:13.978789Z","level":"info","event":"Cosmos performance (verdanta_weekly__dbt_weekly) - [e56005473659|3878]: It took 0.0217s to build the Airflow DAG.","logger":"cosmos.converter","filename":"converter.py","lineno":423}
{"timestamp":"2026-08-29T11:11:13.978972Z","level":"info","event":"::endgroup::Cosmos DAG parsing logs","logger":"cosmos.converter","filename":"converter.py","lineno":430}
{"timestamp":"2026-08-29T11:11:13.982616Z","level":"warning","event":"Using Variable.get from `airflow.models` is deprecated.Please use `get` on Variable from sdk(`airflow.sdk.Variable`) instead","category":"UserWarning","filename":"/home/airflow/.local/lib/python3.13/site-packages/airflow/models/variable.py","lineno":158,"logger":"py.warnings"}
{"timestamp":"2026-08-29T11:11:44.741112Z","level":"info","event":"Filling up the DagBag from /opt/airflow/dags/verdanta_weekly.py","logger":"airflow.dag_processing.dagbag.BundleDagBag","filename":"dagbag.py","lineno":469}
{"timestamp":"2026-08-29T11:11:44.812570Z","level":"info","event":"::group::Cosmos DAG parsing logs","logger":"cosmos.converter","filename":"converter.py","lineno":321}
{"timestamp":"2026-08-29T11:11:44.815731Z","level":"info","event":"Cosmos cache dir resolved to /tmp/cosmos/verdanta_weekly__dbt_weekly","logger":"cosmos.converter","filename":"converter.py","lineno":346}
{"timestamp":"2026-08-29T11:11:44.815946Z","level":"info","event":"Trying to parse the dbt project using dbt ls cache cosmos_cache__verdanta_weekly__dbt_weekly...","logger":"cosmos.dbt.graph","filename":"graph.py","lineno":869}
{"timestamp":"2026-08-29T11:11:44.958047Z","level":"info","event":"Cosmos performance: time to calculate cache identifier cosmos_cache__verdanta_weekly__dbt_weekly for current version: 0.12681275400063896","logger":"cosmos.cache","filename":"cache.py","lineno":401}
{"timestamp":"2026-08-29T11:11:44.958284Z","level":"info","event":"Cosmos performance [e56005473659|3914]: The cache size for cosmos_cache__verdanta_weekly__dbt_weekly is 23804","logger":"cosmos.dbt.graph","filename":"graph.py","lineno":886}
{"timestamp":"2026-08-29T11:11:44.959321Z","level":"info","event":"Cosmos performance: Cache hit for cosmos_cache__verdanta_weekly__dbt_weekly - 39a8c4b6e19a7b5e14cfea47af7dbd90,1ae01f5b93cde0ad1f6d9482f1b54abd","logger":"cosmos.dbt.graph","filename":"graph.py","lineno":898}
{"timestamp":"2026-08-29T11:11:44.959504Z","level":"info","event":"Total nodes: 27","logger":"cosmos.dbt.graph","filename":"graph.py","lineno":799}
{"timestamp":"2026-08-29T11:11:44.959576Z","level":"info","event":"Total filtered nodes: 27","logger":"cosmos.dbt.graph","filename":"graph.py","lineno":800}
{"timestamp":"2026-08-29T11:11:44.959655Z","level":"info","event":"Cosmos performance (verdanta_weekly__dbt_weekly) - [e56005473659|3914]: It took 0.144s to parse the dbt project for DAG using LoadMode.DBT_LS_CACHE","logger":"cosmos.converter","filename":"converter.py","lineno":371}
{"timestamp":"2026-08-29T11:11:44.982503Z","level":"info","event":"Cosmos performance (verdanta_weekly__dbt_weekly) - [e56005473659|3914]: It took 0.0228s to build the Airflow DAG.","logger":"cosmos.converter","filename":"converter.py","lineno":423}
{"timestamp":"2026-08-29T11:11:44.982667Z","level":"info","event":"::endgroup::Cosmos DAG parsing logs","logger":"cosmos.converter","filename":"converter.py","lineno":430}
{"timestamp":"2026-08-29T11:11:44.983130Z","level":"warning","event":"Using Variable.get from `airflow.models` is deprecated.Please use `get` on Variable from sdk(`airflow.sdk.Variable`) instead","category":"UserWarning","filename":"/home/airflow/.local/lib/python3.13/site-packages/airflow/models/variable.py","lineno":158,"logger":"py.warnings"}
{"timestamp":"2026-08-29T11:12:15.107189Z","level":"info","event":"Filling up the DagBag from /opt/airflow/dags/verdanta_weekly.py","logger":"airflow.dag_processing.dagbag.BundleDagBag","filename":"dagbag.py","lineno":469}
{"timestamp":"2026-08-29T11:12:15.175672Z","level":"info","event":"::group::Cosmos DAG parsing logs","logger":"cosmos.converter","filename":"converter.py","lineno":321}
{"timestamp":"2026-08-29T11:12:15.179470Z","level":"info","event":"Cosmos cache dir resolved to /tmp/cosmos/verdanta_weekly__dbt_weekly","logger":"cosmos.converter","filename":"converter.py","lineno":346}
{"timestamp":"2026-08-29T11:12:15.179665Z","level":"info","event":"Trying to parse the dbt project using dbt ls cache cosmos_cache__verdanta_weekly__dbt_weekly...","logger":"cosmos.dbt.graph","filename":"graph.py","lineno":869}
{"timestamp":"2026-08-29T11:12:15.320744Z","level":"info","event":"Cosmos performance: time to calculate cache identifier cosmos_cache__verdanta_weekly__dbt_weekly for current version: 0.1261825020010292","logger":"cosmos.cache","filename":"cache.py","lineno":401}
{"timestamp":"2026-08-29T11:12:15.320997Z","level":"info","event":"Cosmos performance [e56005473659|3950]: The cache size for cosmos_cache__verdanta_weekly__dbt_weekly is 23804","logger":"cosmos.dbt.graph","filename":"graph.py","lineno":886}
{"timestamp":"2026-08-29T11:12:15.321924Z","level":"info","event":"Cosmos performance: Cache hit for cosmos_cache__verdanta_weekly__dbt_weekly - 39a8c4b6e19a7b5e14cfea47af7dbd90,1ae01f5b93cde0ad1f6d9482f1b54abd","logger":"cosmos.dbt.graph","filename":"graph.py","lineno":898}
{"timestamp":"2026-08-29T11:12:15.322090Z","level":"info","event":"Total nodes: 27","logger":"cosmos.dbt.graph","filename":"graph.py","lineno":799}
{"timestamp":"2026-08-29T11:12:15.322162Z","level":"info","event":"Total filtered nodes: 27","logger":"cosmos.dbt.graph","filename":"graph.py","lineno":800}
{"timestamp":"2026-08-29T11:12:15.322242Z","level":"info","event":"Cosmos performance (verdanta_weekly__dbt_weekly) - [e56005473659|3950]: It took 0.143s to parse the dbt project for DAG using LoadMode.DBT_LS_CACHE","logger":"cosmos.converter","filename":"converter.py","lineno":371}
{"timestamp":"2026-08-29T11:12:15.344279Z","level":"info","event":"Cosmos performance (verdanta_weekly__dbt_weekly) - [e56005473659|3950]: It took 0.022s to build the Airflow DAG.","logger":"cosmos.converter","filename":"converter.py","lineno":423}
{"timestamp":"2026-08-29T11:12:15.344436Z","level":"info","event":"::endgroup::Cosmos DAG parsing logs","logger":"cosmos.converter","filename":"converter.py","lineno":430}
{"timestamp":"2026-08-29T11:12:15.344902Z","level":"warning","event":"Using Variable.get from `airflow.models` is deprecated.Please use `get` on Variable from sdk(`airflow.sdk.Variable`) instead","category":"UserWarning","filename":"/home/airflow/.local/lib/python3.13/site-packages/airflow/models/variable.py","lineno":158,"logger":"py.warnings"}
{"timestamp":"2026-08-29T11:12:45.790696Z","level":"info","event":"Filling up the DagBag from /opt/airflow/dags/verdanta_weekly.py","logger":"airflow.dag_processing.dagbag.BundleDagBag","filename":"dagbag.py","lineno":469}
{"timestamp":"2026-08-29T11:12:45.861754Z","level":"info","event":"::group::Cosmos DAG parsing logs","logger":"cosmos.converter","filename":"converter.py","lineno":321}
{"timestamp":"2026-08-29T11:12:45.865845Z","level":"info","event":"Cosmos cache dir resolved to /tmp/cosmos/verdanta_weekly__dbt_weekly","logger":"cosmos.converter","filename":"converter.py","lineno":346}
{"timestamp":"2026-08-29T11:12:45.866102Z","level":"info","event":"Trying to parse the dbt project using dbt ls cache cosmos_cache__verdanta_weekly__dbt_weekly...","logger":"cosmos.dbt.graph","filename":"graph.py","lineno":869}
{"timestamp":"2026-08-29T11:12:46.017802Z","level":"info","event":"Cosmos performance: time to calculate cache identifier cosmos_cache__verdanta_weekly__dbt_weekly for current version: 0.13411910700051521","logger":"cosmos.cache","filename":"cache.py","lineno":401}
{"timestamp":"2026-08-29T11:12:46.018043Z","level":"info","event":"Cosmos performance [e56005473659|3985]: The cache size for cosmos_cache__verdanta_weekly__dbt_weekly is 23804","logger":"cosmos.dbt.graph","filename":"graph.py","lineno":886}
{"timestamp":"2026-08-29T11:12:46.018937Z","level":"info","event":"Cosmos performance: Cache hit for cosmos_cache__verdanta_weekly__dbt_weekly - 39a8c4b6e19a7b5e14cfea47af7dbd90,1ae01f5b93cde0ad1f6d9482f1b54abd","logger":"cosmos.dbt.graph","filename":"graph.py","lineno":898}
{"timestamp":"2026-08-29T11:12:46.019066Z","level":"info","event":"Total nodes: 27","logger":"cosmos.dbt.graph","filename":"graph.py","lineno":799}
{"timestamp":"2026-08-29T11:12:46.019128Z","level":"info","event":"Total filtered nodes: 27","logger":"cosmos.dbt.graph","filename":"graph.py","lineno":800}
{"timestamp":"2026-08-29T11:12:46.019193Z","level":"info","event":"Cosmos performance (verdanta_weekly__dbt_weekly) - [e56005473659|3985]: It took 0.153s to parse the dbt project for DAG using LoadMode.DBT_LS_CACHE","logger":"cosmos.converter","filename":"converter.py","lineno":371}
{"timestamp":"2026-08-29T11:12:46.041551Z","level":"info","event":"Cosmos performance (verdanta_weekly__dbt_weekly) - [e56005473659|3985]: It took 0.0223s to build the Airflow DAG.","logger":"cosmos.converter","filename":"converter.py","lineno":423}
{"timestamp":"2026-08-29T11:12:46.041723Z","level":"info","event":"::endgroup::Cosmos DAG parsing logs","logger":"cosmos.converter","filename":"converter.py","lineno":430}
{"timestamp":"2026-08-29T11:12:46.042405Z","level":"warning","event":"Using Variable.get from `airflow.models` is deprecated.Please use `get` on Variable from sdk(`airflow.sdk.Variable`) instead","category":"UserWarning","filename":"/home/airflow/.local/lib/python3.13/site-packages/airflow/models/variable.py","lineno":158,"logger":"py.warnings"}
{"timestamp":"2026-08-29T11:13:16.577096Z","level":"info","event":"Filling up the DagBag from /opt/airflow/dags/verdanta_weekly.py","logger":"airflow.dag_processing.dagbag.BundleDagBag","filename":"dagbag.py","lineno":469}
{"timestamp":"2026-08-29T11:13:16.656787Z","level":"info","event":"::group::Cosmos DAG parsing logs","logger":"cosmos.converter","filename":"converter.py","lineno":321}
{"timestamp":"2026-08-29T11:13:16.660740Z","level":"info","event":"Cosmos cache dir resolved to /tmp/cosmos/verdanta_weekly__dbt_weekly","logger":"cosmos.converter","filename":"converter.py","lineno":346}
{"timestamp":"2026-08-29T11:13:16.660982Z","level":"info","event":"Trying to parse the dbt project using dbt ls cache cosmos_cache__verdanta_weekly__dbt_weekly...","logger":"cosmos.dbt.graph","filename":"graph.py","lineno":869}
{"timestamp":"2026-08-29T11:13:16.820765Z","level":"info","event":"Cosmos performance: time to calculate cache identifier cosmos_cache__verdanta_weekly__dbt_weekly for current version: 0.1428274039990356","logger":"cosmos.cache","filename":"cache.py","lineno":401}
{"timestamp":"2026-08-29T11:13:16.821039Z","level":"info","event":"Cosmos performance [e56005473659|3999]: The cache size for cosmos_cache__verdanta_weekly__dbt_weekly is 23804","logger":"cosmos.dbt.graph","filename":"graph.py","lineno":886}
{"timestamp":"2026-08-29T11:13:16.821903Z","level":"info","event":"Cosmos performance: Cache hit for cosmos_cache__verdanta_weekly__dbt_weekly - 39a8c4b6e19a7b5e14cfea47af7dbd90,1ae01f5b93cde0ad1f6d9482f1b54abd","logger":"cosmos.dbt.graph","filename":"graph.py","lineno":898}
{"timestamp":"2026-08-29T11:13:16.822039Z","level":"info","event":"Total nodes: 27","logger":"cosmos.dbt.graph","filename":"graph.py","lineno":799}
{"timestamp":"2026-08-29T11:13:16.822103Z","level":"info","event":"Total filtered nodes: 27","logger":"cosmos.dbt.graph","filename":"graph.py","lineno":800}
{"timestamp":"2026-08-29T11:13:16.822179Z","level":"info","event":"Cosmos performance (verdanta_weekly__dbt_weekly) - [e56005473659|3999]: It took 0.161s to parse the dbt project for DAG using LoadMode.DBT_LS_CACHE","logger":"cosmos.converter","filename":"converter.py","lineno":371}
{"timestamp":"2026-08-29T11:13:16.848246Z","level":"info","event":"Cosmos performance (verdanta_weekly__dbt_weekly) - [e56005473659|3999]: It took 0.026s to build the Airflow DAG.","logger":"cosmos.converter","filename":"converter.py","lineno":423}
{"timestamp":"2026-08-29T11:13:16.848420Z","level":"info","event":"::endgroup::Cosmos DAG parsing logs","logger":"cosmos.converter","filename":"converter.py","lineno":430}
{"timestamp":"2026-08-29T11:13:16.849033Z","level":"warning","event":"Using Variable.get from `airflow.models` is deprecated.Please use `get` on Variable from sdk(`airflow.sdk.Variable`) instead","category":"UserWarning","filename":"/home/airflow/.local/lib/python3.13/site-packages/airflow/models/variable.py","lineno":158,"logger":"py.warnings"}
{"timestamp":"2026-08-29T11:13:46.954829Z","level":"info","event":"Filling up the DagBag from /opt/airflow/dags/verdanta_weekly.py","logger":"airflow.dag_processing.dagbag.BundleDagBag","filename":"dagbag.py","lineno":469}
{"timestamp":"2026-08-29T11:13:47.027019Z","level":"info","event":"::group::Cosmos DAG parsing logs","logger":"cosmos.converter","filename":"converter.py","lineno":321}
{"timestamp":"2026-08-29T11:13:47.030801Z","level":"info","event":"Cosmos cache dir resolved to /tmp/cosmos/verdanta_weekly__dbt_weekly","logger":"cosmos.converter","filename":"converter.py","lineno":346}
{"timestamp":"2026-08-29T11:13:47.031026Z","level":"info","event":"Trying to parse the dbt project using dbt ls cache cosmos_cache__verdanta_weekly__dbt_weekly...","logger":"cosmos.dbt.graph","filename":"graph.py","lineno":869}
{"timestamp":"2026-08-29T11:13:47.176931Z","level":"info","event":"Cosmos performance: time to calculate cache identifier cosmos_cache__verdanta_weekly__dbt_weekly for current version: 0.1281824530015001","logger":"cosmos.cache","filename":"cache.py","lineno":401}
{"timestamp":"2026-08-29T11:13:47.177181Z","level":"info","event":"Cosmos performance [e56005473659|4028]: The cache size for cosmos_cache__verdanta_weekly__dbt_weekly is 23804","logger":"cosmos.dbt.graph","filename":"graph.py","lineno":886}
{"timestamp":"2026-08-29T11:13:47.178113Z","level":"info","event":"Cosmos performance: Cache hit for cosmos_cache__verdanta_weekly__dbt_weekly - 39a8c4b6e19a7b5e14cfea47af7dbd90,1ae01f5b93cde0ad1f6d9482f1b54abd","logger":"cosmos.dbt.graph","filename":"graph.py","lineno":898}
{"timestamp":"2026-08-29T11:13:47.178243Z","level":"info","event":"Total nodes: 27","logger":"cosmos.dbt.graph","filename":"graph.py","lineno":799}
{"timestamp":"2026-08-29T11:13:47.178351Z","level":"info","event":"Total filtered nodes: 27","logger":"cosmos.dbt.graph","filename":"graph.py","lineno":800}
{"timestamp":"2026-08-29T11:13:47.178433Z","level":"info","event":"Cosmos performance (verdanta_weekly__dbt_weekly) - [e56005473659|4028]: It took 0.147s to parse the dbt project for DAG using LoadMode.DBT_LS_CACHE","logger":"cosmos.converter","filename":"converter.py","lineno":371}
{"timestamp":"2026-08-29T11:13:47.200824Z","level":"info","event":"Cosmos performance (verdanta_weekly__dbt_weekly) - [e56005473659|4028]: It took 0.0223s to build the Airflow DAG.","logger":"cosmos.converter","filename":"converter.py","lineno":423}
{"timestamp":"2026-08-29T11:13:47.200980Z","level":"info","event":"::endgroup::Cosmos DAG parsing logs","logger":"cosmos.converter","filename":"converter.py","lineno":430}
{"timestamp":"2026-08-29T11:13:47.201811Z","level":"warning","event":"Using Variable.get from `airflow.models` is deprecated.Please use `get` on Variable from sdk(`airflow.sdk.Variable`) instead","category":"UserWarning","filename":"/home/airflow/.local/lib/python3.13/site-packages/airflow/models/variable.py","lineno":158,"logger":"py.warnings"}
{"timestamp":"2026-08-29T11:14:18.023666Z","level":"info","event":"Filling up the DagBag from /opt/airflow/dags/verdanta_weekly.py","logger":"airflow.dag_processing.dagbag.BundleDagBag","filename":"dagbag.py","lineno":469}
{"timestamp":"2026-08-29T11:14:18.098829Z","level":"info","event":"::group::Cosmos DAG parsing logs","logger":"cosmos.converter","filename":"converter.py","lineno":321}
{"timestamp":"2026-08-29T11:14:18.103092Z","level":"info","event":"Cosmos cache dir resolved to /tmp/cosmos/verdanta_weekly__dbt_weekly","logger":"cosmos.converter","filename":"converter.py","lineno":346}
{"timestamp":"2026-08-29T11:14:18.103339Z","level":"info","event":"Trying to parse the dbt project using dbt ls cache cosmos_cache__verdanta_weekly__dbt_weekly...","logger":"cosmos.dbt.graph","filename":"graph.py","lineno":869}
{"timestamp":"2026-08-29T11:14:18.246500Z","level":"info","event":"Cosmos performance: time to calculate cache identifier cosmos_cache__verdanta_weekly__dbt_weekly for current version: 0.12837712799955625","logger":"cosmos.cache","filename":"cache.py","lineno":401}
{"timestamp":"2026-08-29T11:14:18.246738Z","level":"info","event":"Cosmos performance [e56005473659|4064]: The cache size for cosmos_cache__verdanta_weekly__dbt_weekly is 23804","logger":"cosmos.dbt.graph","filename":"graph.py","lineno":886}
{"timestamp":"2026-08-29T11:14:18.247594Z","level":"info","event":"Cosmos performance: Cache hit for cosmos_cache__verdanta_weekly__dbt_weekly - 39a8c4b6e19a7b5e14cfea47af7dbd90,1ae01f5b93cde0ad1f6d9482f1b54abd","logger":"cosmos.dbt.graph","filename":"graph.py","lineno":898}
{"timestamp":"2026-08-29T11:14:18.247720Z","level":"info","event":"Total nodes: 27","logger":"cosmos.dbt.graph","filename":"graph.py","lineno":799}
{"timestamp":"2026-08-29T11:14:18.247780Z","level":"info","event":"Total filtered nodes: 27","logger":"cosmos.dbt.graph","filename":"graph.py","lineno":800}
{"timestamp":"2026-08-29T11:14:18.247856Z","level":"info","event":"Cosmos performance (verdanta_weekly__dbt_weekly) - [e56005473659|4064]: It took 0.145s to parse the dbt project for DAG using LoadMode.DBT_LS_CACHE","logger":"cosmos.converter","filename":"converter.py","lineno":371}
{"timestamp":"2026-08-29T11:14:18.269437Z","level":"info","event":"Cosmos performance (verdanta_weekly__dbt_weekly) - [e56005473659|4064]: It took 0.0215s to build the Airflow DAG.","logger":"cosmos.converter","filename":"converter.py","lineno":423}
{"timestamp":"2026-08-29T11:14:18.269593Z","level":"info","event":"::endgroup::Cosmos DAG parsing logs","logger":"cosmos.converter","filename":"converter.py","lineno":430}
{"timestamp":"2026-08-29T11:14:18.270064Z","level":"warning","event":"Using Variable.get from `airflow.models` is deprecated.Please use `get` on Variable from sdk(`airflow.sdk.Variable`) instead","category":"UserWarning","filename":"/home/airflow/.local/lib/python3.13/site-packages/airflow/models/variable.py","lineno":158,"logger":"py.warnings"}
{"timestamp":"2026-08-29T11:14:49.193140Z","level":"info","event":"Filling up the DagBag from /opt/airflow/dags/verdanta_weekly.py","logger":"airflow.dag_processing.dagbag.BundleDagBag","filename":"dagbag.py","lineno":469}
{"timestamp":"2026-08-29T11:14:49.265546Z","level":"info","event":"::group::Cosmos DAG parsing logs","logger":"cosmos.converter","filename":"converter.py","lineno":321}
{"timestamp":"2026-08-29T11:14:49.269349Z","level":"info","event":"Cosmos cache dir resolved to /tmp/cosmos/verdanta_weekly__dbt_weekly","logger":"cosmos.converter","filename":"converter.py","lineno":346}
{"timestamp":"2026-08-29T11:14:49.269542Z","level":"info","event":"Trying to parse the dbt project using dbt ls cache cosmos_cache__verdanta_weekly__dbt_weekly...","logger":"cosmos.dbt.graph","filename":"graph.py","lineno":869}
{"timestamp":"2026-08-29T11:14:49.407063Z","level":"info","event":"Cosmos performance: time to calculate cache identifier cosmos_cache__verdanta_weekly__dbt_weekly for current version: 0.12277947199982009","logger":"cosmos.cache","filename":"cache.py","lineno":401}
{"timestamp":"2026-08-29T11:14:49.407323Z","level":"info","event":"Cosmos performance [e56005473659|4100]: The cache size for cosmos_cache__verdanta_weekly__dbt_weekly is 23804","logger":"cosmos.dbt.graph","filename":"graph.py","lineno":886}
{"timestamp":"2026-08-29T11:14:49.408213Z","level":"info","event":"Cosmos performance: Cache hit for cosmos_cache__verdanta_weekly__dbt_weekly - 39a8c4b6e19a7b5e14cfea47af7dbd90,1ae01f5b93cde0ad1f6d9482f1b54abd","logger":"cosmos.dbt.graph","filename":"graph.py","lineno":898}
{"timestamp":"2026-08-29T11:14:49.408332Z","level":"info","event":"Total nodes: 27","logger":"cosmos.dbt.graph","filename":"graph.py","lineno":799}
{"timestamp":"2026-08-29T11:14:49.408389Z","level":"info","event":"Total filtered nodes: 27","logger":"cosmos.dbt.graph","filename":"graph.py","lineno":800}
{"timestamp":"2026-08-29T11:14:49.408461Z","level":"info","event":"Cosmos performance (verdanta_weekly__dbt_weekly) - [e56005473659|4100]: It took 0.139s to parse the dbt project for DAG using LoadMode.DBT_LS_CACHE","logger":"cosmos.converter","filename":"converter.py","lineno":371}
{"timestamp":"2026-08-29T11:14:49.430370Z","level":"info","event":"Cosmos performance (verdanta_weekly__dbt_weekly) - [e56005473659|4100]: It took 0.0218s to build the Airflow DAG.","logger":"cosmos.converter","filename":"converter.py","lineno":423}
{"timestamp":"2026-08-29T11:14:49.430584Z","level":"info","event":"::endgroup::Cosmos DAG parsing logs","logger":"cosmos.converter","filename":"converter.py","lineno":430}
{"timestamp":"2026-08-29T11:14:49.431094Z","level":"warning","event":"Using Variable.get from `airflow.models` is deprecated.Please use `get` on Variable from sdk(`airflow.sdk.Variable`) instead","category":"UserWarning","filename":"/home/airflow/.local/lib/python3.13/site-packages/airflow/models/variable.py","lineno":158,"logger":"py.warnings"}
{"timestamp":"2026-08-29T11:15:19.606649Z","level":"info","event":"Filling up the DagBag from /opt/airflow/dags/verdanta_weekly.py","logger":"airflow.dag_processing.dagbag.BundleDagBag","filename":"dagbag.py","lineno":469}
{"timestamp":"2026-08-29T11:15:19.681376Z","level":"info","event":"::group::Cosmos DAG parsing logs","logger":"cosmos.converter","filename":"converter.py","lineno":321}
{"timestamp":"2026-08-29T11:15:19.685717Z","level":"info","event":"Cosmos cache dir resolved to /tmp/cosmos/verdanta_weekly__dbt_weekly","logger":"cosmos.converter","filename":"converter.py","lineno":346}
{"timestamp":"2026-08-29T11:15:19.685997Z","level":"info","event":"Trying to parse the dbt project using dbt ls cache cosmos_cache__verdanta_weekly__dbt_weekly...","logger":"cosmos.dbt.graph","filename":"graph.py","lineno":869}
{"timestamp":"2026-08-29T11:15:19.840118Z","level":"info","event":"Cosmos performance: time to calculate cache identifier cosmos_cache__verdanta_weekly__dbt_weekly for current version: 0.13562666999860085","logger":"cosmos.cache","filename":"cache.py","lineno":401}
{"timestamp":"2026-08-29T11:15:19.840402Z","level":"info","event":"Cosmos performance [e56005473659|4136]: The cache size for cosmos_cache__verdanta_weekly__dbt_weekly is 23804","logger":"cosmos.dbt.graph","filename":"graph.py","lineno":886}
{"timestamp":"2026-08-29T11:15:19.841459Z","level":"info","event":"Cosmos performance: Cache hit for cosmos_cache__verdanta_weekly__dbt_weekly - 39a8c4b6e19a7b5e14cfea47af7dbd90,1ae01f5b93cde0ad1f6d9482f1b54abd","logger":"cosmos.dbt.graph","filename":"graph.py","lineno":898}
{"timestamp":"2026-08-29T11:15:19.841630Z","level":"info","event":"Total nodes: 27","logger":"cosmos.dbt.graph","filename":"graph.py","lineno":799}
{"timestamp":"2026-08-29T11:15:19.841712Z","level":"info","event":"Total filtered nodes: 27","logger":"cosmos.dbt.graph","filename":"graph.py","lineno":800}
{"timestamp":"2026-08-29T11:15:19.841796Z","level":"info","event":"Cosmos performance (verdanta_weekly__dbt_weekly) - [e56005473659|4136]: It took 0.156s to parse the dbt project for DAG using LoadMode.DBT_LS_CACHE","logger":"cosmos.converter","filename":"converter.py","lineno":371}
{"timestamp":"2026-08-29T11:15:19.865693Z","level":"info","event":"Cosmos performance (verdanta_weekly__dbt_weekly) - [e56005473659|4136]: It took 0.0238s to build the Airflow DAG.","logger":"cosmos.converter","filename":"converter.py","lineno":423}
{"timestamp":"2026-08-29T11:15:19.865872Z","level":"info","event":"::endgroup::Cosmos DAG parsing logs","logger":"cosmos.converter","filename":"converter.py","lineno":430}
{"timestamp":"2026-08-29T11:15:19.866341Z","level":"warning","event":"Using Variable.get from `airflow.models` is deprecated.Please use `get` on Variable from sdk(`airflow.sdk.Variable`) instead","category":"UserWarning","filename":"/home/airflow/.local/lib/python3.13/site-packages/airflow/models/variable.py","lineno":158,"logger":"py.warnings"}
{"timestamp":"2026-08-29T11:15:49.989899Z","level":"info","event":"Filling up the DagBag from /opt/airflow/dags/verdanta_weekly.py","logger":"airflow.dag_processing.dagbag.BundleDagBag","filename":"dagbag.py","lineno":469}
{"timestamp":"2026-08-29T11:15:50.066427Z","level":"info","event":"::group::Cosmos DAG parsing logs","logger":"cosmos.converter","filename":"converter.py","lineno":321}
{"timestamp":"2026-08-29T11:15:50.070432Z","level":"info","event":"Cosmos cache dir resolved to /tmp/cosmos/verdanta_weekly__dbt_weekly","logger":"cosmos.converter","filename":"converter.py","lineno":346}
{"timestamp":"2026-08-29T11:15:50.070772Z","level":"info","event":"Trying to parse the dbt project using dbt ls cache cosmos_cache__verdanta_weekly__dbt_weekly...","logger":"cosmos.dbt.graph","filename":"graph.py","lineno":869}
{"timestamp":"2026-08-29T11:15:50.213942Z","level":"info","event":"Cosmos performance: time to calculate cache identifier cosmos_cache__verdanta_weekly__dbt_weekly for current version: 0.12933299999895098","logger":"cosmos.cache","filename":"cache.py","lineno":401}
{"timestamp":"2026-08-29T11:15:50.214196Z","level":"info","event":"Cosmos performance [e56005473659|4153]: The cache size for cosmos_cache__verdanta_weekly__dbt_weekly is 23804","logger":"cosmos.dbt.graph","filename":"graph.py","lineno":886}
{"timestamp":"2026-08-29T11:15:50.215082Z","level":"info","event":"Cosmos performance: Cache hit for cosmos_cache__verdanta_weekly__dbt_weekly - 39a8c4b6e19a7b5e14cfea47af7dbd90,1ae01f5b93cde0ad1f6d9482f1b54abd","logger":"cosmos.dbt.graph","filename":"graph.py","lineno":898}
{"timestamp":"2026-08-29T11:15:50.215221Z","level":"info","event":"Total nodes: 27","logger":"cosmos.dbt.graph","filename":"graph.py","lineno":799}
{"timestamp":"2026-08-29T11:15:50.215285Z","level":"info","event":"Total filtered nodes: 27","logger":"cosmos.dbt.graph","filename":"graph.py","lineno":800}
{"timestamp":"2026-08-29T11:15:50.215353Z","level":"info","event":"Cosmos performance (verdanta_weekly__dbt_weekly) - [e56005473659|4153]: It took 0.145s to parse the dbt project for DAG using LoadMode.DBT_LS_CACHE","logger":"cosmos.converter","filename":"converter.py","lineno":371}
{"timestamp":"2026-08-29T11:15:50.239965Z","level":"info","event":"Cosmos performance (verdanta_weekly__dbt_weekly) - [e56005473659|4153]: It took 0.0246s to build the Airflow DAG.","logger":"cosmos.converter","filename":"converter.py","lineno":423}
{"timestamp":"2026-08-29T11:15:50.240136Z","level":"info","event":"::endgroup::Cosmos DAG parsing logs","logger":"cosmos.converter","filename":"converter.py","lineno":430}
{"timestamp":"2026-08-29T11:15:50.240834Z","level":"warning","event":"Using Variable.get from `airflow.models` is deprecated.Please use `get` on Variable from sdk(`airflow.sdk.Variable`) instead","category":"UserWarning","filename":"/home/airflow/.local/lib/python3.13/site-packages/airflow/models/variable.py","lineno":158,"logger":"py.warnings"}
{"timestamp":"2026-08-29T11:16:20.611945Z","level":"info","event":"Filling up the DagBag from /opt/airflow/dags/verdanta_weekly.py","logger":"airflow.dag_processing.dagbag.BundleDagBag","filename":"dagbag.py","lineno":469}
{"timestamp":"2026-08-29T11:16:20.688403Z","level":"info","event":"::group::Cosmos DAG parsing logs","logger":"cosmos.converter","filename":"converter.py","lineno":321}
{"timestamp":"2026-08-29T11:16:20.692332Z","level":"info","event":"Cosmos cache dir resolved to /tmp/cosmos/verdanta_weekly__dbt_weekly","logger":"cosmos.converter","filename":"converter.py","lineno":346}
{"timestamp":"2026-08-29T11:16:20.692560Z","level":"info","event":"Trying to parse the dbt project using dbt ls cache cosmos_cache__verdanta_weekly__dbt_weekly...","logger":"cosmos.dbt.graph","filename":"graph.py","lineno":869}
{"timestamp":"2026-08-29T11:16:20.831647Z","level":"info","event":"Cosmos performance: time to calculate cache identifier cosmos_cache__verdanta_weekly__dbt_weekly for current version: 0.12436663600055908","logger":"cosmos.cache","filename":"cache.py","lineno":401}
{"timestamp":"2026-08-29T11:16:20.831897Z","level":"info","event":"Cosmos performance [e56005473659|4186]: The cache size for cosmos_cache__verdanta_weekly__dbt_weekly is 23804","logger":"cosmos.dbt.graph","filename":"graph.py","lineno":886}
{"timestamp":"2026-08-29T11:16:20.832965Z","level":"info","event":"Cosmos performance: Cache hit for cosmos_cache__verdanta_weekly__dbt_weekly - 39a8c4b6e19a7b5e14cfea47af7dbd90,1ae01f5b93cde0ad1f6d9482f1b54abd","logger":"cosmos.dbt.graph","filename":"graph.py","lineno":898}
{"timestamp":"2026-08-29T11:16:20.833096Z","level":"info","event":"Total nodes: 27","logger":"cosmos.dbt.graph","filename":"graph.py","lineno":799}
{"timestamp":"2026-08-29T11:16:20.833413Z","level":"info","event":"Total filtered nodes: 27","logger":"cosmos.dbt.graph","filename":"graph.py","lineno":800}
{"timestamp":"2026-08-29T11:16:20.833518Z","level":"info","event":"Cosmos performance (verdanta_weekly__dbt_weekly) - [e56005473659|4186]: It took 0.141s to parse the dbt project for DAG using LoadMode.DBT_LS_CACHE","logger":"cosmos.converter","filename":"converter.py","lineno":371}
{"timestamp":"2026-08-29T11:16:20.861062Z","level":"info","event":"Cosmos performance (verdanta_weekly__dbt_weekly) - [e56005473659|4186]: It took 0.0275s to build the Airflow DAG.","logger":"cosmos.converter","filename":"converter.py","lineno":423}
{"timestamp":"2026-08-29T11:16:20.861227Z","level":"info","event":"::endgroup::Cosmos DAG parsing logs","logger":"cosmos.converter","filename":"converter.py","lineno":430}
{"timestamp":"2026-08-29T11:16:20.861709Z","level":"warning","event":"Using Variable.get from `airflow.models` is deprecated.Please use `get` on Variable from sdk(`airflow.sdk.Variable`) instead","category":"UserWarning","filename":"/home/airflow/.local/lib/python3.13/site-packages/airflow/models/variable.py","lineno":158,"logger":"py.warnings"}
{"timestamp":"2026-08-29T11:16:51.767529Z","level":"info","event":"Filling up the DagBag from /opt/airflow/dags/verdanta_weekly.py","logger":"airflow.dag_processing.dagbag.BundleDagBag","filename":"dagbag.py","lineno":469}
{"timestamp":"2026-08-29T11:16:51.852082Z","level":"info","event":"::group::Cosmos DAG parsing logs","logger":"cosmos.converter","filename":"converter.py","lineno":321}
{"timestamp":"2026-08-29T11:16:51.856402Z","level":"info","event":"Cosmos cache dir resolved to /tmp/cosmos/verdanta_weekly__dbt_weekly","logger":"cosmos.converter","filename":"converter.py","lineno":346}
{"timestamp":"2026-08-29T11:16:51.856802Z","level":"info","event":"Trying to parse the dbt project using dbt ls cache cosmos_cache__verdanta_weekly__dbt_weekly...","logger":"cosmos.dbt.graph","filename":"graph.py","lineno":869}
{"timestamp":"2026-08-29T11:16:52.005144Z","level":"info","event":"Cosmos performance: time to calculate cache identifier cosmos_cache__verdanta_weekly__dbt_weekly for current version: 0.1316551449999679","logger":"cosmos.cache","filename":"cache.py","lineno":401}
{"timestamp":"2026-08-29T11:16:52.005425Z","level":"info","event":"Cosmos performance [e56005473659|4222]: The cache size for cosmos_cache__verdanta_weekly__dbt_weekly is 23804","logger":"cosmos.dbt.graph","filename":"graph.py","lineno":886}
{"timestamp":"2026-08-29T11:16:52.006414Z","level":"info","event":"Cosmos performance: Cache hit for cosmos_cache__verdanta_weekly__dbt_weekly - 39a8c4b6e19a7b5e14cfea47af7dbd90,1ae01f5b93cde0ad1f6d9482f1b54abd","logger":"cosmos.dbt.graph","filename":"graph.py","lineno":898}
{"timestamp":"2026-08-29T11:16:52.006554Z","level":"info","event":"Total nodes: 27","logger":"cosmos.dbt.graph","filename":"graph.py","lineno":799}
{"timestamp":"2026-08-29T11:16:52.006615Z","level":"info","event":"Total filtered nodes: 27","logger":"cosmos.dbt.graph","filename":"graph.py","lineno":800}
{"timestamp":"2026-08-29T11:16:52.006680Z","level":"info","event":"Cosmos performance (verdanta_weekly__dbt_weekly) - [e56005473659|4222]: It took 0.15s to parse the dbt project for DAG using LoadMode.DBT_LS_CACHE","logger":"cosmos.converter","filename":"converter.py","lineno":371}
{"timestamp":"2026-08-29T11:16:52.029038Z","level":"info","event":"Cosmos performance (verdanta_weekly__dbt_weekly) - [e56005473659|4222]: It took 0.0223s to build the Airflow DAG.","logger":"cosmos.converter","filename":"converter.py","lineno":423}
{"timestamp":"2026-08-29T11:16:52.029217Z","level":"info","event":"::endgroup::Cosmos DAG parsing logs","logger":"cosmos.converter","filename":"converter.py","lineno":430}
{"timestamp":"2026-08-29T11:16:52.029693Z","level":"warning","event":"Using Variable.get from `airflow.models` is deprecated.Please use `get` on Variable from sdk(`airflow.sdk.Variable`) instead","category":"UserWarning","filename":"/home/airflow/.local/lib/python3.13/site-packages/airflow/models/variable.py","lineno":158,"logger":"py.warnings"}
{"timestamp":"2026-08-29T11:17:22.236683Z","level":"info","event":"Filling up the DagBag from /opt/airflow/dags/verdanta_weekly.py","logger":"airflow.dag_processing.dagbag.BundleDagBag","filename":"dagbag.py","lineno":469}
{"timestamp":"2026-08-29T11:17:22.305986Z","level":"info","event":"::group::Cosmos DAG parsing logs","logger":"cosmos.converter","filename":"converter.py","lineno":321}
{"timestamp":"2026-08-29T11:17:22.310175Z","level":"info","event":"Cosmos cache dir resolved to /tmp/cosmos/verdanta_weekly__dbt_weekly","logger":"cosmos.converter","filename":"converter.py","lineno":346}
{"timestamp":"2026-08-29T11:17:22.310400Z","level":"info","event":"Trying to parse the dbt project using dbt ls cache cosmos_cache__verdanta_weekly__dbt_weekly...","logger":"cosmos.dbt.graph","filename":"graph.py","lineno":869}
{"timestamp":"2026-08-29T11:17:22.455088Z","level":"info","event":"Cosmos performance: time to calculate cache identifier cosmos_cache__verdanta_weekly__dbt_weekly for current version: 0.12731124499987345","logger":"cosmos.cache","filename":"cache.py","lineno":401}
{"timestamp":"2026-08-29T11:17:22.455378Z","level":"info","event":"Cosmos performance [e56005473659|4258]: The cache size for cosmos_cache__verdanta_weekly__dbt_weekly is 23804","logger":"cosmos.dbt.graph","filename":"graph.py","lineno":886}
{"timestamp":"2026-08-29T11:17:22.456288Z","level":"info","event":"Cosmos performance: Cache hit for cosmos_cache__verdanta_weekly__dbt_weekly - 39a8c4b6e19a7b5e14cfea47af7dbd90,1ae01f5b93cde0ad1f6d9482f1b54abd","logger":"cosmos.dbt.graph","filename":"graph.py","lineno":898}
{"timestamp":"2026-08-29T11:17:22.456419Z","level":"info","event":"Total nodes: 27","logger":"cosmos.dbt.graph","filename":"graph.py","lineno":799}
{"timestamp":"2026-08-29T11:17:22.456479Z","level":"info","event":"Total filtered nodes: 27","logger":"cosmos.dbt.graph","filename":"graph.py","lineno":800}
{"timestamp":"2026-08-29T11:17:22.456553Z","level":"info","event":"Cosmos performance (verdanta_weekly__dbt_weekly) - [e56005473659|4258]: It took 0.146s to parse the dbt project for DAG using LoadMode.DBT_LS_CACHE","logger":"cosmos.converter","filename":"converter.py","lineno":371}
{"timestamp":"2026-08-29T11:17:22.479746Z","level":"info","event":"Cosmos performance (verdanta_weekly__dbt_weekly) - [e56005473659|4258]: It took 0.0231s to build the Airflow DAG.","logger":"cosmos.converter","filename":"converter.py","lineno":423}
{"timestamp":"2026-08-29T11:17:22.479942Z","level":"info","event":"::endgroup::Cosmos DAG parsing logs","logger":"cosmos.converter","filename":"converter.py","lineno":430}
{"timestamp":"2026-08-29T11:17:22.480582Z","level":"warning","event":"Using Variable.get from `airflow.models` is deprecated.Please use `get` on Variable from sdk(`airflow.sdk.Variable`) instead","category":"UserWarning","filename":"/home/airflow/.local/lib/python3.13/site-packages/airflow/models/variable.py","lineno":158,"logger":"py.warnings"}
{"timestamp":"2026-08-29T11:17:52.650796Z","level":"info","event":"Filling up the DagBag from /opt/airflow/dags/verdanta_weekly.py","logger":"airflow.dag_processing.dagbag.BundleDagBag","filename":"dagbag.py","lineno":469}
{"timestamp":"2026-08-29T11:17:52.719346Z","level":"info","event":"::group::Cosmos DAG parsing logs","logger":"cosmos.converter","filename":"converter.py","lineno":321}
{"timestamp":"2026-08-29T11:17:52.722981Z","level":"info","event":"Cosmos cache dir resolved to /tmp/cosmos/verdanta_weekly__dbt_weekly","logger":"cosmos.converter","filename":"converter.py","lineno":346}
{"timestamp":"2026-08-29T11:17:52.723177Z","level":"info","event":"Trying to parse the dbt project using dbt ls cache cosmos_cache__verdanta_weekly__dbt_weekly...","logger":"cosmos.dbt.graph","filename":"graph.py","lineno":869}
{"timestamp":"2026-08-29T11:17:52.867412Z","level":"info","event":"Cosmos performance: time to calculate cache identifier cosmos_cache__verdanta_weekly__dbt_weekly for current version: 0.12748856600046565","logger":"cosmos.cache","filename":"cache.py","lineno":401}
{"timestamp":"2026-08-29T11:17:52.867622Z","level":"info","event":"Cosmos performance [e56005473659|4294]: The cache size for cosmos_cache__verdanta_weekly__dbt_weekly is 23804","logger":"cosmos.dbt.graph","filename":"graph.py","lineno":886}
{"timestamp":"2026-08-29T11:17:52.868934Z","level":"info","event":"Cosmos performance: Cache hit for cosmos_cache__verdanta_weekly__dbt_weekly - 39a8c4b6e19a7b5e14cfea47af7dbd90,1ae01f5b93cde0ad1f6d9482f1b54abd","logger":"cosmos.dbt.graph","filename":"graph.py","lineno":898}
{"timestamp":"2026-08-29T11:17:52.869123Z","level":"info","event":"Total nodes: 27","logger":"cosmos.dbt.graph","filename":"graph.py","lineno":799}
{"timestamp":"2026-08-29T11:17:52.869201Z","level":"info","event":"Total filtered nodes: 27","logger":"cosmos.dbt.graph","filename":"graph.py","lineno":800}
{"timestamp":"2026-08-29T11:17:52.869276Z","level":"info","event":"Cosmos performance (verdanta_weekly__dbt_weekly) - [e56005473659|4294]: It took 0.146s to parse the dbt project for DAG using LoadMode.DBT_LS_CACHE","logger":"cosmos.converter","filename":"converter.py","lineno":371}
{"timestamp":"2026-08-29T11:17:52.891605Z","level":"info","event":"Cosmos performance (verdanta_weekly__dbt_weekly) - [e56005473659|4294]: It took 0.0223s to build the Airflow DAG.","logger":"cosmos.converter","filename":"converter.py","lineno":423}
{"timestamp":"2026-08-29T11:17:52.891764Z","level":"info","event":"::endgroup::Cosmos DAG parsing logs","logger":"cosmos.converter","filename":"converter.py","lineno":430}
{"timestamp":"2026-08-29T11:17:52.892277Z","level":"warning","event":"Using Variable.get from `airflow.models` is deprecated.Please use `get` on Variable from sdk(`airflow.sdk.Variable`) instead","category":"UserWarning","filename":"/home/airflow/.local/lib/python3.13/site-packages/airflow/models/variable.py","lineno":158,"logger":"py.warnings"}
{"timestamp":"2026-08-29T11:18:22.979139Z","level":"info","event":"Filling up the DagBag from /opt/airflow/dags/verdanta_weekly.py","logger":"airflow.dag_processing.dagbag.BundleDagBag","filename":"dagbag.py","lineno":469}
{"timestamp":"2026-08-29T11:18:23.057235Z","level":"info","event":"::group::Cosmos DAG parsing logs","logger":"cosmos.converter","filename":"converter.py","lineno":321}
{"timestamp":"2026-08-29T11:18:23.062209Z","level":"info","event":"Cosmos cache dir resolved to /tmp/cosmos/verdanta_weekly__dbt_weekly","logger":"cosmos.converter","filename":"converter.py","lineno":346}
{"timestamp":"2026-08-29T11:18:23.062426Z","level":"info","event":"Trying to parse the dbt project using dbt ls cache cosmos_cache__verdanta_weekly__dbt_weekly...","logger":"cosmos.dbt.graph","filename":"graph.py","lineno":869}
{"timestamp":"2026-08-29T11:18:23.207836Z","level":"info","event":"Cosmos performance: time to calculate cache identifier cosmos_cache__verdanta_weekly__dbt_weekly for current version: 0.1304584879999311","logger":"cosmos.cache","filename":"cache.py","lineno":401}
{"timestamp":"2026-08-29T11:18:23.208135Z","level":"info","event":"Cosmos performance [e56005473659|4311]: The cache size for cosmos_cache__verdanta_weekly__dbt_weekly is 23804","logger":"cosmos.dbt.graph","filename":"graph.py","lineno":886}
{"timestamp":"2026-08-29T11:18:23.209207Z","level":"info","event":"Cosmos performance: Cache hit for cosmos_cache__verdanta_weekly__dbt_weekly - 39a8c4b6e19a7b5e14cfea47af7dbd90,1ae01f5b93cde0ad1f6d9482f1b54abd","logger":"cosmos.dbt.graph","filename":"graph.py","lineno":898}
{"timestamp":"2026-08-29T11:18:23.209349Z","level":"info","event":"Total nodes: 27","logger":"cosmos.dbt.graph","filename":"graph.py","lineno":799}
{"timestamp":"2026-08-29T11:18:23.209425Z","level":"info","event":"Total filtered nodes: 27","logger":"cosmos.dbt.graph","filename":"graph.py","lineno":800}
{"timestamp":"2026-08-29T11:18:23.209495Z","level":"info","event":"Cosmos performance (verdanta_weekly__dbt_weekly) - [e56005473659|4311]: It took 0.147s to parse the dbt project for DAG using LoadMode.DBT_LS_CACHE","logger":"cosmos.converter","filename":"converter.py","lineno":371}
{"timestamp":"2026-08-29T11:18:23.232738Z","level":"info","event":"Cosmos performance (verdanta_weekly__dbt_weekly) - [e56005473659|4311]: It took 0.0232s to build the Airflow DAG.","logger":"cosmos.converter","filename":"converter.py","lineno":423}
{"timestamp":"2026-08-29T11:18:23.232931Z","level":"info","event":"::endgroup::Cosmos DAG parsing logs","logger":"cosmos.converter","filename":"converter.py","lineno":430}
{"timestamp":"2026-08-29T11:18:23.233386Z","level":"warning","event":"Using Variable.get from `airflow.models` is deprecated.Please use `get` on Variable from sdk(`airflow.sdk.Variable`) instead","category":"UserWarning","filename":"/home/airflow/.local/lib/python3.13/site-packages/airflow/models/variable.py","lineno":158,"logger":"py.warnings"}
{"timestamp":"2026-08-29T11:18:53.519703Z","level":"info","event":"Filling up the DagBag from /opt/airflow/dags/verdanta_weekly.py","logger":"airflow.dag_processing.dagbag.BundleDagBag","filename":"dagbag.py","lineno":469}
{"timestamp":"2026-08-29T11:18:53.587416Z","level":"info","event":"::group::Cosmos DAG parsing logs","logger":"cosmos.converter","filename":"converter.py","lineno":321}
{"timestamp":"2026-08-29T11:18:53.590877Z","level":"info","event":"Cosmos cache dir resolved to /tmp/cosmos/verdanta_weekly__dbt_weekly","logger":"cosmos.converter","filename":"converter.py","lineno":346}
{"timestamp":"2026-08-29T11:18:53.591152Z","level":"info","event":"Trying to parse the dbt project using dbt ls cache cosmos_cache__verdanta_weekly__dbt_weekly...","logger":"cosmos.dbt.graph","filename":"graph.py","lineno":869}
{"timestamp":"2026-08-29T11:18:53.740760Z","level":"info","event":"Cosmos performance: time to calculate cache identifier cosmos_cache__verdanta_weekly__dbt_weekly for current version: 0.1326898080005776","logger":"cosmos.cache","filename":"cache.py","lineno":401}
{"timestamp":"2026-08-29T11:18:53.741011Z","level":"info","event":"Cosmos performance [e56005473659|4344]: The cache size for cosmos_cache__verdanta_weekly__dbt_weekly is 23804","logger":"cosmos.dbt.graph","filename":"graph.py","lineno":886}
{"timestamp":"2026-08-29T11:18:53.741922Z","level":"info","event":"Cosmos performance: Cache hit for cosmos_cache__verdanta_weekly__dbt_weekly - 39a8c4b6e19a7b5e14cfea47af7dbd90,1ae01f5b93cde0ad1f6d9482f1b54abd","logger":"cosmos.dbt.graph","filename":"graph.py","lineno":898}
{"timestamp":"2026-08-29T11:18:53.742065Z","level":"info","event":"Total nodes: 27","logger":"cosmos.dbt.graph","filename":"graph.py","lineno":799}
{"timestamp":"2026-08-29T11:18:53.742131Z","level":"info","event":"Total filtered nodes: 27","logger":"cosmos.dbt.graph","filename":"graph.py","lineno":800}
{"timestamp":"2026-08-29T11:18:53.742208Z","level":"info","event":"Cosmos performance (verdanta_weekly__dbt_weekly) - [e56005473659|4344]: It took 0.151s to parse the dbt project for DAG using LoadMode.DBT_LS_CACHE","logger":"cosmos.converter","filename":"converter.py","lineno":371}
{"timestamp":"2026-08-29T11:18:53.764940Z","level":"info","event":"Cosmos performance (verdanta_weekly__dbt_weekly) - [e56005473659|4344]: It took 0.0227s to build the Airflow DAG.","logger":"cosmos.converter","filename":"converter.py","lineno":423}
{"timestamp":"2026-08-29T11:18:53.765067Z","level":"info","event":"::endgroup::Cosmos DAG parsing logs","logger":"cosmos.converter","filename":"converter.py","lineno":430}
{"timestamp":"2026-08-29T11:18:53.765804Z","level":"warning","event":"Using Variable.get from `airflow.models` is deprecated.Please use `get` on Variable from sdk(`airflow.sdk.Variable`) instead","category":"UserWarning","filename":"/home/airflow/.local/lib/python3.13/site-packages/airflow/models/variable.py","lineno":158,"logger":"py.warnings"}
{"timestamp":"2026-08-29T11:19:24.364171Z","level":"info","event":"Filling up the DagBag from /opt/airflow/dags/verdanta_weekly.py","logger":"airflow.dag_processing.dagbag.BundleDagBag","filename":"dagbag.py","lineno":469}
{"timestamp":"2026-08-29T11:19:24.434609Z","level":"info","event":"::group::Cosmos DAG parsing logs","logger":"cosmos.converter","filename":"converter.py","lineno":321}
{"timestamp":"2026-08-29T11:19:24.437759Z","level":"info","event":"Cosmos cache dir resolved to /tmp/cosmos/verdanta_weekly__dbt_weekly","logger":"cosmos.converter","filename":"converter.py","lineno":346}
{"timestamp":"2026-08-29T11:19:24.438000Z","level":"info","event":"Trying to parse the dbt project using dbt ls cache cosmos_cache__verdanta_weekly__dbt_weekly...","logger":"cosmos.dbt.graph","filename":"graph.py","lineno":869}
{"timestamp":"2026-08-29T11:19:24.579925Z","level":"info","event":"Cosmos performance: time to calculate cache identifier cosmos_cache__verdanta_weekly__dbt_weekly for current version: 0.1279682309996133","logger":"cosmos.cache","filename":"cache.py","lineno":401}
{"timestamp":"2026-08-29T11:19:24.580190Z","level":"info","event":"Cosmos performance [e56005473659|4380]: The cache size for cosmos_cache__verdanta_weekly__dbt_weekly is 23804","logger":"cosmos.dbt.graph","filename":"graph.py","lineno":886}
{"timestamp":"2026-08-29T11:19:24.581112Z","level":"info","event":"Cosmos performance: Cache hit for cosmos_cache__verdanta_weekly__dbt_weekly - 39a8c4b6e19a7b5e14cfea47af7dbd90,1ae01f5b93cde0ad1f6d9482f1b54abd","logger":"cosmos.dbt.graph","filename":"graph.py","lineno":898}
{"timestamp":"2026-08-29T11:19:24.581265Z","level":"info","event":"Total nodes: 27","logger":"cosmos.dbt.graph","filename":"graph.py","lineno":799}
{"timestamp":"2026-08-29T11:19:24.581331Z","level":"info","event":"Total filtered nodes: 27","logger":"cosmos.dbt.graph","filename":"graph.py","lineno":800}
{"timestamp":"2026-08-29T11:19:24.581405Z","level":"info","event":"Cosmos performance (verdanta_weekly__dbt_weekly) - [e56005473659|4380]: It took 0.144s to parse the dbt project for DAG using LoadMode.DBT_LS_CACHE","logger":"cosmos.converter","filename":"converter.py","lineno":371}
{"timestamp":"2026-08-29T11:19:24.603035Z","level":"info","event":"Cosmos performance (verdanta_weekly__dbt_weekly) - [e56005473659|4380]: It took 0.0216s to build the Airflow DAG.","logger":"cosmos.converter","filename":"converter.py","lineno":423}
{"timestamp":"2026-08-29T11:19:24.603192Z","level":"info","event":"::endgroup::Cosmos DAG parsing logs","logger":"cosmos.converter","filename":"converter.py","lineno":430}
{"timestamp":"2026-08-29T11:19:24.603696Z","level":"warning","event":"Using Variable.get from `airflow.models` is deprecated.Please use `get` on Variable from sdk(`airflow.sdk.Variable`) instead","category":"UserWarning","filename":"/home/airflow/.local/lib/python3.13/site-packages/airflow/models/variable.py","lineno":158,"logger":"py.warnings"}
{"timestamp":"2026-08-29T11:19:55.052947Z","level":"info","event":"Filling up the DagBag from /opt/airflow/dags/verdanta_weekly.py","logger":"airflow.dag_processing.dagbag.BundleDagBag","filename":"dagbag.py","lineno":469}
{"timestamp":"2026-08-29T11:19:55.124110Z","level":"info","event":"::group::Cosmos DAG parsing logs","logger":"cosmos.converter","filename":"converter.py","lineno":321}
{"timestamp":"2026-08-29T11:19:55.127501Z","level":"info","event":"Cosmos cache dir resolved to /tmp/cosmos/verdanta_weekly__dbt_weekly","logger":"cosmos.converter","filename":"converter.py","lineno":346}
{"timestamp":"2026-08-29T11:19:55.127673Z","level":"info","event":"Trying to parse the dbt project using dbt ls cache cosmos_cache__verdanta_weekly__dbt_weekly...","logger":"cosmos.dbt.graph","filename":"graph.py","lineno":869}
{"timestamp":"2026-08-29T11:19:55.273678Z","level":"info","event":"Cosmos performance: time to calculate cache identifier cosmos_cache__verdanta_weekly__dbt_weekly for current version: 0.1281792019999557","logger":"cosmos.cache","filename":"cache.py","lineno":401}
{"timestamp":"2026-08-29T11:19:55.273941Z","level":"info","event":"Cosmos performance [e56005473659|4416]: The cache size for cosmos_cache__verdanta_weekly__dbt_weekly is 23804","logger":"cosmos.dbt.graph","filename":"graph.py","lineno":886}
{"timestamp":"2026-08-29T11:19:55.274802Z","level":"info","event":"Cosmos performance: Cache hit for cosmos_cache__verdanta_weekly__dbt_weekly - 39a8c4b6e19a7b5e14cfea47af7dbd90,1ae01f5b93cde0ad1f6d9482f1b54abd","logger":"cosmos.dbt.graph","filename":"graph.py","lineno":898}
{"timestamp":"2026-08-29T11:19:55.274934Z","level":"info","event":"Total nodes: 27","logger":"cosmos.dbt.graph","filename":"graph.py","lineno":799}
{"timestamp":"2026-08-29T11:19:55.274997Z","level":"info","event":"Total filtered nodes: 27","logger":"cosmos.dbt.graph","filename":"graph.py","lineno":800}
{"timestamp":"2026-08-29T11:19:55.275063Z","level":"info","event":"Cosmos performance (verdanta_weekly__dbt_weekly) - [e56005473659|4416]: It took 0.147s to parse the dbt project for DAG using LoadMode.DBT_LS_CACHE","logger":"cosmos.converter","filename":"converter.py","lineno":371}
{"timestamp":"2026-08-29T11:19:55.297314Z","level":"info","event":"Cosmos performance (verdanta_weekly__dbt_weekly) - [e56005473659|4416]: It took 0.0222s to build the Airflow DAG.","logger":"cosmos.converter","filename":"converter.py","lineno":423}
{"timestamp":"2026-08-29T11:19:55.297468Z","level":"info","event":"::endgroup::Cosmos DAG parsing logs","logger":"cosmos.converter","filename":"converter.py","lineno":430}
{"timestamp":"2026-08-29T11:19:55.297881Z","level":"warning","event":"Using Variable.get from `airflow.models` is deprecated.Please use `get` on Variable from sdk(`airflow.sdk.Variable`) instead","category":"UserWarning","filename":"/home/airflow/.local/lib/python3.13/site-packages/airflow/models/variable.py","lineno":158,"logger":"py.warnings"}
{"timestamp":"2026-08-29T11:20:25.731191Z","level":"info","event":"Filling up the DagBag from /opt/airflow/dags/verdanta_weekly.py","logger":"airflow.dag_processing.dagbag.BundleDagBag","filename":"dagbag.py","lineno":469}
{"timestamp":"2026-08-29T11:20:25.846125Z","level":"info","event":"::group::Cosmos DAG parsing logs","logger":"cosmos.converter","filename":"converter.py","lineno":321}
{"timestamp":"2026-08-29T11:20:25.851220Z","level":"info","event":"Cosmos cache dir resolved to /tmp/cosmos/verdanta_weekly__dbt_weekly","logger":"cosmos.converter","filename":"converter.py","lineno":346}
{"timestamp":"2026-08-29T11:20:25.851678Z","level":"info","event":"Trying to parse the dbt project using dbt ls cache cosmos_cache__verdanta_weekly__dbt_weekly...","logger":"cosmos.dbt.graph","filename":"graph.py","lineno":869}
{"timestamp":"2026-08-29T11:20:26.044322Z","level":"info","event":"Cosmos performance: time to calculate cache identifier cosmos_cache__verdanta_weekly__dbt_weekly for current version: 0.16527676599980623","logger":"cosmos.cache","filename":"cache.py","lineno":401}
{"timestamp":"2026-08-29T11:20:26.044718Z","level":"info","event":"Cosmos performance [e56005473659|4451]: The cache size for cosmos_cache__verdanta_weekly__dbt_weekly is 23804","logger":"cosmos.dbt.graph","filename":"graph.py","lineno":886}
{"timestamp":"2026-08-29T11:20:26.047655Z","level":"info","event":"Cosmos performance: Cache hit for cosmos_cache__verdanta_weekly__dbt_weekly - 39a8c4b6e19a7b5e14cfea47af7dbd90,1ae01f5b93cde0ad1f6d9482f1b54abd","logger":"cosmos.dbt.graph","filename":"graph.py","lineno":898}
{"timestamp":"2026-08-29T11:20:26.048043Z","level":"info","event":"Total nodes: 27","logger":"cosmos.dbt.graph","filename":"graph.py","lineno":799}
{"timestamp":"2026-08-29T11:20:26.048217Z","level":"info","event":"Total filtered nodes: 27","logger":"cosmos.dbt.graph","filename":"graph.py","lineno":800}
{"timestamp":"2026-08-29T11:20:26.048374Z","level":"info","event":"Cosmos performance (verdanta_weekly__dbt_weekly) - [e56005473659|4451]: It took 0.197s to parse the dbt project for DAG using LoadMode.DBT_LS_CACHE","logger":"cosmos.converter","filename":"converter.py","lineno":371}
{"timestamp":"2026-08-29T11:20:26.081939Z","level":"info","event":"Cosmos performance (verdanta_weekly__dbt_weekly) - [e56005473659|4451]: It took 0.0335s to build the Airflow DAG.","logger":"cosmos.converter","filename":"converter.py","lineno":423}
{"timestamp":"2026-08-29T11:20:26.082204Z","level":"info","event":"::endgroup::Cosmos DAG parsing logs","logger":"cosmos.converter","filename":"converter.py","lineno":430}
{"timestamp":"2026-08-29T11:20:26.082922Z","level":"warning","event":"Using Variable.get from `airflow.models` is deprecated.Please use `get` on Variable from sdk(`airflow.sdk.Variable`) instead","category":"UserWarning","filename":"/home/airflow/.local/lib/python3.13/site-packages/airflow/models/variable.py","lineno":158,"logger":"py.warnings"}
{"timestamp":"2026-08-29T11:20:56.544579Z","level":"info","event":"Filling up the DagBag from /opt/airflow/dags/verdanta_weekly.py","logger":"airflow.dag_processing.dagbag.BundleDagBag","filename":"dagbag.py","lineno":469}
{"timestamp":"2026-08-29T11:20:56.624155Z","level":"info","event":"::group::Cosmos DAG parsing logs","logger":"cosmos.converter","filename":"converter.py","lineno":321}
{"timestamp":"2026-08-29T11:20:56.628501Z","level":"info","event":"Cosmos cache dir resolved to /tmp/cosmos/verdanta_weekly__dbt_weekly","logger":"cosmos.converter","filename":"converter.py","lineno":346}
{"timestamp":"2026-08-29T11:20:56.628741Z","level":"info","event":"Trying to parse the dbt project using dbt ls cache cosmos_cache__verdanta_weekly__dbt_weekly...","logger":"cosmos.dbt.graph","filename":"graph.py","lineno":869}
{"timestamp":"2026-08-29T11:20:56.773179Z","level":"info","event":"Cosmos performance: time to calculate cache identifier cosmos_cache__verdanta_weekly__dbt_weekly for current version: 0.12913032700089389","logger":"cosmos.cache","filename":"cache.py","lineno":401}
{"timestamp":"2026-08-29T11:20:56.773411Z","level":"info","event":"Cosmos performance [e56005473659|4506]: The cache size for cosmos_cache__verdanta_weekly__dbt_weekly is 23804","logger":"cosmos.dbt.graph","filename":"graph.py","lineno":886}
{"timestamp":"2026-08-29T11:20:56.774565Z","level":"info","event":"Cosmos performance: Cache hit for cosmos_cache__verdanta_weekly__dbt_weekly - 39a8c4b6e19a7b5e14cfea47af7dbd90,1ae01f5b93cde0ad1f6d9482f1b54abd","logger":"cosmos.dbt.graph","filename":"graph.py","lineno":898}
{"timestamp":"2026-08-29T11:20:56.774716Z","level":"info","event":"Total nodes: 27","logger":"cosmos.dbt.graph","filename":"graph.py","lineno":799}
{"timestamp":"2026-08-29T11:20:56.774783Z","level":"info","event":"Total filtered nodes: 27","logger":"cosmos.dbt.graph","filename":"graph.py","lineno":800}
{"timestamp":"2026-08-29T11:20:56.774850Z","level":"info","event":"Cosmos performance (verdanta_weekly__dbt_weekly) - [e56005473659|4506]: It took 0.146s to parse the dbt project for DAG using LoadMode.DBT_LS_CACHE","logger":"cosmos.converter","filename":"converter.py","lineno":371}
{"timestamp":"2026-08-29T11:20:56.798275Z","level":"info","event":"Cosmos performance (verdanta_weekly__dbt_weekly) - [e56005473659|4506]: It took 0.0234s to build the Airflow DAG.","logger":"cosmos.converter","filename":"converter.py","lineno":423}
{"timestamp":"2026-08-29T11:20:56.798434Z","level":"info","event":"::endgroup::Cosmos DAG parsing logs","logger":"cosmos.converter","filename":"converter.py","lineno":430}
{"timestamp":"2026-08-29T11:20:56.799149Z","level":"warning","event":"Using Variable.get from `airflow.models` is deprecated.Please use `get` on Variable from sdk(`airflow.sdk.Variable`) instead","category":"UserWarning","filename":"/home/airflow/.local/lib/python3.13/site-packages/airflow/models/variable.py","lineno":158,"logger":"py.warnings"}
{"timestamp":"2026-08-29T11:21:27.631323Z","level":"info","event":"Filling up the DagBag from /opt/airflow/dags/verdanta_weekly.py","logger":"airflow.dag_processing.dagbag.BundleDagBag","filename":"dagbag.py","lineno":469}
{"timestamp":"2026-08-29T11:21:27.708517Z","level":"info","event":"::group::Cosmos DAG parsing logs","logger":"cosmos.converter","filename":"converter.py","lineno":321}
{"timestamp":"2026-08-29T11:21:27.712470Z","level":"info","event":"Cosmos cache dir resolved to /tmp/cosmos/verdanta_weekly__dbt_weekly","logger":"cosmos.converter","filename":"converter.py","lineno":346}
{"timestamp":"2026-08-29T11:21:27.712850Z","level":"info","event":"Trying to parse the dbt project using dbt ls cache cosmos_cache__verdanta_weekly__dbt_weekly...","logger":"cosmos.dbt.graph","filename":"graph.py","lineno":869}
{"timestamp":"2026-08-29T11:21:27.865361Z","level":"info","event":"Cosmos performance: time to calculate cache identifier cosmos_cache__verdanta_weekly__dbt_weekly for current version: 0.13716718799878436","logger":"cosmos.cache","filename":"cache.py","lineno":401}
{"timestamp":"2026-08-29T11:21:27.865727Z","level":"info","event":"Cosmos performance [e56005473659|4560]: The cache size for cosmos_cache__verdanta_weekly__dbt_weekly is 23804","logger":"cosmos.dbt.graph","filename":"graph.py","lineno":886}
{"timestamp":"2026-08-29T11:21:27.866965Z","level":"info","event":"Cosmos performance: Cache hit for cosmos_cache__verdanta_weekly__dbt_weekly - 39a8c4b6e19a7b5e14cfea47af7dbd90,1ae01f5b93cde0ad1f6d9482f1b54abd","logger":"cosmos.dbt.graph","filename":"graph.py","lineno":898}
{"timestamp":"2026-08-29T11:21:27.867116Z","level":"info","event":"Total nodes: 27","logger":"cosmos.dbt.graph","filename":"graph.py","lineno":799}
{"timestamp":"2026-08-29T11:21:27.867183Z","level":"info","event":"Total filtered nodes: 27","logger":"cosmos.dbt.graph","filename":"graph.py","lineno":800}
{"timestamp":"2026-08-29T11:21:27.867257Z","level":"info","event":"Cosmos performance (verdanta_weekly__dbt_weekly) - [e56005473659|4560]: It took 0.155s to parse the dbt project for DAG using LoadMode.DBT_LS_CACHE","logger":"cosmos.converter","filename":"converter.py","lineno":371}
{"timestamp":"2026-08-29T11:21:27.893481Z","level":"info","event":"Cosmos performance (verdanta_weekly__dbt_weekly) - [e56005473659|4560]: It took 0.0261s to build the Airflow DAG.","logger":"cosmos.converter","filename":"converter.py","lineno":423}
{"timestamp":"2026-08-29T11:21:27.893725Z","level":"info","event":"::endgroup::Cosmos DAG parsing logs","logger":"cosmos.converter","filename":"converter.py","lineno":430}
{"timestamp":"2026-08-29T11:21:27.894538Z","level":"warning","event":"Using Variable.get from `airflow.models` is deprecated.Please use `get` on Variable from sdk(`airflow.sdk.Variable`) instead","category":"UserWarning","filename":"/home/airflow/.local/lib/python3.13/site-packages/airflow/models/variable.py","lineno":158,"logger":"py.warnings"}
{"timestamp":"2026-08-29T11:21:58.184000Z","level":"info","event":"Filling up the DagBag from /opt/airflow/dags/verdanta_weekly.py","logger":"airflow.dag_processing.dagbag.BundleDagBag","filename":"dagbag.py","lineno":469}
{"timestamp":"2026-08-29T11:21:58.253999Z","level":"info","event":"::group::Cosmos DAG parsing logs","logger":"cosmos.converter","filename":"converter.py","lineno":321}
{"timestamp":"2026-08-29T11:21:58.258043Z","level":"info","event":"Cosmos cache dir resolved to /tmp/cosmos/verdanta_weekly__dbt_weekly","logger":"cosmos.converter","filename":"converter.py","lineno":346}
{"timestamp":"2026-08-29T11:21:58.258252Z","level":"info","event":"Trying to parse the dbt project using dbt ls cache cosmos_cache__verdanta_weekly__dbt_weekly...","logger":"cosmos.dbt.graph","filename":"graph.py","lineno":869}
{"timestamp":"2026-08-29T11:21:58.410937Z","level":"info","event":"Cosmos performance: time to calculate cache identifier cosmos_cache__verdanta_weekly__dbt_weekly for current version: 0.13405648299885797","logger":"cosmos.cache","filename":"cache.py","lineno":401}
{"timestamp":"2026-08-29T11:21:58.411197Z","level":"info","event":"Cosmos performance [e56005473659|4596]: The cache size for cosmos_cache__verdanta_weekly__dbt_weekly is 23804","logger":"cosmos.dbt.graph","filename":"graph.py","lineno":886}
{"timestamp":"2026-08-29T11:21:58.412134Z","level":"info","event":"Cosmos performance: Cache hit for cosmos_cache__verdanta_weekly__dbt_weekly - 39a8c4b6e19a7b5e14cfea47af7dbd90,1ae01f5b93cde0ad1f6d9482f1b54abd","logger":"cosmos.dbt.graph","filename":"graph.py","lineno":898}
{"timestamp":"2026-08-29T11:21:58.412275Z","level":"info","event":"Total nodes: 27","logger":"cosmos.dbt.graph","filename":"graph.py","lineno":799}
{"timestamp":"2026-08-29T11:21:58.412339Z","level":"info","event":"Total filtered nodes: 27","logger":"cosmos.dbt.graph","filename":"graph.py","lineno":800}
{"timestamp":"2026-08-29T11:21:58.412412Z","level":"info","event":"Cosmos performance (verdanta_weekly__dbt_weekly) - [e56005473659|4596]: It took 0.154s to parse the dbt project for DAG using LoadMode.DBT_LS_CACHE","logger":"cosmos.converter","filename":"converter.py","lineno":371}
{"timestamp":"2026-08-29T11:21:58.437792Z","level":"info","event":"Cosmos performance (verdanta_weekly__dbt_weekly) - [e56005473659|4596]: It took 0.0253s to build the Airflow DAG.","logger":"cosmos.converter","filename":"converter.py","lineno":423}
{"timestamp":"2026-08-29T11:21:58.437977Z","level":"info","event":"::endgroup::Cosmos DAG parsing logs","logger":"cosmos.converter","filename":"converter.py","lineno":430}
{"timestamp":"2026-08-29T11:21:58.438491Z","level":"warning","event":"Using Variable.get from `airflow.models` is deprecated.Please use `get` on Variable from sdk(`airflow.sdk.Variable`) instead","category":"UserWarning","filename":"/home/airflow/.local/lib/python3.13/site-packages/airflow/models/variable.py","lineno":158,"logger":"py.warnings"}
{"timestamp":"2026-08-29T11:22:28.910091Z","level":"info","event":"Filling up the DagBag from /opt/airflow/dags/verdanta_weekly.py","logger":"airflow.dag_processing.dagbag.BundleDagBag","filename":"dagbag.py","lineno":469}
{"timestamp":"2026-08-29T11:22:28.990191Z","level":"info","event":"::group::Cosmos DAG parsing logs","logger":"cosmos.converter","filename":"converter.py","lineno":321}
{"timestamp":"2026-08-29T11:22:28.994698Z","level":"info","event":"Cosmos cache dir resolved to /tmp/cosmos/verdanta_weekly__dbt_weekly","logger":"cosmos.converter","filename":"converter.py","lineno":346}
{"timestamp":"2026-08-29T11:22:28.995232Z","level":"info","event":"Trying to parse the dbt project using dbt ls cache cosmos_cache__verdanta_weekly__dbt_weekly...","logger":"cosmos.dbt.graph","filename":"graph.py","lineno":869}
{"timestamp":"2026-08-29T11:22:29.136391Z","level":"info","event":"Cosmos performance: time to calculate cache identifier cosmos_cache__verdanta_weekly__dbt_weekly for current version: 0.1243607600008545","logger":"cosmos.cache","filename":"cache.py","lineno":401}
{"timestamp":"2026-08-29T11:22:29.136681Z","level":"info","event":"Cosmos performance [e56005473659|4631]: The cache size for cosmos_cache__verdanta_weekly__dbt_weekly is 23804","logger":"cosmos.dbt.graph","filename":"graph.py","lineno":886}
{"timestamp":"2026-08-29T11:22:29.137771Z","level":"info","event":"Cosmos performance: Cache hit for cosmos_cache__verdanta_weekly__dbt_weekly - 39a8c4b6e19a7b5e14cfea47af7dbd90,1ae01f5b93cde0ad1f6d9482f1b54abd","logger":"cosmos.dbt.graph","filename":"graph.py","lineno":898}
{"timestamp":"2026-08-29T11:22:29.137923Z","level":"info","event":"Total nodes: 27","logger":"cosmos.dbt.graph","filename":"graph.py","lineno":799}
{"timestamp":"2026-08-29T11:22:29.138033Z","level":"info","event":"Total filtered nodes: 27","logger":"cosmos.dbt.graph","filename":"graph.py","lineno":800}
{"timestamp":"2026-08-29T11:22:29.138107Z","level":"info","event":"Cosmos performance (verdanta_weekly__dbt_weekly) - [e56005473659|4631]: It took 0.143s to parse the dbt project for DAG using LoadMode.DBT_LS_CACHE","logger":"cosmos.converter","filename":"converter.py","lineno":371}
{"timestamp":"2026-08-29T11:22:29.162499Z","level":"info","event":"Cosmos performance (verdanta_weekly__dbt_weekly) - [e56005473659|4631]: It took 0.0243s to build the Airflow DAG.","logger":"cosmos.converter","filename":"converter.py","lineno":423}
{"timestamp":"2026-08-29T11:22:29.162675Z","level":"info","event":"::endgroup::Cosmos DAG parsing logs","logger":"cosmos.converter","filename":"converter.py","lineno":430}
{"timestamp":"2026-08-29T11:22:29.163318Z","level":"warning","event":"Using Variable.get from `airflow.models` is deprecated.Please use `get` on Variable from sdk(`airflow.sdk.Variable`) instead","category":"UserWarning","filename":"/home/airflow/.local/lib/python3.13/site-packages/airflow/models/variable.py","lineno":158,"logger":"py.warnings"}
{"timestamp":"2026-08-29T11:22:59.281560Z","level":"info","event":"Filling up the DagBag from /opt/airflow/dags/verdanta_weekly.py","logger":"airflow.dag_processing.dagbag.BundleDagBag","filename":"dagbag.py","lineno":469}
{"timestamp":"2026-08-29T11:22:59.350125Z","level":"info","event":"::group::Cosmos DAG parsing logs","logger":"cosmos.converter","filename":"converter.py","lineno":321}
{"timestamp":"2026-08-29T11:22:59.353371Z","level":"info","event":"Cosmos cache dir resolved to /tmp/cosmos/verdanta_weekly__dbt_weekly","logger":"cosmos.converter","filename":"converter.py","lineno":346}
{"timestamp":"2026-08-29T11:22:59.353570Z","level":"info","event":"Trying to parse the dbt project using dbt ls cache cosmos_cache__verdanta_weekly__dbt_weekly...","logger":"cosmos.dbt.graph","filename":"graph.py","lineno":869}
{"timestamp":"2026-08-29T11:22:59.494391Z","level":"info","event":"Cosmos performance: time to calculate cache identifier cosmos_cache__verdanta_weekly__dbt_weekly for current version: 0.12498891799987177","logger":"cosmos.cache","filename":"cache.py","lineno":401}
{"timestamp":"2026-08-29T11:22:59.494652Z","level":"info","event":"Cosmos performance [e56005473659|4646]: The cache size for cosmos_cache__verdanta_weekly__dbt_weekly is 23804","logger":"cosmos.dbt.graph","filename":"graph.py","lineno":886}
{"timestamp":"2026-08-29T11:22:59.495654Z","level":"info","event":"Cosmos performance: Cache hit for cosmos_cache__verdanta_weekly__dbt_weekly - 39a8c4b6e19a7b5e14cfea47af7dbd90,1ae01f5b93cde0ad1f6d9482f1b54abd","logger":"cosmos.dbt.graph","filename":"graph.py","lineno":898}
{"timestamp":"2026-08-29T11:22:59.495785Z","level":"info","event":"Total nodes: 27","logger":"cosmos.dbt.graph","filename":"graph.py","lineno":799}
{"timestamp":"2026-08-29T11:22:59.495846Z","level":"info","event":"Total filtered nodes: 27","logger":"cosmos.dbt.graph","filename":"graph.py","lineno":800}
{"timestamp":"2026-08-29T11:22:59.495921Z","level":"info","event":"Cosmos performance (verdanta_weekly__dbt_weekly) - [e56005473659|4646]: It took 0.142s to parse the dbt project for DAG using LoadMode.DBT_LS_CACHE","logger":"cosmos.converter","filename":"converter.py","lineno":371}
{"timestamp":"2026-08-29T11:22:59.519143Z","level":"info","event":"Cosmos performance (verdanta_weekly__dbt_weekly) - [e56005473659|4646]: It took 0.0232s to build the Airflow DAG.","logger":"cosmos.converter","filename":"converter.py","lineno":423}
{"timestamp":"2026-08-29T11:22:59.519333Z","level":"info","event":"::endgroup::Cosmos DAG parsing logs","logger":"cosmos.converter","filename":"converter.py","lineno":430}
{"timestamp":"2026-08-29T11:22:59.519996Z","level":"warning","event":"Using Variable.get from `airflow.models` is deprecated.Please use `get` on Variable from sdk(`airflow.sdk.Variable`) instead","category":"UserWarning","filename":"/home/airflow/.local/lib/python3.13/site-packages/airflow/models/variable.py","lineno":158,"logger":"py.warnings"}
{"timestamp":"2026-08-29T11:23:29.860616Z","level":"info","event":"Filling up the DagBag from /opt/airflow/dags/verdanta_weekly.py","logger":"airflow.dag_processing.dagbag.BundleDagBag","filename":"dagbag.py","lineno":469}
{"timestamp":"2026-08-29T11:23:29.942735Z","level":"info","event":"::group::Cosmos DAG parsing logs","logger":"cosmos.converter","filename":"converter.py","lineno":321}
{"timestamp":"2026-08-29T11:23:29.947155Z","level":"info","event":"Cosmos cache dir resolved to /tmp/cosmos/verdanta_weekly__dbt_weekly","logger":"cosmos.converter","filename":"converter.py","lineno":346}
{"timestamp":"2026-08-29T11:23:29.947425Z","level":"info","event":"Trying to parse the dbt project using dbt ls cache cosmos_cache__verdanta_weekly__dbt_weekly...","logger":"cosmos.dbt.graph","filename":"graph.py","lineno":869}
{"timestamp":"2026-08-29T11:23:30.087583Z","level":"info","event":"Cosmos performance: time to calculate cache identifier cosmos_cache__verdanta_weekly__dbt_weekly for current version: 0.12596310099979746","logger":"cosmos.cache","filename":"cache.py","lineno":401}
{"timestamp":"2026-08-29T11:23:30.087856Z","level":"info","event":"Cosmos performance [e56005473659|4682]: The cache size for cosmos_cache__verdanta_weekly__dbt_weekly is 23804","logger":"cosmos.dbt.graph","filename":"graph.py","lineno":886}
{"timestamp":"2026-08-29T11:23:30.089129Z","level":"info","event":"Cosmos performance: Cache hit for cosmos_cache__verdanta_weekly__dbt_weekly - 39a8c4b6e19a7b5e14cfea47af7dbd90,1ae01f5b93cde0ad1f6d9482f1b54abd","logger":"cosmos.dbt.graph","filename":"graph.py","lineno":898}
{"timestamp":"2026-08-29T11:23:30.089321Z","level":"info","event":"Total nodes: 27","logger":"cosmos.dbt.graph","filename":"graph.py","lineno":799}
{"timestamp":"2026-08-29T11:23:30.089387Z","level":"info","event":"Total filtered nodes: 27","logger":"cosmos.dbt.graph","filename":"graph.py","lineno":800}
{"timestamp":"2026-08-29T11:23:30.089463Z","level":"info","event":"Cosmos performance (verdanta_weekly__dbt_weekly) - [e56005473659|4682]: It took 0.142s to parse the dbt project for DAG using LoadMode.DBT_LS_CACHE","logger":"cosmos.converter","filename":"converter.py","lineno":371}
{"timestamp":"2026-08-29T11:23:30.112488Z","level":"info","event":"Cosmos performance (verdanta_weekly__dbt_weekly) - [e56005473659|4682]: It took 0.023s to build the Airflow DAG.","logger":"cosmos.converter","filename":"converter.py","lineno":423}
{"timestamp":"2026-08-29T11:23:30.112651Z","level":"info","event":"::endgroup::Cosmos DAG parsing logs","logger":"cosmos.converter","filename":"converter.py","lineno":430}
{"timestamp":"2026-08-29T11:23:30.113134Z","level":"warning","event":"Using Variable.get from `airflow.models` is deprecated.Please use `get` on Variable from sdk(`airflow.sdk.Variable`) instead","category":"UserWarning","filename":"/home/airflow/.local/lib/python3.13/site-packages/airflow/models/variable.py","lineno":158,"logger":"py.warnings"}
{"timestamp":"2026-08-29T11:24:00.471859Z","level":"info","event":"Filling up the DagBag from /opt/airflow/dags/verdanta_weekly.py","logger":"airflow.dag_processing.dagbag.BundleDagBag","filename":"dagbag.py","lineno":469}
{"timestamp":"2026-08-29T11:24:00.541827Z","level":"info","event":"::group::Cosmos DAG parsing logs","logger":"cosmos.converter","filename":"converter.py","lineno":321}
{"timestamp":"2026-08-29T11:24:00.546113Z","level":"info","event":"Cosmos cache dir resolved to /tmp/cosmos/verdanta_weekly__dbt_weekly","logger":"cosmos.converter","filename":"converter.py","lineno":346}
{"timestamp":"2026-08-29T11:24:00.546331Z","level":"info","event":"Trying to parse the dbt project using dbt ls cache cosmos_cache__verdanta_weekly__dbt_weekly...","logger":"cosmos.dbt.graph","filename":"graph.py","lineno":869}
{"timestamp":"2026-08-29T11:24:00.689868Z","level":"info","event":"Cosmos performance: time to calculate cache identifier cosmos_cache__verdanta_weekly__dbt_weekly for current version: 0.12966548400072497","logger":"cosmos.cache","filename":"cache.py","lineno":401}
{"timestamp":"2026-08-29T11:24:00.690163Z","level":"info","event":"Cosmos performance [e56005473659|4718]: The cache size for cosmos_cache__verdanta_weekly__dbt_weekly is 23804","logger":"cosmos.dbt.graph","filename":"graph.py","lineno":886}
{"timestamp":"2026-08-29T11:24:00.691085Z","level":"info","event":"Cosmos performance: Cache hit for cosmos_cache__verdanta_weekly__dbt_weekly - 39a8c4b6e19a7b5e14cfea47af7dbd90,1ae01f5b93cde0ad1f6d9482f1b54abd","logger":"cosmos.dbt.graph","filename":"graph.py","lineno":898}
{"timestamp":"2026-08-29T11:24:00.691234Z","level":"info","event":"Total nodes: 27","logger":"cosmos.dbt.graph","filename":"graph.py","lineno":799}
{"timestamp":"2026-08-29T11:24:00.691338Z","level":"info","event":"Total filtered nodes: 27","logger":"cosmos.dbt.graph","filename":"graph.py","lineno":800}
{"timestamp":"2026-08-29T11:24:00.691435Z","level":"info","event":"Cosmos performance (verdanta_weekly__dbt_weekly) - [e56005473659|4718]: It took 0.145s to parse the dbt project for DAG using LoadMode.DBT_LS_CACHE","logger":"cosmos.converter","filename":"converter.py","lineno":371}
{"timestamp":"2026-08-29T11:24:00.714582Z","level":"info","event":"Cosmos performance (verdanta_weekly__dbt_weekly) - [e56005473659|4718]: It took 0.0231s to build the Airflow DAG.","logger":"cosmos.converter","filename":"converter.py","lineno":423}
{"timestamp":"2026-08-29T11:24:00.714770Z","level":"info","event":"::endgroup::Cosmos DAG parsing logs","logger":"cosmos.converter","filename":"converter.py","lineno":430}
{"timestamp":"2026-08-29T11:24:00.715290Z","level":"warning","event":"Using Variable.get from `airflow.models` is deprecated.Please use `get` on Variable from sdk(`airflow.sdk.Variable`) instead","category":"UserWarning","filename":"/home/airflow/.local/lib/python3.13/site-packages/airflow/models/variable.py","lineno":158,"logger":"py.warnings"}
{"timestamp":"2026-08-29T11:24:31.306655Z","level":"info","event":"Filling up the DagBag from /opt/airflow/dags/verdanta_weekly.py","logger":"airflow.dag_processing.dagbag.BundleDagBag","filename":"dagbag.py","lineno":469}
{"timestamp":"2026-08-29T11:24:31.379644Z","level":"info","event":"::group::Cosmos DAG parsing logs","logger":"cosmos.converter","filename":"converter.py","lineno":321}
{"timestamp":"2026-08-29T11:24:31.382930Z","level":"info","event":"Cosmos cache dir resolved to /tmp/cosmos/verdanta_weekly__dbt_weekly","logger":"cosmos.converter","filename":"converter.py","lineno":346}
{"timestamp":"2026-08-29T11:24:31.383165Z","level":"info","event":"Trying to parse the dbt project using dbt ls cache cosmos_cache__verdanta_weekly__dbt_weekly...","logger":"cosmos.dbt.graph","filename":"graph.py","lineno":869}
{"timestamp":"2026-08-29T11:24:31.528040Z","level":"info","event":"Cosmos performance: time to calculate cache identifier cosmos_cache__verdanta_weekly__dbt_weekly for current version: 0.12575718500011135","logger":"cosmos.cache","filename":"cache.py","lineno":401}
{"timestamp":"2026-08-29T11:24:31.528278Z","level":"info","event":"Cosmos performance [e56005473659|4754]: The cache size for cosmos_cache__verdanta_weekly__dbt_weekly is 23804","logger":"cosmos.dbt.graph","filename":"graph.py","lineno":886}
{"timestamp":"2026-08-29T11:24:31.530095Z","level":"info","event":"Cosmos performance: Cache hit for cosmos_cache__verdanta_weekly__dbt_weekly - 39a8c4b6e19a7b5e14cfea47af7dbd90,1ae01f5b93cde0ad1f6d9482f1b54abd","logger":"cosmos.dbt.graph","filename":"graph.py","lineno":898}
{"timestamp":"2026-08-29T11:24:31.530242Z","level":"info","event":"Total nodes: 27","logger":"cosmos.dbt.graph","filename":"graph.py","lineno":799}
{"timestamp":"2026-08-29T11:24:31.530310Z","level":"info","event":"Total filtered nodes: 27","logger":"cosmos.dbt.graph","filename":"graph.py","lineno":800}
{"timestamp":"2026-08-29T11:24:31.530383Z","level":"info","event":"Cosmos performance (verdanta_weekly__dbt_weekly) - [e56005473659|4754]: It took 0.147s to parse the dbt project for DAG using LoadMode.DBT_LS_CACHE","logger":"cosmos.converter","filename":"converter.py","lineno":371}
{"timestamp":"2026-08-29T11:24:31.569031Z","level":"info","event":"Cosmos performance (verdanta_weekly__dbt_weekly) - [e56005473659|4754]: It took 0.0386s to build the Airflow DAG.","logger":"cosmos.converter","filename":"converter.py","lineno":423}
{"timestamp":"2026-08-29T11:24:31.569193Z","level":"info","event":"::endgroup::Cosmos DAG parsing logs","logger":"cosmos.converter","filename":"converter.py","lineno":430}
{"timestamp":"2026-08-29T11:24:31.569743Z","level":"warning","event":"Using Variable.get from `airflow.models` is deprecated.Please use `get` on Variable from sdk(`airflow.sdk.Variable`) instead","category":"UserWarning","filename":"/home/airflow/.local/lib/python3.13/site-packages/airflow/models/variable.py","lineno":158,"logger":"py.warnings"}
{"timestamp":"2026-08-29T11:25:01.705678Z","level":"info","event":"Filling up the DagBag from /opt/airflow/dags/verdanta_weekly.py","logger":"airflow.dag_processing.dagbag.BundleDagBag","filename":"dagbag.py","lineno":469}
{"timestamp":"2026-08-29T11:25:01.767222Z","level":"info","event":"::group::Cosmos DAG parsing logs","logger":"cosmos.converter","filename":"converter.py","lineno":321}
{"timestamp":"2026-08-29T11:25:01.770971Z","level":"info","event":"Cosmos cache dir resolved to /tmp/cosmos/verdanta_weekly__dbt_weekly","logger":"cosmos.converter","filename":"converter.py","lineno":346}
{"timestamp":"2026-08-29T11:25:01.771288Z","level":"info","event":"Trying to parse the dbt project using dbt ls cache cosmos_cache__verdanta_weekly__dbt_weekly...","logger":"cosmos.dbt.graph","filename":"graph.py","lineno":869}
{"timestamp":"2026-08-29T11:25:01.917856Z","level":"info","event":"Cosmos performance: time to calculate cache identifier cosmos_cache__verdanta_weekly__dbt_weekly for current version: 0.13039588399988133","logger":"cosmos.cache","filename":"cache.py","lineno":401}
{"timestamp":"2026-08-29T11:25:01.918248Z","level":"info","event":"Cosmos performance [e56005473659|4789]: The cache size for cosmos_cache__verdanta_weekly__dbt_weekly is 23804","logger":"cosmos.dbt.graph","filename":"graph.py","lineno":886}
{"timestamp":"2026-08-29T11:25:01.919303Z","level":"info","event":"Cosmos performance: Cache hit for cosmos_cache__verdanta_weekly__dbt_weekly - 39a8c4b6e19a7b5e14cfea47af7dbd90,1ae01f5b93cde0ad1f6d9482f1b54abd","logger":"cosmos.dbt.graph","filename":"graph.py","lineno":898}
{"timestamp":"2026-08-29T11:25:01.919658Z","level":"info","event":"Total nodes: 27","logger":"cosmos.dbt.graph","filename":"graph.py","lineno":799}
{"timestamp":"2026-08-29T11:25:01.919744Z","level":"info","event":"Total filtered nodes: 27","logger":"cosmos.dbt.graph","filename":"graph.py","lineno":800}
{"timestamp":"2026-08-29T11:25:01.919821Z","level":"info","event":"Cosmos performance (verdanta_weekly__dbt_weekly) - [e56005473659|4789]: It took 0.149s to parse the dbt project for DAG using LoadMode.DBT_LS_CACHE","logger":"cosmos.converter","filename":"converter.py","lineno":371}
{"timestamp":"2026-08-29T11:25:01.942549Z","level":"info","event":"Cosmos performance (verdanta_weekly__dbt_weekly) - [e56005473659|4789]: It took 0.0227s to build the Airflow DAG.","logger":"cosmos.converter","filename":"converter.py","lineno":423}
{"timestamp":"2026-08-29T11:25:01.942717Z","level":"info","event":"::endgroup::Cosmos DAG parsing logs","logger":"cosmos.converter","filename":"converter.py","lineno":430}
{"timestamp":"2026-08-29T11:25:01.943366Z","level":"warning","event":"Using Variable.get from `airflow.models` is deprecated.Please use `get` on Variable from sdk(`airflow.sdk.Variable`) instead","category":"UserWarning","filename":"/home/airflow/.local/lib/python3.13/site-packages/airflow/models/variable.py","lineno":158,"logger":"py.warnings"}
{"timestamp":"2026-08-29T11:25:32.754272Z","level":"info","event":"Filling up the DagBag from /opt/airflow/dags/verdanta_weekly.py","logger":"airflow.dag_processing.dagbag.BundleDagBag","filename":"dagbag.py","lineno":469}
{"timestamp":"2026-08-29T11:25:32.837658Z","level":"info","event":"::group::Cosmos DAG parsing logs","logger":"cosmos.converter","filename":"converter.py","lineno":321}
{"timestamp":"2026-08-29T11:25:32.841553Z","level":"info","event":"Cosmos cache dir resolved to /tmp/cosmos/verdanta_weekly__dbt_weekly","logger":"cosmos.converter","filename":"converter.py","lineno":346}
{"timestamp":"2026-08-29T11:25:32.841867Z","level":"info","event":"Trying to parse the dbt project using dbt ls cache cosmos_cache__verdanta_weekly__dbt_weekly...","logger":"cosmos.dbt.graph","filename":"graph.py","lineno":869}
{"timestamp":"2026-08-29T11:25:32.988999Z","level":"info","event":"Cosmos performance: time to calculate cache identifier cosmos_cache__verdanta_weekly__dbt_weekly for current version: 0.13043420000030892","logger":"cosmos.cache","filename":"cache.py","lineno":401}
{"timestamp":"2026-08-29T11:25:32.989242Z","level":"info","event":"Cosmos performance [e56005473659|4805]: The cache size for cosmos_cache__verdanta_weekly__dbt_weekly is 23804","logger":"cosmos.dbt.graph","filename":"graph.py","lineno":886}
{"timestamp":"2026-08-29T11:25:32.990339Z","level":"info","event":"Cosmos performance: Cache hit for cosmos_cache__verdanta_weekly__dbt_weekly - 39a8c4b6e19a7b5e14cfea47af7dbd90,1ae01f5b93cde0ad1f6d9482f1b54abd","logger":"cosmos.dbt.graph","filename":"graph.py","lineno":898}
{"timestamp":"2026-08-29T11:25:32.990486Z","level":"info","event":"Total nodes: 27","logger":"cosmos.dbt.graph","filename":"graph.py","lineno":799}
{"timestamp":"2026-08-29T11:25:32.990553Z","level":"info","event":"Total filtered nodes: 27","logger":"cosmos.dbt.graph","filename":"graph.py","lineno":800}
{"timestamp":"2026-08-29T11:25:32.990663Z","level":"info","event":"Cosmos performance (verdanta_weekly__dbt_weekly) - [e56005473659|4805]: It took 0.149s to parse the dbt project for DAG using LoadMode.DBT_LS_CACHE","logger":"cosmos.converter","filename":"converter.py","lineno":371}
{"timestamp":"2026-08-29T11:25:33.015169Z","level":"info","event":"Cosmos performance (verdanta_weekly__dbt_weekly) - [e56005473659|4805]: It took 0.0245s to build the Airflow DAG.","logger":"cosmos.converter","filename":"converter.py","lineno":423}
{"timestamp":"2026-08-29T11:25:33.015293Z","level":"info","event":"::endgroup::Cosmos DAG parsing logs","logger":"cosmos.converter","filename":"converter.py","lineno":430}
{"timestamp":"2026-08-29T11:25:33.015857Z","level":"warning","event":"Using Variable.get from `airflow.models` is deprecated.Please use `get` on Variable from sdk(`airflow.sdk.Variable`) instead","category":"UserWarning","filename":"/home/airflow/.local/lib/python3.13/site-packages/airflow/models/variable.py","lineno":158,"logger":"py.warnings"}
{"timestamp":"2026-08-29T11:26:03.869331Z","level":"info","event":"Filling up the DagBag from /opt/airflow/dags/verdanta_weekly.py","logger":"airflow.dag_processing.dagbag.BundleDagBag","filename":"dagbag.py","lineno":469}
{"timestamp":"2026-08-29T11:26:03.939055Z","level":"info","event":"::group::Cosmos DAG parsing logs","logger":"cosmos.converter","filename":"converter.py","lineno":321}
{"timestamp":"2026-08-29T11:26:03.943530Z","level":"info","event":"Cosmos cache dir resolved to /tmp/cosmos/verdanta_weekly__dbt_weekly","logger":"cosmos.converter","filename":"converter.py","lineno":346}
{"timestamp":"2026-08-29T11:26:03.943782Z","level":"info","event":"Trying to parse the dbt project using dbt ls cache cosmos_cache__verdanta_weekly__dbt_weekly...","logger":"cosmos.dbt.graph","filename":"graph.py","lineno":869}
{"timestamp":"2026-08-29T11:26:04.085776Z","level":"info","event":"Cosmos performance: time to calculate cache identifier cosmos_cache__verdanta_weekly__dbt_weekly for current version: 0.12602975000118022","logger":"cosmos.cache","filename":"cache.py","lineno":401}
{"timestamp":"2026-08-29T11:26:04.086091Z","level":"info","event":"Cosmos performance [e56005473659|4840]: The cache size for cosmos_cache__verdanta_weekly__dbt_weekly is 23804","logger":"cosmos.dbt.graph","filename":"graph.py","lineno":886}
{"timestamp":"2026-08-29T11:26:04.087017Z","level":"info","event":"Cosmos performance: Cache hit for cosmos_cache__verdanta_weekly__dbt_weekly - 39a8c4b6e19a7b5e14cfea47af7dbd90,1ae01f5b93cde0ad1f6d9482f1b54abd","logger":"cosmos.dbt.graph","filename":"graph.py","lineno":898}
{"timestamp":"2026-08-29T11:26:04.087150Z","level":"info","event":"Total nodes: 27","logger":"cosmos.dbt.graph","filename":"graph.py","lineno":799}
{"timestamp":"2026-08-29T11:26:04.087211Z","level":"info","event":"Total filtered nodes: 27","logger":"cosmos.dbt.graph","filename":"graph.py","lineno":800}
{"timestamp":"2026-08-29T11:26:04.087284Z","level":"info","event":"Cosmos performance (verdanta_weekly__dbt_weekly) - [e56005473659|4840]: It took 0.144s to parse the dbt project for DAG using LoadMode.DBT_LS_CACHE","logger":"cosmos.converter","filename":"converter.py","lineno":371}
{"timestamp":"2026-08-29T11:26:04.109533Z","level":"info","event":"Cosmos performance (verdanta_weekly__dbt_weekly) - [e56005473659|4840]: It took 0.0222s to build the Airflow DAG.","logger":"cosmos.converter","filename":"converter.py","lineno":423}
{"timestamp":"2026-08-29T11:26:04.109700Z","level":"info","event":"::endgroup::Cosmos DAG parsing logs","logger":"cosmos.converter","filename":"converter.py","lineno":430}
{"timestamp":"2026-08-29T11:26:04.110156Z","level":"warning","event":"Using Variable.get from `airflow.models` is deprecated.Please use `get` on Variable from sdk(`airflow.sdk.Variable`) instead","category":"UserWarning","filename":"/home/airflow/.local/lib/python3.13/site-packages/airflow/models/variable.py","lineno":158,"logger":"py.warnings"}
{"timestamp":"2026-08-29T11:26:35.001773Z","level":"info","event":"Filling up the DagBag from /opt/airflow/dags/verdanta_weekly.py","logger":"airflow.dag_processing.dagbag.BundleDagBag","filename":"dagbag.py","lineno":469}
{"timestamp":"2026-08-29T11:26:35.069907Z","level":"info","event":"::group::Cosmos DAG parsing logs","logger":"cosmos.converter","filename":"converter.py","lineno":321}
{"timestamp":"2026-08-29T11:26:35.073160Z","level":"info","event":"Cosmos cache dir resolved to /tmp/cosmos/verdanta_weekly__dbt_weekly","logger":"cosmos.converter","filename":"converter.py","lineno":346}
{"timestamp":"2026-08-29T11:26:35.073338Z","level":"info","event":"Trying to parse the dbt project using dbt ls cache cosmos_cache__verdanta_weekly__dbt_weekly...","logger":"cosmos.dbt.graph","filename":"graph.py","lineno":869}
{"timestamp":"2026-08-29T11:26:35.219967Z","level":"info","event":"Cosmos performance: time to calculate cache identifier cosmos_cache__verdanta_weekly__dbt_weekly for current version: 0.13050881100025435","logger":"cosmos.cache","filename":"cache.py","lineno":401}
{"timestamp":"2026-08-29T11:26:35.220242Z","level":"info","event":"Cosmos performance [e56005473659|4876]: The cache size for cosmos_cache__verdanta_weekly__dbt_weekly is 23804","logger":"cosmos.dbt.graph","filename":"graph.py","lineno":886}
{"timestamp":"2026-08-29T11:26:35.221273Z","level":"info","event":"Cosmos performance: Cache hit for cosmos_cache__verdanta_weekly__dbt_weekly - 39a8c4b6e19a7b5e14cfea47af7dbd90,1ae01f5b93cde0ad1f6d9482f1b54abd","logger":"cosmos.dbt.graph","filename":"graph.py","lineno":898}
{"timestamp":"2026-08-29T11:26:35.221411Z","level":"info","event":"Total nodes: 27","logger":"cosmos.dbt.graph","filename":"graph.py","lineno":799}
{"timestamp":"2026-08-29T11:26:35.221473Z","level":"info","event":"Total filtered nodes: 27","logger":"cosmos.dbt.graph","filename":"graph.py","lineno":800}
{"timestamp":"2026-08-29T11:26:35.221593Z","level":"info","event":"Cosmos performance (verdanta_weekly__dbt_weekly) - [e56005473659|4876]: It took 0.148s to parse the dbt project for DAG using LoadMode.DBT_LS_CACHE","logger":"cosmos.converter","filename":"converter.py","lineno":371}
{"timestamp":"2026-08-29T11:26:35.245910Z","level":"info","event":"Cosmos performance (verdanta_weekly__dbt_weekly) - [e56005473659|4876]: It took 0.0243s to build the Airflow DAG.","logger":"cosmos.converter","filename":"converter.py","lineno":423}
{"timestamp":"2026-08-29T11:26:35.246072Z","level":"info","event":"::endgroup::Cosmos DAG parsing logs","logger":"cosmos.converter","filename":"converter.py","lineno":430}
{"timestamp":"2026-08-29T11:26:35.246479Z","level":"warning","event":"Using Variable.get from `airflow.models` is deprecated.Please use `get` on Variable from sdk(`airflow.sdk.Variable`) instead","category":"UserWarning","filename":"/home/airflow/.local/lib/python3.13/site-packages/airflow/models/variable.py","lineno":158,"logger":"py.warnings"}
{"timestamp":"2026-08-29T11:27:05.448697Z","level":"info","event":"Filling up the DagBag from /opt/airflow/dags/verdanta_weekly.py","logger":"airflow.dag_processing.dagbag.BundleDagBag","filename":"dagbag.py","lineno":469}
{"timestamp":"2026-08-29T11:27:05.520587Z","level":"info","event":"::group::Cosmos DAG parsing logs","logger":"cosmos.converter","filename":"converter.py","lineno":321}
{"timestamp":"2026-08-29T11:27:05.523942Z","level":"info","event":"Cosmos cache dir resolved to /tmp/cosmos/verdanta_weekly__dbt_weekly","logger":"cosmos.converter","filename":"converter.py","lineno":346}
{"timestamp":"2026-08-29T11:27:05.524169Z","level":"info","event":"Trying to parse the dbt project using dbt ls cache cosmos_cache__verdanta_weekly__dbt_weekly...","logger":"cosmos.dbt.graph","filename":"graph.py","lineno":869}
{"timestamp":"2026-08-29T11:27:05.676583Z","level":"info","event":"Cosmos performance: time to calculate cache identifier cosmos_cache__verdanta_weekly__dbt_weekly for current version: 0.13525084799948672","logger":"cosmos.cache","filename":"cache.py","lineno":401}
{"timestamp":"2026-08-29T11:27:05.676853Z","level":"info","event":"Cosmos performance [e56005473659|4912]: The cache size for cosmos_cache__verdanta_weekly__dbt_weekly is 23804","logger":"cosmos.dbt.graph","filename":"graph.py","lineno":886}
{"timestamp":"2026-08-29T11:27:05.677801Z","level":"info","event":"Cosmos performance: Cache hit for cosmos_cache__verdanta_weekly__dbt_weekly - 39a8c4b6e19a7b5e14cfea47af7dbd90,1ae01f5b93cde0ad1f6d9482f1b54abd","logger":"cosmos.dbt.graph","filename":"graph.py","lineno":898}
{"timestamp":"2026-08-29T11:27:05.677969Z","level":"info","event":"Total nodes: 27","logger":"cosmos.dbt.graph","filename":"graph.py","lineno":799}
{"timestamp":"2026-08-29T11:27:05.678097Z","level":"info","event":"Total filtered nodes: 27","logger":"cosmos.dbt.graph","filename":"graph.py","lineno":800}
{"timestamp":"2026-08-29T11:27:05.678292Z","level":"info","event":"Cosmos performance (verdanta_weekly__dbt_weekly) - [e56005473659|4912]: It took 0.154s to parse the dbt project for DAG using LoadMode.DBT_LS_CACHE","logger":"cosmos.converter","filename":"converter.py","lineno":371}
{"timestamp":"2026-08-29T11:27:05.704028Z","level":"info","event":"Cosmos performance (verdanta_weekly__dbt_weekly) - [e56005473659|4912]: It took 0.0257s to build the Airflow DAG.","logger":"cosmos.converter","filename":"converter.py","lineno":423}
{"timestamp":"2026-08-29T11:27:05.704210Z","level":"info","event":"::endgroup::Cosmos DAG parsing logs","logger":"cosmos.converter","filename":"converter.py","lineno":430}
{"timestamp":"2026-08-29T11:27:05.704739Z","level":"warning","event":"Using Variable.get from `airflow.models` is deprecated.Please use `get` on Variable from sdk(`airflow.sdk.Variable`) instead","category":"UserWarning","filename":"/home/airflow/.local/lib/python3.13/site-packages/airflow/models/variable.py","lineno":158,"logger":"py.warnings"}
{"timestamp":"2026-08-29T11:27:36.147887Z","level":"info","event":"Filling up the DagBag from /opt/airflow/dags/verdanta_weekly.py","logger":"airflow.dag_processing.dagbag.BundleDagBag","filename":"dagbag.py","lineno":469}
{"timestamp":"2026-08-29T11:27:36.219110Z","level":"info","event":"::group::Cosmos DAG parsing logs","logger":"cosmos.converter","filename":"converter.py","lineno":321}
{"timestamp":"2026-08-29T11:27:36.222367Z","level":"info","event":"Cosmos cache dir resolved to /tmp/cosmos/verdanta_weekly__dbt_weekly","logger":"cosmos.converter","filename":"converter.py","lineno":346}
{"timestamp":"2026-08-29T11:27:36.222610Z","level":"info","event":"Trying to parse the dbt project using dbt ls cache cosmos_cache__verdanta_weekly__dbt_weekly...","logger":"cosmos.dbt.graph","filename":"graph.py","lineno":869}
{"timestamp":"2026-08-29T11:27:36.380775Z","level":"info","event":"Cosmos performance: time to calculate cache identifier cosmos_cache__verdanta_weekly__dbt_weekly for current version: 0.13894586999958847","logger":"cosmos.cache","filename":"cache.py","lineno":401}
{"timestamp":"2026-08-29T11:27:36.381036Z","level":"info","event":"Cosmos performance [e56005473659|4947]: The cache size for cosmos_cache__verdanta_weekly__dbt_weekly is 23804","logger":"cosmos.dbt.graph","filename":"graph.py","lineno":886}
{"timestamp":"2026-08-29T11:27:36.383122Z","level":"info","event":"Cosmos performance: Cache hit for cosmos_cache__verdanta_weekly__dbt_weekly - 39a8c4b6e19a7b5e14cfea47af7dbd90,1ae01f5b93cde0ad1f6d9482f1b54abd","logger":"cosmos.dbt.graph","filename":"graph.py","lineno":898}
{"timestamp":"2026-08-29T11:27:36.383281Z","level":"info","event":"Total nodes: 27","logger":"cosmos.dbt.graph","filename":"graph.py","lineno":799}
{"timestamp":"2026-08-29T11:27:36.383356Z","level":"info","event":"Total filtered nodes: 27","logger":"cosmos.dbt.graph","filename":"graph.py","lineno":800}
{"timestamp":"2026-08-29T11:27:36.383436Z","level":"info","event":"Cosmos performance (verdanta_weekly__dbt_weekly) - [e56005473659|4947]: It took 0.161s to parse the dbt project for DAG using LoadMode.DBT_LS_CACHE","logger":"cosmos.converter","filename":"converter.py","lineno":371}
{"timestamp":"2026-08-29T11:27:36.407937Z","level":"info","event":"Cosmos performance (verdanta_weekly__dbt_weekly) - [e56005473659|4947]: It took 0.0244s to build the Airflow DAG.","logger":"cosmos.converter","filename":"converter.py","lineno":423}
{"timestamp":"2026-08-29T11:27:36.408107Z","level":"info","event":"::endgroup::Cosmos DAG parsing logs","logger":"cosmos.converter","filename":"converter.py","lineno":430}
{"timestamp":"2026-08-29T11:27:36.408647Z","level":"warning","event":"Using Variable.get from `airflow.models` is deprecated.Please use `get` on Variable from sdk(`airflow.sdk.Variable`) instead","category":"UserWarning","filename":"/home/airflow/.local/lib/python3.13/site-packages/airflow/models/variable.py","lineno":158,"logger":"py.warnings"}
{"timestamp":"2026-08-29T11:28:06.562565Z","level":"info","event":"Filling up the DagBag from /opt/airflow/dags/verdanta_weekly.py","logger":"airflow.dag_processing.dagbag.BundleDagBag","filename":"dagbag.py","lineno":469}
{"timestamp":"2026-08-29T11:28:06.634576Z","level":"info","event":"::group::Cosmos DAG parsing logs","logger":"cosmos.converter","filename":"converter.py","lineno":321}
{"timestamp":"2026-08-29T11:28:06.639073Z","level":"info","event":"Cosmos cache dir resolved to /tmp/cosmos/verdanta_weekly__dbt_weekly","logger":"cosmos.converter","filename":"converter.py","lineno":346}
{"timestamp":"2026-08-29T11:28:06.639275Z","level":"info","event":"Trying to parse the dbt project using dbt ls cache cosmos_cache__verdanta_weekly__dbt_weekly...","logger":"cosmos.dbt.graph","filename":"graph.py","lineno":869}
{"timestamp":"2026-08-29T11:28:06.813818Z","level":"info","event":"Cosmos performance: time to calculate cache identifier cosmos_cache__verdanta_weekly__dbt_weekly for current version: 0.15667326800030423","logger":"cosmos.cache","filename":"cache.py","lineno":401}
{"timestamp":"2026-08-29T11:28:06.814062Z","level":"info","event":"Cosmos performance [e56005473659|4957]: The cache size for cosmos_cache__verdanta_weekly__dbt_weekly is 23804","logger":"cosmos.dbt.graph","filename":"graph.py","lineno":886}
{"timestamp":"2026-08-29T11:28:06.815024Z","level":"info","event":"Cosmos performance: Cache hit for cosmos_cache__verdanta_weekly__dbt_weekly - 39a8c4b6e19a7b5e14cfea47af7dbd90,1ae01f5b93cde0ad1f6d9482f1b54abd","logger":"cosmos.dbt.graph","filename":"graph.py","lineno":898}
{"timestamp":"2026-08-29T11:28:06.815153Z","level":"info","event":"Total nodes: 27","logger":"cosmos.dbt.graph","filename":"graph.py","lineno":799}
{"timestamp":"2026-08-29T11:28:06.815214Z","level":"info","event":"Total filtered nodes: 27","logger":"cosmos.dbt.graph","filename":"graph.py","lineno":800}
{"timestamp":"2026-08-29T11:28:06.815291Z","level":"info","event":"Cosmos performance (verdanta_weekly__dbt_weekly) - [e56005473659|4957]: It took 0.176s to parse the dbt project for DAG using LoadMode.DBT_LS_CACHE","logger":"cosmos.converter","filename":"converter.py","lineno":371}
{"timestamp":"2026-08-29T11:28:06.848910Z","level":"info","event":"Cosmos performance (verdanta_weekly__dbt_weekly) - [e56005473659|4957]: It took 0.0335s to build the Airflow DAG.","logger":"cosmos.converter","filename":"converter.py","lineno":423}
{"timestamp":"2026-08-29T11:28:06.849118Z","level":"info","event":"::endgroup::Cosmos DAG parsing logs","logger":"cosmos.converter","filename":"converter.py","lineno":430}
{"timestamp":"2026-08-29T11:28:06.849773Z","level":"warning","event":"Using Variable.get from `airflow.models` is deprecated.Please use `get` on Variable from sdk(`airflow.sdk.Variable`) instead","category":"UserWarning","filename":"/home/airflow/.local/lib/python3.13/site-packages/airflow/models/variable.py","lineno":158,"logger":"py.warnings"}
{"timestamp":"2026-08-29T11:28:37.793108Z","level":"info","event":"Filling up the DagBag from /opt/airflow/dags/verdanta_weekly.py","logger":"airflow.dag_processing.dagbag.BundleDagBag","filename":"dagbag.py","lineno":469}
{"timestamp":"2026-08-29T11:28:37.882680Z","level":"info","event":"::group::Cosmos DAG parsing logs","logger":"cosmos.converter","filename":"converter.py","lineno":321}
{"timestamp":"2026-08-29T11:28:37.886498Z","level":"info","event":"Cosmos cache dir resolved to /tmp/cosmos/verdanta_weekly__dbt_weekly","logger":"cosmos.converter","filename":"converter.py","lineno":346}
{"timestamp":"2026-08-29T11:28:37.886794Z","level":"info","event":"Trying to parse the dbt project using dbt ls cache cosmos_cache__verdanta_weekly__dbt_weekly...","logger":"cosmos.dbt.graph","filename":"graph.py","lineno":869}
{"timestamp":"2026-08-29T11:28:38.037704Z","level":"info","event":"Cosmos performance: time to calculate cache identifier cosmos_cache__verdanta_weekly__dbt_weekly for current version: 0.134631590999561","logger":"cosmos.cache","filename":"cache.py","lineno":401}
{"timestamp":"2026-08-29T11:28:38.037993Z","level":"info","event":"Cosmos performance [e56005473659|4990]: The cache size for cosmos_cache__verdanta_weekly__dbt_weekly is 23804","logger":"cosmos.dbt.graph","filename":"graph.py","lineno":886}
{"timestamp":"2026-08-29T11:28:38.039099Z","level":"info","event":"Cosmos performance: Cache hit for cosmos_cache__verdanta_weekly__dbt_weekly - 39a8c4b6e19a7b5e14cfea47af7dbd90,1ae01f5b93cde0ad1f6d9482f1b54abd","logger":"cosmos.dbt.graph","filename":"graph.py","lineno":898}
{"timestamp":"2026-08-29T11:28:38.039237Z","level":"info","event":"Total nodes: 27","logger":"cosmos.dbt.graph","filename":"graph.py","lineno":799}
{"timestamp":"2026-08-29T11:28:38.039304Z","level":"info","event":"Total filtered nodes: 27","logger":"cosmos.dbt.graph","filename":"graph.py","lineno":800}
{"timestamp":"2026-08-29T11:28:38.039390Z","level":"info","event":"Cosmos performance (verdanta_weekly__dbt_weekly) - [e56005473659|4990]: It took 0.153s to parse the dbt project for DAG using LoadMode.DBT_LS_CACHE","logger":"cosmos.converter","filename":"converter.py","lineno":371}
{"timestamp":"2026-08-29T11:28:38.063407Z","level":"info","event":"Cosmos performance (verdanta_weekly__dbt_weekly) - [e56005473659|4990]: It took 0.024s to build the Airflow DAG.","logger":"cosmos.converter","filename":"converter.py","lineno":423}
{"timestamp":"2026-08-29T11:28:38.063575Z","level":"info","event":"::endgroup::Cosmos DAG parsing logs","logger":"cosmos.converter","filename":"converter.py","lineno":430}
{"timestamp":"2026-08-29T11:28:38.064274Z","level":"warning","event":"Using Variable.get from `airflow.models` is deprecated.Please use `get` on Variable from sdk(`airflow.sdk.Variable`) instead","category":"UserWarning","filename":"/home/airflow/.local/lib/python3.13/site-packages/airflow/models/variable.py","lineno":158,"logger":"py.warnings"}
{"timestamp":"2026-08-29T11:29:08.195754Z","level":"info","event":"Filling up the DagBag from /opt/airflow/dags/verdanta_weekly.py","logger":"airflow.dag_processing.dagbag.BundleDagBag","filename":"dagbag.py","lineno":469}
{"timestamp":"2026-08-29T11:29:08.264341Z","level":"info","event":"::group::Cosmos DAG parsing logs","logger":"cosmos.converter","filename":"converter.py","lineno":321}
{"timestamp":"2026-08-29T11:29:08.268529Z","level":"info","event":"Cosmos cache dir resolved to /tmp/cosmos/verdanta_weekly__dbt_weekly","logger":"cosmos.converter","filename":"converter.py","lineno":346}
{"timestamp":"2026-08-29T11:29:08.268795Z","level":"info","event":"Trying to parse the dbt project using dbt ls cache cosmos_cache__verdanta_weekly__dbt_weekly...","logger":"cosmos.dbt.graph","filename":"graph.py","lineno":869}
{"timestamp":"2026-08-29T11:29:08.437221Z","level":"info","event":"Cosmos performance: time to calculate cache identifier cosmos_cache__verdanta_weekly__dbt_weekly for current version: 0.15116760700038867","logger":"cosmos.cache","filename":"cache.py","lineno":401}
{"timestamp":"2026-08-29T11:29:08.437533Z","level":"info","event":"Cosmos performance [e56005473659|5026]: The cache size for cosmos_cache__verdanta_weekly__dbt_weekly is 23804","logger":"cosmos.dbt.graph","filename":"graph.py","lineno":886}
{"timestamp":"2026-08-29T11:29:08.438680Z","level":"info","event":"Cosmos performance: Cache hit for cosmos_cache__verdanta_weekly__dbt_weekly - 39a8c4b6e19a7b5e14cfea47af7dbd90,1ae01f5b93cde0ad1f6d9482f1b54abd","logger":"cosmos.dbt.graph","filename":"graph.py","lineno":898}
{"timestamp":"2026-08-29T11:29:08.438866Z","level":"info","event":"Total nodes: 27","logger":"cosmos.dbt.graph","filename":"graph.py","lineno":799}
{"timestamp":"2026-08-29T11:29:08.438945Z","level":"info","event":"Total filtered nodes: 27","logger":"cosmos.dbt.graph","filename":"graph.py","lineno":800}
{"timestamp":"2026-08-29T11:29:08.439026Z","level":"info","event":"Cosmos performance (verdanta_weekly__dbt_weekly) - [e56005473659|5026]: It took 0.17s to parse the dbt project for DAG using LoadMode.DBT_LS_CACHE","logger":"cosmos.converter","filename":"converter.py","lineno":371}
{"timestamp":"2026-08-29T11:29:08.462016Z","level":"info","event":"Cosmos performance (verdanta_weekly__dbt_weekly) - [e56005473659|5026]: It took 0.0229s to build the Airflow DAG.","logger":"cosmos.converter","filename":"converter.py","lineno":423}
{"timestamp":"2026-08-29T11:29:08.462177Z","level":"info","event":"::endgroup::Cosmos DAG parsing logs","logger":"cosmos.converter","filename":"converter.py","lineno":430}
{"timestamp":"2026-08-29T11:29:08.462596Z","level":"warning","event":"Using Variable.get from `airflow.models` is deprecated.Please use `get` on Variable from sdk(`airflow.sdk.Variable`) instead","category":"UserWarning","filename":"/home/airflow/.local/lib/python3.13/site-packages/airflow/models/variable.py","lineno":158,"logger":"py.warnings"}
{"timestamp":"2026-08-29T11:29:38.805801Z","level":"info","event":"Filling up the DagBag from /opt/airflow/dags/verdanta_weekly.py","logger":"airflow.dag_processing.dagbag.BundleDagBag","filename":"dagbag.py","lineno":469}
{"timestamp":"2026-08-29T11:29:38.873227Z","level":"info","event":"::group::Cosmos DAG parsing logs","logger":"cosmos.converter","filename":"converter.py","lineno":321}
{"timestamp":"2026-08-29T11:29:38.876544Z","level":"info","event":"Cosmos cache dir resolved to /tmp/cosmos/verdanta_weekly__dbt_weekly","logger":"cosmos.converter","filename":"converter.py","lineno":346}
{"timestamp":"2026-08-29T11:29:38.876754Z","level":"info","event":"Trying to parse the dbt project using dbt ls cache cosmos_cache__verdanta_weekly__dbt_weekly...","logger":"cosmos.dbt.graph","filename":"graph.py","lineno":869}
{"timestamp":"2026-08-29T11:29:39.021979Z","level":"info","event":"Cosmos performance: time to calculate cache identifier cosmos_cache__verdanta_weekly__dbt_weekly for current version: 0.12901925900041533","logger":"cosmos.cache","filename":"cache.py","lineno":401}
{"timestamp":"2026-08-29T11:29:39.022239Z","level":"info","event":"Cosmos performance [e56005473659|5062]: The cache size for cosmos_cache__verdanta_weekly__dbt_weekly is 23804","logger":"cosmos.dbt.graph","filename":"graph.py","lineno":886}
{"timestamp":"2026-08-29T11:29:39.023113Z","level":"info","event":"Cosmos performance: Cache hit for cosmos_cache__verdanta_weekly__dbt_weekly - 39a8c4b6e19a7b5e14cfea47af7dbd90,1ae01f5b93cde0ad1f6d9482f1b54abd","logger":"cosmos.dbt.graph","filename":"graph.py","lineno":898}
{"timestamp":"2026-08-29T11:29:39.023237Z","level":"info","event":"Total nodes: 27","logger":"cosmos.dbt.graph","filename":"graph.py","lineno":799}
{"timestamp":"2026-08-29T11:29:39.023347Z","level":"info","event":"Total filtered nodes: 27","logger":"cosmos.dbt.graph","filename":"graph.py","lineno":800}
{"timestamp":"2026-08-29T11:29:39.023463Z","level":"info","event":"Cosmos performance (verdanta_weekly__dbt_weekly) - [e56005473659|5062]: It took 0.147s to parse the dbt project for DAG using LoadMode.DBT_LS_CACHE","logger":"cosmos.converter","filename":"converter.py","lineno":371}
{"timestamp":"2026-08-29T11:29:39.046290Z","level":"info","event":"Cosmos performance (verdanta_weekly__dbt_weekly) - [e56005473659|5062]: It took 0.0228s to build the Airflow DAG.","logger":"cosmos.converter","filename":"converter.py","lineno":423}
{"timestamp":"2026-08-29T11:29:39.046456Z","level":"info","event":"::endgroup::Cosmos DAG parsing logs","logger":"cosmos.converter","filename":"converter.py","lineno":430}
{"timestamp":"2026-08-29T11:29:39.047024Z","level":"warning","event":"Using Variable.get from `airflow.models` is deprecated.Please use `get` on Variable from sdk(`airflow.sdk.Variable`) instead","category":"UserWarning","filename":"/home/airflow/.local/lib/python3.13/site-packages/airflow/models/variable.py","lineno":158,"logger":"py.warnings"}
{"timestamp":"2026-08-29T11:30:09.534353Z","level":"info","event":"Filling up the DagBag from /opt/airflow/dags/verdanta_weekly.py","logger":"airflow.dag_processing.dagbag.BundleDagBag","filename":"dagbag.py","lineno":469}
{"timestamp":"2026-08-29T11:30:09.612539Z","level":"info","event":"::group::Cosmos DAG parsing logs","logger":"cosmos.converter","filename":"converter.py","lineno":321}
{"timestamp":"2026-08-29T11:30:09.617459Z","level":"info","event":"Cosmos cache dir resolved to /tmp/cosmos/verdanta_weekly__dbt_weekly","logger":"cosmos.converter","filename":"converter.py","lineno":346}
{"timestamp":"2026-08-29T11:30:09.617819Z","level":"info","event":"Trying to parse the dbt project using dbt ls cache cosmos_cache__verdanta_weekly__dbt_weekly...","logger":"cosmos.dbt.graph","filename":"graph.py","lineno":869}
{"timestamp":"2026-08-29T11:30:09.773392Z","level":"info","event":"Cosmos performance: time to calculate cache identifier cosmos_cache__verdanta_weekly__dbt_weekly for current version: 0.13553224099996442","logger":"cosmos.cache","filename":"cache.py","lineno":401}
{"timestamp":"2026-08-29T11:30:09.773660Z","level":"info","event":"Cosmos performance [e56005473659|5098]: The cache size for cosmos_cache__verdanta_weekly__dbt_weekly is 23804","logger":"cosmos.dbt.graph","filename":"graph.py","lineno":886}
{"timestamp":"2026-08-29T11:30:09.774613Z","level":"info","event":"Cosmos performance: Cache hit for cosmos_cache__verdanta_weekly__dbt_weekly - 39a8c4b6e19a7b5e14cfea47af7dbd90,1ae01f5b93cde0ad1f6d9482f1b54abd","logger":"cosmos.dbt.graph","filename":"graph.py","lineno":898}
{"timestamp":"2026-08-29T11:30:09.774747Z","level":"info","event":"Total nodes: 27","logger":"cosmos.dbt.graph","filename":"graph.py","lineno":799}
{"timestamp":"2026-08-29T11:30:09.774813Z","level":"info","event":"Total filtered nodes: 27","logger":"cosmos.dbt.graph","filename":"graph.py","lineno":800}
{"timestamp":"2026-08-29T11:30:09.774889Z","level":"info","event":"Cosmos performance (verdanta_weekly__dbt_weekly) - [e56005473659|5098]: It took 0.157s to parse the dbt project for DAG using LoadMode.DBT_LS_CACHE","logger":"cosmos.converter","filename":"converter.py","lineno":371}
{"timestamp":"2026-08-29T11:30:09.797585Z","level":"info","event":"Cosmos performance (verdanta_weekly__dbt_weekly) - [e56005473659|5098]: It took 0.0226s to build the Airflow DAG.","logger":"cosmos.converter","filename":"converter.py","lineno":423}
{"timestamp":"2026-08-29T11:30:09.797760Z","level":"info","event":"::endgroup::Cosmos DAG parsing logs","logger":"cosmos.converter","filename":"converter.py","lineno":430}
{"timestamp":"2026-08-29T11:30:09.798234Z","level":"warning","event":"Using Variable.get from `airflow.models` is deprecated.Please use `get` on Variable from sdk(`airflow.sdk.Variable`) instead","category":"UserWarning","filename":"/home/airflow/.local/lib/python3.13/site-packages/airflow/models/variable.py","lineno":158,"logger":"py.warnings"}
{"timestamp":"2026-08-29T11:30:40.588948Z","level":"info","event":"Filling up the DagBag from /opt/airflow/dags/verdanta_weekly.py","logger":"airflow.dag_processing.dagbag.BundleDagBag","filename":"dagbag.py","lineno":469}
{"timestamp":"2026-08-29T11:30:40.669084Z","level":"info","event":"::group::Cosmos DAG parsing logs","logger":"cosmos.converter","filename":"converter.py","lineno":321}
{"timestamp":"2026-08-29T11:30:40.673877Z","level":"info","event":"Cosmos cache dir resolved to /tmp/cosmos/verdanta_weekly__dbt_weekly","logger":"cosmos.converter","filename":"converter.py","lineno":346}
{"timestamp":"2026-08-29T11:30:40.674090Z","level":"info","event":"Trying to parse the dbt project using dbt ls cache cosmos_cache__verdanta_weekly__dbt_weekly...","logger":"cosmos.dbt.graph","filename":"graph.py","lineno":869}
{"timestamp":"2026-08-29T11:30:40.825850Z","level":"info","event":"Cosmos performance: time to calculate cache identifier cosmos_cache__verdanta_weekly__dbt_weekly for current version: 0.1359475459994428","logger":"cosmos.cache","filename":"cache.py","lineno":401}
{"timestamp":"2026-08-29T11:30:40.826084Z","level":"info","event":"Cosmos performance [e56005473659|5115]: The cache size for cosmos_cache__verdanta_weekly__dbt_weekly is 23804","logger":"cosmos.dbt.graph","filename":"graph.py","lineno":886}
{"timestamp":"2026-08-29T11:30:40.827228Z","level":"info","event":"Cosmos performance: Cache hit for cosmos_cache__verdanta_weekly__dbt_weekly - 39a8c4b6e19a7b5e14cfea47af7dbd90,1ae01f5b93cde0ad1f6d9482f1b54abd","logger":"cosmos.dbt.graph","filename":"graph.py","lineno":898}
{"timestamp":"2026-08-29T11:30:40.827364Z","level":"info","event":"Total nodes: 27","logger":"cosmos.dbt.graph","filename":"graph.py","lineno":799}
{"timestamp":"2026-08-29T11:30:40.827463Z","level":"info","event":"Total filtered nodes: 27","logger":"cosmos.dbt.graph","filename":"graph.py","lineno":800}
{"timestamp":"2026-08-29T11:30:40.827576Z","level":"info","event":"Cosmos performance (verdanta_weekly__dbt_weekly) - [e56005473659|5115]: It took 0.154s to parse the dbt project for DAG using LoadMode.DBT_LS_CACHE","logger":"cosmos.converter","filename":"converter.py","lineno":371}
{"timestamp":"2026-08-29T11:30:40.852205Z","level":"info","event":"Cosmos performance (verdanta_weekly__dbt_weekly) - [e56005473659|5115]: It took 0.0246s to build the Airflow DAG.","logger":"cosmos.converter","filename":"converter.py","lineno":423}
{"timestamp":"2026-08-29T11:30:40.852387Z","level":"info","event":"::endgroup::Cosmos DAG parsing logs","logger":"cosmos.converter","filename":"converter.py","lineno":430}
{"timestamp":"2026-08-29T11:30:40.853144Z","level":"warning","event":"Using Variable.get from `airflow.models` is deprecated.Please use `get` on Variable from sdk(`airflow.sdk.Variable`) instead","category":"UserWarning","filename":"/home/airflow/.local/lib/python3.13/site-packages/airflow/models/variable.py","lineno":158,"logger":"py.warnings"}
{"timestamp":"2026-08-29T11:31:11.794526Z","level":"info","event":"Filling up the DagBag from /opt/airflow/dags/verdanta_weekly.py","logger":"airflow.dag_processing.dagbag.BundleDagBag","filename":"dagbag.py","lineno":469}
{"timestamp":"2026-08-29T11:31:11.866954Z","level":"info","event":"::group::Cosmos DAG parsing logs","logger":"cosmos.converter","filename":"converter.py","lineno":321}
{"timestamp":"2026-08-29T11:31:11.870405Z","level":"info","event":"Cosmos cache dir resolved to /tmp/cosmos/verdanta_weekly__dbt_weekly","logger":"cosmos.converter","filename":"converter.py","lineno":346}
{"timestamp":"2026-08-29T11:31:11.870611Z","level":"info","event":"Trying to parse the dbt project using dbt ls cache cosmos_cache__verdanta_weekly__dbt_weekly...","logger":"cosmos.dbt.graph","filename":"graph.py","lineno":869}
{"timestamp":"2026-08-29T11:31:12.020357Z","level":"info","event":"Cosmos performance: time to calculate cache identifier cosmos_cache__verdanta_weekly__dbt_weekly for current version: 0.1329236410001613","logger":"cosmos.cache","filename":"cache.py","lineno":401}
{"timestamp":"2026-08-29T11:31:12.020608Z","level":"info","event":"Cosmos performance [e56005473659|5148]: The cache size for cosmos_cache__verdanta_weekly__dbt_weekly is 23804","logger":"cosmos.dbt.graph","filename":"graph.py","lineno":886}
{"timestamp":"2026-08-29T11:31:12.021619Z","level":"info","event":"Cosmos performance: Cache hit for cosmos_cache__verdanta_weekly__dbt_weekly - 39a8c4b6e19a7b5e14cfea47af7dbd90,1ae01f5b93cde0ad1f6d9482f1b54abd","logger":"cosmos.dbt.graph","filename":"graph.py","lineno":898}
{"timestamp":"2026-08-29T11:31:12.021768Z","level":"info","event":"Total nodes: 27","logger":"cosmos.dbt.graph","filename":"graph.py","lineno":799}
{"timestamp":"2026-08-29T11:31:12.021831Z","level":"info","event":"Total filtered nodes: 27","logger":"cosmos.dbt.graph","filename":"graph.py","lineno":800}
{"timestamp":"2026-08-29T11:31:12.021945Z","level":"info","event":"Cosmos performance (verdanta_weekly__dbt_weekly) - [e56005473659|5148]: It took 0.151s to parse the dbt project for DAG using LoadMode.DBT_LS_CACHE","logger":"cosmos.converter","filename":"converter.py","lineno":371}
{"timestamp":"2026-08-29T11:31:12.049012Z","level":"info","event":"Cosmos performance (verdanta_weekly__dbt_weekly) - [e56005473659|5148]: It took 0.027s to build the Airflow DAG.","logger":"cosmos.converter","filename":"converter.py","lineno":423}
{"timestamp":"2026-08-29T11:31:12.049186Z","level":"info","event":"::endgroup::Cosmos DAG parsing logs","logger":"cosmos.converter","filename":"converter.py","lineno":430}
{"timestamp":"2026-08-29T11:31:12.049664Z","level":"warning","event":"Using Variable.get from `airflow.models` is deprecated.Please use `get` on Variable from sdk(`airflow.sdk.Variable`) instead","category":"UserWarning","filename":"/home/airflow/.local/lib/python3.13/site-packages/airflow/models/variable.py","lineno":158,"logger":"py.warnings"}
{"timestamp":"2026-08-29T11:31:42.716454Z","level":"info","event":"Filling up the DagBag from /opt/airflow/dags/verdanta_weekly.py","logger":"airflow.dag_processing.dagbag.BundleDagBag","filename":"dagbag.py","lineno":469}
{"timestamp":"2026-08-29T11:31:42.788703Z","level":"info","event":"::group::Cosmos DAG parsing logs","logger":"cosmos.converter","filename":"converter.py","lineno":321}
{"timestamp":"2026-08-29T11:31:42.792623Z","level":"info","event":"Cosmos cache dir resolved to /tmp/cosmos/verdanta_weekly__dbt_weekly","logger":"cosmos.converter","filename":"converter.py","lineno":346}
{"timestamp":"2026-08-29T11:31:42.792841Z","level":"info","event":"Trying to parse the dbt project using dbt ls cache cosmos_cache__verdanta_weekly__dbt_weekly...","logger":"cosmos.dbt.graph","filename":"graph.py","lineno":869}
{"timestamp":"2026-08-29T11:31:42.937558Z","level":"info","event":"Cosmos performance: time to calculate cache identifier cosmos_cache__verdanta_weekly__dbt_weekly for current version: 0.12904655499914952","logger":"cosmos.cache","filename":"cache.py","lineno":401}
{"timestamp":"2026-08-29T11:31:42.937874Z","level":"info","event":"Cosmos performance [e56005473659|5184]: The cache size for cosmos_cache__verdanta_weekly__dbt_weekly is 23804","logger":"cosmos.dbt.graph","filename":"graph.py","lineno":886}
{"timestamp":"2026-08-29T11:31:42.939183Z","level":"info","event":"Cosmos performance: Cache hit for cosmos_cache__verdanta_weekly__dbt_weekly - 39a8c4b6e19a7b5e14cfea47af7dbd90,1ae01f5b93cde0ad1f6d9482f1b54abd","logger":"cosmos.dbt.graph","filename":"graph.py","lineno":898}
{"timestamp":"2026-08-29T11:31:42.939329Z","level":"info","event":"Total nodes: 27","logger":"cosmos.dbt.graph","filename":"graph.py","lineno":799}
{"timestamp":"2026-08-29T11:31:42.939391Z","level":"info","event":"Total filtered nodes: 27","logger":"cosmos.dbt.graph","filename":"graph.py","lineno":800}
{"timestamp":"2026-08-29T11:31:42.939482Z","level":"info","event":"Cosmos performance (verdanta_weekly__dbt_weekly) - [e56005473659|5184]: It took 0.147s to parse the dbt project for DAG using LoadMode.DBT_LS_CACHE","logger":"cosmos.converter","filename":"converter.py","lineno":371}
{"timestamp":"2026-08-29T11:31:42.962764Z","level":"info","event":"Cosmos performance (verdanta_weekly__dbt_weekly) - [e56005473659|5184]: It took 0.0232s to build the Airflow DAG.","logger":"cosmos.converter","filename":"converter.py","lineno":423}
{"timestamp":"2026-08-29T11:31:42.962956Z","level":"info","event":"::endgroup::Cosmos DAG parsing logs","logger":"cosmos.converter","filename":"converter.py","lineno":430}
{"timestamp":"2026-08-29T11:31:42.963929Z","level":"warning","event":"Using Variable.get from `airflow.models` is deprecated.Please use `get` on Variable from sdk(`airflow.sdk.Variable`) instead","category":"UserWarning","filename":"/home/airflow/.local/lib/python3.13/site-packages/airflow/models/variable.py","lineno":158,"logger":"py.warnings"}
{"timestamp":"2026-08-29T11:32:13.168276Z","level":"info","event":"Filling up the DagBag from /opt/airflow/dags/verdanta_weekly.py","logger":"airflow.dag_processing.dagbag.BundleDagBag","filename":"dagbag.py","lineno":469}
{"timestamp":"2026-08-29T11:32:13.247505Z","level":"info","event":"::group::Cosmos DAG parsing logs","logger":"cosmos.converter","filename":"converter.py","lineno":321}
{"timestamp":"2026-08-29T11:32:13.251675Z","level":"info","event":"Cosmos cache dir resolved to /tmp/cosmos/verdanta_weekly__dbt_weekly","logger":"cosmos.converter","filename":"converter.py","lineno":346}
{"timestamp":"2026-08-29T11:32:13.252011Z","level":"info","event":"Trying to parse the dbt project using dbt ls cache cosmos_cache__verdanta_weekly__dbt_weekly...","logger":"cosmos.dbt.graph","filename":"graph.py","lineno":869}
{"timestamp":"2026-08-29T11:32:13.394432Z","level":"info","event":"Cosmos performance: time to calculate cache identifier cosmos_cache__verdanta_weekly__dbt_weekly for current version: 0.1277009839996026","logger":"cosmos.cache","filename":"cache.py","lineno":401}
{"timestamp":"2026-08-29T11:32:13.394763Z","level":"info","event":"Cosmos performance [e56005473659|5220]: The cache size for cosmos_cache__verdanta_weekly__dbt_weekly is 23804","logger":"cosmos.dbt.graph","filename":"graph.py","lineno":886}
{"timestamp":"2026-08-29T11:32:13.395732Z","level":"info","event":"Cosmos performance: Cache hit for cosmos_cache__verdanta_weekly__dbt_weekly - 39a8c4b6e19a7b5e14cfea47af7dbd90,1ae01f5b93cde0ad1f6d9482f1b54abd","logger":"cosmos.dbt.graph","filename":"graph.py","lineno":898}
{"timestamp":"2026-08-29T11:32:13.395910Z","level":"info","event":"Total nodes: 27","logger":"cosmos.dbt.graph","filename":"graph.py","lineno":799}
{"timestamp":"2026-08-29T11:32:13.395980Z","level":"info","event":"Total filtered nodes: 27","logger":"cosmos.dbt.graph","filename":"graph.py","lineno":800}
{"timestamp":"2026-08-29T11:32:13.396061Z","level":"info","event":"Cosmos performance (verdanta_weekly__dbt_weekly) - [e56005473659|5220]: It took 0.144s to parse the dbt project for DAG using LoadMode.DBT_LS_CACHE","logger":"cosmos.converter","filename":"converter.py","lineno":371}
{"timestamp":"2026-08-29T11:32:13.423129Z","level":"info","event":"Cosmos performance (verdanta_weekly__dbt_weekly) - [e56005473659|5220]: It took 0.027s to build the Airflow DAG.","logger":"cosmos.converter","filename":"converter.py","lineno":423}
{"timestamp":"2026-08-29T11:32:13.423304Z","level":"info","event":"::endgroup::Cosmos DAG parsing logs","logger":"cosmos.converter","filename":"converter.py","lineno":430}
{"timestamp":"2026-08-29T11:32:13.423770Z","level":"warning","event":"Using Variable.get from `airflow.models` is deprecated.Please use `get` on Variable from sdk(`airflow.sdk.Variable`) instead","category":"UserWarning","filename":"/home/airflow/.local/lib/python3.13/site-packages/airflow/models/variable.py","lineno":158,"logger":"py.warnings"}
{"timestamp":"2026-08-29T11:32:43.531811Z","level":"info","event":"Filling up the DagBag from /opt/airflow/dags/verdanta_weekly.py","logger":"airflow.dag_processing.dagbag.BundleDagBag","filename":"dagbag.py","lineno":469}
{"timestamp":"2026-08-29T11:32:43.607414Z","level":"info","event":"::group::Cosmos DAG parsing logs","logger":"cosmos.converter","filename":"converter.py","lineno":321}
{"timestamp":"2026-08-29T11:32:43.612309Z","level":"info","event":"Cosmos cache dir resolved to /tmp/cosmos/verdanta_weekly__dbt_weekly","logger":"cosmos.converter","filename":"converter.py","lineno":346}
{"timestamp":"2026-08-29T11:32:43.612559Z","level":"info","event":"Trying to parse the dbt project using dbt ls cache cosmos_cache__verdanta_weekly__dbt_weekly...","logger":"cosmos.dbt.graph","filename":"graph.py","lineno":869}
{"timestamp":"2026-08-29T11:32:43.772033Z","level":"info","event":"Cosmos performance: time to calculate cache identifier cosmos_cache__verdanta_weekly__dbt_weekly for current version: 0.1381902609991812","logger":"cosmos.cache","filename":"cache.py","lineno":401}
{"timestamp":"2026-08-29T11:32:43.772282Z","level":"info","event":"Cosmos performance [e56005473659|5256]: The cache size for cosmos_cache__verdanta_weekly__dbt_weekly is 23804","logger":"cosmos.dbt.graph","filename":"graph.py","lineno":886}
{"timestamp":"2026-08-29T11:32:43.773189Z","level":"info","event":"Cosmos performance: Cache hit for cosmos_cache__verdanta_weekly__dbt_weekly - 39a8c4b6e19a7b5e14cfea47af7dbd90,1ae01f5b93cde0ad1f6d9482f1b54abd","logger":"cosmos.dbt.graph","filename":"graph.py","lineno":898}
{"timestamp":"2026-08-29T11:32:43.773360Z","level":"info","event":"Total nodes: 27","logger":"cosmos.dbt.graph","filename":"graph.py","lineno":799}
{"timestamp":"2026-08-29T11:32:43.773433Z","level":"info","event":"Total filtered nodes: 27","logger":"cosmos.dbt.graph","filename":"graph.py","lineno":800}
{"timestamp":"2026-08-29T11:32:43.773518Z","level":"info","event":"Cosmos performance (verdanta_weekly__dbt_weekly) - [e56005473659|5256]: It took 0.161s to parse the dbt project for DAG using LoadMode.DBT_LS_CACHE","logger":"cosmos.converter","filename":"converter.py","lineno":371}
{"timestamp":"2026-08-29T11:32:43.800600Z","level":"info","event":"Cosmos performance (verdanta_weekly__dbt_weekly) - [e56005473659|5256]: It took 0.027s to build the Airflow DAG.","logger":"cosmos.converter","filename":"converter.py","lineno":423}
{"timestamp":"2026-08-29T11:32:43.800765Z","level":"info","event":"::endgroup::Cosmos DAG parsing logs","logger":"cosmos.converter","filename":"converter.py","lineno":430}
{"timestamp":"2026-08-29T11:32:43.801355Z","level":"warning","event":"Using Variable.get from `airflow.models` is deprecated.Please use `get` on Variable from sdk(`airflow.sdk.Variable`) instead","category":"UserWarning","filename":"/home/airflow/.local/lib/python3.13/site-packages/airflow/models/variable.py","lineno":158,"logger":"py.warnings"}
{"timestamp":"2026-08-29T11:33:14.161965Z","level":"info","event":"Filling up the DagBag from /opt/airflow/dags/verdanta_weekly.py","logger":"airflow.dag_processing.dagbag.BundleDagBag","filename":"dagbag.py","lineno":469}
{"timestamp":"2026-08-29T11:33:14.235557Z","level":"info","event":"::group::Cosmos DAG parsing logs","logger":"cosmos.converter","filename":"converter.py","lineno":321}
{"timestamp":"2026-08-29T11:33:14.239280Z","level":"info","event":"Cosmos cache dir resolved to /tmp/cosmos/verdanta_weekly__dbt_weekly","logger":"cosmos.converter","filename":"converter.py","lineno":346}
{"timestamp":"2026-08-29T11:33:14.239555Z","level":"info","event":"Trying to parse the dbt project using dbt ls cache cosmos_cache__verdanta_weekly__dbt_weekly...","logger":"cosmos.dbt.graph","filename":"graph.py","lineno":869}
{"timestamp":"2026-08-29T11:33:14.380541Z","level":"info","event":"Cosmos performance: time to calculate cache identifier cosmos_cache__verdanta_weekly__dbt_weekly for current version: 0.12837953000052948","logger":"cosmos.cache","filename":"cache.py","lineno":401}
{"timestamp":"2026-08-29T11:33:14.380804Z","level":"info","event":"Cosmos performance [e56005473659|5274]: The cache size for cosmos_cache__verdanta_weekly__dbt_weekly is 23804","logger":"cosmos.dbt.graph","filename":"graph.py","lineno":886}
{"timestamp":"2026-08-29T11:33:14.381749Z","level":"info","event":"Cosmos performance: Cache hit for cosmos_cache__verdanta_weekly__dbt_weekly - 39a8c4b6e19a7b5e14cfea47af7dbd90,1ae01f5b93cde0ad1f6d9482f1b54abd","logger":"cosmos.dbt.graph","filename":"graph.py","lineno":898}
{"timestamp":"2026-08-29T11:33:14.381905Z","level":"info","event":"Total nodes: 27","logger":"cosmos.dbt.graph","filename":"graph.py","lineno":799}
{"timestamp":"2026-08-29T11:33:14.381974Z","level":"info","event":"Total filtered nodes: 27","logger":"cosmos.dbt.graph","filename":"graph.py","lineno":800}
{"timestamp":"2026-08-29T11:33:14.382042Z","level":"info","event":"Cosmos performance (verdanta_weekly__dbt_weekly) - [e56005473659|5274]: It took 0.144s to parse the dbt project for DAG using LoadMode.DBT_LS_CACHE","logger":"cosmos.converter","filename":"converter.py","lineno":371}
{"timestamp":"2026-08-29T11:33:14.406077Z","level":"info","event":"Cosmos performance (verdanta_weekly__dbt_weekly) - [e56005473659|5274]: It took 0.024s to build the Airflow DAG.","logger":"cosmos.converter","filename":"converter.py","lineno":423}
{"timestamp":"2026-08-29T11:33:14.406239Z","level":"info","event":"::endgroup::Cosmos DAG parsing logs","logger":"cosmos.converter","filename":"converter.py","lineno":430}
{"timestamp":"2026-08-29T11:33:14.406750Z","level":"warning","event":"Using Variable.get from `airflow.models` is deprecated.Please use `get` on Variable from sdk(`airflow.sdk.Variable`) instead","category":"UserWarning","filename":"/home/airflow/.local/lib/python3.13/site-packages/airflow/models/variable.py","lineno":158,"logger":"py.warnings"}
{"timestamp":"2026-08-29T11:33:44.751751Z","level":"info","event":"Filling up the DagBag from /opt/airflow/dags/verdanta_weekly.py","logger":"airflow.dag_processing.dagbag.BundleDagBag","filename":"dagbag.py","lineno":469}
{"timestamp":"2026-08-29T11:33:44.833467Z","level":"info","event":"::group::Cosmos DAG parsing logs","logger":"cosmos.converter","filename":"converter.py","lineno":321}
{"timestamp":"2026-08-29T11:33:44.838053Z","level":"info","event":"Cosmos cache dir resolved to /tmp/cosmos/verdanta_weekly__dbt_weekly","logger":"cosmos.converter","filename":"converter.py","lineno":346}
{"timestamp":"2026-08-29T11:33:44.838347Z","level":"info","event":"Trying to parse the dbt project using dbt ls cache cosmos_cache__verdanta_weekly__dbt_weekly...","logger":"cosmos.dbt.graph","filename":"graph.py","lineno":869}
{"timestamp":"2026-08-29T11:33:44.989513Z","level":"info","event":"Cosmos performance: time to calculate cache identifier cosmos_cache__verdanta_weekly__dbt_weekly for current version: 0.13324706200000946","logger":"cosmos.cache","filename":"cache.py","lineno":401}
{"timestamp":"2026-08-29T11:33:44.989834Z","level":"info","event":"Cosmos performance [e56005473659|5306]: The cache size for cosmos_cache__verdanta_weekly__dbt_weekly is 23804","logger":"cosmos.dbt.graph","filename":"graph.py","lineno":886}
{"timestamp":"2026-08-29T11:33:44.990816Z","level":"info","event":"Cosmos performance: Cache hit for cosmos_cache__verdanta_weekly__dbt_weekly - 39a8c4b6e19a7b5e14cfea47af7dbd90,1ae01f5b93cde0ad1f6d9482f1b54abd","logger":"cosmos.dbt.graph","filename":"graph.py","lineno":898}
{"timestamp":"2026-08-29T11:33:44.990953Z","level":"info","event":"Total nodes: 27","logger":"cosmos.dbt.graph","filename":"graph.py","lineno":799}
{"timestamp":"2026-08-29T11:33:44.991019Z","level":"info","event":"Total filtered nodes: 27","logger":"cosmos.dbt.graph","filename":"graph.py","lineno":800}
{"timestamp":"2026-08-29T11:33:44.991103Z","level":"info","event":"Cosmos performance (verdanta_weekly__dbt_weekly) - [e56005473659|5306]: It took 0.153s to parse the dbt project for DAG using LoadMode.DBT_LS_CACHE","logger":"cosmos.converter","filename":"converter.py","lineno":371}
{"timestamp":"2026-08-29T11:33:45.014822Z","level":"info","event":"Cosmos performance (verdanta_weekly__dbt_weekly) - [e56005473659|5306]: It took 0.0237s to build the Airflow DAG.","logger":"cosmos.converter","filename":"converter.py","lineno":423}
{"timestamp":"2026-08-29T11:33:45.014991Z","level":"info","event":"::endgroup::Cosmos DAG parsing logs","logger":"cosmos.converter","filename":"converter.py","lineno":430}
{"timestamp":"2026-08-29T11:33:45.015744Z","level":"warning","event":"Using Variable.get from `airflow.models` is deprecated.Please use `get` on Variable from sdk(`airflow.sdk.Variable`) instead","category":"UserWarning","filename":"/home/airflow/.local/lib/python3.13/site-packages/airflow/models/variable.py","lineno":158,"logger":"py.warnings"}
{"timestamp":"2026-08-29T11:34:15.357925Z","level":"info","event":"Filling up the DagBag from /opt/airflow/dags/verdanta_weekly.py","logger":"airflow.dag_processing.dagbag.BundleDagBag","filename":"dagbag.py","lineno":469}
{"timestamp":"2026-08-29T11:34:15.428962Z","level":"info","event":"::group::Cosmos DAG parsing logs","logger":"cosmos.converter","filename":"converter.py","lineno":321}
{"timestamp":"2026-08-29T11:34:15.433082Z","level":"info","event":"Cosmos cache dir resolved to /tmp/cosmos/verdanta_weekly__dbt_weekly","logger":"cosmos.converter","filename":"converter.py","lineno":346}
{"timestamp":"2026-08-29T11:34:15.433381Z","level":"info","event":"Trying to parse the dbt project using dbt ls cache cosmos_cache__verdanta_weekly__dbt_weekly...","logger":"cosmos.dbt.graph","filename":"graph.py","lineno":869}
{"timestamp":"2026-08-29T11:34:15.591286Z","level":"info","event":"Cosmos performance: time to calculate cache identifier cosmos_cache__verdanta_weekly__dbt_weekly for current version: 0.13900689500042063","logger":"cosmos.cache","filename":"cache.py","lineno":401}
{"timestamp":"2026-08-29T11:34:15.591572Z","level":"info","event":"Cosmos performance [e56005473659|5342]: The cache size for cosmos_cache__verdanta_weekly__dbt_weekly is 23804","logger":"cosmos.dbt.graph","filename":"graph.py","lineno":886}
{"timestamp":"2026-08-29T11:34:15.592498Z","level":"info","event":"Cosmos performance: Cache hit for cosmos_cache__verdanta_weekly__dbt_weekly - 39a8c4b6e19a7b5e14cfea47af7dbd90,1ae01f5b93cde0ad1f6d9482f1b54abd","logger":"cosmos.dbt.graph","filename":"graph.py","lineno":898}
{"timestamp":"2026-08-29T11:34:15.592702Z","level":"info","event":"Total nodes: 27","logger":"cosmos.dbt.graph","filename":"graph.py","lineno":799}
{"timestamp":"2026-08-29T11:34:15.592780Z","level":"info","event":"Total filtered nodes: 27","logger":"cosmos.dbt.graph","filename":"graph.py","lineno":800}
{"timestamp":"2026-08-29T11:34:15.592866Z","level":"info","event":"Cosmos performance (verdanta_weekly__dbt_weekly) - [e56005473659|5342]: It took 0.16s to parse the dbt project for DAG using LoadMode.DBT_LS_CACHE","logger":"cosmos.converter","filename":"converter.py","lineno":371}
{"timestamp":"2026-08-29T11:34:15.619174Z","level":"info","event":"Cosmos performance (verdanta_weekly__dbt_weekly) - [e56005473659|5342]: It took 0.0262s to build the Airflow DAG.","logger":"cosmos.converter","filename":"converter.py","lineno":423}
{"timestamp":"2026-08-29T11:34:15.619374Z","level":"info","event":"::endgroup::Cosmos DAG parsing logs","logger":"cosmos.converter","filename":"converter.py","lineno":430}
{"timestamp":"2026-08-29T11:34:15.620040Z","level":"warning","event":"Using Variable.get from `airflow.models` is deprecated.Please use `get` on Variable from sdk(`airflow.sdk.Variable`) instead","category":"UserWarning","filename":"/home/airflow/.local/lib/python3.13/site-packages/airflow/models/variable.py","lineno":158,"logger":"py.warnings"}
{"timestamp":"2026-08-29T11:34:46.580679Z","level":"info","event":"Filling up the DagBag from /opt/airflow/dags/verdanta_weekly.py","logger":"airflow.dag_processing.dagbag.BundleDagBag","filename":"dagbag.py","lineno":469}
{"timestamp":"2026-08-29T11:34:46.666129Z","level":"info","event":"::group::Cosmos DAG parsing logs","logger":"cosmos.converter","filename":"converter.py","lineno":321}
{"timestamp":"2026-08-29T11:34:46.670408Z","level":"info","event":"Cosmos cache dir resolved to /tmp/cosmos/verdanta_weekly__dbt_weekly","logger":"cosmos.converter","filename":"converter.py","lineno":346}
{"timestamp":"2026-08-29T11:34:46.670712Z","level":"info","event":"Trying to parse the dbt project using dbt ls cache cosmos_cache__verdanta_weekly__dbt_weekly...","logger":"cosmos.dbt.graph","filename":"graph.py","lineno":869}
{"timestamp":"2026-08-29T11:34:46.836321Z","level":"info","event":"Cosmos performance: time to calculate cache identifier cosmos_cache__verdanta_weekly__dbt_weekly for current version: 0.1460154810010863","logger":"cosmos.cache","filename":"cache.py","lineno":401}
{"timestamp":"2026-08-29T11:34:46.836569Z","level":"info","event":"Cosmos performance [e56005473659|5378]: The cache size for cosmos_cache__verdanta_weekly__dbt_weekly is 23804","logger":"cosmos.dbt.graph","filename":"graph.py","lineno":886}
{"timestamp":"2026-08-29T11:34:46.837535Z","level":"info","event":"Cosmos performance: Cache hit for cosmos_cache__verdanta_weekly__dbt_weekly - 39a8c4b6e19a7b5e14cfea47af7dbd90,1ae01f5b93cde0ad1f6d9482f1b54abd","logger":"cosmos.dbt.graph","filename":"graph.py","lineno":898}
{"timestamp":"2026-08-29T11:34:46.837665Z","level":"info","event":"Total nodes: 27","logger":"cosmos.dbt.graph","filename":"graph.py","lineno":799}
{"timestamp":"2026-08-29T11:34:46.837725Z","level":"info","event":"Total filtered nodes: 27","logger":"cosmos.dbt.graph","filename":"graph.py","lineno":800}
{"timestamp":"2026-08-29T11:34:46.837805Z","level":"info","event":"Cosmos performance (verdanta_weekly__dbt_weekly) - [e56005473659|5378]: It took 0.167s to parse the dbt project for DAG using LoadMode.DBT_LS_CACHE","logger":"cosmos.converter","filename":"converter.py","lineno":371}
{"timestamp":"2026-08-29T11:34:46.866762Z","level":"info","event":"Cosmos performance (verdanta_weekly__dbt_weekly) - [e56005473659|5378]: It took 0.0289s to build the Airflow DAG.","logger":"cosmos.converter","filename":"converter.py","lineno":423}
{"timestamp":"2026-08-29T11:34:46.866987Z","level":"info","event":"::endgroup::Cosmos DAG parsing logs","logger":"cosmos.converter","filename":"converter.py","lineno":430}
{"timestamp":"2026-08-29T11:34:46.867561Z","level":"warning","event":"Using Variable.get from `airflow.models` is deprecated.Please use `get` on Variable from sdk(`airflow.sdk.Variable`) instead","category":"UserWarning","filename":"/home/airflow/.local/lib/python3.13/site-packages/airflow/models/variable.py","lineno":158,"logger":"py.warnings"}
{"timestamp":"2026-08-29T11:35:17.149649Z","level":"info","event":"Filling up the DagBag from /opt/airflow/dags/verdanta_weekly.py","logger":"airflow.dag_processing.dagbag.BundleDagBag","filename":"dagbag.py","lineno":469}
{"timestamp":"2026-08-29T11:35:17.224563Z","level":"info","event":"::group::Cosmos DAG parsing logs","logger":"cosmos.converter","filename":"converter.py","lineno":321}
{"timestamp":"2026-08-29T11:35:17.227912Z","level":"info","event":"Cosmos cache dir resolved to /tmp/cosmos/verdanta_weekly__dbt_weekly","logger":"cosmos.converter","filename":"converter.py","lineno":346}
{"timestamp":"2026-08-29T11:35:17.228159Z","level":"info","event":"Trying to parse the dbt project using dbt ls cache cosmos_cache__verdanta_weekly__dbt_weekly...","logger":"cosmos.dbt.graph","filename":"graph.py","lineno":869}
{"timestamp":"2026-08-29T11:35:17.387192Z","level":"info","event":"Cosmos performance: time to calculate cache identifier cosmos_cache__verdanta_weekly__dbt_weekly for current version: 0.13895918900016113","logger":"cosmos.cache","filename":"cache.py","lineno":401}
{"timestamp":"2026-08-29T11:35:17.387427Z","level":"info","event":"Cosmos performance [e56005473659|5406]: The cache size for cosmos_cache__verdanta_weekly__dbt_weekly is 23804","logger":"cosmos.dbt.graph","filename":"graph.py","lineno":886}
{"timestamp":"2026-08-29T11:35:17.389094Z","level":"info","event":"Cosmos performance: Cache hit for cosmos_cache__verdanta_weekly__dbt_weekly - 39a8c4b6e19a7b5e14cfea47af7dbd90,1ae01f5b93cde0ad1f6d9482f1b54abd","logger":"cosmos.dbt.graph","filename":"graph.py","lineno":898}
{"timestamp":"2026-08-29T11:35:17.389235Z","level":"info","event":"Total nodes: 27","logger":"cosmos.dbt.graph","filename":"graph.py","lineno":799}
{"timestamp":"2026-08-29T11:35:17.389301Z","level":"info","event":"Total filtered nodes: 27","logger":"cosmos.dbt.graph","filename":"graph.py","lineno":800}
{"timestamp":"2026-08-29T11:35:17.389378Z","level":"info","event":"Cosmos performance (verdanta_weekly__dbt_weekly) - [e56005473659|5406]: It took 0.161s to parse the dbt project for DAG using LoadMode.DBT_LS_CACHE","logger":"cosmos.converter","filename":"converter.py","lineno":371}
{"timestamp":"2026-08-29T11:35:17.413448Z","level":"info","event":"Cosmos performance (verdanta_weekly__dbt_weekly) - [e56005473659|5406]: It took 0.024s to build the Airflow DAG.","logger":"cosmos.converter","filename":"converter.py","lineno":423}
{"timestamp":"2026-08-29T11:35:17.413621Z","level":"info","event":"::endgroup::Cosmos DAG parsing logs","logger":"cosmos.converter","filename":"converter.py","lineno":430}
{"timestamp":"2026-08-29T11:35:17.414232Z","level":"warning","event":"Using Variable.get from `airflow.models` is deprecated.Please use `get` on Variable from sdk(`airflow.sdk.Variable`) instead","category":"UserWarning","filename":"/home/airflow/.local/lib/python3.13/site-packages/airflow/models/variable.py","lineno":158,"logger":"py.warnings"}
{"timestamp":"2026-08-29T11:35:48.158396Z","level":"info","event":"Filling up the DagBag from /opt/airflow/dags/verdanta_weekly.py","logger":"airflow.dag_processing.dagbag.BundleDagBag","filename":"dagbag.py","lineno":469}
{"timestamp":"2026-08-29T11:35:48.234349Z","level":"info","event":"::group::Cosmos DAG parsing logs","logger":"cosmos.converter","filename":"converter.py","lineno":321}
{"timestamp":"2026-08-29T11:35:48.238140Z","level":"info","event":"Cosmos cache dir resolved to /tmp/cosmos/verdanta_weekly__dbt_weekly","logger":"cosmos.converter","filename":"converter.py","lineno":346}
{"timestamp":"2026-08-29T11:35:48.238391Z","level":"info","event":"Trying to parse the dbt project using dbt ls cache cosmos_cache__verdanta_weekly__dbt_weekly...","logger":"cosmos.dbt.graph","filename":"graph.py","lineno":869}
{"timestamp":"2026-08-29T11:35:48.387926Z","level":"info","event":"Cosmos performance: time to calculate cache identifier cosmos_cache__verdanta_weekly__dbt_weekly for current version: 0.13359045399920433","logger":"cosmos.cache","filename":"cache.py","lineno":401}
{"timestamp":"2026-08-29T11:35:48.388146Z","level":"info","event":"Cosmos performance [e56005473659|5439]: The cache size for cosmos_cache__verdanta_weekly__dbt_weekly is 23804","logger":"cosmos.dbt.graph","filename":"graph.py","lineno":886}
{"timestamp":"2026-08-29T11:35:48.389116Z","level":"info","event":"Cosmos performance: Cache hit for cosmos_cache__verdanta_weekly__dbt_weekly - 39a8c4b6e19a7b5e14cfea47af7dbd90,1ae01f5b93cde0ad1f6d9482f1b54abd","logger":"cosmos.dbt.graph","filename":"graph.py","lineno":898}
{"timestamp":"2026-08-29T11:35:48.389250Z","level":"info","event":"Total nodes: 27","logger":"cosmos.dbt.graph","filename":"graph.py","lineno":799}
{"timestamp":"2026-08-29T11:35:48.389315Z","level":"info","event":"Total filtered nodes: 27","logger":"cosmos.dbt.graph","filename":"graph.py","lineno":800}
{"timestamp":"2026-08-29T11:35:48.389384Z","level":"info","event":"Cosmos performance (verdanta_weekly__dbt_weekly) - [e56005473659|5439]: It took 0.151s to parse the dbt project for DAG using LoadMode.DBT_LS_CACHE","logger":"cosmos.converter","filename":"converter.py","lineno":371}
{"timestamp":"2026-08-29T11:35:48.413915Z","level":"info","event":"Cosmos performance (verdanta_weekly__dbt_weekly) - [e56005473659|5439]: It took 0.0245s to build the Airflow DAG.","logger":"cosmos.converter","filename":"converter.py","lineno":423}
{"timestamp":"2026-08-29T11:35:48.414126Z","level":"info","event":"::endgroup::Cosmos DAG parsing logs","logger":"cosmos.converter","filename":"converter.py","lineno":430}
{"timestamp":"2026-08-29T11:35:48.414605Z","level":"warning","event":"Using Variable.get from `airflow.models` is deprecated.Please use `get` on Variable from sdk(`airflow.sdk.Variable`) instead","category":"UserWarning","filename":"/home/airflow/.local/lib/python3.13/site-packages/airflow/models/variable.py","lineno":158,"logger":"py.warnings"}
{"timestamp":"2026-08-29T11:36:18.547272Z","level":"info","event":"Filling up the DagBag from /opt/airflow/dags/verdanta_weekly.py","logger":"airflow.dag_processing.dagbag.BundleDagBag","filename":"dagbag.py","lineno":469}
{"timestamp":"2026-08-29T11:36:18.626237Z","level":"info","event":"::group::Cosmos DAG parsing logs","logger":"cosmos.converter","filename":"converter.py","lineno":321}
{"timestamp":"2026-08-29T11:36:18.631104Z","level":"info","event":"Cosmos cache dir resolved to /tmp/cosmos/verdanta_weekly__dbt_weekly","logger":"cosmos.converter","filename":"converter.py","lineno":346}
{"timestamp":"2026-08-29T11:36:18.631367Z","level":"info","event":"Trying to parse the dbt project using dbt ls cache cosmos_cache__verdanta_weekly__dbt_weekly...","logger":"cosmos.dbt.graph","filename":"graph.py","lineno":869}
{"timestamp":"2026-08-29T11:36:18.771722Z","level":"info","event":"Cosmos performance: time to calculate cache identifier cosmos_cache__verdanta_weekly__dbt_weekly for current version: 0.1270669639998232","logger":"cosmos.cache","filename":"cache.py","lineno":401}
{"timestamp":"2026-08-29T11:36:18.771960Z","level":"info","event":"Cosmos performance [e56005473659|5456]: The cache size for cosmos_cache__verdanta_weekly__dbt_weekly is 23804","logger":"cosmos.dbt.graph","filename":"graph.py","lineno":886}
{"timestamp":"2026-08-29T11:36:18.772938Z","level":"info","event":"Cosmos performance: Cache hit for cosmos_cache__verdanta_weekly__dbt_weekly - 39a8c4b6e19a7b5e14cfea47af7dbd90,1ae01f5b93cde0ad1f6d9482f1b54abd","logger":"cosmos.dbt.graph","filename":"graph.py","lineno":898}
{"timestamp":"2026-08-29T11:36:18.773078Z","level":"info","event":"Total nodes: 27","logger":"cosmos.dbt.graph","filename":"graph.py","lineno":799}
{"timestamp":"2026-08-29T11:36:18.773140Z","level":"info","event":"Total filtered nodes: 27","logger":"cosmos.dbt.graph","filename":"graph.py","lineno":800}
{"timestamp":"2026-08-29T11:36:18.773219Z","level":"info","event":"Cosmos performance (verdanta_weekly__dbt_weekly) - [e56005473659|5456]: It took 0.142s to parse the dbt project for DAG using LoadMode.DBT_LS_CACHE","logger":"cosmos.converter","filename":"converter.py","lineno":371}
{"timestamp":"2026-08-29T11:36:18.802773Z","level":"info","event":"Cosmos performance (verdanta_weekly__dbt_weekly) - [e56005473659|5456]: It took 0.0295s to build the Airflow DAG.","logger":"cosmos.converter","filename":"converter.py","lineno":423}
{"timestamp":"2026-08-29T11:36:18.802953Z","level":"info","event":"::endgroup::Cosmos DAG parsing logs","logger":"cosmos.converter","filename":"converter.py","lineno":430}
{"timestamp":"2026-08-29T11:36:18.803622Z","level":"warning","event":"Using Variable.get from `airflow.models` is deprecated.Please use `get` on Variable from sdk(`airflow.sdk.Variable`) instead","category":"UserWarning","filename":"/home/airflow/.local/lib/python3.13/site-packages/airflow/models/variable.py","lineno":158,"logger":"py.warnings"}
{"timestamp":"2026-08-29T11:36:49.276906Z","level":"info","event":"Filling up the DagBag from /opt/airflow/dags/verdanta_weekly.py","logger":"airflow.dag_processing.dagbag.BundleDagBag","filename":"dagbag.py","lineno":469}
{"timestamp":"2026-08-29T11:36:49.347387Z","level":"info","event":"::group::Cosmos DAG parsing logs","logger":"cosmos.converter","filename":"converter.py","lineno":321}
{"timestamp":"2026-08-29T11:36:49.350998Z","level":"info","event":"Cosmos cache dir resolved to /tmp/cosmos/verdanta_weekly__dbt_weekly","logger":"cosmos.converter","filename":"converter.py","lineno":346}
{"timestamp":"2026-08-29T11:36:49.351205Z","level":"info","event":"Trying to parse the dbt project using dbt ls cache cosmos_cache__verdanta_weekly__dbt_weekly...","logger":"cosmos.dbt.graph","filename":"graph.py","lineno":869}
{"timestamp":"2026-08-29T11:36:49.497289Z","level":"info","event":"Cosmos performance: time to calculate cache identifier cosmos_cache__verdanta_weekly__dbt_weekly for current version: 0.13012894799976493","logger":"cosmos.cache","filename":"cache.py","lineno":401}
{"timestamp":"2026-08-29T11:36:49.497531Z","level":"info","event":"Cosmos performance [e56005473659|5492]: The cache size for cosmos_cache__verdanta_weekly__dbt_weekly is 23804","logger":"cosmos.dbt.graph","filename":"graph.py","lineno":886}
{"timestamp":"2026-08-29T11:36:49.498393Z","level":"info","event":"Cosmos performance: Cache hit for cosmos_cache__verdanta_weekly__dbt_weekly - 39a8c4b6e19a7b5e14cfea47af7dbd90,1ae01f5b93cde0ad1f6d9482f1b54abd","logger":"cosmos.dbt.graph","filename":"graph.py","lineno":898}
{"timestamp":"2026-08-29T11:36:49.498525Z","level":"info","event":"Total nodes: 27","logger":"cosmos.dbt.graph","filename":"graph.py","lineno":799}
{"timestamp":"2026-08-29T11:36:49.498586Z","level":"info","event":"Total filtered nodes: 27","logger":"cosmos.dbt.graph","filename":"graph.py","lineno":800}
{"timestamp":"2026-08-29T11:36:49.498658Z","level":"info","event":"Cosmos performance (verdanta_weekly__dbt_weekly) - [e56005473659|5492]: It took 0.148s to parse the dbt project for DAG using LoadMode.DBT_LS_CACHE","logger":"cosmos.converter","filename":"converter.py","lineno":371}
{"timestamp":"2026-08-29T11:36:49.521411Z","level":"info","event":"Cosmos performance (verdanta_weekly__dbt_weekly) - [e56005473659|5492]: It took 0.0227s to build the Airflow DAG.","logger":"cosmos.converter","filename":"converter.py","lineno":423}
{"timestamp":"2026-08-29T11:36:49.521577Z","level":"info","event":"::endgroup::Cosmos DAG parsing logs","logger":"cosmos.converter","filename":"converter.py","lineno":430}
{"timestamp":"2026-08-29T11:36:49.522027Z","level":"warning","event":"Using Variable.get from `airflow.models` is deprecated.Please use `get` on Variable from sdk(`airflow.sdk.Variable`) instead","category":"UserWarning","filename":"/home/airflow/.local/lib/python3.13/site-packages/airflow/models/variable.py","lineno":158,"logger":"py.warnings"}
{"timestamp":"2026-08-29T11:37:20.504237Z","level":"info","event":"Filling up the DagBag from /opt/airflow/dags/verdanta_weekly.py","logger":"airflow.dag_processing.dagbag.BundleDagBag","filename":"dagbag.py","lineno":469}
{"timestamp":"2026-08-29T11:37:20.580398Z","level":"info","event":"::group::Cosmos DAG parsing logs","logger":"cosmos.converter","filename":"converter.py","lineno":321}
{"timestamp":"2026-08-29T11:37:20.584046Z","level":"info","event":"Cosmos cache dir resolved to /tmp/cosmos/verdanta_weekly__dbt_weekly","logger":"cosmos.converter","filename":"converter.py","lineno":346}
{"timestamp":"2026-08-29T11:37:20.584273Z","level":"info","event":"Trying to parse the dbt project using dbt ls cache cosmos_cache__verdanta_weekly__dbt_weekly...","logger":"cosmos.dbt.graph","filename":"graph.py","lineno":869}
{"timestamp":"2026-08-29T11:37:20.730362Z","level":"info","event":"Cosmos performance: time to calculate cache identifier cosmos_cache__verdanta_weekly__dbt_weekly for current version: 0.13237847200070973","logger":"cosmos.cache","filename":"cache.py","lineno":401}
{"timestamp":"2026-08-29T11:37:20.730604Z","level":"info","event":"Cosmos performance [e56005473659|5528]: The cache size for cosmos_cache__verdanta_weekly__dbt_weekly is 23804","logger":"cosmos.dbt.graph","filename":"graph.py","lineno":886}
{"timestamp":"2026-08-29T11:37:20.731558Z","level":"info","event":"Cosmos performance: Cache hit for cosmos_cache__verdanta_weekly__dbt_weekly - 39a8c4b6e19a7b5e14cfea47af7dbd90,1ae01f5b93cde0ad1f6d9482f1b54abd","logger":"cosmos.dbt.graph","filename":"graph.py","lineno":898}
{"timestamp":"2026-08-29T11:37:20.731691Z","level":"info","event":"Total nodes: 27","logger":"cosmos.dbt.graph","filename":"graph.py","lineno":799}
{"timestamp":"2026-08-29T11:37:20.731755Z","level":"info","event":"Total filtered nodes: 27","logger":"cosmos.dbt.graph","filename":"graph.py","lineno":800}
{"timestamp":"2026-08-29T11:37:20.731831Z","level":"info","event":"Cosmos performance (verdanta_weekly__dbt_weekly) - [e56005473659|5528]: It took 0.148s to parse the dbt project for DAG using LoadMode.DBT_LS_CACHE","logger":"cosmos.converter","filename":"converter.py","lineno":371}
{"timestamp":"2026-08-29T11:37:20.755485Z","level":"info","event":"Cosmos performance (verdanta_weekly__dbt_weekly) - [e56005473659|5528]: It took 0.0236s to build the Airflow DAG.","logger":"cosmos.converter","filename":"converter.py","lineno":423}
{"timestamp":"2026-08-29T11:37:20.755640Z","level":"info","event":"::endgroup::Cosmos DAG parsing logs","logger":"cosmos.converter","filename":"converter.py","lineno":430}
{"timestamp":"2026-08-29T11:37:20.756146Z","level":"warning","event":"Using Variable.get from `airflow.models` is deprecated.Please use `get` on Variable from sdk(`airflow.sdk.Variable`) instead","category":"UserWarning","filename":"/home/airflow/.local/lib/python3.13/site-packages/airflow/models/variable.py","lineno":158,"logger":"py.warnings"}
{"timestamp":"2026-08-29T11:37:51.067988Z","level":"info","event":"Filling up the DagBag from /opt/airflow/dags/verdanta_weekly.py","logger":"airflow.dag_processing.dagbag.BundleDagBag","filename":"dagbag.py","lineno":469}
{"timestamp":"2026-08-29T11:37:51.148105Z","level":"info","event":"::group::Cosmos DAG parsing logs","logger":"cosmos.converter","filename":"converter.py","lineno":321}
{"timestamp":"2026-08-29T11:37:51.151567Z","level":"info","event":"Cosmos cache dir resolved to /tmp/cosmos/verdanta_weekly__dbt_weekly","logger":"cosmos.converter","filename":"converter.py","lineno":346}
{"timestamp":"2026-08-29T11:37:51.151765Z","level":"info","event":"Trying to parse the dbt project using dbt ls cache cosmos_cache__verdanta_weekly__dbt_weekly...","logger":"cosmos.dbt.graph","filename":"graph.py","lineno":869}
{"timestamp":"2026-08-29T11:37:51.297220Z","level":"info","event":"Cosmos performance: time to calculate cache identifier cosmos_cache__verdanta_weekly__dbt_weekly for current version: 0.1294759829997929","logger":"cosmos.cache","filename":"cache.py","lineno":401}
{"timestamp":"2026-08-29T11:37:51.297456Z","level":"info","event":"Cosmos performance [e56005473659|5564]: The cache size for cosmos_cache__verdanta_weekly__dbt_weekly is 23804","logger":"cosmos.dbt.graph","filename":"graph.py","lineno":886}
{"timestamp":"2026-08-29T11:37:51.298320Z","level":"info","event":"Cosmos performance: Cache hit for cosmos_cache__verdanta_weekly__dbt_weekly - 39a8c4b6e19a7b5e14cfea47af7dbd90,1ae01f5b93cde0ad1f6d9482f1b54abd","logger":"cosmos.dbt.graph","filename":"graph.py","lineno":898}
{"timestamp":"2026-08-29T11:37:51.298448Z","level":"info","event":"Total nodes: 27","logger":"cosmos.dbt.graph","filename":"graph.py","lineno":799}
{"timestamp":"2026-08-29T11:37:51.298510Z","level":"info","event":"Total filtered nodes: 27","logger":"cosmos.dbt.graph","filename":"graph.py","lineno":800}
{"timestamp":"2026-08-29T11:37:51.298588Z","level":"info","event":"Cosmos performance (verdanta_weekly__dbt_weekly) - [e56005473659|5564]: It took 0.147s to parse the dbt project for DAG using LoadMode.DBT_LS_CACHE","logger":"cosmos.converter","filename":"converter.py","lineno":371}
{"timestamp":"2026-08-29T11:37:51.320749Z","level":"info","event":"Cosmos performance (verdanta_weekly__dbt_weekly) - [e56005473659|5564]: It took 0.0221s to build the Airflow DAG.","logger":"cosmos.converter","filename":"converter.py","lineno":423}
{"timestamp":"2026-08-29T11:37:51.320907Z","level":"info","event":"::endgroup::Cosmos DAG parsing logs","logger":"cosmos.converter","filename":"converter.py","lineno":430}
{"timestamp":"2026-08-29T11:37:51.321485Z","level":"warning","event":"Using Variable.get from `airflow.models` is deprecated.Please use `get` on Variable from sdk(`airflow.sdk.Variable`) instead","category":"UserWarning","filename":"/home/airflow/.local/lib/python3.13/site-packages/airflow/models/variable.py","lineno":158,"logger":"py.warnings"}
{"timestamp":"2026-08-29T11:38:21.498283Z","level":"info","event":"Filling up the DagBag from /opt/airflow/dags/verdanta_weekly.py","logger":"airflow.dag_processing.dagbag.BundleDagBag","filename":"dagbag.py","lineno":469}
{"timestamp":"2026-08-29T11:38:21.585060Z","level":"info","event":"::group::Cosmos DAG parsing logs","logger":"cosmos.converter","filename":"converter.py","lineno":321}
{"timestamp":"2026-08-29T11:38:21.589460Z","level":"info","event":"Cosmos cache dir resolved to /tmp/cosmos/verdanta_weekly__dbt_weekly","logger":"cosmos.converter","filename":"converter.py","lineno":346}
{"timestamp":"2026-08-29T11:38:21.589701Z","level":"info","event":"Trying to parse the dbt project using dbt ls cache cosmos_cache__verdanta_weekly__dbt_weekly...","logger":"cosmos.dbt.graph","filename":"graph.py","lineno":869}
{"timestamp":"2026-08-29T11:38:21.737594Z","level":"info","event":"Cosmos performance: time to calculate cache identifier cosmos_cache__verdanta_weekly__dbt_weekly for current version: 0.13167990799956897","logger":"cosmos.cache","filename":"cache.py","lineno":401}
{"timestamp":"2026-08-29T11:38:21.737880Z","level":"info","event":"Cosmos performance [e56005473659|5599]: The cache size for cosmos_cache__verdanta_weekly__dbt_weekly is 23804","logger":"cosmos.dbt.graph","filename":"graph.py","lineno":886}
{"timestamp":"2026-08-29T11:38:21.739157Z","level":"info","event":"Cosmos performance: Cache hit for cosmos_cache__verdanta_weekly__dbt_weekly - 39a8c4b6e19a7b5e14cfea47af7dbd90,1ae01f5b93cde0ad1f6d9482f1b54abd","logger":"cosmos.dbt.graph","filename":"graph.py","lineno":898}
{"timestamp":"2026-08-29T11:38:21.739380Z","level":"info","event":"Total nodes: 27","logger":"cosmos.dbt.graph","filename":"graph.py","lineno":799}
{"timestamp":"2026-08-29T11:38:21.739502Z","level":"info","event":"Total filtered nodes: 27","logger":"cosmos.dbt.graph","filename":"graph.py","lineno":800}
{"timestamp":"2026-08-29T11:38:21.739614Z","level":"info","event":"Cosmos performance (verdanta_weekly__dbt_weekly) - [e56005473659|5599]: It took 0.15s to parse the dbt project for DAG using LoadMode.DBT_LS_CACHE","logger":"cosmos.converter","filename":"converter.py","lineno":371}
{"timestamp":"2026-08-29T11:38:21.764434Z","level":"info","event":"Cosmos performance (verdanta_weekly__dbt_weekly) - [e56005473659|5599]: It took 0.0248s to build the Airflow DAG.","logger":"cosmos.converter","filename":"converter.py","lineno":423}
{"timestamp":"2026-08-29T11:38:21.764644Z","level":"info","event":"::endgroup::Cosmos DAG parsing logs","logger":"cosmos.converter","filename":"converter.py","lineno":430}
{"timestamp":"2026-08-29T11:38:21.765250Z","level":"warning","event":"Using Variable.get from `airflow.models` is deprecated.Please use `get` on Variable from sdk(`airflow.sdk.Variable`) instead","category":"UserWarning","filename":"/home/airflow/.local/lib/python3.13/site-packages/airflow/models/variable.py","lineno":158,"logger":"py.warnings"}
{"timestamp":"2026-08-29T11:38:52.266618Z","level":"info","event":"Filling up the DagBag from /opt/airflow/dags/verdanta_weekly.py","logger":"airflow.dag_processing.dagbag.BundleDagBag","filename":"dagbag.py","lineno":469}
{"timestamp":"2026-08-29T11:38:52.341602Z","level":"info","event":"::group::Cosmos DAG parsing logs","logger":"cosmos.converter","filename":"converter.py","lineno":321}
{"timestamp":"2026-08-29T11:38:52.345002Z","level":"info","event":"Cosmos cache dir resolved to /tmp/cosmos/verdanta_weekly__dbt_weekly","logger":"cosmos.converter","filename":"converter.py","lineno":346}
{"timestamp":"2026-08-29T11:38:52.345229Z","level":"info","event":"Trying to parse the dbt project using dbt ls cache cosmos_cache__verdanta_weekly__dbt_weekly...","logger":"cosmos.dbt.graph","filename":"graph.py","lineno":869}
{"timestamp":"2026-08-29T11:38:52.504632Z","level":"info","event":"Cosmos performance: time to calculate cache identifier cosmos_cache__verdanta_weekly__dbt_weekly for current version: 0.14255015700109652","logger":"cosmos.cache","filename":"cache.py","lineno":401}
{"timestamp":"2026-08-29T11:38:52.504954Z","level":"info","event":"Cosmos performance [e56005473659|5614]: The cache size for cosmos_cache__verdanta_weekly__dbt_weekly is 23804","logger":"cosmos.dbt.graph","filename":"graph.py","lineno":886}
{"timestamp":"2026-08-29T11:38:52.505977Z","level":"info","event":"Cosmos performance: Cache hit for cosmos_cache__verdanta_weekly__dbt_weekly - 39a8c4b6e19a7b5e14cfea47af7dbd90,1ae01f5b93cde0ad1f6d9482f1b54abd","logger":"cosmos.dbt.graph","filename":"graph.py","lineno":898}
{"timestamp":"2026-08-29T11:38:52.506120Z","level":"info","event":"Total nodes: 27","logger":"cosmos.dbt.graph","filename":"graph.py","lineno":799}
{"timestamp":"2026-08-29T11:38:52.506217Z","level":"info","event":"Total filtered nodes: 27","logger":"cosmos.dbt.graph","filename":"graph.py","lineno":800}
{"timestamp":"2026-08-29T11:38:52.506302Z","level":"info","event":"Cosmos performance (verdanta_weekly__dbt_weekly) - [e56005473659|5614]: It took 0.161s to parse the dbt project for DAG using LoadMode.DBT_LS_CACHE","logger":"cosmos.converter","filename":"converter.py","lineno":371}
{"timestamp":"2026-08-29T11:38:52.529261Z","level":"info","event":"Cosmos performance (verdanta_weekly__dbt_weekly) - [e56005473659|5614]: It took 0.0229s to build the Airflow DAG.","logger":"cosmos.converter","filename":"converter.py","lineno":423}
{"timestamp":"2026-08-29T11:38:52.529424Z","level":"info","event":"::endgroup::Cosmos DAG parsing logs","logger":"cosmos.converter","filename":"converter.py","lineno":430}
{"timestamp":"2026-08-29T11:38:52.529821Z","level":"warning","event":"Using Variable.get from `airflow.models` is deprecated.Please use `get` on Variable from sdk(`airflow.sdk.Variable`) instead","category":"UserWarning","filename":"/home/airflow/.local/lib/python3.13/site-packages/airflow/models/variable.py","lineno":158,"logger":"py.warnings"}
{"timestamp":"2026-08-29T11:39:22.995617Z","level":"info","event":"Filling up the DagBag from /opt/airflow/dags/verdanta_weekly.py","logger":"airflow.dag_processing.dagbag.BundleDagBag","filename":"dagbag.py","lineno":469}
{"timestamp":"2026-08-29T11:39:23.080385Z","level":"info","event":"::group::Cosmos DAG parsing logs","logger":"cosmos.converter","filename":"converter.py","lineno":321}
{"timestamp":"2026-08-29T11:39:23.085657Z","level":"info","event":"Cosmos cache dir resolved to /tmp/cosmos/verdanta_weekly__dbt_weekly","logger":"cosmos.converter","filename":"converter.py","lineno":346}
{"timestamp":"2026-08-29T11:39:23.086120Z","level":"info","event":"Trying to parse the dbt project using dbt ls cache cosmos_cache__verdanta_weekly__dbt_weekly...","logger":"cosmos.dbt.graph","filename":"graph.py","lineno":869}
{"timestamp":"2026-08-29T11:39:23.255448Z","level":"info","event":"Cosmos performance: time to calculate cache identifier cosmos_cache__verdanta_weekly__dbt_weekly for current version: 0.14893774299889628","logger":"cosmos.cache","filename":"cache.py","lineno":401}
{"timestamp":"2026-08-29T11:39:23.255701Z","level":"info","event":"Cosmos performance [e56005473659|5650]: The cache size for cosmos_cache__verdanta_weekly__dbt_weekly is 23804","logger":"cosmos.dbt.graph","filename":"graph.py","lineno":886}
{"timestamp":"2026-08-29T11:39:23.256616Z","level":"info","event":"Cosmos performance: Cache hit for cosmos_cache__verdanta_weekly__dbt_weekly - 39a8c4b6e19a7b5e14cfea47af7dbd90,1ae01f5b93cde0ad1f6d9482f1b54abd","logger":"cosmos.dbt.graph","filename":"graph.py","lineno":898}
{"timestamp":"2026-08-29T11:39:23.256743Z","level":"info","event":"Total nodes: 27","logger":"cosmos.dbt.graph","filename":"graph.py","lineno":799}
{"timestamp":"2026-08-29T11:39:23.256804Z","level":"info","event":"Total filtered nodes: 27","logger":"cosmos.dbt.graph","filename":"graph.py","lineno":800}
{"timestamp":"2026-08-29T11:39:23.256875Z","level":"info","event":"Cosmos performance (verdanta_weekly__dbt_weekly) - [e56005473659|5650]: It took 0.171s to parse the dbt project for DAG using LoadMode.DBT_LS_CACHE","logger":"cosmos.converter","filename":"converter.py","lineno":371}
{"timestamp":"2026-08-29T11:39:23.280029Z","level":"info","event":"Cosmos performance (verdanta_weekly__dbt_weekly) - [e56005473659|5650]: It took 0.0231s to build the Airflow DAG.","logger":"cosmos.converter","filename":"converter.py","lineno":423}
{"timestamp":"2026-08-29T11:39:23.280262Z","level":"info","event":"::endgroup::Cosmos DAG parsing logs","logger":"cosmos.converter","filename":"converter.py","lineno":430}
{"timestamp":"2026-08-29T11:39:23.280766Z","level":"warning","event":"Using Variable.get from `airflow.models` is deprecated.Please use `get` on Variable from sdk(`airflow.sdk.Variable`) instead","category":"UserWarning","filename":"/home/airflow/.local/lib/python3.13/site-packages/airflow/models/variable.py","lineno":158,"logger":"py.warnings"}
{"timestamp":"2026-08-29T11:39:54.281642Z","level":"info","event":"Filling up the DagBag from /opt/airflow/dags/verdanta_weekly.py","logger":"airflow.dag_processing.dagbag.BundleDagBag","filename":"dagbag.py","lineno":469}
{"timestamp":"2026-08-29T11:39:54.363614Z","level":"info","event":"::group::Cosmos DAG parsing logs","logger":"cosmos.converter","filename":"converter.py","lineno":321}
{"timestamp":"2026-08-29T11:39:54.366948Z","level":"info","event":"Cosmos cache dir resolved to /tmp/cosmos/verdanta_weekly__dbt_weekly","logger":"cosmos.converter","filename":"converter.py","lineno":346}
{"timestamp":"2026-08-29T11:39:54.367231Z","level":"info","event":"Trying to parse the dbt project using dbt ls cache cosmos_cache__verdanta_weekly__dbt_weekly...","logger":"cosmos.dbt.graph","filename":"graph.py","lineno":869}
{"timestamp":"2026-08-29T11:39:54.511486Z","level":"info","event":"Cosmos performance: time to calculate cache identifier cosmos_cache__verdanta_weekly__dbt_weekly for current version: 0.1280397569989873","logger":"cosmos.cache","filename":"cache.py","lineno":401}
{"timestamp":"2026-08-29T11:39:54.511733Z","level":"info","event":"Cosmos performance [e56005473659|5686]: The cache size for cosmos_cache__verdanta_weekly__dbt_weekly is 23804","logger":"cosmos.dbt.graph","filename":"graph.py","lineno":886}
{"timestamp":"2026-08-29T11:39:54.512671Z","level":"info","event":"Cosmos performance: Cache hit for cosmos_cache__verdanta_weekly__dbt_weekly - 39a8c4b6e19a7b5e14cfea47af7dbd90,1ae01f5b93cde0ad1f6d9482f1b54abd","logger":"cosmos.dbt.graph","filename":"graph.py","lineno":898}
{"timestamp":"2026-08-29T11:39:54.512838Z","level":"info","event":"Total nodes: 27","logger":"cosmos.dbt.graph","filename":"graph.py","lineno":799}
{"timestamp":"2026-08-29T11:39:54.512928Z","level":"info","event":"Total filtered nodes: 27","logger":"cosmos.dbt.graph","filename":"graph.py","lineno":800}
{"timestamp":"2026-08-29T11:39:54.513010Z","level":"info","event":"Cosmos performance (verdanta_weekly__dbt_weekly) - [e56005473659|5686]: It took 0.146s to parse the dbt project for DAG using LoadMode.DBT_LS_CACHE","logger":"cosmos.converter","filename":"converter.py","lineno":371}
{"timestamp":"2026-08-29T11:39:54.536548Z","level":"info","event":"Cosmos performance (verdanta_weekly__dbt_weekly) - [e56005473659|5686]: It took 0.0235s to build the Airflow DAG.","logger":"cosmos.converter","filename":"converter.py","lineno":423}
{"timestamp":"2026-08-29T11:39:54.536717Z","level":"info","event":"::endgroup::Cosmos DAG parsing logs","logger":"cosmos.converter","filename":"converter.py","lineno":430}
{"timestamp":"2026-08-29T11:39:54.537360Z","level":"warning","event":"Using Variable.get from `airflow.models` is deprecated.Please use `get` on Variable from sdk(`airflow.sdk.Variable`) instead","category":"UserWarning","filename":"/home/airflow/.local/lib/python3.13/site-packages/airflow/models/variable.py","lineno":158,"logger":"py.warnings"}
{"timestamp":"2026-08-29T11:40:25.078879Z","level":"info","event":"Filling up the DagBag from /opt/airflow/dags/verdanta_weekly.py","logger":"airflow.dag_processing.dagbag.BundleDagBag","filename":"dagbag.py","lineno":469}
{"timestamp":"2026-08-29T11:40:25.153972Z","level":"info","event":"::group::Cosmos DAG parsing logs","logger":"cosmos.converter","filename":"converter.py","lineno":321}
{"timestamp":"2026-08-29T11:40:25.157462Z","level":"info","event":"Cosmos cache dir resolved to /tmp/cosmos/verdanta_weekly__dbt_weekly","logger":"cosmos.converter","filename":"converter.py","lineno":346}
{"timestamp":"2026-08-29T11:40:25.157681Z","level":"info","event":"Trying to parse the dbt project using dbt ls cache cosmos_cache__verdanta_weekly__dbt_weekly...","logger":"cosmos.dbt.graph","filename":"graph.py","lineno":869}
{"timestamp":"2026-08-29T11:40:25.309175Z","level":"info","event":"Cosmos performance: time to calculate cache identifier cosmos_cache__verdanta_weekly__dbt_weekly for current version: 0.1325023389999842","logger":"cosmos.cache","filename":"cache.py","lineno":401}
{"timestamp":"2026-08-29T11:40:25.309420Z","level":"info","event":"Cosmos performance [e56005473659|5722]: The cache size for cosmos_cache__verdanta_weekly__dbt_weekly is 23804","logger":"cosmos.dbt.graph","filename":"graph.py","lineno":886}
{"timestamp":"2026-08-29T11:40:25.310364Z","level":"info","event":"Cosmos performance: Cache hit for cosmos_cache__verdanta_weekly__dbt_weekly - 39a8c4b6e19a7b5e14cfea47af7dbd90,1ae01f5b93cde0ad1f6d9482f1b54abd","logger":"cosmos.dbt.graph","filename":"graph.py","lineno":898}
{"timestamp":"2026-08-29T11:40:25.310498Z","level":"info","event":"Total nodes: 27","logger":"cosmos.dbt.graph","filename":"graph.py","lineno":799}
{"timestamp":"2026-08-29T11:40:25.310595Z","level":"info","event":"Total filtered nodes: 27","logger":"cosmos.dbt.graph","filename":"graph.py","lineno":800}
{"timestamp":"2026-08-29T11:40:25.310682Z","level":"info","event":"Cosmos performance (verdanta_weekly__dbt_weekly) - [e56005473659|5722]: It took 0.153s to parse the dbt project for DAG using LoadMode.DBT_LS_CACHE","logger":"cosmos.converter","filename":"converter.py","lineno":371}
{"timestamp":"2026-08-29T11:40:25.334737Z","level":"info","event":"Cosmos performance (verdanta_weekly__dbt_weekly) - [e56005473659|5722]: It took 0.024s to build the Airflow DAG.","logger":"cosmos.converter","filename":"converter.py","lineno":423}
{"timestamp":"2026-08-29T11:40:25.334905Z","level":"info","event":"::endgroup::Cosmos DAG parsing logs","logger":"cosmos.converter","filename":"converter.py","lineno":430}
{"timestamp":"2026-08-29T11:40:25.335346Z","level":"warning","event":"Using Variable.get from `airflow.models` is deprecated.Please use `get` on Variable from sdk(`airflow.sdk.Variable`) instead","category":"UserWarning","filename":"/home/airflow/.local/lib/python3.13/site-packages/airflow/models/variable.py","lineno":158,"logger":"py.warnings"}
{"timestamp":"2026-08-29T11:40:55.439201Z","level":"info","event":"Filling up the DagBag from /opt/airflow/dags/verdanta_weekly.py","logger":"airflow.dag_processing.dagbag.BundleDagBag","filename":"dagbag.py","lineno":469}
{"timestamp":"2026-08-29T11:40:55.505701Z","level":"info","event":"::group::Cosmos DAG parsing logs","logger":"cosmos.converter","filename":"converter.py","lineno":321}
{"timestamp":"2026-08-29T11:40:55.508959Z","level":"info","event":"Cosmos cache dir resolved to /tmp/cosmos/verdanta_weekly__dbt_weekly","logger":"cosmos.converter","filename":"converter.py","lineno":346}
{"timestamp":"2026-08-29T11:40:55.509177Z","level":"info","event":"Trying to parse the dbt project using dbt ls cache cosmos_cache__verdanta_weekly__dbt_weekly...","logger":"cosmos.dbt.graph","filename":"graph.py","lineno":869}
{"timestamp":"2026-08-29T11:40:55.656213Z","level":"info","event":"Cosmos performance: time to calculate cache identifier cosmos_cache__verdanta_weekly__dbt_weekly for current version: 0.12964605100023618","logger":"cosmos.cache","filename":"cache.py","lineno":401}
{"timestamp":"2026-08-29T11:40:55.656473Z","level":"info","event":"Cosmos performance [e56005473659|5757]: The cache size for cosmos_cache__verdanta_weekly__dbt_weekly is 23804","logger":"cosmos.dbt.graph","filename":"graph.py","lineno":886}
{"timestamp":"2026-08-29T11:40:55.657470Z","level":"info","event":"Cosmos performance: Cache hit for cosmos_cache__verdanta_weekly__dbt_weekly - 39a8c4b6e19a7b5e14cfea47af7dbd90,1ae01f5b93cde0ad1f6d9482f1b54abd","logger":"cosmos.dbt.graph","filename":"graph.py","lineno":898}
{"timestamp":"2026-08-29T11:40:55.657604Z","level":"info","event":"Total nodes: 27","logger":"cosmos.dbt.graph","filename":"graph.py","lineno":799}
{"timestamp":"2026-08-29T11:40:55.657667Z","level":"info","event":"Total filtered nodes: 27","logger":"cosmos.dbt.graph","filename":"graph.py","lineno":800}
{"timestamp":"2026-08-29T11:40:55.657733Z","level":"info","event":"Cosmos performance (verdanta_weekly__dbt_weekly) - [e56005473659|5757]: It took 0.149s to parse the dbt project for DAG using LoadMode.DBT_LS_CACHE","logger":"cosmos.converter","filename":"converter.py","lineno":371}
{"timestamp":"2026-08-29T11:40:55.681364Z","level":"info","event":"Cosmos performance (verdanta_weekly__dbt_weekly) - [e56005473659|5757]: It took 0.0236s to build the Airflow DAG.","logger":"cosmos.converter","filename":"converter.py","lineno":423}
{"timestamp":"2026-08-29T11:40:55.681531Z","level":"info","event":"::endgroup::Cosmos DAG parsing logs","logger":"cosmos.converter","filename":"converter.py","lineno":430}
{"timestamp":"2026-08-29T11:40:55.681971Z","level":"warning","event":"Using Variable.get from `airflow.models` is deprecated.Please use `get` on Variable from sdk(`airflow.sdk.Variable`) instead","category":"UserWarning","filename":"/home/airflow/.local/lib/python3.13/site-packages/airflow/models/variable.py","lineno":158,"logger":"py.warnings"}
{"timestamp":"2026-08-29T11:41:26.211088Z","level":"info","event":"Filling up the DagBag from /opt/airflow/dags/verdanta_weekly.py","logger":"airflow.dag_processing.dagbag.BundleDagBag","filename":"dagbag.py","lineno":469}
{"timestamp":"2026-08-29T11:41:26.282545Z","level":"info","event":"::group::Cosmos DAG parsing logs","logger":"cosmos.converter","filename":"converter.py","lineno":321}
{"timestamp":"2026-08-29T11:41:26.285828Z","level":"info","event":"Cosmos cache dir resolved to /tmp/cosmos/verdanta_weekly__dbt_weekly","logger":"cosmos.converter","filename":"converter.py","lineno":346}
{"timestamp":"2026-08-29T11:41:26.286069Z","level":"info","event":"Trying to parse the dbt project using dbt ls cache cosmos_cache__verdanta_weekly__dbt_weekly...","logger":"cosmos.dbt.graph","filename":"graph.py","lineno":869}
{"timestamp":"2026-08-29T11:41:26.431731Z","level":"info","event":"Cosmos performance: time to calculate cache identifier cosmos_cache__verdanta_weekly__dbt_weekly for current version: 0.12899812599971483","logger":"cosmos.cache","filename":"cache.py","lineno":401}
{"timestamp":"2026-08-29T11:41:26.431971Z","level":"info","event":"Cosmos performance [e56005473659|5772]: The cache size for cosmos_cache__verdanta_weekly__dbt_weekly is 23804","logger":"cosmos.dbt.graph","filename":"graph.py","lineno":886}
{"timestamp":"2026-08-29T11:41:26.432817Z","level":"info","event":"Cosmos performance: Cache hit for cosmos_cache__verdanta_weekly__dbt_weekly - 39a8c4b6e19a7b5e14cfea47af7dbd90,1ae01f5b93cde0ad1f6d9482f1b54abd","logger":"cosmos.dbt.graph","filename":"graph.py","lineno":898}
{"timestamp":"2026-08-29T11:41:26.432954Z","level":"info","event":"Total nodes: 27","logger":"cosmos.dbt.graph","filename":"graph.py","lineno":799}
{"timestamp":"2026-08-29T11:41:26.433043Z","level":"info","event":"Total filtered nodes: 27","logger":"cosmos.dbt.graph","filename":"graph.py","lineno":800}
{"timestamp":"2026-08-29T11:41:26.433129Z","level":"info","event":"Cosmos performance (verdanta_weekly__dbt_weekly) - [e56005473659|5772]: It took 0.147s to parse the dbt project for DAG using LoadMode.DBT_LS_CACHE","logger":"cosmos.converter","filename":"converter.py","lineno":371}
{"timestamp":"2026-08-29T11:41:26.458768Z","level":"info","event":"Cosmos performance (verdanta_weekly__dbt_weekly) - [e56005473659|5772]: It took 0.0256s to build the Airflow DAG.","logger":"cosmos.converter","filename":"converter.py","lineno":423}
{"timestamp":"2026-08-29T11:41:26.458924Z","level":"info","event":"::endgroup::Cosmos DAG parsing logs","logger":"cosmos.converter","filename":"converter.py","lineno":430}
{"timestamp":"2026-08-29T11:41:26.459471Z","level":"warning","event":"Using Variable.get from `airflow.models` is deprecated.Please use `get` on Variable from sdk(`airflow.sdk.Variable`) instead","category":"UserWarning","filename":"/home/airflow/.local/lib/python3.13/site-packages/airflow/models/variable.py","lineno":158,"logger":"py.warnings"}
{"timestamp":"2026-08-29T11:41:56.861819Z","level":"info","event":"Filling up the DagBag from /opt/airflow/dags/verdanta_weekly.py","logger":"airflow.dag_processing.dagbag.BundleDagBag","filename":"dagbag.py","lineno":469}
{"timestamp":"2026-08-29T11:41:56.938456Z","level":"info","event":"::group::Cosmos DAG parsing logs","logger":"cosmos.converter","filename":"converter.py","lineno":321}
{"timestamp":"2026-08-29T11:41:56.943486Z","level":"info","event":"Cosmos cache dir resolved to /tmp/cosmos/verdanta_weekly__dbt_weekly","logger":"cosmos.converter","filename":"converter.py","lineno":346}
{"timestamp":"2026-08-29T11:41:56.943765Z","level":"info","event":"Trying to parse the dbt project using dbt ls cache cosmos_cache__verdanta_weekly__dbt_weekly...","logger":"cosmos.dbt.graph","filename":"graph.py","lineno":869}
{"timestamp":"2026-08-29T11:41:57.097163Z","level":"info","event":"Cosmos performance: time to calculate cache identifier cosmos_cache__verdanta_weekly__dbt_weekly for current version: 0.13569260900112567","logger":"cosmos.cache","filename":"cache.py","lineno":401}
{"timestamp":"2026-08-29T11:41:57.097399Z","level":"info","event":"Cosmos performance [e56005473659|5808]: The cache size for cosmos_cache__verdanta_weekly__dbt_weekly is 23804","logger":"cosmos.dbt.graph","filename":"graph.py","lineno":886}
{"timestamp":"2026-08-29T11:41:57.098356Z","level":"info","event":"Cosmos performance: Cache hit for cosmos_cache__verdanta_weekly__dbt_weekly - 39a8c4b6e19a7b5e14cfea47af7dbd90,1ae01f5b93cde0ad1f6d9482f1b54abd","logger":"cosmos.dbt.graph","filename":"graph.py","lineno":898}
{"timestamp":"2026-08-29T11:41:57.098486Z","level":"info","event":"Total nodes: 27","logger":"cosmos.dbt.graph","filename":"graph.py","lineno":799}
{"timestamp":"2026-08-29T11:41:57.098549Z","level":"info","event":"Total filtered nodes: 27","logger":"cosmos.dbt.graph","filename":"graph.py","lineno":800}
{"timestamp":"2026-08-29T11:41:57.098626Z","level":"info","event":"Cosmos performance (verdanta_weekly__dbt_weekly) - [e56005473659|5808]: It took 0.155s to parse the dbt project for DAG using LoadMode.DBT_LS_CACHE","logger":"cosmos.converter","filename":"converter.py","lineno":371}
{"timestamp":"2026-08-29T11:41:57.121437Z","level":"info","event":"Cosmos performance (verdanta_weekly__dbt_weekly) - [e56005473659|5808]: It took 0.0228s to build the Airflow DAG.","logger":"cosmos.converter","filename":"converter.py","lineno":423}
{"timestamp":"2026-08-29T11:41:57.121592Z","level":"info","event":"::endgroup::Cosmos DAG parsing logs","logger":"cosmos.converter","filename":"converter.py","lineno":430}
{"timestamp":"2026-08-29T11:41:57.122029Z","level":"warning","event":"Using Variable.get from `airflow.models` is deprecated.Please use `get` on Variable from sdk(`airflow.sdk.Variable`) instead","category":"UserWarning","filename":"/home/airflow/.local/lib/python3.13/site-packages/airflow/models/variable.py","lineno":158,"logger":"py.warnings"}
{"timestamp":"2026-08-29T11:42:27.283229Z","level":"info","event":"Filling up the DagBag from /opt/airflow/dags/verdanta_weekly.py","logger":"airflow.dag_processing.dagbag.BundleDagBag","filename":"dagbag.py","lineno":469}
{"timestamp":"2026-08-29T11:42:27.369009Z","level":"info","event":"::group::Cosmos DAG parsing logs","logger":"cosmos.converter","filename":"converter.py","lineno":321}
{"timestamp":"2026-08-29T11:42:27.373082Z","level":"info","event":"Cosmos cache dir resolved to /tmp/cosmos/verdanta_weekly__dbt_weekly","logger":"cosmos.converter","filename":"converter.py","lineno":346}
{"timestamp":"2026-08-29T11:42:27.373375Z","level":"info","event":"Trying to parse the dbt project using dbt ls cache cosmos_cache__verdanta_weekly__dbt_weekly...","logger":"cosmos.dbt.graph","filename":"graph.py","lineno":869}
{"timestamp":"2026-08-29T11:42:27.528913Z","level":"info","event":"Cosmos performance: time to calculate cache identifier cosmos_cache__verdanta_weekly__dbt_weekly for current version: 0.13882945599834784","logger":"cosmos.cache","filename":"cache.py","lineno":401}
{"timestamp":"2026-08-29T11:42:27.529160Z","level":"info","event":"Cosmos performance [e56005473659|5843]: The cache size for cosmos_cache__verdanta_weekly__dbt_weekly is 23804","logger":"cosmos.dbt.graph","filename":"graph.py","lineno":886}
{"timestamp":"2026-08-29T11:42:27.530072Z","level":"info","event":"Cosmos performance: Cache hit for cosmos_cache__verdanta_weekly__dbt_weekly - 39a8c4b6e19a7b5e14cfea47af7dbd90,1ae01f5b93cde0ad1f6d9482f1b54abd","logger":"cosmos.dbt.graph","filename":"graph.py","lineno":898}
{"timestamp":"2026-08-29T11:42:27.530242Z","level":"info","event":"Total nodes: 27","logger":"cosmos.dbt.graph","filename":"graph.py","lineno":799}
{"timestamp":"2026-08-29T11:42:27.530329Z","level":"info","event":"Total filtered nodes: 27","logger":"cosmos.dbt.graph","filename":"graph.py","lineno":800}
{"timestamp":"2026-08-29T11:42:27.530407Z","level":"info","event":"Cosmos performance (verdanta_weekly__dbt_weekly) - [e56005473659|5843]: It took 0.157s to parse the dbt project for DAG using LoadMode.DBT_LS_CACHE","logger":"cosmos.converter","filename":"converter.py","lineno":371}
{"timestamp":"2026-08-29T11:42:27.555599Z","level":"info","event":"Cosmos performance (verdanta_weekly__dbt_weekly) - [e56005473659|5843]: It took 0.0251s to build the Airflow DAG.","logger":"cosmos.converter","filename":"converter.py","lineno":423}
{"timestamp":"2026-08-29T11:42:27.555784Z","level":"info","event":"::endgroup::Cosmos DAG parsing logs","logger":"cosmos.converter","filename":"converter.py","lineno":430}
{"timestamp":"2026-08-29T11:42:27.556502Z","level":"warning","event":"Using Variable.get from `airflow.models` is deprecated.Please use `get` on Variable from sdk(`airflow.sdk.Variable`) instead","category":"UserWarning","filename":"/home/airflow/.local/lib/python3.13/site-packages/airflow/models/variable.py","lineno":158,"logger":"py.warnings"}
{"timestamp":"2026-08-29T11:42:57.750028Z","level":"info","event":"Filling up the DagBag from /opt/airflow/dags/verdanta_weekly.py","logger":"airflow.dag_processing.dagbag.BundleDagBag","filename":"dagbag.py","lineno":469}
{"timestamp":"2026-08-29T11:42:57.827370Z","level":"info","event":"::group::Cosmos DAG parsing logs","logger":"cosmos.converter","filename":"converter.py","lineno":321}
{"timestamp":"2026-08-29T11:42:57.831921Z","level":"info","event":"Cosmos cache dir resolved to /tmp/cosmos/verdanta_weekly__dbt_weekly","logger":"cosmos.converter","filename":"converter.py","lineno":346}
{"timestamp":"2026-08-29T11:42:57.832143Z","level":"info","event":"Trying to parse the dbt project using dbt ls cache cosmos_cache__verdanta_weekly__dbt_weekly...","logger":"cosmos.dbt.graph","filename":"graph.py","lineno":869}
{"timestamp":"2026-08-29T11:42:57.983903Z","level":"info","event":"Cosmos performance: time to calculate cache identifier cosmos_cache__verdanta_weekly__dbt_weekly for current version: 0.13563036199957423","logger":"cosmos.cache","filename":"cache.py","lineno":401}
{"timestamp":"2026-08-29T11:42:57.984199Z","level":"info","event":"Cosmos performance [e56005473659|5872]: The cache size for cosmos_cache__verdanta_weekly__dbt_weekly is 23804","logger":"cosmos.dbt.graph","filename":"graph.py","lineno":886}
{"timestamp":"2026-08-29T11:42:57.985043Z","level":"info","event":"Cosmos performance: Cache hit for cosmos_cache__verdanta_weekly__dbt_weekly - 39a8c4b6e19a7b5e14cfea47af7dbd90,1ae01f5b93cde0ad1f6d9482f1b54abd","logger":"cosmos.dbt.graph","filename":"graph.py","lineno":898}
{"timestamp":"2026-08-29T11:42:57.985170Z","level":"info","event":"Total nodes: 27","logger":"cosmos.dbt.graph","filename":"graph.py","lineno":799}
{"timestamp":"2026-08-29T11:42:57.985232Z","level":"info","event":"Total filtered nodes: 27","logger":"cosmos.dbt.graph","filename":"graph.py","lineno":800}
{"timestamp":"2026-08-29T11:42:57.985344Z","level":"info","event":"Cosmos performance (verdanta_weekly__dbt_weekly) - [e56005473659|5872]: It took 0.153s to parse the dbt project for DAG using LoadMode.DBT_LS_CACHE","logger":"cosmos.converter","filename":"converter.py","lineno":371}
{"timestamp":"2026-08-29T11:42:58.020626Z","level":"info","event":"Cosmos performance (verdanta_weekly__dbt_weekly) - [e56005473659|5872]: It took 0.0352s to build the Airflow DAG.","logger":"cosmos.converter","filename":"converter.py","lineno":423}
{"timestamp":"2026-08-29T11:42:58.020916Z","level":"info","event":"::endgroup::Cosmos DAG parsing logs","logger":"cosmos.converter","filename":"converter.py","lineno":430}
{"timestamp":"2026-08-29T11:42:58.021562Z","level":"warning","event":"Using Variable.get from `airflow.models` is deprecated.Please use `get` on Variable from sdk(`airflow.sdk.Variable`) instead","category":"UserWarning","filename":"/home/airflow/.local/lib/python3.13/site-packages/airflow/models/variable.py","lineno":158,"logger":"py.warnings"}
{"timestamp":"2026-08-29T11:43:28.291210Z","level":"info","event":"Filling up the DagBag from /opt/airflow/dags/verdanta_weekly.py","logger":"airflow.dag_processing.dagbag.BundleDagBag","filename":"dagbag.py","lineno":469}
{"timestamp":"2026-08-29T11:43:28.358738Z","level":"info","event":"::group::Cosmos DAG parsing logs","logger":"cosmos.converter","filename":"converter.py","lineno":321}
{"timestamp":"2026-08-29T11:43:28.362129Z","level":"info","event":"Cosmos cache dir resolved to /tmp/cosmos/verdanta_weekly__dbt_weekly","logger":"cosmos.converter","filename":"converter.py","lineno":346}
{"timestamp":"2026-08-29T11:43:28.362359Z","level":"info","event":"Trying to parse the dbt project using dbt ls cache cosmos_cache__verdanta_weekly__dbt_weekly...","logger":"cosmos.dbt.graph","filename":"graph.py","lineno":869}
{"timestamp":"2026-08-29T11:43:28.509259Z","level":"info","event":"Cosmos performance: time to calculate cache identifier cosmos_cache__verdanta_weekly__dbt_weekly for current version: 0.13369149999925867","logger":"cosmos.cache","filename":"cache.py","lineno":401}
{"timestamp":"2026-08-29T11:43:28.509501Z","level":"info","event":"Cosmos performance [e56005473659|5907]: The cache size for cosmos_cache__verdanta_weekly__dbt_weekly is 23804","logger":"cosmos.dbt.graph","filename":"graph.py","lineno":886}
{"timestamp":"2026-08-29T11:43:28.510467Z","level":"info","event":"Cosmos performance: Cache hit for cosmos_cache__verdanta_weekly__dbt_weekly - 39a8c4b6e19a7b5e14cfea47af7dbd90,1ae01f5b93cde0ad1f6d9482f1b54abd","logger":"cosmos.dbt.graph","filename":"graph.py","lineno":898}
{"timestamp":"2026-08-29T11:43:28.510624Z","level":"info","event":"Total nodes: 27","logger":"cosmos.dbt.graph","filename":"graph.py","lineno":799}
{"timestamp":"2026-08-29T11:43:28.510691Z","level":"info","event":"Total filtered nodes: 27","logger":"cosmos.dbt.graph","filename":"graph.py","lineno":800}
{"timestamp":"2026-08-29T11:43:28.510761Z","level":"info","event":"Cosmos performance (verdanta_weekly__dbt_weekly) - [e56005473659|5907]: It took 0.148s to parse the dbt project for DAG using LoadMode.DBT_LS_CACHE","logger":"cosmos.converter","filename":"converter.py","lineno":371}
{"timestamp":"2026-08-29T11:43:28.534739Z","level":"info","event":"Cosmos performance (verdanta_weekly__dbt_weekly) - [e56005473659|5907]: It took 0.0239s to build the Airflow DAG.","logger":"cosmos.converter","filename":"converter.py","lineno":423}
{"timestamp":"2026-08-29T11:43:28.534935Z","level":"info","event":"::endgroup::Cosmos DAG parsing logs","logger":"cosmos.converter","filename":"converter.py","lineno":430}
{"timestamp":"2026-08-29T11:43:28.535952Z","level":"warning","event":"Using Variable.get from `airflow.models` is deprecated.Please use `get` on Variable from sdk(`airflow.sdk.Variable`) instead","category":"UserWarning","filename":"/home/airflow/.local/lib/python3.13/site-packages/airflow/models/variable.py","lineno":158,"logger":"py.warnings"}
{"timestamp":"2026-08-29T11:43:59.303451Z","level":"info","event":"Filling up the DagBag from /opt/airflow/dags/verdanta_weekly.py","logger":"airflow.dag_processing.dagbag.BundleDagBag","filename":"dagbag.py","lineno":469}
{"timestamp":"2026-08-29T11:43:59.382597Z","level":"info","event":"::group::Cosmos DAG parsing logs","logger":"cosmos.converter","filename":"converter.py","lineno":321}
{"timestamp":"2026-08-29T11:43:59.386029Z","level":"info","event":"Cosmos cache dir resolved to /tmp/cosmos/verdanta_weekly__dbt_weekly","logger":"cosmos.converter","filename":"converter.py","lineno":346}
{"timestamp":"2026-08-29T11:43:59.386265Z","level":"info","event":"Trying to parse the dbt project using dbt ls cache cosmos_cache__verdanta_weekly__dbt_weekly...","logger":"cosmos.dbt.graph","filename":"graph.py","lineno":869}
{"timestamp":"2026-08-29T11:43:59.523932Z","level":"info","event":"Cosmos performance: time to calculate cache identifier cosmos_cache__verdanta_weekly__dbt_weekly for current version: 0.12650515300083498","logger":"cosmos.cache","filename":"cache.py","lineno":401}
{"timestamp":"2026-08-29T11:43:59.524173Z","level":"info","event":"Cosmos performance [e56005473659|5923]: The cache size for cosmos_cache__verdanta_weekly__dbt_weekly is 23804","logger":"cosmos.dbt.graph","filename":"graph.py","lineno":886}
{"timestamp":"2026-08-29T11:43:59.525164Z","level":"info","event":"Cosmos performance: Cache hit for cosmos_cache__verdanta_weekly__dbt_weekly - 39a8c4b6e19a7b5e14cfea47af7dbd90,1ae01f5b93cde0ad1f6d9482f1b54abd","logger":"cosmos.dbt.graph","filename":"graph.py","lineno":898}
{"timestamp":"2026-08-29T11:43:59.525318Z","level":"info","event":"Total nodes: 27","logger":"cosmos.dbt.graph","filename":"graph.py","lineno":799}
{"timestamp":"2026-08-29T11:43:59.525412Z","level":"info","event":"Total filtered nodes: 27","logger":"cosmos.dbt.graph","filename":"graph.py","lineno":800}
{"timestamp":"2026-08-29T11:43:59.525507Z","level":"info","event":"Cosmos performance (verdanta_weekly__dbt_weekly) - [e56005473659|5923]: It took 0.139s to parse the dbt project for DAG using LoadMode.DBT_LS_CACHE","logger":"cosmos.converter","filename":"converter.py","lineno":371}
{"timestamp":"2026-08-29T11:43:59.549303Z","level":"info","event":"Cosmos performance (verdanta_weekly__dbt_weekly) - [e56005473659|5923]: It took 0.0238s to build the Airflow DAG.","logger":"cosmos.converter","filename":"converter.py","lineno":423}
{"timestamp":"2026-08-29T11:43:59.549418Z","level":"info","event":"::endgroup::Cosmos DAG parsing logs","logger":"cosmos.converter","filename":"converter.py","lineno":430}
{"timestamp":"2026-08-29T11:43:59.550040Z","level":"warning","event":"Using Variable.get from `airflow.models` is deprecated.Please use `get` on Variable from sdk(`airflow.sdk.Variable`) instead","category":"UserWarning","filename":"/home/airflow/.local/lib/python3.13/site-packages/airflow/models/variable.py","lineno":158,"logger":"py.warnings"}
{"timestamp":"2026-08-29T11:44:29.718142Z","level":"info","event":"Filling up the DagBag from /opt/airflow/dags/verdanta_weekly.py","logger":"airflow.dag_processing.dagbag.BundleDagBag","filename":"dagbag.py","lineno":469}
{"timestamp":"2026-08-29T11:44:29.793100Z","level":"info","event":"::group::Cosmos DAG parsing logs","logger":"cosmos.converter","filename":"converter.py","lineno":321}
{"timestamp":"2026-08-29T11:44:29.797007Z","level":"info","event":"Cosmos cache dir resolved to /tmp/cosmos/verdanta_weekly__dbt_weekly","logger":"cosmos.converter","filename":"converter.py","lineno":346}
{"timestamp":"2026-08-29T11:44:29.797233Z","level":"info","event":"Trying to parse the dbt project using dbt ls cache cosmos_cache__verdanta_weekly__dbt_weekly...","logger":"cosmos.dbt.graph","filename":"graph.py","lineno":869}
{"timestamp":"2026-08-29T11:44:29.941117Z","level":"info","event":"Cosmos performance: time to calculate cache identifier cosmos_cache__verdanta_weekly__dbt_weekly for current version: 0.12843045500085282","logger":"cosmos.cache","filename":"cache.py","lineno":401}
{"timestamp":"2026-08-29T11:44:29.941367Z","level":"info","event":"Cosmos performance [e56005473659|5958]: The cache size for cosmos_cache__verdanta_weekly__dbt_weekly is 23804","logger":"cosmos.dbt.graph","filename":"graph.py","lineno":886}
{"timestamp":"2026-08-29T11:44:29.942376Z","level":"info","event":"Cosmos performance: Cache hit for cosmos_cache__verdanta_weekly__dbt_weekly - 39a8c4b6e19a7b5e14cfea47af7dbd90,1ae01f5b93cde0ad1f6d9482f1b54abd","logger":"cosmos.dbt.graph","filename":"graph.py","lineno":898}
{"timestamp":"2026-08-29T11:44:29.942503Z","level":"info","event":"Total nodes: 27","logger":"cosmos.dbt.graph","filename":"graph.py","lineno":799}
{"timestamp":"2026-08-29T11:44:29.942563Z","level":"info","event":"Total filtered nodes: 27","logger":"cosmos.dbt.graph","filename":"graph.py","lineno":800}
{"timestamp":"2026-08-29T11:44:29.942637Z","level":"info","event":"Cosmos performance (verdanta_weekly__dbt_weekly) - [e56005473659|5958]: It took 0.145s to parse the dbt project for DAG using LoadMode.DBT_LS_CACHE","logger":"cosmos.converter","filename":"converter.py","lineno":371}
{"timestamp":"2026-08-29T11:44:29.964928Z","level":"info","event":"Cosmos performance (verdanta_weekly__dbt_weekly) - [e56005473659|5958]: It took 0.0222s to build the Airflow DAG.","logger":"cosmos.converter","filename":"converter.py","lineno":423}
{"timestamp":"2026-08-29T11:44:29.965112Z","level":"info","event":"::endgroup::Cosmos DAG parsing logs","logger":"cosmos.converter","filename":"converter.py","lineno":430}
{"timestamp":"2026-08-29T11:44:29.965701Z","level":"warning","event":"Using Variable.get from `airflow.models` is deprecated.Please use `get` on Variable from sdk(`airflow.sdk.Variable`) instead","category":"UserWarning","filename":"/home/airflow/.local/lib/python3.13/site-packages/airflow/models/variable.py","lineno":158,"logger":"py.warnings"}
{"timestamp":"2026-08-29T11:45:00.074570Z","level":"info","event":"Filling up the DagBag from /opt/airflow/dags/verdanta_weekly.py","logger":"airflow.dag_processing.dagbag.BundleDagBag","filename":"dagbag.py","lineno":469}
{"timestamp":"2026-08-29T11:45:00.150041Z","level":"info","event":"::group::Cosmos DAG parsing logs","logger":"cosmos.converter","filename":"converter.py","lineno":321}
{"timestamp":"2026-08-29T11:45:00.154224Z","level":"info","event":"Cosmos cache dir resolved to /tmp/cosmos/verdanta_weekly__dbt_weekly","logger":"cosmos.converter","filename":"converter.py","lineno":346}
{"timestamp":"2026-08-29T11:45:00.154440Z","level":"info","event":"Trying to parse the dbt project using dbt ls cache cosmos_cache__verdanta_weekly__dbt_weekly...","logger":"cosmos.dbt.graph","filename":"graph.py","lineno":869}
{"timestamp":"2026-08-29T11:45:00.299232Z","level":"info","event":"Cosmos performance: time to calculate cache identifier cosmos_cache__verdanta_weekly__dbt_weekly for current version: 0.12903852599993115","logger":"cosmos.cache","filename":"cache.py","lineno":401}
{"timestamp":"2026-08-29T11:45:00.299542Z","level":"info","event":"Cosmos performance [e56005473659|5994]: The cache size for cosmos_cache__verdanta_weekly__dbt_weekly is 23804","logger":"cosmos.dbt.graph","filename":"graph.py","lineno":886}
{"timestamp":"2026-08-29T11:45:00.300696Z","level":"info","event":"Cosmos performance: Cache hit for cosmos_cache__verdanta_weekly__dbt_weekly - 39a8c4b6e19a7b5e14cfea47af7dbd90,1ae01f5b93cde0ad1f6d9482f1b54abd","logger":"cosmos.dbt.graph","filename":"graph.py","lineno":898}
{"timestamp":"2026-08-29T11:45:00.300870Z","level":"info","event":"Total nodes: 27","logger":"cosmos.dbt.graph","filename":"graph.py","lineno":799}
{"timestamp":"2026-08-29T11:45:00.300938Z","level":"info","event":"Total filtered nodes: 27","logger":"cosmos.dbt.graph","filename":"graph.py","lineno":800}
{"timestamp":"2026-08-29T11:45:00.301007Z","level":"info","event":"Cosmos performance (verdanta_weekly__dbt_weekly) - [e56005473659|5994]: It took 0.147s to parse the dbt project for DAG using LoadMode.DBT_LS_CACHE","logger":"cosmos.converter","filename":"converter.py","lineno":371}
{"timestamp":"2026-08-29T11:45:00.324786Z","level":"info","event":"Cosmos performance (verdanta_weekly__dbt_weekly) - [e56005473659|5994]: It took 0.0237s to build the Airflow DAG.","logger":"cosmos.converter","filename":"converter.py","lineno":423}
{"timestamp":"2026-08-29T11:45:00.324949Z","level":"info","event":"::endgroup::Cosmos DAG parsing logs","logger":"cosmos.converter","filename":"converter.py","lineno":430}
{"timestamp":"2026-08-29T11:45:00.325503Z","level":"warning","event":"Using Variable.get from `airflow.models` is deprecated.Please use `get` on Variable from sdk(`airflow.sdk.Variable`) instead","category":"UserWarning","filename":"/home/airflow/.local/lib/python3.13/site-packages/airflow/models/variable.py","lineno":158,"logger":"py.warnings"}
{"timestamp":"2026-08-29T11:45:30.734062Z","level":"info","event":"Filling up the DagBag from /opt/airflow/dags/verdanta_weekly.py","logger":"airflow.dag_processing.dagbag.BundleDagBag","filename":"dagbag.py","lineno":469}
{"timestamp":"2026-08-29T11:45:30.812885Z","level":"info","event":"::group::Cosmos DAG parsing logs","logger":"cosmos.converter","filename":"converter.py","lineno":321}
{"timestamp":"2026-08-29T11:45:30.816991Z","level":"info","event":"Cosmos cache dir resolved to /tmp/cosmos/verdanta_weekly__dbt_weekly","logger":"cosmos.converter","filename":"converter.py","lineno":346}
{"timestamp":"2026-08-29T11:45:30.817206Z","level":"info","event":"Trying to parse the dbt project using dbt ls cache cosmos_cache__verdanta_weekly__dbt_weekly...","logger":"cosmos.dbt.graph","filename":"graph.py","lineno":869}
{"timestamp":"2026-08-29T11:45:30.968869Z","level":"info","event":"Cosmos performance: time to calculate cache identifier cosmos_cache__verdanta_weekly__dbt_weekly for current version: 0.13434798500020406","logger":"cosmos.cache","filename":"cache.py","lineno":401}
{"timestamp":"2026-08-29T11:45:30.969177Z","level":"info","event":"Cosmos performance [e56005473659|6030]: The cache size for cosmos_cache__verdanta_weekly__dbt_weekly is 23804","logger":"cosmos.dbt.graph","filename":"graph.py","lineno":886}
{"timestamp":"2026-08-29T11:45:30.970763Z","level":"info","event":"Cosmos performance: Cache hit for cosmos_cache__verdanta_weekly__dbt_weekly - 39a8c4b6e19a7b5e14cfea47af7dbd90,1ae01f5b93cde0ad1f6d9482f1b54abd","logger":"cosmos.dbt.graph","filename":"graph.py","lineno":898}
{"timestamp":"2026-08-29T11:45:30.970896Z","level":"info","event":"Total nodes: 27","logger":"cosmos.dbt.graph","filename":"graph.py","lineno":799}
{"timestamp":"2026-08-29T11:45:30.970960Z","level":"info","event":"Total filtered nodes: 27","logger":"cosmos.dbt.graph","filename":"graph.py","lineno":800}
{"timestamp":"2026-08-29T11:45:30.971038Z","level":"info","event":"Cosmos performance (verdanta_weekly__dbt_weekly) - [e56005473659|6030]: It took 0.154s to parse the dbt project for DAG using LoadMode.DBT_LS_CACHE","logger":"cosmos.converter","filename":"converter.py","lineno":371}
{"timestamp":"2026-08-29T11:45:30.995934Z","level":"info","event":"Cosmos performance (verdanta_weekly__dbt_weekly) - [e56005473659|6030]: It took 0.0248s to build the Airflow DAG.","logger":"cosmos.converter","filename":"converter.py","lineno":423}
{"timestamp":"2026-08-29T11:45:30.996158Z","level":"info","event":"::endgroup::Cosmos DAG parsing logs","logger":"cosmos.converter","filename":"converter.py","lineno":430}
{"timestamp":"2026-08-29T11:45:30.996830Z","level":"warning","event":"Using Variable.get from `airflow.models` is deprecated.Please use `get` on Variable from sdk(`airflow.sdk.Variable`) instead","category":"UserWarning","filename":"/home/airflow/.local/lib/python3.13/site-packages/airflow/models/variable.py","lineno":158,"logger":"py.warnings"}
{"timestamp":"2026-08-29T11:46:01.566845Z","level":"info","event":"Filling up the DagBag from /opt/airflow/dags/verdanta_weekly.py","logger":"airflow.dag_processing.dagbag.BundleDagBag","filename":"dagbag.py","lineno":469}
{"timestamp":"2026-08-29T11:46:01.645093Z","level":"info","event":"::group::Cosmos DAG parsing logs","logger":"cosmos.converter","filename":"converter.py","lineno":321}
{"timestamp":"2026-08-29T11:46:01.649178Z","level":"info","event":"Cosmos cache dir resolved to /tmp/cosmos/verdanta_weekly__dbt_weekly","logger":"cosmos.converter","filename":"converter.py","lineno":346}
{"timestamp":"2026-08-29T11:46:01.649415Z","level":"info","event":"Trying to parse the dbt project using dbt ls cache cosmos_cache__verdanta_weekly__dbt_weekly...","logger":"cosmos.dbt.graph","filename":"graph.py","lineno":869}
{"timestamp":"2026-08-29T11:46:01.803819Z","level":"info","event":"Cosmos performance: time to calculate cache identifier cosmos_cache__verdanta_weekly__dbt_weekly for current version: 0.1363406380005472","logger":"cosmos.cache","filename":"cache.py","lineno":401}
{"timestamp":"2026-08-29T11:46:01.804096Z","level":"info","event":"Cosmos performance [e56005473659|6065]: The cache size for cosmos_cache__verdanta_weekly__dbt_weekly is 23804","logger":"cosmos.dbt.graph","filename":"graph.py","lineno":886}
{"timestamp":"2026-08-29T11:46:01.805002Z","level":"info","event":"Cosmos performance: Cache hit for cosmos_cache__verdanta_weekly__dbt_weekly - 39a8c4b6e19a7b5e14cfea47af7dbd90,1ae01f5b93cde0ad1f6d9482f1b54abd","logger":"cosmos.dbt.graph","filename":"graph.py","lineno":898}
{"timestamp":"2026-08-29T11:46:01.805152Z","level":"info","event":"Total nodes: 27","logger":"cosmos.dbt.graph","filename":"graph.py","lineno":799}
{"timestamp":"2026-08-29T11:46:01.805278Z","level":"info","event":"Total filtered nodes: 27","logger":"cosmos.dbt.graph","filename":"graph.py","lineno":800}
{"timestamp":"2026-08-29T11:46:01.805364Z","level":"info","event":"Cosmos performance (verdanta_weekly__dbt_weekly) - [e56005473659|6065]: It took 0.156s to parse the dbt project for DAG using LoadMode.DBT_LS_CACHE","logger":"cosmos.converter","filename":"converter.py","lineno":371}
{"timestamp":"2026-08-29T11:46:01.828378Z","level":"info","event":"Cosmos performance (verdanta_weekly__dbt_weekly) - [e56005473659|6065]: It took 0.023s to build the Airflow DAG.","logger":"cosmos.converter","filename":"converter.py","lineno":423}
{"timestamp":"2026-08-29T11:46:01.828550Z","level":"info","event":"::endgroup::Cosmos DAG parsing logs","logger":"cosmos.converter","filename":"converter.py","lineno":430}
{"timestamp":"2026-08-29T11:46:01.829091Z","level":"warning","event":"Using Variable.get from `airflow.models` is deprecated.Please use `get` on Variable from sdk(`airflow.sdk.Variable`) instead","category":"UserWarning","filename":"/home/airflow/.local/lib/python3.13/site-packages/airflow/models/variable.py","lineno":158,"logger":"py.warnings"}
{"timestamp":"2026-08-29T11:46:32.309262Z","level":"info","event":"Filling up the DagBag from /opt/airflow/dags/verdanta_weekly.py","logger":"airflow.dag_processing.dagbag.BundleDagBag","filename":"dagbag.py","lineno":469}
{"timestamp":"2026-08-29T11:46:32.376568Z","level":"info","event":"::group::Cosmos DAG parsing logs","logger":"cosmos.converter","filename":"converter.py","lineno":321}
{"timestamp":"2026-08-29T11:46:32.379784Z","level":"info","event":"Cosmos cache dir resolved to /tmp/cosmos/verdanta_weekly__dbt_weekly","logger":"cosmos.converter","filename":"converter.py","lineno":346}
{"timestamp":"2026-08-29T11:46:32.380006Z","level":"info","event":"Trying to parse the dbt project using dbt ls cache cosmos_cache__verdanta_weekly__dbt_weekly...","logger":"cosmos.dbt.graph","filename":"graph.py","lineno":869}
{"timestamp":"2026-08-29T11:46:32.523059Z","level":"info","event":"Cosmos performance: time to calculate cache identifier cosmos_cache__verdanta_weekly__dbt_weekly for current version: 0.12677080699904764","logger":"cosmos.cache","filename":"cache.py","lineno":401}
{"timestamp":"2026-08-29T11:46:32.523316Z","level":"info","event":"Cosmos performance [e56005473659|6080]: The cache size for cosmos_cache__verdanta_weekly__dbt_weekly is 23804","logger":"cosmos.dbt.graph","filename":"graph.py","lineno":886}
{"timestamp":"2026-08-29T11:46:32.524137Z","level":"info","event":"Cosmos performance: Cache hit for cosmos_cache__verdanta_weekly__dbt_weekly - 39a8c4b6e19a7b5e14cfea47af7dbd90,1ae01f5b93cde0ad1f6d9482f1b54abd","logger":"cosmos.dbt.graph","filename":"graph.py","lineno":898}
{"timestamp":"2026-08-29T11:46:32.524289Z","level":"info","event":"Total nodes: 27","logger":"cosmos.dbt.graph","filename":"graph.py","lineno":799}
{"timestamp":"2026-08-29T11:46:32.524357Z","level":"info","event":"Total filtered nodes: 27","logger":"cosmos.dbt.graph","filename":"graph.py","lineno":800}
{"timestamp":"2026-08-29T11:46:32.524428Z","level":"info","event":"Cosmos performance (verdanta_weekly__dbt_weekly) - [e56005473659|6080]: It took 0.144s to parse the dbt project for DAG using LoadMode.DBT_LS_CACHE","logger":"cosmos.converter","filename":"converter.py","lineno":371}
{"timestamp":"2026-08-29T11:46:32.547396Z","level":"info","event":"Cosmos performance (verdanta_weekly__dbt_weekly) - [e56005473659|6080]: It took 0.0229s to build the Airflow DAG.","logger":"cosmos.converter","filename":"converter.py","lineno":423}
{"timestamp":"2026-08-29T11:46:32.547580Z","level":"info","event":"::endgroup::Cosmos DAG parsing logs","logger":"cosmos.converter","filename":"converter.py","lineno":430}
{"timestamp":"2026-08-29T11:46:32.548051Z","level":"warning","event":"Using Variable.get from `airflow.models` is deprecated.Please use `get` on Variable from sdk(`airflow.sdk.Variable`) instead","category":"UserWarning","filename":"/home/airflow/.local/lib/python3.13/site-packages/airflow/models/variable.py","lineno":158,"logger":"py.warnings"}
{"timestamp":"2026-08-29T11:47:02.831103Z","level":"info","event":"Filling up the DagBag from /opt/airflow/dags/verdanta_weekly.py","logger":"airflow.dag_processing.dagbag.BundleDagBag","filename":"dagbag.py","lineno":469}
{"timestamp":"2026-08-29T11:47:02.899875Z","level":"info","event":"::group::Cosmos DAG parsing logs","logger":"cosmos.converter","filename":"converter.py","lineno":321}
{"timestamp":"2026-08-29T11:47:02.903578Z","level":"info","event":"Cosmos cache dir resolved to /tmp/cosmos/verdanta_weekly__dbt_weekly","logger":"cosmos.converter","filename":"converter.py","lineno":346}
{"timestamp":"2026-08-29T11:47:02.903786Z","level":"info","event":"Trying to parse the dbt project using dbt ls cache cosmos_cache__verdanta_weekly__dbt_weekly...","logger":"cosmos.dbt.graph","filename":"graph.py","lineno":869}
{"timestamp":"2026-08-29T11:47:03.049495Z","level":"info","event":"Cosmos performance: time to calculate cache identifier cosmos_cache__verdanta_weekly__dbt_weekly for current version: 0.13013925999985076","logger":"cosmos.cache","filename":"cache.py","lineno":401}
{"timestamp":"2026-08-29T11:47:03.049719Z","level":"info","event":"Cosmos performance [e56005473659|6116]: The cache size for cosmos_cache__verdanta_weekly__dbt_weekly is 23804","logger":"cosmos.dbt.graph","filename":"graph.py","lineno":886}
{"timestamp":"2026-08-29T11:47:03.050684Z","level":"info","event":"Cosmos performance: Cache hit for cosmos_cache__verdanta_weekly__dbt_weekly - 39a8c4b6e19a7b5e14cfea47af7dbd90,1ae01f5b93cde0ad1f6d9482f1b54abd","logger":"cosmos.dbt.graph","filename":"graph.py","lineno":898}
{"timestamp":"2026-08-29T11:47:03.050804Z","level":"info","event":"Total nodes: 27","logger":"cosmos.dbt.graph","filename":"graph.py","lineno":799}
{"timestamp":"2026-08-29T11:47:03.050863Z","level":"info","event":"Total filtered nodes: 27","logger":"cosmos.dbt.graph","filename":"graph.py","lineno":800}
{"timestamp":"2026-08-29T11:47:03.050933Z","level":"info","event":"Cosmos performance (verdanta_weekly__dbt_weekly) - [e56005473659|6116]: It took 0.147s to parse the dbt project for DAG using LoadMode.DBT_LS_CACHE","logger":"cosmos.converter","filename":"converter.py","lineno":371}
{"timestamp":"2026-08-29T11:47:03.073012Z","level":"info","event":"Cosmos performance (verdanta_weekly__dbt_weekly) - [e56005473659|6116]: It took 0.022s to build the Airflow DAG.","logger":"cosmos.converter","filename":"converter.py","lineno":423}
{"timestamp":"2026-08-29T11:47:03.073175Z","level":"info","event":"::endgroup::Cosmos DAG parsing logs","logger":"cosmos.converter","filename":"converter.py","lineno":430}
{"timestamp":"2026-08-29T11:47:03.073662Z","level":"warning","event":"Using Variable.get from `airflow.models` is deprecated.Please use `get` on Variable from sdk(`airflow.sdk.Variable`) instead","category":"UserWarning","filename":"/home/airflow/.local/lib/python3.13/site-packages/airflow/models/variable.py","lineno":158,"logger":"py.warnings"}
{"timestamp":"2026-08-29T11:47:33.428403Z","level":"info","event":"Filling up the DagBag from /opt/airflow/dags/verdanta_weekly.py","logger":"airflow.dag_processing.dagbag.BundleDagBag","filename":"dagbag.py","lineno":469}
{"timestamp":"2026-08-29T11:47:33.506355Z","level":"info","event":"::group::Cosmos DAG parsing logs","logger":"cosmos.converter","filename":"converter.py","lineno":321}
{"timestamp":"2026-08-29T11:47:33.509855Z","level":"info","event":"Cosmos cache dir resolved to /tmp/cosmos/verdanta_weekly__dbt_weekly","logger":"cosmos.converter","filename":"converter.py","lineno":346}
{"timestamp":"2026-08-29T11:47:33.510129Z","level":"info","event":"Trying to parse the dbt project using dbt ls cache cosmos_cache__verdanta_weekly__dbt_weekly...","logger":"cosmos.dbt.graph","filename":"graph.py","lineno":869}
{"timestamp":"2026-08-29T11:47:33.675706Z","level":"info","event":"Cosmos performance: time to calculate cache identifier cosmos_cache__verdanta_weekly__dbt_weekly for current version: 0.1432983789982245","logger":"cosmos.cache","filename":"cache.py","lineno":401}
{"timestamp":"2026-08-29T11:47:33.676009Z","level":"info","event":"Cosmos performance [e56005473659|6152]: The cache size for cosmos_cache__verdanta_weekly__dbt_weekly is 23804","logger":"cosmos.dbt.graph","filename":"graph.py","lineno":886}
{"timestamp":"2026-08-29T11:47:33.676885Z","level":"info","event":"Cosmos performance: Cache hit for cosmos_cache__verdanta_weekly__dbt_weekly - 39a8c4b6e19a7b5e14cfea47af7dbd90,1ae01f5b93cde0ad1f6d9482f1b54abd","logger":"cosmos.dbt.graph","filename":"graph.py","lineno":898}
{"timestamp":"2026-08-29T11:47:33.677020Z","level":"info","event":"Total nodes: 27","logger":"cosmos.dbt.graph","filename":"graph.py","lineno":799}
{"timestamp":"2026-08-29T11:47:33.677087Z","level":"info","event":"Total filtered nodes: 27","logger":"cosmos.dbt.graph","filename":"graph.py","lineno":800}
{"timestamp":"2026-08-29T11:47:33.677179Z","level":"info","event":"Cosmos performance (verdanta_weekly__dbt_weekly) - [e56005473659|6152]: It took 0.167s to parse the dbt project for DAG using LoadMode.DBT_LS_CACHE","logger":"cosmos.converter","filename":"converter.py","lineno":371}
{"timestamp":"2026-08-29T11:47:33.700981Z","level":"info","event":"Cosmos performance (verdanta_weekly__dbt_weekly) - [e56005473659|6152]: It took 0.0237s to build the Airflow DAG.","logger":"cosmos.converter","filename":"converter.py","lineno":423}
{"timestamp":"2026-08-29T11:47:33.701173Z","level":"info","event":"::endgroup::Cosmos DAG parsing logs","logger":"cosmos.converter","filename":"converter.py","lineno":430}
{"timestamp":"2026-08-29T11:47:33.701759Z","level":"warning","event":"Using Variable.get from `airflow.models` is deprecated.Please use `get` on Variable from sdk(`airflow.sdk.Variable`) instead","category":"UserWarning","filename":"/home/airflow/.local/lib/python3.13/site-packages/airflow/models/variable.py","lineno":158,"logger":"py.warnings"}
{"timestamp":"2026-08-29T11:48:04.038179Z","level":"info","event":"Filling up the DagBag from /opt/airflow/dags/verdanta_weekly.py","logger":"airflow.dag_processing.dagbag.BundleDagBag","filename":"dagbag.py","lineno":469}
{"timestamp":"2026-08-29T11:48:04.111874Z","level":"info","event":"::group::Cosmos DAG parsing logs","logger":"cosmos.converter","filename":"converter.py","lineno":321}
{"timestamp":"2026-08-29T11:48:04.115705Z","level":"info","event":"Cosmos cache dir resolved to /tmp/cosmos/verdanta_weekly__dbt_weekly","logger":"cosmos.converter","filename":"converter.py","lineno":346}
{"timestamp":"2026-08-29T11:48:04.115917Z","level":"info","event":"Trying to parse the dbt project using dbt ls cache cosmos_cache__verdanta_weekly__dbt_weekly...","logger":"cosmos.dbt.graph","filename":"graph.py","lineno":869}
{"timestamp":"2026-08-29T11:48:04.255866Z","level":"info","event":"Cosmos performance: time to calculate cache identifier cosmos_cache__verdanta_weekly__dbt_weekly for current version: 0.1244657349998306","logger":"cosmos.cache","filename":"cache.py","lineno":401}
{"timestamp":"2026-08-29T11:48:04.256120Z","level":"info","event":"Cosmos performance [e56005473659|6188]: The cache size for cosmos_cache__verdanta_weekly__dbt_weekly is 23804","logger":"cosmos.dbt.graph","filename":"graph.py","lineno":886}
{"timestamp":"2026-08-29T11:48:04.257731Z","level":"info","event":"Cosmos performance: Cache hit for cosmos_cache__verdanta_weekly__dbt_weekly - 39a8c4b6e19a7b5e14cfea47af7dbd90,1ae01f5b93cde0ad1f6d9482f1b54abd","logger":"cosmos.dbt.graph","filename":"graph.py","lineno":898}
{"timestamp":"2026-08-29T11:48:04.257872Z","level":"info","event":"Total nodes: 27","logger":"cosmos.dbt.graph","filename":"graph.py","lineno":799}
{"timestamp":"2026-08-29T11:48:04.257935Z","level":"info","event":"Total filtered nodes: 27","logger":"cosmos.dbt.graph","filename":"graph.py","lineno":800}
{"timestamp":"2026-08-29T11:48:04.258000Z","level":"info","event":"Cosmos performance (verdanta_weekly__dbt_weekly) - [e56005473659|6188]: It took 0.142s to parse the dbt project for DAG using LoadMode.DBT_LS_CACHE","logger":"cosmos.converter","filename":"converter.py","lineno":371}
{"timestamp":"2026-08-29T11:48:04.279318Z","level":"info","event":"Cosmos performance (verdanta_weekly__dbt_weekly) - [e56005473659|6188]: It took 0.0213s to build the Airflow DAG.","logger":"cosmos.converter","filename":"converter.py","lineno":423}
{"timestamp":"2026-08-29T11:48:04.279454Z","level":"info","event":"::endgroup::Cosmos DAG parsing logs","logger":"cosmos.converter","filename":"converter.py","lineno":430}
{"timestamp":"2026-08-29T11:48:04.279874Z","level":"warning","event":"Using Variable.get from `airflow.models` is deprecated.Please use `get` on Variable from sdk(`airflow.sdk.Variable`) instead","category":"UserWarning","filename":"/home/airflow/.local/lib/python3.13/site-packages/airflow/models/variable.py","lineno":158,"logger":"py.warnings"}
{"timestamp":"2026-08-29T11:48:34.837785Z","level":"info","event":"Filling up the DagBag from /opt/airflow/dags/verdanta_weekly.py","logger":"airflow.dag_processing.dagbag.BundleDagBag","filename":"dagbag.py","lineno":469}
{"timestamp":"2026-08-29T11:48:34.922091Z","level":"info","event":"::group::Cosmos DAG parsing logs","logger":"cosmos.converter","filename":"converter.py","lineno":321}
{"timestamp":"2026-08-29T11:48:34.926423Z","level":"info","event":"Cosmos cache dir resolved to /tmp/cosmos/verdanta_weekly__dbt_weekly","logger":"cosmos.converter","filename":"converter.py","lineno":346}
{"timestamp":"2026-08-29T11:48:34.927468Z","level":"info","event":"Trying to parse the dbt project using dbt ls cache cosmos_cache__verdanta_weekly__dbt_weekly...","logger":"cosmos.dbt.graph","filename":"graph.py","lineno":869}
{"timestamp":"2026-08-29T11:48:35.082721Z","level":"info","event":"Cosmos performance: time to calculate cache identifier cosmos_cache__verdanta_weekly__dbt_weekly for current version: 0.13781912199920043","logger":"cosmos.cache","filename":"cache.py","lineno":401}
{"timestamp":"2026-08-29T11:48:35.083102Z","level":"info","event":"Cosmos performance [e56005473659|6227]: The cache size for cosmos_cache__verdanta_weekly__dbt_weekly is 23804","logger":"cosmos.dbt.graph","filename":"graph.py","lineno":886}
{"timestamp":"2026-08-29T11:48:35.084195Z","level":"info","event":"Cosmos performance: Cache hit for cosmos_cache__verdanta_weekly__dbt_weekly - 39a8c4b6e19a7b5e14cfea47af7dbd90,1ae01f5b93cde0ad1f6d9482f1b54abd","logger":"cosmos.dbt.graph","filename":"graph.py","lineno":898}
{"timestamp":"2026-08-29T11:48:35.084344Z","level":"info","event":"Total nodes: 27","logger":"cosmos.dbt.graph","filename":"graph.py","lineno":799}
{"timestamp":"2026-08-29T11:48:35.084410Z","level":"info","event":"Total filtered nodes: 27","logger":"cosmos.dbt.graph","filename":"graph.py","lineno":800}
{"timestamp":"2026-08-29T11:48:35.084478Z","level":"info","event":"Cosmos performance (verdanta_weekly__dbt_weekly) - [e56005473659|6227]: It took 0.157s to parse the dbt project for DAG using LoadMode.DBT_LS_CACHE","logger":"cosmos.converter","filename":"converter.py","lineno":371}
{"timestamp":"2026-08-29T11:48:35.108570Z","level":"info","event":"Cosmos performance (verdanta_weekly__dbt_weekly) - [e56005473659|6227]: It took 0.024s to build the Airflow DAG.","logger":"cosmos.converter","filename":"converter.py","lineno":423}
{"timestamp":"2026-08-29T11:48:35.108741Z","level":"info","event":"::endgroup::Cosmos DAG parsing logs","logger":"cosmos.converter","filename":"converter.py","lineno":430}
{"timestamp":"2026-08-29T11:48:35.109400Z","level":"warning","event":"Using Variable.get from `airflow.models` is deprecated.Please use `get` on Variable from sdk(`airflow.sdk.Variable`) instead","category":"UserWarning","filename":"/home/airflow/.local/lib/python3.13/site-packages/airflow/models/variable.py","lineno":158,"logger":"py.warnings"}
{"timestamp":"2026-08-29T11:49:05.605987Z","level":"info","event":"Filling up the DagBag from /opt/airflow/dags/verdanta_weekly.py","logger":"airflow.dag_processing.dagbag.BundleDagBag","filename":"dagbag.py","lineno":469}
{"timestamp":"2026-08-29T11:49:05.696908Z","level":"info","event":"::group::Cosmos DAG parsing logs","logger":"cosmos.converter","filename":"converter.py","lineno":321}
{"timestamp":"2026-08-29T11:49:05.701853Z","level":"info","event":"Cosmos cache dir resolved to /tmp/cosmos/verdanta_weekly__dbt_weekly","logger":"cosmos.converter","filename":"converter.py","lineno":346}
{"timestamp":"2026-08-29T11:49:05.702243Z","level":"info","event":"Trying to parse the dbt project using dbt ls cache cosmos_cache__verdanta_weekly__dbt_weekly...","logger":"cosmos.dbt.graph","filename":"graph.py","lineno":869}
{"timestamp":"2026-08-29T11:49:05.856233Z","level":"info","event":"Cosmos performance: time to calculate cache identifier cosmos_cache__verdanta_weekly__dbt_weekly for current version: 0.13754316400081734","logger":"cosmos.cache","filename":"cache.py","lineno":401}
{"timestamp":"2026-08-29T11:49:05.856484Z","level":"info","event":"Cosmos performance [e56005473659|6260]: The cache size for cosmos_cache__verdanta_weekly__dbt_weekly is 23804","logger":"cosmos.dbt.graph","filename":"graph.py","lineno":886}
{"timestamp":"2026-08-29T11:49:05.857474Z","level":"info","event":"Cosmos performance: Cache hit for cosmos_cache__verdanta_weekly__dbt_weekly - 39a8c4b6e19a7b5e14cfea47af7dbd90,1ae01f5b93cde0ad1f6d9482f1b54abd","logger":"cosmos.dbt.graph","filename":"graph.py","lineno":898}
{"timestamp":"2026-08-29T11:49:05.857635Z","level":"info","event":"Total nodes: 27","logger":"cosmos.dbt.graph","filename":"graph.py","lineno":799}
{"timestamp":"2026-08-29T11:49:05.857709Z","level":"info","event":"Total filtered nodes: 27","logger":"cosmos.dbt.graph","filename":"graph.py","lineno":800}
{"timestamp":"2026-08-29T11:49:05.857778Z","level":"info","event":"Cosmos performance (verdanta_weekly__dbt_weekly) - [e56005473659|6260]: It took 0.156s to parse the dbt project for DAG using LoadMode.DBT_LS_CACHE","logger":"cosmos.converter","filename":"converter.py","lineno":371}
{"timestamp":"2026-08-29T11:49:05.882036Z","level":"info","event":"Cosmos performance (verdanta_weekly__dbt_weekly) - [e56005473659|6260]: It took 0.0242s to build the Airflow DAG.","logger":"cosmos.converter","filename":"converter.py","lineno":423}
{"timestamp":"2026-08-29T11:49:05.882237Z","level":"info","event":"::endgroup::Cosmos DAG parsing logs","logger":"cosmos.converter","filename":"converter.py","lineno":430}
{"timestamp":"2026-08-29T11:49:05.882937Z","level":"warning","event":"Using Variable.get from `airflow.models` is deprecated.Please use `get` on Variable from sdk(`airflow.sdk.Variable`) instead","category":"UserWarning","filename":"/home/airflow/.local/lib/python3.13/site-packages/airflow/models/variable.py","lineno":158,"logger":"py.warnings"}
{"timestamp":"2026-08-29T11:49:36.785015Z","level":"info","event":"Filling up the DagBag from /opt/airflow/dags/verdanta_weekly.py","logger":"airflow.dag_processing.dagbag.BundleDagBag","filename":"dagbag.py","lineno":469}
{"timestamp":"2026-08-29T11:49:36.858331Z","level":"info","event":"::group::Cosmos DAG parsing logs","logger":"cosmos.converter","filename":"converter.py","lineno":321}
{"timestamp":"2026-08-29T11:49:36.862176Z","level":"info","event":"Cosmos cache dir resolved to /tmp/cosmos/verdanta_weekly__dbt_weekly","logger":"cosmos.converter","filename":"converter.py","lineno":346}
{"timestamp":"2026-08-29T11:49:36.862454Z","level":"info","event":"Trying to parse the dbt project using dbt ls cache cosmos_cache__verdanta_weekly__dbt_weekly...","logger":"cosmos.dbt.graph","filename":"graph.py","lineno":869}
{"timestamp":"2026-08-29T11:49:37.008278Z","level":"info","event":"Cosmos performance: time to calculate cache identifier cosmos_cache__verdanta_weekly__dbt_weekly for current version: 0.12966976099960448","logger":"cosmos.cache","filename":"cache.py","lineno":401}
{"timestamp":"2026-08-29T11:49:37.008543Z","level":"info","event":"Cosmos performance [e56005473659|6295]: The cache size for cosmos_cache__verdanta_weekly__dbt_weekly is 23804","logger":"cosmos.dbt.graph","filename":"graph.py","lineno":886}
{"timestamp":"2026-08-29T11:49:37.009562Z","level":"info","event":"Cosmos performance: Cache hit for cosmos_cache__verdanta_weekly__dbt_weekly - 39a8c4b6e19a7b5e14cfea47af7dbd90,1ae01f5b93cde0ad1f6d9482f1b54abd","logger":"cosmos.dbt.graph","filename":"graph.py","lineno":898}
{"timestamp":"2026-08-29T11:49:37.009704Z","level":"info","event":"Total nodes: 27","logger":"cosmos.dbt.graph","filename":"graph.py","lineno":799}
{"timestamp":"2026-08-29T11:49:37.009771Z","level":"info","event":"Total filtered nodes: 27","logger":"cosmos.dbt.graph","filename":"graph.py","lineno":800}
{"timestamp":"2026-08-29T11:49:37.009838Z","level":"info","event":"Cosmos performance (verdanta_weekly__dbt_weekly) - [e56005473659|6295]: It took 0.147s to parse the dbt project for DAG using LoadMode.DBT_LS_CACHE","logger":"cosmos.converter","filename":"converter.py","lineno":371}
{"timestamp":"2026-08-29T11:49:37.033934Z","level":"info","event":"Cosmos performance (verdanta_weekly__dbt_weekly) - [e56005473659|6295]: It took 0.024s to build the Airflow DAG.","logger":"cosmos.converter","filename":"converter.py","lineno":423}
{"timestamp":"2026-08-29T11:49:37.034107Z","level":"info","event":"::endgroup::Cosmos DAG parsing logs","logger":"cosmos.converter","filename":"converter.py","lineno":430}
{"timestamp":"2026-08-29T11:49:37.034645Z","level":"warning","event":"Using Variable.get from `airflow.models` is deprecated.Please use `get` on Variable from sdk(`airflow.sdk.Variable`) instead","category":"UserWarning","filename":"/home/airflow/.local/lib/python3.13/site-packages/airflow/models/variable.py","lineno":158,"logger":"py.warnings"}
{"timestamp":"2026-08-29T11:50:07.635253Z","level":"info","event":"Filling up the DagBag from /opt/airflow/dags/verdanta_weekly.py","logger":"airflow.dag_processing.dagbag.BundleDagBag","filename":"dagbag.py","lineno":469}
{"timestamp":"2026-08-29T11:50:07.701001Z","level":"info","event":"::group::Cosmos DAG parsing logs","logger":"cosmos.converter","filename":"converter.py","lineno":321}
{"timestamp":"2026-08-29T11:50:07.704549Z","level":"info","event":"Cosmos cache dir resolved to /tmp/cosmos/verdanta_weekly__dbt_weekly","logger":"cosmos.converter","filename":"converter.py","lineno":346}
{"timestamp":"2026-08-29T11:50:07.704765Z","level":"info","event":"Trying to parse the dbt project using dbt ls cache cosmos_cache__verdanta_weekly__dbt_weekly...","logger":"cosmos.dbt.graph","filename":"graph.py","lineno":869}
{"timestamp":"2026-08-29T11:50:07.844462Z","level":"info","event":"Cosmos performance: time to calculate cache identifier cosmos_cache__verdanta_weekly__dbt_weekly for current version: 0.12469109499943443","logger":"cosmos.cache","filename":"cache.py","lineno":401}
{"timestamp":"2026-08-29T11:50:07.844700Z","level":"info","event":"Cosmos performance [e56005473659|6324]: The cache size for cosmos_cache__verdanta_weekly__dbt_weekly is 23804","logger":"cosmos.dbt.graph","filename":"graph.py","lineno":886}
{"timestamp":"2026-08-29T11:50:07.845628Z","level":"info","event":"Cosmos performance: Cache hit for cosmos_cache__verdanta_weekly__dbt_weekly - 39a8c4b6e19a7b5e14cfea47af7dbd90,1ae01f5b93cde0ad1f6d9482f1b54abd","logger":"cosmos.dbt.graph","filename":"graph.py","lineno":898}
{"timestamp":"2026-08-29T11:50:07.845767Z","level":"info","event":"Total nodes: 27","logger":"cosmos.dbt.graph","filename":"graph.py","lineno":799}
{"timestamp":"2026-08-29T11:50:07.845827Z","level":"info","event":"Total filtered nodes: 27","logger":"cosmos.dbt.graph","filename":"graph.py","lineno":800}
{"timestamp":"2026-08-29T11:50:07.845894Z","level":"info","event":"Cosmos performance (verdanta_weekly__dbt_weekly) - [e56005473659|6324]: It took 0.141s to parse the dbt project for DAG using LoadMode.DBT_LS_CACHE","logger":"cosmos.converter","filename":"converter.py","lineno":371}
{"timestamp":"2026-08-29T11:50:07.867813Z","level":"info","event":"Cosmos performance (verdanta_weekly__dbt_weekly) - [e56005473659|6324]: It took 0.0219s to build the Airflow DAG.","logger":"cosmos.converter","filename":"converter.py","lineno":423}
{"timestamp":"2026-08-29T11:50:07.867982Z","level":"info","event":"::endgroup::Cosmos DAG parsing logs","logger":"cosmos.converter","filename":"converter.py","lineno":430}
{"timestamp":"2026-08-29T11:50:07.868584Z","level":"warning","event":"Using Variable.get from `airflow.models` is deprecated.Please use `get` on Variable from sdk(`airflow.sdk.Variable`) instead","category":"UserWarning","filename":"/home/airflow/.local/lib/python3.13/site-packages/airflow/models/variable.py","lineno":158,"logger":"py.warnings"}
{"timestamp":"2026-08-29T11:50:38.731586Z","level":"info","event":"Filling up the DagBag from /opt/airflow/dags/verdanta_weekly.py","logger":"airflow.dag_processing.dagbag.BundleDagBag","filename":"dagbag.py","lineno":469}
{"timestamp":"2026-08-29T11:50:38.798409Z","level":"info","event":"::group::Cosmos DAG parsing logs","logger":"cosmos.converter","filename":"converter.py","lineno":321}
{"timestamp":"2026-08-29T11:50:38.801704Z","level":"info","event":"Cosmos cache dir resolved to /tmp/cosmos/verdanta_weekly__dbt_weekly","logger":"cosmos.converter","filename":"converter.py","lineno":346}
{"timestamp":"2026-08-29T11:50:38.801902Z","level":"info","event":"Trying to parse the dbt project using dbt ls cache cosmos_cache__verdanta_weekly__dbt_weekly...","logger":"cosmos.dbt.graph","filename":"graph.py","lineno":869}
{"timestamp":"2026-08-29T11:50:38.943882Z","level":"info","event":"Cosmos performance: time to calculate cache identifier cosmos_cache__verdanta_weekly__dbt_weekly for current version: 0.1257186080001702","logger":"cosmos.cache","filename":"cache.py","lineno":401}
{"timestamp":"2026-08-29T11:50:38.944123Z","level":"info","event":"Cosmos performance [e56005473659|6360]: The cache size for cosmos_cache__verdanta_weekly__dbt_weekly is 23804","logger":"cosmos.dbt.graph","filename":"graph.py","lineno":886}
{"timestamp":"2026-08-29T11:50:38.945702Z","level":"info","event":"Cosmos performance: Cache hit for cosmos_cache__verdanta_weekly__dbt_weekly - 39a8c4b6e19a7b5e14cfea47af7dbd90,1ae01f5b93cde0ad1f6d9482f1b54abd","logger":"cosmos.dbt.graph","filename":"graph.py","lineno":898}
{"timestamp":"2026-08-29T11:50:38.945838Z","level":"info","event":"Total nodes: 27","logger":"cosmos.dbt.graph","filename":"graph.py","lineno":799}
{"timestamp":"2026-08-29T11:50:38.945909Z","level":"info","event":"Total filtered nodes: 27","logger":"cosmos.dbt.graph","filename":"graph.py","lineno":800}
{"timestamp":"2026-08-29T11:50:38.945971Z","level":"info","event":"Cosmos performance (verdanta_weekly__dbt_weekly) - [e56005473659|6360]: It took 0.144s to parse the dbt project for DAG using LoadMode.DBT_LS_CACHE","logger":"cosmos.converter","filename":"converter.py","lineno":371}
{"timestamp":"2026-08-29T11:50:38.967447Z","level":"info","event":"Cosmos performance (verdanta_weekly__dbt_weekly) - [e56005473659|6360]: It took 0.0214s to build the Airflow DAG.","logger":"cosmos.converter","filename":"converter.py","lineno":423}
{"timestamp":"2026-08-29T11:50:38.967609Z","level":"info","event":"::endgroup::Cosmos DAG parsing logs","logger":"cosmos.converter","filename":"converter.py","lineno":430}
{"timestamp":"2026-08-29T11:50:38.968097Z","level":"warning","event":"Using Variable.get from `airflow.models` is deprecated.Please use `get` on Variable from sdk(`airflow.sdk.Variable`) instead","category":"UserWarning","filename":"/home/airflow/.local/lib/python3.13/site-packages/airflow/models/variable.py","lineno":158,"logger":"py.warnings"}
{"timestamp":"2026-08-29T11:51:09.303733Z","level":"info","event":"Filling up the DagBag from /opt/airflow/dags/verdanta_weekly.py","logger":"airflow.dag_processing.dagbag.BundleDagBag","filename":"dagbag.py","lineno":469}
{"timestamp":"2026-08-29T11:51:09.375495Z","level":"info","event":"::group::Cosmos DAG parsing logs","logger":"cosmos.converter","filename":"converter.py","lineno":321}
{"timestamp":"2026-08-29T11:51:09.379191Z","level":"info","event":"Cosmos cache dir resolved to /tmp/cosmos/verdanta_weekly__dbt_weekly","logger":"cosmos.converter","filename":"converter.py","lineno":346}
{"timestamp":"2026-08-29T11:51:09.379430Z","level":"info","event":"Trying to parse the dbt project using dbt ls cache cosmos_cache__verdanta_weekly__dbt_weekly...","logger":"cosmos.dbt.graph","filename":"graph.py","lineno":869}
{"timestamp":"2026-08-29T11:51:09.519231Z","level":"info","event":"Cosmos performance: time to calculate cache identifier cosmos_cache__verdanta_weekly__dbt_weekly for current version: 0.12644546199953766","logger":"cosmos.cache","filename":"cache.py","lineno":401}
{"timestamp":"2026-08-29T11:51:09.519516Z","level":"info","event":"Cosmos performance [e56005473659|6394]: The cache size for cosmos_cache__verdanta_weekly__dbt_weekly is 23804","logger":"cosmos.dbt.graph","filename":"graph.py","lineno":886}
{"timestamp":"2026-08-29T11:51:09.520520Z","level":"info","event":"Cosmos performance: Cache hit for cosmos_cache__verdanta_weekly__dbt_weekly - 39a8c4b6e19a7b5e14cfea47af7dbd90,1ae01f5b93cde0ad1f6d9482f1b54abd","logger":"cosmos.dbt.graph","filename":"graph.py","lineno":898}
{"timestamp":"2026-08-29T11:51:09.520658Z","level":"info","event":"Total nodes: 27","logger":"cosmos.dbt.graph","filename":"graph.py","lineno":799}
{"timestamp":"2026-08-29T11:51:09.520724Z","level":"info","event":"Total filtered nodes: 27","logger":"cosmos.dbt.graph","filename":"graph.py","lineno":800}
{"timestamp":"2026-08-29T11:51:09.520791Z","level":"info","event":"Cosmos performance (verdanta_weekly__dbt_weekly) - [e56005473659|6394]: It took 0.141s to parse the dbt project for DAG using LoadMode.DBT_LS_CACHE","logger":"cosmos.converter","filename":"converter.py","lineno":371}
{"timestamp":"2026-08-29T11:51:09.542984Z","level":"info","event":"Cosmos performance (verdanta_weekly__dbt_weekly) - [e56005473659|6394]: It took 0.0221s to build the Airflow DAG.","logger":"cosmos.converter","filename":"converter.py","lineno":423}
{"timestamp":"2026-08-29T11:51:09.543148Z","level":"info","event":"::endgroup::Cosmos DAG parsing logs","logger":"cosmos.converter","filename":"converter.py","lineno":430}
{"timestamp":"2026-08-29T11:51:09.543740Z","level":"warning","event":"Using Variable.get from `airflow.models` is deprecated.Please use `get` on Variable from sdk(`airflow.sdk.Variable`) instead","category":"UserWarning","filename":"/home/airflow/.local/lib/python3.13/site-packages/airflow/models/variable.py","lineno":158,"logger":"py.warnings"}
{"timestamp":"2026-08-29T11:51:40.458156Z","level":"info","event":"Filling up the DagBag from /opt/airflow/dags/verdanta_weekly.py","logger":"airflow.dag_processing.dagbag.BundleDagBag","filename":"dagbag.py","lineno":469}
{"timestamp":"2026-08-29T11:51:40.534246Z","level":"info","event":"::group::Cosmos DAG parsing logs","logger":"cosmos.converter","filename":"converter.py","lineno":321}
{"timestamp":"2026-08-29T11:51:40.537988Z","level":"info","event":"Cosmos cache dir resolved to /tmp/cosmos/verdanta_weekly__dbt_weekly","logger":"cosmos.converter","filename":"converter.py","lineno":346}
{"timestamp":"2026-08-29T11:51:40.538172Z","level":"info","event":"Trying to parse the dbt project using dbt ls cache cosmos_cache__verdanta_weekly__dbt_weekly...","logger":"cosmos.dbt.graph","filename":"graph.py","lineno":869}
{"timestamp":"2026-08-29T11:51:40.675660Z","level":"info","event":"Cosmos performance: time to calculate cache identifier cosmos_cache__verdanta_weekly__dbt_weekly for current version: 0.12394442400000116","logger":"cosmos.cache","filename":"cache.py","lineno":401}
{"timestamp":"2026-08-29T11:51:40.675942Z","level":"info","event":"Cosmos performance [e56005473659|6410]: The cache size for cosmos_cache__verdanta_weekly__dbt_weekly is 23804","logger":"cosmos.dbt.graph","filename":"graph.py","lineno":886}
{"timestamp":"2026-08-29T11:51:40.676916Z","level":"info","event":"Cosmos performance: Cache hit for cosmos_cache__verdanta_weekly__dbt_weekly - 39a8c4b6e19a7b5e14cfea47af7dbd90,1ae01f5b93cde0ad1f6d9482f1b54abd","logger":"cosmos.dbt.graph","filename":"graph.py","lineno":898}
{"timestamp":"2026-08-29T11:51:40.677045Z","level":"info","event":"Total nodes: 27","logger":"cosmos.dbt.graph","filename":"graph.py","lineno":799}
{"timestamp":"2026-08-29T11:51:40.677106Z","level":"info","event":"Total filtered nodes: 27","logger":"cosmos.dbt.graph","filename":"graph.py","lineno":800}
{"timestamp":"2026-08-29T11:51:40.677169Z","level":"info","event":"Cosmos performance (verdanta_weekly__dbt_weekly) - [e56005473659|6410]: It took 0.139s to parse the dbt project for DAG using LoadMode.DBT_LS_CACHE","logger":"cosmos.converter","filename":"converter.py","lineno":371}
{"timestamp":"2026-08-29T11:51:40.699934Z","level":"info","event":"Cosmos performance (verdanta_weekly__dbt_weekly) - [e56005473659|6410]: It took 0.0227s to build the Airflow DAG.","logger":"cosmos.converter","filename":"converter.py","lineno":423}
{"timestamp":"2026-08-29T11:51:40.700096Z","level":"info","event":"::endgroup::Cosmos DAG parsing logs","logger":"cosmos.converter","filename":"converter.py","lineno":430}
{"timestamp":"2026-08-29T11:51:40.700600Z","level":"warning","event":"Using Variable.get from `airflow.models` is deprecated.Please use `get` on Variable from sdk(`airflow.sdk.Variable`) instead","category":"UserWarning","filename":"/home/airflow/.local/lib/python3.13/site-packages/airflow/models/variable.py","lineno":158,"logger":"py.warnings"}
{"timestamp":"2026-08-29T11:52:11.637499Z","level":"info","event":"Filling up the DagBag from /opt/airflow/dags/verdanta_weekly.py","logger":"airflow.dag_processing.dagbag.BundleDagBag","filename":"dagbag.py","lineno":469}
{"timestamp":"2026-08-29T11:52:11.706960Z","level":"info","event":"::group::Cosmos DAG parsing logs","logger":"cosmos.converter","filename":"converter.py","lineno":321}
{"timestamp":"2026-08-29T11:52:11.710688Z","level":"info","event":"Cosmos cache dir resolved to /tmp/cosmos/verdanta_weekly__dbt_weekly","logger":"cosmos.converter","filename":"converter.py","lineno":346}
{"timestamp":"2026-08-29T11:52:11.710911Z","level":"info","event":"Trying to parse the dbt project using dbt ls cache cosmos_cache__verdanta_weekly__dbt_weekly...","logger":"cosmos.dbt.graph","filename":"graph.py","lineno":869}
{"timestamp":"2026-08-29T11:52:11.848885Z","level":"info","event":"Cosmos performance: time to calculate cache identifier cosmos_cache__verdanta_weekly__dbt_weekly for current version: 0.12392068900044251","logger":"cosmos.cache","filename":"cache.py","lineno":401}
{"timestamp":"2026-08-29T11:52:11.849141Z","level":"info","event":"Cosmos performance [e56005473659|6446]: The cache size for cosmos_cache__verdanta_weekly__dbt_weekly is 23804","logger":"cosmos.dbt.graph","filename":"graph.py","lineno":886}
{"timestamp":"2026-08-29T11:52:11.864449Z","level":"info","event":"Cosmos performance: Cache hit for cosmos_cache__verdanta_weekly__dbt_weekly - 39a8c4b6e19a7b5e14cfea47af7dbd90,1ae01f5b93cde0ad1f6d9482f1b54abd","logger":"cosmos.dbt.graph","filename":"graph.py","lineno":898}
{"timestamp":"2026-08-29T11:52:11.864664Z","level":"info","event":"Total nodes: 27","logger":"cosmos.dbt.graph","filename":"graph.py","lineno":799}
{"timestamp":"2026-08-29T11:52:11.864744Z","level":"info","event":"Total filtered nodes: 27","logger":"cosmos.dbt.graph","filename":"graph.py","lineno":800}
{"timestamp":"2026-08-29T11:52:11.864815Z","level":"info","event":"Cosmos performance (verdanta_weekly__dbt_weekly) - [e56005473659|6446]: It took 0.154s to parse the dbt project for DAG using LoadMode.DBT_LS_CACHE","logger":"cosmos.converter","filename":"converter.py","lineno":371}
{"timestamp":"2026-08-29T11:52:11.886670Z","level":"info","event":"Cosmos performance (verdanta_weekly__dbt_weekly) - [e56005473659|6446]: It took 0.0218s to build the Airflow DAG.","logger":"cosmos.converter","filename":"converter.py","lineno":423}
{"timestamp":"2026-08-29T11:52:11.886817Z","level":"info","event":"::endgroup::Cosmos DAG parsing logs","logger":"cosmos.converter","filename":"converter.py","lineno":430}
{"timestamp":"2026-08-29T11:52:11.888091Z","level":"warning","event":"Using Variable.get from `airflow.models` is deprecated.Please use `get` on Variable from sdk(`airflow.sdk.Variable`) instead","category":"UserWarning","filename":"/home/airflow/.local/lib/python3.13/site-packages/airflow/models/variable.py","lineno":158,"logger":"py.warnings"}
{"timestamp":"2026-08-29T11:52:42.577610Z","level":"info","event":"Filling up the DagBag from /opt/airflow/dags/verdanta_weekly.py","logger":"airflow.dag_processing.dagbag.BundleDagBag","filename":"dagbag.py","lineno":469}
{"timestamp":"2026-08-29T11:52:42.655816Z","level":"info","event":"::group::Cosmos DAG parsing logs","logger":"cosmos.converter","filename":"converter.py","lineno":321}
{"timestamp":"2026-08-29T11:52:42.658996Z","level":"info","event":"Cosmos cache dir resolved to /tmp/cosmos/verdanta_weekly__dbt_weekly","logger":"cosmos.converter","filename":"converter.py","lineno":346}
{"timestamp":"2026-08-29T11:52:42.659205Z","level":"info","event":"Trying to parse the dbt project using dbt ls cache cosmos_cache__verdanta_weekly__dbt_weekly...","logger":"cosmos.dbt.graph","filename":"graph.py","lineno":869}
{"timestamp":"2026-08-29T11:52:42.798523Z","level":"info","event":"Cosmos performance: time to calculate cache identifier cosmos_cache__verdanta_weekly__dbt_weekly for current version: 0.1244740490001277","logger":"cosmos.cache","filename":"cache.py","lineno":401}
{"timestamp":"2026-08-29T11:52:42.798747Z","level":"info","event":"Cosmos performance [e56005473659|6482]: The cache size for cosmos_cache__verdanta_weekly__dbt_weekly is 23804","logger":"cosmos.dbt.graph","filename":"graph.py","lineno":886}
{"timestamp":"2026-08-29T11:52:42.799608Z","level":"info","event":"Cosmos performance: Cache hit for cosmos_cache__verdanta_weekly__dbt_weekly - 39a8c4b6e19a7b5e14cfea47af7dbd90,1ae01f5b93cde0ad1f6d9482f1b54abd","logger":"cosmos.dbt.graph","filename":"graph.py","lineno":898}
{"timestamp":"2026-08-29T11:52:42.799738Z","level":"info","event":"Total nodes: 27","logger":"cosmos.dbt.graph","filename":"graph.py","lineno":799}
{"timestamp":"2026-08-29T11:52:42.799798Z","level":"info","event":"Total filtered nodes: 27","logger":"cosmos.dbt.graph","filename":"graph.py","lineno":800}
{"timestamp":"2026-08-29T11:52:42.799871Z","level":"info","event":"Cosmos performance (verdanta_weekly__dbt_weekly) - [e56005473659|6482]: It took 0.141s to parse the dbt project for DAG using LoadMode.DBT_LS_CACHE","logger":"cosmos.converter","filename":"converter.py","lineno":371}
{"timestamp":"2026-08-29T11:52:42.822309Z","level":"info","event":"Cosmos performance (verdanta_weekly__dbt_weekly) - [e56005473659|6482]: It took 0.0224s to build the Airflow DAG.","logger":"cosmos.converter","filename":"converter.py","lineno":423}
{"timestamp":"2026-08-29T11:52:42.822479Z","level":"info","event":"::endgroup::Cosmos DAG parsing logs","logger":"cosmos.converter","filename":"converter.py","lineno":430}
{"timestamp":"2026-08-29T11:52:42.822870Z","level":"warning","event":"Using Variable.get from `airflow.models` is deprecated.Please use `get` on Variable from sdk(`airflow.sdk.Variable`) instead","category":"UserWarning","filename":"/home/airflow/.local/lib/python3.13/site-packages/airflow/models/variable.py","lineno":158,"logger":"py.warnings"}
{"timestamp":"2026-08-29T11:53:13.680164Z","level":"info","event":"Filling up the DagBag from /opt/airflow/dags/verdanta_weekly.py","logger":"airflow.dag_processing.dagbag.BundleDagBag","filename":"dagbag.py","lineno":469}
{"timestamp":"2026-08-29T11:53:13.760138Z","level":"info","event":"::group::Cosmos DAG parsing logs","logger":"cosmos.converter","filename":"converter.py","lineno":321}
{"timestamp":"2026-08-29T11:53:13.763629Z","level":"info","event":"Cosmos cache dir resolved to /tmp/cosmos/verdanta_weekly__dbt_weekly","logger":"cosmos.converter","filename":"converter.py","lineno":346}
{"timestamp":"2026-08-29T11:53:13.763832Z","level":"info","event":"Trying to parse the dbt project using dbt ls cache cosmos_cache__verdanta_weekly__dbt_weekly...","logger":"cosmos.dbt.graph","filename":"graph.py","lineno":869}
{"timestamp":"2026-08-29T11:53:13.900231Z","level":"info","event":"Cosmos performance: time to calculate cache identifier cosmos_cache__verdanta_weekly__dbt_weekly for current version: 0.1230661150002561","logger":"cosmos.cache","filename":"cache.py","lineno":401}
{"timestamp":"2026-08-29T11:53:13.900468Z","level":"info","event":"Cosmos performance [e56005473659|6518]: The cache size for cosmos_cache__verdanta_weekly__dbt_weekly is 23804","logger":"cosmos.dbt.graph","filename":"graph.py","lineno":886}
{"timestamp":"2026-08-29T11:53:13.905116Z","level":"info","event":"Cosmos performance: Cache hit for cosmos_cache__verdanta_weekly__dbt_weekly - 39a8c4b6e19a7b5e14cfea47af7dbd90,1ae01f5b93cde0ad1f6d9482f1b54abd","logger":"cosmos.dbt.graph","filename":"graph.py","lineno":898}
{"timestamp":"2026-08-29T11:53:13.905270Z","level":"info","event":"Total nodes: 27","logger":"cosmos.dbt.graph","filename":"graph.py","lineno":799}
{"timestamp":"2026-08-29T11:53:13.905328Z","level":"info","event":"Total filtered nodes: 27","logger":"cosmos.dbt.graph","filename":"graph.py","lineno":800}
{"timestamp":"2026-08-29T11:53:13.905404Z","level":"info","event":"Cosmos performance (verdanta_weekly__dbt_weekly) - [e56005473659|6518]: It took 0.142s to parse the dbt project for DAG using LoadMode.DBT_LS_CACHE","logger":"cosmos.converter","filename":"converter.py","lineno":371}
{"timestamp":"2026-08-29T11:53:13.926650Z","level":"info","event":"Cosmos performance (verdanta_weekly__dbt_weekly) - [e56005473659|6518]: It took 0.0212s to build the Airflow DAG.","logger":"cosmos.converter","filename":"converter.py","lineno":423}
{"timestamp":"2026-08-29T11:53:13.926799Z","level":"info","event":"::endgroup::Cosmos DAG parsing logs","logger":"cosmos.converter","filename":"converter.py","lineno":430}
{"timestamp":"2026-08-29T11:53:13.927218Z","level":"warning","event":"Using Variable.get from `airflow.models` is deprecated.Please use `get` on Variable from sdk(`airflow.sdk.Variable`) instead","category":"UserWarning","filename":"/home/airflow/.local/lib/python3.13/site-packages/airflow/models/variable.py","lineno":158,"logger":"py.warnings"}
{"timestamp":"2026-08-29T11:53:44.791462Z","level":"info","event":"Filling up the DagBag from /opt/airflow/dags/verdanta_weekly.py","logger":"airflow.dag_processing.dagbag.BundleDagBag","filename":"dagbag.py","lineno":469}
{"timestamp":"2026-08-29T11:53:44.872116Z","level":"info","event":"::group::Cosmos DAG parsing logs","logger":"cosmos.converter","filename":"converter.py","lineno":321}
{"timestamp":"2026-08-29T11:53:44.875455Z","level":"info","event":"Cosmos cache dir resolved to /tmp/cosmos/verdanta_weekly__dbt_weekly","logger":"cosmos.converter","filename":"converter.py","lineno":346}
{"timestamp":"2026-08-29T11:53:44.875673Z","level":"info","event":"Trying to parse the dbt project using dbt ls cache cosmos_cache__verdanta_weekly__dbt_weekly...","logger":"cosmos.dbt.graph","filename":"graph.py","lineno":869}
{"timestamp":"2026-08-29T11:53:45.019780Z","level":"info","event":"Cosmos performance: time to calculate cache identifier cosmos_cache__verdanta_weekly__dbt_weekly for current version: 0.12709810599881166","logger":"cosmos.cache","filename":"cache.py","lineno":401}
{"timestamp":"2026-08-29T11:53:45.020021Z","level":"info","event":"Cosmos performance [e56005473659|6553]: The cache size for cosmos_cache__verdanta_weekly__dbt_weekly is 23804","logger":"cosmos.dbt.graph","filename":"graph.py","lineno":886}
{"timestamp":"2026-08-29T11:53:45.021587Z","level":"info","event":"Cosmos performance: Cache hit for cosmos_cache__verdanta_weekly__dbt_weekly - 39a8c4b6e19a7b5e14cfea47af7dbd90,1ae01f5b93cde0ad1f6d9482f1b54abd","logger":"cosmos.dbt.graph","filename":"graph.py","lineno":898}
{"timestamp":"2026-08-29T11:53:45.021716Z","level":"info","event":"Total nodes: 27","logger":"cosmos.dbt.graph","filename":"graph.py","lineno":799}
{"timestamp":"2026-08-29T11:53:45.021776Z","level":"info","event":"Total filtered nodes: 27","logger":"cosmos.dbt.graph","filename":"graph.py","lineno":800}
{"timestamp":"2026-08-29T11:53:45.021840Z","level":"info","event":"Cosmos performance (verdanta_weekly__dbt_weekly) - [e56005473659|6553]: It took 0.146s to parse the dbt project for DAG using LoadMode.DBT_LS_CACHE","logger":"cosmos.converter","filename":"converter.py","lineno":371}
{"timestamp":"2026-08-29T11:53:45.043653Z","level":"info","event":"Cosmos performance (verdanta_weekly__dbt_weekly) - [e56005473659|6553]: It took 0.0218s to build the Airflow DAG.","logger":"cosmos.converter","filename":"converter.py","lineno":423}
{"timestamp":"2026-08-29T11:53:45.043798Z","level":"info","event":"::endgroup::Cosmos DAG parsing logs","logger":"cosmos.converter","filename":"converter.py","lineno":430}
{"timestamp":"2026-08-29T11:53:45.044204Z","level":"warning","event":"Using Variable.get from `airflow.models` is deprecated.Please use `get` on Variable from sdk(`airflow.sdk.Variable`) instead","category":"UserWarning","filename":"/home/airflow/.local/lib/python3.13/site-packages/airflow/models/variable.py","lineno":158,"logger":"py.warnings"}
{"timestamp":"2026-08-29T11:54:15.847578Z","level":"info","event":"Filling up the DagBag from /opt/airflow/dags/verdanta_weekly.py","logger":"airflow.dag_processing.dagbag.BundleDagBag","filename":"dagbag.py","lineno":469}
{"timestamp":"2026-08-29T11:54:15.955496Z","level":"info","event":"::group::Cosmos DAG parsing logs","logger":"cosmos.converter","filename":"converter.py","lineno":321}
{"timestamp":"2026-08-29T11:54:15.959995Z","level":"info","event":"Cosmos cache dir resolved to /tmp/cosmos/verdanta_weekly__dbt_weekly","logger":"cosmos.converter","filename":"converter.py","lineno":346}
{"timestamp":"2026-08-29T11:54:15.960306Z","level":"info","event":"Trying to parse the dbt project using dbt ls cache cosmos_cache__verdanta_weekly__dbt_weekly...","logger":"cosmos.dbt.graph","filename":"graph.py","lineno":869}
{"timestamp":"2026-08-29T11:54:16.101208Z","level":"info","event":"Cosmos performance: time to calculate cache identifier cosmos_cache__verdanta_weekly__dbt_weekly for current version: 0.1293018710002798","logger":"cosmos.cache","filename":"cache.py","lineno":401}
{"timestamp":"2026-08-29T11:54:16.101480Z","level":"info","event":"Cosmos performance [e56005473659|6569]: The cache size for cosmos_cache__verdanta_weekly__dbt_weekly is 23804","logger":"cosmos.dbt.graph","filename":"graph.py","lineno":886}
{"timestamp":"2026-08-29T11:54:16.103065Z","level":"info","event":"Cosmos performance: Cache hit for cosmos_cache__verdanta_weekly__dbt_weekly - 39a8c4b6e19a7b5e14cfea47af7dbd90,1ae01f5b93cde0ad1f6d9482f1b54abd","logger":"cosmos.dbt.graph","filename":"graph.py","lineno":898}
{"timestamp":"2026-08-29T11:54:16.103233Z","level":"info","event":"Total nodes: 27","logger":"cosmos.dbt.graph","filename":"graph.py","lineno":799}
{"timestamp":"2026-08-29T11:54:16.103314Z","level":"info","event":"Total filtered nodes: 27","logger":"cosmos.dbt.graph","filename":"graph.py","lineno":800}
{"timestamp":"2026-08-29T11:54:16.103382Z","level":"info","event":"Cosmos performance (verdanta_weekly__dbt_weekly) - [e56005473659|6569]: It took 0.143s to parse the dbt project for DAG using LoadMode.DBT_LS_CACHE","logger":"cosmos.converter","filename":"converter.py","lineno":371}
{"timestamp":"2026-08-29T11:54:16.126092Z","level":"info","event":"Cosmos performance (verdanta_weekly__dbt_weekly) - [e56005473659|6569]: It took 0.0227s to build the Airflow DAG.","logger":"cosmos.converter","filename":"converter.py","lineno":423}
{"timestamp":"2026-08-29T11:54:16.126263Z","level":"info","event":"::endgroup::Cosmos DAG parsing logs","logger":"cosmos.converter","filename":"converter.py","lineno":430}
{"timestamp":"2026-08-29T11:54:16.126886Z","level":"warning","event":"Using Variable.get from `airflow.models` is deprecated.Please use `get` on Variable from sdk(`airflow.sdk.Variable`) instead","category":"UserWarning","filename":"/home/airflow/.local/lib/python3.13/site-packages/airflow/models/variable.py","lineno":158,"logger":"py.warnings"}
{"timestamp":"2026-08-29T11:54:46.829926Z","level":"info","event":"Filling up the DagBag from /opt/airflow/dags/verdanta_weekly.py","logger":"airflow.dag_processing.dagbag.BundleDagBag","filename":"dagbag.py","lineno":469}
{"timestamp":"2026-08-29T11:54:46.906112Z","level":"info","event":"::group::Cosmos DAG parsing logs","logger":"cosmos.converter","filename":"converter.py","lineno":321}
{"timestamp":"2026-08-29T11:54:46.909267Z","level":"info","event":"Cosmos cache dir resolved to /tmp/cosmos/verdanta_weekly__dbt_weekly","logger":"cosmos.converter","filename":"converter.py","lineno":346}
{"timestamp":"2026-08-29T11:54:46.909437Z","level":"info","event":"Trying to parse the dbt project using dbt ls cache cosmos_cache__verdanta_weekly__dbt_weekly...","logger":"cosmos.dbt.graph","filename":"graph.py","lineno":869}
{"timestamp":"2026-08-29T11:54:47.046771Z","level":"info","event":"Cosmos performance: time to calculate cache identifier cosmos_cache__verdanta_weekly__dbt_weekly for current version: 0.12300817399955122","logger":"cosmos.cache","filename":"cache.py","lineno":401}
{"timestamp":"2026-08-29T11:54:47.047010Z","level":"info","event":"Cosmos performance [e56005473659|6604]: The cache size for cosmos_cache__verdanta_weekly__dbt_weekly is 23804","logger":"cosmos.dbt.graph","filename":"graph.py","lineno":886}
{"timestamp":"2026-08-29T11:54:47.047958Z","level":"info","event":"Cosmos performance: Cache hit for cosmos_cache__verdanta_weekly__dbt_weekly - 39a8c4b6e19a7b5e14cfea47af7dbd90,1ae01f5b93cde0ad1f6d9482f1b54abd","logger":"cosmos.dbt.graph","filename":"graph.py","lineno":898}
{"timestamp":"2026-08-29T11:54:47.048085Z","level":"info","event":"Total nodes: 27","logger":"cosmos.dbt.graph","filename":"graph.py","lineno":799}
{"timestamp":"2026-08-29T11:54:47.048149Z","level":"info","event":"Total filtered nodes: 27","logger":"cosmos.dbt.graph","filename":"graph.py","lineno":800}
{"timestamp":"2026-08-29T11:54:47.048218Z","level":"info","event":"Cosmos performance (verdanta_weekly__dbt_weekly) - [e56005473659|6604]: It took 0.139s to parse the dbt project for DAG using LoadMode.DBT_LS_CACHE","logger":"cosmos.converter","filename":"converter.py","lineno":371}
{"timestamp":"2026-08-29T11:54:47.069689Z","level":"info","event":"Cosmos performance (verdanta_weekly__dbt_weekly) - [e56005473659|6604]: It took 0.0214s to build the Airflow DAG.","logger":"cosmos.converter","filename":"converter.py","lineno":423}
{"timestamp":"2026-08-29T11:54:47.069837Z","level":"info","event":"::endgroup::Cosmos DAG parsing logs","logger":"cosmos.converter","filename":"converter.py","lineno":430}
{"timestamp":"2026-08-29T11:54:47.070385Z","level":"warning","event":"Using Variable.get from `airflow.models` is deprecated.Please use `get` on Variable from sdk(`airflow.sdk.Variable`) instead","category":"UserWarning","filename":"/home/airflow/.local/lib/python3.13/site-packages/airflow/models/variable.py","lineno":158,"logger":"py.warnings"}
{"timestamp":"2026-08-29T11:55:18.133702Z","level":"info","event":"Filling up the DagBag from /opt/airflow/dags/verdanta_weekly.py","logger":"airflow.dag_processing.dagbag.BundleDagBag","filename":"dagbag.py","lineno":469}
{"timestamp":"2026-08-29T11:55:18.203132Z","level":"info","event":"::group::Cosmos DAG parsing logs","logger":"cosmos.converter","filename":"converter.py","lineno":321}
{"timestamp":"2026-08-29T11:55:18.206431Z","level":"info","event":"Cosmos cache dir resolved to /tmp/cosmos/verdanta_weekly__dbt_weekly","logger":"cosmos.converter","filename":"converter.py","lineno":346}
{"timestamp":"2026-08-29T11:55:18.206651Z","level":"info","event":"Trying to parse the dbt project using dbt ls cache cosmos_cache__verdanta_weekly__dbt_weekly...","logger":"cosmos.dbt.graph","filename":"graph.py","lineno":869}
{"timestamp":"2026-08-29T11:55:18.348261Z","level":"info","event":"Cosmos performance: time to calculate cache identifier cosmos_cache__verdanta_weekly__dbt_weekly for current version: 0.12602104300094652","logger":"cosmos.cache","filename":"cache.py","lineno":401}
{"timestamp":"2026-08-29T11:55:18.348513Z","level":"info","event":"Cosmos performance [e56005473659|6640]: The cache size for cosmos_cache__verdanta_weekly__dbt_weekly is 23804","logger":"cosmos.dbt.graph","filename":"graph.py","lineno":886}
{"timestamp":"2026-08-29T11:55:18.349423Z","level":"info","event":"Cosmos performance: Cache hit for cosmos_cache__verdanta_weekly__dbt_weekly - 39a8c4b6e19a7b5e14cfea47af7dbd90,1ae01f5b93cde0ad1f6d9482f1b54abd","logger":"cosmos.dbt.graph","filename":"graph.py","lineno":898}
{"timestamp":"2026-08-29T11:55:18.349554Z","level":"info","event":"Total nodes: 27","logger":"cosmos.dbt.graph","filename":"graph.py","lineno":799}
{"timestamp":"2026-08-29T11:55:18.349617Z","level":"info","event":"Total filtered nodes: 27","logger":"cosmos.dbt.graph","filename":"graph.py","lineno":800}
{"timestamp":"2026-08-29T11:55:18.349692Z","level":"info","event":"Cosmos performance (verdanta_weekly__dbt_weekly) - [e56005473659|6640]: It took 0.143s to parse the dbt project for DAG using LoadMode.DBT_LS_CACHE","logger":"cosmos.converter","filename":"converter.py","lineno":371}
{"timestamp":"2026-08-29T11:55:18.372325Z","level":"info","event":"Cosmos performance (verdanta_weekly__dbt_weekly) - [e56005473659|6640]: It took 0.0226s to build the Airflow DAG.","logger":"cosmos.converter","filename":"converter.py","lineno":423}
{"timestamp":"2026-08-29T11:55:18.372481Z","level":"info","event":"::endgroup::Cosmos DAG parsing logs","logger":"cosmos.converter","filename":"converter.py","lineno":430}
{"timestamp":"2026-08-29T11:55:18.372886Z","level":"warning","event":"Using Variable.get from `airflow.models` is deprecated.Please use `get` on Variable from sdk(`airflow.sdk.Variable`) instead","category":"UserWarning","filename":"/home/airflow/.local/lib/python3.13/site-packages/airflow/models/variable.py","lineno":158,"logger":"py.warnings"}
{"timestamp":"2026-08-29T11:55:48.828945Z","level":"info","event":"Filling up the DagBag from /opt/airflow/dags/verdanta_weekly.py","logger":"airflow.dag_processing.dagbag.BundleDagBag","filename":"dagbag.py","lineno":469}
{"timestamp":"2026-08-29T11:55:48.896363Z","level":"info","event":"::group::Cosmos DAG parsing logs","logger":"cosmos.converter","filename":"converter.py","lineno":321}
{"timestamp":"2026-08-29T11:55:48.899641Z","level":"info","event":"Cosmos cache dir resolved to /tmp/cosmos/verdanta_weekly__dbt_weekly","logger":"cosmos.converter","filename":"converter.py","lineno":346}
{"timestamp":"2026-08-29T11:55:48.899869Z","level":"info","event":"Trying to parse the dbt project using dbt ls cache cosmos_cache__verdanta_weekly__dbt_weekly...","logger":"cosmos.dbt.graph","filename":"graph.py","lineno":869}
{"timestamp":"2026-08-29T11:55:49.040828Z","level":"info","event":"Cosmos performance: time to calculate cache identifier cosmos_cache__verdanta_weekly__dbt_weekly for current version: 0.12553176199980953","logger":"cosmos.cache","filename":"cache.py","lineno":401}
{"timestamp":"2026-08-29T11:55:49.041057Z","level":"info","event":"Cosmos performance [e56005473659|6676]: The cache size for cosmos_cache__verdanta_weekly__dbt_weekly is 23804","logger":"cosmos.dbt.graph","filename":"graph.py","lineno":886}
{"timestamp":"2026-08-29T11:55:49.042132Z","level":"info","event":"Cosmos performance: Cache hit for cosmos_cache__verdanta_weekly__dbt_weekly - 39a8c4b6e19a7b5e14cfea47af7dbd90,1ae01f5b93cde0ad1f6d9482f1b54abd","logger":"cosmos.dbt.graph","filename":"graph.py","lineno":898}
{"timestamp":"2026-08-29T11:55:49.042294Z","level":"info","event":"Total nodes: 27","logger":"cosmos.dbt.graph","filename":"graph.py","lineno":799}
{"timestamp":"2026-08-29T11:55:49.042372Z","level":"info","event":"Total filtered nodes: 27","logger":"cosmos.dbt.graph","filename":"graph.py","lineno":800}
{"timestamp":"2026-08-29T11:55:49.042508Z","level":"info","event":"Cosmos performance (verdanta_weekly__dbt_weekly) - [e56005473659|6676]: It took 0.143s to parse the dbt project for DAG using LoadMode.DBT_LS_CACHE","logger":"cosmos.converter","filename":"converter.py","lineno":371}
{"timestamp":"2026-08-29T11:55:49.065101Z","level":"info","event":"Cosmos performance (verdanta_weekly__dbt_weekly) - [e56005473659|6676]: It took 0.0226s to build the Airflow DAG.","logger":"cosmos.converter","filename":"converter.py","lineno":423}
{"timestamp":"2026-08-29T11:55:49.065300Z","level":"info","event":"::endgroup::Cosmos DAG parsing logs","logger":"cosmos.converter","filename":"converter.py","lineno":430}
{"timestamp":"2026-08-29T11:55:49.065908Z","level":"warning","event":"Using Variable.get from `airflow.models` is deprecated.Please use `get` on Variable from sdk(`airflow.sdk.Variable`) instead","category":"UserWarning","filename":"/home/airflow/.local/lib/python3.13/site-packages/airflow/models/variable.py","lineno":158,"logger":"py.warnings"}
{"timestamp":"2026-08-29T11:56:19.999473Z","level":"info","event":"Filling up the DagBag from /opt/airflow/dags/verdanta_weekly.py","logger":"airflow.dag_processing.dagbag.BundleDagBag","filename":"dagbag.py","lineno":469}
{"timestamp":"2026-08-29T11:56:20.068083Z","level":"info","event":"::group::Cosmos DAG parsing logs","logger":"cosmos.converter","filename":"converter.py","lineno":321}
{"timestamp":"2026-08-29T11:56:20.071234Z","level":"info","event":"Cosmos cache dir resolved to /tmp/cosmos/verdanta_weekly__dbt_weekly","logger":"cosmos.converter","filename":"converter.py","lineno":346}
{"timestamp":"2026-08-29T11:56:20.071455Z","level":"info","event":"Trying to parse the dbt project using dbt ls cache cosmos_cache__verdanta_weekly__dbt_weekly...","logger":"cosmos.dbt.graph","filename":"graph.py","lineno":869}
{"timestamp":"2026-08-29T11:56:20.211665Z","level":"info","event":"Cosmos performance: time to calculate cache identifier cosmos_cache__verdanta_weekly__dbt_weekly for current version: 0.12395445399852179","logger":"cosmos.cache","filename":"cache.py","lineno":401}
{"timestamp":"2026-08-29T11:56:20.211906Z","level":"info","event":"Cosmos performance [e56005473659|6712]: The cache size for cosmos_cache__verdanta_weekly__dbt_weekly is 23804","logger":"cosmos.dbt.graph","filename":"graph.py","lineno":886}
{"timestamp":"2026-08-29T11:56:20.213542Z","level":"info","event":"Cosmos performance: Cache hit for cosmos_cache__verdanta_weekly__dbt_weekly - 39a8c4b6e19a7b5e14cfea47af7dbd90,1ae01f5b93cde0ad1f6d9482f1b54abd","logger":"cosmos.dbt.graph","filename":"graph.py","lineno":898}
{"timestamp":"2026-08-29T11:56:20.213692Z","level":"info","event":"Total nodes: 27","logger":"cosmos.dbt.graph","filename":"graph.py","lineno":799}
{"timestamp":"2026-08-29T11:56:20.213756Z","level":"info","event":"Total filtered nodes: 27","logger":"cosmos.dbt.graph","filename":"graph.py","lineno":800}
{"timestamp":"2026-08-29T11:56:20.213833Z","level":"info","event":"Cosmos performance (verdanta_weekly__dbt_weekly) - [e56005473659|6712]: It took 0.142s to parse the dbt project for DAG using LoadMode.DBT_LS_CACHE","logger":"cosmos.converter","filename":"converter.py","lineno":371}
{"timestamp":"2026-08-29T11:56:20.236437Z","level":"info","event":"Cosmos performance (verdanta_weekly__dbt_weekly) - [e56005473659|6712]: It took 0.0226s to build the Airflow DAG.","logger":"cosmos.converter","filename":"converter.py","lineno":423}
{"timestamp":"2026-08-29T11:56:20.236601Z","level":"info","event":"::endgroup::Cosmos DAG parsing logs","logger":"cosmos.converter","filename":"converter.py","lineno":430}
{"timestamp":"2026-08-29T11:56:20.237196Z","level":"warning","event":"Using Variable.get from `airflow.models` is deprecated.Please use `get` on Variable from sdk(`airflow.sdk.Variable`) instead","category":"UserWarning","filename":"/home/airflow/.local/lib/python3.13/site-packages/airflow/models/variable.py","lineno":158,"logger":"py.warnings"}
{"timestamp":"2026-08-29T11:56:50.707803Z","level":"info","event":"Filling up the DagBag from /opt/airflow/dags/verdanta_weekly.py","logger":"airflow.dag_processing.dagbag.BundleDagBag","filename":"dagbag.py","lineno":469}
{"timestamp":"2026-08-29T11:56:50.786341Z","level":"info","event":"::group::Cosmos DAG parsing logs","logger":"cosmos.converter","filename":"converter.py","lineno":321}
{"timestamp":"2026-08-29T11:56:50.790588Z","level":"info","event":"Cosmos cache dir resolved to /tmp/cosmos/verdanta_weekly__dbt_weekly","logger":"cosmos.converter","filename":"converter.py","lineno":346}
{"timestamp":"2026-08-29T11:56:50.790843Z","level":"info","event":"Trying to parse the dbt project using dbt ls cache cosmos_cache__verdanta_weekly__dbt_weekly...","logger":"cosmos.dbt.graph","filename":"graph.py","lineno":869}
{"timestamp":"2026-08-29T11:56:50.932241Z","level":"info","event":"Cosmos performance: time to calculate cache identifier cosmos_cache__verdanta_weekly__dbt_weekly for current version: 0.12751790000038454","logger":"cosmos.cache","filename":"cache.py","lineno":401}
{"timestamp":"2026-08-29T11:56:50.932487Z","level":"info","event":"Cosmos performance [e56005473659|6730]: The cache size for cosmos_cache__verdanta_weekly__dbt_weekly is 23804","logger":"cosmos.dbt.graph","filename":"graph.py","lineno":886}
{"timestamp":"2026-08-29T11:56:50.933378Z","level":"info","event":"Cosmos performance: Cache hit for cosmos_cache__verdanta_weekly__dbt_weekly - 39a8c4b6e19a7b5e14cfea47af7dbd90,1ae01f5b93cde0ad1f6d9482f1b54abd","logger":"cosmos.dbt.graph","filename":"graph.py","lineno":898}
{"timestamp":"2026-08-29T11:56:50.933534Z","level":"info","event":"Total nodes: 27","logger":"cosmos.dbt.graph","filename":"graph.py","lineno":799}
{"timestamp":"2026-08-29T11:56:50.933607Z","level":"info","event":"Total filtered nodes: 27","logger":"cosmos.dbt.graph","filename":"graph.py","lineno":800}
{"timestamp":"2026-08-29T11:56:50.933675Z","level":"info","event":"Cosmos performance (verdanta_weekly__dbt_weekly) - [e56005473659|6730]: It took 0.143s to parse the dbt project for DAG using LoadMode.DBT_LS_CACHE","logger":"cosmos.converter","filename":"converter.py","lineno":371}
{"timestamp":"2026-08-29T11:56:50.957270Z","level":"info","event":"Cosmos performance (verdanta_weekly__dbt_weekly) - [e56005473659|6730]: It took 0.0235s to build the Airflow DAG.","logger":"cosmos.converter","filename":"converter.py","lineno":423}
{"timestamp":"2026-08-29T11:56:50.957416Z","level":"info","event":"::endgroup::Cosmos DAG parsing logs","logger":"cosmos.converter","filename":"converter.py","lineno":430}
{"timestamp":"2026-08-29T11:56:50.958061Z","level":"warning","event":"Using Variable.get from `airflow.models` is deprecated.Please use `get` on Variable from sdk(`airflow.sdk.Variable`) instead","category":"UserWarning","filename":"/home/airflow/.local/lib/python3.13/site-packages/airflow/models/variable.py","lineno":158,"logger":"py.warnings"}
{"timestamp":"2026-08-29T11:57:21.718833Z","level":"info","event":"Filling up the DagBag from /opt/airflow/dags/verdanta_weekly.py","logger":"airflow.dag_processing.dagbag.BundleDagBag","filename":"dagbag.py","lineno":469}
{"timestamp":"2026-08-29T11:57:21.786291Z","level":"info","event":"::group::Cosmos DAG parsing logs","logger":"cosmos.converter","filename":"converter.py","lineno":321}
{"timestamp":"2026-08-29T11:57:21.789944Z","level":"info","event":"Cosmos cache dir resolved to /tmp/cosmos/verdanta_weekly__dbt_weekly","logger":"cosmos.converter","filename":"converter.py","lineno":346}
{"timestamp":"2026-08-29T11:57:21.790160Z","level":"info","event":"Trying to parse the dbt project using dbt ls cache cosmos_cache__verdanta_weekly__dbt_weekly...","logger":"cosmos.dbt.graph","filename":"graph.py","lineno":869}
{"timestamp":"2026-08-29T11:57:21.924743Z","level":"info","event":"Cosmos performance: time to calculate cache identifier cosmos_cache__verdanta_weekly__dbt_weekly for current version: 0.12055123000027379","logger":"cosmos.cache","filename":"cache.py","lineno":401}
{"timestamp":"2026-08-29T11:57:21.924998Z","level":"info","event":"Cosmos performance [e56005473659|6762]: The cache size for cosmos_cache__verdanta_weekly__dbt_weekly is 23804","logger":"cosmos.dbt.graph","filename":"graph.py","lineno":886}
{"timestamp":"2026-08-29T11:57:21.925915Z","level":"info","event":"Cosmos performance: Cache hit for cosmos_cache__verdanta_weekly__dbt_weekly - 39a8c4b6e19a7b5e14cfea47af7dbd90,1ae01f5b93cde0ad1f6d9482f1b54abd","logger":"cosmos.dbt.graph","filename":"graph.py","lineno":898}
{"timestamp":"2026-08-29T11:57:21.926045Z","level":"info","event":"Total nodes: 27","logger":"cosmos.dbt.graph","filename":"graph.py","lineno":799}
{"timestamp":"2026-08-29T11:57:21.926104Z","level":"info","event":"Total filtered nodes: 27","logger":"cosmos.dbt.graph","filename":"graph.py","lineno":800}
{"timestamp":"2026-08-29T11:57:21.926168Z","level":"info","event":"Cosmos performance (verdanta_weekly__dbt_weekly) - [e56005473659|6762]: It took 0.136s to parse the dbt project for DAG using LoadMode.DBT_LS_CACHE","logger":"cosmos.converter","filename":"converter.py","lineno":371}
{"timestamp":"2026-08-29T11:57:21.948124Z","level":"info","event":"Cosmos performance (verdanta_weekly__dbt_weekly) - [e56005473659|6762]: It took 0.0219s to build the Airflow DAG.","logger":"cosmos.converter","filename":"converter.py","lineno":423}
{"timestamp":"2026-08-29T11:57:21.948278Z","level":"info","event":"::endgroup::Cosmos DAG parsing logs","logger":"cosmos.converter","filename":"converter.py","lineno":430}
{"timestamp":"2026-08-29T11:57:21.948818Z","level":"warning","event":"Using Variable.get from `airflow.models` is deprecated.Please use `get` on Variable from sdk(`airflow.sdk.Variable`) instead","category":"UserWarning","filename":"/home/airflow/.local/lib/python3.13/site-packages/airflow/models/variable.py","lineno":158,"logger":"py.warnings"}
{"timestamp":"2026-08-29T11:57:52.773688Z","level":"info","event":"Filling up the DagBag from /opt/airflow/dags/verdanta_weekly.py","logger":"airflow.dag_processing.dagbag.BundleDagBag","filename":"dagbag.py","lineno":469}
{"timestamp":"2026-08-29T11:57:52.841780Z","level":"info","event":"::group::Cosmos DAG parsing logs","logger":"cosmos.converter","filename":"converter.py","lineno":321}
{"timestamp":"2026-08-29T11:57:52.845322Z","level":"info","event":"Cosmos cache dir resolved to /tmp/cosmos/verdanta_weekly__dbt_weekly","logger":"cosmos.converter","filename":"converter.py","lineno":346}
{"timestamp":"2026-08-29T11:57:52.845515Z","level":"info","event":"Trying to parse the dbt project using dbt ls cache cosmos_cache__verdanta_weekly__dbt_weekly...","logger":"cosmos.dbt.graph","filename":"graph.py","lineno":869}
{"timestamp":"2026-08-29T11:57:52.980701Z","level":"info","event":"Cosmos performance: time to calculate cache identifier cosmos_cache__verdanta_weekly__dbt_weekly for current version: 0.12174553200020455","logger":"cosmos.cache","filename":"cache.py","lineno":401}
{"timestamp":"2026-08-29T11:57:52.980941Z","level":"info","event":"Cosmos performance [e56005473659|6798]: The cache size for cosmos_cache__verdanta_weekly__dbt_weekly is 23804","logger":"cosmos.dbt.graph","filename":"graph.py","lineno":886}
{"timestamp":"2026-08-29T11:57:52.981905Z","level":"info","event":"Cosmos performance: Cache hit for cosmos_cache__verdanta_weekly__dbt_weekly - 39a8c4b6e19a7b5e14cfea47af7dbd90,1ae01f5b93cde0ad1f6d9482f1b54abd","logger":"cosmos.dbt.graph","filename":"graph.py","lineno":898}
{"timestamp":"2026-08-29T11:57:52.982050Z","level":"info","event":"Total nodes: 27","logger":"cosmos.dbt.graph","filename":"graph.py","lineno":799}
{"timestamp":"2026-08-29T11:57:52.982114Z","level":"info","event":"Total filtered nodes: 27","logger":"cosmos.dbt.graph","filename":"graph.py","lineno":800}
{"timestamp":"2026-08-29T11:57:52.982187Z","level":"info","event":"Cosmos performance (verdanta_weekly__dbt_weekly) - [e56005473659|6798]: It took 0.137s to parse the dbt project for DAG using LoadMode.DBT_LS_CACHE","logger":"cosmos.converter","filename":"converter.py","lineno":371}
{"timestamp":"2026-08-29T11:57:53.004511Z","level":"info","event":"Cosmos performance (verdanta_weekly__dbt_weekly) - [e56005473659|6798]: It took 0.0222s to build the Airflow DAG.","logger":"cosmos.converter","filename":"converter.py","lineno":423}
{"timestamp":"2026-08-29T11:57:53.004670Z","level":"info","event":"::endgroup::Cosmos DAG parsing logs","logger":"cosmos.converter","filename":"converter.py","lineno":430}
{"timestamp":"2026-08-29T11:57:53.005261Z","level":"warning","event":"Using Variable.get from `airflow.models` is deprecated.Please use `get` on Variable from sdk(`airflow.sdk.Variable`) instead","category":"UserWarning","filename":"/home/airflow/.local/lib/python3.13/site-packages/airflow/models/variable.py","lineno":158,"logger":"py.warnings"}
{"timestamp":"2026-08-29T11:58:23.478587Z","level":"info","event":"Filling up the DagBag from /opt/airflow/dags/verdanta_weekly.py","logger":"airflow.dag_processing.dagbag.BundleDagBag","filename":"dagbag.py","lineno":469}
{"timestamp":"2026-08-29T11:58:23.560466Z","level":"info","event":"::group::Cosmos DAG parsing logs","logger":"cosmos.converter","filename":"converter.py","lineno":321}
{"timestamp":"2026-08-29T11:58:23.565386Z","level":"info","event":"Cosmos cache dir resolved to /tmp/cosmos/verdanta_weekly__dbt_weekly","logger":"cosmos.converter","filename":"converter.py","lineno":346}
{"timestamp":"2026-08-29T11:58:23.565791Z","level":"info","event":"Trying to parse the dbt project using dbt ls cache cosmos_cache__verdanta_weekly__dbt_weekly...","logger":"cosmos.dbt.graph","filename":"graph.py","lineno":869}
{"timestamp":"2026-08-29T11:58:23.725484Z","level":"info","event":"Cosmos performance: time to calculate cache identifier cosmos_cache__verdanta_weekly__dbt_weekly for current version: 0.1411761370000022","logger":"cosmos.cache","filename":"cache.py","lineno":401}
{"timestamp":"2026-08-29T11:58:23.725792Z","level":"info","event":"Cosmos performance [e56005473659|6833]: The cache size for cosmos_cache__verdanta_weekly__dbt_weekly is 23804","logger":"cosmos.dbt.graph","filename":"graph.py","lineno":886}
{"timestamp":"2026-08-29T11:58:23.727750Z","level":"info","event":"Cosmos performance: Cache hit for cosmos_cache__verdanta_weekly__dbt_weekly - 39a8c4b6e19a7b5e14cfea47af7dbd90,1ae01f5b93cde0ad1f6d9482f1b54abd","logger":"cosmos.dbt.graph","filename":"graph.py","lineno":898}
{"timestamp":"2026-08-29T11:58:23.727989Z","level":"info","event":"Total nodes: 27","logger":"cosmos.dbt.graph","filename":"graph.py","lineno":799}
{"timestamp":"2026-08-29T11:58:23.728114Z","level":"info","event":"Total filtered nodes: 27","logger":"cosmos.dbt.graph","filename":"graph.py","lineno":800}
{"timestamp":"2026-08-29T11:58:23.728272Z","level":"info","event":"Cosmos performance (verdanta_weekly__dbt_weekly) - [e56005473659|6833]: It took 0.163s to parse the dbt project for DAG using LoadMode.DBT_LS_CACHE","logger":"cosmos.converter","filename":"converter.py","lineno":371}
{"timestamp":"2026-08-29T11:58:23.760851Z","level":"info","event":"Cosmos performance (verdanta_weekly__dbt_weekly) - [e56005473659|6833]: It took 0.0326s to build the Airflow DAG.","logger":"cosmos.converter","filename":"converter.py","lineno":423}
{"timestamp":"2026-08-29T11:58:23.761022Z","level":"info","event":"::endgroup::Cosmos DAG parsing logs","logger":"cosmos.converter","filename":"converter.py","lineno":430}
{"timestamp":"2026-08-29T11:58:23.761520Z","level":"warning","event":"Using Variable.get from `airflow.models` is deprecated.Please use `get` on Variable from sdk(`airflow.sdk.Variable`) instead","category":"UserWarning","filename":"/home/airflow/.local/lib/python3.13/site-packages/airflow/models/variable.py","lineno":158,"logger":"py.warnings"}
