{"timestamp":"2026-09-05T12:26:28.683148Z","level":"info","event":"Filling up the DagBag from /opt/airflow/dags/verdanta_daily.py","logger":"airflow.dag_processing.dagbag.BundleDagBag","filename":"dagbag.py","lineno":469}
{"timestamp":"2026-09-05T12:26:31.900555Z","level":"warning","event":"Skipping masking for a secret as it's too short (<5 chars)","logger":"airflow.sdk._shared.secrets_masker.secrets_masker","filename":"secrets_masker.py","lineno":577}
{"timestamp":"2026-09-05T12:26:31.937909Z","level":"info","event":"::group::Cosmos DAG parsing logs","logger":"cosmos.converter","filename":"converter.py","lineno":321}
{"timestamp":"2026-09-05T12:26:31.943571Z","level":"info","event":"Cosmos cache dir resolved to /tmp/cosmos/verdanta_daily__dbt_daily","logger":"cosmos.converter","filename":"converter.py","lineno":346}
{"timestamp":"2026-09-05T12:26:31.944064Z","level":"info","event":"Trying to parse the dbt project using dbt ls cache cosmos_cache__verdanta_daily__dbt_daily...","logger":"cosmos.dbt.graph","filename":"graph.py","lineno":869}
{"timestamp":"2026-09-05T12:26:32.102697Z","level":"info","event":"Cosmos performance: time to calculate cache identifier cosmos_cache__verdanta_daily__dbt_daily for current version: 0.14136905900001295","logger":"cosmos.cache","filename":"cache.py","lineno":401}
{"timestamp":"2026-09-05T12:26:32.102966Z","level":"info","event":"Cosmos performance [993ed3b2f767|25]: The cache size for cosmos_cache__verdanta_daily__dbt_daily is 81420","logger":"cosmos.dbt.graph","filename":"graph.py","lineno":886}
{"timestamp":"2026-09-05T12:26:32.107390Z","level":"info","event":"Cosmos performance: Cache hit for cosmos_cache__verdanta_daily__dbt_daily - cec7d2b2130ad93ca8be26282ae433fd,f50552a3029f27b43be4a74a78877897","logger":"cosmos.dbt.graph","filename":"graph.py","lineno":898}
{"timestamp":"2026-09-05T12:26:32.107878Z","level":"info","event":"Total nodes: 91","logger":"cosmos.dbt.graph","filename":"graph.py","lineno":799}
{"timestamp":"2026-09-05T12:26:32.108007Z","level":"info","event":"Total filtered nodes: 91","logger":"cosmos.dbt.graph","filename":"graph.py","lineno":800}
{"timestamp":"2026-09-05T12:26:32.108127Z","level":"info","event":"Cosmos performance (verdanta_daily__dbt_daily) - [993ed3b2f767|25]: It took 0.164s to parse the dbt project for DAG using LoadMode.DBT_LS_CACHE","logger":"cosmos.converter","filename":"converter.py","lineno":371}
{"timestamp":"2026-09-05T12:26:32.208231Z","level":"info","event":"Cosmos performance (verdanta_daily__dbt_daily) - [993ed3b2f767|25]: It took 0.1s to build the Airflow DAG.","logger":"cosmos.converter","filename":"converter.py","lineno":423}
{"timestamp":"2026-09-05T12:26:32.208373Z","level":"info","event":"::endgroup::Cosmos DAG parsing logs","logger":"cosmos.converter","filename":"converter.py","lineno":430}
{"timestamp":"2026-09-05T12:26:32.208982Z","level":"warning","event":"Using Variable.get from `airflow.models` is deprecated.Please use `get` on Variable from sdk(`airflow.sdk.Variable`) instead","category":"UserWarning","filename":"/home/airflow/.local/lib/python3.13/site-packages/airflow/models/variable.py","lineno":158,"logger":"py.warnings"}
{"timestamp":"2026-09-05T12:27:03.272629Z","level":"info","event":"Filling up the DagBag from /opt/airflow/dags/verdanta_daily.py","logger":"airflow.dag_processing.dagbag.BundleDagBag","filename":"dagbag.py","lineno":469}
{"timestamp":"2026-09-05T12:27:03.364797Z","level":"info","event":"::group::Cosmos DAG parsing logs","logger":"cosmos.converter","filename":"converter.py","lineno":321}
{"timestamp":"2026-09-05T12:27:03.369112Z","level":"info","event":"Cosmos cache dir resolved to /tmp/cosmos/verdanta_daily__dbt_daily","logger":"cosmos.converter","filename":"converter.py","lineno":346}
{"timestamp":"2026-09-05T12:27:03.369349Z","level":"info","event":"Trying to parse the dbt project using dbt ls cache cosmos_cache__verdanta_daily__dbt_daily...","logger":"cosmos.dbt.graph","filename":"graph.py","lineno":869}
{"timestamp":"2026-09-05T12:27:03.543635Z","level":"info","event":"Cosmos performance: time to calculate cache identifier cosmos_cache__verdanta_daily__dbt_daily for current version: 0.15635830099999737","logger":"cosmos.cache","filename":"cache.py","lineno":401}
{"timestamp":"2026-09-05T12:27:03.543863Z","level":"info","event":"Cosmos performance [993ed3b2f767|83]: The cache size for cosmos_cache__verdanta_daily__dbt_daily is 81420","logger":"cosmos.dbt.graph","filename":"graph.py","lineno":886}
{"timestamp":"2026-09-05T12:27:03.547316Z","level":"info","event":"Cosmos performance: Cache hit for cosmos_cache__verdanta_daily__dbt_daily - cec7d2b2130ad93ca8be26282ae433fd,f50552a3029f27b43be4a74a78877897","logger":"cosmos.dbt.graph","filename":"graph.py","lineno":898}
{"timestamp":"2026-09-05T12:27:03.547562Z","level":"info","event":"Total nodes: 91","logger":"cosmos.dbt.graph","filename":"graph.py","lineno":799}
{"timestamp":"2026-09-05T12:27:03.547629Z","level":"info","event":"Total filtered nodes: 91","logger":"cosmos.dbt.graph","filename":"graph.py","lineno":800}
{"timestamp":"2026-09-05T12:27:03.547700Z","level":"info","event":"Cosmos performance (verdanta_daily__dbt_daily) - [993ed3b2f767|83]: It took 0.178s to parse the dbt project for DAG using LoadMode.DBT_LS_CACHE","logger":"cosmos.converter","filename":"converter.py","lineno":371}
{"timestamp":"2026-09-05T12:27:03.639336Z","level":"info","event":"Cosmos performance (verdanta_daily__dbt_daily) - [993ed3b2f767|83]: It took 0.0916s to build the Airflow DAG.","logger":"cosmos.converter","filename":"converter.py","lineno":423}
{"timestamp":"2026-09-05T12:27:03.639530Z","level":"info","event":"::endgroup::Cosmos DAG parsing logs","logger":"cosmos.converter","filename":"converter.py","lineno":430}
{"timestamp":"2026-09-05T12:27:03.640146Z","level":"warning","event":"Using Variable.get from `airflow.models` is deprecated.Please use `get` on Variable from sdk(`airflow.sdk.Variable`) instead","category":"UserWarning","filename":"/home/airflow/.local/lib/python3.13/site-packages/airflow/models/variable.py","lineno":158,"logger":"py.warnings"}
{"timestamp":"2026-09-05T12:27:33.933332Z","level":"info","event":"Filling up the DagBag from /opt/airflow/dags/verdanta_daily.py","logger":"airflow.dag_processing.dagbag.BundleDagBag","filename":"dagbag.py","lineno":469}
{"timestamp":"2026-09-05T12:27:33.999392Z","level":"info","event":"::group::Cosmos DAG parsing logs","logger":"cosmos.converter","filename":"converter.py","lineno":321}
{"timestamp":"2026-09-05T12:27:34.002578Z","level":"info","event":"Cosmos cache dir resolved to /tmp/cosmos/verdanta_daily__dbt_daily","logger":"cosmos.converter","filename":"converter.py","lineno":346}
{"timestamp":"2026-09-05T12:27:34.002776Z","level":"info","event":"Trying to parse the dbt project using dbt ls cache cosmos_cache__verdanta_daily__dbt_daily...","logger":"cosmos.dbt.graph","filename":"graph.py","lineno":869}
{"timestamp":"2026-09-05T12:27:34.151785Z","level":"info","event":"Cosmos performance: time to calculate cache identifier cosmos_cache__verdanta_daily__dbt_daily for current version: 0.13192871500001502","logger":"cosmos.cache","filename":"cache.py","lineno":401}
{"timestamp":"2026-09-05T12:27:34.152016Z","level":"info","event":"Cosmos performance [993ed3b2f767|112]: The cache size for cosmos_cache__verdanta_daily__dbt_daily is 81420","logger":"cosmos.dbt.graph","filename":"graph.py","lineno":886}
{"timestamp":"2026-09-05T12:27:34.154540Z","level":"info","event":"Cosmos performance: Cache hit for cosmos_cache__verdanta_daily__dbt_daily - cec7d2b2130ad93ca8be26282ae433fd,f50552a3029f27b43be4a74a78877897","logger":"cosmos.dbt.graph","filename":"graph.py","lineno":898}
{"timestamp":"2026-09-05T12:27:34.154741Z","level":"info","event":"Total nodes: 91","logger":"cosmos.dbt.graph","filename":"graph.py","lineno":799}
{"timestamp":"2026-09-05T12:27:34.154811Z","level":"info","event":"Total filtered nodes: 91","logger":"cosmos.dbt.graph","filename":"graph.py","lineno":800}
{"timestamp":"2026-09-05T12:27:34.154884Z","level":"info","event":"Cosmos performance (verdanta_daily__dbt_daily) - [993ed3b2f767|112]: It took 0.152s to parse the dbt project for DAG using LoadMode.DBT_LS_CACHE","logger":"cosmos.converter","filename":"converter.py","lineno":371}
{"timestamp":"2026-09-05T12:27:34.232501Z","level":"info","event":"Cosmos performance (verdanta_daily__dbt_daily) - [993ed3b2f767|112]: It took 0.0775s to build the Airflow DAG.","logger":"cosmos.converter","filename":"converter.py","lineno":423}
{"timestamp":"2026-09-05T12:27:34.232680Z","level":"info","event":"::endgroup::Cosmos DAG parsing logs","logger":"cosmos.converter","filename":"converter.py","lineno":430}
{"timestamp":"2026-09-05T12:27:34.233278Z","level":"warning","event":"Using Variable.get from `airflow.models` is deprecated.Please use `get` on Variable from sdk(`airflow.sdk.Variable`) instead","category":"UserWarning","filename":"/home/airflow/.local/lib/python3.13/site-packages/airflow/models/variable.py","lineno":158,"logger":"py.warnings"}
{"timestamp":"2026-09-05T12:28:04.363904Z","level":"info","event":"Filling up the DagBag from /opt/airflow/dags/verdanta_daily.py","logger":"airflow.dag_processing.dagbag.BundleDagBag","filename":"dagbag.py","lineno":469}
{"timestamp":"2026-09-05T12:28:04.438543Z","level":"info","event":"::group::Cosmos DAG parsing logs","logger":"cosmos.converter","filename":"converter.py","lineno":321}
{"timestamp":"2026-09-05T12:28:04.442448Z","level":"info","event":"Cosmos cache dir resolved to /tmp/cosmos/verdanta_daily__dbt_daily","logger":"cosmos.converter","filename":"converter.py","lineno":346}
{"timestamp":"2026-09-05T12:28:04.442662Z","level":"info","event":"Trying to parse the dbt project using dbt ls cache cosmos_cache__verdanta_daily__dbt_daily...","logger":"cosmos.dbt.graph","filename":"graph.py","lineno":869}
{"timestamp":"2026-09-05T12:28:04.587426Z","level":"info","event":"Cosmos performance: time to calculate cache identifier cosmos_cache__verdanta_daily__dbt_daily for current version: 0.12756936300002053","logger":"cosmos.cache","filename":"cache.py","lineno":401}
{"timestamp":"2026-09-05T12:28:04.587705Z","level":"info","event":"Cosmos performance [993ed3b2f767|147]: The cache size for cosmos_cache__verdanta_daily__dbt_daily is 81420","logger":"cosmos.dbt.graph","filename":"graph.py","lineno":886}
{"timestamp":"2026-09-05T12:28:04.590653Z","level":"info","event":"Cosmos performance: Cache hit for cosmos_cache__verdanta_daily__dbt_daily - cec7d2b2130ad93ca8be26282ae433fd,f50552a3029f27b43be4a74a78877897","logger":"cosmos.dbt.graph","filename":"graph.py","lineno":898}
{"timestamp":"2026-09-05T12:28:04.590836Z","level":"info","event":"Total nodes: 91","logger":"cosmos.dbt.graph","filename":"graph.py","lineno":799}
{"timestamp":"2026-09-05T12:28:04.591056Z","level":"info","event":"Total filtered nodes: 91","logger":"cosmos.dbt.graph","filename":"graph.py","lineno":800}
{"timestamp":"2026-09-05T12:28:04.591174Z","level":"info","event":"Cosmos performance (verdanta_daily__dbt_daily) - [993ed3b2f767|147]: It took 0.149s to parse the dbt project for DAG using LoadMode.DBT_LS_CACHE","logger":"cosmos.converter","filename":"converter.py","lineno":371}
{"timestamp":"2026-09-05T12:28:04.666820Z","level":"info","event":"Cosmos performance (verdanta_daily__dbt_daily) - [993ed3b2f767|147]: It took 0.0756s to build the Airflow DAG.","logger":"cosmos.converter","filename":"converter.py","lineno":423}
{"timestamp":"2026-09-05T12:28:04.667058Z","level":"info","event":"::endgroup::Cosmos DAG parsing logs","logger":"cosmos.converter","filename":"converter.py","lineno":430}
{"timestamp":"2026-09-05T12:28:04.667559Z","level":"warning","event":"Using Variable.get from `airflow.models` is deprecated.Please use `get` on Variable from sdk(`airflow.sdk.Variable`) instead","category":"UserWarning","filename":"/home/airflow/.local/lib/python3.13/site-packages/airflow/models/variable.py","lineno":158,"logger":"py.warnings"}
{"timestamp":"2026-09-05T12:28:35.578887Z","level":"info","event":"Filling up the DagBag from /opt/airflow/dags/verdanta_daily.py","logger":"airflow.dag_processing.dagbag.BundleDagBag","filename":"dagbag.py","lineno":469}
{"timestamp":"2026-09-05T12:28:35.655596Z","level":"info","event":"::group::Cosmos DAG parsing logs","logger":"cosmos.converter","filename":"converter.py","lineno":321}
{"timestamp":"2026-09-05T12:28:35.663046Z","level":"info","event":"Cosmos cache dir resolved to /tmp/cosmos/verdanta_daily__dbt_daily","logger":"cosmos.converter","filename":"converter.py","lineno":346}
{"timestamp":"2026-09-05T12:28:35.663300Z","level":"info","event":"Trying to parse the dbt project using dbt ls cache cosmos_cache__verdanta_daily__dbt_daily...","logger":"cosmos.dbt.graph","filename":"graph.py","lineno":869}
{"timestamp":"2026-09-05T12:28:35.805084Z","level":"info","event":"Cosmos performance: time to calculate cache identifier cosmos_cache__verdanta_daily__dbt_daily for current version: 0.12986708699997962","logger":"cosmos.cache","filename":"cache.py","lineno":401}
{"timestamp":"2026-09-05T12:28:35.805323Z","level":"info","event":"Cosmos performance [993ed3b2f767|162]: The cache size for cosmos_cache__verdanta_daily__dbt_daily is 81420","logger":"cosmos.dbt.graph","filename":"graph.py","lineno":886}
{"timestamp":"2026-09-05T12:28:35.807838Z","level":"info","event":"Cosmos performance: Cache hit for cosmos_cache__verdanta_daily__dbt_daily - cec7d2b2130ad93ca8be26282ae433fd,f50552a3029f27b43be4a74a78877897","logger":"cosmos.dbt.graph","filename":"graph.py","lineno":898}
{"timestamp":"2026-09-05T12:28:35.808040Z","level":"info","event":"Total nodes: 91","logger":"cosmos.dbt.graph","filename":"graph.py","lineno":799}
{"timestamp":"2026-09-05T12:28:35.808141Z","level":"info","event":"Total filtered nodes: 91","logger":"cosmos.dbt.graph","filename":"graph.py","lineno":800}
{"timestamp":"2026-09-05T12:28:35.808233Z","level":"info","event":"Cosmos performance (verdanta_daily__dbt_daily) - [993ed3b2f767|162]: It took 0.145s to parse the dbt project for DAG using LoadMode.DBT_LS_CACHE","logger":"cosmos.converter","filename":"converter.py","lineno":371}
{"timestamp":"2026-09-05T12:28:35.884550Z","level":"info","event":"Cosmos performance (verdanta_daily__dbt_daily) - [993ed3b2f767|162]: It took 0.0763s to build the Airflow DAG.","logger":"cosmos.converter","filename":"converter.py","lineno":423}
{"timestamp":"2026-09-05T12:28:35.884714Z","level":"info","event":"::endgroup::Cosmos DAG parsing logs","logger":"cosmos.converter","filename":"converter.py","lineno":430}
{"timestamp":"2026-09-05T12:28:35.885325Z","level":"warning","event":"Using Variable.get from `airflow.models` is deprecated.Please use `get` on Variable from sdk(`airflow.sdk.Variable`) instead","category":"UserWarning","filename":"/home/airflow/.local/lib/python3.13/site-packages/airflow/models/variable.py","lineno":158,"logger":"py.warnings"}
{"timestamp":"2026-09-05T12:29:06.843886Z","level":"info","event":"Filling up the DagBag from /opt/airflow/dags/verdanta_daily.py","logger":"airflow.dag_processing.dagbag.BundleDagBag","filename":"dagbag.py","lineno":469}
{"timestamp":"2026-09-05T12:29:06.910791Z","level":"info","event":"::group::Cosmos DAG parsing logs","logger":"cosmos.converter","filename":"converter.py","lineno":321}
{"timestamp":"2026-09-05T12:29:06.914662Z","level":"info","event":"Cosmos cache dir resolved to /tmp/cosmos/verdanta_daily__dbt_daily","logger":"cosmos.converter","filename":"converter.py","lineno":346}
{"timestamp":"2026-09-05T12:29:06.914867Z","level":"info","event":"Trying to parse the dbt project using dbt ls cache cosmos_cache__verdanta_daily__dbt_daily...","logger":"cosmos.dbt.graph","filename":"graph.py","lineno":869}
{"timestamp":"2026-09-05T12:29:07.063675Z","level":"info","event":"Cosmos performance: time to calculate cache identifier cosmos_cache__verdanta_daily__dbt_daily for current version: 0.13018297400000733","logger":"cosmos.cache","filename":"cache.py","lineno":401}
{"timestamp":"2026-09-05T12:29:07.063916Z","level":"info","event":"Cosmos performance [993ed3b2f767|198]: The cache size for cosmos_cache__verdanta_daily__dbt_daily is 81420","logger":"cosmos.dbt.graph","filename":"graph.py","lineno":886}
{"timestamp":"2026-09-05T12:29:07.067076Z","level":"info","event":"Cosmos performance: Cache hit for cosmos_cache__verdanta_daily__dbt_daily - cec7d2b2130ad93ca8be26282ae433fd,f50552a3029f27b43be4a74a78877897","logger":"cosmos.dbt.graph","filename":"graph.py","lineno":898}
{"timestamp":"2026-09-05T12:29:07.067320Z","level":"info","event":"Total nodes: 91","logger":"cosmos.dbt.graph","filename":"graph.py","lineno":799}
{"timestamp":"2026-09-05T12:29:07.067392Z","level":"info","event":"Total filtered nodes: 91","logger":"cosmos.dbt.graph","filename":"graph.py","lineno":800}
{"timestamp":"2026-09-05T12:29:07.067462Z","level":"info","event":"Cosmos performance (verdanta_daily__dbt_daily) - [993ed3b2f767|198]: It took 0.153s to parse the dbt project for DAG using LoadMode.DBT_LS_CACHE","logger":"cosmos.converter","filename":"converter.py","lineno":371}
{"timestamp":"2026-09-05T12:29:07.142106Z","level":"info","event":"Cosmos performance (verdanta_daily__dbt_daily) - [993ed3b2f767|198]: It took 0.0746s to build the Airflow DAG.","logger":"cosmos.converter","filename":"converter.py","lineno":423}
{"timestamp":"2026-09-05T12:29:07.142224Z","level":"info","event":"::endgroup::Cosmos DAG parsing logs","logger":"cosmos.converter","filename":"converter.py","lineno":430}
{"timestamp":"2026-09-05T12:29:07.142686Z","level":"warning","event":"Using Variable.get from `airflow.models` is deprecated.Please use `get` on Variable from sdk(`airflow.sdk.Variable`) instead","category":"UserWarning","filename":"/home/airflow/.local/lib/python3.13/site-packages/airflow/models/variable.py","lineno":158,"logger":"py.warnings"}
{"timestamp":"2026-09-05T12:29:38.091815Z","level":"info","event":"Filling up the DagBag from /opt/airflow/dags/verdanta_daily.py","logger":"airflow.dag_processing.dagbag.BundleDagBag","filename":"dagbag.py","lineno":469}
{"timestamp":"2026-09-05T12:29:38.157823Z","level":"info","event":"::group::Cosmos DAG parsing logs","logger":"cosmos.converter","filename":"converter.py","lineno":321}
{"timestamp":"2026-09-05T12:29:38.161418Z","level":"info","event":"Cosmos cache dir resolved to /tmp/cosmos/verdanta_daily__dbt_daily","logger":"cosmos.converter","filename":"converter.py","lineno":346}
{"timestamp":"2026-09-05T12:29:38.161604Z","level":"info","event":"Trying to parse the dbt project using dbt ls cache cosmos_cache__verdanta_daily__dbt_daily...","logger":"cosmos.dbt.graph","filename":"graph.py","lineno":869}
{"timestamp":"2026-09-05T12:29:38.310008Z","level":"info","event":"Cosmos performance: time to calculate cache identifier cosmos_cache__verdanta_daily__dbt_daily for current version: 0.12972017000004143","logger":"cosmos.cache","filename":"cache.py","lineno":401}
{"timestamp":"2026-09-05T12:29:38.310231Z","level":"info","event":"Cosmos performance [993ed3b2f767|234]: The cache size for cosmos_cache__verdanta_daily__dbt_daily is 81420","logger":"cosmos.dbt.graph","filename":"graph.py","lineno":886}
{"timestamp":"2026-09-05T12:29:38.312468Z","level":"info","event":"Cosmos performance: Cache hit for cosmos_cache__verdanta_daily__dbt_daily - cec7d2b2130ad93ca8be26282ae433fd,f50552a3029f27b43be4a74a78877897","logger":"cosmos.dbt.graph","filename":"graph.py","lineno":898}
{"timestamp":"2026-09-05T12:29:38.312639Z","level":"info","event":"Total nodes: 91","logger":"cosmos.dbt.graph","filename":"graph.py","lineno":799}
{"timestamp":"2026-09-05T12:29:38.312698Z","level":"info","event":"Total filtered nodes: 91","logger":"cosmos.dbt.graph","filename":"graph.py","lineno":800}
{"timestamp":"2026-09-05T12:29:38.312763Z","level":"info","event":"Cosmos performance (verdanta_daily__dbt_daily) - [993ed3b2f767|234]: It took 0.151s to parse the dbt project for DAG using LoadMode.DBT_LS_CACHE","logger":"cosmos.converter","filename":"converter.py","lineno":371}
{"timestamp":"2026-09-05T12:29:38.384887Z","level":"info","event":"Cosmos performance (verdanta_daily__dbt_daily) - [993ed3b2f767|234]: It took 0.0721s to build the Airflow DAG.","logger":"cosmos.converter","filename":"converter.py","lineno":423}
{"timestamp":"2026-09-05T12:29:38.385010Z","level":"info","event":"::endgroup::Cosmos DAG parsing logs","logger":"cosmos.converter","filename":"converter.py","lineno":430}
{"timestamp":"2026-09-05T12:29:38.385531Z","level":"warning","event":"Using Variable.get from `airflow.models` is deprecated.Please use `get` on Variable from sdk(`airflow.sdk.Variable`) instead","category":"UserWarning","filename":"/home/airflow/.local/lib/python3.13/site-packages/airflow/models/variable.py","lineno":158,"logger":"py.warnings"}
{"timestamp":"2026-09-05T12:30:08.510028Z","level":"info","event":"Filling up the DagBag from /opt/airflow/dags/verdanta_daily.py","logger":"airflow.dag_processing.dagbag.BundleDagBag","filename":"dagbag.py","lineno":469}
{"timestamp":"2026-09-05T12:30:08.583454Z","level":"info","event":"::group::Cosmos DAG parsing logs","logger":"cosmos.converter","filename":"converter.py","lineno":321}
{"timestamp":"2026-09-05T12:30:08.586703Z","level":"info","event":"Cosmos cache dir resolved to /tmp/cosmos/verdanta_daily__dbt_daily","logger":"cosmos.converter","filename":"converter.py","lineno":346}
{"timestamp":"2026-09-05T12:30:08.586915Z","level":"info","event":"Trying to parse the dbt project using dbt ls cache cosmos_cache__verdanta_daily__dbt_daily...","logger":"cosmos.dbt.graph","filename":"graph.py","lineno":869}
{"timestamp":"2026-09-05T12:30:08.734588Z","level":"info","event":"Cosmos performance: time to calculate cache identifier cosmos_cache__verdanta_daily__dbt_daily for current version: 0.1287720159999708","logger":"cosmos.cache","filename":"cache.py","lineno":401}
{"timestamp":"2026-09-05T12:30:08.734768Z","level":"info","event":"Cosmos performance [993ed3b2f767|271]: The cache size for cosmos_cache__verdanta_daily__dbt_daily is 81420","logger":"cosmos.dbt.graph","filename":"graph.py","lineno":886}
{"timestamp":"2026-09-05T12:30:08.736986Z","level":"info","event":"Cosmos performance: Cache hit for cosmos_cache__verdanta_daily__dbt_daily - cec7d2b2130ad93ca8be26282ae433fd,f50552a3029f27b43be4a74a78877897","logger":"cosmos.dbt.graph","filename":"graph.py","lineno":898}
{"timestamp":"2026-09-05T12:30:08.737229Z","level":"info","event":"Total nodes: 91","logger":"cosmos.dbt.graph","filename":"graph.py","lineno":799}
{"timestamp":"2026-09-05T12:30:08.737309Z","level":"info","event":"Total filtered nodes: 91","logger":"cosmos.dbt.graph","filename":"graph.py","lineno":800}
{"timestamp":"2026-09-05T12:30:08.737383Z","level":"info","event":"Cosmos performance (verdanta_daily__dbt_daily) - [993ed3b2f767|271]: It took 0.151s to parse the dbt project for DAG using LoadMode.DBT_LS_CACHE","logger":"cosmos.converter","filename":"converter.py","lineno":371}
{"timestamp":"2026-09-05T12:30:08.814791Z","level":"info","event":"Cosmos performance (verdanta_daily__dbt_daily) - [993ed3b2f767|271]: It took 0.0773s to build the Airflow DAG.","logger":"cosmos.converter","filename":"converter.py","lineno":423}
{"timestamp":"2026-09-05T12:30:08.814974Z","level":"info","event":"::endgroup::Cosmos DAG parsing logs","logger":"cosmos.converter","filename":"converter.py","lineno":430}
{"timestamp":"2026-09-05T12:30:08.815638Z","level":"warning","event":"Using Variable.get from `airflow.models` is deprecated.Please use `get` on Variable from sdk(`airflow.sdk.Variable`) instead","category":"UserWarning","filename":"/home/airflow/.local/lib/python3.13/site-packages/airflow/models/variable.py","lineno":158,"logger":"py.warnings"}
{"timestamp":"2026-09-05T12:30:38.955108Z","level":"info","event":"Filling up the DagBag from /opt/airflow/dags/verdanta_daily.py","logger":"airflow.dag_processing.dagbag.BundleDagBag","filename":"dagbag.py","lineno":469}
{"timestamp":"2026-09-05T12:30:39.042658Z","level":"info","event":"::group::Cosmos DAG parsing logs","logger":"cosmos.converter","filename":"converter.py","lineno":321}
{"timestamp":"2026-09-05T12:30:39.047210Z","level":"info","event":"Cosmos cache dir resolved to /tmp/cosmos/verdanta_daily__dbt_daily","logger":"cosmos.converter","filename":"converter.py","lineno":346}
{"timestamp":"2026-09-05T12:30:39.047718Z","level":"info","event":"Trying to parse the dbt project using dbt ls cache cosmos_cache__verdanta_daily__dbt_daily...","logger":"cosmos.dbt.graph","filename":"graph.py","lineno":869}
{"timestamp":"2026-09-05T12:30:39.203092Z","level":"info","event":"Cosmos performance: time to calculate cache identifier cosmos_cache__verdanta_daily__dbt_daily for current version: 0.1374751899999751","logger":"cosmos.cache","filename":"cache.py","lineno":401}
{"timestamp":"2026-09-05T12:30:39.203326Z","level":"info","event":"Cosmos performance [993ed3b2f767|288]: The cache size for cosmos_cache__verdanta_daily__dbt_daily is 81420","logger":"cosmos.dbt.graph","filename":"graph.py","lineno":886}
{"timestamp":"2026-09-05T12:30:39.206162Z","level":"info","event":"Cosmos performance: Cache hit for cosmos_cache__verdanta_daily__dbt_daily - cec7d2b2130ad93ca8be26282ae433fd,f50552a3029f27b43be4a74a78877897","logger":"cosmos.dbt.graph","filename":"graph.py","lineno":898}
{"timestamp":"2026-09-05T12:30:39.206448Z","level":"info","event":"Total nodes: 91","logger":"cosmos.dbt.graph","filename":"graph.py","lineno":799}
{"timestamp":"2026-09-05T12:30:39.206537Z","level":"info","event":"Total filtered nodes: 91","logger":"cosmos.dbt.graph","filename":"graph.py","lineno":800}
{"timestamp":"2026-09-05T12:30:39.206612Z","level":"info","event":"Cosmos performance (verdanta_daily__dbt_daily) - [993ed3b2f767|288]: It took 0.159s to parse the dbt project for DAG using LoadMode.DBT_LS_CACHE","logger":"cosmos.converter","filename":"converter.py","lineno":371}
{"timestamp":"2026-09-05T12:30:39.283457Z","level":"info","event":"Cosmos performance (verdanta_daily__dbt_daily) - [993ed3b2f767|288]: It took 0.0768s to build the Airflow DAG.","logger":"cosmos.converter","filename":"converter.py","lineno":423}
{"timestamp":"2026-09-05T12:30:39.283627Z","level":"info","event":"::endgroup::Cosmos DAG parsing logs","logger":"cosmos.converter","filename":"converter.py","lineno":430}
{"timestamp":"2026-09-05T12:30:39.284249Z","level":"warning","event":"Using Variable.get from `airflow.models` is deprecated.Please use `get` on Variable from sdk(`airflow.sdk.Variable`) instead","category":"UserWarning","filename":"/home/airflow/.local/lib/python3.13/site-packages/airflow/models/variable.py","lineno":158,"logger":"py.warnings"}
{"timestamp":"2026-09-05T12:31:10.097856Z","level":"info","event":"Filling up the DagBag from /opt/airflow/dags/verdanta_daily.py","logger":"airflow.dag_processing.dagbag.BundleDagBag","filename":"dagbag.py","lineno":469}
{"timestamp":"2026-09-05T12:31:10.198327Z","level":"info","event":"::group::Cosmos DAG parsing logs","logger":"cosmos.converter","filename":"converter.py","lineno":321}
{"timestamp":"2026-09-05T12:31:10.202700Z","level":"info","event":"Cosmos cache dir resolved to /tmp/cosmos/verdanta_daily__dbt_daily","logger":"cosmos.converter","filename":"converter.py","lineno":346}
{"timestamp":"2026-09-05T12:31:10.202960Z","level":"info","event":"Trying to parse the dbt project using dbt ls cache cosmos_cache__verdanta_daily__dbt_daily...","logger":"cosmos.dbt.graph","filename":"graph.py","lineno":869}
{"timestamp":"2026-09-05T12:31:10.349865Z","level":"info","event":"Cosmos performance: time to calculate cache identifier cosmos_cache__verdanta_daily__dbt_daily for current version: 0.12024776800001291","logger":"cosmos.cache","filename":"cache.py","lineno":401}
{"timestamp":"2026-09-05T12:31:10.350065Z","level":"info","event":"Cosmos performance [993ed3b2f767|320]: The cache size for cosmos_cache__verdanta_daily__dbt_daily is 81420","logger":"cosmos.dbt.graph","filename":"graph.py","lineno":886}
{"timestamp":"2026-09-05T12:31:10.352875Z","level":"info","event":"Cosmos performance: Cache hit for cosmos_cache__verdanta_daily__dbt_daily - cec7d2b2130ad93ca8be26282ae433fd,f50552a3029f27b43be4a74a78877897","logger":"cosmos.dbt.graph","filename":"graph.py","lineno":898}
{"timestamp":"2026-09-05T12:31:10.353080Z","level":"info","event":"Total nodes: 91","logger":"cosmos.dbt.graph","filename":"graph.py","lineno":799}
{"timestamp":"2026-09-05T12:31:10.353145Z","level":"info","event":"Total filtered nodes: 91","logger":"cosmos.dbt.graph","filename":"graph.py","lineno":800}
{"timestamp":"2026-09-05T12:31:10.353213Z","level":"info","event":"Cosmos performance (verdanta_daily__dbt_daily) - [993ed3b2f767|320]: It took 0.15s to parse the dbt project for DAG using LoadMode.DBT_LS_CACHE","logger":"cosmos.converter","filename":"converter.py","lineno":371}
{"timestamp":"2026-09-05T12:31:10.444417Z","level":"info","event":"Cosmos performance (verdanta_daily__dbt_daily) - [993ed3b2f767|320]: It took 0.0911s to build the Airflow DAG.","logger":"cosmos.converter","filename":"converter.py","lineno":423}
{"timestamp":"2026-09-05T12:31:10.444557Z","level":"info","event":"::endgroup::Cosmos DAG parsing logs","logger":"cosmos.converter","filename":"converter.py","lineno":430}
{"timestamp":"2026-09-05T12:31:10.445208Z","level":"warning","event":"Using Variable.get from `airflow.models` is deprecated.Please use `get` on Variable from sdk(`airflow.sdk.Variable`) instead","category":"UserWarning","filename":"/home/airflow/.local/lib/python3.13/site-packages/airflow/models/variable.py","lineno":158,"logger":"py.warnings"}
{"timestamp":"2026-09-05T12:31:40.602075Z","level":"info","event":"Filling up the DagBag from /opt/airflow/dags/verdanta_daily.py","logger":"airflow.dag_processing.dagbag.BundleDagBag","filename":"dagbag.py","lineno":469}
{"timestamp":"2026-09-05T12:31:40.670454Z","level":"info","event":"::group::Cosmos DAG parsing logs","logger":"cosmos.converter","filename":"converter.py","lineno":321}
{"timestamp":"2026-09-05T12:31:40.673936Z","level":"info","event":"Cosmos cache dir resolved to /tmp/cosmos/verdanta_daily__dbt_daily","logger":"cosmos.converter","filename":"converter.py","lineno":346}
{"timestamp":"2026-09-05T12:31:40.674166Z","level":"info","event":"Trying to parse the dbt project using dbt ls cache cosmos_cache__verdanta_daily__dbt_daily...","logger":"cosmos.dbt.graph","filename":"graph.py","lineno":869}
{"timestamp":"2026-09-05T12:31:40.836418Z","level":"info","event":"Cosmos performance: time to calculate cache identifier cosmos_cache__verdanta_daily__dbt_daily for current version: 0.14487387899998794","logger":"cosmos.cache","filename":"cache.py","lineno":401}
{"timestamp":"2026-09-05T12:31:40.836605Z","level":"info","event":"Cosmos performance [993ed3b2f767|358]: The cache size for cosmos_cache__verdanta_daily__dbt_daily is 81420","logger":"cosmos.dbt.graph","filename":"graph.py","lineno":886}
{"timestamp":"2026-09-05T12:31:40.843462Z","level":"info","event":"Cosmos performance: Cache hit for cosmos_cache__verdanta_daily__dbt_daily - cec7d2b2130ad93ca8be26282ae433fd,f50552a3029f27b43be4a74a78877897","logger":"cosmos.dbt.graph","filename":"graph.py","lineno":898}
{"timestamp":"2026-09-05T12:31:40.843716Z","level":"info","event":"Total nodes: 91","logger":"cosmos.dbt.graph","filename":"graph.py","lineno":799}
{"timestamp":"2026-09-05T12:31:40.843839Z","level":"info","event":"Total filtered nodes: 91","logger":"cosmos.dbt.graph","filename":"graph.py","lineno":800}
{"timestamp":"2026-09-05T12:31:40.843941Z","level":"info","event":"Cosmos performance (verdanta_daily__dbt_daily) - [993ed3b2f767|358]: It took 0.17s to parse the dbt project for DAG using LoadMode.DBT_LS_CACHE","logger":"cosmos.converter","filename":"converter.py","lineno":371}
{"timestamp":"2026-09-05T12:31:40.922037Z","level":"info","event":"Cosmos performance (verdanta_daily__dbt_daily) - [993ed3b2f767|358]: It took 0.0781s to build the Airflow DAG.","logger":"cosmos.converter","filename":"converter.py","lineno":423}
{"timestamp":"2026-09-05T12:31:40.922205Z","level":"info","event":"::endgroup::Cosmos DAG parsing logs","logger":"cosmos.converter","filename":"converter.py","lineno":430}
{"timestamp":"2026-09-05T12:31:40.922832Z","level":"warning","event":"Using Variable.get from `airflow.models` is deprecated.Please use `get` on Variable from sdk(`airflow.sdk.Variable`) instead","category":"UserWarning","filename":"/home/airflow/.local/lib/python3.13/site-packages/airflow/models/variable.py","lineno":158,"logger":"py.warnings"}
{"timestamp":"2026-09-05T12:32:11.746106Z","level":"info","event":"Filling up the DagBag from /opt/airflow/dags/verdanta_daily.py","logger":"airflow.dag_processing.dagbag.BundleDagBag","filename":"dagbag.py","lineno":469}
{"timestamp":"2026-09-05T12:32:11.833941Z","level":"info","event":"::group::Cosmos DAG parsing logs","logger":"cosmos.converter","filename":"converter.py","lineno":321}
{"timestamp":"2026-09-05T12:32:11.837431Z","level":"info","event":"Cosmos cache dir resolved to /tmp/cosmos/verdanta_daily__dbt_daily","logger":"cosmos.converter","filename":"converter.py","lineno":346}
{"timestamp":"2026-09-05T12:32:11.837695Z","level":"info","event":"Trying to parse the dbt project using dbt ls cache cosmos_cache__verdanta_daily__dbt_daily...","logger":"cosmos.dbt.graph","filename":"graph.py","lineno":869}
{"timestamp":"2026-09-05T12:32:12.014564Z","level":"info","event":"Cosmos performance: time to calculate cache identifier cosmos_cache__verdanta_daily__dbt_daily for current version: 0.15379605900000115","logger":"cosmos.cache","filename":"cache.py","lineno":401}
{"timestamp":"2026-09-05T12:32:12.014865Z","level":"info","event":"Cosmos performance [993ed3b2f767|392]: The cache size for cosmos_cache__verdanta_daily__dbt_daily is 81420","logger":"cosmos.dbt.graph","filename":"graph.py","lineno":886}
{"timestamp":"2026-09-05T12:32:12.019155Z","level":"info","event":"Cosmos performance: Cache hit for cosmos_cache__verdanta_daily__dbt_daily - cec7d2b2130ad93ca8be26282ae433fd,f50552a3029f27b43be4a74a78877897","logger":"cosmos.dbt.graph","filename":"graph.py","lineno":898}
{"timestamp":"2026-09-05T12:32:12.019498Z","level":"info","event":"Total nodes: 91","logger":"cosmos.dbt.graph","filename":"graph.py","lineno":799}
{"timestamp":"2026-09-05T12:32:12.019626Z","level":"info","event":"Total filtered nodes: 91","logger":"cosmos.dbt.graph","filename":"graph.py","lineno":800}
{"timestamp":"2026-09-05T12:32:12.019744Z","level":"info","event":"Cosmos performance (verdanta_daily__dbt_daily) - [993ed3b2f767|392]: It took 0.182s to parse the dbt project for DAG using LoadMode.DBT_LS_CACHE","logger":"cosmos.converter","filename":"converter.py","lineno":371}
{"timestamp":"2026-09-05T12:32:12.113730Z","level":"info","event":"Cosmos performance (verdanta_daily__dbt_daily) - [993ed3b2f767|392]: It took 0.094s to build the Airflow DAG.","logger":"cosmos.converter","filename":"converter.py","lineno":423}
{"timestamp":"2026-09-05T12:32:12.113850Z","level":"info","event":"::endgroup::Cosmos DAG parsing logs","logger":"cosmos.converter","filename":"converter.py","lineno":430}
{"timestamp":"2026-09-05T12:32:12.114469Z","level":"warning","event":"Using Variable.get from `airflow.models` is deprecated.Please use `get` on Variable from sdk(`airflow.sdk.Variable`) instead","category":"UserWarning","filename":"/home/airflow/.local/lib/python3.13/site-packages/airflow/models/variable.py","lineno":158,"logger":"py.warnings"}
{"timestamp":"2026-09-05T12:32:42.548298Z","level":"info","event":"Filling up the DagBag from /opt/airflow/dags/verdanta_daily.py","logger":"airflow.dag_processing.dagbag.BundleDagBag","filename":"dagbag.py","lineno":469}
{"timestamp":"2026-09-05T12:32:42.639768Z","level":"info","event":"::group::Cosmos DAG parsing logs","logger":"cosmos.converter","filename":"converter.py","lineno":321}
{"timestamp":"2026-09-05T12:32:42.643838Z","level":"info","event":"Cosmos cache dir resolved to /tmp/cosmos/verdanta_daily__dbt_daily","logger":"cosmos.converter","filename":"converter.py","lineno":346}
{"timestamp":"2026-09-05T12:32:42.644120Z","level":"info","event":"Trying to parse the dbt project using dbt ls cache cosmos_cache__verdanta_daily__dbt_daily...","logger":"cosmos.dbt.graph","filename":"graph.py","lineno":869}
{"timestamp":"2026-09-05T12:32:42.809620Z","level":"info","event":"Cosmos performance: time to calculate cache identifier cosmos_cache__verdanta_daily__dbt_daily for current version: 0.1381445499999927","logger":"cosmos.cache","filename":"cache.py","lineno":401}
{"timestamp":"2026-09-05T12:32:42.809883Z","level":"info","event":"Cosmos performance [993ed3b2f767|428]: The cache size for cosmos_cache__verdanta_daily__dbt_daily is 81420","logger":"cosmos.dbt.graph","filename":"graph.py","lineno":886}
{"timestamp":"2026-09-05T12:32:42.812311Z","level":"info","event":"Cosmos performance: Cache hit for cosmos_cache__verdanta_daily__dbt_daily - cec7d2b2130ad93ca8be26282ae433fd,f50552a3029f27b43be4a74a78877897","logger":"cosmos.dbt.graph","filename":"graph.py","lineno":898}
{"timestamp":"2026-09-05T12:32:42.812538Z","level":"info","event":"Total nodes: 91","logger":"cosmos.dbt.graph","filename":"graph.py","lineno":799}
{"timestamp":"2026-09-05T12:32:42.812611Z","level":"info","event":"Total filtered nodes: 91","logger":"cosmos.dbt.graph","filename":"graph.py","lineno":800}
{"timestamp":"2026-09-05T12:32:42.812687Z","level":"info","event":"Cosmos performance (verdanta_daily__dbt_daily) - [993ed3b2f767|428]: It took 0.169s to parse the dbt project for DAG using LoadMode.DBT_LS_CACHE","logger":"cosmos.converter","filename":"converter.py","lineno":371}
{"timestamp":"2026-09-05T12:32:42.890418Z","level":"info","event":"Cosmos performance (verdanta_daily__dbt_daily) - [993ed3b2f767|428]: It took 0.0777s to build the Airflow DAG.","logger":"cosmos.converter","filename":"converter.py","lineno":423}
{"timestamp":"2026-09-05T12:32:42.890539Z","level":"info","event":"::endgroup::Cosmos DAG parsing logs","logger":"cosmos.converter","filename":"converter.py","lineno":430}
{"timestamp":"2026-09-05T12:32:42.891096Z","level":"warning","event":"Using Variable.get from `airflow.models` is deprecated.Please use `get` on Variable from sdk(`airflow.sdk.Variable`) instead","category":"UserWarning","filename":"/home/airflow/.local/lib/python3.13/site-packages/airflow/models/variable.py","lineno":158,"logger":"py.warnings"}
{"timestamp":"2026-09-05T12:33:13.529507Z","level":"info","event":"Filling up the DagBag from /opt/airflow/dags/verdanta_daily.py","logger":"airflow.dag_processing.dagbag.BundleDagBag","filename":"dagbag.py","lineno":469}
{"timestamp":"2026-09-05T12:33:13.643292Z","level":"info","event":"::group::Cosmos DAG parsing logs","logger":"cosmos.converter","filename":"converter.py","lineno":321}
{"timestamp":"2026-09-05T12:33:13.649987Z","level":"info","event":"Cosmos cache dir resolved to /tmp/cosmos/verdanta_daily__dbt_daily","logger":"cosmos.converter","filename":"converter.py","lineno":346}
{"timestamp":"2026-09-05T12:33:13.650457Z","level":"info","event":"Trying to parse the dbt project using dbt ls cache cosmos_cache__verdanta_daily__dbt_daily...","logger":"cosmos.dbt.graph","filename":"graph.py","lineno":869}
{"timestamp":"2026-09-05T12:33:13.814713Z","level":"info","event":"Cosmos performance: time to calculate cache identifier cosmos_cache__verdanta_daily__dbt_daily for current version: 0.14260471099998995","logger":"cosmos.cache","filename":"cache.py","lineno":401}
{"timestamp":"2026-09-05T12:33:13.814930Z","level":"info","event":"Cosmos performance [993ed3b2f767|446]: The cache size for cosmos_cache__verdanta_daily__dbt_daily is 81420","logger":"cosmos.dbt.graph","filename":"graph.py","lineno":886}
{"timestamp":"2026-09-05T12:33:13.817521Z","level":"info","event":"Cosmos performance: Cache hit for cosmos_cache__verdanta_daily__dbt_daily - cec7d2b2130ad93ca8be26282ae433fd,f50552a3029f27b43be4a74a78877897","logger":"cosmos.dbt.graph","filename":"graph.py","lineno":898}
{"timestamp":"2026-09-05T12:33:13.817780Z","level":"info","event":"Total nodes: 91","logger":"cosmos.dbt.graph","filename":"graph.py","lineno":799}
{"timestamp":"2026-09-05T12:33:13.817894Z","level":"info","event":"Total filtered nodes: 91","logger":"cosmos.dbt.graph","filename":"graph.py","lineno":800}
{"timestamp":"2026-09-05T12:33:13.818046Z","level":"info","event":"Cosmos performance (verdanta_daily__dbt_daily) - [993ed3b2f767|446]: It took 0.168s to parse the dbt project for DAG using LoadMode.DBT_LS_CACHE","logger":"cosmos.converter","filename":"converter.py","lineno":371}
{"timestamp":"2026-09-05T12:33:13.902048Z","level":"info","event":"Cosmos performance (verdanta_daily__dbt_daily) - [993ed3b2f767|446]: It took 0.0839s to build the Airflow DAG.","logger":"cosmos.converter","filename":"converter.py","lineno":423}
{"timestamp":"2026-09-05T12:33:13.902278Z","level":"info","event":"::endgroup::Cosmos DAG parsing logs","logger":"cosmos.converter","filename":"converter.py","lineno":430}
{"timestamp":"2026-09-05T12:33:13.902985Z","level":"warning","event":"Using Variable.get from `airflow.models` is deprecated.Please use `get` on Variable from sdk(`airflow.sdk.Variable`) instead","category":"UserWarning","filename":"/home/airflow/.local/lib/python3.13/site-packages/airflow/models/variable.py","lineno":158,"logger":"py.warnings"}
{"timestamp":"2026-09-05T12:33:44.785659Z","level":"info","event":"Filling up the DagBag from /opt/airflow/dags/verdanta_daily.py","logger":"airflow.dag_processing.dagbag.BundleDagBag","filename":"dagbag.py","lineno":469}
{"timestamp":"2026-09-05T12:33:44.858850Z","level":"info","event":"::group::Cosmos DAG parsing logs","logger":"cosmos.converter","filename":"converter.py","lineno":321}
{"timestamp":"2026-09-05T12:33:44.862260Z","level":"info","event":"Cosmos cache dir resolved to /tmp/cosmos/verdanta_daily__dbt_daily","logger":"cosmos.converter","filename":"converter.py","lineno":346}
{"timestamp":"2026-09-05T12:33:44.862473Z","level":"info","event":"Trying to parse the dbt project using dbt ls cache cosmos_cache__verdanta_daily__dbt_daily...","logger":"cosmos.dbt.graph","filename":"graph.py","lineno":869}
{"timestamp":"2026-09-05T12:33:45.019363Z","level":"info","event":"Cosmos performance: time to calculate cache identifier cosmos_cache__verdanta_daily__dbt_daily for current version: 0.1342874979999351","logger":"cosmos.cache","filename":"cache.py","lineno":401}
{"timestamp":"2026-09-05T12:33:45.019623Z","level":"info","event":"Cosmos performance [993ed3b2f767|478]: The cache size for cosmos_cache__verdanta_daily__dbt_daily is 81420","logger":"cosmos.dbt.graph","filename":"graph.py","lineno":886}
{"timestamp":"2026-09-05T12:33:45.022346Z","level":"info","event":"Cosmos performance: Cache hit for cosmos_cache__verdanta_daily__dbt_daily - cec7d2b2130ad93ca8be26282ae433fd,f50552a3029f27b43be4a74a78877897","logger":"cosmos.dbt.graph","filename":"graph.py","lineno":898}
{"timestamp":"2026-09-05T12:33:45.022576Z","level":"info","event":"Total nodes: 91","logger":"cosmos.dbt.graph","filename":"graph.py","lineno":799}
{"timestamp":"2026-09-05T12:33:45.022647Z","level":"info","event":"Total filtered nodes: 91","logger":"cosmos.dbt.graph","filename":"graph.py","lineno":800}
{"timestamp":"2026-09-05T12:33:45.022717Z","level":"info","event":"Cosmos performance (verdanta_daily__dbt_daily) - [993ed3b2f767|478]: It took 0.16s to parse the dbt project for DAG using LoadMode.DBT_LS_CACHE","logger":"cosmos.converter","filename":"converter.py","lineno":371}
{"timestamp":"2026-09-05T12:33:45.098226Z","level":"info","event":"Cosmos performance (verdanta_daily__dbt_daily) - [993ed3b2f767|478]: It took 0.0755s to build the Airflow DAG.","logger":"cosmos.converter","filename":"converter.py","lineno":423}
{"timestamp":"2026-09-05T12:33:45.098360Z","level":"info","event":"::endgroup::Cosmos DAG parsing logs","logger":"cosmos.converter","filename":"converter.py","lineno":430}
{"timestamp":"2026-09-05T12:33:45.098904Z","level":"warning","event":"Using Variable.get from `airflow.models` is deprecated.Please use `get` on Variable from sdk(`airflow.sdk.Variable`) instead","category":"UserWarning","filename":"/home/airflow/.local/lib/python3.13/site-packages/airflow/models/variable.py","lineno":158,"logger":"py.warnings"}
{"timestamp":"2026-09-05T12:34:15.697589Z","level":"info","event":"Filling up the DagBag from /opt/airflow/dags/verdanta_daily.py","logger":"airflow.dag_processing.dagbag.BundleDagBag","filename":"dagbag.py","lineno":469}
{"timestamp":"2026-09-05T12:34:15.778500Z","level":"info","event":"::group::Cosmos DAG parsing logs","logger":"cosmos.converter","filename":"converter.py","lineno":321}
{"timestamp":"2026-09-05T12:34:15.782201Z","level":"info","event":"Cosmos cache dir resolved to /tmp/cosmos/verdanta_daily__dbt_daily","logger":"cosmos.converter","filename":"converter.py","lineno":346}
{"timestamp":"2026-09-05T12:34:15.782581Z","level":"info","event":"Trying to parse the dbt project using dbt ls cache cosmos_cache__verdanta_daily__dbt_daily...","logger":"cosmos.dbt.graph","filename":"graph.py","lineno":869}
{"timestamp":"2026-09-05T12:34:15.954987Z","level":"info","event":"Cosmos performance: time to calculate cache identifier cosmos_cache__verdanta_daily__dbt_daily for current version: 0.14995743800000128","logger":"cosmos.cache","filename":"cache.py","lineno":401}
{"timestamp":"2026-09-05T12:34:15.955247Z","level":"info","event":"Cosmos performance [993ed3b2f767|513]: The cache size for cosmos_cache__verdanta_daily__dbt_daily is 81420","logger":"cosmos.dbt.graph","filename":"graph.py","lineno":886}
{"timestamp":"2026-09-05T12:34:15.957826Z","level":"info","event":"Cosmos performance: Cache hit for cosmos_cache__verdanta_daily__dbt_daily - cec7d2b2130ad93ca8be26282ae433fd,f50552a3029f27b43be4a74a78877897","logger":"cosmos.dbt.graph","filename":"graph.py","lineno":898}
{"timestamp":"2026-09-05T12:34:15.958051Z","level":"info","event":"Total nodes: 91","logger":"cosmos.dbt.graph","filename":"graph.py","lineno":799}
{"timestamp":"2026-09-05T12:34:15.958158Z","level":"info","event":"Total filtered nodes: 91","logger":"cosmos.dbt.graph","filename":"graph.py","lineno":800}
{"timestamp":"2026-09-05T12:34:15.958234Z","level":"info","event":"Cosmos performance (verdanta_daily__dbt_daily) - [993ed3b2f767|513]: It took 0.176s to parse the dbt project for DAG using LoadMode.DBT_LS_CACHE","logger":"cosmos.converter","filename":"converter.py","lineno":371}
{"timestamp":"2026-09-05T12:34:16.042949Z","level":"info","event":"Cosmos performance (verdanta_daily__dbt_daily) - [993ed3b2f767|513]: It took 0.0847s to build the Airflow DAG.","logger":"cosmos.converter","filename":"converter.py","lineno":423}
{"timestamp":"2026-09-05T12:34:16.043088Z","level":"info","event":"::endgroup::Cosmos DAG parsing logs","logger":"cosmos.converter","filename":"converter.py","lineno":430}
{"timestamp":"2026-09-05T12:34:16.043663Z","level":"warning","event":"Using Variable.get from `airflow.models` is deprecated.Please use `get` on Variable from sdk(`airflow.sdk.Variable`) instead","category":"UserWarning","filename":"/home/airflow/.local/lib/python3.13/site-packages/airflow/models/variable.py","lineno":158,"logger":"py.warnings"}
{"timestamp":"2026-09-05T12:34:46.787871Z","level":"info","event":"Filling up the DagBag from /opt/airflow/dags/verdanta_daily.py","logger":"airflow.dag_processing.dagbag.BundleDagBag","filename":"dagbag.py","lineno":469}
{"timestamp":"2026-09-05T12:34:46.885374Z","level":"info","event":"::group::Cosmos DAG parsing logs","logger":"cosmos.converter","filename":"converter.py","lineno":321}
{"timestamp":"2026-09-05T12:34:46.893735Z","level":"info","event":"Cosmos cache dir resolved to /tmp/cosmos/verdanta_daily__dbt_daily","logger":"cosmos.converter","filename":"converter.py","lineno":346}
{"timestamp":"2026-09-05T12:34:46.894128Z","level":"info","event":"Trying to parse the dbt project using dbt ls cache cosmos_cache__verdanta_daily__dbt_daily...","logger":"cosmos.dbt.graph","filename":"graph.py","lineno":869}
{"timestamp":"2026-09-05T12:34:47.037838Z","level":"info","event":"Cosmos performance: time to calculate cache identifier cosmos_cache__verdanta_daily__dbt_daily for current version: 0.12675026900001285","logger":"cosmos.cache","filename":"cache.py","lineno":401}
{"timestamp":"2026-09-05T12:34:47.038205Z","level":"info","event":"Cosmos performance [993ed3b2f767|542]: The cache size for cosmos_cache__verdanta_daily__dbt_daily is 81420","logger":"cosmos.dbt.graph","filename":"graph.py","lineno":886}
{"timestamp":"2026-09-05T12:34:47.045196Z","level":"info","event":"Cosmos performance: Cache hit for cosmos_cache__verdanta_daily__dbt_daily - cec7d2b2130ad93ca8be26282ae433fd,f50552a3029f27b43be4a74a78877897","logger":"cosmos.dbt.graph","filename":"graph.py","lineno":898}
{"timestamp":"2026-09-05T12:34:47.045421Z","level":"info","event":"Total nodes: 91","logger":"cosmos.dbt.graph","filename":"graph.py","lineno":799}
{"timestamp":"2026-09-05T12:34:47.045498Z","level":"info","event":"Total filtered nodes: 91","logger":"cosmos.dbt.graph","filename":"graph.py","lineno":800}
{"timestamp":"2026-09-05T12:34:47.045571Z","level":"info","event":"Cosmos performance (verdanta_daily__dbt_daily) - [993ed3b2f767|542]: It took 0.152s to parse the dbt project for DAG using LoadMode.DBT_LS_CACHE","logger":"cosmos.converter","filename":"converter.py","lineno":371}
{"timestamp":"2026-09-05T12:34:47.118710Z","level":"info","event":"Cosmos performance (verdanta_daily__dbt_daily) - [993ed3b2f767|542]: It took 0.0731s to build the Airflow DAG.","logger":"cosmos.converter","filename":"converter.py","lineno":423}
{"timestamp":"2026-09-05T12:34:47.118845Z","level":"info","event":"::endgroup::Cosmos DAG parsing logs","logger":"cosmos.converter","filename":"converter.py","lineno":430}
{"timestamp":"2026-09-05T12:34:47.119400Z","level":"warning","event":"Using Variable.get from `airflow.models` is deprecated.Please use `get` on Variable from sdk(`airflow.sdk.Variable`) instead","category":"UserWarning","filename":"/home/airflow/.local/lib/python3.13/site-packages/airflow/models/variable.py","lineno":158,"logger":"py.warnings"}
{"timestamp":"2026-09-05T12:35:17.650872Z","level":"info","event":"Filling up the DagBag from /opt/airflow/dags/verdanta_daily.py","logger":"airflow.dag_processing.dagbag.BundleDagBag","filename":"dagbag.py","lineno":469}
{"timestamp":"2026-09-05T12:35:17.722880Z","level":"info","event":"::group::Cosmos DAG parsing logs","logger":"cosmos.converter","filename":"converter.py","lineno":321}
{"timestamp":"2026-09-05T12:35:17.727536Z","level":"info","event":"Cosmos cache dir resolved to /tmp/cosmos/verdanta_daily__dbt_daily","logger":"cosmos.converter","filename":"converter.py","lineno":346}
{"timestamp":"2026-09-05T12:35:17.727763Z","level":"info","event":"Trying to parse the dbt project using dbt ls cache cosmos_cache__verdanta_daily__dbt_daily...","logger":"cosmos.dbt.graph","filename":"graph.py","lineno":869}
{"timestamp":"2026-09-05T12:35:17.877622Z","level":"info","event":"Cosmos performance: time to calculate cache identifier cosmos_cache__verdanta_daily__dbt_daily for current version: 0.1327647269999943","logger":"cosmos.cache","filename":"cache.py","lineno":401}
{"timestamp":"2026-09-05T12:35:17.877955Z","level":"info","event":"Cosmos performance [993ed3b2f767|578]: The cache size for cosmos_cache__verdanta_daily__dbt_daily is 81420","logger":"cosmos.dbt.graph","filename":"graph.py","lineno":886}
{"timestamp":"2026-09-05T12:35:17.880949Z","level":"info","event":"Cosmos performance: Cache hit for cosmos_cache__verdanta_daily__dbt_daily - cec7d2b2130ad93ca8be26282ae433fd,f50552a3029f27b43be4a74a78877897","logger":"cosmos.dbt.graph","filename":"graph.py","lineno":898}
{"timestamp":"2026-09-05T12:35:17.881169Z","level":"info","event":"Total nodes: 91","logger":"cosmos.dbt.graph","filename":"graph.py","lineno":799}
{"timestamp":"2026-09-05T12:35:17.881261Z","level":"info","event":"Total filtered nodes: 91","logger":"cosmos.dbt.graph","filename":"graph.py","lineno":800}
{"timestamp":"2026-09-05T12:35:17.881339Z","level":"info","event":"Cosmos performance (verdanta_daily__dbt_daily) - [993ed3b2f767|578]: It took 0.154s to parse the dbt project for DAG using LoadMode.DBT_LS_CACHE","logger":"cosmos.converter","filename":"converter.py","lineno":371}
{"timestamp":"2026-09-05T12:35:17.956590Z","level":"info","event":"Cosmos performance (verdanta_daily__dbt_daily) - [993ed3b2f767|578]: It took 0.0752s to build the Airflow DAG.","logger":"cosmos.converter","filename":"converter.py","lineno":423}
{"timestamp":"2026-09-05T12:35:17.956731Z","level":"info","event":"::endgroup::Cosmos DAG parsing logs","logger":"cosmos.converter","filename":"converter.py","lineno":430}
{"timestamp":"2026-09-05T12:35:17.957428Z","level":"warning","event":"Using Variable.get from `airflow.models` is deprecated.Please use `get` on Variable from sdk(`airflow.sdk.Variable`) instead","category":"UserWarning","filename":"/home/airflow/.local/lib/python3.13/site-packages/airflow/models/variable.py","lineno":158,"logger":"py.warnings"}
{"timestamp":"2026-09-05T12:35:48.784871Z","level":"info","event":"Filling up the DagBag from /opt/airflow/dags/verdanta_daily.py","logger":"airflow.dag_processing.dagbag.BundleDagBag","filename":"dagbag.py","lineno":469}
{"timestamp":"2026-09-05T12:35:48.844386Z","level":"info","event":"::group::Cosmos DAG parsing logs","logger":"cosmos.converter","filename":"converter.py","lineno":321}
{"timestamp":"2026-09-05T12:35:48.847918Z","level":"info","event":"Cosmos cache dir resolved to /tmp/cosmos/verdanta_daily__dbt_daily","logger":"cosmos.converter","filename":"converter.py","lineno":346}
{"timestamp":"2026-09-05T12:35:48.848113Z","level":"info","event":"Trying to parse the dbt project using dbt ls cache cosmos_cache__verdanta_daily__dbt_daily...","logger":"cosmos.dbt.graph","filename":"graph.py","lineno":869}
{"timestamp":"2026-09-05T12:35:48.997462Z","level":"info","event":"Cosmos performance: time to calculate cache identifier cosmos_cache__verdanta_daily__dbt_daily for current version: 0.13296815699993658","logger":"cosmos.cache","filename":"cache.py","lineno":401}
{"timestamp":"2026-09-05T12:35:48.997637Z","level":"info","event":"Cosmos performance [993ed3b2f767|613]: The cache size for cosmos_cache__verdanta_daily__dbt_daily is 81420","logger":"cosmos.dbt.graph","filename":"graph.py","lineno":886}
{"timestamp":"2026-09-05T12:35:49.000503Z","level":"info","event":"Cosmos performance: Cache hit for cosmos_cache__verdanta_daily__dbt_daily - cec7d2b2130ad93ca8be26282ae433fd,f50552a3029f27b43be4a74a78877897","logger":"cosmos.dbt.graph","filename":"graph.py","lineno":898}
{"timestamp":"2026-09-05T12:35:49.000682Z","level":"info","event":"Total nodes: 91","logger":"cosmos.dbt.graph","filename":"graph.py","lineno":799}
{"timestamp":"2026-09-05T12:35:49.000743Z","level":"info","event":"Total filtered nodes: 91","logger":"cosmos.dbt.graph","filename":"graph.py","lineno":800}
{"timestamp":"2026-09-05T12:35:49.000810Z","level":"info","event":"Cosmos performance (verdanta_daily__dbt_daily) - [993ed3b2f767|613]: It took 0.153s to parse the dbt project for DAG using LoadMode.DBT_LS_CACHE","logger":"cosmos.converter","filename":"converter.py","lineno":371}
{"timestamp":"2026-09-05T12:35:49.077415Z","level":"info","event":"Cosmos performance (verdanta_daily__dbt_daily) - [993ed3b2f767|613]: It took 0.0765s to build the Airflow DAG.","logger":"cosmos.converter","filename":"converter.py","lineno":423}
{"timestamp":"2026-09-05T12:35:49.077614Z","level":"info","event":"::endgroup::Cosmos DAG parsing logs","logger":"cosmos.converter","filename":"converter.py","lineno":430}
{"timestamp":"2026-09-05T12:35:49.078166Z","level":"warning","event":"Using Variable.get from `airflow.models` is deprecated.Please use `get` on Variable from sdk(`airflow.sdk.Variable`) instead","category":"UserWarning","filename":"/home/airflow/.local/lib/python3.13/site-packages/airflow/models/variable.py","lineno":158,"logger":"py.warnings"}
{"timestamp":"2026-09-05T12:36:19.533130Z","level":"info","event":"Filling up the DagBag from /opt/airflow/dags/verdanta_daily.py","logger":"airflow.dag_processing.dagbag.BundleDagBag","filename":"dagbag.py","lineno":469}
{"timestamp":"2026-09-05T12:36:19.604511Z","level":"info","event":"::group::Cosmos DAG parsing logs","logger":"cosmos.converter","filename":"converter.py","lineno":321}
{"timestamp":"2026-09-05T12:36:19.608473Z","level":"info","event":"Cosmos cache dir resolved to /tmp/cosmos/verdanta_daily__dbt_daily","logger":"cosmos.converter","filename":"converter.py","lineno":346}
{"timestamp":"2026-09-05T12:36:19.608679Z","level":"info","event":"Trying to parse the dbt project using dbt ls cache cosmos_cache__verdanta_daily__dbt_daily...","logger":"cosmos.dbt.graph","filename":"graph.py","lineno":869}
{"timestamp":"2026-09-05T12:36:19.757643Z","level":"info","event":"Cosmos performance: time to calculate cache identifier cosmos_cache__verdanta_daily__dbt_daily for current version: 0.13448456499997974","logger":"cosmos.cache","filename":"cache.py","lineno":401}
{"timestamp":"2026-09-05T12:36:19.757953Z","level":"info","event":"Cosmos performance [993ed3b2f767|628]: The cache size for cosmos_cache__verdanta_daily__dbt_daily is 81420","logger":"cosmos.dbt.graph","filename":"graph.py","lineno":886}
{"timestamp":"2026-09-05T12:36:19.761588Z","level":"info","event":"Cosmos performance: Cache hit for cosmos_cache__verdanta_daily__dbt_daily - cec7d2b2130ad93ca8be26282ae433fd,f50552a3029f27b43be4a74a78877897","logger":"cosmos.dbt.graph","filename":"graph.py","lineno":898}
{"timestamp":"2026-09-05T12:36:19.761843Z","level":"info","event":"Total nodes: 91","logger":"cosmos.dbt.graph","filename":"graph.py","lineno":799}
{"timestamp":"2026-09-05T12:36:19.761946Z","level":"info","event":"Total filtered nodes: 91","logger":"cosmos.dbt.graph","filename":"graph.py","lineno":800}
{"timestamp":"2026-09-05T12:36:19.762043Z","level":"info","event":"Cosmos performance (verdanta_daily__dbt_daily) - [993ed3b2f767|628]: It took 0.153s to parse the dbt project for DAG using LoadMode.DBT_LS_CACHE","logger":"cosmos.converter","filename":"converter.py","lineno":371}
{"timestamp":"2026-09-05T12:36:19.831092Z","level":"info","event":"Cosmos performance (verdanta_daily__dbt_daily) - [993ed3b2f767|628]: It took 0.069s to build the Airflow DAG.","logger":"cosmos.converter","filename":"converter.py","lineno":423}
{"timestamp":"2026-09-05T12:36:19.831210Z","level":"info","event":"::endgroup::Cosmos DAG parsing logs","logger":"cosmos.converter","filename":"converter.py","lineno":430}
{"timestamp":"2026-09-05T12:36:19.831700Z","level":"warning","event":"Using Variable.get from `airflow.models` is deprecated.Please use `get` on Variable from sdk(`airflow.sdk.Variable`) instead","category":"UserWarning","filename":"/home/airflow/.local/lib/python3.13/site-packages/airflow/models/variable.py","lineno":158,"logger":"py.warnings"}
{"timestamp":"2026-09-05T12:36:50.313284Z","level":"info","event":"Filling up the DagBag from /opt/airflow/dags/verdanta_daily.py","logger":"airflow.dag_processing.dagbag.BundleDagBag","filename":"dagbag.py","lineno":469}
{"timestamp":"2026-09-05T12:36:50.390676Z","level":"info","event":"::group::Cosmos DAG parsing logs","logger":"cosmos.converter","filename":"converter.py","lineno":321}
{"timestamp":"2026-09-05T12:36:50.395049Z","level":"info","event":"Cosmos cache dir resolved to /tmp/cosmos/verdanta_daily__dbt_daily","logger":"cosmos.converter","filename":"converter.py","lineno":346}
{"timestamp":"2026-09-05T12:36:50.395303Z","level":"info","event":"Trying to parse the dbt project using dbt ls cache cosmos_cache__verdanta_daily__dbt_daily...","logger":"cosmos.dbt.graph","filename":"graph.py","lineno":869}
{"timestamp":"2026-09-05T12:36:50.546239Z","level":"info","event":"Cosmos performance: time to calculate cache identifier cosmos_cache__verdanta_daily__dbt_daily for current version: 0.13844680599993353","logger":"cosmos.cache","filename":"cache.py","lineno":401}
{"timestamp":"2026-09-05T12:36:50.546658Z","level":"info","event":"Cosmos performance [993ed3b2f767|664]: The cache size for cosmos_cache__verdanta_daily__dbt_daily is 81420","logger":"cosmos.dbt.graph","filename":"graph.py","lineno":886}
{"timestamp":"2026-09-05T12:36:50.550772Z","level":"info","event":"Cosmos performance: Cache hit for cosmos_cache__verdanta_daily__dbt_daily - cec7d2b2130ad93ca8be26282ae433fd,f50552a3029f27b43be4a74a78877897","logger":"cosmos.dbt.graph","filename":"graph.py","lineno":898}
{"timestamp":"2026-09-05T12:36:50.551093Z","level":"info","event":"Total nodes: 91","logger":"cosmos.dbt.graph","filename":"graph.py","lineno":799}
{"timestamp":"2026-09-05T12:36:50.551183Z","level":"info","event":"Total filtered nodes: 91","logger":"cosmos.dbt.graph","filename":"graph.py","lineno":800}
{"timestamp":"2026-09-05T12:36:50.551278Z","level":"info","event":"Cosmos performance (verdanta_daily__dbt_daily) - [993ed3b2f767|664]: It took 0.156s to parse the dbt project for DAG using LoadMode.DBT_LS_CACHE","logger":"cosmos.converter","filename":"converter.py","lineno":371}
{"timestamp":"2026-09-05T12:36:50.638623Z","level":"info","event":"Cosmos performance (verdanta_daily__dbt_daily) - [993ed3b2f767|664]: It took 0.0873s to build the Airflow DAG.","logger":"cosmos.converter","filename":"converter.py","lineno":423}
{"timestamp":"2026-09-05T12:36:50.638747Z","level":"info","event":"::endgroup::Cosmos DAG parsing logs","logger":"cosmos.converter","filename":"converter.py","lineno":430}
{"timestamp":"2026-09-05T12:36:50.639306Z","level":"warning","event":"Using Variable.get from `airflow.models` is deprecated.Please use `get` on Variable from sdk(`airflow.sdk.Variable`) instead","category":"UserWarning","filename":"/home/airflow/.local/lib/python3.13/site-packages/airflow/models/variable.py","lineno":158,"logger":"py.warnings"}
{"timestamp":"2026-09-05T12:37:20.791023Z","level":"info","event":"Filling up the DagBag from /opt/airflow/dags/verdanta_daily.py","logger":"airflow.dag_processing.dagbag.BundleDagBag","filename":"dagbag.py","lineno":469}
{"timestamp":"2026-09-05T12:37:20.868408Z","level":"info","event":"::group::Cosmos DAG parsing logs","logger":"cosmos.converter","filename":"converter.py","lineno":321}
{"timestamp":"2026-09-05T12:37:20.873050Z","level":"info","event":"Cosmos cache dir resolved to /tmp/cosmos/verdanta_daily__dbt_daily","logger":"cosmos.converter","filename":"converter.py","lineno":346}
{"timestamp":"2026-09-05T12:37:20.873346Z","level":"info","event":"Trying to parse the dbt project using dbt ls cache cosmos_cache__verdanta_daily__dbt_daily...","logger":"cosmos.dbt.graph","filename":"graph.py","lineno":869}
{"timestamp":"2026-09-05T12:37:21.019249Z","level":"info","event":"Cosmos performance: time to calculate cache identifier cosmos_cache__verdanta_daily__dbt_daily for current version: 0.13068141700000524","logger":"cosmos.cache","filename":"cache.py","lineno":401}
{"timestamp":"2026-09-05T12:37:21.019465Z","level":"info","event":"Cosmos performance [993ed3b2f767|701]: The cache size for cosmos_cache__verdanta_daily__dbt_daily is 81420","logger":"cosmos.dbt.graph","filename":"graph.py","lineno":886}
{"timestamp":"2026-09-05T12:37:21.021958Z","level":"info","event":"Cosmos performance: Cache hit for cosmos_cache__verdanta_daily__dbt_daily - cec7d2b2130ad93ca8be26282ae433fd,f50552a3029f27b43be4a74a78877897","logger":"cosmos.dbt.graph","filename":"graph.py","lineno":898}
{"timestamp":"2026-09-05T12:37:21.022205Z","level":"info","event":"Total nodes: 91","logger":"cosmos.dbt.graph","filename":"graph.py","lineno":799}
{"timestamp":"2026-09-05T12:37:21.022273Z","level":"info","event":"Total filtered nodes: 91","logger":"cosmos.dbt.graph","filename":"graph.py","lineno":800}
{"timestamp":"2026-09-05T12:37:21.022365Z","level":"info","event":"Cosmos performance (verdanta_daily__dbt_daily) - [993ed3b2f767|701]: It took 0.149s to parse the dbt project for DAG using LoadMode.DBT_LS_CACHE","logger":"cosmos.converter","filename":"converter.py","lineno":371}
{"timestamp":"2026-09-05T12:37:21.099688Z","level":"info","event":"Cosmos performance (verdanta_daily__dbt_daily) - [993ed3b2f767|701]: It took 0.0773s to build the Airflow DAG.","logger":"cosmos.converter","filename":"converter.py","lineno":423}
{"timestamp":"2026-09-05T12:37:21.099831Z","level":"info","event":"::endgroup::Cosmos DAG parsing logs","logger":"cosmos.converter","filename":"converter.py","lineno":430}
{"timestamp":"2026-09-05T12:37:21.100280Z","level":"warning","event":"Using Variable.get from `airflow.models` is deprecated.Please use `get` on Variable from sdk(`airflow.sdk.Variable`) instead","category":"UserWarning","filename":"/home/airflow/.local/lib/python3.13/site-packages/airflow/models/variable.py","lineno":158,"logger":"py.warnings"}
{"timestamp":"2026-09-05T12:37:51.308940Z","level":"info","event":"Filling up the DagBag from /opt/airflow/dags/verdanta_daily.py","logger":"airflow.dag_processing.dagbag.BundleDagBag","filename":"dagbag.py","lineno":469}
{"timestamp":"2026-09-05T12:37:51.375227Z","level":"info","event":"::group::Cosmos DAG parsing logs","logger":"cosmos.converter","filename":"converter.py","lineno":321}
{"timestamp":"2026-09-05T12:37:51.378905Z","level":"info","event":"Cosmos cache dir resolved to /tmp/cosmos/verdanta_daily__dbt_daily","logger":"cosmos.converter","filename":"converter.py","lineno":346}
{"timestamp":"2026-09-05T12:37:51.379092Z","level":"info","event":"Trying to parse the dbt project using dbt ls cache cosmos_cache__verdanta_daily__dbt_daily...","logger":"cosmos.dbt.graph","filename":"graph.py","lineno":869}
{"timestamp":"2026-09-05T12:37:51.528085Z","level":"info","event":"Cosmos performance: time to calculate cache identifier cosmos_cache__verdanta_daily__dbt_daily for current version: 0.1295515690000002","logger":"cosmos.cache","filename":"cache.py","lineno":401}
{"timestamp":"2026-09-05T12:37:51.528308Z","level":"info","event":"Cosmos performance [993ed3b2f767|736]: The cache size for cosmos_cache__verdanta_daily__dbt_daily is 81420","logger":"cosmos.dbt.graph","filename":"graph.py","lineno":886}
{"timestamp":"2026-09-05T12:37:51.530418Z","level":"info","event":"Cosmos performance: Cache hit for cosmos_cache__verdanta_daily__dbt_daily - cec7d2b2130ad93ca8be26282ae433fd,f50552a3029f27b43be4a74a78877897","logger":"cosmos.dbt.graph","filename":"graph.py","lineno":898}
{"timestamp":"2026-09-05T12:37:51.530633Z","level":"info","event":"Total nodes: 91","logger":"cosmos.dbt.graph","filename":"graph.py","lineno":799}
{"timestamp":"2026-09-05T12:37:51.530692Z","level":"info","event":"Total filtered nodes: 91","logger":"cosmos.dbt.graph","filename":"graph.py","lineno":800}
{"timestamp":"2026-09-05T12:37:51.530755Z","level":"info","event":"Cosmos performance (verdanta_daily__dbt_daily) - [993ed3b2f767|736]: It took 0.152s to parse the dbt project for DAG using LoadMode.DBT_LS_CACHE","logger":"cosmos.converter","filename":"converter.py","lineno":371}
{"timestamp":"2026-09-05T12:37:51.600988Z","level":"info","event":"Cosmos performance (verdanta_daily__dbt_daily) - [993ed3b2f767|736]: It took 0.0702s to build the Airflow DAG.","logger":"cosmos.converter","filename":"converter.py","lineno":423}
{"timestamp":"2026-09-05T12:37:51.601122Z","level":"info","event":"::endgroup::Cosmos DAG parsing logs","logger":"cosmos.converter","filename":"converter.py","lineno":430}
{"timestamp":"2026-09-05T12:37:51.601769Z","level":"warning","event":"Using Variable.get from `airflow.models` is deprecated.Please use `get` on Variable from sdk(`airflow.sdk.Variable`) instead","category":"UserWarning","filename":"/home/airflow/.local/lib/python3.13/site-packages/airflow/models/variable.py","lineno":158,"logger":"py.warnings"}
{"timestamp":"2026-09-05T12:38:22.231924Z","level":"info","event":"Filling up the DagBag from /opt/airflow/dags/verdanta_daily.py","logger":"airflow.dag_processing.dagbag.BundleDagBag","filename":"dagbag.py","lineno":469}
{"timestamp":"2026-09-05T12:38:22.297386Z","level":"info","event":"::group::Cosmos DAG parsing logs","logger":"cosmos.converter","filename":"converter.py","lineno":321}
{"timestamp":"2026-09-05T12:38:22.301064Z","level":"info","event":"Cosmos cache dir resolved to /tmp/cosmos/verdanta_daily__dbt_daily","logger":"cosmos.converter","filename":"converter.py","lineno":346}
{"timestamp":"2026-09-05T12:38:22.301378Z","level":"info","event":"Trying to parse the dbt project using dbt ls cache cosmos_cache__verdanta_daily__dbt_daily...","logger":"cosmos.dbt.graph","filename":"graph.py","lineno":869}
{"timestamp":"2026-09-05T12:38:22.457014Z","level":"info","event":"Cosmos performance: time to calculate cache identifier cosmos_cache__verdanta_daily__dbt_daily for current version: 0.14149927500000103","logger":"cosmos.cache","filename":"cache.py","lineno":401}
{"timestamp":"2026-09-05T12:38:22.457208Z","level":"info","event":"Cosmos performance [993ed3b2f767|771]: The cache size for cosmos_cache__verdanta_daily__dbt_daily is 81420","logger":"cosmos.dbt.graph","filename":"graph.py","lineno":886}
{"timestamp":"2026-09-05T12:38:22.463291Z","level":"info","event":"Cosmos performance: Cache hit for cosmos_cache__verdanta_daily__dbt_daily - cec7d2b2130ad93ca8be26282ae433fd,f50552a3029f27b43be4a74a78877897","logger":"cosmos.dbt.graph","filename":"graph.py","lineno":898}
{"timestamp":"2026-09-05T12:38:22.463503Z","level":"info","event":"Total nodes: 91","logger":"cosmos.dbt.graph","filename":"graph.py","lineno":799}
{"timestamp":"2026-09-05T12:38:22.463563Z","level":"info","event":"Total filtered nodes: 91","logger":"cosmos.dbt.graph","filename":"graph.py","lineno":800}
{"timestamp":"2026-09-05T12:38:22.463626Z","level":"info","event":"Cosmos performance (verdanta_daily__dbt_daily) - [993ed3b2f767|771]: It took 0.162s to parse the dbt project for DAG using LoadMode.DBT_LS_CACHE","logger":"cosmos.converter","filename":"converter.py","lineno":371}
{"timestamp":"2026-09-05T12:38:22.547116Z","level":"info","event":"Cosmos performance (verdanta_daily__dbt_daily) - [993ed3b2f767|771]: It took 0.0834s to build the Airflow DAG.","logger":"cosmos.converter","filename":"converter.py","lineno":423}
{"timestamp":"2026-09-05T12:38:22.547292Z","level":"info","event":"::endgroup::Cosmos DAG parsing logs","logger":"cosmos.converter","filename":"converter.py","lineno":430}
{"timestamp":"2026-09-05T12:38:22.547950Z","level":"warning","event":"Using Variable.get from `airflow.models` is deprecated.Please use `get` on Variable from sdk(`airflow.sdk.Variable`) instead","category":"UserWarning","filename":"/home/airflow/.local/lib/python3.13/site-packages/airflow/models/variable.py","lineno":158,"logger":"py.warnings"}
{"timestamp":"2026-09-05T12:38:53.332284Z","level":"info","event":"Filling up the DagBag from /opt/airflow/dags/verdanta_daily.py","logger":"airflow.dag_processing.dagbag.BundleDagBag","filename":"dagbag.py","lineno":469}
{"timestamp":"2026-09-05T12:38:53.405949Z","level":"info","event":"::group::Cosmos DAG parsing logs","logger":"cosmos.converter","filename":"converter.py","lineno":321}
{"timestamp":"2026-09-05T12:38:53.409916Z","level":"info","event":"Cosmos cache dir resolved to /tmp/cosmos/verdanta_daily__dbt_daily","logger":"cosmos.converter","filename":"converter.py","lineno":346}
{"timestamp":"2026-09-05T12:38:53.410134Z","level":"info","event":"Trying to parse the dbt project using dbt ls cache cosmos_cache__verdanta_daily__dbt_daily...","logger":"cosmos.dbt.graph","filename":"graph.py","lineno":869}
{"timestamp":"2026-09-05T12:38:53.560879Z","level":"info","event":"Cosmos performance: time to calculate cache identifier cosmos_cache__verdanta_daily__dbt_daily for current version: 0.13329500999998345","logger":"cosmos.cache","filename":"cache.py","lineno":401}
{"timestamp":"2026-09-05T12:38:53.561117Z","level":"info","event":"Cosmos performance [993ed3b2f767|786]: The cache size for cosmos_cache__verdanta_daily__dbt_daily is 81420","logger":"cosmos.dbt.graph","filename":"graph.py","lineno":886}
{"timestamp":"2026-09-05T12:38:53.564866Z","level":"info","event":"Cosmos performance: Cache hit for cosmos_cache__verdanta_daily__dbt_daily - cec7d2b2130ad93ca8be26282ae433fd,f50552a3029f27b43be4a74a78877897","logger":"cosmos.dbt.graph","filename":"graph.py","lineno":898}
{"timestamp":"2026-09-05T12:38:53.565106Z","level":"info","event":"Total nodes: 91","logger":"cosmos.dbt.graph","filename":"graph.py","lineno":799}
{"timestamp":"2026-09-05T12:38:53.565182Z","level":"info","event":"Total filtered nodes: 91","logger":"cosmos.dbt.graph","filename":"graph.py","lineno":800}
{"timestamp":"2026-09-05T12:38:53.565264Z","level":"info","event":"Cosmos performance (verdanta_daily__dbt_daily) - [993ed3b2f767|786]: It took 0.155s to parse the dbt project for DAG using LoadMode.DBT_LS_CACHE","logger":"cosmos.converter","filename":"converter.py","lineno":371}
{"timestamp":"2026-09-05T12:38:53.646364Z","level":"info","event":"Cosmos performance (verdanta_daily__dbt_daily) - [993ed3b2f767|786]: It took 0.0811s to build the Airflow DAG.","logger":"cosmos.converter","filename":"converter.py","lineno":423}
{"timestamp":"2026-09-05T12:38:53.646487Z","level":"info","event":"::endgroup::Cosmos DAG parsing logs","logger":"cosmos.converter","filename":"converter.py","lineno":430}
{"timestamp":"2026-09-05T12:38:53.647077Z","level":"warning","event":"Using Variable.get from `airflow.models` is deprecated.Please use `get` on Variable from sdk(`airflow.sdk.Variable`) instead","category":"UserWarning","filename":"/home/airflow/.local/lib/python3.13/site-packages/airflow/models/variable.py","lineno":158,"logger":"py.warnings"}
{"timestamp":"2026-09-05T12:39:24.246137Z","level":"info","event":"Filling up the DagBag from /opt/airflow/dags/verdanta_daily.py","logger":"airflow.dag_processing.dagbag.BundleDagBag","filename":"dagbag.py","lineno":469}
{"timestamp":"2026-09-05T12:39:24.329005Z","level":"info","event":"::group::Cosmos DAG parsing logs","logger":"cosmos.converter","filename":"converter.py","lineno":321}
{"timestamp":"2026-09-05T12:39:24.333611Z","level":"info","event":"Cosmos cache dir resolved to /tmp/cosmos/verdanta_daily__dbt_daily","logger":"cosmos.converter","filename":"converter.py","lineno":346}
{"timestamp":"2026-09-05T12:39:24.333989Z","level":"info","event":"Trying to parse the dbt project using dbt ls cache cosmos_cache__verdanta_daily__dbt_daily...","logger":"cosmos.dbt.graph","filename":"graph.py","lineno":869}
{"timestamp":"2026-09-05T12:39:24.487741Z","level":"info","event":"Cosmos performance: time to calculate cache identifier cosmos_cache__verdanta_daily__dbt_daily for current version: 0.13516630799995255","logger":"cosmos.cache","filename":"cache.py","lineno":401}
{"timestamp":"2026-09-05T12:39:24.487984Z","level":"info","event":"Cosmos performance [993ed3b2f767|822]: The cache size for cosmos_cache__verdanta_daily__dbt_daily is 81420","logger":"cosmos.dbt.graph","filename":"graph.py","lineno":886}
{"timestamp":"2026-09-05T12:39:24.491434Z","level":"info","event":"Cosmos performance: Cache hit for cosmos_cache__verdanta_daily__dbt_daily - cec7d2b2130ad93ca8be26282ae433fd,f50552a3029f27b43be4a74a78877897","logger":"cosmos.dbt.graph","filename":"graph.py","lineno":898}
{"timestamp":"2026-09-05T12:39:24.491635Z","level":"info","event":"Total nodes: 91","logger":"cosmos.dbt.graph","filename":"graph.py","lineno":799}
{"timestamp":"2026-09-05T12:39:24.491705Z","level":"info","event":"Total filtered nodes: 91","logger":"cosmos.dbt.graph","filename":"graph.py","lineno":800}
{"timestamp":"2026-09-05T12:39:24.491786Z","level":"info","event":"Cosmos performance (verdanta_daily__dbt_daily) - [993ed3b2f767|822]: It took 0.158s to parse the dbt project for DAG using LoadMode.DBT_LS_CACHE","logger":"cosmos.converter","filename":"converter.py","lineno":371}
{"timestamp":"2026-09-05T12:39:24.564797Z","level":"info","event":"Cosmos performance (verdanta_daily__dbt_daily) - [993ed3b2f767|822]: It took 0.0729s to build the Airflow DAG.","logger":"cosmos.converter","filename":"converter.py","lineno":423}
{"timestamp":"2026-09-05T12:39:24.564983Z","level":"info","event":"::endgroup::Cosmos DAG parsing logs","logger":"cosmos.converter","filename":"converter.py","lineno":430}
{"timestamp":"2026-09-05T12:39:24.565574Z","level":"warning","event":"Using Variable.get from `airflow.models` is deprecated.Please use `get` on Variable from sdk(`airflow.sdk.Variable`) instead","category":"UserWarning","filename":"/home/airflow/.local/lib/python3.13/site-packages/airflow/models/variable.py","lineno":158,"logger":"py.warnings"}
{"timestamp":"2026-09-05T12:39:55.153446Z","level":"info","event":"Filling up the DagBag from /opt/airflow/dags/verdanta_daily.py","logger":"airflow.dag_processing.dagbag.BundleDagBag","filename":"dagbag.py","lineno":469}
{"timestamp":"2026-09-05T12:39:55.227926Z","level":"info","event":"::group::Cosmos DAG parsing logs","logger":"cosmos.converter","filename":"converter.py","lineno":321}
{"timestamp":"2026-09-05T12:39:55.232132Z","level":"info","event":"Cosmos cache dir resolved to /tmp/cosmos/verdanta_daily__dbt_daily","logger":"cosmos.converter","filename":"converter.py","lineno":346}
{"timestamp":"2026-09-05T12:39:55.232464Z","level":"info","event":"Trying to parse the dbt project using dbt ls cache cosmos_cache__verdanta_daily__dbt_daily...","logger":"cosmos.dbt.graph","filename":"graph.py","lineno":869}
{"timestamp":"2026-09-05T12:39:55.380909Z","level":"info","event":"Cosmos performance: time to calculate cache identifier cosmos_cache__verdanta_daily__dbt_daily for current version: 0.13074657800007117","logger":"cosmos.cache","filename":"cache.py","lineno":401}
{"timestamp":"2026-09-05T12:39:55.381141Z","level":"info","event":"Cosmos performance [993ed3b2f767|858]: The cache size for cosmos_cache__verdanta_daily__dbt_daily is 81420","logger":"cosmos.dbt.graph","filename":"graph.py","lineno":886}
{"timestamp":"2026-09-05T12:39:55.383623Z","level":"info","event":"Cosmos performance: Cache hit for cosmos_cache__verdanta_daily__dbt_daily - cec7d2b2130ad93ca8be26282ae433fd,f50552a3029f27b43be4a74a78877897","logger":"cosmos.dbt.graph","filename":"graph.py","lineno":898}
{"timestamp":"2026-09-05T12:39:55.383798Z","level":"info","event":"Total nodes: 91","logger":"cosmos.dbt.graph","filename":"graph.py","lineno":799}
{"timestamp":"2026-09-05T12:39:55.383859Z","level":"info","event":"Total filtered nodes: 91","logger":"cosmos.dbt.graph","filename":"graph.py","lineno":800}
{"timestamp":"2026-09-05T12:39:55.383925Z","level":"info","event":"Cosmos performance (verdanta_daily__dbt_daily) - [993ed3b2f767|858]: It took 0.152s to parse the dbt project for DAG using LoadMode.DBT_LS_CACHE","logger":"cosmos.converter","filename":"converter.py","lineno":371}
{"timestamp":"2026-09-05T12:39:55.459615Z","level":"info","event":"Cosmos performance (verdanta_daily__dbt_daily) - [993ed3b2f767|858]: It took 0.0756s to build the Airflow DAG.","logger":"cosmos.converter","filename":"converter.py","lineno":423}
{"timestamp":"2026-09-05T12:39:55.459736Z","level":"info","event":"::endgroup::Cosmos DAG parsing logs","logger":"cosmos.converter","filename":"converter.py","lineno":430}
{"timestamp":"2026-09-05T12:39:55.460288Z","level":"warning","event":"Using Variable.get from `airflow.models` is deprecated.Please use `get` on Variable from sdk(`airflow.sdk.Variable`) instead","category":"UserWarning","filename":"/home/airflow/.local/lib/python3.13/site-packages/airflow/models/variable.py","lineno":158,"logger":"py.warnings"}
{"timestamp":"2026-09-05T12:40:25.793310Z","level":"info","event":"Filling up the DagBag from /opt/airflow/dags/verdanta_daily.py","logger":"airflow.dag_processing.dagbag.BundleDagBag","filename":"dagbag.py","lineno":469}
{"timestamp":"2026-09-05T12:40:25.861120Z","level":"info","event":"::group::Cosmos DAG parsing logs","logger":"cosmos.converter","filename":"converter.py","lineno":321}
{"timestamp":"2026-09-05T12:40:25.865039Z","level":"info","event":"Cosmos cache dir resolved to /tmp/cosmos/verdanta_daily__dbt_daily","logger":"cosmos.converter","filename":"converter.py","lineno":346}
{"timestamp":"2026-09-05T12:40:25.865301Z","level":"info","event":"Trying to parse the dbt project using dbt ls cache cosmos_cache__verdanta_daily__dbt_daily...","logger":"cosmos.dbt.graph","filename":"graph.py","lineno":869}
{"timestamp":"2026-09-05T12:40:26.015740Z","level":"info","event":"Cosmos performance: time to calculate cache identifier cosmos_cache__verdanta_daily__dbt_daily for current version: 0.13201403499999742","logger":"cosmos.cache","filename":"cache.py","lineno":401}
{"timestamp":"2026-09-05T12:40:26.015972Z","level":"info","event":"Cosmos performance [993ed3b2f767|894]: The cache size for cosmos_cache__verdanta_daily__dbt_daily is 81420","logger":"cosmos.dbt.graph","filename":"graph.py","lineno":886}
{"timestamp":"2026-09-05T12:40:26.018619Z","level":"info","event":"Cosmos performance: Cache hit for cosmos_cache__verdanta_daily__dbt_daily - cec7d2b2130ad93ca8be26282ae433fd,f50552a3029f27b43be4a74a78877897","logger":"cosmos.dbt.graph","filename":"graph.py","lineno":898}
{"timestamp":"2026-09-05T12:40:26.018783Z","level":"info","event":"Total nodes: 91","logger":"cosmos.dbt.graph","filename":"graph.py","lineno":799}
{"timestamp":"2026-09-05T12:40:26.018843Z","level":"info","event":"Total filtered nodes: 91","logger":"cosmos.dbt.graph","filename":"graph.py","lineno":800}
{"timestamp":"2026-09-05T12:40:26.018907Z","level":"info","event":"Cosmos performance (verdanta_daily__dbt_daily) - [993ed3b2f767|894]: It took 0.154s to parse the dbt project for DAG using LoadMode.DBT_LS_CACHE","logger":"cosmos.converter","filename":"converter.py","lineno":371}
{"timestamp":"2026-09-05T12:40:26.091561Z","level":"info","event":"Cosmos performance (verdanta_daily__dbt_daily) - [993ed3b2f767|894]: It took 0.0726s to build the Airflow DAG.","logger":"cosmos.converter","filename":"converter.py","lineno":423}
{"timestamp":"2026-09-05T12:40:26.091703Z","level":"info","event":"::endgroup::Cosmos DAG parsing logs","logger":"cosmos.converter","filename":"converter.py","lineno":430}
{"timestamp":"2026-09-05T12:40:26.092258Z","level":"warning","event":"Using Variable.get from `airflow.models` is deprecated.Please use `get` on Variable from sdk(`airflow.sdk.Variable`) instead","category":"UserWarning","filename":"/home/airflow/.local/lib/python3.13/site-packages/airflow/models/variable.py","lineno":158,"logger":"py.warnings"}
{"timestamp":"2026-09-05T12:40:56.202227Z","level":"info","event":"Filling up the DagBag from /opt/airflow/dags/verdanta_daily.py","logger":"airflow.dag_processing.dagbag.BundleDagBag","filename":"dagbag.py","lineno":469}
{"timestamp":"2026-09-05T12:40:56.277114Z","level":"info","event":"::group::Cosmos DAG parsing logs","logger":"cosmos.converter","filename":"converter.py","lineno":321}
{"timestamp":"2026-09-05T12:40:56.280618Z","level":"info","event":"Cosmos cache dir resolved to /tmp/cosmos/verdanta_daily__dbt_daily","logger":"cosmos.converter","filename":"converter.py","lineno":346}
{"timestamp":"2026-09-05T12:40:56.280846Z","level":"info","event":"Trying to parse the dbt project using dbt ls cache cosmos_cache__verdanta_daily__dbt_daily...","logger":"cosmos.dbt.graph","filename":"graph.py","lineno":869}
{"timestamp":"2026-09-05T12:40:56.430664Z","level":"info","event":"Cosmos performance: time to calculate cache identifier cosmos_cache__verdanta_daily__dbt_daily for current version: 0.13186806699991394","logger":"cosmos.cache","filename":"cache.py","lineno":401}
{"timestamp":"2026-09-05T12:40:56.430873Z","level":"info","event":"Cosmos performance [993ed3b2f767|932]: The cache size for cosmos_cache__verdanta_daily__dbt_daily is 81420","logger":"cosmos.dbt.graph","filename":"graph.py","lineno":886}
{"timestamp":"2026-09-05T12:40:56.433640Z","level":"info","event":"Cosmos performance: Cache hit for cosmos_cache__verdanta_daily__dbt_daily - cec7d2b2130ad93ca8be26282ae433fd,f50552a3029f27b43be4a74a78877897","logger":"cosmos.dbt.graph","filename":"graph.py","lineno":898}
{"timestamp":"2026-09-05T12:40:56.433823Z","level":"info","event":"Total nodes: 91","logger":"cosmos.dbt.graph","filename":"graph.py","lineno":799}
{"timestamp":"2026-09-05T12:40:56.433886Z","level":"info","event":"Total filtered nodes: 91","logger":"cosmos.dbt.graph","filename":"graph.py","lineno":800}
{"timestamp":"2026-09-05T12:40:56.433951Z","level":"info","event":"Cosmos performance (verdanta_daily__dbt_daily) - [993ed3b2f767|932]: It took 0.153s to parse the dbt project for DAG using LoadMode.DBT_LS_CACHE","logger":"cosmos.converter","filename":"converter.py","lineno":371}
{"timestamp":"2026-09-05T12:40:56.513378Z","level":"info","event":"Cosmos performance (verdanta_daily__dbt_daily) - [993ed3b2f767|932]: It took 0.0793s to build the Airflow DAG.","logger":"cosmos.converter","filename":"converter.py","lineno":423}
{"timestamp":"2026-09-05T12:40:56.513539Z","level":"info","event":"::endgroup::Cosmos DAG parsing logs","logger":"cosmos.converter","filename":"converter.py","lineno":430}
{"timestamp":"2026-09-05T12:40:56.514063Z","level":"warning","event":"Using Variable.get from `airflow.models` is deprecated.Please use `get` on Variable from sdk(`airflow.sdk.Variable`) instead","category":"UserWarning","filename":"/home/airflow/.local/lib/python3.13/site-packages/airflow/models/variable.py","lineno":158,"logger":"py.warnings"}
{"timestamp":"2026-09-05T12:41:26.885682Z","level":"info","event":"Filling up the DagBag from /opt/airflow/dags/verdanta_daily.py","logger":"airflow.dag_processing.dagbag.BundleDagBag","filename":"dagbag.py","lineno":469}
{"timestamp":"2026-09-05T12:41:26.961892Z","level":"info","event":"::group::Cosmos DAG parsing logs","logger":"cosmos.converter","filename":"converter.py","lineno":321}
{"timestamp":"2026-09-05T12:41:26.966050Z","level":"info","event":"Cosmos cache dir resolved to /tmp/cosmos/verdanta_daily__dbt_daily","logger":"cosmos.converter","filename":"converter.py","lineno":346}
{"timestamp":"2026-09-05T12:41:26.966276Z","level":"info","event":"Trying to parse the dbt project using dbt ls cache cosmos_cache__verdanta_daily__dbt_daily...","logger":"cosmos.dbt.graph","filename":"graph.py","lineno":869}
{"timestamp":"2026-09-05T12:41:27.120106Z","level":"info","event":"Cosmos performance: time to calculate cache identifier cosmos_cache__verdanta_daily__dbt_daily for current version: 0.13570494600003258","logger":"cosmos.cache","filename":"cache.py","lineno":401}
{"timestamp":"2026-09-05T12:41:27.120321Z","level":"info","event":"Cosmos performance [993ed3b2f767|945]: The cache size for cosmos_cache__verdanta_daily__dbt_daily is 81420","logger":"cosmos.dbt.graph","filename":"graph.py","lineno":886}
{"timestamp":"2026-09-05T12:41:27.122742Z","level":"info","event":"Cosmos performance: Cache hit for cosmos_cache__verdanta_daily__dbt_daily - cec7d2b2130ad93ca8be26282ae433fd,f50552a3029f27b43be4a74a78877897","logger":"cosmos.dbt.graph","filename":"graph.py","lineno":898}
{"timestamp":"2026-09-05T12:41:27.122935Z","level":"info","event":"Total nodes: 91","logger":"cosmos.dbt.graph","filename":"graph.py","lineno":799}
{"timestamp":"2026-09-05T12:41:27.122997Z","level":"info","event":"Total filtered nodes: 91","logger":"cosmos.dbt.graph","filename":"graph.py","lineno":800}
{"timestamp":"2026-09-05T12:41:27.123066Z","level":"info","event":"Cosmos performance (verdanta_daily__dbt_daily) - [993ed3b2f767|945]: It took 0.157s to parse the dbt project for DAG using LoadMode.DBT_LS_CACHE","logger":"cosmos.converter","filename":"converter.py","lineno":371}
{"timestamp":"2026-09-05T12:41:27.197370Z","level":"info","event":"Cosmos performance (verdanta_daily__dbt_daily) - [993ed3b2f767|945]: It took 0.0742s to build the Airflow DAG.","logger":"cosmos.converter","filename":"converter.py","lineno":423}
{"timestamp":"2026-09-05T12:41:27.197506Z","level":"info","event":"::endgroup::Cosmos DAG parsing logs","logger":"cosmos.converter","filename":"converter.py","lineno":430}
{"timestamp":"2026-09-05T12:41:27.198060Z","level":"warning","event":"Using Variable.get from `airflow.models` is deprecated.Please use `get` on Variable from sdk(`airflow.sdk.Variable`) instead","category":"UserWarning","filename":"/home/airflow/.local/lib/python3.13/site-packages/airflow/models/variable.py","lineno":158,"logger":"py.warnings"}
{"timestamp":"2026-09-05T12:41:57.845242Z","level":"info","event":"Filling up the DagBag from /opt/airflow/dags/verdanta_daily.py","logger":"airflow.dag_processing.dagbag.BundleDagBag","filename":"dagbag.py","lineno":469}
{"timestamp":"2026-09-05T12:41:57.912459Z","level":"info","event":"::group::Cosmos DAG parsing logs","logger":"cosmos.converter","filename":"converter.py","lineno":321}
{"timestamp":"2026-09-05T12:41:57.915984Z","level":"info","event":"Cosmos cache dir resolved to /tmp/cosmos/verdanta_daily__dbt_daily","logger":"cosmos.converter","filename":"converter.py","lineno":346}
{"timestamp":"2026-09-05T12:41:57.916223Z","level":"info","event":"Trying to parse the dbt project using dbt ls cache cosmos_cache__verdanta_daily__dbt_daily...","logger":"cosmos.dbt.graph","filename":"graph.py","lineno":869}
{"timestamp":"2026-09-05T12:41:58.074012Z","level":"info","event":"Cosmos performance: time to calculate cache identifier cosmos_cache__verdanta_daily__dbt_daily for current version: 0.13682069900005445","logger":"cosmos.cache","filename":"cache.py","lineno":401}
{"timestamp":"2026-09-05T12:41:58.074256Z","level":"info","event":"Cosmos performance [993ed3b2f767|980]: The cache size for cosmos_cache__verdanta_daily__dbt_daily is 81420","logger":"cosmos.dbt.graph","filename":"graph.py","lineno":886}
{"timestamp":"2026-09-05T12:41:58.077011Z","level":"info","event":"Cosmos performance: Cache hit for cosmos_cache__verdanta_daily__dbt_daily - cec7d2b2130ad93ca8be26282ae433fd,f50552a3029f27b43be4a74a78877897","logger":"cosmos.dbt.graph","filename":"graph.py","lineno":898}
{"timestamp":"2026-09-05T12:41:58.077270Z","level":"info","event":"Total nodes: 91","logger":"cosmos.dbt.graph","filename":"graph.py","lineno":799}
{"timestamp":"2026-09-05T12:41:58.077374Z","level":"info","event":"Total filtered nodes: 91","logger":"cosmos.dbt.graph","filename":"graph.py","lineno":800}
{"timestamp":"2026-09-05T12:41:58.077460Z","level":"info","event":"Cosmos performance (verdanta_daily__dbt_daily) - [993ed3b2f767|980]: It took 0.161s to parse the dbt project for DAG using LoadMode.DBT_LS_CACHE","logger":"cosmos.converter","filename":"converter.py","lineno":371}
{"timestamp":"2026-09-05T12:41:58.163348Z","level":"info","event":"Cosmos performance (verdanta_daily__dbt_daily) - [993ed3b2f767|980]: It took 0.0858s to build the Airflow DAG.","logger":"cosmos.converter","filename":"converter.py","lineno":423}
{"timestamp":"2026-09-05T12:41:58.163476Z","level":"info","event":"::endgroup::Cosmos DAG parsing logs","logger":"cosmos.converter","filename":"converter.py","lineno":430}
{"timestamp":"2026-09-05T12:41:58.163993Z","level":"warning","event":"Using Variable.get from `airflow.models` is deprecated.Please use `get` on Variable from sdk(`airflow.sdk.Variable`) instead","category":"UserWarning","filename":"/home/airflow/.local/lib/python3.13/site-packages/airflow/models/variable.py","lineno":158,"logger":"py.warnings"}
{"timestamp":"2026-09-05T12:42:28.686769Z","level":"info","event":"Filling up the DagBag from /opt/airflow/dags/verdanta_daily.py","logger":"airflow.dag_processing.dagbag.BundleDagBag","filename":"dagbag.py","lineno":469}
{"timestamp":"2026-09-05T12:42:28.777274Z","level":"info","event":"::group::Cosmos DAG parsing logs","logger":"cosmos.converter","filename":"converter.py","lineno":321}
{"timestamp":"2026-09-05T12:42:28.782543Z","level":"info","event":"Cosmos cache dir resolved to /tmp/cosmos/verdanta_daily__dbt_daily","logger":"cosmos.converter","filename":"converter.py","lineno":346}
{"timestamp":"2026-09-05T12:42:28.782926Z","level":"info","event":"Trying to parse the dbt project using dbt ls cache cosmos_cache__verdanta_daily__dbt_daily...","logger":"cosmos.dbt.graph","filename":"graph.py","lineno":869}
{"timestamp":"2026-09-05T12:42:28.952241Z","level":"info","event":"Cosmos performance: time to calculate cache identifier cosmos_cache__verdanta_daily__dbt_daily for current version: 0.14814288200000192","logger":"cosmos.cache","filename":"cache.py","lineno":401}
{"timestamp":"2026-09-05T12:42:28.952488Z","level":"info","event":"Cosmos performance [993ed3b2f767|1009]: The cache size for cosmos_cache__verdanta_daily__dbt_daily is 81420","logger":"cosmos.dbt.graph","filename":"graph.py","lineno":886}
{"timestamp":"2026-09-05T12:42:28.954944Z","level":"info","event":"Cosmos performance: Cache hit for cosmos_cache__verdanta_daily__dbt_daily - cec7d2b2130ad93ca8be26282ae433fd,f50552a3029f27b43be4a74a78877897","logger":"cosmos.dbt.graph","filename":"graph.py","lineno":898}
{"timestamp":"2026-09-05T12:42:28.955199Z","level":"info","event":"Total nodes: 91","logger":"cosmos.dbt.graph","filename":"graph.py","lineno":799}
{"timestamp":"2026-09-05T12:42:28.955262Z","level":"info","event":"Total filtered nodes: 91","logger":"cosmos.dbt.graph","filename":"graph.py","lineno":800}
{"timestamp":"2026-09-05T12:42:28.955334Z","level":"info","event":"Cosmos performance (verdanta_daily__dbt_daily) - [993ed3b2f767|1009]: It took 0.173s to parse the dbt project for DAG using LoadMode.DBT_LS_CACHE","logger":"cosmos.converter","filename":"converter.py","lineno":371}
{"timestamp":"2026-09-05T12:42:29.035200Z","level":"info","event":"Cosmos performance (verdanta_daily__dbt_daily) - [993ed3b2f767|1009]: It took 0.0798s to build the Airflow DAG.","logger":"cosmos.converter","filename":"converter.py","lineno":423}
{"timestamp":"2026-09-05T12:42:29.035358Z","level":"info","event":"::endgroup::Cosmos DAG parsing logs","logger":"cosmos.converter","filename":"converter.py","lineno":430}
{"timestamp":"2026-09-05T12:42:29.035965Z","level":"warning","event":"Using Variable.get from `airflow.models` is deprecated.Please use `get` on Variable from sdk(`airflow.sdk.Variable`) instead","category":"UserWarning","filename":"/home/airflow/.local/lib/python3.13/site-packages/airflow/models/variable.py","lineno":158,"logger":"py.warnings"}
{"timestamp":"2026-09-05T12:42:59.718951Z","level":"info","event":"Filling up the DagBag from /opt/airflow/dags/verdanta_daily.py","logger":"airflow.dag_processing.dagbag.BundleDagBag","filename":"dagbag.py","lineno":469}
{"timestamp":"2026-09-05T12:42:59.792502Z","level":"info","event":"::group::Cosmos DAG parsing logs","logger":"cosmos.converter","filename":"converter.py","lineno":321}
{"timestamp":"2026-09-05T12:42:59.798329Z","level":"info","event":"Cosmos cache dir resolved to /tmp/cosmos/verdanta_daily__dbt_daily","logger":"cosmos.converter","filename":"converter.py","lineno":346}
{"timestamp":"2026-09-05T12:42:59.798684Z","level":"info","event":"Trying to parse the dbt project using dbt ls cache cosmos_cache__verdanta_daily__dbt_daily...","logger":"cosmos.dbt.graph","filename":"graph.py","lineno":869}
{"timestamp":"2026-09-05T12:42:59.948505Z","level":"info","event":"Cosmos performance: time to calculate cache identifier cosmos_cache__verdanta_daily__dbt_daily for current version: 0.13334859500014318","logger":"cosmos.cache","filename":"cache.py","lineno":401}
{"timestamp":"2026-09-05T12:42:59.948764Z","level":"info","event":"Cosmos performance [993ed3b2f767|1045]: The cache size for cosmos_cache__verdanta_daily__dbt_daily is 81420","logger":"cosmos.dbt.graph","filename":"graph.py","lineno":886}
{"timestamp":"2026-09-05T12:42:59.951729Z","level":"info","event":"Cosmos performance: Cache hit for cosmos_cache__verdanta_daily__dbt_daily - cec7d2b2130ad93ca8be26282ae433fd,f50552a3029f27b43be4a74a78877897","logger":"cosmos.dbt.graph","filename":"graph.py","lineno":898}
{"timestamp":"2026-09-05T12:42:59.952021Z","level":"info","event":"Total nodes: 91","logger":"cosmos.dbt.graph","filename":"graph.py","lineno":799}
{"timestamp":"2026-09-05T12:42:59.952165Z","level":"info","event":"Total filtered nodes: 91","logger":"cosmos.dbt.graph","filename":"graph.py","lineno":800}
{"timestamp":"2026-09-05T12:42:59.952303Z","level":"info","event":"Cosmos performance (verdanta_daily__dbt_daily) - [993ed3b2f767|1045]: It took 0.154s to parse the dbt project for DAG using LoadMode.DBT_LS_CACHE","logger":"cosmos.converter","filename":"converter.py","lineno":371}
{"timestamp":"2026-09-05T12:43:00.025157Z","level":"info","event":"Cosmos performance (verdanta_daily__dbt_daily) - [993ed3b2f767|1045]: It took 0.0728s to build the Airflow DAG.","logger":"cosmos.converter","filename":"converter.py","lineno":423}
{"timestamp":"2026-09-05T12:43:00.025283Z","level":"info","event":"::endgroup::Cosmos DAG parsing logs","logger":"cosmos.converter","filename":"converter.py","lineno":430}
{"timestamp":"2026-09-05T12:43:00.025803Z","level":"warning","event":"Using Variable.get from `airflow.models` is deprecated.Please use `get` on Variable from sdk(`airflow.sdk.Variable`) instead","category":"UserWarning","filename":"/home/airflow/.local/lib/python3.13/site-packages/airflow/models/variable.py","lineno":158,"logger":"py.warnings"}
{"timestamp":"2026-09-05T12:43:30.529673Z","level":"info","event":"Filling up the DagBag from /opt/airflow/dags/verdanta_daily.py","logger":"airflow.dag_processing.dagbag.BundleDagBag","filename":"dagbag.py","lineno":469}
{"timestamp":"2026-09-05T12:43:30.597850Z","level":"info","event":"::group::Cosmos DAG parsing logs","logger":"cosmos.converter","filename":"converter.py","lineno":321}
{"timestamp":"2026-09-05T12:43:30.601798Z","level":"info","event":"Cosmos cache dir resolved to /tmp/cosmos/verdanta_daily__dbt_daily","logger":"cosmos.converter","filename":"converter.py","lineno":346}
{"timestamp":"2026-09-05T12:43:30.602053Z","level":"info","event":"Trying to parse the dbt project using dbt ls cache cosmos_cache__verdanta_daily__dbt_daily...","logger":"cosmos.dbt.graph","filename":"graph.py","lineno":869}
{"timestamp":"2026-09-05T12:43:30.755596Z","level":"info","event":"Cosmos performance: time to calculate cache identifier cosmos_cache__verdanta_daily__dbt_daily for current version: 0.13700803100005032","logger":"cosmos.cache","filename":"cache.py","lineno":401}
{"timestamp":"2026-09-05T12:43:30.755807Z","level":"info","event":"Cosmos performance [993ed3b2f767|1080]: The cache size for cosmos_cache__verdanta_daily__dbt_daily is 81420","logger":"cosmos.dbt.graph","filename":"graph.py","lineno":886}
{"timestamp":"2026-09-05T12:43:30.758617Z","level":"info","event":"Cosmos performance: Cache hit for cosmos_cache__verdanta_daily__dbt_daily - cec7d2b2130ad93ca8be26282ae433fd,f50552a3029f27b43be4a74a78877897","logger":"cosmos.dbt.graph","filename":"graph.py","lineno":898}
{"timestamp":"2026-09-05T12:43:30.758802Z","level":"info","event":"Total nodes: 91","logger":"cosmos.dbt.graph","filename":"graph.py","lineno":799}
{"timestamp":"2026-09-05T12:43:30.758864Z","level":"info","event":"Total filtered nodes: 91","logger":"cosmos.dbt.graph","filename":"graph.py","lineno":800}
{"timestamp":"2026-09-05T12:43:30.758926Z","level":"info","event":"Cosmos performance (verdanta_daily__dbt_daily) - [993ed3b2f767|1080]: It took 0.157s to parse the dbt project for DAG using LoadMode.DBT_LS_CACHE","logger":"cosmos.converter","filename":"converter.py","lineno":371}
{"timestamp":"2026-09-05T12:43:30.841935Z","level":"info","event":"Cosmos performance (verdanta_daily__dbt_daily) - [993ed3b2f767|1080]: It took 0.0829s to build the Airflow DAG.","logger":"cosmos.converter","filename":"converter.py","lineno":423}
{"timestamp":"2026-09-05T12:43:30.842113Z","level":"info","event":"::endgroup::Cosmos DAG parsing logs","logger":"cosmos.converter","filename":"converter.py","lineno":430}
{"timestamp":"2026-09-05T12:43:30.842871Z","level":"warning","event":"Using Variable.get from `airflow.models` is deprecated.Please use `get` on Variable from sdk(`airflow.sdk.Variable`) instead","category":"UserWarning","filename":"/home/airflow/.local/lib/python3.13/site-packages/airflow/models/variable.py","lineno":158,"logger":"py.warnings"}
{"timestamp":"2026-09-05T12:44:01.319322Z","level":"info","event":"Filling up the DagBag from /opt/airflow/dags/verdanta_daily.py","logger":"airflow.dag_processing.dagbag.BundleDagBag","filename":"dagbag.py","lineno":469}
{"timestamp":"2026-09-05T12:44:01.396782Z","level":"info","event":"::group::Cosmos DAG parsing logs","logger":"cosmos.converter","filename":"converter.py","lineno":321}
{"timestamp":"2026-09-05T12:44:01.401871Z","level":"info","event":"Cosmos cache dir resolved to /tmp/cosmos/verdanta_daily__dbt_daily","logger":"cosmos.converter","filename":"converter.py","lineno":346}
{"timestamp":"2026-09-05T12:44:01.402155Z","level":"info","event":"Trying to parse the dbt project using dbt ls cache cosmos_cache__verdanta_daily__dbt_daily...","logger":"cosmos.dbt.graph","filename":"graph.py","lineno":869}
{"timestamp":"2026-09-05T12:44:01.550511Z","level":"info","event":"Cosmos performance: time to calculate cache identifier cosmos_cache__verdanta_daily__dbt_daily for current version: 0.13186303300017244","logger":"cosmos.cache","filename":"cache.py","lineno":401}
{"timestamp":"2026-09-05T12:44:01.550726Z","level":"info","event":"Cosmos performance [993ed3b2f767|1095]: The cache size for cosmos_cache__verdanta_daily__dbt_daily is 81420","logger":"cosmos.dbt.graph","filename":"graph.py","lineno":886}
{"timestamp":"2026-09-05T12:44:01.553931Z","level":"info","event":"Cosmos performance: Cache hit for cosmos_cache__verdanta_daily__dbt_daily - cec7d2b2130ad93ca8be26282ae433fd,f50552a3029f27b43be4a74a78877897","logger":"cosmos.dbt.graph","filename":"graph.py","lineno":898}
{"timestamp":"2026-09-05T12:44:01.554211Z","level":"info","event":"Total nodes: 91","logger":"cosmos.dbt.graph","filename":"graph.py","lineno":799}
{"timestamp":"2026-09-05T12:44:01.554284Z","level":"info","event":"Total filtered nodes: 91","logger":"cosmos.dbt.graph","filename":"graph.py","lineno":800}
{"timestamp":"2026-09-05T12:44:01.554351Z","level":"info","event":"Cosmos performance (verdanta_daily__dbt_daily) - [993ed3b2f767|1095]: It took 0.152s to parse the dbt project for DAG using LoadMode.DBT_LS_CACHE","logger":"cosmos.converter","filename":"converter.py","lineno":371}
{"timestamp":"2026-09-05T12:44:01.629497Z","level":"info","event":"Cosmos performance (verdanta_daily__dbt_daily) - [993ed3b2f767|1095]: It took 0.0751s to build the Airflow DAG.","logger":"cosmos.converter","filename":"converter.py","lineno":423}
{"timestamp":"2026-09-05T12:44:01.629632Z","level":"info","event":"::endgroup::Cosmos DAG parsing logs","logger":"cosmos.converter","filename":"converter.py","lineno":430}
{"timestamp":"2026-09-05T12:44:01.630232Z","level":"warning","event":"Using Variable.get from `airflow.models` is deprecated.Please use `get` on Variable from sdk(`airflow.sdk.Variable`) instead","category":"UserWarning","filename":"/home/airflow/.local/lib/python3.13/site-packages/airflow/models/variable.py","lineno":158,"logger":"py.warnings"}
{"timestamp":"2026-09-05T12:44:32.595795Z","level":"info","event":"Filling up the DagBag from /opt/airflow/dags/verdanta_daily.py","logger":"airflow.dag_processing.dagbag.BundleDagBag","filename":"dagbag.py","lineno":469}
{"timestamp":"2026-09-05T12:44:32.663778Z","level":"info","event":"::group::Cosmos DAG parsing logs","logger":"cosmos.converter","filename":"converter.py","lineno":321}
{"timestamp":"2026-09-05T12:44:32.667249Z","level":"info","event":"Cosmos cache dir resolved to /tmp/cosmos/verdanta_daily__dbt_daily","logger":"cosmos.converter","filename":"converter.py","lineno":346}
{"timestamp":"2026-09-05T12:44:32.667465Z","level":"info","event":"Trying to parse the dbt project using dbt ls cache cosmos_cache__verdanta_daily__dbt_daily...","logger":"cosmos.dbt.graph","filename":"graph.py","lineno":869}
{"timestamp":"2026-09-05T12:44:32.815224Z","level":"info","event":"Cosmos performance: time to calculate cache identifier cosmos_cache__verdanta_daily__dbt_daily for current version: 0.12996210599999358","logger":"cosmos.cache","filename":"cache.py","lineno":401}
{"timestamp":"2026-09-05T12:44:32.815444Z","level":"info","event":"Cosmos performance [993ed3b2f767|1131]: The cache size for cosmos_cache__verdanta_daily__dbt_daily is 81420","logger":"cosmos.dbt.graph","filename":"graph.py","lineno":886}
{"timestamp":"2026-09-05T12:44:32.817771Z","level":"info","event":"Cosmos performance: Cache hit for cosmos_cache__verdanta_daily__dbt_daily - cec7d2b2130ad93ca8be26282ae433fd,f50552a3029f27b43be4a74a78877897","logger":"cosmos.dbt.graph","filename":"graph.py","lineno":898}
{"timestamp":"2026-09-05T12:44:32.817981Z","level":"info","event":"Total nodes: 91","logger":"cosmos.dbt.graph","filename":"graph.py","lineno":799}
{"timestamp":"2026-09-05T12:44:32.818042Z","level":"info","event":"Total filtered nodes: 91","logger":"cosmos.dbt.graph","filename":"graph.py","lineno":800}
{"timestamp":"2026-09-05T12:44:32.818109Z","level":"info","event":"Cosmos performance (verdanta_daily__dbt_daily) - [993ed3b2f767|1131]: It took 0.151s to parse the dbt project for DAG using LoadMode.DBT_LS_CACHE","logger":"cosmos.converter","filename":"converter.py","lineno":371}
{"timestamp":"2026-09-05T12:44:32.892857Z","level":"info","event":"Cosmos performance (verdanta_daily__dbt_daily) - [993ed3b2f767|1131]: It took 0.0747s to build the Airflow DAG.","logger":"cosmos.converter","filename":"converter.py","lineno":423}
{"timestamp":"2026-09-05T12:44:32.892976Z","level":"info","event":"::endgroup::Cosmos DAG parsing logs","logger":"cosmos.converter","filename":"converter.py","lineno":430}
{"timestamp":"2026-09-05T12:44:32.893563Z","level":"warning","event":"Using Variable.get from `airflow.models` is deprecated.Please use `get` on Variable from sdk(`airflow.sdk.Variable`) instead","category":"UserWarning","filename":"/home/airflow/.local/lib/python3.13/site-packages/airflow/models/variable.py","lineno":158,"logger":"py.warnings"}
{"timestamp":"2026-09-05T12:45:03.463611Z","level":"info","event":"Filling up the DagBag from /opt/airflow/dags/verdanta_daily.py","logger":"airflow.dag_processing.dagbag.BundleDagBag","filename":"dagbag.py","lineno":469}
{"timestamp":"2026-09-05T12:45:03.535961Z","level":"info","event":"::group::Cosmos DAG parsing logs","logger":"cosmos.converter","filename":"converter.py","lineno":321}
{"timestamp":"2026-09-05T12:45:03.545780Z","level":"info","event":"Cosmos cache dir resolved to /tmp/cosmos/verdanta_daily__dbt_daily","logger":"cosmos.converter","filename":"converter.py","lineno":346}
{"timestamp":"2026-09-05T12:45:03.546065Z","level":"info","event":"Trying to parse the dbt project using dbt ls cache cosmos_cache__verdanta_daily__dbt_daily...","logger":"cosmos.dbt.graph","filename":"graph.py","lineno":869}
{"timestamp":"2026-09-05T12:45:03.689434Z","level":"info","event":"Cosmos performance: time to calculate cache identifier cosmos_cache__verdanta_daily__dbt_daily for current version: 0.13077034999992065","logger":"cosmos.cache","filename":"cache.py","lineno":401}
{"timestamp":"2026-09-05T12:45:03.689668Z","level":"info","event":"Cosmos performance [993ed3b2f767|1167]: The cache size for cosmos_cache__verdanta_daily__dbt_daily is 81420","logger":"cosmos.dbt.graph","filename":"graph.py","lineno":886}
{"timestamp":"2026-09-05T12:45:03.692474Z","level":"info","event":"Cosmos performance: Cache hit for cosmos_cache__verdanta_daily__dbt_daily - cec7d2b2130ad93ca8be26282ae433fd,f50552a3029f27b43be4a74a78877897","logger":"cosmos.dbt.graph","filename":"graph.py","lineno":898}
{"timestamp":"2026-09-05T12:45:03.692757Z","level":"info","event":"Total nodes: 91","logger":"cosmos.dbt.graph","filename":"graph.py","lineno":799}
{"timestamp":"2026-09-05T12:45:03.692855Z","level":"info","event":"Total filtered nodes: 91","logger":"cosmos.dbt.graph","filename":"graph.py","lineno":800}
{"timestamp":"2026-09-05T12:45:03.692936Z","level":"info","event":"Cosmos performance (verdanta_daily__dbt_daily) - [993ed3b2f767|1167]: It took 0.147s to parse the dbt project for DAG using LoadMode.DBT_LS_CACHE","logger":"cosmos.converter","filename":"converter.py","lineno":371}
{"timestamp":"2026-09-05T12:45:03.769974Z","level":"info","event":"Cosmos performance (verdanta_daily__dbt_daily) - [993ed3b2f767|1167]: It took 0.077s to build the Airflow DAG.","logger":"cosmos.converter","filename":"converter.py","lineno":423}
{"timestamp":"2026-09-05T12:45:03.770106Z","level":"info","event":"::endgroup::Cosmos DAG parsing logs","logger":"cosmos.converter","filename":"converter.py","lineno":430}
{"timestamp":"2026-09-05T12:45:03.770698Z","level":"warning","event":"Using Variable.get from `airflow.models` is deprecated.Please use `get` on Variable from sdk(`airflow.sdk.Variable`) instead","category":"UserWarning","filename":"/home/airflow/.local/lib/python3.13/site-packages/airflow/models/variable.py","lineno":158,"logger":"py.warnings"}
{"timestamp":"2026-09-05T12:45:34.215322Z","level":"info","event":"Filling up the DagBag from /opt/airflow/dags/verdanta_daily.py","logger":"airflow.dag_processing.dagbag.BundleDagBag","filename":"dagbag.py","lineno":469}
{"timestamp":"2026-09-05T12:45:34.295011Z","level":"info","event":"::group::Cosmos DAG parsing logs","logger":"cosmos.converter","filename":"converter.py","lineno":321}
{"timestamp":"2026-09-05T12:45:34.299573Z","level":"info","event":"Cosmos cache dir resolved to /tmp/cosmos/verdanta_daily__dbt_daily","logger":"cosmos.converter","filename":"converter.py","lineno":346}
{"timestamp":"2026-09-05T12:45:34.299810Z","level":"info","event":"Trying to parse the dbt project using dbt ls cache cosmos_cache__verdanta_daily__dbt_daily...","logger":"cosmos.dbt.graph","filename":"graph.py","lineno":869}
{"timestamp":"2026-09-05T12:45:34.460881Z","level":"info","event":"Cosmos performance: time to calculate cache identifier cosmos_cache__verdanta_daily__dbt_daily for current version: 0.14063213700001143","logger":"cosmos.cache","filename":"cache.py","lineno":401}
{"timestamp":"2026-09-05T12:45:34.461156Z","level":"info","event":"Cosmos performance [993ed3b2f767|1203]: The cache size for cosmos_cache__verdanta_daily__dbt_daily is 81420","logger":"cosmos.dbt.graph","filename":"graph.py","lineno":886}
{"timestamp":"2026-09-05T12:45:34.463693Z","level":"info","event":"Cosmos performance: Cache hit for cosmos_cache__verdanta_daily__dbt_daily - cec7d2b2130ad93ca8be26282ae433fd,f50552a3029f27b43be4a74a78877897","logger":"cosmos.dbt.graph","filename":"graph.py","lineno":898}
{"timestamp":"2026-09-05T12:45:34.463944Z","level":"info","event":"Total nodes: 91","logger":"cosmos.dbt.graph","filename":"graph.py","lineno":799}
{"timestamp":"2026-09-05T12:45:34.464011Z","level":"info","event":"Total filtered nodes: 91","logger":"cosmos.dbt.graph","filename":"graph.py","lineno":800}
{"timestamp":"2026-09-05T12:45:34.464082Z","level":"info","event":"Cosmos performance (verdanta_daily__dbt_daily) - [993ed3b2f767|1203]: It took 0.164s to parse the dbt project for DAG using LoadMode.DBT_LS_CACHE","logger":"cosmos.converter","filename":"converter.py","lineno":371}
{"timestamp":"2026-09-05T12:45:34.544306Z","level":"info","event":"Cosmos performance (verdanta_daily__dbt_daily) - [993ed3b2f767|1203]: It took 0.0801s to build the Airflow DAG.","logger":"cosmos.converter","filename":"converter.py","lineno":423}
{"timestamp":"2026-09-05T12:45:34.544447Z","level":"info","event":"::endgroup::Cosmos DAG parsing logs","logger":"cosmos.converter","filename":"converter.py","lineno":430}
{"timestamp":"2026-09-05T12:45:34.544994Z","level":"warning","event":"Using Variable.get from `airflow.models` is deprecated.Please use `get` on Variable from sdk(`airflow.sdk.Variable`) instead","category":"UserWarning","filename":"/home/airflow/.local/lib/python3.13/site-packages/airflow/models/variable.py","lineno":158,"logger":"py.warnings"}
{"timestamp":"2026-09-05T12:46:04.961845Z","level":"info","event":"Filling up the DagBag from /opt/airflow/dags/verdanta_daily.py","logger":"airflow.dag_processing.dagbag.BundleDagBag","filename":"dagbag.py","lineno":469}
{"timestamp":"2026-09-05T12:46:05.022213Z","level":"info","event":"::group::Cosmos DAG parsing logs","logger":"cosmos.converter","filename":"converter.py","lineno":321}
{"timestamp":"2026-09-05T12:46:05.025586Z","level":"info","event":"Cosmos cache dir resolved to /tmp/cosmos/verdanta_daily__dbt_daily","logger":"cosmos.converter","filename":"converter.py","lineno":346}
{"timestamp":"2026-09-05T12:46:05.025816Z","level":"info","event":"Trying to parse the dbt project using dbt ls cache cosmos_cache__verdanta_daily__dbt_daily...","logger":"cosmos.dbt.graph","filename":"graph.py","lineno":869}
{"timestamp":"2026-09-05T12:46:05.170703Z","level":"info","event":"Cosmos performance: time to calculate cache identifier cosmos_cache__verdanta_daily__dbt_daily for current version: 0.13182447600001979","logger":"cosmos.cache","filename":"cache.py","lineno":401}
{"timestamp":"2026-09-05T12:46:05.170942Z","level":"info","event":"Cosmos performance [993ed3b2f767|1238]: The cache size for cosmos_cache__verdanta_daily__dbt_daily is 81420","logger":"cosmos.dbt.graph","filename":"graph.py","lineno":886}
{"timestamp":"2026-09-05T12:46:05.173562Z","level":"info","event":"Cosmos performance: Cache hit for cosmos_cache__verdanta_daily__dbt_daily - cec7d2b2130ad93ca8be26282ae433fd,f50552a3029f27b43be4a74a78877897","logger":"cosmos.dbt.graph","filename":"graph.py","lineno":898}
{"timestamp":"2026-09-05T12:46:05.173751Z","level":"info","event":"Total nodes: 91","logger":"cosmos.dbt.graph","filename":"graph.py","lineno":799}
{"timestamp":"2026-09-05T12:46:05.173812Z","level":"info","event":"Total filtered nodes: 91","logger":"cosmos.dbt.graph","filename":"graph.py","lineno":800}
{"timestamp":"2026-09-05T12:46:05.173877Z","level":"info","event":"Cosmos performance (verdanta_daily__dbt_daily) - [993ed3b2f767|1238]: It took 0.148s to parse the dbt project for DAG using LoadMode.DBT_LS_CACHE","logger":"cosmos.converter","filename":"converter.py","lineno":371}
{"timestamp":"2026-09-05T12:46:05.250751Z","level":"info","event":"Cosmos performance (verdanta_daily__dbt_daily) - [993ed3b2f767|1238]: It took 0.0768s to build the Airflow DAG.","logger":"cosmos.converter","filename":"converter.py","lineno":423}
{"timestamp":"2026-09-05T12:46:05.250913Z","level":"info","event":"::endgroup::Cosmos DAG parsing logs","logger":"cosmos.converter","filename":"converter.py","lineno":430}
{"timestamp":"2026-09-05T12:46:05.251442Z","level":"warning","event":"Using Variable.get from `airflow.models` is deprecated.Please use `get` on Variable from sdk(`airflow.sdk.Variable`) instead","category":"UserWarning","filename":"/home/airflow/.local/lib/python3.13/site-packages/airflow/models/variable.py","lineno":158,"logger":"py.warnings"}
{"timestamp":"2026-09-05T12:46:35.745865Z","level":"info","event":"Filling up the DagBag from /opt/airflow/dags/verdanta_daily.py","logger":"airflow.dag_processing.dagbag.BundleDagBag","filename":"dagbag.py","lineno":469}
{"timestamp":"2026-09-05T12:46:35.815751Z","level":"info","event":"::group::Cosmos DAG parsing logs","logger":"cosmos.converter","filename":"converter.py","lineno":321}
{"timestamp":"2026-09-05T12:46:35.819348Z","level":"info","event":"Cosmos cache dir resolved to /tmp/cosmos/verdanta_daily__dbt_daily","logger":"cosmos.converter","filename":"converter.py","lineno":346}
{"timestamp":"2026-09-05T12:46:35.819542Z","level":"info","event":"Trying to parse the dbt project using dbt ls cache cosmos_cache__verdanta_daily__dbt_daily...","logger":"cosmos.dbt.graph","filename":"graph.py","lineno":869}
{"timestamp":"2026-09-05T12:46:35.973628Z","level":"info","event":"Cosmos performance: time to calculate cache identifier cosmos_cache__verdanta_daily__dbt_daily for current version: 0.1361541890000808","logger":"cosmos.cache","filename":"cache.py","lineno":401}
{"timestamp":"2026-09-05T12:46:35.973880Z","level":"info","event":"Cosmos performance [993ed3b2f767|1253]: The cache size for cosmos_cache__verdanta_daily__dbt_daily is 81420","logger":"cosmos.dbt.graph","filename":"graph.py","lineno":886}
{"timestamp":"2026-09-05T12:46:35.976811Z","level":"info","event":"Cosmos performance: Cache hit for cosmos_cache__verdanta_daily__dbt_daily - cec7d2b2130ad93ca8be26282ae433fd,f50552a3029f27b43be4a74a78877897","logger":"cosmos.dbt.graph","filename":"graph.py","lineno":898}
{"timestamp":"2026-09-05T12:46:35.977071Z","level":"info","event":"Total nodes: 91","logger":"cosmos.dbt.graph","filename":"graph.py","lineno":799}
{"timestamp":"2026-09-05T12:46:35.977138Z","level":"info","event":"Total filtered nodes: 91","logger":"cosmos.dbt.graph","filename":"graph.py","lineno":800}
{"timestamp":"2026-09-05T12:46:35.977243Z","level":"info","event":"Cosmos performance (verdanta_daily__dbt_daily) - [993ed3b2f767|1253]: It took 0.158s to parse the dbt project for DAG using LoadMode.DBT_LS_CACHE","logger":"cosmos.converter","filename":"converter.py","lineno":371}
{"timestamp":"2026-09-05T12:46:36.055963Z","level":"info","event":"Cosmos performance (verdanta_daily__dbt_daily) - [993ed3b2f767|1253]: It took 0.0787s to build the Airflow DAG.","logger":"cosmos.converter","filename":"converter.py","lineno":423}
{"timestamp":"2026-09-05T12:46:36.056075Z","level":"info","event":"::endgroup::Cosmos DAG parsing logs","logger":"cosmos.converter","filename":"converter.py","lineno":430}
{"timestamp":"2026-09-05T12:46:36.056643Z","level":"warning","event":"Using Variable.get from `airflow.models` is deprecated.Please use `get` on Variable from sdk(`airflow.sdk.Variable`) instead","category":"UserWarning","filename":"/home/airflow/.local/lib/python3.13/site-packages/airflow/models/variable.py","lineno":158,"logger":"py.warnings"}
{"timestamp":"2026-09-05T12:47:06.900342Z","level":"info","event":"Filling up the DagBag from /opt/airflow/dags/verdanta_daily.py","logger":"airflow.dag_processing.dagbag.BundleDagBag","filename":"dagbag.py","lineno":469}
{"timestamp":"2026-09-05T12:47:06.976994Z","level":"info","event":"::group::Cosmos DAG parsing logs","logger":"cosmos.converter","filename":"converter.py","lineno":321}
{"timestamp":"2026-09-05T12:47:06.981118Z","level":"info","event":"Cosmos cache dir resolved to /tmp/cosmos/verdanta_daily__dbt_daily","logger":"cosmos.converter","filename":"converter.py","lineno":346}
{"timestamp":"2026-09-05T12:47:06.981373Z","level":"info","event":"Trying to parse the dbt project using dbt ls cache cosmos_cache__verdanta_daily__dbt_daily...","logger":"cosmos.dbt.graph","filename":"graph.py","lineno":869}
{"timestamp":"2026-09-05T12:47:07.136349Z","level":"info","event":"Cosmos performance: time to calculate cache identifier cosmos_cache__verdanta_daily__dbt_daily for current version: 0.13617742600013116","logger":"cosmos.cache","filename":"cache.py","lineno":401}
{"timestamp":"2026-09-05T12:47:07.136586Z","level":"info","event":"Cosmos performance [993ed3b2f767|1289]: The cache size for cosmos_cache__verdanta_daily__dbt_daily is 81420","logger":"cosmos.dbt.graph","filename":"graph.py","lineno":886}
{"timestamp":"2026-09-05T12:47:07.139482Z","level":"info","event":"Cosmos performance: Cache hit for cosmos_cache__verdanta_daily__dbt_daily - cec7d2b2130ad93ca8be26282ae433fd,f50552a3029f27b43be4a74a78877897","logger":"cosmos.dbt.graph","filename":"graph.py","lineno":898}
{"timestamp":"2026-09-05T12:47:07.139760Z","level":"info","event":"Total nodes: 91","logger":"cosmos.dbt.graph","filename":"graph.py","lineno":799}
{"timestamp":"2026-09-05T12:47:07.139829Z","level":"info","event":"Total filtered nodes: 91","logger":"cosmos.dbt.graph","filename":"graph.py","lineno":800}
{"timestamp":"2026-09-05T12:47:07.139897Z","level":"info","event":"Cosmos performance (verdanta_daily__dbt_daily) - [993ed3b2f767|1289]: It took 0.159s to parse the dbt project for DAG using LoadMode.DBT_LS_CACHE","logger":"cosmos.converter","filename":"converter.py","lineno":371}
{"timestamp":"2026-09-05T12:47:07.214665Z","level":"info","event":"Cosmos performance (verdanta_daily__dbt_daily) - [993ed3b2f767|1289]: It took 0.0747s to build the Airflow DAG.","logger":"cosmos.converter","filename":"converter.py","lineno":423}
{"timestamp":"2026-09-05T12:47:07.214819Z","level":"info","event":"::endgroup::Cosmos DAG parsing logs","logger":"cosmos.converter","filename":"converter.py","lineno":430}
{"timestamp":"2026-09-05T12:47:07.215320Z","level":"warning","event":"Using Variable.get from `airflow.models` is deprecated.Please use `get` on Variable from sdk(`airflow.sdk.Variable`) instead","category":"UserWarning","filename":"/home/airflow/.local/lib/python3.13/site-packages/airflow/models/variable.py","lineno":158,"logger":"py.warnings"}
{"timestamp":"2026-09-05T12:47:37.902584Z","level":"info","event":"Filling up the DagBag from /opt/airflow/dags/verdanta_daily.py","logger":"airflow.dag_processing.dagbag.BundleDagBag","filename":"dagbag.py","lineno":469}
{"timestamp":"2026-09-05T12:47:37.983144Z","level":"info","event":"::group::Cosmos DAG parsing logs","logger":"cosmos.converter","filename":"converter.py","lineno":321}
{"timestamp":"2026-09-05T12:47:37.987454Z","level":"info","event":"Cosmos cache dir resolved to /tmp/cosmos/verdanta_daily__dbt_daily","logger":"cosmos.converter","filename":"converter.py","lineno":346}
{"timestamp":"2026-09-05T12:47:37.987727Z","level":"info","event":"Trying to parse the dbt project using dbt ls cache cosmos_cache__verdanta_daily__dbt_daily...","logger":"cosmos.dbt.graph","filename":"graph.py","lineno":869}
{"timestamp":"2026-09-05T12:47:38.149416Z","level":"info","event":"Cosmos performance: time to calculate cache identifier cosmos_cache__verdanta_daily__dbt_daily for current version: 0.14326787100003457","logger":"cosmos.cache","filename":"cache.py","lineno":401}
{"timestamp":"2026-09-05T12:47:38.149723Z","level":"info","event":"Cosmos performance [993ed3b2f767|1325]: The cache size for cosmos_cache__verdanta_daily__dbt_daily is 81420","logger":"cosmos.dbt.graph","filename":"graph.py","lineno":886}
{"timestamp":"2026-09-05T12:47:38.152917Z","level":"info","event":"Cosmos performance: Cache hit for cosmos_cache__verdanta_daily__dbt_daily - cec7d2b2130ad93ca8be26282ae433fd,f50552a3029f27b43be4a74a78877897","logger":"cosmos.dbt.graph","filename":"graph.py","lineno":898}
{"timestamp":"2026-09-05T12:47:38.153152Z","level":"info","event":"Total nodes: 91","logger":"cosmos.dbt.graph","filename":"graph.py","lineno":799}
{"timestamp":"2026-09-05T12:47:38.153231Z","level":"info","event":"Total filtered nodes: 91","logger":"cosmos.dbt.graph","filename":"graph.py","lineno":800}
{"timestamp":"2026-09-05T12:47:38.153308Z","level":"info","event":"Cosmos performance (verdanta_daily__dbt_daily) - [993ed3b2f767|1325]: It took 0.166s to parse the dbt project for DAG using LoadMode.DBT_LS_CACHE","logger":"cosmos.converter","filename":"converter.py","lineno":371}
{"timestamp":"2026-09-05T12:47:38.229037Z","level":"info","event":"Cosmos performance (verdanta_daily__dbt_daily) - [993ed3b2f767|1325]: It took 0.0757s to build the Airflow DAG.","logger":"cosmos.converter","filename":"converter.py","lineno":423}
{"timestamp":"2026-09-05T12:47:38.229162Z","level":"info","event":"::endgroup::Cosmos DAG parsing logs","logger":"cosmos.converter","filename":"converter.py","lineno":430}
{"timestamp":"2026-09-05T12:47:38.229647Z","level":"warning","event":"Using Variable.get from `airflow.models` is deprecated.Please use `get` on Variable from sdk(`airflow.sdk.Variable`) instead","category":"UserWarning","filename":"/home/airflow/.local/lib/python3.13/site-packages/airflow/models/variable.py","lineno":158,"logger":"py.warnings"}
{"timestamp":"2026-09-05T12:48:08.947174Z","level":"info","event":"Filling up the DagBag from /opt/airflow/dags/verdanta_daily.py","logger":"airflow.dag_processing.dagbag.BundleDagBag","filename":"dagbag.py","lineno":469}
{"timestamp":"2026-09-05T12:48:09.033921Z","level":"info","event":"::group::Cosmos DAG parsing logs","logger":"cosmos.converter","filename":"converter.py","lineno":321}
{"timestamp":"2026-09-05T12:48:09.039144Z","level":"info","event":"Cosmos cache dir resolved to /tmp/cosmos/verdanta_daily__dbt_daily","logger":"cosmos.converter","filename":"converter.py","lineno":346}
{"timestamp":"2026-09-05T12:48:09.039487Z","level":"info","event":"Trying to parse the dbt project using dbt ls cache cosmos_cache__verdanta_daily__dbt_daily...","logger":"cosmos.dbt.graph","filename":"graph.py","lineno":869}
{"timestamp":"2026-09-05T12:48:09.187324Z","level":"info","event":"Cosmos performance: time to calculate cache identifier cosmos_cache__verdanta_daily__dbt_daily for current version: 0.13012110099998608","logger":"cosmos.cache","filename":"cache.py","lineno":401}
{"timestamp":"2026-09-05T12:48:09.187585Z","level":"info","event":"Cosmos performance [993ed3b2f767|1361]: The cache size for cosmos_cache__verdanta_daily__dbt_daily is 81420","logger":"cosmos.dbt.graph","filename":"graph.py","lineno":886}
{"timestamp":"2026-09-05T12:48:09.190780Z","level":"info","event":"Cosmos performance: Cache hit for cosmos_cache__verdanta_daily__dbt_daily - cec7d2b2130ad93ca8be26282ae433fd,f50552a3029f27b43be4a74a78877897","logger":"cosmos.dbt.graph","filename":"graph.py","lineno":898}
{"timestamp":"2026-09-05T12:48:09.191077Z","level":"info","event":"Total nodes: 91","logger":"cosmos.dbt.graph","filename":"graph.py","lineno":799}
{"timestamp":"2026-09-05T12:48:09.191161Z","level":"info","event":"Total filtered nodes: 91","logger":"cosmos.dbt.graph","filename":"graph.py","lineno":800}
{"timestamp":"2026-09-05T12:48:09.191247Z","level":"info","event":"Cosmos performance (verdanta_daily__dbt_daily) - [993ed3b2f767|1361]: It took 0.152s to parse the dbt project for DAG using LoadMode.DBT_LS_CACHE","logger":"cosmos.converter","filename":"converter.py","lineno":371}
{"timestamp":"2026-09-05T12:48:09.275706Z","level":"info","event":"Cosmos performance (verdanta_daily__dbt_daily) - [993ed3b2f767|1361]: It took 0.0844s to build the Airflow DAG.","logger":"cosmos.converter","filename":"converter.py","lineno":423}
{"timestamp":"2026-09-05T12:48:09.275867Z","level":"info","event":"::endgroup::Cosmos DAG parsing logs","logger":"cosmos.converter","filename":"converter.py","lineno":430}
{"timestamp":"2026-09-05T12:48:09.276460Z","level":"warning","event":"Using Variable.get from `airflow.models` is deprecated.Please use `get` on Variable from sdk(`airflow.sdk.Variable`) instead","category":"UserWarning","filename":"/home/airflow/.local/lib/python3.13/site-packages/airflow/models/variable.py","lineno":158,"logger":"py.warnings"}
{"timestamp":"2026-09-05T12:48:39.512455Z","level":"info","event":"Filling up the DagBag from /opt/airflow/dags/verdanta_daily.py","logger":"airflow.dag_processing.dagbag.BundleDagBag","filename":"dagbag.py","lineno":469}
{"timestamp":"2026-09-05T12:48:39.581572Z","level":"info","event":"::group::Cosmos DAG parsing logs","logger":"cosmos.converter","filename":"converter.py","lineno":321}
{"timestamp":"2026-09-05T12:48:39.585079Z","level":"info","event":"Cosmos cache dir resolved to /tmp/cosmos/verdanta_daily__dbt_daily","logger":"cosmos.converter","filename":"converter.py","lineno":346}
{"timestamp":"2026-09-05T12:48:39.585311Z","level":"info","event":"Trying to parse the dbt project using dbt ls cache cosmos_cache__verdanta_daily__dbt_daily...","logger":"cosmos.dbt.graph","filename":"graph.py","lineno":869}
{"timestamp":"2026-09-05T12:48:39.738693Z","level":"info","event":"Cosmos performance: time to calculate cache identifier cosmos_cache__verdanta_daily__dbt_daily for current version: 0.1325875160000578","logger":"cosmos.cache","filename":"cache.py","lineno":401}
{"timestamp":"2026-09-05T12:48:39.738937Z","level":"info","event":"Cosmos performance [993ed3b2f767|1397]: The cache size for cosmos_cache__verdanta_daily__dbt_daily is 81420","logger":"cosmos.dbt.graph","filename":"graph.py","lineno":886}
{"timestamp":"2026-09-05T12:48:39.742396Z","level":"info","event":"Cosmos performance: Cache hit for cosmos_cache__verdanta_daily__dbt_daily - cec7d2b2130ad93ca8be26282ae433fd,f50552a3029f27b43be4a74a78877897","logger":"cosmos.dbt.graph","filename":"graph.py","lineno":898}
{"timestamp":"2026-09-05T12:48:39.742669Z","level":"info","event":"Total nodes: 91","logger":"cosmos.dbt.graph","filename":"graph.py","lineno":799}
{"timestamp":"2026-09-05T12:48:39.742746Z","level":"info","event":"Total filtered nodes: 91","logger":"cosmos.dbt.graph","filename":"graph.py","lineno":800}
{"timestamp":"2026-09-05T12:48:39.742830Z","level":"info","event":"Cosmos performance (verdanta_daily__dbt_daily) - [993ed3b2f767|1397]: It took 0.158s to parse the dbt project for DAG using LoadMode.DBT_LS_CACHE","logger":"cosmos.converter","filename":"converter.py","lineno":371}
{"timestamp":"2026-09-05T12:48:39.836613Z","level":"info","event":"Cosmos performance (verdanta_daily__dbt_daily) - [993ed3b2f767|1397]: It took 0.0937s to build the Airflow DAG.","logger":"cosmos.converter","filename":"converter.py","lineno":423}
{"timestamp":"2026-09-05T12:48:39.836809Z","level":"info","event":"::endgroup::Cosmos DAG parsing logs","logger":"cosmos.converter","filename":"converter.py","lineno":430}
{"timestamp":"2026-09-05T12:48:39.837662Z","level":"warning","event":"Using Variable.get from `airflow.models` is deprecated.Please use `get` on Variable from sdk(`airflow.sdk.Variable`) instead","category":"UserWarning","filename":"/home/airflow/.local/lib/python3.13/site-packages/airflow/models/variable.py","lineno":158,"logger":"py.warnings"}
{"timestamp":"2026-09-05T12:49:10.566235Z","level":"info","event":"Filling up the DagBag from /opt/airflow/dags/verdanta_daily.py","logger":"airflow.dag_processing.dagbag.BundleDagBag","filename":"dagbag.py","lineno":469}
{"timestamp":"2026-09-05T12:49:10.642113Z","level":"info","event":"::group::Cosmos DAG parsing logs","logger":"cosmos.converter","filename":"converter.py","lineno":321}
{"timestamp":"2026-09-05T12:49:10.645355Z","level":"info","event":"Cosmos cache dir resolved to /tmp/cosmos/verdanta_daily__dbt_daily","logger":"cosmos.converter","filename":"converter.py","lineno":346}
{"timestamp":"2026-09-05T12:49:10.645562Z","level":"info","event":"Trying to parse the dbt project using dbt ls cache cosmos_cache__verdanta_daily__dbt_daily...","logger":"cosmos.dbt.graph","filename":"graph.py","lineno":869}
{"timestamp":"2026-09-05T12:49:10.798938Z","level":"info","event":"Cosmos performance: time to calculate cache identifier cosmos_cache__verdanta_daily__dbt_daily for current version: 0.1407823049999024","logger":"cosmos.cache","filename":"cache.py","lineno":401}
{"timestamp":"2026-09-05T12:49:10.799167Z","level":"info","event":"Cosmos performance [993ed3b2f767|1414]: The cache size for cosmos_cache__verdanta_daily__dbt_daily is 81420","logger":"cosmos.dbt.graph","filename":"graph.py","lineno":886}
{"timestamp":"2026-09-05T12:49:10.802163Z","level":"info","event":"Cosmos performance: Cache hit for cosmos_cache__verdanta_daily__dbt_daily - cec7d2b2130ad93ca8be26282ae433fd,f50552a3029f27b43be4a74a78877897","logger":"cosmos.dbt.graph","filename":"graph.py","lineno":898}
{"timestamp":"2026-09-05T12:49:10.802454Z","level":"info","event":"Total nodes: 91","logger":"cosmos.dbt.graph","filename":"graph.py","lineno":799}
{"timestamp":"2026-09-05T12:49:10.802555Z","level":"info","event":"Total filtered nodes: 91","logger":"cosmos.dbt.graph","filename":"graph.py","lineno":800}
{"timestamp":"2026-09-05T12:49:10.802638Z","level":"info","event":"Cosmos performance (verdanta_daily__dbt_daily) - [993ed3b2f767|1414]: It took 0.157s to parse the dbt project for DAG using LoadMode.DBT_LS_CACHE","logger":"cosmos.converter","filename":"converter.py","lineno":371}
{"timestamp":"2026-09-05T12:49:10.878519Z","level":"info","event":"Cosmos performance (verdanta_daily__dbt_daily) - [993ed3b2f767|1414]: It took 0.0758s to build the Airflow DAG.","logger":"cosmos.converter","filename":"converter.py","lineno":423}
{"timestamp":"2026-09-05T12:49:10.878695Z","level":"info","event":"::endgroup::Cosmos DAG parsing logs","logger":"cosmos.converter","filename":"converter.py","lineno":430}
{"timestamp":"2026-09-05T12:49:10.879367Z","level":"warning","event":"Using Variable.get from `airflow.models` is deprecated.Please use `get` on Variable from sdk(`airflow.sdk.Variable`) instead","category":"UserWarning","filename":"/home/airflow/.local/lib/python3.13/site-packages/airflow/models/variable.py","lineno":158,"logger":"py.warnings"}
{"timestamp":"2026-09-05T12:49:40.998891Z","level":"info","event":"Filling up the DagBag from /opt/airflow/dags/verdanta_daily.py","logger":"airflow.dag_processing.dagbag.BundleDagBag","filename":"dagbag.py","lineno":469}
{"timestamp":"2026-09-05T12:49:41.075652Z","level":"info","event":"::group::Cosmos DAG parsing logs","logger":"cosmos.converter","filename":"converter.py","lineno":321}
{"timestamp":"2026-09-05T12:49:41.078875Z","level":"info","event":"Cosmos cache dir resolved to /tmp/cosmos/verdanta_daily__dbt_daily","logger":"cosmos.converter","filename":"converter.py","lineno":346}
{"timestamp":"2026-09-05T12:49:41.079138Z","level":"info","event":"Trying to parse the dbt project using dbt ls cache cosmos_cache__verdanta_daily__dbt_daily...","logger":"cosmos.dbt.graph","filename":"graph.py","lineno":869}
{"timestamp":"2026-09-05T12:49:41.224927Z","level":"info","event":"Cosmos performance: time to calculate cache identifier cosmos_cache__verdanta_daily__dbt_daily for current version: 0.12846402000013768","logger":"cosmos.cache","filename":"cache.py","lineno":401}
{"timestamp":"2026-09-05T12:49:41.225204Z","level":"info","event":"Cosmos performance [993ed3b2f767|1447]: The cache size for cosmos_cache__verdanta_daily__dbt_daily is 81420","logger":"cosmos.dbt.graph","filename":"graph.py","lineno":886}
{"timestamp":"2026-09-05T12:49:41.227370Z","level":"info","event":"Cosmos performance: Cache hit for cosmos_cache__verdanta_daily__dbt_daily - cec7d2b2130ad93ca8be26282ae433fd,f50552a3029f27b43be4a74a78877897","logger":"cosmos.dbt.graph","filename":"graph.py","lineno":898}
{"timestamp":"2026-09-05T12:49:41.227548Z","level":"info","event":"Total nodes: 91","logger":"cosmos.dbt.graph","filename":"graph.py","lineno":799}
{"timestamp":"2026-09-05T12:49:41.227608Z","level":"info","event":"Total filtered nodes: 91","logger":"cosmos.dbt.graph","filename":"graph.py","lineno":800}
{"timestamp":"2026-09-05T12:49:41.227676Z","level":"info","event":"Cosmos performance (verdanta_daily__dbt_daily) - [993ed3b2f767|1447]: It took 0.149s to parse the dbt project for DAG using LoadMode.DBT_LS_CACHE","logger":"cosmos.converter","filename":"converter.py","lineno":371}
{"timestamp":"2026-09-05T12:49:41.298165Z","level":"info","event":"Cosmos performance (verdanta_daily__dbt_daily) - [993ed3b2f767|1447]: It took 0.0712s to build the Airflow DAG.","logger":"cosmos.converter","filename":"converter.py","lineno":423}
{"timestamp":"2026-09-05T12:49:41.298353Z","level":"info","event":"::endgroup::Cosmos DAG parsing logs","logger":"cosmos.converter","filename":"converter.py","lineno":430}
{"timestamp":"2026-09-05T12:49:41.298899Z","level":"warning","event":"Using Variable.get from `airflow.models` is deprecated.Please use `get` on Variable from sdk(`airflow.sdk.Variable`) instead","category":"UserWarning","filename":"/home/airflow/.local/lib/python3.13/site-packages/airflow/models/variable.py","lineno":158,"logger":"py.warnings"}
{"timestamp":"2026-09-05T12:50:12.253784Z","level":"info","event":"Filling up the DagBag from /opt/airflow/dags/verdanta_daily.py","logger":"airflow.dag_processing.dagbag.BundleDagBag","filename":"dagbag.py","lineno":469}
{"timestamp":"2026-09-05T12:50:12.352832Z","level":"info","event":"::group::Cosmos DAG parsing logs","logger":"cosmos.converter","filename":"converter.py","lineno":321}
{"timestamp":"2026-09-05T12:50:12.359763Z","level":"info","event":"Cosmos cache dir resolved to /tmp/cosmos/verdanta_daily__dbt_daily","logger":"cosmos.converter","filename":"converter.py","lineno":346}
{"timestamp":"2026-09-05T12:50:12.360109Z","level":"info","event":"Trying to parse the dbt project using dbt ls cache cosmos_cache__verdanta_daily__dbt_daily...","logger":"cosmos.dbt.graph","filename":"graph.py","lineno":869}
{"timestamp":"2026-09-05T12:50:12.562955Z","level":"info","event":"Cosmos performance: time to calculate cache identifier cosmos_cache__verdanta_daily__dbt_daily for current version: 0.17468238000014935","logger":"cosmos.cache","filename":"cache.py","lineno":401}
{"timestamp":"2026-09-05T12:50:12.563170Z","level":"info","event":"Cosmos performance [993ed3b2f767|1482]: The cache size for cosmos_cache__verdanta_daily__dbt_daily is 81420","logger":"cosmos.dbt.graph","filename":"graph.py","lineno":886}
{"timestamp":"2026-09-05T12:50:12.565718Z","level":"info","event":"Cosmos performance: Cache hit for cosmos_cache__verdanta_daily__dbt_daily - cec7d2b2130ad93ca8be26282ae433fd,f50552a3029f27b43be4a74a78877897","logger":"cosmos.dbt.graph","filename":"graph.py","lineno":898}
{"timestamp":"2026-09-05T12:50:12.565932Z","level":"info","event":"Total nodes: 91","logger":"cosmos.dbt.graph","filename":"graph.py","lineno":799}
{"timestamp":"2026-09-05T12:50:12.565996Z","level":"info","event":"Total filtered nodes: 91","logger":"cosmos.dbt.graph","filename":"graph.py","lineno":800}
{"timestamp":"2026-09-05T12:50:12.566067Z","level":"info","event":"Cosmos performance (verdanta_daily__dbt_daily) - [993ed3b2f767|1482]: It took 0.206s to parse the dbt project for DAG using LoadMode.DBT_LS_CACHE","logger":"cosmos.converter","filename":"converter.py","lineno":371}
{"timestamp":"2026-09-05T12:50:12.640350Z","level":"info","event":"Cosmos performance (verdanta_daily__dbt_daily) - [993ed3b2f767|1482]: It took 0.0742s to build the Airflow DAG.","logger":"cosmos.converter","filename":"converter.py","lineno":423}
{"timestamp":"2026-09-05T12:50:12.640501Z","level":"info","event":"::endgroup::Cosmos DAG parsing logs","logger":"cosmos.converter","filename":"converter.py","lineno":430}
{"timestamp":"2026-09-05T12:50:12.641031Z","level":"warning","event":"Using Variable.get from `airflow.models` is deprecated.Please use `get` on Variable from sdk(`airflow.sdk.Variable`) instead","category":"UserWarning","filename":"/home/airflow/.local/lib/python3.13/site-packages/airflow/models/variable.py","lineno":158,"logger":"py.warnings"}
{"timestamp":"2026-09-05T12:50:43.373047Z","level":"info","event":"Filling up the DagBag from /opt/airflow/dags/verdanta_daily.py","logger":"airflow.dag_processing.dagbag.BundleDagBag","filename":"dagbag.py","lineno":469}
{"timestamp":"2026-09-05T12:50:43.478941Z","level":"info","event":"::group::Cosmos DAG parsing logs","logger":"cosmos.converter","filename":"converter.py","lineno":321}
{"timestamp":"2026-09-05T12:50:43.483809Z","level":"info","event":"Cosmos cache dir resolved to /tmp/cosmos/verdanta_daily__dbt_daily","logger":"cosmos.converter","filename":"converter.py","lineno":346}
{"timestamp":"2026-09-05T12:50:43.484197Z","level":"info","event":"Trying to parse the dbt project using dbt ls cache cosmos_cache__verdanta_daily__dbt_daily...","logger":"cosmos.dbt.graph","filename":"graph.py","lineno":869}
{"timestamp":"2026-09-05T12:50:43.657713Z","level":"info","event":"Cosmos performance: time to calculate cache identifier cosmos_cache__verdanta_daily__dbt_daily for current version: 0.1506149889999051","logger":"cosmos.cache","filename":"cache.py","lineno":401}
{"timestamp":"2026-09-05T12:50:43.657933Z","level":"info","event":"Cosmos performance [993ed3b2f767|1511]: The cache size for cosmos_cache__verdanta_daily__dbt_daily is 81420","logger":"cosmos.dbt.graph","filename":"graph.py","lineno":886}
{"timestamp":"2026-09-05T12:50:43.661285Z","level":"info","event":"Cosmos performance: Cache hit for cosmos_cache__verdanta_daily__dbt_daily - cec7d2b2130ad93ca8be26282ae433fd,f50552a3029f27b43be4a74a78877897","logger":"cosmos.dbt.graph","filename":"graph.py","lineno":898}
{"timestamp":"2026-09-05T12:50:43.661527Z","level":"info","event":"Total nodes: 91","logger":"cosmos.dbt.graph","filename":"graph.py","lineno":799}
{"timestamp":"2026-09-05T12:50:43.661658Z","level":"info","event":"Total filtered nodes: 91","logger":"cosmos.dbt.graph","filename":"graph.py","lineno":800}
{"timestamp":"2026-09-05T12:50:43.661751Z","level":"info","event":"Cosmos performance (verdanta_daily__dbt_daily) - [993ed3b2f767|1511]: It took 0.178s to parse the dbt project for DAG using LoadMode.DBT_LS_CACHE","logger":"cosmos.converter","filename":"converter.py","lineno":371}
{"timestamp":"2026-09-05T12:50:43.742103Z","level":"info","event":"Cosmos performance (verdanta_daily__dbt_daily) - [993ed3b2f767|1511]: It took 0.0803s to build the Airflow DAG.","logger":"cosmos.converter","filename":"converter.py","lineno":423}
{"timestamp":"2026-09-05T12:50:43.742239Z","level":"info","event":"::endgroup::Cosmos DAG parsing logs","logger":"cosmos.converter","filename":"converter.py","lineno":430}
{"timestamp":"2026-09-05T12:50:43.742778Z","level":"warning","event":"Using Variable.get from `airflow.models` is deprecated.Please use `get` on Variable from sdk(`airflow.sdk.Variable`) instead","category":"UserWarning","filename":"/home/airflow/.local/lib/python3.13/site-packages/airflow/models/variable.py","lineno":158,"logger":"py.warnings"}
{"timestamp":"2026-09-05T12:51:14.668959Z","level":"info","event":"Filling up the DagBag from /opt/airflow/dags/verdanta_daily.py","logger":"airflow.dag_processing.dagbag.BundleDagBag","filename":"dagbag.py","lineno":469}
{"timestamp":"2026-09-05T12:51:14.743558Z","level":"info","event":"::group::Cosmos DAG parsing logs","logger":"cosmos.converter","filename":"converter.py","lineno":321}
{"timestamp":"2026-09-05T12:51:14.747828Z","level":"info","event":"Cosmos cache dir resolved to /tmp/cosmos/verdanta_daily__dbt_daily","logger":"cosmos.converter","filename":"converter.py","lineno":346}
{"timestamp":"2026-09-05T12:51:14.748055Z","level":"info","event":"Trying to parse the dbt project using dbt ls cache cosmos_cache__verdanta_daily__dbt_daily...","logger":"cosmos.dbt.graph","filename":"graph.py","lineno":869}
{"timestamp":"2026-09-05T12:51:14.900963Z","level":"info","event":"Cosmos performance: time to calculate cache identifier cosmos_cache__verdanta_daily__dbt_daily for current version: 0.13394709199997124","logger":"cosmos.cache","filename":"cache.py","lineno":401}
{"timestamp":"2026-09-05T12:51:14.901193Z","level":"info","event":"Cosmos performance [993ed3b2f767|1547]: The cache size for cosmos_cache__verdanta_daily__dbt_daily is 81420","logger":"cosmos.dbt.graph","filename":"graph.py","lineno":886}
{"timestamp":"2026-09-05T12:51:14.903395Z","level":"info","event":"Cosmos performance: Cache hit for cosmos_cache__verdanta_daily__dbt_daily - cec7d2b2130ad93ca8be26282ae433fd,f50552a3029f27b43be4a74a78877897","logger":"cosmos.dbt.graph","filename":"graph.py","lineno":898}
{"timestamp":"2026-09-05T12:51:14.903648Z","level":"info","event":"Total nodes: 91","logger":"cosmos.dbt.graph","filename":"graph.py","lineno":799}
{"timestamp":"2026-09-05T12:51:14.903725Z","level":"info","event":"Total filtered nodes: 91","logger":"cosmos.dbt.graph","filename":"graph.py","lineno":800}
{"timestamp":"2026-09-05T12:51:14.903803Z","level":"info","event":"Cosmos performance (verdanta_daily__dbt_daily) - [993ed3b2f767|1547]: It took 0.156s to parse the dbt project for DAG using LoadMode.DBT_LS_CACHE","logger":"cosmos.converter","filename":"converter.py","lineno":371}
{"timestamp":"2026-09-05T12:51:14.982236Z","level":"info","event":"Cosmos performance (verdanta_daily__dbt_daily) - [993ed3b2f767|1547]: It took 0.0784s to build the Airflow DAG.","logger":"cosmos.converter","filename":"converter.py","lineno":423}
{"timestamp":"2026-09-05T12:51:14.982372Z","level":"info","event":"::endgroup::Cosmos DAG parsing logs","logger":"cosmos.converter","filename":"converter.py","lineno":430}
{"timestamp":"2026-09-05T12:51:14.982913Z","level":"warning","event":"Using Variable.get from `airflow.models` is deprecated.Please use `get` on Variable from sdk(`airflow.sdk.Variable`) instead","category":"UserWarning","filename":"/home/airflow/.local/lib/python3.13/site-packages/airflow/models/variable.py","lineno":158,"logger":"py.warnings"}
{"timestamp":"2026-09-05T12:51:45.398292Z","level":"info","event":"Filling up the DagBag from /opt/airflow/dags/verdanta_daily.py","logger":"airflow.dag_processing.dagbag.BundleDagBag","filename":"dagbag.py","lineno":469}
{"timestamp":"2026-09-05T12:51:45.470553Z","level":"info","event":"::group::Cosmos DAG parsing logs","logger":"cosmos.converter","filename":"converter.py","lineno":321}
{"timestamp":"2026-09-05T12:51:45.474405Z","level":"info","event":"Cosmos cache dir resolved to /tmp/cosmos/verdanta_daily__dbt_daily","logger":"cosmos.converter","filename":"converter.py","lineno":346}
{"timestamp":"2026-09-05T12:51:45.474654Z","level":"info","event":"Trying to parse the dbt project using dbt ls cache cosmos_cache__verdanta_daily__dbt_daily...","logger":"cosmos.dbt.graph","filename":"graph.py","lineno":869}
{"timestamp":"2026-09-05T12:51:45.627053Z","level":"info","event":"Cosmos performance: time to calculate cache identifier cosmos_cache__verdanta_daily__dbt_daily for current version: 0.13692389399989224","logger":"cosmos.cache","filename":"cache.py","lineno":401}
{"timestamp":"2026-09-05T12:51:45.627284Z","level":"info","event":"Cosmos performance [993ed3b2f767|1565]: The cache size for cosmos_cache__verdanta_daily__dbt_daily is 81420","logger":"cosmos.dbt.graph","filename":"graph.py","lineno":886}
{"timestamp":"2026-09-05T12:51:45.629761Z","level":"info","event":"Cosmos performance: Cache hit for cosmos_cache__verdanta_daily__dbt_daily - cec7d2b2130ad93ca8be26282ae433fd,f50552a3029f27b43be4a74a78877897","logger":"cosmos.dbt.graph","filename":"graph.py","lineno":898}
{"timestamp":"2026-09-05T12:51:45.630030Z","level":"info","event":"Total nodes: 91","logger":"cosmos.dbt.graph","filename":"graph.py","lineno":799}
{"timestamp":"2026-09-05T12:51:45.630100Z","level":"info","event":"Total filtered nodes: 91","logger":"cosmos.dbt.graph","filename":"graph.py","lineno":800}
{"timestamp":"2026-09-05T12:51:45.630169Z","level":"info","event":"Cosmos performance (verdanta_daily__dbt_daily) - [993ed3b2f767|1565]: It took 0.156s to parse the dbt project for DAG using LoadMode.DBT_LS_CACHE","logger":"cosmos.converter","filename":"converter.py","lineno":371}
{"timestamp":"2026-09-05T12:51:45.721284Z","level":"info","event":"Cosmos performance (verdanta_daily__dbt_daily) - [993ed3b2f767|1565]: It took 0.091s to build the Airflow DAG.","logger":"cosmos.converter","filename":"converter.py","lineno":423}
{"timestamp":"2026-09-05T12:51:45.721454Z","level":"info","event":"::endgroup::Cosmos DAG parsing logs","logger":"cosmos.converter","filename":"converter.py","lineno":430}
{"timestamp":"2026-09-05T12:51:45.722058Z","level":"warning","event":"Using Variable.get from `airflow.models` is deprecated.Please use `get` on Variable from sdk(`airflow.sdk.Variable`) instead","category":"UserWarning","filename":"/home/airflow/.local/lib/python3.13/site-packages/airflow/models/variable.py","lineno":158,"logger":"py.warnings"}
{"timestamp":"2026-09-05T12:52:16.558986Z","level":"info","event":"Filling up the DagBag from /opt/airflow/dags/verdanta_daily.py","logger":"airflow.dag_processing.dagbag.BundleDagBag","filename":"dagbag.py","lineno":469}
{"timestamp":"2026-09-05T12:52:16.664939Z","level":"info","event":"::group::Cosmos DAG parsing logs","logger":"cosmos.converter","filename":"converter.py","lineno":321}
{"timestamp":"2026-09-05T12:52:16.672203Z","level":"info","event":"Cosmos cache dir resolved to /tmp/cosmos/verdanta_daily__dbt_daily","logger":"cosmos.converter","filename":"converter.py","lineno":346}
{"timestamp":"2026-09-05T12:52:16.672602Z","level":"info","event":"Trying to parse the dbt project using dbt ls cache cosmos_cache__verdanta_daily__dbt_daily...","logger":"cosmos.dbt.graph","filename":"graph.py","lineno":869}
{"timestamp":"2026-09-05T12:52:16.837099Z","level":"info","event":"Cosmos performance: time to calculate cache identifier cosmos_cache__verdanta_daily__dbt_daily for current version: 0.1443220950000068","logger":"cosmos.cache","filename":"cache.py","lineno":401}
{"timestamp":"2026-09-05T12:52:16.837357Z","level":"info","event":"Cosmos performance [993ed3b2f767|1597]: The cache size for cosmos_cache__verdanta_daily__dbt_daily is 81420","logger":"cosmos.dbt.graph","filename":"graph.py","lineno":886}
{"timestamp":"2026-09-05T12:52:16.842357Z","level":"info","event":"Cosmos performance: Cache hit for cosmos_cache__verdanta_daily__dbt_daily - cec7d2b2130ad93ca8be26282ae433fd,f50552a3029f27b43be4a74a78877897","logger":"cosmos.dbt.graph","filename":"graph.py","lineno":898}
{"timestamp":"2026-09-05T12:52:16.842804Z","level":"info","event":"Total nodes: 91","logger":"cosmos.dbt.graph","filename":"graph.py","lineno":799}
{"timestamp":"2026-09-05T12:52:16.842919Z","level":"info","event":"Total filtered nodes: 91","logger":"cosmos.dbt.graph","filename":"graph.py","lineno":800}
{"timestamp":"2026-09-05T12:52:16.843009Z","level":"info","event":"Cosmos performance (verdanta_daily__dbt_daily) - [993ed3b2f767|1597]: It took 0.171s to parse the dbt project for DAG using LoadMode.DBT_LS_CACHE","logger":"cosmos.converter","filename":"converter.py","lineno":371}
{"timestamp":"2026-09-05T12:52:16.933911Z","level":"info","event":"Cosmos performance (verdanta_daily__dbt_daily) - [993ed3b2f767|1597]: It took 0.0908s to build the Airflow DAG.","logger":"cosmos.converter","filename":"converter.py","lineno":423}
{"timestamp":"2026-09-05T12:52:16.934097Z","level":"info","event":"::endgroup::Cosmos DAG parsing logs","logger":"cosmos.converter","filename":"converter.py","lineno":430}
{"timestamp":"2026-09-05T12:52:16.934681Z","level":"warning","event":"Using Variable.get from `airflow.models` is deprecated.Please use `get` on Variable from sdk(`airflow.sdk.Variable`) instead","category":"UserWarning","filename":"/home/airflow/.local/lib/python3.13/site-packages/airflow/models/variable.py","lineno":158,"logger":"py.warnings"}
{"timestamp":"2026-09-05T12:52:47.113993Z","level":"info","event":"Filling up the DagBag from /opt/airflow/dags/verdanta_daily.py","logger":"airflow.dag_processing.dagbag.BundleDagBag","filename":"dagbag.py","lineno":469}
{"timestamp":"2026-09-05T12:52:47.186095Z","level":"info","event":"::group::Cosmos DAG parsing logs","logger":"cosmos.converter","filename":"converter.py","lineno":321}
{"timestamp":"2026-09-05T12:52:47.190546Z","level":"info","event":"Cosmos cache dir resolved to /tmp/cosmos/verdanta_daily__dbt_daily","logger":"cosmos.converter","filename":"converter.py","lineno":346}
{"timestamp":"2026-09-05T12:52:47.190760Z","level":"info","event":"Trying to parse the dbt project using dbt ls cache cosmos_cache__verdanta_daily__dbt_daily...","logger":"cosmos.dbt.graph","filename":"graph.py","lineno":869}
{"timestamp":"2026-09-05T12:52:47.333796Z","level":"info","event":"Cosmos performance: time to calculate cache identifier cosmos_cache__verdanta_daily__dbt_daily for current version: 0.12812047500005974","logger":"cosmos.cache","filename":"cache.py","lineno":401}
{"timestamp":"2026-09-05T12:52:47.333992Z","level":"info","event":"Cosmos performance [993ed3b2f767|1634]: The cache size for cosmos_cache__verdanta_daily__dbt_daily is 81420","logger":"cosmos.dbt.graph","filename":"graph.py","lineno":886}
{"timestamp":"2026-09-05T12:52:47.336479Z","level":"info","event":"Cosmos performance: Cache hit for cosmos_cache__verdanta_daily__dbt_daily - cec7d2b2130ad93ca8be26282ae433fd,f50552a3029f27b43be4a74a78877897","logger":"cosmos.dbt.graph","filename":"graph.py","lineno":898}
{"timestamp":"2026-09-05T12:52:47.336685Z","level":"info","event":"Total nodes: 91","logger":"cosmos.dbt.graph","filename":"graph.py","lineno":799}
{"timestamp":"2026-09-05T12:52:47.336762Z","level":"info","event":"Total filtered nodes: 91","logger":"cosmos.dbt.graph","filename":"graph.py","lineno":800}
{"timestamp":"2026-09-05T12:52:47.336837Z","level":"info","event":"Cosmos performance (verdanta_daily__dbt_daily) - [993ed3b2f767|1634]: It took 0.146s to parse the dbt project for DAG using LoadMode.DBT_LS_CACHE","logger":"cosmos.converter","filename":"converter.py","lineno":371}
{"timestamp":"2026-09-05T12:52:47.417439Z","level":"info","event":"Cosmos performance (verdanta_daily__dbt_daily) - [993ed3b2f767|1634]: It took 0.0805s to build the Airflow DAG.","logger":"cosmos.converter","filename":"converter.py","lineno":423}
{"timestamp":"2026-09-05T12:52:47.417585Z","level":"info","event":"::endgroup::Cosmos DAG parsing logs","logger":"cosmos.converter","filename":"converter.py","lineno":430}
{"timestamp":"2026-09-05T12:52:47.418159Z","level":"warning","event":"Using Variable.get from `airflow.models` is deprecated.Please use `get` on Variable from sdk(`airflow.sdk.Variable`) instead","category":"UserWarning","filename":"/home/airflow/.local/lib/python3.13/site-packages/airflow/models/variable.py","lineno":158,"logger":"py.warnings"}
{"timestamp":"2026-09-05T12:53:18.235414Z","level":"info","event":"Filling up the DagBag from /opt/airflow/dags/verdanta_daily.py","logger":"airflow.dag_processing.dagbag.BundleDagBag","filename":"dagbag.py","lineno":469}
{"timestamp":"2026-09-05T12:53:18.301930Z","level":"info","event":"::group::Cosmos DAG parsing logs","logger":"cosmos.converter","filename":"converter.py","lineno":321}
{"timestamp":"2026-09-05T12:53:18.305475Z","level":"info","event":"Cosmos cache dir resolved to /tmp/cosmos/verdanta_daily__dbt_daily","logger":"cosmos.converter","filename":"converter.py","lineno":346}
{"timestamp":"2026-09-05T12:53:18.305675Z","level":"info","event":"Trying to parse the dbt project using dbt ls cache cosmos_cache__verdanta_daily__dbt_daily...","logger":"cosmos.dbt.graph","filename":"graph.py","lineno":869}
{"timestamp":"2026-09-05T12:53:18.452850Z","level":"info","event":"Cosmos performance: time to calculate cache identifier cosmos_cache__verdanta_daily__dbt_daily for current version: 0.1294474649998847","logger":"cosmos.cache","filename":"cache.py","lineno":401}
{"timestamp":"2026-09-05T12:53:18.453097Z","level":"info","event":"Cosmos performance [993ed3b2f767|1669]: The cache size for cosmos_cache__verdanta_daily__dbt_daily is 81420","logger":"cosmos.dbt.graph","filename":"graph.py","lineno":886}
{"timestamp":"2026-09-05T12:53:18.455542Z","level":"info","event":"Cosmos performance: Cache hit for cosmos_cache__verdanta_daily__dbt_daily - cec7d2b2130ad93ca8be26282ae433fd,f50552a3029f27b43be4a74a78877897","logger":"cosmos.dbt.graph","filename":"graph.py","lineno":898}
{"timestamp":"2026-09-05T12:53:18.455797Z","level":"info","event":"Total nodes: 91","logger":"cosmos.dbt.graph","filename":"graph.py","lineno":799}
{"timestamp":"2026-09-05T12:53:18.455868Z","level":"info","event":"Total filtered nodes: 91","logger":"cosmos.dbt.graph","filename":"graph.py","lineno":800}
{"timestamp":"2026-09-05T12:53:18.455948Z","level":"info","event":"Cosmos performance (verdanta_daily__dbt_daily) - [993ed3b2f767|1669]: It took 0.15s to parse the dbt project for DAG using LoadMode.DBT_LS_CACHE","logger":"cosmos.converter","filename":"converter.py","lineno":371}
{"timestamp":"2026-09-05T12:53:18.529001Z","level":"info","event":"Cosmos performance (verdanta_daily__dbt_daily) - [993ed3b2f767|1669]: It took 0.073s to build the Airflow DAG.","logger":"cosmos.converter","filename":"converter.py","lineno":423}
{"timestamp":"2026-09-05T12:53:18.529126Z","level":"info","event":"::endgroup::Cosmos DAG parsing logs","logger":"cosmos.converter","filename":"converter.py","lineno":430}
{"timestamp":"2026-09-05T12:53:18.529729Z","level":"warning","event":"Using Variable.get from `airflow.models` is deprecated.Please use `get` on Variable from sdk(`airflow.sdk.Variable`) instead","category":"UserWarning","filename":"/home/airflow/.local/lib/python3.13/site-packages/airflow/models/variable.py","lineno":158,"logger":"py.warnings"}
{"timestamp":"2026-09-05T12:53:49.244520Z","level":"info","event":"Filling up the DagBag from /opt/airflow/dags/verdanta_daily.py","logger":"airflow.dag_processing.dagbag.BundleDagBag","filename":"dagbag.py","lineno":469}
{"timestamp":"2026-09-05T12:53:49.323703Z","level":"info","event":"::group::Cosmos DAG parsing logs","logger":"cosmos.converter","filename":"converter.py","lineno":321}
{"timestamp":"2026-09-05T12:53:49.328481Z","level":"info","event":"Cosmos cache dir resolved to /tmp/cosmos/verdanta_daily__dbt_daily","logger":"cosmos.converter","filename":"converter.py","lineno":346}
{"timestamp":"2026-09-05T12:53:49.328769Z","level":"info","event":"Trying to parse the dbt project using dbt ls cache cosmos_cache__verdanta_daily__dbt_daily...","logger":"cosmos.dbt.graph","filename":"graph.py","lineno":869}
{"timestamp":"2026-09-05T12:53:49.477795Z","level":"info","event":"Cosmos performance: time to calculate cache identifier cosmos_cache__verdanta_daily__dbt_daily for current version: 0.1313403679998828","logger":"cosmos.cache","filename":"cache.py","lineno":401}
{"timestamp":"2026-09-05T12:53:49.478022Z","level":"info","event":"Cosmos performance [993ed3b2f767|1705]: The cache size for cosmos_cache__verdanta_daily__dbt_daily is 81420","logger":"cosmos.dbt.graph","filename":"graph.py","lineno":886}
{"timestamp":"2026-09-05T12:53:49.480762Z","level":"info","event":"Cosmos performance: Cache hit for cosmos_cache__verdanta_daily__dbt_daily - cec7d2b2130ad93ca8be26282ae433fd,f50552a3029f27b43be4a74a78877897","logger":"cosmos.dbt.graph","filename":"graph.py","lineno":898}
{"timestamp":"2026-09-05T12:53:49.480979Z","level":"info","event":"Total nodes: 91","logger":"cosmos.dbt.graph","filename":"graph.py","lineno":799}
{"timestamp":"2026-09-05T12:53:49.481041Z","level":"info","event":"Total filtered nodes: 91","logger":"cosmos.dbt.graph","filename":"graph.py","lineno":800}
{"timestamp":"2026-09-05T12:53:49.481111Z","level":"info","event":"Cosmos performance (verdanta_daily__dbt_daily) - [993ed3b2f767|1705]: It took 0.152s to parse the dbt project for DAG using LoadMode.DBT_LS_CACHE","logger":"cosmos.converter","filename":"converter.py","lineno":371}
{"timestamp":"2026-09-05T12:53:49.555705Z","level":"info","event":"Cosmos performance (verdanta_daily__dbt_daily) - [993ed3b2f767|1705]: It took 0.0745s to build the Airflow DAG.","logger":"cosmos.converter","filename":"converter.py","lineno":423}
{"timestamp":"2026-09-05T12:53:49.555832Z","level":"info","event":"::endgroup::Cosmos DAG parsing logs","logger":"cosmos.converter","filename":"converter.py","lineno":430}
{"timestamp":"2026-09-05T12:53:49.556361Z","level":"warning","event":"Using Variable.get from `airflow.models` is deprecated.Please use `get` on Variable from sdk(`airflow.sdk.Variable`) instead","category":"UserWarning","filename":"/home/airflow/.local/lib/python3.13/site-packages/airflow/models/variable.py","lineno":158,"logger":"py.warnings"}
{"timestamp":"2026-09-05T12:54:20.122227Z","level":"info","event":"Filling up the DagBag from /opt/airflow/dags/verdanta_daily.py","logger":"airflow.dag_processing.dagbag.BundleDagBag","filename":"dagbag.py","lineno":469}
{"timestamp":"2026-09-05T12:54:20.204326Z","level":"info","event":"::group::Cosmos DAG parsing logs","logger":"cosmos.converter","filename":"converter.py","lineno":321}
{"timestamp":"2026-09-05T12:54:20.208240Z","level":"info","event":"Cosmos cache dir resolved to /tmp/cosmos/verdanta_daily__dbt_daily","logger":"cosmos.converter","filename":"converter.py","lineno":346}
{"timestamp":"2026-09-05T12:54:20.208438Z","level":"info","event":"Trying to parse the dbt project using dbt ls cache cosmos_cache__verdanta_daily__dbt_daily...","logger":"cosmos.dbt.graph","filename":"graph.py","lineno":869}
{"timestamp":"2026-09-05T12:54:20.356267Z","level":"info","event":"Cosmos performance: time to calculate cache identifier cosmos_cache__verdanta_daily__dbt_daily for current version: 0.13249272000007295","logger":"cosmos.cache","filename":"cache.py","lineno":401}
{"timestamp":"2026-09-05T12:54:20.356514Z","level":"info","event":"Cosmos performance [993ed3b2f767|1740]: The cache size for cosmos_cache__verdanta_daily__dbt_daily is 81420","logger":"cosmos.dbt.graph","filename":"graph.py","lineno":886}
{"timestamp":"2026-09-05T12:54:20.359135Z","level":"info","event":"Cosmos performance: Cache hit for cosmos_cache__verdanta_daily__dbt_daily - cec7d2b2130ad93ca8be26282ae433fd,f50552a3029f27b43be4a74a78877897","logger":"cosmos.dbt.graph","filename":"graph.py","lineno":898}
{"timestamp":"2026-09-05T12:54:20.359380Z","level":"info","event":"Total nodes: 91","logger":"cosmos.dbt.graph","filename":"graph.py","lineno":799}
{"timestamp":"2026-09-05T12:54:20.359481Z","level":"info","event":"Total filtered nodes: 91","logger":"cosmos.dbt.graph","filename":"graph.py","lineno":800}
{"timestamp":"2026-09-05T12:54:20.359557Z","level":"info","event":"Cosmos performance (verdanta_daily__dbt_daily) - [993ed3b2f767|1740]: It took 0.151s to parse the dbt project for DAG using LoadMode.DBT_LS_CACHE","logger":"cosmos.converter","filename":"converter.py","lineno":371}
{"timestamp":"2026-09-05T12:54:20.437108Z","level":"info","event":"Cosmos performance (verdanta_daily__dbt_daily) - [993ed3b2f767|1740]: It took 0.0775s to build the Airflow DAG.","logger":"cosmos.converter","filename":"converter.py","lineno":423}
{"timestamp":"2026-09-05T12:54:20.437297Z","level":"info","event":"::endgroup::Cosmos DAG parsing logs","logger":"cosmos.converter","filename":"converter.py","lineno":430}
{"timestamp":"2026-09-05T12:54:20.437972Z","level":"warning","event":"Using Variable.get from `airflow.models` is deprecated.Please use `get` on Variable from sdk(`airflow.sdk.Variable`) instead","category":"UserWarning","filename":"/home/airflow/.local/lib/python3.13/site-packages/airflow/models/variable.py","lineno":158,"logger":"py.warnings"}
{"timestamp":"2026-09-05T12:54:50.546362Z","level":"info","event":"Filling up the DagBag from /opt/airflow/dags/verdanta_daily.py","logger":"airflow.dag_processing.dagbag.BundleDagBag","filename":"dagbag.py","lineno":469}
{"timestamp":"2026-09-05T12:54:50.613591Z","level":"info","event":"::group::Cosmos DAG parsing logs","logger":"cosmos.converter","filename":"converter.py","lineno":321}
{"timestamp":"2026-09-05T12:54:50.617092Z","level":"info","event":"Cosmos cache dir resolved to /tmp/cosmos/verdanta_daily__dbt_daily","logger":"cosmos.converter","filename":"converter.py","lineno":346}
{"timestamp":"2026-09-05T12:54:50.617317Z","level":"info","event":"Trying to parse the dbt project using dbt ls cache cosmos_cache__verdanta_daily__dbt_daily...","logger":"cosmos.dbt.graph","filename":"graph.py","lineno":869}
{"timestamp":"2026-09-05T12:54:50.763942Z","level":"info","event":"Cosmos performance: time to calculate cache identifier cosmos_cache__verdanta_daily__dbt_daily for current version: 0.12854150299995126","logger":"cosmos.cache","filename":"cache.py","lineno":401}
{"timestamp":"2026-09-05T12:54:50.764158Z","level":"info","event":"Cosmos performance [993ed3b2f767|1755]: The cache size for cosmos_cache__verdanta_daily__dbt_daily is 81420","logger":"cosmos.dbt.graph","filename":"graph.py","lineno":886}
{"timestamp":"2026-09-05T12:54:50.766658Z","level":"info","event":"Cosmos performance: Cache hit for cosmos_cache__verdanta_daily__dbt_daily - cec7d2b2130ad93ca8be26282ae433fd,f50552a3029f27b43be4a74a78877897","logger":"cosmos.dbt.graph","filename":"graph.py","lineno":898}
{"timestamp":"2026-09-05T12:54:50.766866Z","level":"info","event":"Total nodes: 91","logger":"cosmos.dbt.graph","filename":"graph.py","lineno":799}
{"timestamp":"2026-09-05T12:54:50.766940Z","level":"info","event":"Total filtered nodes: 91","logger":"cosmos.dbt.graph","filename":"graph.py","lineno":800}
{"timestamp":"2026-09-05T12:54:50.767019Z","level":"info","event":"Cosmos performance (verdanta_daily__dbt_daily) - [993ed3b2f767|1755]: It took 0.15s to parse the dbt project for DAG using LoadMode.DBT_LS_CACHE","logger":"cosmos.converter","filename":"converter.py","lineno":371}
{"timestamp":"2026-09-05T12:54:50.840868Z","level":"info","event":"Cosmos performance (verdanta_daily__dbt_daily) - [993ed3b2f767|1755]: It took 0.0738s to build the Airflow DAG.","logger":"cosmos.converter","filename":"converter.py","lineno":423}
{"timestamp":"2026-09-05T12:54:50.841029Z","level":"info","event":"::endgroup::Cosmos DAG parsing logs","logger":"cosmos.converter","filename":"converter.py","lineno":430}
{"timestamp":"2026-09-05T12:54:50.841538Z","level":"warning","event":"Using Variable.get from `airflow.models` is deprecated.Please use `get` on Variable from sdk(`airflow.sdk.Variable`) instead","category":"UserWarning","filename":"/home/airflow/.local/lib/python3.13/site-packages/airflow/models/variable.py","lineno":158,"logger":"py.warnings"}
{"timestamp":"2026-09-05T12:55:20.990971Z","level":"info","event":"Filling up the DagBag from /opt/airflow/dags/verdanta_daily.py","logger":"airflow.dag_processing.dagbag.BundleDagBag","filename":"dagbag.py","lineno":469}
{"timestamp":"2026-09-05T12:55:21.085352Z","level":"info","event":"::group::Cosmos DAG parsing logs","logger":"cosmos.converter","filename":"converter.py","lineno":321}
{"timestamp":"2026-09-05T12:55:21.090543Z","level":"info","event":"Cosmos cache dir resolved to /tmp/cosmos/verdanta_daily__dbt_daily","logger":"cosmos.converter","filename":"converter.py","lineno":346}
{"timestamp":"2026-09-05T12:55:21.090858Z","level":"info","event":"Trying to parse the dbt project using dbt ls cache cosmos_cache__verdanta_daily__dbt_daily...","logger":"cosmos.dbt.graph","filename":"graph.py","lineno":869}
{"timestamp":"2026-09-05T12:55:21.242864Z","level":"info","event":"Cosmos performance: time to calculate cache identifier cosmos_cache__verdanta_daily__dbt_daily for current version: 0.13491637199990691","logger":"cosmos.cache","filename":"cache.py","lineno":401}
{"timestamp":"2026-09-05T12:55:21.243436Z","level":"info","event":"Cosmos performance [993ed3b2f767|1791]: The cache size for cosmos_cache__verdanta_daily__dbt_daily is 81420","logger":"cosmos.dbt.graph","filename":"graph.py","lineno":886}
{"timestamp":"2026-09-05T12:55:21.246567Z","level":"info","event":"Cosmos performance: Cache hit for cosmos_cache__verdanta_daily__dbt_daily - cec7d2b2130ad93ca8be26282ae433fd,f50552a3029f27b43be4a74a78877897","logger":"cosmos.dbt.graph","filename":"graph.py","lineno":898}
{"timestamp":"2026-09-05T12:55:21.246940Z","level":"info","event":"Total nodes: 91","logger":"cosmos.dbt.graph","filename":"graph.py","lineno":799}
{"timestamp":"2026-09-05T12:55:21.247015Z","level":"info","event":"Total filtered nodes: 91","logger":"cosmos.dbt.graph","filename":"graph.py","lineno":800}
{"timestamp":"2026-09-05T12:55:21.247088Z","level":"info","event":"Cosmos performance (verdanta_daily__dbt_daily) - [993ed3b2f767|1791]: It took 0.156s to parse the dbt project for DAG using LoadMode.DBT_LS_CACHE","logger":"cosmos.converter","filename":"converter.py","lineno":371}
{"timestamp":"2026-09-05T12:55:21.327288Z","level":"info","event":"Cosmos performance (verdanta_daily__dbt_daily) - [993ed3b2f767|1791]: It took 0.0801s to build the Airflow DAG.","logger":"cosmos.converter","filename":"converter.py","lineno":423}
{"timestamp":"2026-09-05T12:55:21.327491Z","level":"info","event":"::endgroup::Cosmos DAG parsing logs","logger":"cosmos.converter","filename":"converter.py","lineno":430}
{"timestamp":"2026-09-05T12:55:21.328404Z","level":"warning","event":"Using Variable.get from `airflow.models` is deprecated.Please use `get` on Variable from sdk(`airflow.sdk.Variable`) instead","category":"UserWarning","filename":"/home/airflow/.local/lib/python3.13/site-packages/airflow/models/variable.py","lineno":158,"logger":"py.warnings"}
{"timestamp":"2026-09-05T12:55:51.477993Z","level":"info","event":"Filling up the DagBag from /opt/airflow/dags/verdanta_daily.py","logger":"airflow.dag_processing.dagbag.BundleDagBag","filename":"dagbag.py","lineno":469}
{"timestamp":"2026-09-05T12:55:51.542636Z","level":"info","event":"::group::Cosmos DAG parsing logs","logger":"cosmos.converter","filename":"converter.py","lineno":321}
{"timestamp":"2026-09-05T12:55:51.546292Z","level":"info","event":"Cosmos cache dir resolved to /tmp/cosmos/verdanta_daily__dbt_daily","logger":"cosmos.converter","filename":"converter.py","lineno":346}
{"timestamp":"2026-09-05T12:55:51.546493Z","level":"info","event":"Trying to parse the dbt project using dbt ls cache cosmos_cache__verdanta_daily__dbt_daily...","logger":"cosmos.dbt.graph","filename":"graph.py","lineno":869}
{"timestamp":"2026-09-05T12:55:51.695176Z","level":"info","event":"Cosmos performance: time to calculate cache identifier cosmos_cache__verdanta_daily__dbt_daily for current version: 0.13253544999997757","logger":"cosmos.cache","filename":"cache.py","lineno":401}
{"timestamp":"2026-09-05T12:55:51.695407Z","level":"info","event":"Cosmos performance [993ed3b2f767|1827]: The cache size for cosmos_cache__verdanta_daily__dbt_daily is 81420","logger":"cosmos.dbt.graph","filename":"graph.py","lineno":886}
{"timestamp":"2026-09-05T12:55:51.697656Z","level":"info","event":"Cosmos performance: Cache hit for cosmos_cache__verdanta_daily__dbt_daily - cec7d2b2130ad93ca8be26282ae433fd,f50552a3029f27b43be4a74a78877897","logger":"cosmos.dbt.graph","filename":"graph.py","lineno":898}
{"timestamp":"2026-09-05T12:55:51.697908Z","level":"info","event":"Total nodes: 91","logger":"cosmos.dbt.graph","filename":"graph.py","lineno":799}
{"timestamp":"2026-09-05T12:55:51.697979Z","level":"info","event":"Total filtered nodes: 91","logger":"cosmos.dbt.graph","filename":"graph.py","lineno":800}
{"timestamp":"2026-09-05T12:55:51.698050Z","level":"info","event":"Cosmos performance (verdanta_daily__dbt_daily) - [993ed3b2f767|1827]: It took 0.152s to parse the dbt project for DAG using LoadMode.DBT_LS_CACHE","logger":"cosmos.converter","filename":"converter.py","lineno":371}
{"timestamp":"2026-09-05T12:55:51.774090Z","level":"info","event":"Cosmos performance (verdanta_daily__dbt_daily) - [993ed3b2f767|1827]: It took 0.076s to build the Airflow DAG.","logger":"cosmos.converter","filename":"converter.py","lineno":423}
{"timestamp":"2026-09-05T12:55:51.774257Z","level":"info","event":"::endgroup::Cosmos DAG parsing logs","logger":"cosmos.converter","filename":"converter.py","lineno":430}
{"timestamp":"2026-09-05T12:55:51.774927Z","level":"warning","event":"Using Variable.get from `airflow.models` is deprecated.Please use `get` on Variable from sdk(`airflow.sdk.Variable`) instead","category":"UserWarning","filename":"/home/airflow/.local/lib/python3.13/site-packages/airflow/models/variable.py","lineno":158,"logger":"py.warnings"}
{"timestamp":"2026-09-05T12:56:21.990415Z","level":"info","event":"Filling up the DagBag from /opt/airflow/dags/verdanta_daily.py","logger":"airflow.dag_processing.dagbag.BundleDagBag","filename":"dagbag.py","lineno":469}
{"timestamp":"2026-09-05T12:56:22.073962Z","level":"info","event":"::group::Cosmos DAG parsing logs","logger":"cosmos.converter","filename":"converter.py","lineno":321}
{"timestamp":"2026-09-05T12:56:22.077546Z","level":"info","event":"Cosmos cache dir resolved to /tmp/cosmos/verdanta_daily__dbt_daily","logger":"cosmos.converter","filename":"converter.py","lineno":346}
{"timestamp":"2026-09-05T12:56:22.077759Z","level":"info","event":"Trying to parse the dbt project using dbt ls cache cosmos_cache__verdanta_daily__dbt_daily...","logger":"cosmos.dbt.graph","filename":"graph.py","lineno":869}
{"timestamp":"2026-09-05T12:56:22.251153Z","level":"info","event":"Cosmos performance: time to calculate cache identifier cosmos_cache__verdanta_daily__dbt_daily for current version: 0.13733460499997818","logger":"cosmos.cache","filename":"cache.py","lineno":401}
{"timestamp":"2026-09-05T12:56:22.251374Z","level":"info","event":"Cosmos performance [993ed3b2f767|1863]: The cache size for cosmos_cache__verdanta_daily__dbt_daily is 81420","logger":"cosmos.dbt.graph","filename":"graph.py","lineno":886}
{"timestamp":"2026-09-05T12:56:22.254356Z","level":"info","event":"Cosmos performance: Cache hit for cosmos_cache__verdanta_daily__dbt_daily - cec7d2b2130ad93ca8be26282ae433fd,f50552a3029f27b43be4a74a78877897","logger":"cosmos.dbt.graph","filename":"graph.py","lineno":898}
{"timestamp":"2026-09-05T12:56:22.254589Z","level":"info","event":"Total nodes: 91","logger":"cosmos.dbt.graph","filename":"graph.py","lineno":799}
{"timestamp":"2026-09-05T12:56:22.254665Z","level":"info","event":"Total filtered nodes: 91","logger":"cosmos.dbt.graph","filename":"graph.py","lineno":800}
{"timestamp":"2026-09-05T12:56:22.254761Z","level":"info","event":"Cosmos performance (verdanta_daily__dbt_daily) - [993ed3b2f767|1863]: It took 0.177s to parse the dbt project for DAG using LoadMode.DBT_LS_CACHE","logger":"cosmos.converter","filename":"converter.py","lineno":371}
{"timestamp":"2026-09-05T12:56:22.328636Z","level":"info","event":"Cosmos performance (verdanta_daily__dbt_daily) - [993ed3b2f767|1863]: It took 0.0738s to build the Airflow DAG.","logger":"cosmos.converter","filename":"converter.py","lineno":423}
{"timestamp":"2026-09-05T12:56:22.328848Z","level":"info","event":"::endgroup::Cosmos DAG parsing logs","logger":"cosmos.converter","filename":"converter.py","lineno":430}
{"timestamp":"2026-09-05T12:56:22.329551Z","level":"warning","event":"Using Variable.get from `airflow.models` is deprecated.Please use `get` on Variable from sdk(`airflow.sdk.Variable`) instead","category":"UserWarning","filename":"/home/airflow/.local/lib/python3.13/site-packages/airflow/models/variable.py","lineno":158,"logger":"py.warnings"}
{"timestamp":"2026-09-05T12:56:52.496779Z","level":"info","event":"Filling up the DagBag from /opt/airflow/dags/verdanta_daily.py","logger":"airflow.dag_processing.dagbag.BundleDagBag","filename":"dagbag.py","lineno":469}
{"timestamp":"2026-09-05T12:56:52.583671Z","level":"info","event":"::group::Cosmos DAG parsing logs","logger":"cosmos.converter","filename":"converter.py","lineno":321}
{"timestamp":"2026-09-05T12:56:52.587562Z","level":"info","event":"Cosmos cache dir resolved to /tmp/cosmos/verdanta_daily__dbt_daily","logger":"cosmos.converter","filename":"converter.py","lineno":346}
{"timestamp":"2026-09-05T12:56:52.587818Z","level":"info","event":"Trying to parse the dbt project using dbt ls cache cosmos_cache__verdanta_daily__dbt_daily...","logger":"cosmos.dbt.graph","filename":"graph.py","lineno":869}
{"timestamp":"2026-09-05T12:56:52.777301Z","level":"info","event":"Cosmos performance: time to calculate cache identifier cosmos_cache__verdanta_daily__dbt_daily for current version: 0.17299641899990092","logger":"cosmos.cache","filename":"cache.py","lineno":401}
{"timestamp":"2026-09-05T12:56:52.777491Z","level":"info","event":"Cosmos performance [993ed3b2f767|1900]: The cache size for cosmos_cache__verdanta_daily__dbt_daily is 81420","logger":"cosmos.dbt.graph","filename":"graph.py","lineno":886}
{"timestamp":"2026-09-05T12:56:52.781864Z","level":"info","event":"Cosmos performance: Cache hit for cosmos_cache__verdanta_daily__dbt_daily - cec7d2b2130ad93ca8be26282ae433fd,f50552a3029f27b43be4a74a78877897","logger":"cosmos.dbt.graph","filename":"graph.py","lineno":898}
{"timestamp":"2026-09-05T12:56:52.782219Z","level":"info","event":"Total nodes: 91","logger":"cosmos.dbt.graph","filename":"graph.py","lineno":799}
{"timestamp":"2026-09-05T12:56:52.782354Z","level":"info","event":"Total filtered nodes: 91","logger":"cosmos.dbt.graph","filename":"graph.py","lineno":800}
{"timestamp":"2026-09-05T12:56:52.782480Z","level":"info","event":"Cosmos performance (verdanta_daily__dbt_daily) - [993ed3b2f767|1900]: It took 0.195s to parse the dbt project for DAG using LoadMode.DBT_LS_CACHE","logger":"cosmos.converter","filename":"converter.py","lineno":371}
{"timestamp":"2026-09-05T12:56:52.868966Z","level":"info","event":"Cosmos performance (verdanta_daily__dbt_daily) - [993ed3b2f767|1900]: It took 0.0864s to build the Airflow DAG.","logger":"cosmos.converter","filename":"converter.py","lineno":423}
{"timestamp":"2026-09-05T12:56:52.869127Z","level":"info","event":"::endgroup::Cosmos DAG parsing logs","logger":"cosmos.converter","filename":"converter.py","lineno":430}
{"timestamp":"2026-09-05T12:56:52.869734Z","level":"warning","event":"Using Variable.get from `airflow.models` is deprecated.Please use `get` on Variable from sdk(`airflow.sdk.Variable`) instead","category":"UserWarning","filename":"/home/airflow/.local/lib/python3.13/site-packages/airflow/models/variable.py","lineno":158,"logger":"py.warnings"}
{"timestamp":"2026-09-05T12:57:23.389478Z","level":"info","event":"Filling up the DagBag from /opt/airflow/dags/verdanta_daily.py","logger":"airflow.dag_processing.dagbag.BundleDagBag","filename":"dagbag.py","lineno":469}
{"timestamp":"2026-09-05T12:57:23.457785Z","level":"info","event":"::group::Cosmos DAG parsing logs","logger":"cosmos.converter","filename":"converter.py","lineno":321}
{"timestamp":"2026-09-05T12:57:23.462096Z","level":"info","event":"Cosmos cache dir resolved to /tmp/cosmos/verdanta_daily__dbt_daily","logger":"cosmos.converter","filename":"converter.py","lineno":346}
{"timestamp":"2026-09-05T12:57:23.462318Z","level":"info","event":"Trying to parse the dbt project using dbt ls cache cosmos_cache__verdanta_daily__dbt_daily...","logger":"cosmos.dbt.graph","filename":"graph.py","lineno":869}
{"timestamp":"2026-09-05T12:57:23.609551Z","level":"info","event":"Cosmos performance: time to calculate cache identifier cosmos_cache__verdanta_daily__dbt_daily for current version: 0.13172858100006124","logger":"cosmos.cache","filename":"cache.py","lineno":401}
{"timestamp":"2026-09-05T12:57:23.609761Z","level":"info","event":"Cosmos performance [993ed3b2f767|1917]: The cache size for cosmos_cache__verdanta_daily__dbt_daily is 81420","logger":"cosmos.dbt.graph","filename":"graph.py","lineno":886}
{"timestamp":"2026-09-05T12:57:23.611979Z","level":"info","event":"Cosmos performance: Cache hit for cosmos_cache__verdanta_daily__dbt_daily - cec7d2b2130ad93ca8be26282ae433fd,f50552a3029f27b43be4a74a78877897","logger":"cosmos.dbt.graph","filename":"graph.py","lineno":898}
{"timestamp":"2026-09-05T12:57:23.612161Z","level":"info","event":"Total nodes: 91","logger":"cosmos.dbt.graph","filename":"graph.py","lineno":799}
{"timestamp":"2026-09-05T12:57:23.612222Z","level":"info","event":"Total filtered nodes: 91","logger":"cosmos.dbt.graph","filename":"graph.py","lineno":800}
{"timestamp":"2026-09-05T12:57:23.612297Z","level":"info","event":"Cosmos performance (verdanta_daily__dbt_daily) - [993ed3b2f767|1917]: It took 0.15s to parse the dbt project for DAG using LoadMode.DBT_LS_CACHE","logger":"cosmos.converter","filename":"converter.py","lineno":371}
{"timestamp":"2026-09-05T12:57:23.687257Z","level":"info","event":"Cosmos performance (verdanta_daily__dbt_daily) - [993ed3b2f767|1917]: It took 0.0749s to build the Airflow DAG.","logger":"cosmos.converter","filename":"converter.py","lineno":423}
{"timestamp":"2026-09-05T12:57:23.687466Z","level":"info","event":"::endgroup::Cosmos DAG parsing logs","logger":"cosmos.converter","filename":"converter.py","lineno":430}
{"timestamp":"2026-09-05T12:57:23.688171Z","level":"warning","event":"Using Variable.get from `airflow.models` is deprecated.Please use `get` on Variable from sdk(`airflow.sdk.Variable`) instead","category":"UserWarning","filename":"/home/airflow/.local/lib/python3.13/site-packages/airflow/models/variable.py","lineno":158,"logger":"py.warnings"}
{"timestamp":"2026-09-05T12:57:54.430368Z","level":"info","event":"Filling up the DagBag from /opt/airflow/dags/verdanta_daily.py","logger":"airflow.dag_processing.dagbag.BundleDagBag","filename":"dagbag.py","lineno":469}
{"timestamp":"2026-09-05T12:57:54.510545Z","level":"info","event":"::group::Cosmos DAG parsing logs","logger":"cosmos.converter","filename":"converter.py","lineno":321}
{"timestamp":"2026-09-05T12:57:54.520840Z","level":"info","event":"Cosmos cache dir resolved to /tmp/cosmos/verdanta_daily__dbt_daily","logger":"cosmos.converter","filename":"converter.py","lineno":346}
{"timestamp":"2026-09-05T12:57:54.521098Z","level":"info","event":"Trying to parse the dbt project using dbt ls cache cosmos_cache__verdanta_daily__dbt_daily...","logger":"cosmos.dbt.graph","filename":"graph.py","lineno":869}
{"timestamp":"2026-09-05T12:57:54.679501Z","level":"info","event":"Cosmos performance: time to calculate cache identifier cosmos_cache__verdanta_daily__dbt_daily for current version: 0.1402159550000306","logger":"cosmos.cache","filename":"cache.py","lineno":401}
{"timestamp":"2026-09-05T12:57:54.679752Z","level":"info","event":"Cosmos performance [993ed3b2f767|1948]: The cache size for cosmos_cache__verdanta_daily__dbt_daily is 81420","logger":"cosmos.dbt.graph","filename":"graph.py","lineno":886}
{"timestamp":"2026-09-05T12:57:54.682817Z","level":"info","event":"Cosmos performance: Cache hit for cosmos_cache__verdanta_daily__dbt_daily - cec7d2b2130ad93ca8be26282ae433fd,f50552a3029f27b43be4a74a78877897","logger":"cosmos.dbt.graph","filename":"graph.py","lineno":898}
{"timestamp":"2026-09-05T12:57:54.683045Z","level":"info","event":"Total nodes: 91","logger":"cosmos.dbt.graph","filename":"graph.py","lineno":799}
{"timestamp":"2026-09-05T12:57:54.683156Z","level":"info","event":"Total filtered nodes: 91","logger":"cosmos.dbt.graph","filename":"graph.py","lineno":800}
{"timestamp":"2026-09-05T12:57:54.683233Z","level":"info","event":"Cosmos performance (verdanta_daily__dbt_daily) - [993ed3b2f767|1948]: It took 0.162s to parse the dbt project for DAG using LoadMode.DBT_LS_CACHE","logger":"cosmos.converter","filename":"converter.py","lineno":371}
{"timestamp":"2026-09-05T12:57:54.764422Z","level":"info","event":"Cosmos performance (verdanta_daily__dbt_daily) - [993ed3b2f767|1948]: It took 0.0811s to build the Airflow DAG.","logger":"cosmos.converter","filename":"converter.py","lineno":423}
{"timestamp":"2026-09-05T12:57:54.764547Z","level":"info","event":"::endgroup::Cosmos DAG parsing logs","logger":"cosmos.converter","filename":"converter.py","lineno":430}
{"timestamp":"2026-09-05T12:57:54.765213Z","level":"warning","event":"Using Variable.get from `airflow.models` is deprecated.Please use `get` on Variable from sdk(`airflow.sdk.Variable`) instead","category":"UserWarning","filename":"/home/airflow/.local/lib/python3.13/site-packages/airflow/models/variable.py","lineno":158,"logger":"py.warnings"}
{"timestamp":"2026-09-05T12:58:25.314808Z","level":"info","event":"Filling up the DagBag from /opt/airflow/dags/verdanta_daily.py","logger":"airflow.dag_processing.dagbag.BundleDagBag","filename":"dagbag.py","lineno":469}
{"timestamp":"2026-09-05T12:58:25.381507Z","level":"info","event":"::group::Cosmos DAG parsing logs","logger":"cosmos.converter","filename":"converter.py","lineno":321}
{"timestamp":"2026-09-05T12:58:25.385104Z","level":"info","event":"Cosmos cache dir resolved to /tmp/cosmos/verdanta_daily__dbt_daily","logger":"cosmos.converter","filename":"converter.py","lineno":346}
{"timestamp":"2026-09-05T12:58:25.385318Z","level":"info","event":"Trying to parse the dbt project using dbt ls cache cosmos_cache__verdanta_daily__dbt_daily...","logger":"cosmos.dbt.graph","filename":"graph.py","lineno":869}
{"timestamp":"2026-09-05T12:58:25.535526Z","level":"info","event":"Cosmos performance: time to calculate cache identifier cosmos_cache__verdanta_daily__dbt_daily for current version: 0.13129201999981888","logger":"cosmos.cache","filename":"cache.py","lineno":401}
{"timestamp":"2026-09-05T12:58:25.535765Z","level":"info","event":"Cosmos performance [993ed3b2f767|1977]: The cache size for cosmos_cache__verdanta_daily__dbt_daily is 81420","logger":"cosmos.dbt.graph","filename":"graph.py","lineno":886}
{"timestamp":"2026-09-05T12:58:25.537892Z","level":"info","event":"Cosmos performance: Cache hit for cosmos_cache__verdanta_daily__dbt_daily - cec7d2b2130ad93ca8be26282ae433fd,f50552a3029f27b43be4a74a78877897","logger":"cosmos.dbt.graph","filename":"graph.py","lineno":898}
{"timestamp":"2026-09-05T12:58:25.538095Z","level":"info","event":"Total nodes: 91","logger":"cosmos.dbt.graph","filename":"graph.py","lineno":799}
{"timestamp":"2026-09-05T12:58:25.538157Z","level":"info","event":"Total filtered nodes: 91","logger":"cosmos.dbt.graph","filename":"graph.py","lineno":800}
{"timestamp":"2026-09-05T12:58:25.538225Z","level":"info","event":"Cosmos performance (verdanta_daily__dbt_daily) - [993ed3b2f767|1977]: It took 0.153s to parse the dbt project for DAG using LoadMode.DBT_LS_CACHE","logger":"cosmos.converter","filename":"converter.py","lineno":371}
{"timestamp":"2026-09-05T12:58:25.617155Z","level":"info","event":"Cosmos performance (verdanta_daily__dbt_daily) - [993ed3b2f767|1977]: It took 0.0789s to build the Airflow DAG.","logger":"cosmos.converter","filename":"converter.py","lineno":423}
{"timestamp":"2026-09-05T12:58:25.617284Z","level":"info","event":"::endgroup::Cosmos DAG parsing logs","logger":"cosmos.converter","filename":"converter.py","lineno":430}
{"timestamp":"2026-09-05T12:58:25.617917Z","level":"warning","event":"Using Variable.get from `airflow.models` is deprecated.Please use `get` on Variable from sdk(`airflow.sdk.Variable`) instead","category":"UserWarning","filename":"/home/airflow/.local/lib/python3.13/site-packages/airflow/models/variable.py","lineno":158,"logger":"py.warnings"}
{"timestamp":"2026-09-05T12:58:56.171902Z","level":"info","event":"Filling up the DagBag from /opt/airflow/dags/verdanta_daily.py","logger":"airflow.dag_processing.dagbag.BundleDagBag","filename":"dagbag.py","lineno":469}
{"timestamp":"2026-09-05T12:58:56.242485Z","level":"info","event":"::group::Cosmos DAG parsing logs","logger":"cosmos.converter","filename":"converter.py","lineno":321}
{"timestamp":"2026-09-05T12:58:56.248358Z","level":"info","event":"Cosmos cache dir resolved to /tmp/cosmos/verdanta_daily__dbt_daily","logger":"cosmos.converter","filename":"converter.py","lineno":346}
{"timestamp":"2026-09-05T12:58:56.248654Z","level":"info","event":"Trying to parse the dbt project using dbt ls cache cosmos_cache__verdanta_daily__dbt_daily...","logger":"cosmos.dbt.graph","filename":"graph.py","lineno":869}
{"timestamp":"2026-09-05T12:58:56.393183Z","level":"info","event":"Cosmos performance: time to calculate cache identifier cosmos_cache__verdanta_daily__dbt_daily for current version: 0.1271875289999116","logger":"cosmos.cache","filename":"cache.py","lineno":401}
{"timestamp":"2026-09-05T12:58:56.393477Z","level":"info","event":"Cosmos performance [993ed3b2f767|2013]: The cache size for cosmos_cache__verdanta_daily__dbt_daily is 81420","logger":"cosmos.dbt.graph","filename":"graph.py","lineno":886}
{"timestamp":"2026-09-05T12:58:56.395924Z","level":"info","event":"Cosmos performance: Cache hit for cosmos_cache__verdanta_daily__dbt_daily - cec7d2b2130ad93ca8be26282ae433fd,f50552a3029f27b43be4a74a78877897","logger":"cosmos.dbt.graph","filename":"graph.py","lineno":898}
{"timestamp":"2026-09-05T12:58:56.396120Z","level":"info","event":"Total nodes: 91","logger":"cosmos.dbt.graph","filename":"graph.py","lineno":799}
{"timestamp":"2026-09-05T12:58:56.396209Z","level":"info","event":"Total filtered nodes: 91","logger":"cosmos.dbt.graph","filename":"graph.py","lineno":800}
{"timestamp":"2026-09-05T12:58:56.396286Z","level":"info","event":"Cosmos performance (verdanta_daily__dbt_daily) - [993ed3b2f767|2013]: It took 0.148s to parse the dbt project for DAG using LoadMode.DBT_LS_CACHE","logger":"cosmos.converter","filename":"converter.py","lineno":371}
{"timestamp":"2026-09-05T12:58:56.468727Z","level":"info","event":"Cosmos performance (verdanta_daily__dbt_daily) - [993ed3b2f767|2013]: It took 0.0724s to build the Airflow DAG.","logger":"cosmos.converter","filename":"converter.py","lineno":423}
{"timestamp":"2026-09-05T12:58:56.468850Z","level":"info","event":"::endgroup::Cosmos DAG parsing logs","logger":"cosmos.converter","filename":"converter.py","lineno":430}
{"timestamp":"2026-09-05T12:58:56.469388Z","level":"warning","event":"Using Variable.get from `airflow.models` is deprecated.Please use `get` on Variable from sdk(`airflow.sdk.Variable`) instead","category":"UserWarning","filename":"/home/airflow/.local/lib/python3.13/site-packages/airflow/models/variable.py","lineno":158,"logger":"py.warnings"}
{"timestamp":"2026-09-05T12:59:26.970608Z","level":"info","event":"Filling up the DagBag from /opt/airflow/dags/verdanta_daily.py","logger":"airflow.dag_processing.dagbag.BundleDagBag","filename":"dagbag.py","lineno":469}
{"timestamp":"2026-09-05T12:59:27.045936Z","level":"info","event":"::group::Cosmos DAG parsing logs","logger":"cosmos.converter","filename":"converter.py","lineno":321}
{"timestamp":"2026-09-05T12:59:27.049933Z","level":"info","event":"Cosmos cache dir resolved to /tmp/cosmos/verdanta_daily__dbt_daily","logger":"cosmos.converter","filename":"converter.py","lineno":346}
{"timestamp":"2026-09-05T12:59:27.050134Z","level":"info","event":"Trying to parse the dbt project using dbt ls cache cosmos_cache__verdanta_daily__dbt_daily...","logger":"cosmos.dbt.graph","filename":"graph.py","lineno":869}
{"timestamp":"2026-09-05T12:59:27.197343Z","level":"info","event":"Cosmos performance: time to calculate cache identifier cosmos_cache__verdanta_daily__dbt_daily for current version: 0.13029721500015512","logger":"cosmos.cache","filename":"cache.py","lineno":401}
{"timestamp":"2026-09-05T12:59:27.197577Z","level":"info","event":"Cosmos performance [993ed3b2f767|2049]: The cache size for cosmos_cache__verdanta_daily__dbt_daily is 81420","logger":"cosmos.dbt.graph","filename":"graph.py","lineno":886}
{"timestamp":"2026-09-05T12:59:27.200964Z","level":"info","event":"Cosmos performance: Cache hit for cosmos_cache__verdanta_daily__dbt_daily - cec7d2b2130ad93ca8be26282ae433fd,f50552a3029f27b43be4a74a78877897","logger":"cosmos.dbt.graph","filename":"graph.py","lineno":898}
{"timestamp":"2026-09-05T12:59:27.201268Z","level":"info","event":"Total nodes: 91","logger":"cosmos.dbt.graph","filename":"graph.py","lineno":799}
{"timestamp":"2026-09-05T12:59:27.201351Z","level":"info","event":"Total filtered nodes: 91","logger":"cosmos.dbt.graph","filename":"graph.py","lineno":800}
{"timestamp":"2026-09-05T12:59:27.201436Z","level":"info","event":"Cosmos performance (verdanta_daily__dbt_daily) - [993ed3b2f767|2049]: It took 0.151s to parse the dbt project for DAG using LoadMode.DBT_LS_CACHE","logger":"cosmos.converter","filename":"converter.py","lineno":371}
{"timestamp":"2026-09-05T12:59:27.273674Z","level":"info","event":"Cosmos performance (verdanta_daily__dbt_daily) - [993ed3b2f767|2049]: It took 0.0722s to build the Airflow DAG.","logger":"cosmos.converter","filename":"converter.py","lineno":423}
{"timestamp":"2026-09-05T12:59:27.273791Z","level":"info","event":"::endgroup::Cosmos DAG parsing logs","logger":"cosmos.converter","filename":"converter.py","lineno":430}
{"timestamp":"2026-09-05T12:59:27.274256Z","level":"warning","event":"Using Variable.get from `airflow.models` is deprecated.Please use `get` on Variable from sdk(`airflow.sdk.Variable`) instead","category":"UserWarning","filename":"/home/airflow/.local/lib/python3.13/site-packages/airflow/models/variable.py","lineno":158,"logger":"py.warnings"}
{"timestamp":"2026-09-05T12:59:57.803954Z","level":"info","event":"Filling up the DagBag from /opt/airflow/dags/verdanta_daily.py","logger":"airflow.dag_processing.dagbag.BundleDagBag","filename":"dagbag.py","lineno":469}
{"timestamp":"2026-09-05T12:59:57.874923Z","level":"info","event":"::group::Cosmos DAG parsing logs","logger":"cosmos.converter","filename":"converter.py","lineno":321}
{"timestamp":"2026-09-05T12:59:57.879266Z","level":"info","event":"Cosmos cache dir resolved to /tmp/cosmos/verdanta_daily__dbt_daily","logger":"cosmos.converter","filename":"converter.py","lineno":346}
{"timestamp":"2026-09-05T12:59:57.879465Z","level":"info","event":"Trying to parse the dbt project using dbt ls cache cosmos_cache__verdanta_daily__dbt_daily...","logger":"cosmos.dbt.graph","filename":"graph.py","lineno":869}
{"timestamp":"2026-09-05T12:59:58.021545Z","level":"info","event":"Cosmos performance: time to calculate cache identifier cosmos_cache__verdanta_daily__dbt_daily for current version: 0.12707959899989874","logger":"cosmos.cache","filename":"cache.py","lineno":401}
{"timestamp":"2026-09-05T12:59:58.021756Z","level":"info","event":"Cosmos performance [993ed3b2f767|2084]: The cache size for cosmos_cache__verdanta_daily__dbt_daily is 81420","logger":"cosmos.dbt.graph","filename":"graph.py","lineno":886}
{"timestamp":"2026-09-05T12:59:58.024565Z","level":"info","event":"Cosmos performance: Cache hit for cosmos_cache__verdanta_daily__dbt_daily - cec7d2b2130ad93ca8be26282ae433fd,f50552a3029f27b43be4a74a78877897","logger":"cosmos.dbt.graph","filename":"graph.py","lineno":898}
{"timestamp":"2026-09-05T12:59:58.024785Z","level":"info","event":"Total nodes: 91","logger":"cosmos.dbt.graph","filename":"graph.py","lineno":799}
{"timestamp":"2026-09-05T12:59:58.024857Z","level":"info","event":"Total filtered nodes: 91","logger":"cosmos.dbt.graph","filename":"graph.py","lineno":800}
{"timestamp":"2026-09-05T12:59:58.024924Z","level":"info","event":"Cosmos performance (verdanta_daily__dbt_daily) - [993ed3b2f767|2084]: It took 0.146s to parse the dbt project for DAG using LoadMode.DBT_LS_CACHE","logger":"cosmos.converter","filename":"converter.py","lineno":371}
{"timestamp":"2026-09-05T12:59:58.097275Z","level":"info","event":"Cosmos performance (verdanta_daily__dbt_daily) - [993ed3b2f767|2084]: It took 0.0723s to build the Airflow DAG.","logger":"cosmos.converter","filename":"converter.py","lineno":423}
{"timestamp":"2026-09-05T12:59:58.097446Z","level":"info","event":"::endgroup::Cosmos DAG parsing logs","logger":"cosmos.converter","filename":"converter.py","lineno":430}
{"timestamp":"2026-09-05T12:59:58.098028Z","level":"warning","event":"Using Variable.get from `airflow.models` is deprecated.Please use `get` on Variable from sdk(`airflow.sdk.Variable`) instead","category":"UserWarning","filename":"/home/airflow/.local/lib/python3.13/site-packages/airflow/models/variable.py","lineno":158,"logger":"py.warnings"}
{"timestamp":"2026-09-05T13:00:29.049360Z","level":"info","event":"Filling up the DagBag from /opt/airflow/dags/verdanta_daily.py","logger":"airflow.dag_processing.dagbag.BundleDagBag","filename":"dagbag.py","lineno":469}
{"timestamp":"2026-09-05T13:00:29.115496Z","level":"info","event":"::group::Cosmos DAG parsing logs","logger":"cosmos.converter","filename":"converter.py","lineno":321}
{"timestamp":"2026-09-05T13:00:29.119105Z","level":"info","event":"Cosmos cache dir resolved to /tmp/cosmos/verdanta_daily__dbt_daily","logger":"cosmos.converter","filename":"converter.py","lineno":346}
{"timestamp":"2026-09-05T13:00:29.119358Z","level":"info","event":"Trying to parse the dbt project using dbt ls cache cosmos_cache__verdanta_daily__dbt_daily...","logger":"cosmos.dbt.graph","filename":"graph.py","lineno":869}
{"timestamp":"2026-09-05T13:00:29.264263Z","level":"info","event":"Cosmos performance: time to calculate cache identifier cosmos_cache__verdanta_daily__dbt_daily for current version: 0.1284878880001088","logger":"cosmos.cache","filename":"cache.py","lineno":401}
{"timestamp":"2026-09-05T13:00:29.264444Z","level":"info","event":"Cosmos performance [993ed3b2f767|2100]: The cache size for cosmos_cache__verdanta_daily__dbt_daily is 81420","logger":"cosmos.dbt.graph","filename":"graph.py","lineno":886}
{"timestamp":"2026-09-05T13:00:29.267009Z","level":"info","event":"Cosmos performance: Cache hit for cosmos_cache__verdanta_daily__dbt_daily - cec7d2b2130ad93ca8be26282ae433fd,f50552a3029f27b43be4a74a78877897","logger":"cosmos.dbt.graph","filename":"graph.py","lineno":898}
{"timestamp":"2026-09-05T13:00:29.267191Z","level":"info","event":"Total nodes: 91","logger":"cosmos.dbt.graph","filename":"graph.py","lineno":799}
{"timestamp":"2026-09-05T13:00:29.267284Z","level":"info","event":"Total filtered nodes: 91","logger":"cosmos.dbt.graph","filename":"graph.py","lineno":800}
{"timestamp":"2026-09-05T13:00:29.267357Z","level":"info","event":"Cosmos performance (verdanta_daily__dbt_daily) - [993ed3b2f767|2100]: It took 0.148s to parse the dbt project for DAG using LoadMode.DBT_LS_CACHE","logger":"cosmos.converter","filename":"converter.py","lineno":371}
{"timestamp":"2026-09-05T13:00:29.339889Z","level":"info","event":"Cosmos performance (verdanta_daily__dbt_daily) - [993ed3b2f767|2100]: It took 0.0725s to build the Airflow DAG.","logger":"cosmos.converter","filename":"converter.py","lineno":423}
{"timestamp":"2026-09-05T13:00:29.340051Z","level":"info","event":"::endgroup::Cosmos DAG parsing logs","logger":"cosmos.converter","filename":"converter.py","lineno":430}
{"timestamp":"2026-09-05T13:00:29.340809Z","level":"warning","event":"Using Variable.get from `airflow.models` is deprecated.Please use `get` on Variable from sdk(`airflow.sdk.Variable`) instead","category":"UserWarning","filename":"/home/airflow/.local/lib/python3.13/site-packages/airflow/models/variable.py","lineno":158,"logger":"py.warnings"}
{"timestamp":"2026-09-05T13:00:59.448088Z","level":"info","event":"Filling up the DagBag from /opt/airflow/dags/verdanta_daily.py","logger":"airflow.dag_processing.dagbag.BundleDagBag","filename":"dagbag.py","lineno":469}
{"timestamp":"2026-09-05T13:00:59.511741Z","level":"info","event":"::group::Cosmos DAG parsing logs","logger":"cosmos.converter","filename":"converter.py","lineno":321}
{"timestamp":"2026-09-05T13:00:59.514944Z","level":"info","event":"Cosmos cache dir resolved to /tmp/cosmos/verdanta_daily__dbt_daily","logger":"cosmos.converter","filename":"converter.py","lineno":346}
{"timestamp":"2026-09-05T13:00:59.515178Z","level":"info","event":"Trying to parse the dbt project using dbt ls cache cosmos_cache__verdanta_daily__dbt_daily...","logger":"cosmos.dbt.graph","filename":"graph.py","lineno":869}
{"timestamp":"2026-09-05T13:00:59.660111Z","level":"info","event":"Cosmos performance: time to calculate cache identifier cosmos_cache__verdanta_daily__dbt_daily for current version: 0.12741810800025632","logger":"cosmos.cache","filename":"cache.py","lineno":401}
{"timestamp":"2026-09-05T13:00:59.660378Z","level":"info","event":"Cosmos performance [993ed3b2f767|2135]: The cache size for cosmos_cache__verdanta_daily__dbt_daily is 81420","logger":"cosmos.dbt.graph","filename":"graph.py","lineno":886}
{"timestamp":"2026-09-05T13:00:59.663081Z","level":"info","event":"Cosmos performance: Cache hit for cosmos_cache__verdanta_daily__dbt_daily - cec7d2b2130ad93ca8be26282ae433fd,f50552a3029f27b43be4a74a78877897","logger":"cosmos.dbt.graph","filename":"graph.py","lineno":898}
{"timestamp":"2026-09-05T13:00:59.663258Z","level":"info","event":"Total nodes: 91","logger":"cosmos.dbt.graph","filename":"graph.py","lineno":799}
{"timestamp":"2026-09-05T13:00:59.663333Z","level":"info","event":"Total filtered nodes: 91","logger":"cosmos.dbt.graph","filename":"graph.py","lineno":800}
{"timestamp":"2026-09-05T13:00:59.663399Z","level":"info","event":"Cosmos performance (verdanta_daily__dbt_daily) - [993ed3b2f767|2135]: It took 0.148s to parse the dbt project for DAG using LoadMode.DBT_LS_CACHE","logger":"cosmos.converter","filename":"converter.py","lineno":371}
{"timestamp":"2026-09-05T13:00:59.734011Z","level":"info","event":"Cosmos performance (verdanta_daily__dbt_daily) - [993ed3b2f767|2135]: It took 0.0706s to build the Airflow DAG.","logger":"cosmos.converter","filename":"converter.py","lineno":423}
{"timestamp":"2026-09-05T13:00:59.734171Z","level":"info","event":"::endgroup::Cosmos DAG parsing logs","logger":"cosmos.converter","filename":"converter.py","lineno":430}
{"timestamp":"2026-09-05T13:00:59.734647Z","level":"warning","event":"Using Variable.get from `airflow.models` is deprecated.Please use `get` on Variable from sdk(`airflow.sdk.Variable`) instead","category":"UserWarning","filename":"/home/airflow/.local/lib/python3.13/site-packages/airflow/models/variable.py","lineno":158,"logger":"py.warnings"}
{"timestamp":"2026-09-05T13:01:30.583229Z","level":"info","event":"Filling up the DagBag from /opt/airflow/dags/verdanta_daily.py","logger":"airflow.dag_processing.dagbag.BundleDagBag","filename":"dagbag.py","lineno":469}
{"timestamp":"2026-09-05T13:01:30.662292Z","level":"info","event":"::group::Cosmos DAG parsing logs","logger":"cosmos.converter","filename":"converter.py","lineno":321}
{"timestamp":"2026-09-05T13:01:30.666893Z","level":"info","event":"Cosmos cache dir resolved to /tmp/cosmos/verdanta_daily__dbt_daily","logger":"cosmos.converter","filename":"converter.py","lineno":346}
{"timestamp":"2026-09-05T13:01:30.667178Z","level":"info","event":"Trying to parse the dbt project using dbt ls cache cosmos_cache__verdanta_daily__dbt_daily...","logger":"cosmos.dbt.graph","filename":"graph.py","lineno":869}
{"timestamp":"2026-09-05T13:01:30.830360Z","level":"info","event":"Cosmos performance: time to calculate cache identifier cosmos_cache__verdanta_daily__dbt_daily for current version: 0.14345798100021057","logger":"cosmos.cache","filename":"cache.py","lineno":401}
{"timestamp":"2026-09-05T13:01:30.830583Z","level":"info","event":"Cosmos performance [993ed3b2f767|2171]: The cache size for cosmos_cache__verdanta_daily__dbt_daily is 81420","logger":"cosmos.dbt.graph","filename":"graph.py","lineno":886}
{"timestamp":"2026-09-05T13:01:30.833566Z","level":"info","event":"Cosmos performance: Cache hit for cosmos_cache__verdanta_daily__dbt_daily - cec7d2b2130ad93ca8be26282ae433fd,f50552a3029f27b43be4a74a78877897","logger":"cosmos.dbt.graph","filename":"graph.py","lineno":898}
{"timestamp":"2026-09-05T13:01:30.833815Z","level":"info","event":"Total nodes: 91","logger":"cosmos.dbt.graph","filename":"graph.py","lineno":799}
{"timestamp":"2026-09-05T13:01:30.833887Z","level":"info","event":"Total filtered nodes: 91","logger":"cosmos.dbt.graph","filename":"graph.py","lineno":800}
{"timestamp":"2026-09-05T13:01:30.833956Z","level":"info","event":"Cosmos performance (verdanta_daily__dbt_daily) - [993ed3b2f767|2171]: It took 0.167s to parse the dbt project for DAG using LoadMode.DBT_LS_CACHE","logger":"cosmos.converter","filename":"converter.py","lineno":371}
{"timestamp":"2026-09-05T13:01:30.912658Z","level":"info","event":"Cosmos performance (verdanta_daily__dbt_daily) - [993ed3b2f767|2171]: It took 0.0786s to build the Airflow DAG.","logger":"cosmos.converter","filename":"converter.py","lineno":423}
{"timestamp":"2026-09-05T13:01:30.912868Z","level":"info","event":"::endgroup::Cosmos DAG parsing logs","logger":"cosmos.converter","filename":"converter.py","lineno":430}
{"timestamp":"2026-09-05T13:01:30.913848Z","level":"warning","event":"Using Variable.get from `airflow.models` is deprecated.Please use `get` on Variable from sdk(`airflow.sdk.Variable`) instead","category":"UserWarning","filename":"/home/airflow/.local/lib/python3.13/site-packages/airflow/models/variable.py","lineno":158,"logger":"py.warnings"}
