{"timestamp":"2026-09-05T12:26:28.637031Z","level":"info","event":"Filling up the DagBag from /opt/airflow/dags/verdanta_stores.py","logger":"airflow.dag_processing.dagbag.BundleDagBag","filename":"dagbag.py","lineno":469}
{"timestamp":"2026-09-05T12:26:31.874036Z","level":"warning","event":"Skipping masking for a secret as it's too short (<5 chars)","logger":"airflow.sdk._shared.secrets_masker.secrets_masker","filename":"secrets_masker.py","lineno":577}
{"timestamp":"2026-09-05T12:26:31.891557Z","level":"info","event":"::group::Cosmos DAG parsing logs","logger":"cosmos.converter","filename":"converter.py","lineno":321}
{"timestamp":"2026-09-05T12:26:31.898516Z","level":"info","event":"Cosmos cache dir resolved to /tmp/cosmos/verdanta_stores__dbt_sources","logger":"cosmos.converter","filename":"converter.py","lineno":346}
{"timestamp":"2026-09-05T12:26:31.898772Z","level":"info","event":"Trying to parse the dbt project using dbt ls cache cosmos_cache__verdanta_stores__dbt_sources...","logger":"cosmos.dbt.graph","filename":"graph.py","lineno":869}
{"timestamp":"2026-09-05T12:26:32.102139Z","level":"info","event":"Cosmos performance: time to calculate cache identifier cosmos_cache__verdanta_stores__dbt_sources for current version: 0.16846762000000126","logger":"cosmos.cache","filename":"cache.py","lineno":401}
{"timestamp":"2026-09-05T12:26:32.102354Z","level":"info","event":"Cosmos performance: Cache miss for cosmos_cache__verdanta_stores__dbt_sources - skipped","logger":"cosmos.dbt.graph","filename":"graph.py","lineno":900}
{"timestamp":"2026-09-05T12:26:32.102569Z","level":"info","event":"Trying to parse the dbt project in `/opt/airflow/dbt/verdanta_project` using dbt ls...","logger":"cosmos.dbt.graph","filename":"graph.py","lineno":983}
{"timestamp":"2026-09-05T12:26:32.121195Z","level":"info","event":"Partial parse is enabled and the latest partial parse file is /opt/airflow/dbt/verdanta_project/target/partial_parse.msgpack","logger":"cosmos.dbt.graph","filename":"graph.py","lineno":1002}
{"timestamp":"2026-09-05T12:26:32.205349Z","level":"info","event":"Profile caching is enable.","logger":"cosmos.config","filename":"config.py","lineno":399}
{"timestamp":"2026-09-05T12:26:32.206654Z","level":"info","event":"Using mock values for profile verdanta_project","logger":"cosmos.profiles.base","filename":"base.py","lineno":256}
{"timestamp":"2026-09-05T12:26:32.208840Z","level":"info","event":"Profile not found in cache storing and using profile: /tmp/cosmos/profile/88b0aa12559803c5b3e8b5b0cefa363d35d21cc93574699baf5727c52eda1f13/profiles.yml.","logger":"cosmos.config","filename":"config.py","lineno":386}
{"timestamp":"2026-09-05T12:26:34.779402Z","level":"info","event":"Running command with dbt Runner: `/home/airflow/.local/bin/dbt deps --project-dir /tmp/tmphn1m8l4m --profiles-dir /tmp/cosmos/profile/88b0aa12559803c5b3e8b5b0cefa363d35d21cc93574699baf5727c52eda1f13 --profile verdanta_project --target dev`","logger":"cosmos.dbt.graph","filename":"graph.py","lineno":361}
{"timestamp":"2026-09-05T12:26:34.779875Z","level":"info","event":"Trying to run dbtRunner with:\n ['deps', '--project-dir', '/tmp/tmphn1m8l4m', '--profiles-dir', '/tmp/cosmos/profile/88b0aa12559803c5b3e8b5b0cefa363d35d21cc93574699baf5727c52eda1f13', '--profile', 'verdanta_project', '--target', 'dev']\n in /tmp/tmphn1m8l4m","logger":"cosmos.dbt.runner","filename":"runner.py","lineno":95}
{"timestamp":"2026-09-05T12:26:34.934802Z","level":"info","event":"\u001b[0m12:26:34  Running with dbt=1.12.0","logger":"task.stdout"}
{"timestamp":"2026-09-05T12:26:35.544009Z","level":"info","event":"\u001b[0m12:26:35  Installing dbt-labs/dbt_utils","logger":"task.stdout"}
{"timestamp":"2026-09-05T12:26:36.058107Z","level":"info","event":"\u001b[0m12:26:36  Installed from version 1.4.1","logger":"task.stdout"}
{"timestamp":"2026-09-05T12:26:36.067432Z","level":"info","event":"\u001b[0m12:26:36  Up to date!","logger":"task.stdout"}
{"timestamp":"2026-09-05T12:26:36.713774Z","level":"info","event":"Running command with dbt Runner: `/home/airflow/.local/bin/dbt ls --output json --output-keys name unique_id resource_type depends_on original_file_path tags config freshness fqn --project-dir /tmp/tmphn1m8l4m --profiles-dir /tmp/cosmos/profile/88b0aa12559803c5b3e8b5b0cefa363d35d21cc93574699baf5727c52eda1f13 --profile verdanta_project --target dev --select stg_reference_stores+`","logger":"cosmos.dbt.graph","filename":"graph.py","lineno":361}
{"timestamp":"2026-09-05T12:26:36.714093Z","level":"info","event":"Trying to run dbtRunner with:\n ['ls', '--output', 'json', '--output-keys', 'name', 'unique_id', 'resource_type', 'depends_on', 'original_file_path', 'tags', 'config', 'freshness', 'fqn', '--project-dir', '/tmp/tmphn1m8l4m', '--profiles-dir', '/tmp/cosmos/profile/88b0aa12559803c5b3e8b5b0cefa363d35d21cc93574699baf5727c52eda1f13', '--profile', 'verdanta_project', '--target', 'dev', '--select', 'stg_reference_stores+']\n in /tmp/tmphn1m8l4m","logger":"cosmos.dbt.runner","filename":"runner.py","lineno":95}
{"timestamp":"2026-09-05T12:26:36.724498Z","level":"info","event":"\u001b[0m12:26:36  Running with dbt=1.12.0","logger":"task.stdout"}
{"timestamp":"2026-09-05T12:26:41.314221Z","level":"info","event":"\u001b[0m12:26:41  Registered adapter: databricks=1.10.9","logger":"task.stdout"}
{"timestamp":"2026-09-05T12:26:41.975457Z","level":"info","event":"\u001b[0m12:26:41  Unable to do partial parsing because profile has changed","logger":"task.stdout"}
{"timestamp":"2026-09-05T12:26:47.228375Z","level":"info","event":"\u001b[0m12:26:47  [\u001b[33mWARNING\u001b[0m][MissingArgumentsPropertyInGenericTestDeprecation]: Deprecated","logger":"task.stdout"}
{"timestamp":"2026-09-05T12:26:47.228911Z","level":"info","event":"functionality","logger":"task.stdout"}
{"timestamp":"2026-09-05T12:26:47.229254Z","level":"info","event":"Found top-level arguments to test `relationships` defined on 'stg_erp__orders'","logger":"task.stdout"}
{"timestamp":"2026-09-05T12:26:47.229528Z","level":"info","event":"in package 'verdanta_project' (models/staging/properties.yml). Arguments to","logger":"task.stdout"}
{"timestamp":"2026-09-05T12:26:47.229781Z","level":"info","event":"generic tests should be nested under the `arguments` property.","logger":"task.stdout"}
{"timestamp":"2026-09-05T12:26:48.030749Z","level":"info","event":"\u001b[0m12:26:48  Found 22 models, 96 data tests, 3 seeds, 2 snapshots, 8 sources, 844 macros","logger":"task.stdout"}
{"timestamp":"2026-09-05T12:26:48.046764Z","level":"info","event":"\u001b[0m12:26:48  [\u001b[33mWARNING\u001b[0m]: The selection criterion 'stg_reference_stores+' does not match any enabled nodes","logger":"task.stdout"}
{"timestamp":"2026-09-05T12:26:48.047073Z","level":"info","event":"\u001b[0m12:26:48  [\u001b[33mWARNING\u001b[0m]: No nodes selected!","logger":"task.stdout"}
{"timestamp":"2026-09-05T12:26:48.047311Z","level":"info","event":"\u001b[0m12:26:48  [\u001b[33mWARNING\u001b[0m][DeprecationsSummary]: Deprecated functionality","logger":"task.stdout"}
{"timestamp":"2026-09-05T12:26:48.047558Z","level":"info","event":"Summary of encountered deprecations:","logger":"task.stdout"}
{"timestamp":"2026-09-05T12:26:48.047805Z","level":"info","event":"- MissingArgumentsPropertyInGenericTestDeprecation: 9 occurrences","logger":"task.stdout"}
{"timestamp":"2026-09-05T12:26:48.048049Z","level":"info","event":"To see all deprecation instances instead of just the first occurrence of each,","logger":"task.stdout"}
{"timestamp":"2026-09-05T12:26:48.048298Z","level":"info","event":"run command again with the `--show-all-deprecations` flag. You may also need to","logger":"task.stdout"}
{"timestamp":"2026-09-05T12:26:48.048554Z","level":"info","event":"run with `--no-partial-parse` as some deprecations are only encountered during","logger":"task.stdout"}
{"timestamp":"2026-09-05T12:26:48.048796Z","level":"info","event":"parsing.","logger":"task.stdout"}
{"timestamp":"2026-09-05T12:26:48.981605Z","level":"info","event":"Cosmos performance: time to calculate cache identifier cosmos_cache__verdanta_stores__dbt_sources for current version: 0.16464580199999546","logger":"cosmos.cache","filename":"cache.py","lineno":401}
{"timestamp":"2026-09-05T12:26:49.028310Z","level":"info","event":"Total nodes: 0","logger":"cosmos.dbt.graph","filename":"graph.py","lineno":799}
{"timestamp":"2026-09-05T12:26:49.028505Z","level":"info","event":"Total filtered nodes: 0","logger":"cosmos.dbt.graph","filename":"graph.py","lineno":800}
{"timestamp":"2026-09-05T12:26:49.028611Z","level":"info","event":"Cosmos performance (verdanta_stores__dbt_sources) - [993ed3b2f767|24]: It took 17.1s to parse the dbt project for DAG using LoadMode.DBT_LS","logger":"cosmos.converter","filename":"converter.py","lineno":371}
{"timestamp":"2026-09-05T12:26:49.031106Z","level":"info","event":"Cosmos performance (verdanta_stores__dbt_sources) - [993ed3b2f767|24]: It took 0.00248s to build the Airflow DAG.","logger":"cosmos.converter","filename":"converter.py","lineno":423}
{"timestamp":"2026-09-05T12:26:49.031198Z","level":"info","event":"::endgroup::Cosmos DAG parsing logs","logger":"cosmos.converter","filename":"converter.py","lineno":430}
{"timestamp":"2026-09-05T12:26:49.032198Z","level":"warning","event":"Using Variable.get from `airflow.models` is deprecated.Please use `get` on Variable from sdk(`airflow.sdk.Variable`) instead","category":"UserWarning","filename":"/home/airflow/.local/lib/python3.13/site-packages/airflow/models/variable.py","lineno":158,"logger":"py.warnings"}
{"timestamp":"2026-09-05T12:26:49.032324Z","level":"warning","event":"Valid config keys have changed in V2:\n* 'allow_population_by_field_name' has been renamed to 'validate_by_name'","category":"UserWarning","filename":"/home/airflow/.local/lib/python3.13/site-packages/pydantic/_internal/_config.py","lineno":383,"logger":"py.warnings"}
{"timestamp":"2026-09-05T12:26:49.032390Z","level":"warning","event":"Using Variable.set from `airflow.models` is deprecated.Please use `set` on Variable from sdk(`airflow.sdk.Variable`) instead","category":"UserWarning","filename":"/home/airflow/.local/lib/python3.13/site-packages/airflow/models/variable.py","lineno":218,"logger":"py.warnings"}
{"timestamp":"2026-09-05T12:27:19.265060Z","level":"info","event":"Filling up the DagBag from /opt/airflow/dags/verdanta_stores.py","logger":"airflow.dag_processing.dagbag.BundleDagBag","filename":"dagbag.py","lineno":469}
{"timestamp":"2026-09-05T12:27:19.333098Z","level":"info","event":"::group::Cosmos DAG parsing logs","logger":"cosmos.converter","filename":"converter.py","lineno":321}
{"timestamp":"2026-09-05T12:27:19.336327Z","level":"info","event":"Cosmos cache dir resolved to /tmp/cosmos/verdanta_stores__dbt_sources","logger":"cosmos.converter","filename":"converter.py","lineno":346}
{"timestamp":"2026-09-05T12:27:19.336611Z","level":"info","event":"Trying to parse the dbt project using dbt ls cache cosmos_cache__verdanta_stores__dbt_sources...","logger":"cosmos.dbt.graph","filename":"graph.py","lineno":869}
{"timestamp":"2026-09-05T12:27:19.479519Z","level":"info","event":"Cosmos performance: time to calculate cache identifier cosmos_cache__verdanta_stores__dbt_sources for current version: 0.12613775200000532","logger":"cosmos.cache","filename":"cache.py","lineno":401}
{"timestamp":"2026-09-05T12:27:19.479719Z","level":"info","event":"Cosmos performance: Cache miss for cosmos_cache__verdanta_stores__dbt_sources - skipped","logger":"cosmos.dbt.graph","filename":"graph.py","lineno":900}
{"timestamp":"2026-09-05T12:27:19.479879Z","level":"info","event":"Trying to parse the dbt project in `/opt/airflow/dbt/verdanta_project` using dbt ls...","logger":"cosmos.dbt.graph","filename":"graph.py","lineno":983}
{"timestamp":"2026-09-05T12:27:19.494027Z","level":"info","event":"Partial parse is enabled and the latest partial parse file is /tmp/cosmos/verdanta_stores__dbt_sources/target/partial_parse.msgpack","logger":"cosmos.dbt.graph","filename":"graph.py","lineno":1002}
{"timestamp":"2026-09-05T12:27:19.523723Z","level":"info","event":"Profile caching is enable.","logger":"cosmos.config","filename":"config.py","lineno":399}
{"timestamp":"2026-09-05T12:27:19.524087Z","level":"info","event":"Profile found in cache using profile: /tmp/cosmos/profile/88b0aa12559803c5b3e8b5b0cefa363d35d21cc93574699baf5727c52eda1f13/profiles.yml.","logger":"cosmos.config","filename":"config.py","lineno":379}
{"timestamp":"2026-09-05T12:27:21.068896Z","level":"info","event":"Running command with dbt Runner: `/home/airflow/.local/bin/dbt deps --project-dir /tmp/tmp2w_anckp --profiles-dir /tmp/cosmos/profile/88b0aa12559803c5b3e8b5b0cefa363d35d21cc93574699baf5727c52eda1f13 --profile verdanta_project --target dev`","logger":"cosmos.dbt.graph","filename":"graph.py","lineno":361}
{"timestamp":"2026-09-05T12:27:21.069415Z","level":"info","event":"Trying to run dbtRunner with:\n ['deps', '--project-dir', '/tmp/tmp2w_anckp', '--profiles-dir', '/tmp/cosmos/profile/88b0aa12559803c5b3e8b5b0cefa363d35d21cc93574699baf5727c52eda1f13', '--profile', 'verdanta_project', '--target', 'dev']\n in /tmp/tmp2w_anckp","logger":"cosmos.dbt.runner","filename":"runner.py","lineno":95}
{"timestamp":"2026-09-05T12:27:21.165539Z","level":"info","event":"\u001b[0m12:27:21  Running with dbt=1.12.0","logger":"task.stdout"}
{"timestamp":"2026-09-05T12:27:21.855112Z","level":"info","event":"\u001b[0m12:27:21  Installing dbt-labs/dbt_utils","logger":"task.stdout"}
{"timestamp":"2026-09-05T12:27:22.343943Z","level":"info","event":"\u001b[0m12:27:22  Installed from version 1.4.1","logger":"task.stdout"}
{"timestamp":"2026-09-05T12:27:22.351728Z","level":"info","event":"\u001b[0m12:27:22  Up to date!","logger":"task.stdout"}
{"timestamp":"2026-09-05T12:27:23.049165Z","level":"info","event":"Running command with dbt Runner: `/home/airflow/.local/bin/dbt ls --output json --output-keys name unique_id resource_type depends_on original_file_path tags config freshness fqn --project-dir /tmp/tmp2w_anckp --profiles-dir /tmp/cosmos/profile/88b0aa12559803c5b3e8b5b0cefa363d35d21cc93574699baf5727c52eda1f13 --profile verdanta_project --target dev --select stg_reference_stores+`","logger":"cosmos.dbt.graph","filename":"graph.py","lineno":361}
{"timestamp":"2026-09-05T12:27:23.049447Z","level":"info","event":"Trying to run dbtRunner with:\n ['ls', '--output', 'json', '--output-keys', 'name', 'unique_id', 'resource_type', 'depends_on', 'original_file_path', 'tags', 'config', 'freshness', 'fqn', '--project-dir', '/tmp/tmp2w_anckp', '--profiles-dir', '/tmp/cosmos/profile/88b0aa12559803c5b3e8b5b0cefa363d35d21cc93574699baf5727c52eda1f13', '--profile', 'verdanta_project', '--target', 'dev', '--select', 'stg_reference_stores+']\n in /tmp/tmp2w_anckp","logger":"cosmos.dbt.runner","filename":"runner.py","lineno":95}
{"timestamp":"2026-09-05T12:27:23.063217Z","level":"info","event":"\u001b[0m12:27:23  Running with dbt=1.12.0","logger":"task.stdout"}
{"timestamp":"2026-09-05T12:27:24.760972Z","level":"info","event":"\u001b[0m12:27:24  Registered adapter: databricks=1.10.9","logger":"task.stdout"}
{"timestamp":"2026-09-05T12:27:25.893863Z","level":"info","event":"\u001b[0m12:27:25  Found 22 models, 96 data tests, 3 seeds, 2 snapshots, 8 sources, 844 macros","logger":"task.stdout"}
{"timestamp":"2026-09-05T12:27:25.901468Z","level":"info","event":"\u001b[0m12:27:25  [\u001b[33mWARNING\u001b[0m]: The selection criterion 'stg_reference_stores+' does not match any enabled nodes","logger":"task.stdout"}
{"timestamp":"2026-09-05T12:27:25.901783Z","level":"info","event":"\u001b[0m12:27:25  [\u001b[33mWARNING\u001b[0m]: No nodes selected!","logger":"task.stdout"}
{"timestamp":"2026-09-05T12:27:26.762818Z","level":"info","event":"Cosmos performance: time to calculate cache identifier cosmos_cache__verdanta_stores__dbt_sources for current version: 0.12685189399999786","logger":"cosmos.cache","filename":"cache.py","lineno":401}
{"timestamp":"2026-09-05T12:27:26.801249Z","level":"info","event":"Total nodes: 0","logger":"cosmos.dbt.graph","filename":"graph.py","lineno":799}
{"timestamp":"2026-09-05T12:27:26.801432Z","level":"info","event":"Total filtered nodes: 0","logger":"cosmos.dbt.graph","filename":"graph.py","lineno":800}
{"timestamp":"2026-09-05T12:27:26.801536Z","level":"info","event":"Cosmos performance (verdanta_stores__dbt_sources) - [993ed3b2f767|90]: It took 7.47s to parse the dbt project for DAG using LoadMode.DBT_LS","logger":"cosmos.converter","filename":"converter.py","lineno":371}
{"timestamp":"2026-09-05T12:27:26.803840Z","level":"info","event":"Cosmos performance (verdanta_stores__dbt_sources) - [993ed3b2f767|90]: It took 0.00229s to build the Airflow DAG.","logger":"cosmos.converter","filename":"converter.py","lineno":423}
{"timestamp":"2026-09-05T12:27:26.803932Z","level":"info","event":"::endgroup::Cosmos DAG parsing logs","logger":"cosmos.converter","filename":"converter.py","lineno":430}
{"timestamp":"2026-09-05T12:27:26.804590Z","level":"warning","event":"Using Variable.get from `airflow.models` is deprecated.Please use `get` on Variable from sdk(`airflow.sdk.Variable`) instead","category":"UserWarning","filename":"/home/airflow/.local/lib/python3.13/site-packages/airflow/models/variable.py","lineno":158,"logger":"py.warnings"}
{"timestamp":"2026-09-05T12:27:26.804680Z","level":"warning","event":"Valid config keys have changed in V2:\n* 'allow_population_by_field_name' has been renamed to 'validate_by_name'","category":"UserWarning","filename":"/home/airflow/.local/lib/python3.13/site-packages/pydantic/_internal/_config.py","lineno":383,"logger":"py.warnings"}
{"timestamp":"2026-09-05T12:27:26.804744Z","level":"warning","event":"Using Variable.set from `airflow.models` is deprecated.Please use `set` on Variable from sdk(`airflow.sdk.Variable`) instead","category":"UserWarning","filename":"/home/airflow/.local/lib/python3.13/site-packages/airflow/models/variable.py","lineno":218,"logger":"py.warnings"}
{"timestamp":"2026-09-05T12:27:57.733214Z","level":"info","event":"Filling up the DagBag from /opt/airflow/dags/verdanta_stores.py","logger":"airflow.dag_processing.dagbag.BundleDagBag","filename":"dagbag.py","lineno":469}
{"timestamp":"2026-09-05T12:27:57.805137Z","level":"info","event":"::group::Cosmos DAG parsing logs","logger":"cosmos.converter","filename":"converter.py","lineno":321}
{"timestamp":"2026-09-05T12:27:57.808689Z","level":"info","event":"Cosmos cache dir resolved to /tmp/cosmos/verdanta_stores__dbt_sources","logger":"cosmos.converter","filename":"converter.py","lineno":346}
{"timestamp":"2026-09-05T12:27:57.808934Z","level":"info","event":"Trying to parse the dbt project using dbt ls cache cosmos_cache__verdanta_stores__dbt_sources...","logger":"cosmos.dbt.graph","filename":"graph.py","lineno":869}
{"timestamp":"2026-09-05T12:27:57.950525Z","level":"info","event":"Cosmos performance: time to calculate cache identifier cosmos_cache__verdanta_stores__dbt_sources for current version: 0.1266433859999836","logger":"cosmos.cache","filename":"cache.py","lineno":401}
{"timestamp":"2026-09-05T12:27:57.950713Z","level":"info","event":"Cosmos performance: Cache miss for cosmos_cache__verdanta_stores__dbt_sources - skipped","logger":"cosmos.dbt.graph","filename":"graph.py","lineno":900}
{"timestamp":"2026-09-05T12:27:57.950860Z","level":"info","event":"Trying to parse the dbt project in `/opt/airflow/dbt/verdanta_project` using dbt ls...","logger":"cosmos.dbt.graph","filename":"graph.py","lineno":983}
{"timestamp":"2026-09-05T12:27:57.965507Z","level":"info","event":"Partial parse is enabled and the latest partial parse file is /tmp/cosmos/verdanta_stores__dbt_sources/target/partial_parse.msgpack","logger":"cosmos.dbt.graph","filename":"graph.py","lineno":1002}
{"timestamp":"2026-09-05T12:27:57.992322Z","level":"info","event":"Profile caching is enable.","logger":"cosmos.config","filename":"config.py","lineno":399}
{"timestamp":"2026-09-05T12:27:57.992719Z","level":"info","event":"Profile found in cache using profile: /tmp/cosmos/profile/88b0aa12559803c5b3e8b5b0cefa363d35d21cc93574699baf5727c52eda1f13/profiles.yml.","logger":"cosmos.config","filename":"config.py","lineno":379}
{"timestamp":"2026-09-05T12:27:59.487294Z","level":"info","event":"Running command with dbt Runner: `/home/airflow/.local/bin/dbt deps --project-dir /tmp/tmptdvag3u1 --profiles-dir /tmp/cosmos/profile/88b0aa12559803c5b3e8b5b0cefa363d35d21cc93574699baf5727c52eda1f13 --profile verdanta_project --target dev`","logger":"cosmos.dbt.graph","filename":"graph.py","lineno":361}
{"timestamp":"2026-09-05T12:27:59.487713Z","level":"info","event":"Trying to run dbtRunner with:\n ['deps', '--project-dir', '/tmp/tmptdvag3u1', '--profiles-dir', '/tmp/cosmos/profile/88b0aa12559803c5b3e8b5b0cefa363d35d21cc93574699baf5727c52eda1f13', '--profile', 'verdanta_project', '--target', 'dev']\n in /tmp/tmptdvag3u1","logger":"cosmos.dbt.runner","filename":"runner.py","lineno":95}
{"timestamp":"2026-09-05T12:27:59.827057Z","level":"info","event":"\u001b[0m12:27:59  Running with dbt=1.12.0","logger":"task.stdout"}
{"timestamp":"2026-09-05T12:28:00.233287Z","level":"info","event":"\u001b[0m12:28:00  Installing dbt-labs/dbt_utils","logger":"task.stdout"}
{"timestamp":"2026-09-05T12:28:00.690112Z","level":"info","event":"\u001b[0m12:28:00  Installed from version 1.4.1","logger":"task.stdout"}
{"timestamp":"2026-09-05T12:28:00.703844Z","level":"info","event":"\u001b[0m12:28:00  Up to date!","logger":"task.stdout"}
{"timestamp":"2026-09-05T12:28:01.456371Z","level":"info","event":"Running command with dbt Runner: `/home/airflow/.local/bin/dbt ls --output json --output-keys name unique_id resource_type depends_on original_file_path tags config freshness fqn --project-dir /tmp/tmptdvag3u1 --profiles-dir /tmp/cosmos/profile/88b0aa12559803c5b3e8b5b0cefa363d35d21cc93574699baf5727c52eda1f13 --profile verdanta_project --target dev --select stg_reference_stores+`","logger":"cosmos.dbt.graph","filename":"graph.py","lineno":361}
{"timestamp":"2026-09-05T12:28:01.456710Z","level":"info","event":"Trying to run dbtRunner with:\n ['ls', '--output', 'json', '--output-keys', 'name', 'unique_id', 'resource_type', 'depends_on', 'original_file_path', 'tags', 'config', 'freshness', 'fqn', '--project-dir', '/tmp/tmptdvag3u1', '--profiles-dir', '/tmp/cosmos/profile/88b0aa12559803c5b3e8b5b0cefa363d35d21cc93574699baf5727c52eda1f13', '--profile', 'verdanta_project', '--target', 'dev', '--select', 'stg_reference_stores+']\n in /tmp/tmptdvag3u1","logger":"cosmos.dbt.runner","filename":"runner.py","lineno":95}
{"timestamp":"2026-09-05T12:28:01.469735Z","level":"info","event":"\u001b[0m12:28:01  Running with dbt=1.12.0","logger":"task.stdout"}
{"timestamp":"2026-09-05T12:28:03.147823Z","level":"info","event":"\u001b[0m12:28:03  Registered adapter: databricks=1.10.9","logger":"task.stdout"}
{"timestamp":"2026-09-05T12:28:04.315056Z","level":"info","event":"\u001b[0m12:28:04  Found 22 models, 96 data tests, 3 seeds, 2 snapshots, 8 sources, 844 macros","logger":"task.stdout"}
{"timestamp":"2026-09-05T12:28:04.339965Z","level":"info","event":"\u001b[0m12:28:04  [\u001b[33mWARNING\u001b[0m]: The selection criterion 'stg_reference_stores+' does not match any enabled nodes","logger":"task.stdout"}
{"timestamp":"2026-09-05T12:28:04.340557Z","level":"info","event":"\u001b[0m12:28:04  [\u001b[33mWARNING\u001b[0m]: No nodes selected!","logger":"task.stdout"}
{"timestamp":"2026-09-05T12:28:05.223549Z","level":"info","event":"Cosmos performance: time to calculate cache identifier cosmos_cache__verdanta_stores__dbt_sources for current version: 0.13238178599999628","logger":"cosmos.cache","filename":"cache.py","lineno":401}
{"timestamp":"2026-09-05T12:28:05.262327Z","level":"info","event":"Total nodes: 0","logger":"cosmos.dbt.graph","filename":"graph.py","lineno":799}
{"timestamp":"2026-09-05T12:28:05.262514Z","level":"info","event":"Total filtered nodes: 0","logger":"cosmos.dbt.graph","filename":"graph.py","lineno":800}
{"timestamp":"2026-09-05T12:28:05.262620Z","level":"info","event":"Cosmos performance (verdanta_stores__dbt_sources) - [993ed3b2f767|126]: It took 7.45s to parse the dbt project for DAG using LoadMode.DBT_LS","logger":"cosmos.converter","filename":"converter.py","lineno":371}
{"timestamp":"2026-09-05T12:28:05.264619Z","level":"info","event":"Cosmos performance (verdanta_stores__dbt_sources) - [993ed3b2f767|126]: It took 0.00199s to build the Airflow DAG.","logger":"cosmos.converter","filename":"converter.py","lineno":423}
{"timestamp":"2026-09-05T12:28:05.264713Z","level":"info","event":"::endgroup::Cosmos DAG parsing logs","logger":"cosmos.converter","filename":"converter.py","lineno":430}
{"timestamp":"2026-09-05T12:28:05.265377Z","level":"warning","event":"Using Variable.get from `airflow.models` is deprecated.Please use `get` on Variable from sdk(`airflow.sdk.Variable`) instead","category":"UserWarning","filename":"/home/airflow/.local/lib/python3.13/site-packages/airflow/models/variable.py","lineno":158,"logger":"py.warnings"}
{"timestamp":"2026-09-05T12:28:05.265469Z","level":"warning","event":"Valid config keys have changed in V2:\n* 'allow_population_by_field_name' has been renamed to 'validate_by_name'","category":"UserWarning","filename":"/home/airflow/.local/lib/python3.13/site-packages/pydantic/_internal/_config.py","lineno":383,"logger":"py.warnings"}
{"timestamp":"2026-09-05T12:28:05.265532Z","level":"warning","event":"Using Variable.set from `airflow.models` is deprecated.Please use `set` on Variable from sdk(`airflow.sdk.Variable`) instead","category":"UserWarning","filename":"/home/airflow/.local/lib/python3.13/site-packages/airflow/models/variable.py","lineno":218,"logger":"py.warnings"}
{"timestamp":"2026-09-05T12:28:35.986821Z","level":"info","event":"Filling up the DagBag from /opt/airflow/dags/verdanta_stores.py","logger":"airflow.dag_processing.dagbag.BundleDagBag","filename":"dagbag.py","lineno":469}
{"timestamp":"2026-09-05T12:28:36.075687Z","level":"info","event":"::group::Cosmos DAG parsing logs","logger":"cosmos.converter","filename":"converter.py","lineno":321}
{"timestamp":"2026-09-05T12:28:36.078884Z","level":"info","event":"Cosmos cache dir resolved to /tmp/cosmos/verdanta_stores__dbt_sources","logger":"cosmos.converter","filename":"converter.py","lineno":346}
{"timestamp":"2026-09-05T12:28:36.079101Z","level":"info","event":"Trying to parse the dbt project using dbt ls cache cosmos_cache__verdanta_stores__dbt_sources...","logger":"cosmos.dbt.graph","filename":"graph.py","lineno":869}
{"timestamp":"2026-09-05T12:28:36.220065Z","level":"info","event":"Cosmos performance: time to calculate cache identifier cosmos_cache__verdanta_stores__dbt_sources for current version: 0.1253515820000075","logger":"cosmos.cache","filename":"cache.py","lineno":401}
{"timestamp":"2026-09-05T12:28:36.220262Z","level":"info","event":"Cosmos performance: Cache miss for cosmos_cache__verdanta_stores__dbt_sources - skipped","logger":"cosmos.dbt.graph","filename":"graph.py","lineno":900}
{"timestamp":"2026-09-05T12:28:36.220466Z","level":"info","event":"Trying to parse the dbt project in `/opt/airflow/dbt/verdanta_project` using dbt ls...","logger":"cosmos.dbt.graph","filename":"graph.py","lineno":983}
{"timestamp":"2026-09-05T12:28:36.233098Z","level":"info","event":"Partial parse is enabled and the latest partial parse file is /tmp/cosmos/verdanta_stores__dbt_sources/target/partial_parse.msgpack","logger":"cosmos.dbt.graph","filename":"graph.py","lineno":1002}
{"timestamp":"2026-09-05T12:28:36.259427Z","level":"info","event":"Profile caching is enable.","logger":"cosmos.config","filename":"config.py","lineno":399}
{"timestamp":"2026-09-05T12:28:36.259822Z","level":"info","event":"Profile found in cache using profile: /tmp/cosmos/profile/88b0aa12559803c5b3e8b5b0cefa363d35d21cc93574699baf5727c52eda1f13/profiles.yml.","logger":"cosmos.config","filename":"config.py","lineno":379}
{"timestamp":"2026-09-05T12:28:38.011365Z","level":"info","event":"Running command with dbt Runner: `/home/airflow/.local/bin/dbt deps --project-dir /tmp/tmp66_5apqp --profiles-dir /tmp/cosmos/profile/88b0aa12559803c5b3e8b5b0cefa363d35d21cc93574699baf5727c52eda1f13 --profile verdanta_project --target dev`","logger":"cosmos.dbt.graph","filename":"graph.py","lineno":361}
{"timestamp":"2026-09-05T12:28:38.011882Z","level":"info","event":"Trying to run dbtRunner with:\n ['deps', '--project-dir', '/tmp/tmp66_5apqp', '--profiles-dir', '/tmp/cosmos/profile/88b0aa12559803c5b3e8b5b0cefa363d35d21cc93574699baf5727c52eda1f13', '--profile', 'verdanta_project', '--target', 'dev']\n in /tmp/tmp66_5apqp","logger":"cosmos.dbt.runner","filename":"runner.py","lineno":95}
{"timestamp":"2026-09-05T12:28:38.107811Z","level":"info","event":"\u001b[0m12:28:38  Running with dbt=1.12.0","logger":"task.stdout"}
{"timestamp":"2026-09-05T12:28:38.525510Z","level":"info","event":"\u001b[0m12:28:38  Installing dbt-labs/dbt_utils","logger":"task.stdout"}
{"timestamp":"2026-09-05T12:28:38.996380Z","level":"info","event":"\u001b[0m12:28:38  Installed from version 1.4.1","logger":"task.stdout"}
{"timestamp":"2026-09-05T12:28:39.003486Z","level":"info","event":"\u001b[0m12:28:38  Up to date!","logger":"task.stdout"}
{"timestamp":"2026-09-05T12:28:39.680216Z","level":"info","event":"Running command with dbt Runner: `/home/airflow/.local/bin/dbt ls --output json --output-keys name unique_id resource_type depends_on original_file_path tags config freshness fqn --project-dir /tmp/tmp66_5apqp --profiles-dir /tmp/cosmos/profile/88b0aa12559803c5b3e8b5b0cefa363d35d21cc93574699baf5727c52eda1f13 --profile verdanta_project --target dev --select stg_reference_stores+`","logger":"cosmos.dbt.graph","filename":"graph.py","lineno":361}
{"timestamp":"2026-09-05T12:28:39.680505Z","level":"info","event":"Trying to run dbtRunner with:\n ['ls', '--output', 'json', '--output-keys', 'name', 'unique_id', 'resource_type', 'depends_on', 'original_file_path', 'tags', 'config', 'freshness', 'fqn', '--project-dir', '/tmp/tmp66_5apqp', '--profiles-dir', '/tmp/cosmos/profile/88b0aa12559803c5b3e8b5b0cefa363d35d21cc93574699baf5727c52eda1f13', '--profile', 'verdanta_project', '--target', 'dev', '--select', 'stg_reference_stores+']\n in /tmp/tmp66_5apqp","logger":"cosmos.dbt.runner","filename":"runner.py","lineno":95}
{"timestamp":"2026-09-05T12:28:39.693396Z","level":"info","event":"\u001b[0m12:28:39  Running with dbt=1.12.0","logger":"task.stdout"}
{"timestamp":"2026-09-05T12:28:41.359273Z","level":"info","event":"\u001b[0m12:28:41  Registered adapter: databricks=1.10.9","logger":"task.stdout"}
{"timestamp":"2026-09-05T12:28:42.605130Z","level":"info","event":"\u001b[0m12:28:42  Found 22 models, 96 data tests, 3 seeds, 2 snapshots, 8 sources, 844 macros","logger":"task.stdout"}
{"timestamp":"2026-09-05T12:28:42.614290Z","level":"info","event":"\u001b[0m12:28:42  [\u001b[33mWARNING\u001b[0m]: The selection criterion 'stg_reference_stores+' does not match any enabled nodes","logger":"task.stdout"}
{"timestamp":"2026-09-05T12:28:42.614695Z","level":"info","event":"\u001b[0m12:28:42  [\u001b[33mWARNING\u001b[0m]: No nodes selected!","logger":"task.stdout"}
{"timestamp":"2026-09-05T12:28:43.535223Z","level":"info","event":"Cosmos performance: time to calculate cache identifier cosmos_cache__verdanta_stores__dbt_sources for current version: 0.15205217999999832","logger":"cosmos.cache","filename":"cache.py","lineno":401}
{"timestamp":"2026-09-05T12:28:43.579743Z","level":"info","event":"Total nodes: 0","logger":"cosmos.dbt.graph","filename":"graph.py","lineno":799}
{"timestamp":"2026-09-05T12:28:43.579925Z","level":"info","event":"Total filtered nodes: 0","logger":"cosmos.dbt.graph","filename":"graph.py","lineno":800}
{"timestamp":"2026-09-05T12:28:43.580023Z","level":"info","event":"Cosmos performance (verdanta_stores__dbt_sources) - [993ed3b2f767|168]: It took 7.5s to parse the dbt project for DAG using LoadMode.DBT_LS","logger":"cosmos.converter","filename":"converter.py","lineno":371}
{"timestamp":"2026-09-05T12:28:43.582226Z","level":"info","event":"Cosmos performance (verdanta_stores__dbt_sources) - [993ed3b2f767|168]: It took 0.00217s to build the Airflow DAG.","logger":"cosmos.converter","filename":"converter.py","lineno":423}
{"timestamp":"2026-09-05T12:28:43.582351Z","level":"info","event":"::endgroup::Cosmos DAG parsing logs","logger":"cosmos.converter","filename":"converter.py","lineno":430}
{"timestamp":"2026-09-05T12:28:43.583086Z","level":"warning","event":"Using Variable.get from `airflow.models` is deprecated.Please use `get` on Variable from sdk(`airflow.sdk.Variable`) instead","category":"UserWarning","filename":"/home/airflow/.local/lib/python3.13/site-packages/airflow/models/variable.py","lineno":158,"logger":"py.warnings"}
{"timestamp":"2026-09-05T12:28:43.583201Z","level":"warning","event":"Valid config keys have changed in V2:\n* 'allow_population_by_field_name' has been renamed to 'validate_by_name'","category":"UserWarning","filename":"/home/airflow/.local/lib/python3.13/site-packages/pydantic/_internal/_config.py","lineno":383,"logger":"py.warnings"}
{"timestamp":"2026-09-05T12:28:43.583275Z","level":"warning","event":"Using Variable.set from `airflow.models` is deprecated.Please use `set` on Variable from sdk(`airflow.sdk.Variable`) instead","category":"UserWarning","filename":"/home/airflow/.local/lib/python3.13/site-packages/airflow/models/variable.py","lineno":218,"logger":"py.warnings"}
{"timestamp":"2026-09-05T12:29:14.324085Z","level":"info","event":"Filling up the DagBag from /opt/airflow/dags/verdanta_stores.py","logger":"airflow.dag_processing.dagbag.BundleDagBag","filename":"dagbag.py","lineno":469}
{"timestamp":"2026-09-05T12:29:14.387649Z","level":"info","event":"::group::Cosmos DAG parsing logs","logger":"cosmos.converter","filename":"converter.py","lineno":321}
{"timestamp":"2026-09-05T12:29:14.390855Z","level":"info","event":"Cosmos cache dir resolved to /tmp/cosmos/verdanta_stores__dbt_sources","logger":"cosmos.converter","filename":"converter.py","lineno":346}
{"timestamp":"2026-09-05T12:29:14.391093Z","level":"info","event":"Trying to parse the dbt project using dbt ls cache cosmos_cache__verdanta_stores__dbt_sources...","logger":"cosmos.dbt.graph","filename":"graph.py","lineno":869}
{"timestamp":"2026-09-05T12:29:14.524880Z","level":"info","event":"Cosmos performance: time to calculate cache identifier cosmos_cache__verdanta_stores__dbt_sources for current version: 0.12221212000000037","logger":"cosmos.cache","filename":"cache.py","lineno":401}
{"timestamp":"2026-09-05T12:29:14.525194Z","level":"info","event":"Cosmos performance: Cache miss for cosmos_cache__verdanta_stores__dbt_sources - skipped","logger":"cosmos.dbt.graph","filename":"graph.py","lineno":900}
{"timestamp":"2026-09-05T12:29:14.525338Z","level":"info","event":"Trying to parse the dbt project in `/opt/airflow/dbt/verdanta_project` using dbt ls...","logger":"cosmos.dbt.graph","filename":"graph.py","lineno":983}
{"timestamp":"2026-09-05T12:29:14.537963Z","level":"info","event":"Partial parse is enabled and the latest partial parse file is /tmp/cosmos/verdanta_stores__dbt_sources/target/partial_parse.msgpack","logger":"cosmos.dbt.graph","filename":"graph.py","lineno":1002}
{"timestamp":"2026-09-05T12:29:14.563214Z","level":"info","event":"Profile caching is enable.","logger":"cosmos.config","filename":"config.py","lineno":399}
{"timestamp":"2026-09-05T12:29:14.563551Z","level":"info","event":"Profile found in cache using profile: /tmp/cosmos/profile/88b0aa12559803c5b3e8b5b0cefa363d35d21cc93574699baf5727c52eda1f13/profiles.yml.","logger":"cosmos.config","filename":"config.py","lineno":379}
{"timestamp":"2026-09-05T12:29:16.377304Z","level":"info","event":"Running command with dbt Runner: `/home/airflow/.local/bin/dbt deps --project-dir /tmp/tmp8ab7ymo9 --profiles-dir /tmp/cosmos/profile/88b0aa12559803c5b3e8b5b0cefa363d35d21cc93574699baf5727c52eda1f13 --profile verdanta_project --target dev`","logger":"cosmos.dbt.graph","filename":"graph.py","lineno":361}
{"timestamp":"2026-09-05T12:29:16.377912Z","level":"info","event":"Trying to run dbtRunner with:\n ['deps', '--project-dir', '/tmp/tmp8ab7ymo9', '--profiles-dir', '/tmp/cosmos/profile/88b0aa12559803c5b3e8b5b0cefa363d35d21cc93574699baf5727c52eda1f13', '--profile', 'verdanta_project', '--target', 'dev']\n in /tmp/tmp8ab7ymo9","logger":"cosmos.dbt.runner","filename":"runner.py","lineno":95}
{"timestamp":"2026-09-05T12:29:16.482195Z","level":"info","event":"\u001b[0m12:29:16  Running with dbt=1.12.0","logger":"task.stdout"}
{"timestamp":"2026-09-05T12:29:17.008158Z","level":"info","event":"\u001b[0m12:29:17  Installing dbt-labs/dbt_utils","logger":"task.stdout"}
{"timestamp":"2026-09-05T12:29:17.485432Z","level":"info","event":"\u001b[0m12:29:17  Installed from version 1.4.1","logger":"task.stdout"}
{"timestamp":"2026-09-05T12:29:17.493971Z","level":"info","event":"\u001b[0m12:29:17  Up to date!","logger":"task.stdout"}
{"timestamp":"2026-09-05T12:29:18.199366Z","level":"info","event":"Running command with dbt Runner: `/home/airflow/.local/bin/dbt ls --output json --output-keys name unique_id resource_type depends_on original_file_path tags config freshness fqn --project-dir /tmp/tmp8ab7ymo9 --profiles-dir /tmp/cosmos/profile/88b0aa12559803c5b3e8b5b0cefa363d35d21cc93574699baf5727c52eda1f13 --profile verdanta_project --target dev --select stg_reference_stores+`","logger":"cosmos.dbt.graph","filename":"graph.py","lineno":361}
{"timestamp":"2026-09-05T12:29:18.199649Z","level":"info","event":"Trying to run dbtRunner with:\n ['ls', '--output', 'json', '--output-keys', 'name', 'unique_id', 'resource_type', 'depends_on', 'original_file_path', 'tags', 'config', 'freshness', 'fqn', '--project-dir', '/tmp/tmp8ab7ymo9', '--profiles-dir', '/tmp/cosmos/profile/88b0aa12559803c5b3e8b5b0cefa363d35d21cc93574699baf5727c52eda1f13', '--profile', 'verdanta_project', '--target', 'dev', '--select', 'stg_reference_stores+']\n in /tmp/tmp8ab7ymo9","logger":"cosmos.dbt.runner","filename":"runner.py","lineno":95}
{"timestamp":"2026-09-05T12:29:18.212271Z","level":"info","event":"\u001b[0m12:29:18  Running with dbt=1.12.0","logger":"task.stdout"}
{"timestamp":"2026-09-05T12:29:19.847961Z","level":"info","event":"\u001b[0m12:29:19  Registered adapter: databricks=1.10.9","logger":"task.stdout"}
{"timestamp":"2026-09-05T12:29:20.944776Z","level":"info","event":"\u001b[0m12:29:20  Found 22 models, 96 data tests, 3 seeds, 2 snapshots, 8 sources, 844 macros","logger":"task.stdout"}
{"timestamp":"2026-09-05T12:29:20.952386Z","level":"info","event":"\u001b[0m12:29:20  [\u001b[33mWARNING\u001b[0m]: The selection criterion 'stg_reference_stores+' does not match any enabled nodes","logger":"task.stdout"}
{"timestamp":"2026-09-05T12:29:20.952687Z","level":"info","event":"\u001b[0m12:29:20  [\u001b[33mWARNING\u001b[0m]: No nodes selected!","logger":"task.stdout"}
{"timestamp":"2026-09-05T12:29:21.842459Z","level":"info","event":"Cosmos performance: time to calculate cache identifier cosmos_cache__verdanta_stores__dbt_sources for current version: 0.13459121099998583","logger":"cosmos.cache","filename":"cache.py","lineno":401}
{"timestamp":"2026-09-05T12:29:21.884416Z","level":"info","event":"Total nodes: 0","logger":"cosmos.dbt.graph","filename":"graph.py","lineno":799}
{"timestamp":"2026-09-05T12:29:21.884637Z","level":"info","event":"Total filtered nodes: 0","logger":"cosmos.dbt.graph","filename":"graph.py","lineno":800}
{"timestamp":"2026-09-05T12:29:21.884762Z","level":"info","event":"Cosmos performance (verdanta_stores__dbt_sources) - [993ed3b2f767|204]: It took 7.49s to parse the dbt project for DAG using LoadMode.DBT_LS","logger":"cosmos.converter","filename":"converter.py","lineno":371}
{"timestamp":"2026-09-05T12:29:21.886966Z","level":"info","event":"Cosmos performance (verdanta_stores__dbt_sources) - [993ed3b2f767|204]: It took 0.0022s to build the Airflow DAG.","logger":"cosmos.converter","filename":"converter.py","lineno":423}
{"timestamp":"2026-09-05T12:29:21.887112Z","level":"info","event":"::endgroup::Cosmos DAG parsing logs","logger":"cosmos.converter","filename":"converter.py","lineno":430}
{"timestamp":"2026-09-05T12:29:21.887890Z","level":"warning","event":"Using Variable.get from `airflow.models` is deprecated.Please use `get` on Variable from sdk(`airflow.sdk.Variable`) instead","category":"UserWarning","filename":"/home/airflow/.local/lib/python3.13/site-packages/airflow/models/variable.py","lineno":158,"logger":"py.warnings"}
{"timestamp":"2026-09-05T12:29:21.887980Z","level":"warning","event":"Valid config keys have changed in V2:\n* 'allow_population_by_field_name' has been renamed to 'validate_by_name'","category":"UserWarning","filename":"/home/airflow/.local/lib/python3.13/site-packages/pydantic/_internal/_config.py","lineno":383,"logger":"py.warnings"}
{"timestamp":"2026-09-05T12:29:21.888083Z","level":"warning","event":"Using Variable.set from `airflow.models` is deprecated.Please use `set` on Variable from sdk(`airflow.sdk.Variable`) instead","category":"UserWarning","filename":"/home/airflow/.local/lib/python3.13/site-packages/airflow/models/variable.py","lineno":218,"logger":"py.warnings"}
{"timestamp":"2026-09-05T12:29:52.733287Z","level":"info","event":"Filling up the DagBag from /opt/airflow/dags/verdanta_stores.py","logger":"airflow.dag_processing.dagbag.BundleDagBag","filename":"dagbag.py","lineno":469}
{"timestamp":"2026-09-05T12:29:52.855833Z","level":"info","event":"::group::Cosmos DAG parsing logs","logger":"cosmos.converter","filename":"converter.py","lineno":321}
{"timestamp":"2026-09-05T12:29:52.861918Z","level":"info","event":"Cosmos cache dir resolved to /tmp/cosmos/verdanta_stores__dbt_sources","logger":"cosmos.converter","filename":"converter.py","lineno":346}
{"timestamp":"2026-09-05T12:29:52.862347Z","level":"info","event":"Trying to parse the dbt project using dbt ls cache cosmos_cache__verdanta_stores__dbt_sources...","logger":"cosmos.dbt.graph","filename":"graph.py","lineno":869}
{"timestamp":"2026-09-05T12:29:53.095209Z","level":"info","event":"Cosmos performance: time to calculate cache identifier cosmos_cache__verdanta_stores__dbt_sources for current version: 0.20722353400003612","logger":"cosmos.cache","filename":"cache.py","lineno":401}
{"timestamp":"2026-09-05T12:29:53.095502Z","level":"info","event":"Cosmos performance: Cache miss for cosmos_cache__verdanta_stores__dbt_sources - skipped","logger":"cosmos.dbt.graph","filename":"graph.py","lineno":900}
{"timestamp":"2026-09-05T12:29:53.095754Z","level":"info","event":"Trying to parse the dbt project in `/opt/airflow/dbt/verdanta_project` using dbt ls...","logger":"cosmos.dbt.graph","filename":"graph.py","lineno":983}
{"timestamp":"2026-09-05T12:29:53.118733Z","level":"info","event":"Partial parse is enabled and the latest partial parse file is /tmp/cosmos/verdanta_stores__dbt_sources/target/partial_parse.msgpack","logger":"cosmos.dbt.graph","filename":"graph.py","lineno":1002}
{"timestamp":"2026-09-05T12:29:53.169356Z","level":"info","event":"Profile caching is enable.","logger":"cosmos.config","filename":"config.py","lineno":399}
{"timestamp":"2026-09-05T12:29:53.169977Z","level":"info","event":"Profile found in cache using profile: /tmp/cosmos/profile/88b0aa12559803c5b3e8b5b0cefa363d35d21cc93574699baf5727c52eda1f13/profiles.yml.","logger":"cosmos.config","filename":"config.py","lineno":379}
{"timestamp":"2026-09-05T12:29:56.178073Z","level":"info","event":"Running command with dbt Runner: `/home/airflow/.local/bin/dbt deps --project-dir /tmp/tmp52dehzaj --profiles-dir /tmp/cosmos/profile/88b0aa12559803c5b3e8b5b0cefa363d35d21cc93574699baf5727c52eda1f13 --profile verdanta_project --target dev`","logger":"cosmos.dbt.graph","filename":"graph.py","lineno":361}
{"timestamp":"2026-09-05T12:29:56.178867Z","level":"info","event":"Trying to run dbtRunner with:\n ['deps', '--project-dir', '/tmp/tmp52dehzaj', '--profiles-dir', '/tmp/cosmos/profile/88b0aa12559803c5b3e8b5b0cefa363d35d21cc93574699baf5727c52eda1f13', '--profile', 'verdanta_project', '--target', 'dev']\n in /tmp/tmp52dehzaj","logger":"cosmos.dbt.runner","filename":"runner.py","lineno":95}
{"timestamp":"2026-09-05T12:29:56.372455Z","level":"info","event":"\u001b[0m12:29:56  Running with dbt=1.12.0","logger":"task.stdout"}
{"timestamp":"2026-09-05T12:29:56.857573Z","level":"info","event":"\u001b[0m12:29:56  Installing dbt-labs/dbt_utils","logger":"task.stdout"}
{"timestamp":"2026-09-05T12:29:57.370901Z","level":"info","event":"\u001b[0m12:29:57  Installed from version 1.4.1","logger":"task.stdout"}
{"timestamp":"2026-09-05T12:29:57.379983Z","level":"info","event":"\u001b[0m12:29:57  Up to date!","logger":"task.stdout"}
{"timestamp":"2026-09-05T12:29:58.151033Z","level":"info","event":"Running command with dbt Runner: `/home/airflow/.local/bin/dbt ls --output json --output-keys name unique_id resource_type depends_on original_file_path tags config freshness fqn --project-dir /tmp/tmp52dehzaj --profiles-dir /tmp/cosmos/profile/88b0aa12559803c5b3e8b5b0cefa363d35d21cc93574699baf5727c52eda1f13 --profile verdanta_project --target dev --select stg_reference_stores+`","logger":"cosmos.dbt.graph","filename":"graph.py","lineno":361}
{"timestamp":"2026-09-05T12:29:58.152087Z","level":"info","event":"Trying to run dbtRunner with:\n ['ls', '--output', 'json', '--output-keys', 'name', 'unique_id', 'resource_type', 'depends_on', 'original_file_path', 'tags', 'config', 'freshness', 'fqn', '--project-dir', '/tmp/tmp52dehzaj', '--profiles-dir', '/tmp/cosmos/profile/88b0aa12559803c5b3e8b5b0cefa363d35d21cc93574699baf5727c52eda1f13', '--profile', 'verdanta_project', '--target', 'dev', '--select', 'stg_reference_stores+']\n in /tmp/tmp52dehzaj","logger":"cosmos.dbt.runner","filename":"runner.py","lineno":95}
{"timestamp":"2026-09-05T12:29:58.176680Z","level":"info","event":"\u001b[0m12:29:58  Running with dbt=1.12.0","logger":"task.stdout"}
{"timestamp":"2026-09-05T12:30:00.598531Z","level":"info","event":"\u001b[0m12:30:00  Registered adapter: databricks=1.10.9","logger":"task.stdout"}
{"timestamp":"2026-09-05T12:30:02.235310Z","level":"info","event":"\u001b[0m12:30:02  Found 22 models, 96 data tests, 3 seeds, 2 snapshots, 8 sources, 844 macros","logger":"task.stdout"}
{"timestamp":"2026-09-05T12:30:02.235763Z","level":"info","event":"\u001b[0m12:30:02  [\u001b[33mWARNING\u001b[0m]: The selection criterion 'stg_reference_stores+' does not match any enabled nodes","logger":"task.stdout"}
{"timestamp":"2026-09-05T12:30:02.236092Z","level":"info","event":"\u001b[0m12:30:02  [\u001b[33mWARNING\u001b[0m]: No nodes selected!","logger":"task.stdout"}
{"timestamp":"2026-09-05T12:30:03.266371Z","level":"info","event":"Cosmos performance: time to calculate cache identifier cosmos_cache__verdanta_stores__dbt_sources for current version: 0.1628498090000221","logger":"cosmos.cache","filename":"cache.py","lineno":401}
{"timestamp":"2026-09-05T12:30:03.328809Z","level":"info","event":"Total nodes: 0","logger":"cosmos.dbt.graph","filename":"graph.py","lineno":799}
{"timestamp":"2026-09-05T12:30:03.329046Z","level":"info","event":"Total filtered nodes: 0","logger":"cosmos.dbt.graph","filename":"graph.py","lineno":800}
{"timestamp":"2026-09-05T12:30:03.329205Z","level":"info","event":"Cosmos performance (verdanta_stores__dbt_sources) - [993ed3b2f767|248]: It took 10.5s to parse the dbt project for DAG using LoadMode.DBT_LS","logger":"cosmos.converter","filename":"converter.py","lineno":371}
{"timestamp":"2026-09-05T12:30:03.331932Z","level":"info","event":"Cosmos performance (verdanta_stores__dbt_sources) - [993ed3b2f767|248]: It took 0.00272s to build the Airflow DAG.","logger":"cosmos.converter","filename":"converter.py","lineno":423}
{"timestamp":"2026-09-05T12:30:03.332051Z","level":"info","event":"::endgroup::Cosmos DAG parsing logs","logger":"cosmos.converter","filename":"converter.py","lineno":430}
{"timestamp":"2026-09-05T12:30:03.333046Z","level":"warning","event":"Using Variable.get from `airflow.models` is deprecated.Please use `get` on Variable from sdk(`airflow.sdk.Variable`) instead","category":"UserWarning","filename":"/home/airflow/.local/lib/python3.13/site-packages/airflow/models/variable.py","lineno":158,"logger":"py.warnings"}
{"timestamp":"2026-09-05T12:30:03.333150Z","level":"warning","event":"Valid config keys have changed in V2:\n* 'allow_population_by_field_name' has been renamed to 'validate_by_name'","category":"UserWarning","filename":"/home/airflow/.local/lib/python3.13/site-packages/pydantic/_internal/_config.py","lineno":383,"logger":"py.warnings"}
{"timestamp":"2026-09-05T12:30:03.333218Z","level":"warning","event":"Using Variable.set from `airflow.models` is deprecated.Please use `set` on Variable from sdk(`airflow.sdk.Variable`) instead","category":"UserWarning","filename":"/home/airflow/.local/lib/python3.13/site-packages/airflow/models/variable.py","lineno":218,"logger":"py.warnings"}
{"timestamp":"2026-09-05T12:30:34.129536Z","level":"info","event":"Filling up the DagBag from /opt/airflow/dags/verdanta_stores.py","logger":"airflow.dag_processing.dagbag.BundleDagBag","filename":"dagbag.py","lineno":469}
{"timestamp":"2026-09-05T12:30:34.209315Z","level":"info","event":"::group::Cosmos DAG parsing logs","logger":"cosmos.converter","filename":"converter.py","lineno":321}
{"timestamp":"2026-09-05T12:30:34.212533Z","level":"info","event":"Cosmos cache dir resolved to /tmp/cosmos/verdanta_stores__dbt_sources","logger":"cosmos.converter","filename":"converter.py","lineno":346}
{"timestamp":"2026-09-05T12:30:34.212876Z","level":"info","event":"Trying to parse the dbt project using dbt ls cache cosmos_cache__verdanta_stores__dbt_sources...","logger":"cosmos.dbt.graph","filename":"graph.py","lineno":869}
{"timestamp":"2026-09-05T12:30:34.358870Z","level":"info","event":"Cosmos performance: time to calculate cache identifier cosmos_cache__verdanta_stores__dbt_sources for current version: 0.12894103700000414","logger":"cosmos.cache","filename":"cache.py","lineno":401}
{"timestamp":"2026-09-05T12:30:34.359054Z","level":"info","event":"Cosmos performance: Cache miss for cosmos_cache__verdanta_stores__dbt_sources - skipped","logger":"cosmos.dbt.graph","filename":"graph.py","lineno":900}
{"timestamp":"2026-09-05T12:30:34.359191Z","level":"info","event":"Trying to parse the dbt project in `/opt/airflow/dbt/verdanta_project` using dbt ls...","logger":"cosmos.dbt.graph","filename":"graph.py","lineno":983}
{"timestamp":"2026-09-05T12:30:34.371866Z","level":"info","event":"Partial parse is enabled and the latest partial parse file is /tmp/cosmos/verdanta_stores__dbt_sources/target/partial_parse.msgpack","logger":"cosmos.dbt.graph","filename":"graph.py","lineno":1002}
{"timestamp":"2026-09-05T12:30:34.406433Z","level":"info","event":"Profile caching is enable.","logger":"cosmos.config","filename":"config.py","lineno":399}
{"timestamp":"2026-09-05T12:30:34.407382Z","level":"info","event":"Profile found in cache using profile: /tmp/cosmos/profile/88b0aa12559803c5b3e8b5b0cefa363d35d21cc93574699baf5727c52eda1f13/profiles.yml.","logger":"cosmos.config","filename":"config.py","lineno":379}
{"timestamp":"2026-09-05T12:30:36.180452Z","level":"info","event":"Running command with dbt Runner: `/home/airflow/.local/bin/dbt deps --project-dir /tmp/tmppnbqu_nt --profiles-dir /tmp/cosmos/profile/88b0aa12559803c5b3e8b5b0cefa363d35d21cc93574699baf5727c52eda1f13 --profile verdanta_project --target dev`","logger":"cosmos.dbt.graph","filename":"graph.py","lineno":361}
{"timestamp":"2026-09-05T12:30:36.180945Z","level":"info","event":"Trying to run dbtRunner with:\n ['deps', '--project-dir', '/tmp/tmppnbqu_nt', '--profiles-dir', '/tmp/cosmos/profile/88b0aa12559803c5b3e8b5b0cefa363d35d21cc93574699baf5727c52eda1f13', '--profile', 'verdanta_project', '--target', 'dev']\n in /tmp/tmppnbqu_nt","logger":"cosmos.dbt.runner","filename":"runner.py","lineno":95}
{"timestamp":"2026-09-05T12:30:36.278393Z","level":"info","event":"\u001b[0m12:30:36  Running with dbt=1.12.0","logger":"task.stdout"}
{"timestamp":"2026-09-05T12:30:36.683989Z","level":"info","event":"\u001b[0m12:30:36  Installing dbt-labs/dbt_utils","logger":"task.stdout"}
{"timestamp":"2026-09-05T12:30:37.132518Z","level":"info","event":"\u001b[0m12:30:37  Installed from version 1.4.1","logger":"task.stdout"}
{"timestamp":"2026-09-05T12:30:37.147622Z","level":"info","event":"\u001b[0m12:30:37  Up to date!","logger":"task.stdout"}
{"timestamp":"2026-09-05T12:30:37.872485Z","level":"info","event":"Running command with dbt Runner: `/home/airflow/.local/bin/dbt ls --output json --output-keys name unique_id resource_type depends_on original_file_path tags config freshness fqn --project-dir /tmp/tmppnbqu_nt --profiles-dir /tmp/cosmos/profile/88b0aa12559803c5b3e8b5b0cefa363d35d21cc93574699baf5727c52eda1f13 --profile verdanta_project --target dev --select stg_reference_stores+`","logger":"cosmos.dbt.graph","filename":"graph.py","lineno":361}
{"timestamp":"2026-09-05T12:30:37.872891Z","level":"info","event":"Trying to run dbtRunner with:\n ['ls', '--output', 'json', '--output-keys', 'name', 'unique_id', 'resource_type', 'depends_on', 'original_file_path', 'tags', 'config', 'freshness', 'fqn', '--project-dir', '/tmp/tmppnbqu_nt', '--profiles-dir', '/tmp/cosmos/profile/88b0aa12559803c5b3e8b5b0cefa363d35d21cc93574699baf5727c52eda1f13', '--profile', 'verdanta_project', '--target', 'dev', '--select', 'stg_reference_stores+']\n in /tmp/tmppnbqu_nt","logger":"cosmos.dbt.runner","filename":"runner.py","lineno":95}
{"timestamp":"2026-09-05T12:30:37.887262Z","level":"info","event":"\u001b[0m12:30:37  Running with dbt=1.12.0","logger":"task.stdout"}
{"timestamp":"2026-09-05T12:30:39.656840Z","level":"info","event":"\u001b[0m12:30:39  Registered adapter: databricks=1.10.9","logger":"task.stdout"}
{"timestamp":"2026-09-05T12:30:40.803026Z","level":"info","event":"\u001b[0m12:30:40  Found 22 models, 96 data tests, 3 seeds, 2 snapshots, 8 sources, 844 macros","logger":"task.stdout"}
{"timestamp":"2026-09-05T12:30:40.810847Z","level":"info","event":"\u001b[0m12:30:40  [\u001b[33mWARNING\u001b[0m]: The selection criterion 'stg_reference_stores+' does not match any enabled nodes","logger":"task.stdout"}
{"timestamp":"2026-09-05T12:30:40.811125Z","level":"info","event":"\u001b[0m12:30:40  [\u001b[33mWARNING\u001b[0m]: No nodes selected!","logger":"task.stdout"}
{"timestamp":"2026-09-05T12:30:41.737047Z","level":"info","event":"Cosmos performance: time to calculate cache identifier cosmos_cache__verdanta_stores__dbt_sources for current version: 0.12911738499997227","logger":"cosmos.cache","filename":"cache.py","lineno":401}
{"timestamp":"2026-09-05T12:30:41.773666Z","level":"info","event":"Total nodes: 0","logger":"cosmos.dbt.graph","filename":"graph.py","lineno":799}
{"timestamp":"2026-09-05T12:30:41.773843Z","level":"info","event":"Total filtered nodes: 0","logger":"cosmos.dbt.graph","filename":"graph.py","lineno":800}
{"timestamp":"2026-09-05T12:30:41.773947Z","level":"info","event":"Cosmos performance (verdanta_stores__dbt_sources) - [993ed3b2f767|284]: It took 7.56s to parse the dbt project for DAG using LoadMode.DBT_LS","logger":"cosmos.converter","filename":"converter.py","lineno":371}
{"timestamp":"2026-09-05T12:30:41.775955Z","level":"info","event":"Cosmos performance (verdanta_stores__dbt_sources) - [993ed3b2f767|284]: It took 0.00199s to build the Airflow DAG.","logger":"cosmos.converter","filename":"converter.py","lineno":423}
{"timestamp":"2026-09-05T12:30:41.776048Z","level":"info","event":"::endgroup::Cosmos DAG parsing logs","logger":"cosmos.converter","filename":"converter.py","lineno":430}
{"timestamp":"2026-09-05T12:30:41.776693Z","level":"warning","event":"Using Variable.get from `airflow.models` is deprecated.Please use `get` on Variable from sdk(`airflow.sdk.Variable`) instead","category":"UserWarning","filename":"/home/airflow/.local/lib/python3.13/site-packages/airflow/models/variable.py","lineno":158,"logger":"py.warnings"}
{"timestamp":"2026-09-05T12:30:41.776776Z","level":"warning","event":"Valid config keys have changed in V2:\n* 'allow_population_by_field_name' has been renamed to 'validate_by_name'","category":"UserWarning","filename":"/home/airflow/.local/lib/python3.13/site-packages/pydantic/_internal/_config.py","lineno":383,"logger":"py.warnings"}
{"timestamp":"2026-09-05T12:30:41.776838Z","level":"warning","event":"Using Variable.set from `airflow.models` is deprecated.Please use `set` on Variable from sdk(`airflow.sdk.Variable`) instead","category":"UserWarning","filename":"/home/airflow/.local/lib/python3.13/site-packages/airflow/models/variable.py","lineno":218,"logger":"py.warnings"}
{"timestamp":"2026-09-05T12:31:12.564955Z","level":"info","event":"Filling up the DagBag from /opt/airflow/dags/verdanta_stores.py","logger":"airflow.dag_processing.dagbag.BundleDagBag","filename":"dagbag.py","lineno":469}
{"timestamp":"2026-09-05T12:31:12.639150Z","level":"info","event":"::group::Cosmos DAG parsing logs","logger":"cosmos.converter","filename":"converter.py","lineno":321}
{"timestamp":"2026-09-05T12:31:12.642945Z","level":"info","event":"Cosmos cache dir resolved to /tmp/cosmos/verdanta_stores__dbt_sources","logger":"cosmos.converter","filename":"converter.py","lineno":346}
{"timestamp":"2026-09-05T12:31:12.643179Z","level":"info","event":"Trying to parse the dbt project using dbt ls cache cosmos_cache__verdanta_stores__dbt_sources...","logger":"cosmos.dbt.graph","filename":"graph.py","lineno":869}
{"timestamp":"2026-09-05T12:31:12.811368Z","level":"info","event":"Cosmos performance: time to calculate cache identifier cosmos_cache__verdanta_stores__dbt_sources for current version: 0.15059643499995445","logger":"cosmos.cache","filename":"cache.py","lineno":401}
{"timestamp":"2026-09-05T12:31:12.811579Z","level":"info","event":"Cosmos performance: Cache miss for cosmos_cache__verdanta_stores__dbt_sources - skipped","logger":"cosmos.dbt.graph","filename":"graph.py","lineno":900}
{"timestamp":"2026-09-05T12:31:12.811754Z","level":"info","event":"Trying to parse the dbt project in `/opt/airflow/dbt/verdanta_project` using dbt ls...","logger":"cosmos.dbt.graph","filename":"graph.py","lineno":983}
{"timestamp":"2026-09-05T12:31:12.826425Z","level":"info","event":"Partial parse is enabled and the latest partial parse file is /tmp/cosmos/verdanta_stores__dbt_sources/target/partial_parse.msgpack","logger":"cosmos.dbt.graph","filename":"graph.py","lineno":1002}
{"timestamp":"2026-09-05T12:31:12.858624Z","level":"info","event":"Profile caching is enable.","logger":"cosmos.config","filename":"config.py","lineno":399}
{"timestamp":"2026-09-05T12:31:12.859095Z","level":"info","event":"Profile found in cache using profile: /tmp/cosmos/profile/88b0aa12559803c5b3e8b5b0cefa363d35d21cc93574699baf5727c52eda1f13/profiles.yml.","logger":"cosmos.config","filename":"config.py","lineno":379}
{"timestamp":"2026-09-05T12:31:14.687993Z","level":"info","event":"Running command with dbt Runner: `/home/airflow/.local/bin/dbt deps --project-dir /tmp/tmpbckt1p3l --profiles-dir /tmp/cosmos/profile/88b0aa12559803c5b3e8b5b0cefa363d35d21cc93574699baf5727c52eda1f13 --profile verdanta_project --target dev`","logger":"cosmos.dbt.graph","filename":"graph.py","lineno":361}
{"timestamp":"2026-09-05T12:31:14.688403Z","level":"info","event":"Trying to run dbtRunner with:\n ['deps', '--project-dir', '/tmp/tmpbckt1p3l', '--profiles-dir', '/tmp/cosmos/profile/88b0aa12559803c5b3e8b5b0cefa363d35d21cc93574699baf5727c52eda1f13', '--profile', 'verdanta_project', '--target', 'dev']\n in /tmp/tmpbckt1p3l","logger":"cosmos.dbt.runner","filename":"runner.py","lineno":95}
{"timestamp":"2026-09-05T12:31:14.786404Z","level":"info","event":"\u001b[0m12:31:14  Running with dbt=1.12.0","logger":"task.stdout"}
{"timestamp":"2026-09-05T12:31:15.089261Z","level":"info","event":"\u001b[0m12:31:15  Installing dbt-labs/dbt_utils","logger":"task.stdout"}
{"timestamp":"2026-09-05T12:31:15.584626Z","level":"info","event":"\u001b[0m12:31:15  Installed from version 1.4.1","logger":"task.stdout"}
{"timestamp":"2026-09-05T12:31:15.591785Z","level":"info","event":"\u001b[0m12:31:15  Up to date!","logger":"task.stdout"}
{"timestamp":"2026-09-05T12:31:16.274498Z","level":"info","event":"Running command with dbt Runner: `/home/airflow/.local/bin/dbt ls --output json --output-keys name unique_id resource_type depends_on original_file_path tags config freshness fqn --project-dir /tmp/tmpbckt1p3l --profiles-dir /tmp/cosmos/profile/88b0aa12559803c5b3e8b5b0cefa363d35d21cc93574699baf5727c52eda1f13 --profile verdanta_project --target dev --select stg_reference_stores+`","logger":"cosmos.dbt.graph","filename":"graph.py","lineno":361}
{"timestamp":"2026-09-05T12:31:16.274813Z","level":"info","event":"Trying to run dbtRunner with:\n ['ls', '--output', 'json', '--output-keys', 'name', 'unique_id', 'resource_type', 'depends_on', 'original_file_path', 'tags', 'config', 'freshness', 'fqn', '--project-dir', '/tmp/tmpbckt1p3l', '--profiles-dir', '/tmp/cosmos/profile/88b0aa12559803c5b3e8b5b0cefa363d35d21cc93574699baf5727c52eda1f13', '--profile', 'verdanta_project', '--target', 'dev', '--select', 'stg_reference_stores+']\n in /tmp/tmpbckt1p3l","logger":"cosmos.dbt.runner","filename":"runner.py","lineno":95}
{"timestamp":"2026-09-05T12:31:16.288167Z","level":"info","event":"\u001b[0m12:31:16  Running with dbt=1.12.0","logger":"task.stdout"}
{"timestamp":"2026-09-05T12:31:17.933710Z","level":"info","event":"\u001b[0m12:31:17  Registered adapter: databricks=1.10.9","logger":"task.stdout"}
{"timestamp":"2026-09-05T12:31:19.185663Z","level":"info","event":"\u001b[0m12:31:19  Found 22 models, 96 data tests, 3 seeds, 2 snapshots, 8 sources, 844 macros","logger":"task.stdout"}
{"timestamp":"2026-09-05T12:31:19.194369Z","level":"info","event":"\u001b[0m12:31:19  [\u001b[33mWARNING\u001b[0m]: The selection criterion 'stg_reference_stores+' does not match any enabled nodes","logger":"task.stdout"}
{"timestamp":"2026-09-05T12:31:19.194765Z","level":"info","event":"\u001b[0m12:31:19  [\u001b[33mWARNING\u001b[0m]: No nodes selected!","logger":"task.stdout"}
{"timestamp":"2026-09-05T12:31:20.149519Z","level":"info","event":"Cosmos performance: time to calculate cache identifier cosmos_cache__verdanta_stores__dbt_sources for current version: 0.14641917600005172","logger":"cosmos.cache","filename":"cache.py","lineno":401}
{"timestamp":"2026-09-05T12:31:20.201164Z","level":"info","event":"Total nodes: 0","logger":"cosmos.dbt.graph","filename":"graph.py","lineno":799}
{"timestamp":"2026-09-05T12:31:20.201348Z","level":"info","event":"Total filtered nodes: 0","logger":"cosmos.dbt.graph","filename":"graph.py","lineno":800}
{"timestamp":"2026-09-05T12:31:20.201454Z","level":"info","event":"Cosmos performance (verdanta_stores__dbt_sources) - [993ed3b2f767|326]: It took 7.56s to parse the dbt project for DAG using LoadMode.DBT_LS","logger":"cosmos.converter","filename":"converter.py","lineno":371}
{"timestamp":"2026-09-05T12:31:20.203889Z","level":"info","event":"Cosmos performance (verdanta_stores__dbt_sources) - [993ed3b2f767|326]: It took 0.0024s to build the Airflow DAG.","logger":"cosmos.converter","filename":"converter.py","lineno":423}
{"timestamp":"2026-09-05T12:31:20.204057Z","level":"info","event":"::endgroup::Cosmos DAG parsing logs","logger":"cosmos.converter","filename":"converter.py","lineno":430}
{"timestamp":"2026-09-05T12:31:20.204750Z","level":"warning","event":"Using Variable.get from `airflow.models` is deprecated.Please use `get` on Variable from sdk(`airflow.sdk.Variable`) instead","category":"UserWarning","filename":"/home/airflow/.local/lib/python3.13/site-packages/airflow/models/variable.py","lineno":158,"logger":"py.warnings"}
{"timestamp":"2026-09-05T12:31:20.204855Z","level":"warning","event":"Valid config keys have changed in V2:\n* 'allow_population_by_field_name' has been renamed to 'validate_by_name'","category":"UserWarning","filename":"/home/airflow/.local/lib/python3.13/site-packages/pydantic/_internal/_config.py","lineno":383,"logger":"py.warnings"}
{"timestamp":"2026-09-05T12:31:20.204925Z","level":"warning","event":"Using Variable.set from `airflow.models` is deprecated.Please use `set` on Variable from sdk(`airflow.sdk.Variable`) instead","category":"UserWarning","filename":"/home/airflow/.local/lib/python3.13/site-packages/airflow/models/variable.py","lineno":218,"logger":"py.warnings"}
{"timestamp":"2026-09-05T12:31:51.114646Z","level":"info","event":"Filling up the DagBag from /opt/airflow/dags/verdanta_stores.py","logger":"airflow.dag_processing.dagbag.BundleDagBag","filename":"dagbag.py","lineno":469}
{"timestamp":"2026-09-05T12:31:51.190151Z","level":"info","event":"::group::Cosmos DAG parsing logs","logger":"cosmos.converter","filename":"converter.py","lineno":321}
{"timestamp":"2026-09-05T12:31:51.193849Z","level":"info","event":"Cosmos cache dir resolved to /tmp/cosmos/verdanta_stores__dbt_sources","logger":"cosmos.converter","filename":"converter.py","lineno":346}
{"timestamp":"2026-09-05T12:31:51.194064Z","level":"info","event":"Trying to parse the dbt project using dbt ls cache cosmos_cache__verdanta_stores__dbt_sources...","logger":"cosmos.dbt.graph","filename":"graph.py","lineno":869}
{"timestamp":"2026-09-05T12:31:51.342227Z","level":"info","event":"Cosmos performance: time to calculate cache identifier cosmos_cache__verdanta_stores__dbt_sources for current version: 0.1336257589999832","logger":"cosmos.cache","filename":"cache.py","lineno":401}
{"timestamp":"2026-09-05T12:31:51.342394Z","level":"info","event":"Cosmos performance: Cache miss for cosmos_cache__verdanta_stores__dbt_sources - skipped","logger":"cosmos.dbt.graph","filename":"graph.py","lineno":900}
{"timestamp":"2026-09-05T12:31:51.342528Z","level":"info","event":"Trying to parse the dbt project in `/opt/airflow/dbt/verdanta_project` using dbt ls...","logger":"cosmos.dbt.graph","filename":"graph.py","lineno":983}
{"timestamp":"2026-09-05T12:31:51.357180Z","level":"info","event":"Partial parse is enabled and the latest partial parse file is /tmp/cosmos/verdanta_stores__dbt_sources/target/partial_parse.msgpack","logger":"cosmos.dbt.graph","filename":"graph.py","lineno":1002}
{"timestamp":"2026-09-05T12:31:51.388481Z","level":"info","event":"Profile caching is enable.","logger":"cosmos.config","filename":"config.py","lineno":399}
{"timestamp":"2026-09-05T12:31:51.388880Z","level":"info","event":"Profile found in cache using profile: /tmp/cosmos/profile/88b0aa12559803c5b3e8b5b0cefa363d35d21cc93574699baf5727c52eda1f13/profiles.yml.","logger":"cosmos.config","filename":"config.py","lineno":379}
{"timestamp":"2026-09-05T12:31:53.180024Z","level":"info","event":"Running command with dbt Runner: `/home/airflow/.local/bin/dbt deps --project-dir /tmp/tmpo5nzb4qr --profiles-dir /tmp/cosmos/profile/88b0aa12559803c5b3e8b5b0cefa363d35d21cc93574699baf5727c52eda1f13 --profile verdanta_project --target dev`","logger":"cosmos.dbt.graph","filename":"graph.py","lineno":361}
{"timestamp":"2026-09-05T12:31:53.180488Z","level":"info","event":"Trying to run dbtRunner with:\n ['deps', '--project-dir', '/tmp/tmpo5nzb4qr', '--profiles-dir', '/tmp/cosmos/profile/88b0aa12559803c5b3e8b5b0cefa363d35d21cc93574699baf5727c52eda1f13', '--profile', 'verdanta_project', '--target', 'dev']\n in /tmp/tmpo5nzb4qr","logger":"cosmos.dbt.runner","filename":"runner.py","lineno":95}
{"timestamp":"2026-09-05T12:31:53.279593Z","level":"info","event":"\u001b[0m12:31:53  Running with dbt=1.12.0","logger":"task.stdout"}
{"timestamp":"2026-09-05T12:31:53.587763Z","level":"info","event":"\u001b[0m12:31:53  Installing dbt-labs/dbt_utils","logger":"task.stdout"}
{"timestamp":"2026-09-05T12:31:54.058136Z","level":"info","event":"\u001b[0m12:31:54  Installed from version 1.4.1","logger":"task.stdout"}
{"timestamp":"2026-09-05T12:31:54.065036Z","level":"info","event":"\u001b[0m12:31:54  Up to date!","logger":"task.stdout"}
{"timestamp":"2026-09-05T12:31:54.747667Z","level":"info","event":"Running command with dbt Runner: `/home/airflow/.local/bin/dbt ls --output json --output-keys name unique_id resource_type depends_on original_file_path tags config freshness fqn --project-dir /tmp/tmpo5nzb4qr --profiles-dir /tmp/cosmos/profile/88b0aa12559803c5b3e8b5b0cefa363d35d21cc93574699baf5727c52eda1f13 --profile verdanta_project --target dev --select stg_reference_stores+`","logger":"cosmos.dbt.graph","filename":"graph.py","lineno":361}
{"timestamp":"2026-09-05T12:31:54.747971Z","level":"info","event":"Trying to run dbtRunner with:\n ['ls', '--output', 'json', '--output-keys', 'name', 'unique_id', 'resource_type', 'depends_on', 'original_file_path', 'tags', 'config', 'freshness', 'fqn', '--project-dir', '/tmp/tmpo5nzb4qr', '--profiles-dir', '/tmp/cosmos/profile/88b0aa12559803c5b3e8b5b0cefa363d35d21cc93574699baf5727c52eda1f13', '--profile', 'verdanta_project', '--target', 'dev', '--select', 'stg_reference_stores+']\n in /tmp/tmpo5nzb4qr","logger":"cosmos.dbt.runner","filename":"runner.py","lineno":95}
{"timestamp":"2026-09-05T12:31:54.762151Z","level":"info","event":"\u001b[0m12:31:54  Running with dbt=1.12.0","logger":"task.stdout"}
{"timestamp":"2026-09-05T12:31:56.440256Z","level":"info","event":"\u001b[0m12:31:56  Registered adapter: databricks=1.10.9","logger":"task.stdout"}
{"timestamp":"2026-09-05T12:31:57.606338Z","level":"info","event":"\u001b[0m12:31:57  Found 22 models, 96 data tests, 3 seeds, 2 snapshots, 8 sources, 844 macros","logger":"task.stdout"}
{"timestamp":"2026-09-05T12:31:57.613973Z","level":"info","event":"\u001b[0m12:31:57  [\u001b[33mWARNING\u001b[0m]: The selection criterion 'stg_reference_stores+' does not match any enabled nodes","logger":"task.stdout"}
{"timestamp":"2026-09-05T12:31:57.614279Z","level":"info","event":"\u001b[0m12:31:57  [\u001b[33mWARNING\u001b[0m]: No nodes selected!","logger":"task.stdout"}
{"timestamp":"2026-09-05T12:31:58.504863Z","level":"info","event":"Cosmos performance: time to calculate cache identifier cosmos_cache__verdanta_stores__dbt_sources for current version: 0.13025279700002557","logger":"cosmos.cache","filename":"cache.py","lineno":401}
{"timestamp":"2026-09-05T12:31:58.541404Z","level":"info","event":"Total nodes: 0","logger":"cosmos.dbt.graph","filename":"graph.py","lineno":799}
{"timestamp":"2026-09-05T12:31:58.541616Z","level":"info","event":"Total filtered nodes: 0","logger":"cosmos.dbt.graph","filename":"graph.py","lineno":800}
{"timestamp":"2026-09-05T12:31:58.541747Z","level":"info","event":"Cosmos performance (verdanta_stores__dbt_sources) - [993ed3b2f767|362]: It took 7.35s to parse the dbt project for DAG using LoadMode.DBT_LS","logger":"cosmos.converter","filename":"converter.py","lineno":371}
{"timestamp":"2026-09-05T12:31:58.543739Z","level":"info","event":"Cosmos performance (verdanta_stores__dbt_sources) - [993ed3b2f767|362]: It took 0.00199s to build the Airflow DAG.","logger":"cosmos.converter","filename":"converter.py","lineno":423}
{"timestamp":"2026-09-05T12:31:58.543838Z","level":"info","event":"::endgroup::Cosmos DAG parsing logs","logger":"cosmos.converter","filename":"converter.py","lineno":430}
{"timestamp":"2026-09-05T12:31:58.544446Z","level":"warning","event":"Using Variable.get from `airflow.models` is deprecated.Please use `get` on Variable from sdk(`airflow.sdk.Variable`) instead","category":"UserWarning","filename":"/home/airflow/.local/lib/python3.13/site-packages/airflow/models/variable.py","lineno":158,"logger":"py.warnings"}
{"timestamp":"2026-09-05T12:31:58.544530Z","level":"warning","event":"Valid config keys have changed in V2:\n* 'allow_population_by_field_name' has been renamed to 'validate_by_name'","category":"UserWarning","filename":"/home/airflow/.local/lib/python3.13/site-packages/pydantic/_internal/_config.py","lineno":383,"logger":"py.warnings"}
{"timestamp":"2026-09-05T12:31:58.544594Z","level":"warning","event":"Using Variable.set from `airflow.models` is deprecated.Please use `set` on Variable from sdk(`airflow.sdk.Variable`) instead","category":"UserWarning","filename":"/home/airflow/.local/lib/python3.13/site-packages/airflow/models/variable.py","lineno":218,"logger":"py.warnings"}
{"timestamp":"2026-09-05T12:32:29.396913Z","level":"info","event":"Filling up the DagBag from /opt/airflow/dags/verdanta_stores.py","logger":"airflow.dag_processing.dagbag.BundleDagBag","filename":"dagbag.py","lineno":469}
{"timestamp":"2026-09-05T12:32:29.468855Z","level":"info","event":"::group::Cosmos DAG parsing logs","logger":"cosmos.converter","filename":"converter.py","lineno":321}
{"timestamp":"2026-09-05T12:32:29.472486Z","level":"info","event":"Cosmos cache dir resolved to /tmp/cosmos/verdanta_stores__dbt_sources","logger":"cosmos.converter","filename":"converter.py","lineno":346}
{"timestamp":"2026-09-05T12:32:29.472757Z","level":"info","event":"Trying to parse the dbt project using dbt ls cache cosmos_cache__verdanta_stores__dbt_sources...","logger":"cosmos.dbt.graph","filename":"graph.py","lineno":869}
{"timestamp":"2026-09-05T12:32:29.635554Z","level":"info","event":"Cosmos performance: time to calculate cache identifier cosmos_cache__verdanta_stores__dbt_sources for current version: 0.14400228800002424","logger":"cosmos.cache","filename":"cache.py","lineno":401}
{"timestamp":"2026-09-05T12:32:29.635773Z","level":"info","event":"Cosmos performance: Cache miss for cosmos_cache__verdanta_stores__dbt_sources - skipped","logger":"cosmos.dbt.graph","filename":"graph.py","lineno":900}
{"timestamp":"2026-09-05T12:32:29.635936Z","level":"info","event":"Trying to parse the dbt project in `/opt/airflow/dbt/verdanta_project` using dbt ls...","logger":"cosmos.dbt.graph","filename":"graph.py","lineno":983}
{"timestamp":"2026-09-05T12:32:29.652638Z","level":"info","event":"Partial parse is enabled and the latest partial parse file is /tmp/cosmos/verdanta_stores__dbt_sources/target/partial_parse.msgpack","logger":"cosmos.dbt.graph","filename":"graph.py","lineno":1002}
{"timestamp":"2026-09-05T12:32:29.690683Z","level":"info","event":"Profile caching is enable.","logger":"cosmos.config","filename":"config.py","lineno":399}
{"timestamp":"2026-09-05T12:32:29.691309Z","level":"info","event":"Profile found in cache using profile: /tmp/cosmos/profile/88b0aa12559803c5b3e8b5b0cefa363d35d21cc93574699baf5727c52eda1f13/profiles.yml.","logger":"cosmos.config","filename":"config.py","lineno":379}
{"timestamp":"2026-09-05T12:32:31.487760Z","level":"info","event":"Running command with dbt Runner: `/home/airflow/.local/bin/dbt deps --project-dir /tmp/tmpi5ljwcp0 --profiles-dir /tmp/cosmos/profile/88b0aa12559803c5b3e8b5b0cefa363d35d21cc93574699baf5727c52eda1f13 --profile verdanta_project --target dev`","logger":"cosmos.dbt.graph","filename":"graph.py","lineno":361}
{"timestamp":"2026-09-05T12:32:31.488134Z","level":"info","event":"Trying to run dbtRunner with:\n ['deps', '--project-dir', '/tmp/tmpi5ljwcp0', '--profiles-dir', '/tmp/cosmos/profile/88b0aa12559803c5b3e8b5b0cefa363d35d21cc93574699baf5727c52eda1f13', '--profile', 'verdanta_project', '--target', 'dev']\n in /tmp/tmpi5ljwcp0","logger":"cosmos.dbt.runner","filename":"runner.py","lineno":95}
{"timestamp":"2026-09-05T12:32:31.624230Z","level":"info","event":"\u001b[0m12:32:31  Running with dbt=1.12.0","logger":"task.stdout"}
{"timestamp":"2026-09-05T12:32:31.951020Z","level":"info","event":"\u001b[0m12:32:31  Installing dbt-labs/dbt_utils","logger":"task.stdout"}
{"timestamp":"2026-09-05T12:32:32.466784Z","level":"info","event":"\u001b[0m12:32:32  Installed from version 1.4.1","logger":"task.stdout"}
{"timestamp":"2026-09-05T12:32:32.481450Z","level":"info","event":"\u001b[0m12:32:32  Up to date!","logger":"task.stdout"}
{"timestamp":"2026-09-05T12:32:33.188694Z","level":"info","event":"Running command with dbt Runner: `/home/airflow/.local/bin/dbt ls --output json --output-keys name unique_id resource_type depends_on original_file_path tags config freshness fqn --project-dir /tmp/tmpi5ljwcp0 --profiles-dir /tmp/cosmos/profile/88b0aa12559803c5b3e8b5b0cefa363d35d21cc93574699baf5727c52eda1f13 --profile verdanta_project --target dev --select stg_reference_stores+`","logger":"cosmos.dbt.graph","filename":"graph.py","lineno":361}
{"timestamp":"2026-09-05T12:32:33.189032Z","level":"info","event":"Trying to run dbtRunner with:\n ['ls', '--output', 'json', '--output-keys', 'name', 'unique_id', 'resource_type', 'depends_on', 'original_file_path', 'tags', 'config', 'freshness', 'fqn', '--project-dir', '/tmp/tmpi5ljwcp0', '--profiles-dir', '/tmp/cosmos/profile/88b0aa12559803c5b3e8b5b0cefa363d35d21cc93574699baf5727c52eda1f13', '--profile', 'verdanta_project', '--target', 'dev', '--select', 'stg_reference_stores+']\n in /tmp/tmpi5ljwcp0","logger":"cosmos.dbt.runner","filename":"runner.py","lineno":95}
{"timestamp":"2026-09-05T12:32:33.202932Z","level":"info","event":"\u001b[0m12:32:33  Running with dbt=1.12.0","logger":"task.stdout"}
{"timestamp":"2026-09-05T12:32:35.021316Z","level":"info","event":"\u001b[0m12:32:35  Registered adapter: databricks=1.10.9","logger":"task.stdout"}
{"timestamp":"2026-09-05T12:32:36.331819Z","level":"info","event":"\u001b[0m12:32:36  Found 22 models, 96 data tests, 3 seeds, 2 snapshots, 8 sources, 844 macros","logger":"task.stdout"}
{"timestamp":"2026-09-05T12:32:36.339941Z","level":"info","event":"\u001b[0m12:32:36  [\u001b[33mWARNING\u001b[0m]: The selection criterion 'stg_reference_stores+' does not match any enabled nodes","logger":"task.stdout"}
{"timestamp":"2026-09-05T12:32:36.341645Z","level":"info","event":"\u001b[0m12:32:36  [\u001b[33mWARNING\u001b[0m]: No nodes selected!","logger":"task.stdout"}
{"timestamp":"2026-09-05T12:32:37.352168Z","level":"info","event":"Cosmos performance: time to calculate cache identifier cosmos_cache__verdanta_stores__dbt_sources for current version: 0.16302108900003986","logger":"cosmos.cache","filename":"cache.py","lineno":401}
{"timestamp":"2026-09-05T12:32:37.401800Z","level":"info","event":"Total nodes: 0","logger":"cosmos.dbt.graph","filename":"graph.py","lineno":799}
{"timestamp":"2026-09-05T12:32:37.402083Z","level":"info","event":"Total filtered nodes: 0","logger":"cosmos.dbt.graph","filename":"graph.py","lineno":800}
{"timestamp":"2026-09-05T12:32:37.402289Z","level":"info","event":"Cosmos performance (verdanta_stores__dbt_sources) - [993ed3b2f767|398]: It took 7.93s to parse the dbt project for DAG using LoadMode.DBT_LS","logger":"cosmos.converter","filename":"converter.py","lineno":371}
{"timestamp":"2026-09-05T12:32:37.404723Z","level":"info","event":"Cosmos performance (verdanta_stores__dbt_sources) - [993ed3b2f767|398]: It took 0.00246s to build the Airflow DAG.","logger":"cosmos.converter","filename":"converter.py","lineno":423}
{"timestamp":"2026-09-05T12:32:37.404859Z","level":"info","event":"::endgroup::Cosmos DAG parsing logs","logger":"cosmos.converter","filename":"converter.py","lineno":430}
{"timestamp":"2026-09-05T12:32:37.406273Z","level":"warning","event":"Using Variable.get from `airflow.models` is deprecated.Please use `get` on Variable from sdk(`airflow.sdk.Variable`) instead","category":"UserWarning","filename":"/home/airflow/.local/lib/python3.13/site-packages/airflow/models/variable.py","lineno":158,"logger":"py.warnings"}
{"timestamp":"2026-09-05T12:32:37.406432Z","level":"warning","event":"Valid config keys have changed in V2:\n* 'allow_population_by_field_name' has been renamed to 'validate_by_name'","category":"UserWarning","filename":"/home/airflow/.local/lib/python3.13/site-packages/pydantic/_internal/_config.py","lineno":383,"logger":"py.warnings"}
{"timestamp":"2026-09-05T12:32:37.406526Z","level":"warning","event":"Using Variable.set from `airflow.models` is deprecated.Please use `set` on Variable from sdk(`airflow.sdk.Variable`) instead","category":"UserWarning","filename":"/home/airflow/.local/lib/python3.13/site-packages/airflow/models/variable.py","lineno":218,"logger":"py.warnings"}
{"timestamp":"2026-09-05T12:33:08.244890Z","level":"info","event":"Filling up the DagBag from /opt/airflow/dags/verdanta_stores.py","logger":"airflow.dag_processing.dagbag.BundleDagBag","filename":"dagbag.py","lineno":469}
{"timestamp":"2026-09-05T12:33:08.310837Z","level":"info","event":"::group::Cosmos DAG parsing logs","logger":"cosmos.converter","filename":"converter.py","lineno":321}
{"timestamp":"2026-09-05T12:33:08.314113Z","level":"info","event":"Cosmos cache dir resolved to /tmp/cosmos/verdanta_stores__dbt_sources","logger":"cosmos.converter","filename":"converter.py","lineno":346}
{"timestamp":"2026-09-05T12:33:08.314369Z","level":"info","event":"Trying to parse the dbt project using dbt ls cache cosmos_cache__verdanta_stores__dbt_sources...","logger":"cosmos.dbt.graph","filename":"graph.py","lineno":869}
{"timestamp":"2026-09-05T12:33:08.486000Z","level":"info","event":"Cosmos performance: time to calculate cache identifier cosmos_cache__verdanta_stores__dbt_sources for current version: 0.15559596600002124","logger":"cosmos.cache","filename":"cache.py","lineno":401}
{"timestamp":"2026-09-05T12:33:08.486266Z","level":"info","event":"Cosmos performance: Cache miss for cosmos_cache__verdanta_stores__dbt_sources - skipped","logger":"cosmos.dbt.graph","filename":"graph.py","lineno":900}
{"timestamp":"2026-09-05T12:33:08.486413Z","level":"info","event":"Trying to parse the dbt project in `/opt/airflow/dbt/verdanta_project` using dbt ls...","logger":"cosmos.dbt.graph","filename":"graph.py","lineno":983}
{"timestamp":"2026-09-05T12:33:08.507369Z","level":"info","event":"Partial parse is enabled and the latest partial parse file is /tmp/cosmos/verdanta_stores__dbt_sources/target/partial_parse.msgpack","logger":"cosmos.dbt.graph","filename":"graph.py","lineno":1002}
{"timestamp":"2026-09-05T12:33:08.534157Z","level":"info","event":"Profile caching is enable.","logger":"cosmos.config","filename":"config.py","lineno":399}
{"timestamp":"2026-09-05T12:33:08.534551Z","level":"info","event":"Profile found in cache using profile: /tmp/cosmos/profile/88b0aa12559803c5b3e8b5b0cefa363d35d21cc93574699baf5727c52eda1f13/profiles.yml.","logger":"cosmos.config","filename":"config.py","lineno":379}
{"timestamp":"2026-09-05T12:33:10.817938Z","level":"info","event":"Running command with dbt Runner: `/home/airflow/.local/bin/dbt deps --project-dir /tmp/tmp9pki3xf2 --profiles-dir /tmp/cosmos/profile/88b0aa12559803c5b3e8b5b0cefa363d35d21cc93574699baf5727c52eda1f13 --profile verdanta_project --target dev`","logger":"cosmos.dbt.graph","filename":"graph.py","lineno":361}
{"timestamp":"2026-09-05T12:33:10.818457Z","level":"info","event":"Trying to run dbtRunner with:\n ['deps', '--project-dir', '/tmp/tmp9pki3xf2', '--profiles-dir', '/tmp/cosmos/profile/88b0aa12559803c5b3e8b5b0cefa363d35d21cc93574699baf5727c52eda1f13', '--profile', 'verdanta_project', '--target', 'dev']\n in /tmp/tmp9pki3xf2","logger":"cosmos.dbt.runner","filename":"runner.py","lineno":95}
{"timestamp":"2026-09-05T12:33:10.933130Z","level":"info","event":"\u001b[0m12:33:10  Running with dbt=1.12.0","logger":"task.stdout"}
{"timestamp":"2026-09-05T12:33:11.283299Z","level":"info","event":"\u001b[0m12:33:11  Installing dbt-labs/dbt_utils","logger":"task.stdout"}
{"timestamp":"2026-09-05T12:33:11.738597Z","level":"info","event":"\u001b[0m12:33:11  Installed from version 1.4.1","logger":"task.stdout"}
{"timestamp":"2026-09-05T12:33:11.747433Z","level":"info","event":"\u001b[0m12:33:11  Up to date!","logger":"task.stdout"}
{"timestamp":"2026-09-05T12:33:12.463840Z","level":"info","event":"Running command with dbt Runner: `/home/airflow/.local/bin/dbt ls --output json --output-keys name unique_id resource_type depends_on original_file_path tags config freshness fqn --project-dir /tmp/tmp9pki3xf2 --profiles-dir /tmp/cosmos/profile/88b0aa12559803c5b3e8b5b0cefa363d35d21cc93574699baf5727c52eda1f13 --profile verdanta_project --target dev --select stg_reference_stores+`","logger":"cosmos.dbt.graph","filename":"graph.py","lineno":361}
{"timestamp":"2026-09-05T12:33:12.464188Z","level":"info","event":"Trying to run dbtRunner with:\n ['ls', '--output', 'json', '--output-keys', 'name', 'unique_id', 'resource_type', 'depends_on', 'original_file_path', 'tags', 'config', 'freshness', 'fqn', '--project-dir', '/tmp/tmp9pki3xf2', '--profiles-dir', '/tmp/cosmos/profile/88b0aa12559803c5b3e8b5b0cefa363d35d21cc93574699baf5727c52eda1f13', '--profile', 'verdanta_project', '--target', 'dev', '--select', 'stg_reference_stores+']\n in /tmp/tmp9pki3xf2","logger":"cosmos.dbt.runner","filename":"runner.py","lineno":95}
{"timestamp":"2026-09-05T12:33:12.480505Z","level":"info","event":"\u001b[0m12:33:12  Running with dbt=1.12.0","logger":"task.stdout"}
{"timestamp":"2026-09-05T12:33:14.277945Z","level":"info","event":"\u001b[0m12:33:14  Registered adapter: databricks=1.10.9","logger":"task.stdout"}
{"timestamp":"2026-09-05T12:33:15.491989Z","level":"info","event":"\u001b[0m12:33:15  Found 22 models, 96 data tests, 3 seeds, 2 snapshots, 8 sources, 844 macros","logger":"task.stdout"}
{"timestamp":"2026-09-05T12:33:15.499168Z","level":"info","event":"\u001b[0m12:33:15  [\u001b[33mWARNING\u001b[0m]: The selection criterion 'stg_reference_stores+' does not match any enabled nodes","logger":"task.stdout"}
{"timestamp":"2026-09-05T12:33:15.499523Z","level":"info","event":"\u001b[0m12:33:15  [\u001b[33mWARNING\u001b[0m]: No nodes selected!","logger":"task.stdout"}
{"timestamp":"2026-09-05T12:33:16.400307Z","level":"info","event":"Cosmos performance: time to calculate cache identifier cosmos_cache__verdanta_stores__dbt_sources for current version: 0.13993251399995188","logger":"cosmos.cache","filename":"cache.py","lineno":401}
{"timestamp":"2026-09-05T12:33:16.439164Z","level":"info","event":"Total nodes: 0","logger":"cosmos.dbt.graph","filename":"graph.py","lineno":799}
{"timestamp":"2026-09-05T12:33:16.439361Z","level":"info","event":"Total filtered nodes: 0","logger":"cosmos.dbt.graph","filename":"graph.py","lineno":800}
{"timestamp":"2026-09-05T12:33:16.439462Z","level":"info","event":"Cosmos performance (verdanta_stores__dbt_sources) - [993ed3b2f767|434]: It took 8.13s to parse the dbt project for DAG using LoadMode.DBT_LS","logger":"cosmos.converter","filename":"converter.py","lineno":371}
{"timestamp":"2026-09-05T12:33:16.441710Z","level":"info","event":"Cosmos performance (verdanta_stores__dbt_sources) - [993ed3b2f767|434]: It took 0.00221s to build the Airflow DAG.","logger":"cosmos.converter","filename":"converter.py","lineno":423}
{"timestamp":"2026-09-05T12:33:16.441844Z","level":"info","event":"::endgroup::Cosmos DAG parsing logs","logger":"cosmos.converter","filename":"converter.py","lineno":430}
{"timestamp":"2026-09-05T12:33:16.442469Z","level":"warning","event":"Using Variable.get from `airflow.models` is deprecated.Please use `get` on Variable from sdk(`airflow.sdk.Variable`) instead","category":"UserWarning","filename":"/home/airflow/.local/lib/python3.13/site-packages/airflow/models/variable.py","lineno":158,"logger":"py.warnings"}
{"timestamp":"2026-09-05T12:33:16.442568Z","level":"warning","event":"Valid config keys have changed in V2:\n* 'allow_population_by_field_name' has been renamed to 'validate_by_name'","category":"UserWarning","filename":"/home/airflow/.local/lib/python3.13/site-packages/pydantic/_internal/_config.py","lineno":383,"logger":"py.warnings"}
{"timestamp":"2026-09-05T12:33:16.442668Z","level":"warning","event":"Using Variable.set from `airflow.models` is deprecated.Please use `set` on Variable from sdk(`airflow.sdk.Variable`) instead","category":"UserWarning","filename":"/home/airflow/.local/lib/python3.13/site-packages/airflow/models/variable.py","lineno":218,"logger":"py.warnings"}
{"timestamp":"2026-09-05T12:33:47.242623Z","level":"info","event":"Filling up the DagBag from /opt/airflow/dags/verdanta_stores.py","logger":"airflow.dag_processing.dagbag.BundleDagBag","filename":"dagbag.py","lineno":469}
{"timestamp":"2026-09-05T12:33:47.312961Z","level":"info","event":"::group::Cosmos DAG parsing logs","logger":"cosmos.converter","filename":"converter.py","lineno":321}
{"timestamp":"2026-09-05T12:33:47.316325Z","level":"info","event":"Cosmos cache dir resolved to /tmp/cosmos/verdanta_stores__dbt_sources","logger":"cosmos.converter","filename":"converter.py","lineno":346}
{"timestamp":"2026-09-05T12:33:47.316516Z","level":"info","event":"Trying to parse the dbt project using dbt ls cache cosmos_cache__verdanta_stores__dbt_sources...","logger":"cosmos.dbt.graph","filename":"graph.py","lineno":869}
{"timestamp":"2026-09-05T12:33:47.467127Z","level":"info","event":"Cosmos performance: time to calculate cache identifier cosmos_cache__verdanta_stores__dbt_sources for current version: 0.13416965900000832","logger":"cosmos.cache","filename":"cache.py","lineno":401}
{"timestamp":"2026-09-05T12:33:47.467303Z","level":"info","event":"Cosmos performance: Cache miss for cosmos_cache__verdanta_stores__dbt_sources - skipped","logger":"cosmos.dbt.graph","filename":"graph.py","lineno":900}
{"timestamp":"2026-09-05T12:33:47.467438Z","level":"info","event":"Trying to parse the dbt project in `/opt/airflow/dbt/verdanta_project` using dbt ls...","logger":"cosmos.dbt.graph","filename":"graph.py","lineno":983}
{"timestamp":"2026-09-05T12:33:47.480790Z","level":"info","event":"Partial parse is enabled and the latest partial parse file is /tmp/cosmos/verdanta_stores__dbt_sources/target/partial_parse.msgpack","logger":"cosmos.dbt.graph","filename":"graph.py","lineno":1002}
{"timestamp":"2026-09-05T12:33:47.505850Z","level":"info","event":"Profile caching is enable.","logger":"cosmos.config","filename":"config.py","lineno":399}
{"timestamp":"2026-09-05T12:33:47.506231Z","level":"info","event":"Profile found in cache using profile: /tmp/cosmos/profile/88b0aa12559803c5b3e8b5b0cefa363d35d21cc93574699baf5727c52eda1f13/profiles.yml.","logger":"cosmos.config","filename":"config.py","lineno":379}
{"timestamp":"2026-09-05T12:33:49.216660Z","level":"info","event":"Running command with dbt Runner: `/home/airflow/.local/bin/dbt deps --project-dir /tmp/tmp5phmhfu9 --profiles-dir /tmp/cosmos/profile/88b0aa12559803c5b3e8b5b0cefa363d35d21cc93574699baf5727c52eda1f13 --profile verdanta_project --target dev`","logger":"cosmos.dbt.graph","filename":"graph.py","lineno":361}
{"timestamp":"2026-09-05T12:33:49.217130Z","level":"info","event":"Trying to run dbtRunner with:\n ['deps', '--project-dir', '/tmp/tmp5phmhfu9', '--profiles-dir', '/tmp/cosmos/profile/88b0aa12559803c5b3e8b5b0cefa363d35d21cc93574699baf5727c52eda1f13', '--profile', 'verdanta_project', '--target', 'dev']\n in /tmp/tmp5phmhfu9","logger":"cosmos.dbt.runner","filename":"runner.py","lineno":95}
{"timestamp":"2026-09-05T12:33:49.310099Z","level":"info","event":"\u001b[0m12:33:49  Running with dbt=1.12.0","logger":"task.stdout"}
{"timestamp":"2026-09-05T12:33:49.682229Z","level":"info","event":"\u001b[0m12:33:49  Installing dbt-labs/dbt_utils","logger":"task.stdout"}
{"timestamp":"2026-09-05T12:33:50.124860Z","level":"info","event":"\u001b[0m12:33:50  Installed from version 1.4.1","logger":"task.stdout"}
{"timestamp":"2026-09-05T12:33:50.132066Z","level":"info","event":"\u001b[0m12:33:50  Up to date!","logger":"task.stdout"}
{"timestamp":"2026-09-05T12:33:50.853271Z","level":"info","event":"Running command with dbt Runner: `/home/airflow/.local/bin/dbt ls --output json --output-keys name unique_id resource_type depends_on original_file_path tags config freshness fqn --project-dir /tmp/tmp5phmhfu9 --profiles-dir /tmp/cosmos/profile/88b0aa12559803c5b3e8b5b0cefa363d35d21cc93574699baf5727c52eda1f13 --profile verdanta_project --target dev --select stg_reference_stores+`","logger":"cosmos.dbt.graph","filename":"graph.py","lineno":361}
{"timestamp":"2026-09-05T12:33:50.853546Z","level":"info","event":"Trying to run dbtRunner with:\n ['ls', '--output', 'json', '--output-keys', 'name', 'unique_id', 'resource_type', 'depends_on', 'original_file_path', 'tags', 'config', 'freshness', 'fqn', '--project-dir', '/tmp/tmp5phmhfu9', '--profiles-dir', '/tmp/cosmos/profile/88b0aa12559803c5b3e8b5b0cefa363d35d21cc93574699baf5727c52eda1f13', '--profile', 'verdanta_project', '--target', 'dev', '--select', 'stg_reference_stores+']\n in /tmp/tmp5phmhfu9","logger":"cosmos.dbt.runner","filename":"runner.py","lineno":95}
{"timestamp":"2026-09-05T12:33:50.862287Z","level":"info","event":"\u001b[0m12:33:50  Running with dbt=1.12.0","logger":"task.stdout"}
{"timestamp":"2026-09-05T12:33:52.454836Z","level":"info","event":"\u001b[0m12:33:52  Registered adapter: databricks=1.10.9","logger":"task.stdout"}
{"timestamp":"2026-09-05T12:33:53.526476Z","level":"info","event":"\u001b[0m12:33:53  Found 22 models, 96 data tests, 3 seeds, 2 snapshots, 8 sources, 844 macros","logger":"task.stdout"}
{"timestamp":"2026-09-05T12:33:53.533904Z","level":"info","event":"\u001b[0m12:33:53  [\u001b[33mWARNING\u001b[0m]: The selection criterion 'stg_reference_stores+' does not match any enabled nodes","logger":"task.stdout"}
{"timestamp":"2026-09-05T12:33:53.534222Z","level":"info","event":"\u001b[0m12:33:53  [\u001b[33mWARNING\u001b[0m]: No nodes selected!","logger":"task.stdout"}
{"timestamp":"2026-09-05T12:33:54.399572Z","level":"info","event":"Cosmos performance: time to calculate cache identifier cosmos_cache__verdanta_stores__dbt_sources for current version: 0.12465476199997738","logger":"cosmos.cache","filename":"cache.py","lineno":401}
{"timestamp":"2026-09-05T12:33:54.441610Z","level":"info","event":"Total nodes: 0","logger":"cosmos.dbt.graph","filename":"graph.py","lineno":799}
{"timestamp":"2026-09-05T12:33:54.441801Z","level":"info","event":"Total filtered nodes: 0","logger":"cosmos.dbt.graph","filename":"graph.py","lineno":800}
{"timestamp":"2026-09-05T12:33:54.441907Z","level":"info","event":"Cosmos performance (verdanta_stores__dbt_sources) - [993ed3b2f767|484]: It took 7.13s to parse the dbt project for DAG using LoadMode.DBT_LS","logger":"cosmos.converter","filename":"converter.py","lineno":371}
{"timestamp":"2026-09-05T12:33:54.443937Z","level":"info","event":"Cosmos performance (verdanta_stores__dbt_sources) - [993ed3b2f767|484]: It took 0.00202s to build the Airflow DAG.","logger":"cosmos.converter","filename":"converter.py","lineno":423}
{"timestamp":"2026-09-05T12:33:54.444045Z","level":"info","event":"::endgroup::Cosmos DAG parsing logs","logger":"cosmos.converter","filename":"converter.py","lineno":430}
{"timestamp":"2026-09-05T12:33:54.444691Z","level":"warning","event":"Using Variable.get from `airflow.models` is deprecated.Please use `get` on Variable from sdk(`airflow.sdk.Variable`) instead","category":"UserWarning","filename":"/home/airflow/.local/lib/python3.13/site-packages/airflow/models/variable.py","lineno":158,"logger":"py.warnings"}
{"timestamp":"2026-09-05T12:33:54.444779Z","level":"warning","event":"Valid config keys have changed in V2:\n* 'allow_population_by_field_name' has been renamed to 'validate_by_name'","category":"UserWarning","filename":"/home/airflow/.local/lib/python3.13/site-packages/pydantic/_internal/_config.py","lineno":383,"logger":"py.warnings"}
{"timestamp":"2026-09-05T12:33:54.444843Z","level":"warning","event":"Using Variable.set from `airflow.models` is deprecated.Please use `set` on Variable from sdk(`airflow.sdk.Variable`) instead","category":"UserWarning","filename":"/home/airflow/.local/lib/python3.13/site-packages/airflow/models/variable.py","lineno":218,"logger":"py.warnings"}
{"timestamp":"2026-09-05T12:34:25.244421Z","level":"info","event":"Filling up the DagBag from /opt/airflow/dags/verdanta_stores.py","logger":"airflow.dag_processing.dagbag.BundleDagBag","filename":"dagbag.py","lineno":469}
{"timestamp":"2026-09-05T12:34:25.311691Z","level":"info","event":"::group::Cosmos DAG parsing logs","logger":"cosmos.converter","filename":"converter.py","lineno":321}
{"timestamp":"2026-09-05T12:34:25.315261Z","level":"info","event":"Cosmos cache dir resolved to /tmp/cosmos/verdanta_stores__dbt_sources","logger":"cosmos.converter","filename":"converter.py","lineno":346}
{"timestamp":"2026-09-05T12:34:25.315491Z","level":"info","event":"Trying to parse the dbt project using dbt ls cache cosmos_cache__verdanta_stores__dbt_sources...","logger":"cosmos.dbt.graph","filename":"graph.py","lineno":869}
{"timestamp":"2026-09-05T12:34:25.461775Z","level":"info","event":"Cosmos performance: time to calculate cache identifier cosmos_cache__verdanta_stores__dbt_sources for current version: 0.13009272199997213","logger":"cosmos.cache","filename":"cache.py","lineno":401}
{"timestamp":"2026-09-05T12:34:25.461970Z","level":"info","event":"Cosmos performance: Cache miss for cosmos_cache__verdanta_stores__dbt_sources - skipped","logger":"cosmos.dbt.graph","filename":"graph.py","lineno":900}
{"timestamp":"2026-09-05T12:34:25.462176Z","level":"info","event":"Trying to parse the dbt project in `/opt/airflow/dbt/verdanta_project` using dbt ls...","logger":"cosmos.dbt.graph","filename":"graph.py","lineno":983}
{"timestamp":"2026-09-05T12:34:25.474793Z","level":"info","event":"Partial parse is enabled and the latest partial parse file is /tmp/cosmos/verdanta_stores__dbt_sources/target/partial_parse.msgpack","logger":"cosmos.dbt.graph","filename":"graph.py","lineno":1002}
{"timestamp":"2026-09-05T12:34:25.501602Z","level":"info","event":"Profile caching is enable.","logger":"cosmos.config","filename":"config.py","lineno":399}
{"timestamp":"2026-09-05T12:34:25.501986Z","level":"info","event":"Profile found in cache using profile: /tmp/cosmos/profile/88b0aa12559803c5b3e8b5b0cefa363d35d21cc93574699baf5727c52eda1f13/profiles.yml.","logger":"cosmos.config","filename":"config.py","lineno":379}
{"timestamp":"2026-09-05T12:34:27.193414Z","level":"info","event":"Running command with dbt Runner: `/home/airflow/.local/bin/dbt deps --project-dir /tmp/tmpu1twq0xg --profiles-dir /tmp/cosmos/profile/88b0aa12559803c5b3e8b5b0cefa363d35d21cc93574699baf5727c52eda1f13 --profile verdanta_project --target dev`","logger":"cosmos.dbt.graph","filename":"graph.py","lineno":361}
{"timestamp":"2026-09-05T12:34:27.193821Z","level":"info","event":"Trying to run dbtRunner with:\n ['deps', '--project-dir', '/tmp/tmpu1twq0xg', '--profiles-dir', '/tmp/cosmos/profile/88b0aa12559803c5b3e8b5b0cefa363d35d21cc93574699baf5727c52eda1f13', '--profile', 'verdanta_project', '--target', 'dev']\n in /tmp/tmpu1twq0xg","logger":"cosmos.dbt.runner","filename":"runner.py","lineno":95}
{"timestamp":"2026-09-05T12:34:27.286288Z","level":"info","event":"\u001b[0m12:34:27  Running with dbt=1.12.0","logger":"task.stdout"}
{"timestamp":"2026-09-05T12:34:27.709490Z","level":"info","event":"\u001b[0m12:34:27  Installing dbt-labs/dbt_utils","logger":"task.stdout"}
{"timestamp":"2026-09-05T12:34:28.165592Z","level":"info","event":"\u001b[0m12:34:28  Installed from version 1.4.1","logger":"task.stdout"}
{"timestamp":"2026-09-05T12:34:28.172735Z","level":"info","event":"\u001b[0m12:34:28  Up to date!","logger":"task.stdout"}
{"timestamp":"2026-09-05T12:34:28.836084Z","level":"info","event":"Running command with dbt Runner: `/home/airflow/.local/bin/dbt ls --output json --output-keys name unique_id resource_type depends_on original_file_path tags config freshness fqn --project-dir /tmp/tmpu1twq0xg --profiles-dir /tmp/cosmos/profile/88b0aa12559803c5b3e8b5b0cefa363d35d21cc93574699baf5727c52eda1f13 --profile verdanta_project --target dev --select stg_reference_stores+`","logger":"cosmos.dbt.graph","filename":"graph.py","lineno":361}
{"timestamp":"2026-09-05T12:34:28.836370Z","level":"info","event":"Trying to run dbtRunner with:\n ['ls', '--output', 'json', '--output-keys', 'name', 'unique_id', 'resource_type', 'depends_on', 'original_file_path', 'tags', 'config', 'freshness', 'fqn', '--project-dir', '/tmp/tmpu1twq0xg', '--profiles-dir', '/tmp/cosmos/profile/88b0aa12559803c5b3e8b5b0cefa363d35d21cc93574699baf5727c52eda1f13', '--profile', 'verdanta_project', '--target', 'dev', '--select', 'stg_reference_stores+']\n in /tmp/tmpu1twq0xg","logger":"cosmos.dbt.runner","filename":"runner.py","lineno":95}
{"timestamp":"2026-09-05T12:34:28.849689Z","level":"info","event":"\u001b[0m12:34:28  Running with dbt=1.12.0","logger":"task.stdout"}
{"timestamp":"2026-09-05T12:34:30.479240Z","level":"info","event":"\u001b[0m12:34:30  Registered adapter: databricks=1.10.9","logger":"task.stdout"}
{"timestamp":"2026-09-05T12:34:31.625325Z","level":"info","event":"\u001b[0m12:34:31  Found 22 models, 96 data tests, 3 seeds, 2 snapshots, 8 sources, 844 macros","logger":"task.stdout"}
{"timestamp":"2026-09-05T12:34:31.637614Z","level":"info","event":"\u001b[0m12:34:31  [\u001b[33mWARNING\u001b[0m]: The selection criterion 'stg_reference_stores+' does not match any enabled nodes","logger":"task.stdout"}
{"timestamp":"2026-09-05T12:34:31.638024Z","level":"info","event":"\u001b[0m12:34:31  [\u001b[33mWARNING\u001b[0m]: No nodes selected!","logger":"task.stdout"}
{"timestamp":"2026-09-05T12:34:32.517544Z","level":"info","event":"Cosmos performance: time to calculate cache identifier cosmos_cache__verdanta_stores__dbt_sources for current version: 0.1264909329999","logger":"cosmos.cache","filename":"cache.py","lineno":401}
{"timestamp":"2026-09-05T12:34:32.554657Z","level":"info","event":"Total nodes: 0","logger":"cosmos.dbt.graph","filename":"graph.py","lineno":799}
{"timestamp":"2026-09-05T12:34:32.554833Z","level":"info","event":"Total filtered nodes: 0","logger":"cosmos.dbt.graph","filename":"graph.py","lineno":800}
{"timestamp":"2026-09-05T12:34:32.554928Z","level":"info","event":"Cosmos performance (verdanta_stores__dbt_sources) - [993ed3b2f767|520]: It took 7.24s to parse the dbt project for DAG using LoadMode.DBT_LS","logger":"cosmos.converter","filename":"converter.py","lineno":371}
{"timestamp":"2026-09-05T12:34:32.556876Z","level":"info","event":"Cosmos performance (verdanta_stores__dbt_sources) - [993ed3b2f767|520]: It took 0.00194s to build the Airflow DAG.","logger":"cosmos.converter","filename":"converter.py","lineno":423}
{"timestamp":"2026-09-05T12:34:32.556960Z","level":"info","event":"::endgroup::Cosmos DAG parsing logs","logger":"cosmos.converter","filename":"converter.py","lineno":430}
{"timestamp":"2026-09-05T12:34:32.557538Z","level":"warning","event":"Using Variable.get from `airflow.models` is deprecated.Please use `get` on Variable from sdk(`airflow.sdk.Variable`) instead","category":"UserWarning","filename":"/home/airflow/.local/lib/python3.13/site-packages/airflow/models/variable.py","lineno":158,"logger":"py.warnings"}
{"timestamp":"2026-09-05T12:34:32.557619Z","level":"warning","event":"Valid config keys have changed in V2:\n* 'allow_population_by_field_name' has been renamed to 'validate_by_name'","category":"UserWarning","filename":"/home/airflow/.local/lib/python3.13/site-packages/pydantic/_internal/_config.py","lineno":383,"logger":"py.warnings"}
{"timestamp":"2026-09-05T12:34:32.557679Z","level":"warning","event":"Using Variable.set from `airflow.models` is deprecated.Please use `set` on Variable from sdk(`airflow.sdk.Variable`) instead","category":"UserWarning","filename":"/home/airflow/.local/lib/python3.13/site-packages/airflow/models/variable.py","lineno":218,"logger":"py.warnings"}
{"timestamp":"2026-09-05T12:35:03.367758Z","level":"info","event":"Filling up the DagBag from /opt/airflow/dags/verdanta_stores.py","logger":"airflow.dag_processing.dagbag.BundleDagBag","filename":"dagbag.py","lineno":469}
{"timestamp":"2026-09-05T12:35:03.430442Z","level":"info","event":"::group::Cosmos DAG parsing logs","logger":"cosmos.converter","filename":"converter.py","lineno":321}
{"timestamp":"2026-09-05T12:35:03.433761Z","level":"info","event":"Cosmos cache dir resolved to /tmp/cosmos/verdanta_stores__dbt_sources","logger":"cosmos.converter","filename":"converter.py","lineno":346}
{"timestamp":"2026-09-05T12:35:03.433951Z","level":"info","event":"Trying to parse the dbt project using dbt ls cache cosmos_cache__verdanta_stores__dbt_sources...","logger":"cosmos.dbt.graph","filename":"graph.py","lineno":869}
{"timestamp":"2026-09-05T12:35:03.575979Z","level":"info","event":"Cosmos performance: time to calculate cache identifier cosmos_cache__verdanta_stores__dbt_sources for current version: 0.1273185160000594","logger":"cosmos.cache","filename":"cache.py","lineno":401}
{"timestamp":"2026-09-05T12:35:03.576151Z","level":"info","event":"Cosmos performance: Cache miss for cosmos_cache__verdanta_stores__dbt_sources - skipped","logger":"cosmos.dbt.graph","filename":"graph.py","lineno":900}
{"timestamp":"2026-09-05T12:35:03.576283Z","level":"info","event":"Trying to parse the dbt project in `/opt/airflow/dbt/verdanta_project` using dbt ls...","logger":"cosmos.dbt.graph","filename":"graph.py","lineno":983}
{"timestamp":"2026-09-05T12:35:03.589223Z","level":"info","event":"Partial parse is enabled and the latest partial parse file is /tmp/cosmos/verdanta_stores__dbt_sources/target/partial_parse.msgpack","logger":"cosmos.dbt.graph","filename":"graph.py","lineno":1002}
{"timestamp":"2026-09-05T12:35:03.618661Z","level":"info","event":"Profile caching is enable.","logger":"cosmos.config","filename":"config.py","lineno":399}
{"timestamp":"2026-09-05T12:35:03.619050Z","level":"info","event":"Profile found in cache using profile: /tmp/cosmos/profile/88b0aa12559803c5b3e8b5b0cefa363d35d21cc93574699baf5727c52eda1f13/profiles.yml.","logger":"cosmos.config","filename":"config.py","lineno":379}
{"timestamp":"2026-09-05T12:35:05.286302Z","level":"info","event":"Running command with dbt Runner: `/home/airflow/.local/bin/dbt deps --project-dir /tmp/tmpk8ebhjhx --profiles-dir /tmp/cosmos/profile/88b0aa12559803c5b3e8b5b0cefa363d35d21cc93574699baf5727c52eda1f13 --profile verdanta_project --target dev`","logger":"cosmos.dbt.graph","filename":"graph.py","lineno":361}
{"timestamp":"2026-09-05T12:35:05.286750Z","level":"info","event":"Trying to run dbtRunner with:\n ['deps', '--project-dir', '/tmp/tmpk8ebhjhx', '--profiles-dir', '/tmp/cosmos/profile/88b0aa12559803c5b3e8b5b0cefa363d35d21cc93574699baf5727c52eda1f13', '--profile', 'verdanta_project', '--target', 'dev']\n in /tmp/tmpk8ebhjhx","logger":"cosmos.dbt.runner","filename":"runner.py","lineno":95}
{"timestamp":"2026-09-05T12:35:05.379916Z","level":"info","event":"\u001b[0m12:35:05  Running with dbt=1.12.0","logger":"task.stdout"}
{"timestamp":"2026-09-05T12:35:05.772374Z","level":"info","event":"\u001b[0m12:35:05  Installing dbt-labs/dbt_utils","logger":"task.stdout"}
{"timestamp":"2026-09-05T12:35:06.233361Z","level":"info","event":"\u001b[0m12:35:06  Installed from version 1.4.1","logger":"task.stdout"}
{"timestamp":"2026-09-05T12:35:06.240533Z","level":"info","event":"\u001b[0m12:35:06  Up to date!","logger":"task.stdout"}
{"timestamp":"2026-09-05T12:35:06.941356Z","level":"info","event":"Running command with dbt Runner: `/home/airflow/.local/bin/dbt ls --output json --output-keys name unique_id resource_type depends_on original_file_path tags config freshness fqn --project-dir /tmp/tmpk8ebhjhx --profiles-dir /tmp/cosmos/profile/88b0aa12559803c5b3e8b5b0cefa363d35d21cc93574699baf5727c52eda1f13 --profile verdanta_project --target dev --select stg_reference_stores+`","logger":"cosmos.dbt.graph","filename":"graph.py","lineno":361}
{"timestamp":"2026-09-05T12:35:06.941629Z","level":"info","event":"Trying to run dbtRunner with:\n ['ls', '--output', 'json', '--output-keys', 'name', 'unique_id', 'resource_type', 'depends_on', 'original_file_path', 'tags', 'config', 'freshness', 'fqn', '--project-dir', '/tmp/tmpk8ebhjhx', '--profiles-dir', '/tmp/cosmos/profile/88b0aa12559803c5b3e8b5b0cefa363d35d21cc93574699baf5727c52eda1f13', '--profile', 'verdanta_project', '--target', 'dev', '--select', 'stg_reference_stores+']\n in /tmp/tmpk8ebhjhx","logger":"cosmos.dbt.runner","filename":"runner.py","lineno":95}
{"timestamp":"2026-09-05T12:35:06.957269Z","level":"info","event":"\u001b[0m12:35:06  Running with dbt=1.12.0","logger":"task.stdout"}
{"timestamp":"2026-09-05T12:35:08.537412Z","level":"info","event":"\u001b[0m12:35:08  Registered adapter: databricks=1.10.9","logger":"task.stdout"}
{"timestamp":"2026-09-05T12:35:09.612329Z","level":"info","event":"\u001b[0m12:35:09  Found 22 models, 96 data tests, 3 seeds, 2 snapshots, 8 sources, 844 macros","logger":"task.stdout"}
{"timestamp":"2026-09-05T12:35:09.619476Z","level":"info","event":"\u001b[0m12:35:09  [\u001b[33mWARNING\u001b[0m]: The selection criterion 'stg_reference_stores+' does not match any enabled nodes","logger":"task.stdout"}
{"timestamp":"2026-09-05T12:35:09.619761Z","level":"info","event":"\u001b[0m12:35:09  [\u001b[33mWARNING\u001b[0m]: No nodes selected!","logger":"task.stdout"}
{"timestamp":"2026-09-05T12:35:10.477917Z","level":"info","event":"Cosmos performance: time to calculate cache identifier cosmos_cache__verdanta_stores__dbt_sources for current version: 0.12292876200001501","logger":"cosmos.cache","filename":"cache.py","lineno":401}
{"timestamp":"2026-09-05T12:35:10.514001Z","level":"info","event":"Total nodes: 0","logger":"cosmos.dbt.graph","filename":"graph.py","lineno":799}
{"timestamp":"2026-09-05T12:35:10.514169Z","level":"info","event":"Total filtered nodes: 0","logger":"cosmos.dbt.graph","filename":"graph.py","lineno":800}
{"timestamp":"2026-09-05T12:35:10.514287Z","level":"info","event":"Cosmos performance (verdanta_stores__dbt_sources) - [993ed3b2f767|556]: It took 7.08s to parse the dbt project for DAG using LoadMode.DBT_LS","logger":"cosmos.converter","filename":"converter.py","lineno":371}
{"timestamp":"2026-09-05T12:35:10.516770Z","level":"info","event":"Cosmos performance (verdanta_stores__dbt_sources) - [993ed3b2f767|556]: It took 0.00249s to build the Airflow DAG.","logger":"cosmos.converter","filename":"converter.py","lineno":423}
{"timestamp":"2026-09-05T12:35:10.516865Z","level":"info","event":"::endgroup::Cosmos DAG parsing logs","logger":"cosmos.converter","filename":"converter.py","lineno":430}
{"timestamp":"2026-09-05T12:35:10.517458Z","level":"warning","event":"Using Variable.get from `airflow.models` is deprecated.Please use `get` on Variable from sdk(`airflow.sdk.Variable`) instead","category":"UserWarning","filename":"/home/airflow/.local/lib/python3.13/site-packages/airflow/models/variable.py","lineno":158,"logger":"py.warnings"}
{"timestamp":"2026-09-05T12:35:10.517543Z","level":"warning","event":"Valid config keys have changed in V2:\n* 'allow_population_by_field_name' has been renamed to 'validate_by_name'","category":"UserWarning","filename":"/home/airflow/.local/lib/python3.13/site-packages/pydantic/_internal/_config.py","lineno":383,"logger":"py.warnings"}
{"timestamp":"2026-09-05T12:35:10.517605Z","level":"warning","event":"Using Variable.set from `airflow.models` is deprecated.Please use `set` on Variable from sdk(`airflow.sdk.Variable`) instead","category":"UserWarning","filename":"/home/airflow/.local/lib/python3.13/site-packages/airflow/models/variable.py","lineno":218,"logger":"py.warnings"}
{"timestamp":"2026-09-05T12:35:41.313728Z","level":"info","event":"Filling up the DagBag from /opt/airflow/dags/verdanta_stores.py","logger":"airflow.dag_processing.dagbag.BundleDagBag","filename":"dagbag.py","lineno":469}
{"timestamp":"2026-09-05T12:35:41.397668Z","level":"info","event":"::group::Cosmos DAG parsing logs","logger":"cosmos.converter","filename":"converter.py","lineno":321}
{"timestamp":"2026-09-05T12:35:41.402228Z","level":"info","event":"Cosmos cache dir resolved to /tmp/cosmos/verdanta_stores__dbt_sources","logger":"cosmos.converter","filename":"converter.py","lineno":346}
{"timestamp":"2026-09-05T12:35:41.402459Z","level":"info","event":"Trying to parse the dbt project using dbt ls cache cosmos_cache__verdanta_stores__dbt_sources...","logger":"cosmos.dbt.graph","filename":"graph.py","lineno":869}
{"timestamp":"2026-09-05T12:35:41.540964Z","level":"info","event":"Cosmos performance: time to calculate cache identifier cosmos_cache__verdanta_stores__dbt_sources for current version: 0.12604506700006368","logger":"cosmos.cache","filename":"cache.py","lineno":401}
{"timestamp":"2026-09-05T12:35:41.541142Z","level":"info","event":"Cosmos performance: Cache miss for cosmos_cache__verdanta_stores__dbt_sources - skipped","logger":"cosmos.dbt.graph","filename":"graph.py","lineno":900}
{"timestamp":"2026-09-05T12:35:41.541339Z","level":"info","event":"Trying to parse the dbt project in `/opt/airflow/dbt/verdanta_project` using dbt ls...","logger":"cosmos.dbt.graph","filename":"graph.py","lineno":983}
{"timestamp":"2026-09-05T12:35:41.556660Z","level":"info","event":"Partial parse is enabled and the latest partial parse file is /tmp/cosmos/verdanta_stores__dbt_sources/target/partial_parse.msgpack","logger":"cosmos.dbt.graph","filename":"graph.py","lineno":1002}
{"timestamp":"2026-09-05T12:35:41.595017Z","level":"info","event":"Profile caching is enable.","logger":"cosmos.config","filename":"config.py","lineno":399}
{"timestamp":"2026-09-05T12:35:41.595541Z","level":"info","event":"Profile found in cache using profile: /tmp/cosmos/profile/88b0aa12559803c5b3e8b5b0cefa363d35d21cc93574699baf5727c52eda1f13/profiles.yml.","logger":"cosmos.config","filename":"config.py","lineno":379}
{"timestamp":"2026-09-05T12:35:43.386380Z","level":"info","event":"Running command with dbt Runner: `/home/airflow/.local/bin/dbt deps --project-dir /tmp/tmp2qcd6u95 --profiles-dir /tmp/cosmos/profile/88b0aa12559803c5b3e8b5b0cefa363d35d21cc93574699baf5727c52eda1f13 --profile verdanta_project --target dev`","logger":"cosmos.dbt.graph","filename":"graph.py","lineno":361}
{"timestamp":"2026-09-05T12:35:43.386780Z","level":"info","event":"Trying to run dbtRunner with:\n ['deps', '--project-dir', '/tmp/tmp2qcd6u95', '--profiles-dir', '/tmp/cosmos/profile/88b0aa12559803c5b3e8b5b0cefa363d35d21cc93574699baf5727c52eda1f13', '--profile', 'verdanta_project', '--target', 'dev']\n in /tmp/tmp2qcd6u95","logger":"cosmos.dbt.runner","filename":"runner.py","lineno":95}
{"timestamp":"2026-09-05T12:35:43.481134Z","level":"info","event":"\u001b[0m12:35:43  Running with dbt=1.12.0","logger":"task.stdout"}
{"timestamp":"2026-09-05T12:35:43.912256Z","level":"info","event":"\u001b[0m12:35:43  Installing dbt-labs/dbt_utils","logger":"task.stdout"}
{"timestamp":"2026-09-05T12:35:44.375286Z","level":"info","event":"\u001b[0m12:35:44  Installed from version 1.4.1","logger":"task.stdout"}
{"timestamp":"2026-09-05T12:35:44.382418Z","level":"info","event":"\u001b[0m12:35:44  Up to date!","logger":"task.stdout"}
{"timestamp":"2026-09-05T12:35:45.052811Z","level":"info","event":"Running command with dbt Runner: `/home/airflow/.local/bin/dbt ls --output json --output-keys name unique_id resource_type depends_on original_file_path tags config freshness fqn --project-dir /tmp/tmp2qcd6u95 --profiles-dir /tmp/cosmos/profile/88b0aa12559803c5b3e8b5b0cefa363d35d21cc93574699baf5727c52eda1f13 --profile verdanta_project --target dev --select stg_reference_stores+`","logger":"cosmos.dbt.graph","filename":"graph.py","lineno":361}
{"timestamp":"2026-09-05T12:35:45.053093Z","level":"info","event":"Trying to run dbtRunner with:\n ['ls', '--output', 'json', '--output-keys', 'name', 'unique_id', 'resource_type', 'depends_on', 'original_file_path', 'tags', 'config', 'freshness', 'fqn', '--project-dir', '/tmp/tmp2qcd6u95', '--profiles-dir', '/tmp/cosmos/profile/88b0aa12559803c5b3e8b5b0cefa363d35d21cc93574699baf5727c52eda1f13', '--profile', 'verdanta_project', '--target', 'dev', '--select', 'stg_reference_stores+']\n in /tmp/tmp2qcd6u95","logger":"cosmos.dbt.runner","filename":"runner.py","lineno":95}
{"timestamp":"2026-09-05T12:35:45.065516Z","level":"info","event":"\u001b[0m12:35:45  Running with dbt=1.12.0","logger":"task.stdout"}
{"timestamp":"2026-09-05T12:35:46.724070Z","level":"info","event":"\u001b[0m12:35:46  Registered adapter: databricks=1.10.9","logger":"task.stdout"}
{"timestamp":"2026-09-05T12:35:47.865846Z","level":"info","event":"\u001b[0m12:35:47  Found 22 models, 96 data tests, 3 seeds, 2 snapshots, 8 sources, 844 macros","logger":"task.stdout"}
{"timestamp":"2026-09-05T12:35:47.873964Z","level":"info","event":"\u001b[0m12:35:47  [\u001b[33mWARNING\u001b[0m]: The selection criterion 'stg_reference_stores+' does not match any enabled nodes","logger":"task.stdout"}
{"timestamp":"2026-09-05T12:35:47.874269Z","level":"info","event":"\u001b[0m12:35:47  [\u001b[33mWARNING\u001b[0m]: No nodes selected!","logger":"task.stdout"}
{"timestamp":"2026-09-05T12:35:48.735026Z","level":"info","event":"Cosmos performance: time to calculate cache identifier cosmos_cache__verdanta_stores__dbt_sources for current version: 0.12637832500001878","logger":"cosmos.cache","filename":"cache.py","lineno":401}
{"timestamp":"2026-09-05T12:35:48.812373Z","level":"info","event":"Total nodes: 0","logger":"cosmos.dbt.graph","filename":"graph.py","lineno":799}
{"timestamp":"2026-09-05T12:35:48.812538Z","level":"info","event":"Total filtered nodes: 0","logger":"cosmos.dbt.graph","filename":"graph.py","lineno":800}
{"timestamp":"2026-09-05T12:35:48.812631Z","level":"info","event":"Cosmos performance (verdanta_stores__dbt_sources) - [993ed3b2f767|592]: It took 7.41s to parse the dbt project for DAG using LoadMode.DBT_LS","logger":"cosmos.converter","filename":"converter.py","lineno":371}
{"timestamp":"2026-09-05T12:35:48.814660Z","level":"info","event":"Cosmos performance (verdanta_stores__dbt_sources) - [993ed3b2f767|592]: It took 0.00202s to build the Airflow DAG.","logger":"cosmos.converter","filename":"converter.py","lineno":423}
{"timestamp":"2026-09-05T12:35:48.814748Z","level":"info","event":"::endgroup::Cosmos DAG parsing logs","logger":"cosmos.converter","filename":"converter.py","lineno":430}
{"timestamp":"2026-09-05T12:35:48.815294Z","level":"warning","event":"Using Variable.get from `airflow.models` is deprecated.Please use `get` on Variable from sdk(`airflow.sdk.Variable`) instead","category":"UserWarning","filename":"/home/airflow/.local/lib/python3.13/site-packages/airflow/models/variable.py","lineno":158,"logger":"py.warnings"}
{"timestamp":"2026-09-05T12:35:48.815372Z","level":"warning","event":"Valid config keys have changed in V2:\n* 'allow_population_by_field_name' has been renamed to 'validate_by_name'","category":"UserWarning","filename":"/home/airflow/.local/lib/python3.13/site-packages/pydantic/_internal/_config.py","lineno":383,"logger":"py.warnings"}
{"timestamp":"2026-09-05T12:35:48.815433Z","level":"warning","event":"Using Variable.set from `airflow.models` is deprecated.Please use `set` on Variable from sdk(`airflow.sdk.Variable`) instead","category":"UserWarning","filename":"/home/airflow/.local/lib/python3.13/site-packages/airflow/models/variable.py","lineno":218,"logger":"py.warnings"}
{"timestamp":"2026-09-05T12:36:19.909101Z","level":"info","event":"Filling up the DagBag from /opt/airflow/dags/verdanta_stores.py","logger":"airflow.dag_processing.dagbag.BundleDagBag","filename":"dagbag.py","lineno":469}
{"timestamp":"2026-09-05T12:36:19.992428Z","level":"info","event":"::group::Cosmos DAG parsing logs","logger":"cosmos.converter","filename":"converter.py","lineno":321}
{"timestamp":"2026-09-05T12:36:19.995618Z","level":"info","event":"Cosmos cache dir resolved to /tmp/cosmos/verdanta_stores__dbt_sources","logger":"cosmos.converter","filename":"converter.py","lineno":346}
{"timestamp":"2026-09-05T12:36:19.995844Z","level":"info","event":"Trying to parse the dbt project using dbt ls cache cosmos_cache__verdanta_stores__dbt_sources...","logger":"cosmos.dbt.graph","filename":"graph.py","lineno":869}
{"timestamp":"2026-09-05T12:36:20.136057Z","level":"info","event":"Cosmos performance: time to calculate cache identifier cosmos_cache__verdanta_stores__dbt_sources for current version: 0.12625522300004377","logger":"cosmos.cache","filename":"cache.py","lineno":401}
{"timestamp":"2026-09-05T12:36:20.136244Z","level":"info","event":"Cosmos performance: Cache miss for cosmos_cache__verdanta_stores__dbt_sources - skipped","logger":"cosmos.dbt.graph","filename":"graph.py","lineno":900}
{"timestamp":"2026-09-05T12:36:20.136389Z","level":"info","event":"Trying to parse the dbt project in `/opt/airflow/dbt/verdanta_project` using dbt ls...","logger":"cosmos.dbt.graph","filename":"graph.py","lineno":983}
{"timestamp":"2026-09-05T12:36:20.149003Z","level":"info","event":"Partial parse is enabled and the latest partial parse file is /tmp/cosmos/verdanta_stores__dbt_sources/target/partial_parse.msgpack","logger":"cosmos.dbt.graph","filename":"graph.py","lineno":1002}
{"timestamp":"2026-09-05T12:36:20.173728Z","level":"info","event":"Profile caching is enable.","logger":"cosmos.config","filename":"config.py","lineno":399}
{"timestamp":"2026-09-05T12:36:20.174042Z","level":"info","event":"Profile found in cache using profile: /tmp/cosmos/profile/88b0aa12559803c5b3e8b5b0cefa363d35d21cc93574699baf5727c52eda1f13/profiles.yml.","logger":"cosmos.config","filename":"config.py","lineno":379}
{"timestamp":"2026-09-05T12:36:21.782882Z","level":"info","event":"Running command with dbt Runner: `/home/airflow/.local/bin/dbt deps --project-dir /tmp/tmpqkusfjzh --profiles-dir /tmp/cosmos/profile/88b0aa12559803c5b3e8b5b0cefa363d35d21cc93574699baf5727c52eda1f13 --profile verdanta_project --target dev`","logger":"cosmos.dbt.graph","filename":"graph.py","lineno":361}
{"timestamp":"2026-09-05T12:36:21.783306Z","level":"info","event":"Trying to run dbtRunner with:\n ['deps', '--project-dir', '/tmp/tmpqkusfjzh', '--profiles-dir', '/tmp/cosmos/profile/88b0aa12559803c5b3e8b5b0cefa363d35d21cc93574699baf5727c52eda1f13', '--profile', 'verdanta_project', '--target', 'dev']\n in /tmp/tmpqkusfjzh","logger":"cosmos.dbt.runner","filename":"runner.py","lineno":95}
{"timestamp":"2026-09-05T12:36:21.879502Z","level":"info","event":"\u001b[0m12:36:21  Running with dbt=1.12.0","logger":"task.stdout"}
{"timestamp":"2026-09-05T12:36:22.286080Z","level":"info","event":"\u001b[0m12:36:22  Installing dbt-labs/dbt_utils","logger":"task.stdout"}
{"timestamp":"2026-09-05T12:36:22.760104Z","level":"info","event":"\u001b[0m12:36:22  Installed from version 1.4.1","logger":"task.stdout"}
{"timestamp":"2026-09-05T12:36:22.767248Z","level":"info","event":"\u001b[0m12:36:22  Up to date!","logger":"task.stdout"}
{"timestamp":"2026-09-05T12:36:23.465487Z","level":"info","event":"Running command with dbt Runner: `/home/airflow/.local/bin/dbt ls --output json --output-keys name unique_id resource_type depends_on original_file_path tags config freshness fqn --project-dir /tmp/tmpqkusfjzh --profiles-dir /tmp/cosmos/profile/88b0aa12559803c5b3e8b5b0cefa363d35d21cc93574699baf5727c52eda1f13 --profile verdanta_project --target dev --select stg_reference_stores+`","logger":"cosmos.dbt.graph","filename":"graph.py","lineno":361}
{"timestamp":"2026-09-05T12:36:23.465762Z","level":"info","event":"Trying to run dbtRunner with:\n ['ls', '--output', 'json', '--output-keys', 'name', 'unique_id', 'resource_type', 'depends_on', 'original_file_path', 'tags', 'config', 'freshness', 'fqn', '--project-dir', '/tmp/tmpqkusfjzh', '--profiles-dir', '/tmp/cosmos/profile/88b0aa12559803c5b3e8b5b0cefa363d35d21cc93574699baf5727c52eda1f13', '--profile', 'verdanta_project', '--target', 'dev', '--select', 'stg_reference_stores+']\n in /tmp/tmpqkusfjzh","logger":"cosmos.dbt.runner","filename":"runner.py","lineno":95}
{"timestamp":"2026-09-05T12:36:23.473136Z","level":"info","event":"\u001b[0m12:36:23  Running with dbt=1.12.0","logger":"task.stdout"}
{"timestamp":"2026-09-05T12:36:25.045286Z","level":"info","event":"\u001b[0m12:36:25  Registered adapter: databricks=1.10.9","logger":"task.stdout"}
{"timestamp":"2026-09-05T12:36:26.088696Z","level":"info","event":"\u001b[0m12:36:26  Found 22 models, 96 data tests, 3 seeds, 2 snapshots, 8 sources, 844 macros","logger":"task.stdout"}
{"timestamp":"2026-09-05T12:36:26.095728Z","level":"info","event":"\u001b[0m12:36:26  [\u001b[33mWARNING\u001b[0m]: The selection criterion 'stg_reference_stores+' does not match any enabled nodes","logger":"task.stdout"}
{"timestamp":"2026-09-05T12:36:26.096012Z","level":"info","event":"\u001b[0m12:36:26  [\u001b[33mWARNING\u001b[0m]: No nodes selected!","logger":"task.stdout"}
{"timestamp":"2026-09-05T12:36:27.007165Z","level":"info","event":"Cosmos performance: time to calculate cache identifier cosmos_cache__verdanta_stores__dbt_sources for current version: 0.13332220500001313","logger":"cosmos.cache","filename":"cache.py","lineno":401}
{"timestamp":"2026-09-05T12:36:27.045821Z","level":"info","event":"Total nodes: 0","logger":"cosmos.dbt.graph","filename":"graph.py","lineno":799}
{"timestamp":"2026-09-05T12:36:27.046000Z","level":"info","event":"Total filtered nodes: 0","logger":"cosmos.dbt.graph","filename":"graph.py","lineno":800}
{"timestamp":"2026-09-05T12:36:27.046096Z","level":"info","event":"Cosmos performance (verdanta_stores__dbt_sources) - [993ed3b2f767|634]: It took 7.05s to parse the dbt project for DAG using LoadMode.DBT_LS","logger":"cosmos.converter","filename":"converter.py","lineno":371}
{"timestamp":"2026-09-05T12:36:27.048304Z","level":"info","event":"Cosmos performance (verdanta_stores__dbt_sources) - [993ed3b2f767|634]: It took 0.00218s to build the Airflow DAG.","logger":"cosmos.converter","filename":"converter.py","lineno":423}
{"timestamp":"2026-09-05T12:36:27.048430Z","level":"info","event":"::endgroup::Cosmos DAG parsing logs","logger":"cosmos.converter","filename":"converter.py","lineno":430}
{"timestamp":"2026-09-05T12:36:27.049070Z","level":"warning","event":"Using Variable.get from `airflow.models` is deprecated.Please use `get` on Variable from sdk(`airflow.sdk.Variable`) instead","category":"UserWarning","filename":"/home/airflow/.local/lib/python3.13/site-packages/airflow/models/variable.py","lineno":158,"logger":"py.warnings"}
{"timestamp":"2026-09-05T12:36:27.049160Z","level":"warning","event":"Valid config keys have changed in V2:\n* 'allow_population_by_field_name' has been renamed to 'validate_by_name'","category":"UserWarning","filename":"/home/airflow/.local/lib/python3.13/site-packages/pydantic/_internal/_config.py","lineno":383,"logger":"py.warnings"}
{"timestamp":"2026-09-05T12:36:27.049224Z","level":"warning","event":"Using Variable.set from `airflow.models` is deprecated.Please use `set` on Variable from sdk(`airflow.sdk.Variable`) instead","category":"UserWarning","filename":"/home/airflow/.local/lib/python3.13/site-packages/airflow/models/variable.py","lineno":218,"logger":"py.warnings"}
{"timestamp":"2026-09-05T12:36:57.825734Z","level":"info","event":"Filling up the DagBag from /opt/airflow/dags/verdanta_stores.py","logger":"airflow.dag_processing.dagbag.BundleDagBag","filename":"dagbag.py","lineno":469}
{"timestamp":"2026-09-05T12:36:57.890662Z","level":"info","event":"::group::Cosmos DAG parsing logs","logger":"cosmos.converter","filename":"converter.py","lineno":321}
{"timestamp":"2026-09-05T12:36:57.893934Z","level":"info","event":"Cosmos cache dir resolved to /tmp/cosmos/verdanta_stores__dbt_sources","logger":"cosmos.converter","filename":"converter.py","lineno":346}
{"timestamp":"2026-09-05T12:36:57.894151Z","level":"info","event":"Trying to parse the dbt project using dbt ls cache cosmos_cache__verdanta_stores__dbt_sources...","logger":"cosmos.dbt.graph","filename":"graph.py","lineno":869}
{"timestamp":"2026-09-05T12:36:58.054610Z","level":"info","event":"Cosmos performance: time to calculate cache identifier cosmos_cache__verdanta_stores__dbt_sources for current version: 0.14464223799996034","logger":"cosmos.cache","filename":"cache.py","lineno":401}
{"timestamp":"2026-09-05T12:36:58.054842Z","level":"info","event":"Cosmos performance: Cache miss for cosmos_cache__verdanta_stores__dbt_sources - skipped","logger":"cosmos.dbt.graph","filename":"graph.py","lineno":900}
{"timestamp":"2026-09-05T12:36:58.055069Z","level":"info","event":"Trying to parse the dbt project in `/opt/airflow/dbt/verdanta_project` using dbt ls...","logger":"cosmos.dbt.graph","filename":"graph.py","lineno":983}
{"timestamp":"2026-09-05T12:36:58.073954Z","level":"info","event":"Partial parse is enabled and the latest partial parse file is /tmp/cosmos/verdanta_stores__dbt_sources/target/partial_parse.msgpack","logger":"cosmos.dbt.graph","filename":"graph.py","lineno":1002}
{"timestamp":"2026-09-05T12:36:58.108526Z","level":"info","event":"Profile caching is enable.","logger":"cosmos.config","filename":"config.py","lineno":399}
{"timestamp":"2026-09-05T12:36:58.108849Z","level":"info","event":"Profile found in cache using profile: /tmp/cosmos/profile/88b0aa12559803c5b3e8b5b0cefa363d35d21cc93574699baf5727c52eda1f13/profiles.yml.","logger":"cosmos.config","filename":"config.py","lineno":379}
{"timestamp":"2026-09-05T12:36:59.793703Z","level":"info","event":"Running command with dbt Runner: `/home/airflow/.local/bin/dbt deps --project-dir /tmp/tmpultxpyw7 --profiles-dir /tmp/cosmos/profile/88b0aa12559803c5b3e8b5b0cefa363d35d21cc93574699baf5727c52eda1f13 --profile verdanta_project --target dev`","logger":"cosmos.dbt.graph","filename":"graph.py","lineno":361}
{"timestamp":"2026-09-05T12:36:59.794096Z","level":"info","event":"Trying to run dbtRunner with:\n ['deps', '--project-dir', '/tmp/tmpultxpyw7', '--profiles-dir', '/tmp/cosmos/profile/88b0aa12559803c5b3e8b5b0cefa363d35d21cc93574699baf5727c52eda1f13', '--profile', 'verdanta_project', '--target', 'dev']\n in /tmp/tmpultxpyw7","logger":"cosmos.dbt.runner","filename":"runner.py","lineno":95}
{"timestamp":"2026-09-05T12:36:59.893898Z","level":"info","event":"\u001b[0m12:36:59  Running with dbt=1.12.0","logger":"task.stdout"}
{"timestamp":"2026-09-05T12:37:00.273873Z","level":"info","event":"\u001b[0m12:37:00  Installing dbt-labs/dbt_utils","logger":"task.stdout"}
{"timestamp":"2026-09-05T12:37:00.757840Z","level":"info","event":"\u001b[0m12:37:00  Installed from version 1.4.1","logger":"task.stdout"}
{"timestamp":"2026-09-05T12:37:00.773216Z","level":"info","event":"\u001b[0m12:37:00  Up to date!","logger":"task.stdout"}
{"timestamp":"2026-09-05T12:37:01.481807Z","level":"info","event":"Running command with dbt Runner: `/home/airflow/.local/bin/dbt ls --output json --output-keys name unique_id resource_type depends_on original_file_path tags config freshness fqn --project-dir /tmp/tmpultxpyw7 --profiles-dir /tmp/cosmos/profile/88b0aa12559803c5b3e8b5b0cefa363d35d21cc93574699baf5727c52eda1f13 --profile verdanta_project --target dev --select stg_reference_stores+`","logger":"cosmos.dbt.graph","filename":"graph.py","lineno":361}
{"timestamp":"2026-09-05T12:37:01.482283Z","level":"info","event":"Trying to run dbtRunner with:\n ['ls', '--output', 'json', '--output-keys', 'name', 'unique_id', 'resource_type', 'depends_on', 'original_file_path', 'tags', 'config', 'freshness', 'fqn', '--project-dir', '/tmp/tmpultxpyw7', '--profiles-dir', '/tmp/cosmos/profile/88b0aa12559803c5b3e8b5b0cefa363d35d21cc93574699baf5727c52eda1f13', '--profile', 'verdanta_project', '--target', 'dev', '--select', 'stg_reference_stores+']\n in /tmp/tmpultxpyw7","logger":"cosmos.dbt.runner","filename":"runner.py","lineno":95}
{"timestamp":"2026-09-05T12:37:01.498763Z","level":"info","event":"\u001b[0m12:37:01  Running with dbt=1.12.0","logger":"task.stdout"}
{"timestamp":"2026-09-05T12:37:03.345265Z","level":"info","event":"\u001b[0m12:37:03  Registered adapter: databricks=1.10.9","logger":"task.stdout"}
{"timestamp":"2026-09-05T12:37:04.581559Z","level":"info","event":"\u001b[0m12:37:04  Found 22 models, 96 data tests, 3 seeds, 2 snapshots, 8 sources, 844 macros","logger":"task.stdout"}
{"timestamp":"2026-09-05T12:37:04.588930Z","level":"info","event":"\u001b[0m12:37:04  [\u001b[33mWARNING\u001b[0m]: The selection criterion 'stg_reference_stores+' does not match any enabled nodes","logger":"task.stdout"}
{"timestamp":"2026-09-05T12:37:04.589371Z","level":"info","event":"\u001b[0m12:37:04  [\u001b[33mWARNING\u001b[0m]: No nodes selected!","logger":"task.stdout"}
{"timestamp":"2026-09-05T12:37:05.486263Z","level":"info","event":"Cosmos performance: time to calculate cache identifier cosmos_cache__verdanta_stores__dbt_sources for current version: 0.13338977000000796","logger":"cosmos.cache","filename":"cache.py","lineno":401}
{"timestamp":"2026-09-05T12:37:05.532601Z","level":"info","event":"Total nodes: 0","logger":"cosmos.dbt.graph","filename":"graph.py","lineno":799}
{"timestamp":"2026-09-05T12:37:05.532789Z","level":"info","event":"Total filtered nodes: 0","logger":"cosmos.dbt.graph","filename":"graph.py","lineno":800}
{"timestamp":"2026-09-05T12:37:05.532886Z","level":"info","event":"Cosmos performance (verdanta_stores__dbt_sources) - [993ed3b2f767|670]: It took 7.64s to parse the dbt project for DAG using LoadMode.DBT_LS","logger":"cosmos.converter","filename":"converter.py","lineno":371}
{"timestamp":"2026-09-05T12:37:05.535090Z","level":"info","event":"Cosmos performance (verdanta_stores__dbt_sources) - [993ed3b2f767|670]: It took 0.00218s to build the Airflow DAG.","logger":"cosmos.converter","filename":"converter.py","lineno":423}
{"timestamp":"2026-09-05T12:37:05.535199Z","level":"info","event":"::endgroup::Cosmos DAG parsing logs","logger":"cosmos.converter","filename":"converter.py","lineno":430}
{"timestamp":"2026-09-05T12:37:05.535967Z","level":"warning","event":"Using Variable.get from `airflow.models` is deprecated.Please use `get` on Variable from sdk(`airflow.sdk.Variable`) instead","category":"UserWarning","filename":"/home/airflow/.local/lib/python3.13/site-packages/airflow/models/variable.py","lineno":158,"logger":"py.warnings"}
{"timestamp":"2026-09-05T12:37:05.536063Z","level":"warning","event":"Valid config keys have changed in V2:\n* 'allow_population_by_field_name' has been renamed to 'validate_by_name'","category":"UserWarning","filename":"/home/airflow/.local/lib/python3.13/site-packages/pydantic/_internal/_config.py","lineno":383,"logger":"py.warnings"}
{"timestamp":"2026-09-05T12:37:05.536127Z","level":"warning","event":"Using Variable.set from `airflow.models` is deprecated.Please use `set` on Variable from sdk(`airflow.sdk.Variable`) instead","category":"UserWarning","filename":"/home/airflow/.local/lib/python3.13/site-packages/airflow/models/variable.py","lineno":218,"logger":"py.warnings"}
{"timestamp":"2026-09-05T12:37:36.336493Z","level":"info","event":"Filling up the DagBag from /opt/airflow/dags/verdanta_stores.py","logger":"airflow.dag_processing.dagbag.BundleDagBag","filename":"dagbag.py","lineno":469}
{"timestamp":"2026-09-05T12:37:36.404381Z","level":"info","event":"::group::Cosmos DAG parsing logs","logger":"cosmos.converter","filename":"converter.py","lineno":321}
{"timestamp":"2026-09-05T12:37:36.407945Z","level":"info","event":"Cosmos cache dir resolved to /tmp/cosmos/verdanta_stores__dbt_sources","logger":"cosmos.converter","filename":"converter.py","lineno":346}
{"timestamp":"2026-09-05T12:37:36.408157Z","level":"info","event":"Trying to parse the dbt project using dbt ls cache cosmos_cache__verdanta_stores__dbt_sources...","logger":"cosmos.dbt.graph","filename":"graph.py","lineno":869}
{"timestamp":"2026-09-05T12:37:36.559169Z","level":"info","event":"Cosmos performance: time to calculate cache identifier cosmos_cache__verdanta_stores__dbt_sources for current version: 0.1335745159999533","logger":"cosmos.cache","filename":"cache.py","lineno":401}
{"timestamp":"2026-09-05T12:37:36.559358Z","level":"info","event":"Cosmos performance: Cache miss for cosmos_cache__verdanta_stores__dbt_sources - skipped","logger":"cosmos.dbt.graph","filename":"graph.py","lineno":900}
{"timestamp":"2026-09-05T12:37:36.559511Z","level":"info","event":"Trying to parse the dbt project in `/opt/airflow/dbt/verdanta_project` using dbt ls...","logger":"cosmos.dbt.graph","filename":"graph.py","lineno":983}
{"timestamp":"2026-09-05T12:37:36.575035Z","level":"info","event":"Partial parse is enabled and the latest partial parse file is /tmp/cosmos/verdanta_stores__dbt_sources/target/partial_parse.msgpack","logger":"cosmos.dbt.graph","filename":"graph.py","lineno":1002}
{"timestamp":"2026-09-05T12:37:36.602989Z","level":"info","event":"Profile caching is enable.","logger":"cosmos.config","filename":"config.py","lineno":399}
{"timestamp":"2026-09-05T12:37:36.603330Z","level":"info","event":"Profile found in cache using profile: /tmp/cosmos/profile/88b0aa12559803c5b3e8b5b0cefa363d35d21cc93574699baf5727c52eda1f13/profiles.yml.","logger":"cosmos.config","filename":"config.py","lineno":379}
{"timestamp":"2026-09-05T12:37:38.463656Z","level":"info","event":"Running command with dbt Runner: `/home/airflow/.local/bin/dbt deps --project-dir /tmp/tmpqaulwjy1 --profiles-dir /tmp/cosmos/profile/88b0aa12559803c5b3e8b5b0cefa363d35d21cc93574699baf5727c52eda1f13 --profile verdanta_project --target dev`","logger":"cosmos.dbt.graph","filename":"graph.py","lineno":361}
{"timestamp":"2026-09-05T12:37:38.464062Z","level":"info","event":"Trying to run dbtRunner with:\n ['deps', '--project-dir', '/tmp/tmpqaulwjy1', '--profiles-dir', '/tmp/cosmos/profile/88b0aa12559803c5b3e8b5b0cefa363d35d21cc93574699baf5727c52eda1f13', '--profile', 'verdanta_project', '--target', 'dev']\n in /tmp/tmpqaulwjy1","logger":"cosmos.dbt.runner","filename":"runner.py","lineno":95}
{"timestamp":"2026-09-05T12:37:38.556246Z","level":"info","event":"\u001b[0m12:37:38  Running with dbt=1.12.0","logger":"task.stdout"}
{"timestamp":"2026-09-05T12:37:39.052485Z","level":"info","event":"\u001b[0m12:37:39  Installing dbt-labs/dbt_utils","logger":"task.stdout"}
{"timestamp":"2026-09-05T12:37:39.600791Z","level":"info","event":"\u001b[0m12:37:39  Installed from version 1.4.1","logger":"task.stdout"}
{"timestamp":"2026-09-05T12:37:39.608822Z","level":"info","event":"\u001b[0m12:37:39  Up to date!","logger":"task.stdout"}
{"timestamp":"2026-09-05T12:37:40.316664Z","level":"info","event":"Running command with dbt Runner: `/home/airflow/.local/bin/dbt ls --output json --output-keys name unique_id resource_type depends_on original_file_path tags config freshness fqn --project-dir /tmp/tmpqaulwjy1 --profiles-dir /tmp/cosmos/profile/88b0aa12559803c5b3e8b5b0cefa363d35d21cc93574699baf5727c52eda1f13 --profile verdanta_project --target dev --select stg_reference_stores+`","logger":"cosmos.dbt.graph","filename":"graph.py","lineno":361}
{"timestamp":"2026-09-05T12:37:40.317014Z","level":"info","event":"Trying to run dbtRunner with:\n ['ls', '--output', 'json', '--output-keys', 'name', 'unique_id', 'resource_type', 'depends_on', 'original_file_path', 'tags', 'config', 'freshness', 'fqn', '--project-dir', '/tmp/tmpqaulwjy1', '--profiles-dir', '/tmp/cosmos/profile/88b0aa12559803c5b3e8b5b0cefa363d35d21cc93574699baf5727c52eda1f13', '--profile', 'verdanta_project', '--target', 'dev', '--select', 'stg_reference_stores+']\n in /tmp/tmpqaulwjy1","logger":"cosmos.dbt.runner","filename":"runner.py","lineno":95}
{"timestamp":"2026-09-05T12:37:40.331614Z","level":"info","event":"\u001b[0m12:37:40  Running with dbt=1.12.0","logger":"task.stdout"}
{"timestamp":"2026-09-05T12:37:42.102929Z","level":"info","event":"\u001b[0m12:37:42  Registered adapter: databricks=1.10.9","logger":"task.stdout"}
{"timestamp":"2026-09-05T12:37:43.270673Z","level":"info","event":"\u001b[0m12:37:43  Found 22 models, 96 data tests, 3 seeds, 2 snapshots, 8 sources, 844 macros","logger":"task.stdout"}
{"timestamp":"2026-09-05T12:37:43.278023Z","level":"info","event":"\u001b[0m12:37:43  [\u001b[33mWARNING\u001b[0m]: The selection criterion 'stg_reference_stores+' does not match any enabled nodes","logger":"task.stdout"}
{"timestamp":"2026-09-05T12:37:43.278406Z","level":"info","event":"\u001b[0m12:37:43  [\u001b[33mWARNING\u001b[0m]: No nodes selected!","logger":"task.stdout"}
{"timestamp":"2026-09-05T12:37:44.147106Z","level":"info","event":"Cosmos performance: time to calculate cache identifier cosmos_cache__verdanta_stores__dbt_sources for current version: 0.13165966999997636","logger":"cosmos.cache","filename":"cache.py","lineno":401}
{"timestamp":"2026-09-05T12:37:44.184043Z","level":"info","event":"Total nodes: 0","logger":"cosmos.dbt.graph","filename":"graph.py","lineno":799}
{"timestamp":"2026-09-05T12:37:44.184221Z","level":"info","event":"Total filtered nodes: 0","logger":"cosmos.dbt.graph","filename":"graph.py","lineno":800}
{"timestamp":"2026-09-05T12:37:44.184315Z","level":"info","event":"Cosmos performance (verdanta_stores__dbt_sources) - [993ed3b2f767|714]: It took 7.78s to parse the dbt project for DAG using LoadMode.DBT_LS","logger":"cosmos.converter","filename":"converter.py","lineno":371}
{"timestamp":"2026-09-05T12:37:44.186312Z","level":"info","event":"Cosmos performance (verdanta_stores__dbt_sources) - [993ed3b2f767|714]: It took 0.00199s to build the Airflow DAG.","logger":"cosmos.converter","filename":"converter.py","lineno":423}
{"timestamp":"2026-09-05T12:37:44.186398Z","level":"info","event":"::endgroup::Cosmos DAG parsing logs","logger":"cosmos.converter","filename":"converter.py","lineno":430}
{"timestamp":"2026-09-05T12:37:44.186965Z","level":"warning","event":"Using Variable.get from `airflow.models` is deprecated.Please use `get` on Variable from sdk(`airflow.sdk.Variable`) instead","category":"UserWarning","filename":"/home/airflow/.local/lib/python3.13/site-packages/airflow/models/variable.py","lineno":158,"logger":"py.warnings"}
{"timestamp":"2026-09-05T12:37:44.187044Z","level":"warning","event":"Valid config keys have changed in V2:\n* 'allow_population_by_field_name' has been renamed to 'validate_by_name'","category":"UserWarning","filename":"/home/airflow/.local/lib/python3.13/site-packages/pydantic/_internal/_config.py","lineno":383,"logger":"py.warnings"}
{"timestamp":"2026-09-05T12:37:44.187104Z","level":"warning","event":"Using Variable.set from `airflow.models` is deprecated.Please use `set` on Variable from sdk(`airflow.sdk.Variable`) instead","category":"UserWarning","filename":"/home/airflow/.local/lib/python3.13/site-packages/airflow/models/variable.py","lineno":218,"logger":"py.warnings"}
{"timestamp":"2026-09-05T12:38:14.942709Z","level":"info","event":"Filling up the DagBag from /opt/airflow/dags/verdanta_stores.py","logger":"airflow.dag_processing.dagbag.BundleDagBag","filename":"dagbag.py","lineno":469}
{"timestamp":"2026-09-05T12:38:15.007407Z","level":"info","event":"::group::Cosmos DAG parsing logs","logger":"cosmos.converter","filename":"converter.py","lineno":321}
{"timestamp":"2026-09-05T12:38:15.010660Z","level":"info","event":"Cosmos cache dir resolved to /tmp/cosmos/verdanta_stores__dbt_sources","logger":"cosmos.converter","filename":"converter.py","lineno":346}
{"timestamp":"2026-09-05T12:38:15.010933Z","level":"info","event":"Trying to parse the dbt project using dbt ls cache cosmos_cache__verdanta_stores__dbt_sources...","logger":"cosmos.dbt.graph","filename":"graph.py","lineno":869}
{"timestamp":"2026-09-05T12:38:15.157583Z","level":"info","event":"Cosmos performance: time to calculate cache identifier cosmos_cache__verdanta_stores__dbt_sources for current version: 0.1311667420000049","logger":"cosmos.cache","filename":"cache.py","lineno":401}
{"timestamp":"2026-09-05T12:38:15.157761Z","level":"info","event":"Cosmos performance: Cache miss for cosmos_cache__verdanta_stores__dbt_sources - skipped","logger":"cosmos.dbt.graph","filename":"graph.py","lineno":900}
{"timestamp":"2026-09-05T12:38:15.157892Z","level":"info","event":"Trying to parse the dbt project in `/opt/airflow/dbt/verdanta_project` using dbt ls...","logger":"cosmos.dbt.graph","filename":"graph.py","lineno":983}
{"timestamp":"2026-09-05T12:38:15.170292Z","level":"info","event":"Partial parse is enabled and the latest partial parse file is /tmp/cosmos/verdanta_stores__dbt_sources/target/partial_parse.msgpack","logger":"cosmos.dbt.graph","filename":"graph.py","lineno":1002}
{"timestamp":"2026-09-05T12:38:15.193714Z","level":"info","event":"Profile caching is enable.","logger":"cosmos.config","filename":"config.py","lineno":399}
{"timestamp":"2026-09-05T12:38:15.194151Z","level":"info","event":"Profile found in cache using profile: /tmp/cosmos/profile/88b0aa12559803c5b3e8b5b0cefa363d35d21cc93574699baf5727c52eda1f13/profiles.yml.","logger":"cosmos.config","filename":"config.py","lineno":379}
{"timestamp":"2026-09-05T12:38:16.884721Z","level":"info","event":"Running command with dbt Runner: `/home/airflow/.local/bin/dbt deps --project-dir /tmp/tmpx9lq5ksb --profiles-dir /tmp/cosmos/profile/88b0aa12559803c5b3e8b5b0cefa363d35d21cc93574699baf5727c52eda1f13 --profile verdanta_project --target dev`","logger":"cosmos.dbt.graph","filename":"graph.py","lineno":361}
{"timestamp":"2026-09-05T12:38:16.885184Z","level":"info","event":"Trying to run dbtRunner with:\n ['deps', '--project-dir', '/tmp/tmpx9lq5ksb', '--profiles-dir', '/tmp/cosmos/profile/88b0aa12559803c5b3e8b5b0cefa363d35d21cc93574699baf5727c52eda1f13', '--profile', 'verdanta_project', '--target', 'dev']\n in /tmp/tmpx9lq5ksb","logger":"cosmos.dbt.runner","filename":"runner.py","lineno":95}
{"timestamp":"2026-09-05T12:38:16.983957Z","level":"info","event":"\u001b[0m12:38:16  Running with dbt=1.12.0","logger":"task.stdout"}
{"timestamp":"2026-09-05T12:38:17.313446Z","level":"info","event":"\u001b[0m12:38:17  Installing dbt-labs/dbt_utils","logger":"task.stdout"}
{"timestamp":"2026-09-05T12:38:17.770678Z","level":"info","event":"\u001b[0m12:38:17  Installed from version 1.4.1","logger":"task.stdout"}
{"timestamp":"2026-09-05T12:38:17.778603Z","level":"info","event":"\u001b[0m12:38:17  Up to date!","logger":"task.stdout"}
{"timestamp":"2026-09-05T12:38:18.432573Z","level":"info","event":"Running command with dbt Runner: `/home/airflow/.local/bin/dbt ls --output json --output-keys name unique_id resource_type depends_on original_file_path tags config freshness fqn --project-dir /tmp/tmpx9lq5ksb --profiles-dir /tmp/cosmos/profile/88b0aa12559803c5b3e8b5b0cefa363d35d21cc93574699baf5727c52eda1f13 --profile verdanta_project --target dev --select stg_reference_stores+`","logger":"cosmos.dbt.graph","filename":"graph.py","lineno":361}
{"timestamp":"2026-09-05T12:38:18.432905Z","level":"info","event":"Trying to run dbtRunner with:\n ['ls', '--output', 'json', '--output-keys', 'name', 'unique_id', 'resource_type', 'depends_on', 'original_file_path', 'tags', 'config', 'freshness', 'fqn', '--project-dir', '/tmp/tmpx9lq5ksb', '--profiles-dir', '/tmp/cosmos/profile/88b0aa12559803c5b3e8b5b0cefa363d35d21cc93574699baf5727c52eda1f13', '--profile', 'verdanta_project', '--target', 'dev', '--select', 'stg_reference_stores+']\n in /tmp/tmpx9lq5ksb","logger":"cosmos.dbt.runner","filename":"runner.py","lineno":95}
{"timestamp":"2026-09-05T12:38:18.445991Z","level":"info","event":"\u001b[0m12:38:18  Running with dbt=1.12.0","logger":"task.stdout"}
{"timestamp":"2026-09-05T12:38:20.068080Z","level":"info","event":"\u001b[0m12:38:20  Registered adapter: databricks=1.10.9","logger":"task.stdout"}
{"timestamp":"2026-09-05T12:38:21.246924Z","level":"info","event":"\u001b[0m12:38:21  Found 22 models, 96 data tests, 3 seeds, 2 snapshots, 8 sources, 844 macros","logger":"task.stdout"}
{"timestamp":"2026-09-05T12:38:21.254591Z","level":"info","event":"\u001b[0m12:38:21  [\u001b[33mWARNING\u001b[0m]: The selection criterion 'stg_reference_stores+' does not match any enabled nodes","logger":"task.stdout"}
{"timestamp":"2026-09-05T12:38:21.254924Z","level":"info","event":"\u001b[0m12:38:21  [\u001b[33mWARNING\u001b[0m]: No nodes selected!","logger":"task.stdout"}
{"timestamp":"2026-09-05T12:38:22.181855Z","level":"info","event":"Cosmos performance: time to calculate cache identifier cosmos_cache__verdanta_stores__dbt_sources for current version: 0.12920158599990827","logger":"cosmos.cache","filename":"cache.py","lineno":401}
{"timestamp":"2026-09-05T12:38:22.261030Z","level":"info","event":"Total nodes: 0","logger":"cosmos.dbt.graph","filename":"graph.py","lineno":799}
{"timestamp":"2026-09-05T12:38:22.261262Z","level":"info","event":"Total filtered nodes: 0","logger":"cosmos.dbt.graph","filename":"graph.py","lineno":800}
{"timestamp":"2026-09-05T12:38:22.261406Z","level":"info","event":"Cosmos performance (verdanta_stores__dbt_sources) - [993ed3b2f767|750]: It took 7.25s to parse the dbt project for DAG using LoadMode.DBT_LS","logger":"cosmos.converter","filename":"converter.py","lineno":371}
{"timestamp":"2026-09-05T12:38:22.263351Z","level":"info","event":"Cosmos performance (verdanta_stores__dbt_sources) - [993ed3b2f767|750]: It took 0.00196s to build the Airflow DAG.","logger":"cosmos.converter","filename":"converter.py","lineno":423}
{"timestamp":"2026-09-05T12:38:22.263446Z","level":"info","event":"::endgroup::Cosmos DAG parsing logs","logger":"cosmos.converter","filename":"converter.py","lineno":430}
{"timestamp":"2026-09-05T12:38:22.264126Z","level":"warning","event":"Using Variable.get from `airflow.models` is deprecated.Please use `get` on Variable from sdk(`airflow.sdk.Variable`) instead","category":"UserWarning","filename":"/home/airflow/.local/lib/python3.13/site-packages/airflow/models/variable.py","lineno":158,"logger":"py.warnings"}
{"timestamp":"2026-09-05T12:38:22.264221Z","level":"warning","event":"Valid config keys have changed in V2:\n* 'allow_population_by_field_name' has been renamed to 'validate_by_name'","category":"UserWarning","filename":"/home/airflow/.local/lib/python3.13/site-packages/pydantic/_internal/_config.py","lineno":383,"logger":"py.warnings"}
{"timestamp":"2026-09-05T12:38:22.264289Z","level":"warning","event":"Using Variable.set from `airflow.models` is deprecated.Please use `set` on Variable from sdk(`airflow.sdk.Variable`) instead","category":"UserWarning","filename":"/home/airflow/.local/lib/python3.13/site-packages/airflow/models/variable.py","lineno":218,"logger":"py.warnings"}
{"timestamp":"2026-09-05T12:38:53.754680Z","level":"info","event":"Filling up the DagBag from /opt/airflow/dags/verdanta_stores.py","logger":"airflow.dag_processing.dagbag.BundleDagBag","filename":"dagbag.py","lineno":469}
{"timestamp":"2026-09-05T12:38:53.857310Z","level":"info","event":"::group::Cosmos DAG parsing logs","logger":"cosmos.converter","filename":"converter.py","lineno":321}
{"timestamp":"2026-09-05T12:38:53.860934Z","level":"info","event":"Cosmos cache dir resolved to /tmp/cosmos/verdanta_stores__dbt_sources","logger":"cosmos.converter","filename":"converter.py","lineno":346}
{"timestamp":"2026-09-05T12:38:53.861144Z","level":"info","event":"Trying to parse the dbt project using dbt ls cache cosmos_cache__verdanta_stores__dbt_sources...","logger":"cosmos.dbt.graph","filename":"graph.py","lineno":869}
{"timestamp":"2026-09-05T12:38:54.021946Z","level":"info","event":"Cosmos performance: time to calculate cache identifier cosmos_cache__verdanta_stores__dbt_sources for current version: 0.14087032600002658","logger":"cosmos.cache","filename":"cache.py","lineno":401}
{"timestamp":"2026-09-05T12:38:54.022156Z","level":"info","event":"Cosmos performance: Cache miss for cosmos_cache__verdanta_stores__dbt_sources - skipped","logger":"cosmos.dbt.graph","filename":"graph.py","lineno":900}
{"timestamp":"2026-09-05T12:38:54.022307Z","level":"info","event":"Trying to parse the dbt project in `/opt/airflow/dbt/verdanta_project` using dbt ls...","logger":"cosmos.dbt.graph","filename":"graph.py","lineno":983}
{"timestamp":"2026-09-05T12:38:54.035939Z","level":"info","event":"Partial parse is enabled and the latest partial parse file is /tmp/cosmos/verdanta_stores__dbt_sources/target/partial_parse.msgpack","logger":"cosmos.dbt.graph","filename":"graph.py","lineno":1002}
{"timestamp":"2026-09-05T12:38:54.061899Z","level":"info","event":"Profile caching is enable.","logger":"cosmos.config","filename":"config.py","lineno":399}
{"timestamp":"2026-09-05T12:38:54.062259Z","level":"info","event":"Profile found in cache using profile: /tmp/cosmos/profile/88b0aa12559803c5b3e8b5b0cefa363d35d21cc93574699baf5727c52eda1f13/profiles.yml.","logger":"cosmos.config","filename":"config.py","lineno":379}
{"timestamp":"2026-09-05T12:38:55.546377Z","level":"info","event":"Running command with dbt Runner: `/home/airflow/.local/bin/dbt deps --project-dir /tmp/tmpa0lagbb7 --profiles-dir /tmp/cosmos/profile/88b0aa12559803c5b3e8b5b0cefa363d35d21cc93574699baf5727c52eda1f13 --profile verdanta_project --target dev`","logger":"cosmos.dbt.graph","filename":"graph.py","lineno":361}
{"timestamp":"2026-09-05T12:38:55.546903Z","level":"info","event":"Trying to run dbtRunner with:\n ['deps', '--project-dir', '/tmp/tmpa0lagbb7', '--profiles-dir', '/tmp/cosmos/profile/88b0aa12559803c5b3e8b5b0cefa363d35d21cc93574699baf5727c52eda1f13', '--profile', 'verdanta_project', '--target', 'dev']\n in /tmp/tmpa0lagbb7","logger":"cosmos.dbt.runner","filename":"runner.py","lineno":95}
{"timestamp":"2026-09-05T12:38:55.639286Z","level":"info","event":"\u001b[0m12:38:55  Running with dbt=1.12.0","logger":"task.stdout"}
{"timestamp":"2026-09-05T12:38:56.135833Z","level":"info","event":"\u001b[0m12:38:56  Installing dbt-labs/dbt_utils","logger":"task.stdout"}
{"timestamp":"2026-09-05T12:38:56.596390Z","level":"info","event":"\u001b[0m12:38:56  Installed from version 1.4.1","logger":"task.stdout"}
{"timestamp":"2026-09-05T12:38:56.603825Z","level":"info","event":"\u001b[0m12:38:56  Up to date!","logger":"task.stdout"}
{"timestamp":"2026-09-05T12:38:57.324252Z","level":"info","event":"Running command with dbt Runner: `/home/airflow/.local/bin/dbt ls --output json --output-keys name unique_id resource_type depends_on original_file_path tags config freshness fqn --project-dir /tmp/tmpa0lagbb7 --profiles-dir /tmp/cosmos/profile/88b0aa12559803c5b3e8b5b0cefa363d35d21cc93574699baf5727c52eda1f13 --profile verdanta_project --target dev --select stg_reference_stores+`","logger":"cosmos.dbt.graph","filename":"graph.py","lineno":361}
{"timestamp":"2026-09-05T12:38:57.324538Z","level":"info","event":"Trying to run dbtRunner with:\n ['ls', '--output', 'json', '--output-keys', 'name', 'unique_id', 'resource_type', 'depends_on', 'original_file_path', 'tags', 'config', 'freshness', 'fqn', '--project-dir', '/tmp/tmpa0lagbb7', '--profiles-dir', '/tmp/cosmos/profile/88b0aa12559803c5b3e8b5b0cefa363d35d21cc93574699baf5727c52eda1f13', '--profile', 'verdanta_project', '--target', 'dev', '--select', 'stg_reference_stores+']\n in /tmp/tmpa0lagbb7","logger":"cosmos.dbt.runner","filename":"runner.py","lineno":95}
{"timestamp":"2026-09-05T12:38:57.336562Z","level":"info","event":"\u001b[0m12:38:57  Running with dbt=1.12.0","logger":"task.stdout"}
{"timestamp":"2026-09-05T12:38:58.950021Z","level":"info","event":"\u001b[0m12:38:58  Registered adapter: databricks=1.10.9","logger":"task.stdout"}
{"timestamp":"2026-09-05T12:39:00.068263Z","level":"info","event":"\u001b[0m12:39:00  Found 22 models, 96 data tests, 3 seeds, 2 snapshots, 8 sources, 844 macros","logger":"task.stdout"}
{"timestamp":"2026-09-05T12:39:00.075577Z","level":"info","event":"\u001b[0m12:39:00  [\u001b[33mWARNING\u001b[0m]: The selection criterion 'stg_reference_stores+' does not match any enabled nodes","logger":"task.stdout"}
{"timestamp":"2026-09-05T12:39:00.075918Z","level":"info","event":"\u001b[0m12:39:00  [\u001b[33mWARNING\u001b[0m]: No nodes selected!","logger":"task.stdout"}
{"timestamp":"2026-09-05T12:39:00.935215Z","level":"info","event":"Cosmos performance: time to calculate cache identifier cosmos_cache__verdanta_stores__dbt_sources for current version: 0.13158801600002334","logger":"cosmos.cache","filename":"cache.py","lineno":401}
{"timestamp":"2026-09-05T12:39:00.978267Z","level":"info","event":"Total nodes: 0","logger":"cosmos.dbt.graph","filename":"graph.py","lineno":799}
{"timestamp":"2026-09-05T12:39:00.978452Z","level":"info","event":"Total filtered nodes: 0","logger":"cosmos.dbt.graph","filename":"graph.py","lineno":800}
{"timestamp":"2026-09-05T12:39:00.978547Z","level":"info","event":"Cosmos performance (verdanta_stores__dbt_sources) - [993ed3b2f767|792]: It took 7.12s to parse the dbt project for DAG using LoadMode.DBT_LS","logger":"cosmos.converter","filename":"converter.py","lineno":371}
{"timestamp":"2026-09-05T12:39:00.981014Z","level":"info","event":"Cosmos performance (verdanta_stores__dbt_sources) - [993ed3b2f767|792]: It took 0.00241s to build the Airflow DAG.","logger":"cosmos.converter","filename":"converter.py","lineno":423}
{"timestamp":"2026-09-05T12:39:00.981166Z","level":"info","event":"::endgroup::Cosmos DAG parsing logs","logger":"cosmos.converter","filename":"converter.py","lineno":430}
{"timestamp":"2026-09-05T12:39:00.981797Z","level":"warning","event":"Using Variable.get from `airflow.models` is deprecated.Please use `get` on Variable from sdk(`airflow.sdk.Variable`) instead","category":"UserWarning","filename":"/home/airflow/.local/lib/python3.13/site-packages/airflow/models/variable.py","lineno":158,"logger":"py.warnings"}
{"timestamp":"2026-09-05T12:39:00.981883Z","level":"warning","event":"Valid config keys have changed in V2:\n* 'allow_population_by_field_name' has been renamed to 'validate_by_name'","category":"UserWarning","filename":"/home/airflow/.local/lib/python3.13/site-packages/pydantic/_internal/_config.py","lineno":383,"logger":"py.warnings"}
{"timestamp":"2026-09-05T12:39:00.981946Z","level":"warning","event":"Using Variable.set from `airflow.models` is deprecated.Please use `set` on Variable from sdk(`airflow.sdk.Variable`) instead","category":"UserWarning","filename":"/home/airflow/.local/lib/python3.13/site-packages/airflow/models/variable.py","lineno":218,"logger":"py.warnings"}
{"timestamp":"2026-09-05T12:39:31.756740Z","level":"info","event":"Filling up the DagBag from /opt/airflow/dags/verdanta_stores.py","logger":"airflow.dag_processing.dagbag.BundleDagBag","filename":"dagbag.py","lineno":469}
{"timestamp":"2026-09-05T12:39:31.826882Z","level":"info","event":"::group::Cosmos DAG parsing logs","logger":"cosmos.converter","filename":"converter.py","lineno":321}
{"timestamp":"2026-09-05T12:39:31.830434Z","level":"info","event":"Cosmos cache dir resolved to /tmp/cosmos/verdanta_stores__dbt_sources","logger":"cosmos.converter","filename":"converter.py","lineno":346}
{"timestamp":"2026-09-05T12:39:31.830659Z","level":"info","event":"Trying to parse the dbt project using dbt ls cache cosmos_cache__verdanta_stores__dbt_sources...","logger":"cosmos.dbt.graph","filename":"graph.py","lineno":869}
{"timestamp":"2026-09-05T12:39:32.018604Z","level":"info","event":"Cosmos performance: time to calculate cache identifier cosmos_cache__verdanta_stores__dbt_sources for current version: 0.16876636099993902","logger":"cosmos.cache","filename":"cache.py","lineno":401}
{"timestamp":"2026-09-05T12:39:32.018778Z","level":"info","event":"Cosmos performance: Cache miss for cosmos_cache__verdanta_stores__dbt_sources - skipped","logger":"cosmos.dbt.graph","filename":"graph.py","lineno":900}
{"timestamp":"2026-09-05T12:39:32.018915Z","level":"info","event":"Trying to parse the dbt project in `/opt/airflow/dbt/verdanta_project` using dbt ls...","logger":"cosmos.dbt.graph","filename":"graph.py","lineno":983}
{"timestamp":"2026-09-05T12:39:32.032543Z","level":"info","event":"Partial parse is enabled and the latest partial parse file is /tmp/cosmos/verdanta_stores__dbt_sources/target/partial_parse.msgpack","logger":"cosmos.dbt.graph","filename":"graph.py","lineno":1002}
{"timestamp":"2026-09-05T12:39:32.062469Z","level":"info","event":"Profile caching is enable.","logger":"cosmos.config","filename":"config.py","lineno":399}
{"timestamp":"2026-09-05T12:39:32.062869Z","level":"info","event":"Profile found in cache using profile: /tmp/cosmos/profile/88b0aa12559803c5b3e8b5b0cefa363d35d21cc93574699baf5727c52eda1f13/profiles.yml.","logger":"cosmos.config","filename":"config.py","lineno":379}
{"timestamp":"2026-09-05T12:39:33.588466Z","level":"info","event":"Running command with dbt Runner: `/home/airflow/.local/bin/dbt deps --project-dir /tmp/tmpmqn2iv6z --profiles-dir /tmp/cosmos/profile/88b0aa12559803c5b3e8b5b0cefa363d35d21cc93574699baf5727c52eda1f13 --profile verdanta_project --target dev`","logger":"cosmos.dbt.graph","filename":"graph.py","lineno":361}
{"timestamp":"2026-09-05T12:39:33.588956Z","level":"info","event":"Trying to run dbtRunner with:\n ['deps', '--project-dir', '/tmp/tmpmqn2iv6z', '--profiles-dir', '/tmp/cosmos/profile/88b0aa12559803c5b3e8b5b0cefa363d35d21cc93574699baf5727c52eda1f13', '--profile', 'verdanta_project', '--target', 'dev']\n in /tmp/tmpmqn2iv6z","logger":"cosmos.dbt.runner","filename":"runner.py","lineno":95}
{"timestamp":"2026-09-05T12:39:33.687932Z","level":"info","event":"\u001b[0m12:39:33  Running with dbt=1.12.0","logger":"task.stdout"}
{"timestamp":"2026-09-05T12:39:34.016334Z","level":"info","event":"\u001b[0m12:39:34  Installing dbt-labs/dbt_utils","logger":"task.stdout"}
{"timestamp":"2026-09-05T12:39:34.479184Z","level":"info","event":"\u001b[0m12:39:34  Installed from version 1.4.1","logger":"task.stdout"}
{"timestamp":"2026-09-05T12:39:34.488786Z","level":"info","event":"\u001b[0m12:39:34  Up to date!","logger":"task.stdout"}
{"timestamp":"2026-09-05T12:39:35.201710Z","level":"info","event":"Running command with dbt Runner: `/home/airflow/.local/bin/dbt ls --output json --output-keys name unique_id resource_type depends_on original_file_path tags config freshness fqn --project-dir /tmp/tmpmqn2iv6z --profiles-dir /tmp/cosmos/profile/88b0aa12559803c5b3e8b5b0cefa363d35d21cc93574699baf5727c52eda1f13 --profile verdanta_project --target dev --select stg_reference_stores+`","logger":"cosmos.dbt.graph","filename":"graph.py","lineno":361}
{"timestamp":"2026-09-05T12:39:35.201992Z","level":"info","event":"Trying to run dbtRunner with:\n ['ls', '--output', 'json', '--output-keys', 'name', 'unique_id', 'resource_type', 'depends_on', 'original_file_path', 'tags', 'config', 'freshness', 'fqn', '--project-dir', '/tmp/tmpmqn2iv6z', '--profiles-dir', '/tmp/cosmos/profile/88b0aa12559803c5b3e8b5b0cefa363d35d21cc93574699baf5727c52eda1f13', '--profile', 'verdanta_project', '--target', 'dev', '--select', 'stg_reference_stores+']\n in /tmp/tmpmqn2iv6z","logger":"cosmos.dbt.runner","filename":"runner.py","lineno":95}
{"timestamp":"2026-09-05T12:39:35.216111Z","level":"info","event":"\u001b[0m12:39:35  Running with dbt=1.12.0","logger":"task.stdout"}
{"timestamp":"2026-09-05T12:39:36.837162Z","level":"info","event":"\u001b[0m12:39:36  Registered adapter: databricks=1.10.9","logger":"task.stdout"}
{"timestamp":"2026-09-05T12:39:38.021800Z","level":"info","event":"\u001b[0m12:39:38  Found 22 models, 96 data tests, 3 seeds, 2 snapshots, 8 sources, 844 macros","logger":"task.stdout"}
{"timestamp":"2026-09-05T12:39:38.033537Z","level":"info","event":"\u001b[0m12:39:38  [\u001b[33mWARNING\u001b[0m]: The selection criterion 'stg_reference_stores+' does not match any enabled nodes","logger":"task.stdout"}
{"timestamp":"2026-09-05T12:39:38.033868Z","level":"info","event":"\u001b[0m12:39:38  [\u001b[33mWARNING\u001b[0m]: No nodes selected!","logger":"task.stdout"}
{"timestamp":"2026-09-05T12:39:38.911131Z","level":"info","event":"Cosmos performance: time to calculate cache identifier cosmos_cache__verdanta_stores__dbt_sources for current version: 0.12757079400000748","logger":"cosmos.cache","filename":"cache.py","lineno":401}
{"timestamp":"2026-09-05T12:39:38.948092Z","level":"info","event":"Total nodes: 0","logger":"cosmos.dbt.graph","filename":"graph.py","lineno":799}
{"timestamp":"2026-09-05T12:39:38.948284Z","level":"info","event":"Total filtered nodes: 0","logger":"cosmos.dbt.graph","filename":"graph.py","lineno":800}
{"timestamp":"2026-09-05T12:39:38.948379Z","level":"info","event":"Cosmos performance (verdanta_stores__dbt_sources) - [993ed3b2f767|828]: It took 7.12s to parse the dbt project for DAG using LoadMode.DBT_LS","logger":"cosmos.converter","filename":"converter.py","lineno":371}
{"timestamp":"2026-09-05T12:39:38.950280Z","level":"info","event":"Cosmos performance (verdanta_stores__dbt_sources) - [993ed3b2f767|828]: It took 0.00188s to build the Airflow DAG.","logger":"cosmos.converter","filename":"converter.py","lineno":423}
{"timestamp":"2026-09-05T12:39:38.950376Z","level":"info","event":"::endgroup::Cosmos DAG parsing logs","logger":"cosmos.converter","filename":"converter.py","lineno":430}
{"timestamp":"2026-09-05T12:39:38.950948Z","level":"warning","event":"Using Variable.get from `airflow.models` is deprecated.Please use `get` on Variable from sdk(`airflow.sdk.Variable`) instead","category":"UserWarning","filename":"/home/airflow/.local/lib/python3.13/site-packages/airflow/models/variable.py","lineno":158,"logger":"py.warnings"}
{"timestamp":"2026-09-05T12:39:38.951028Z","level":"warning","event":"Valid config keys have changed in V2:\n* 'allow_population_by_field_name' has been renamed to 'validate_by_name'","category":"UserWarning","filename":"/home/airflow/.local/lib/python3.13/site-packages/pydantic/_internal/_config.py","lineno":383,"logger":"py.warnings"}
{"timestamp":"2026-09-05T12:39:38.951090Z","level":"warning","event":"Using Variable.set from `airflow.models` is deprecated.Please use `set` on Variable from sdk(`airflow.sdk.Variable`) instead","category":"UserWarning","filename":"/home/airflow/.local/lib/python3.13/site-packages/airflow/models/variable.py","lineno":218,"logger":"py.warnings"}
{"timestamp":"2026-09-05T12:40:09.712735Z","level":"info","event":"Filling up the DagBag from /opt/airflow/dags/verdanta_stores.py","logger":"airflow.dag_processing.dagbag.BundleDagBag","filename":"dagbag.py","lineno":469}
{"timestamp":"2026-09-05T12:40:09.795221Z","level":"info","event":"::group::Cosmos DAG parsing logs","logger":"cosmos.converter","filename":"converter.py","lineno":321}
{"timestamp":"2026-09-05T12:40:09.799234Z","level":"info","event":"Cosmos cache dir resolved to /tmp/cosmos/verdanta_stores__dbt_sources","logger":"cosmos.converter","filename":"converter.py","lineno":346}
{"timestamp":"2026-09-05T12:40:09.799478Z","level":"info","event":"Trying to parse the dbt project using dbt ls cache cosmos_cache__verdanta_stores__dbt_sources...","logger":"cosmos.dbt.graph","filename":"graph.py","lineno":869}
{"timestamp":"2026-09-05T12:40:09.954259Z","level":"info","event":"Cosmos performance: time to calculate cache identifier cosmos_cache__verdanta_stores__dbt_sources for current version: 0.13793166699997528","logger":"cosmos.cache","filename":"cache.py","lineno":401}
{"timestamp":"2026-09-05T12:40:09.954444Z","level":"info","event":"Cosmos performance: Cache miss for cosmos_cache__verdanta_stores__dbt_sources - skipped","logger":"cosmos.dbt.graph","filename":"graph.py","lineno":900}
{"timestamp":"2026-09-05T12:40:09.954583Z","level":"info","event":"Trying to parse the dbt project in `/opt/airflow/dbt/verdanta_project` using dbt ls...","logger":"cosmos.dbt.graph","filename":"graph.py","lineno":983}
{"timestamp":"2026-09-05T12:40:09.969585Z","level":"info","event":"Partial parse is enabled and the latest partial parse file is /tmp/cosmos/verdanta_stores__dbt_sources/target/partial_parse.msgpack","logger":"cosmos.dbt.graph","filename":"graph.py","lineno":1002}
{"timestamp":"2026-09-05T12:40:10.002429Z","level":"info","event":"Profile caching is enable.","logger":"cosmos.config","filename":"config.py","lineno":399}
{"timestamp":"2026-09-05T12:40:10.002852Z","level":"info","event":"Profile found in cache using profile: /tmp/cosmos/profile/88b0aa12559803c5b3e8b5b0cefa363d35d21cc93574699baf5727c52eda1f13/profiles.yml.","logger":"cosmos.config","filename":"config.py","lineno":379}
{"timestamp":"2026-09-05T12:40:11.677867Z","level":"info","event":"Running command with dbt Runner: `/home/airflow/.local/bin/dbt deps --project-dir /tmp/tmpn284os57 --profiles-dir /tmp/cosmos/profile/88b0aa12559803c5b3e8b5b0cefa363d35d21cc93574699baf5727c52eda1f13 --profile verdanta_project --target dev`","logger":"cosmos.dbt.graph","filename":"graph.py","lineno":361}
{"timestamp":"2026-09-05T12:40:11.678295Z","level":"info","event":"Trying to run dbtRunner with:\n ['deps', '--project-dir', '/tmp/tmpn284os57', '--profiles-dir', '/tmp/cosmos/profile/88b0aa12559803c5b3e8b5b0cefa363d35d21cc93574699baf5727c52eda1f13', '--profile', 'verdanta_project', '--target', 'dev']\n in /tmp/tmpn284os57","logger":"cosmos.dbt.runner","filename":"runner.py","lineno":95}
{"timestamp":"2026-09-05T12:40:11.792233Z","level":"info","event":"\u001b[0m12:40:11  Running with dbt=1.12.0","logger":"task.stdout"}
{"timestamp":"2026-09-05T12:40:12.224743Z","level":"info","event":"\u001b[0m12:40:12  Installing dbt-labs/dbt_utils","logger":"task.stdout"}
{"timestamp":"2026-09-05T12:40:12.719604Z","level":"info","event":"\u001b[0m12:40:12  Installed from version 1.4.1","logger":"task.stdout"}
{"timestamp":"2026-09-05T12:40:12.734779Z","level":"info","event":"\u001b[0m12:40:12  Up to date!","logger":"task.stdout"}
{"timestamp":"2026-09-05T12:40:13.482578Z","level":"info","event":"Running command with dbt Runner: `/home/airflow/.local/bin/dbt ls --output json --output-keys name unique_id resource_type depends_on original_file_path tags config freshness fqn --project-dir /tmp/tmpn284os57 --profiles-dir /tmp/cosmos/profile/88b0aa12559803c5b3e8b5b0cefa363d35d21cc93574699baf5727c52eda1f13 --profile verdanta_project --target dev --select stg_reference_stores+`","logger":"cosmos.dbt.graph","filename":"graph.py","lineno":361}
{"timestamp":"2026-09-05T12:40:13.482897Z","level":"info","event":"Trying to run dbtRunner with:\n ['ls', '--output', 'json', '--output-keys', 'name', 'unique_id', 'resource_type', 'depends_on', 'original_file_path', 'tags', 'config', 'freshness', 'fqn', '--project-dir', '/tmp/tmpn284os57', '--profiles-dir', '/tmp/cosmos/profile/88b0aa12559803c5b3e8b5b0cefa363d35d21cc93574699baf5727c52eda1f13', '--profile', 'verdanta_project', '--target', 'dev', '--select', 'stg_reference_stores+']\n in /tmp/tmpn284os57","logger":"cosmos.dbt.runner","filename":"runner.py","lineno":95}
{"timestamp":"2026-09-05T12:40:13.496692Z","level":"info","event":"\u001b[0m12:40:13  Running with dbt=1.12.0","logger":"task.stdout"}
{"timestamp":"2026-09-05T12:40:15.392409Z","level":"info","event":"\u001b[0m12:40:15  Registered adapter: databricks=1.10.9","logger":"task.stdout"}
{"timestamp":"2026-09-05T12:40:16.675939Z","level":"info","event":"\u001b[0m12:40:16  Found 22 models, 96 data tests, 3 seeds, 2 snapshots, 8 sources, 844 macros","logger":"task.stdout"}
{"timestamp":"2026-09-05T12:40:16.683492Z","level":"info","event":"\u001b[0m12:40:16  [\u001b[33mWARNING\u001b[0m]: The selection criterion 'stg_reference_stores+' does not match any enabled nodes","logger":"task.stdout"}
{"timestamp":"2026-09-05T12:40:16.683822Z","level":"info","event":"\u001b[0m12:40:16  [\u001b[33mWARNING\u001b[0m]: No nodes selected!","logger":"task.stdout"}
{"timestamp":"2026-09-05T12:40:17.594291Z","level":"info","event":"Cosmos performance: time to calculate cache identifier cosmos_cache__verdanta_stores__dbt_sources for current version: 0.14839726800005337","logger":"cosmos.cache","filename":"cache.py","lineno":401}
{"timestamp":"2026-09-05T12:40:17.636587Z","level":"info","event":"Total nodes: 0","logger":"cosmos.dbt.graph","filename":"graph.py","lineno":799}
{"timestamp":"2026-09-05T12:40:17.636849Z","level":"info","event":"Total filtered nodes: 0","logger":"cosmos.dbt.graph","filename":"graph.py","lineno":800}
{"timestamp":"2026-09-05T12:40:17.636997Z","level":"info","event":"Cosmos performance (verdanta_stores__dbt_sources) - [993ed3b2f767|864]: It took 7.84s to parse the dbt project for DAG using LoadMode.DBT_LS","logger":"cosmos.converter","filename":"converter.py","lineno":371}
{"timestamp":"2026-09-05T12:40:17.639263Z","level":"info","event":"Cosmos performance (verdanta_stores__dbt_sources) - [993ed3b2f767|864]: It took 0.00226s to build the Airflow DAG.","logger":"cosmos.converter","filename":"converter.py","lineno":423}
{"timestamp":"2026-09-05T12:40:17.639378Z","level":"info","event":"::endgroup::Cosmos DAG parsing logs","logger":"cosmos.converter","filename":"converter.py","lineno":430}
{"timestamp":"2026-09-05T12:40:17.639987Z","level":"warning","event":"Using Variable.get from `airflow.models` is deprecated.Please use `get` on Variable from sdk(`airflow.sdk.Variable`) instead","category":"UserWarning","filename":"/home/airflow/.local/lib/python3.13/site-packages/airflow/models/variable.py","lineno":158,"logger":"py.warnings"}
{"timestamp":"2026-09-05T12:40:17.640073Z","level":"warning","event":"Valid config keys have changed in V2:\n* 'allow_population_by_field_name' has been renamed to 'validate_by_name'","category":"UserWarning","filename":"/home/airflow/.local/lib/python3.13/site-packages/pydantic/_internal/_config.py","lineno":383,"logger":"py.warnings"}
{"timestamp":"2026-09-05T12:40:17.640138Z","level":"warning","event":"Using Variable.set from `airflow.models` is deprecated.Please use `set` on Variable from sdk(`airflow.sdk.Variable`) instead","category":"UserWarning","filename":"/home/airflow/.local/lib/python3.13/site-packages/airflow/models/variable.py","lineno":218,"logger":"py.warnings"}
{"timestamp":"2026-09-05T12:40:48.405342Z","level":"info","event":"Filling up the DagBag from /opt/airflow/dags/verdanta_stores.py","logger":"airflow.dag_processing.dagbag.BundleDagBag","filename":"dagbag.py","lineno":469}
{"timestamp":"2026-09-05T12:40:48.477308Z","level":"info","event":"::group::Cosmos DAG parsing logs","logger":"cosmos.converter","filename":"converter.py","lineno":321}
{"timestamp":"2026-09-05T12:40:48.481240Z","level":"info","event":"Cosmos cache dir resolved to /tmp/cosmos/verdanta_stores__dbt_sources","logger":"cosmos.converter","filename":"converter.py","lineno":346}
{"timestamp":"2026-09-05T12:40:48.481521Z","level":"info","event":"Trying to parse the dbt project using dbt ls cache cosmos_cache__verdanta_stores__dbt_sources...","logger":"cosmos.dbt.graph","filename":"graph.py","lineno":869}
{"timestamp":"2026-09-05T12:40:48.636910Z","level":"info","event":"Cosmos performance: time to calculate cache identifier cosmos_cache__verdanta_stores__dbt_sources for current version: 0.13723201700008758","logger":"cosmos.cache","filename":"cache.py","lineno":401}
{"timestamp":"2026-09-05T12:40:48.637367Z","level":"info","event":"Cosmos performance: Cache miss for cosmos_cache__verdanta_stores__dbt_sources - skipped","logger":"cosmos.dbt.graph","filename":"graph.py","lineno":900}
{"timestamp":"2026-09-05T12:40:48.637877Z","level":"info","event":"Trying to parse the dbt project in `/opt/airflow/dbt/verdanta_project` using dbt ls...","logger":"cosmos.dbt.graph","filename":"graph.py","lineno":983}
{"timestamp":"2026-09-05T12:40:48.653778Z","level":"info","event":"Partial parse is enabled and the latest partial parse file is /tmp/cosmos/verdanta_stores__dbt_sources/target/partial_parse.msgpack","logger":"cosmos.dbt.graph","filename":"graph.py","lineno":1002}
{"timestamp":"2026-09-05T12:40:48.682639Z","level":"info","event":"Profile caching is enable.","logger":"cosmos.config","filename":"config.py","lineno":399}
{"timestamp":"2026-09-05T12:40:48.682967Z","level":"info","event":"Profile found in cache using profile: /tmp/cosmos/profile/88b0aa12559803c5b3e8b5b0cefa363d35d21cc93574699baf5727c52eda1f13/profiles.yml.","logger":"cosmos.config","filename":"config.py","lineno":379}
{"timestamp":"2026-09-05T12:40:50.263997Z","level":"info","event":"Running command with dbt Runner: `/home/airflow/.local/bin/dbt deps --project-dir /tmp/tmp2cywvy3s --profiles-dir /tmp/cosmos/profile/88b0aa12559803c5b3e8b5b0cefa363d35d21cc93574699baf5727c52eda1f13 --profile verdanta_project --target dev`","logger":"cosmos.dbt.graph","filename":"graph.py","lineno":361}
{"timestamp":"2026-09-05T12:40:50.264628Z","level":"info","event":"Trying to run dbtRunner with:\n ['deps', '--project-dir', '/tmp/tmp2cywvy3s', '--profiles-dir', '/tmp/cosmos/profile/88b0aa12559803c5b3e8b5b0cefa363d35d21cc93574699baf5727c52eda1f13', '--profile', 'verdanta_project', '--target', 'dev']\n in /tmp/tmp2cywvy3s","logger":"cosmos.dbt.runner","filename":"runner.py","lineno":95}
{"timestamp":"2026-09-05T12:40:50.400882Z","level":"info","event":"\u001b[0m12:40:50  Running with dbt=1.12.0","logger":"task.stdout"}
{"timestamp":"2026-09-05T12:40:50.738425Z","level":"info","event":"\u001b[0m12:40:50  Installing dbt-labs/dbt_utils","logger":"task.stdout"}
{"timestamp":"2026-09-05T12:40:51.212837Z","level":"info","event":"\u001b[0m12:40:51  Installed from version 1.4.1","logger":"task.stdout"}
{"timestamp":"2026-09-05T12:40:51.220054Z","level":"info","event":"\u001b[0m12:40:51  Up to date!","logger":"task.stdout"}
{"timestamp":"2026-09-05T12:40:52.023361Z","level":"info","event":"Running command with dbt Runner: `/home/airflow/.local/bin/dbt ls --output json --output-keys name unique_id resource_type depends_on original_file_path tags config freshness fqn --project-dir /tmp/tmp2cywvy3s --profiles-dir /tmp/cosmos/profile/88b0aa12559803c5b3e8b5b0cefa363d35d21cc93574699baf5727c52eda1f13 --profile verdanta_project --target dev --select stg_reference_stores+`","logger":"cosmos.dbt.graph","filename":"graph.py","lineno":361}
{"timestamp":"2026-09-05T12:40:52.023970Z","level":"info","event":"Trying to run dbtRunner with:\n ['ls', '--output', 'json', '--output-keys', 'name', 'unique_id', 'resource_type', 'depends_on', 'original_file_path', 'tags', 'config', 'freshness', 'fqn', '--project-dir', '/tmp/tmp2cywvy3s', '--profiles-dir', '/tmp/cosmos/profile/88b0aa12559803c5b3e8b5b0cefa363d35d21cc93574699baf5727c52eda1f13', '--profile', 'verdanta_project', '--target', 'dev', '--select', 'stg_reference_stores+']\n in /tmp/tmp2cywvy3s","logger":"cosmos.dbt.runner","filename":"runner.py","lineno":95}
{"timestamp":"2026-09-05T12:40:52.049512Z","level":"info","event":"\u001b[0m12:40:52  Running with dbt=1.12.0","logger":"task.stdout"}
{"timestamp":"2026-09-05T12:40:53.797257Z","level":"info","event":"\u001b[0m12:40:53  Registered adapter: databricks=1.10.9","logger":"task.stdout"}
{"timestamp":"2026-09-05T12:40:55.054922Z","level":"info","event":"\u001b[0m12:40:55  Found 22 models, 96 data tests, 3 seeds, 2 snapshots, 8 sources, 844 macros","logger":"task.stdout"}
{"timestamp":"2026-09-05T12:40:55.062659Z","level":"info","event":"\u001b[0m12:40:55  [\u001b[33mWARNING\u001b[0m]: The selection criterion 'stg_reference_stores+' does not match any enabled nodes","logger":"task.stdout"}
{"timestamp":"2026-09-05T12:40:55.062962Z","level":"info","event":"\u001b[0m12:40:55  [\u001b[33mWARNING\u001b[0m]: No nodes selected!","logger":"task.stdout"}
{"timestamp":"2026-09-05T12:40:55.948990Z","level":"info","event":"Cosmos performance: time to calculate cache identifier cosmos_cache__verdanta_stores__dbt_sources for current version: 0.13018100399995092","logger":"cosmos.cache","filename":"cache.py","lineno":401}
{"timestamp":"2026-09-05T12:40:55.989866Z","level":"info","event":"Total nodes: 0","logger":"cosmos.dbt.graph","filename":"graph.py","lineno":799}
{"timestamp":"2026-09-05T12:40:55.990033Z","level":"info","event":"Total filtered nodes: 0","logger":"cosmos.dbt.graph","filename":"graph.py","lineno":800}
{"timestamp":"2026-09-05T12:40:55.990125Z","level":"info","event":"Cosmos performance (verdanta_stores__dbt_sources) - [993ed3b2f767|900]: It took 7.51s to parse the dbt project for DAG using LoadMode.DBT_LS","logger":"cosmos.converter","filename":"converter.py","lineno":371}
{"timestamp":"2026-09-05T12:40:55.992155Z","level":"info","event":"Cosmos performance (verdanta_stores__dbt_sources) - [993ed3b2f767|900]: It took 0.00201s to build the Airflow DAG.","logger":"cosmos.converter","filename":"converter.py","lineno":423}
{"timestamp":"2026-09-05T12:40:55.992251Z","level":"info","event":"::endgroup::Cosmos DAG parsing logs","logger":"cosmos.converter","filename":"converter.py","lineno":430}
{"timestamp":"2026-09-05T12:40:55.993191Z","level":"warning","event":"Using Variable.get from `airflow.models` is deprecated.Please use `get` on Variable from sdk(`airflow.sdk.Variable`) instead","category":"UserWarning","filename":"/home/airflow/.local/lib/python3.13/site-packages/airflow/models/variable.py","lineno":158,"logger":"py.warnings"}
{"timestamp":"2026-09-05T12:40:55.993310Z","level":"warning","event":"Valid config keys have changed in V2:\n* 'allow_population_by_field_name' has been renamed to 'validate_by_name'","category":"UserWarning","filename":"/home/airflow/.local/lib/python3.13/site-packages/pydantic/_internal/_config.py","lineno":383,"logger":"py.warnings"}
{"timestamp":"2026-09-05T12:40:55.993394Z","level":"warning","event":"Using Variable.set from `airflow.models` is deprecated.Please use `set` on Variable from sdk(`airflow.sdk.Variable`) instead","category":"UserWarning","filename":"/home/airflow/.local/lib/python3.13/site-packages/airflow/models/variable.py","lineno":218,"logger":"py.warnings"}
{"timestamp":"2026-09-05T12:41:27.289017Z","level":"info","event":"Filling up the DagBag from /opt/airflow/dags/verdanta_stores.py","logger":"airflow.dag_processing.dagbag.BundleDagBag","filename":"dagbag.py","lineno":469}
{"timestamp":"2026-09-05T12:41:27.386954Z","level":"info","event":"::group::Cosmos DAG parsing logs","logger":"cosmos.converter","filename":"converter.py","lineno":321}
{"timestamp":"2026-09-05T12:41:27.391021Z","level":"info","event":"Cosmos cache dir resolved to /tmp/cosmos/verdanta_stores__dbt_sources","logger":"cosmos.converter","filename":"converter.py","lineno":346}
{"timestamp":"2026-09-05T12:41:27.391372Z","level":"info","event":"Trying to parse the dbt project using dbt ls cache cosmos_cache__verdanta_stores__dbt_sources...","logger":"cosmos.dbt.graph","filename":"graph.py","lineno":869}
{"timestamp":"2026-09-05T12:41:27.540113Z","level":"info","event":"Cosmos performance: time to calculate cache identifier cosmos_cache__verdanta_stores__dbt_sources for current version: 0.1323475149999922","logger":"cosmos.cache","filename":"cache.py","lineno":401}
{"timestamp":"2026-09-05T12:41:27.540320Z","level":"info","event":"Cosmos performance: Cache miss for cosmos_cache__verdanta_stores__dbt_sources - skipped","logger":"cosmos.dbt.graph","filename":"graph.py","lineno":900}
{"timestamp":"2026-09-05T12:41:27.540560Z","level":"info","event":"Trying to parse the dbt project in `/opt/airflow/dbt/verdanta_project` using dbt ls...","logger":"cosmos.dbt.graph","filename":"graph.py","lineno":983}
{"timestamp":"2026-09-05T12:41:27.554347Z","level":"info","event":"Partial parse is enabled and the latest partial parse file is /tmp/cosmos/verdanta_stores__dbt_sources/target/partial_parse.msgpack","logger":"cosmos.dbt.graph","filename":"graph.py","lineno":1002}
{"timestamp":"2026-09-05T12:41:27.582875Z","level":"info","event":"Profile caching is enable.","logger":"cosmos.config","filename":"config.py","lineno":399}
{"timestamp":"2026-09-05T12:41:27.583375Z","level":"info","event":"Profile found in cache using profile: /tmp/cosmos/profile/88b0aa12559803c5b3e8b5b0cefa363d35d21cc93574699baf5727c52eda1f13/profiles.yml.","logger":"cosmos.config","filename":"config.py","lineno":379}
{"timestamp":"2026-09-05T12:41:29.151833Z","level":"info","event":"Running command with dbt Runner: `/home/airflow/.local/bin/dbt deps --project-dir /tmp/tmp2s5xjjuu --profiles-dir /tmp/cosmos/profile/88b0aa12559803c5b3e8b5b0cefa363d35d21cc93574699baf5727c52eda1f13 --profile verdanta_project --target dev`","logger":"cosmos.dbt.graph","filename":"graph.py","lineno":361}
{"timestamp":"2026-09-05T12:41:29.152217Z","level":"info","event":"Trying to run dbtRunner with:\n ['deps', '--project-dir', '/tmp/tmp2s5xjjuu', '--profiles-dir', '/tmp/cosmos/profile/88b0aa12559803c5b3e8b5b0cefa363d35d21cc93574699baf5727c52eda1f13', '--profile', 'verdanta_project', '--target', 'dev']\n in /tmp/tmp2s5xjjuu","logger":"cosmos.dbt.runner","filename":"runner.py","lineno":95}
{"timestamp":"2026-09-05T12:41:29.240610Z","level":"info","event":"\u001b[0m12:41:29  Running with dbt=1.12.0","logger":"task.stdout"}
{"timestamp":"2026-09-05T12:41:29.682908Z","level":"info","event":"\u001b[0m12:41:29  Installing dbt-labs/dbt_utils","logger":"task.stdout"}
{"timestamp":"2026-09-05T12:41:30.129358Z","level":"info","event":"\u001b[0m12:41:30  Installed from version 1.4.1","logger":"task.stdout"}
{"timestamp":"2026-09-05T12:41:30.174899Z","level":"info","event":"\u001b[0m12:41:30  Up to date!","logger":"task.stdout"}
{"timestamp":"2026-09-05T12:41:30.873569Z","level":"info","event":"Running command with dbt Runner: `/home/airflow/.local/bin/dbt ls --output json --output-keys name unique_id resource_type depends_on original_file_path tags config freshness fqn --project-dir /tmp/tmp2s5xjjuu --profiles-dir /tmp/cosmos/profile/88b0aa12559803c5b3e8b5b0cefa363d35d21cc93574699baf5727c52eda1f13 --profile verdanta_project --target dev --select stg_reference_stores+`","logger":"cosmos.dbt.graph","filename":"graph.py","lineno":361}
{"timestamp":"2026-09-05T12:41:30.873861Z","level":"info","event":"Trying to run dbtRunner with:\n ['ls', '--output', 'json', '--output-keys', 'name', 'unique_id', 'resource_type', 'depends_on', 'original_file_path', 'tags', 'config', 'freshness', 'fqn', '--project-dir', '/tmp/tmp2s5xjjuu', '--profiles-dir', '/tmp/cosmos/profile/88b0aa12559803c5b3e8b5b0cefa363d35d21cc93574699baf5727c52eda1f13', '--profile', 'verdanta_project', '--target', 'dev', '--select', 'stg_reference_stores+']\n in /tmp/tmp2s5xjjuu","logger":"cosmos.dbt.runner","filename":"runner.py","lineno":95}
{"timestamp":"2026-09-05T12:41:30.886492Z","level":"info","event":"\u001b[0m12:41:30  Running with dbt=1.12.0","logger":"task.stdout"}
{"timestamp":"2026-09-05T12:41:32.559903Z","level":"info","event":"\u001b[0m12:41:32  Registered adapter: databricks=1.10.9","logger":"task.stdout"}
{"timestamp":"2026-09-05T12:41:33.641623Z","level":"info","event":"\u001b[0m12:41:33  Found 22 models, 96 data tests, 3 seeds, 2 snapshots, 8 sources, 844 macros","logger":"task.stdout"}
{"timestamp":"2026-09-05T12:41:33.649279Z","level":"info","event":"\u001b[0m12:41:33  [\u001b[33mWARNING\u001b[0m]: The selection criterion 'stg_reference_stores+' does not match any enabled nodes","logger":"task.stdout"}
{"timestamp":"2026-09-05T12:41:33.649560Z","level":"info","event":"\u001b[0m12:41:33  [\u001b[33mWARNING\u001b[0m]: No nodes selected!","logger":"task.stdout"}
{"timestamp":"2026-09-05T12:41:34.536523Z","level":"info","event":"Cosmos performance: time to calculate cache identifier cosmos_cache__verdanta_stores__dbt_sources for current version: 0.1393035300000065","logger":"cosmos.cache","filename":"cache.py","lineno":401}
{"timestamp":"2026-09-05T12:41:34.576492Z","level":"info","event":"Total nodes: 0","logger":"cosmos.dbt.graph","filename":"graph.py","lineno":799}
{"timestamp":"2026-09-05T12:41:34.576674Z","level":"info","event":"Total filtered nodes: 0","logger":"cosmos.dbt.graph","filename":"graph.py","lineno":800}
{"timestamp":"2026-09-05T12:41:34.576767Z","level":"info","event":"Cosmos performance (verdanta_stores__dbt_sources) - [993ed3b2f767|951]: It took 7.19s to parse the dbt project for DAG using LoadMode.DBT_LS","logger":"cosmos.converter","filename":"converter.py","lineno":371}
{"timestamp":"2026-09-05T12:41:34.578692Z","level":"info","event":"Cosmos performance (verdanta_stores__dbt_sources) - [993ed3b2f767|951]: It took 0.00191s to build the Airflow DAG.","logger":"cosmos.converter","filename":"converter.py","lineno":423}
{"timestamp":"2026-09-05T12:41:34.578795Z","level":"info","event":"::endgroup::Cosmos DAG parsing logs","logger":"cosmos.converter","filename":"converter.py","lineno":430}
{"timestamp":"2026-09-05T12:41:34.579381Z","level":"warning","event":"Using Variable.get from `airflow.models` is deprecated.Please use `get` on Variable from sdk(`airflow.sdk.Variable`) instead","category":"UserWarning","filename":"/home/airflow/.local/lib/python3.13/site-packages/airflow/models/variable.py","lineno":158,"logger":"py.warnings"}
{"timestamp":"2026-09-05T12:41:34.579471Z","level":"warning","event":"Valid config keys have changed in V2:\n* 'allow_population_by_field_name' has been renamed to 'validate_by_name'","category":"UserWarning","filename":"/home/airflow/.local/lib/python3.13/site-packages/pydantic/_internal/_config.py","lineno":383,"logger":"py.warnings"}
{"timestamp":"2026-09-05T12:41:34.579534Z","level":"warning","event":"Using Variable.set from `airflow.models` is deprecated.Please use `set` on Variable from sdk(`airflow.sdk.Variable`) instead","category":"UserWarning","filename":"/home/airflow/.local/lib/python3.13/site-packages/airflow/models/variable.py","lineno":218,"logger":"py.warnings"}
{"timestamp":"2026-09-05T12:42:05.352713Z","level":"info","event":"Filling up the DagBag from /opt/airflow/dags/verdanta_stores.py","logger":"airflow.dag_processing.dagbag.BundleDagBag","filename":"dagbag.py","lineno":469}
{"timestamp":"2026-09-05T12:42:05.420231Z","level":"info","event":"::group::Cosmos DAG parsing logs","logger":"cosmos.converter","filename":"converter.py","lineno":321}
{"timestamp":"2026-09-05T12:42:05.424223Z","level":"info","event":"Cosmos cache dir resolved to /tmp/cosmos/verdanta_stores__dbt_sources","logger":"cosmos.converter","filename":"converter.py","lineno":346}
{"timestamp":"2026-09-05T12:42:05.424429Z","level":"info","event":"Trying to parse the dbt project using dbt ls cache cosmos_cache__verdanta_stores__dbt_sources...","logger":"cosmos.dbt.graph","filename":"graph.py","lineno":869}
{"timestamp":"2026-09-05T12:42:05.576927Z","level":"info","event":"Cosmos performance: time to calculate cache identifier cosmos_cache__verdanta_stores__dbt_sources for current version: 0.13739271200006442","logger":"cosmos.cache","filename":"cache.py","lineno":401}
{"timestamp":"2026-09-05T12:42:05.577121Z","level":"info","event":"Cosmos performance: Cache miss for cosmos_cache__verdanta_stores__dbt_sources - skipped","logger":"cosmos.dbt.graph","filename":"graph.py","lineno":900}
{"timestamp":"2026-09-05T12:42:05.577276Z","level":"info","event":"Trying to parse the dbt project in `/opt/airflow/dbt/verdanta_project` using dbt ls...","logger":"cosmos.dbt.graph","filename":"graph.py","lineno":983}
{"timestamp":"2026-09-05T12:42:05.592817Z","level":"info","event":"Partial parse is enabled and the latest partial parse file is /tmp/cosmos/verdanta_stores__dbt_sources/target/partial_parse.msgpack","logger":"cosmos.dbt.graph","filename":"graph.py","lineno":1002}
{"timestamp":"2026-09-05T12:42:05.625731Z","level":"info","event":"Profile caching is enable.","logger":"cosmos.config","filename":"config.py","lineno":399}
{"timestamp":"2026-09-05T12:42:05.626112Z","level":"info","event":"Profile found in cache using profile: /tmp/cosmos/profile/88b0aa12559803c5b3e8b5b0cefa363d35d21cc93574699baf5727c52eda1f13/profiles.yml.","logger":"cosmos.config","filename":"config.py","lineno":379}
{"timestamp":"2026-09-05T12:42:07.153252Z","level":"info","event":"Running command with dbt Runner: `/home/airflow/.local/bin/dbt deps --project-dir /tmp/tmpjlpkxcpb --profiles-dir /tmp/cosmos/profile/88b0aa12559803c5b3e8b5b0cefa363d35d21cc93574699baf5727c52eda1f13 --profile verdanta_project --target dev`","logger":"cosmos.dbt.graph","filename":"graph.py","lineno":361}
{"timestamp":"2026-09-05T12:42:07.153656Z","level":"info","event":"Trying to run dbtRunner with:\n ['deps', '--project-dir', '/tmp/tmpjlpkxcpb', '--profiles-dir', '/tmp/cosmos/profile/88b0aa12559803c5b3e8b5b0cefa363d35d21cc93574699baf5727c52eda1f13', '--profile', 'verdanta_project', '--target', 'dev']\n in /tmp/tmpjlpkxcpb","logger":"cosmos.dbt.runner","filename":"runner.py","lineno":95}
{"timestamp":"2026-09-05T12:42:07.245919Z","level":"info","event":"\u001b[0m12:42:07  Running with dbt=1.12.0","logger":"task.stdout"}
{"timestamp":"2026-09-05T12:42:07.545711Z","level":"info","event":"\u001b[0m12:42:07  Installing dbt-labs/dbt_utils","logger":"task.stdout"}
{"timestamp":"2026-09-05T12:42:08.003846Z","level":"info","event":"\u001b[0m12:42:08  Installed from version 1.4.1","logger":"task.stdout"}
{"timestamp":"2026-09-05T12:42:08.011117Z","level":"info","event":"\u001b[0m12:42:08  Up to date!","logger":"task.stdout"}
{"timestamp":"2026-09-05T12:42:08.741503Z","level":"info","event":"Running command with dbt Runner: `/home/airflow/.local/bin/dbt ls --output json --output-keys name unique_id resource_type depends_on original_file_path tags config freshness fqn --project-dir /tmp/tmpjlpkxcpb --profiles-dir /tmp/cosmos/profile/88b0aa12559803c5b3e8b5b0cefa363d35d21cc93574699baf5727c52eda1f13 --profile verdanta_project --target dev --select stg_reference_stores+`","logger":"cosmos.dbt.graph","filename":"graph.py","lineno":361}
{"timestamp":"2026-09-05T12:42:08.741833Z","level":"info","event":"Trying to run dbtRunner with:\n ['ls', '--output', 'json', '--output-keys', 'name', 'unique_id', 'resource_type', 'depends_on', 'original_file_path', 'tags', 'config', 'freshness', 'fqn', '--project-dir', '/tmp/tmpjlpkxcpb', '--profiles-dir', '/tmp/cosmos/profile/88b0aa12559803c5b3e8b5b0cefa363d35d21cc93574699baf5727c52eda1f13', '--profile', 'verdanta_project', '--target', 'dev', '--select', 'stg_reference_stores+']\n in /tmp/tmpjlpkxcpb","logger":"cosmos.dbt.runner","filename":"runner.py","lineno":95}
{"timestamp":"2026-09-05T12:42:08.754069Z","level":"info","event":"\u001b[0m12:42:08  Running with dbt=1.12.0","logger":"task.stdout"}
{"timestamp":"2026-09-05T12:42:10.391693Z","level":"info","event":"\u001b[0m12:42:10  Registered adapter: databricks=1.10.9","logger":"task.stdout"}
{"timestamp":"2026-09-05T12:42:11.518664Z","level":"info","event":"\u001b[0m12:42:11  Found 22 models, 96 data tests, 3 seeds, 2 snapshots, 8 sources, 844 macros","logger":"task.stdout"}
{"timestamp":"2026-09-05T12:42:11.525154Z","level":"info","event":"\u001b[0m12:42:11  [\u001b[33mWARNING\u001b[0m]: The selection criterion 'stg_reference_stores+' does not match any enabled nodes","logger":"task.stdout"}
{"timestamp":"2026-09-05T12:42:11.525447Z","level":"info","event":"\u001b[0m12:42:11  [\u001b[33mWARNING\u001b[0m]: No nodes selected!","logger":"task.stdout"}
{"timestamp":"2026-09-05T12:42:12.430274Z","level":"info","event":"Cosmos performance: time to calculate cache identifier cosmos_cache__verdanta_stores__dbt_sources for current version: 0.13082488199984255","logger":"cosmos.cache","filename":"cache.py","lineno":401}
{"timestamp":"2026-09-05T12:42:12.472949Z","level":"info","event":"Total nodes: 0","logger":"cosmos.dbt.graph","filename":"graph.py","lineno":799}
{"timestamp":"2026-09-05T12:42:12.473133Z","level":"info","event":"Total filtered nodes: 0","logger":"cosmos.dbt.graph","filename":"graph.py","lineno":800}
{"timestamp":"2026-09-05T12:42:12.473225Z","level":"info","event":"Cosmos performance (verdanta_stores__dbt_sources) - [993ed3b2f767|987]: It took 7.05s to parse the dbt project for DAG using LoadMode.DBT_LS","logger":"cosmos.converter","filename":"converter.py","lineno":371}
{"timestamp":"2026-09-05T12:42:12.475196Z","level":"info","event":"Cosmos performance (verdanta_stores__dbt_sources) - [993ed3b2f767|987]: It took 0.00196s to build the Airflow DAG.","logger":"cosmos.converter","filename":"converter.py","lineno":423}
{"timestamp":"2026-09-05T12:42:12.475283Z","level":"info","event":"::endgroup::Cosmos DAG parsing logs","logger":"cosmos.converter","filename":"converter.py","lineno":430}
{"timestamp":"2026-09-05T12:42:12.475878Z","level":"warning","event":"Using Variable.get from `airflow.models` is deprecated.Please use `get` on Variable from sdk(`airflow.sdk.Variable`) instead","category":"UserWarning","filename":"/home/airflow/.local/lib/python3.13/site-packages/airflow/models/variable.py","lineno":158,"logger":"py.warnings"}
{"timestamp":"2026-09-05T12:42:12.475964Z","level":"warning","event":"Valid config keys have changed in V2:\n* 'allow_population_by_field_name' has been renamed to 'validate_by_name'","category":"UserWarning","filename":"/home/airflow/.local/lib/python3.13/site-packages/pydantic/_internal/_config.py","lineno":383,"logger":"py.warnings"}
{"timestamp":"2026-09-05T12:42:12.476027Z","level":"warning","event":"Using Variable.set from `airflow.models` is deprecated.Please use `set` on Variable from sdk(`airflow.sdk.Variable`) instead","category":"UserWarning","filename":"/home/airflow/.local/lib/python3.13/site-packages/airflow/models/variable.py","lineno":218,"logger":"py.warnings"}
{"timestamp":"2026-09-05T12:42:43.310236Z","level":"info","event":"Filling up the DagBag from /opt/airflow/dags/verdanta_stores.py","logger":"airflow.dag_processing.dagbag.BundleDagBag","filename":"dagbag.py","lineno":469}
{"timestamp":"2026-09-05T12:42:43.377550Z","level":"info","event":"::group::Cosmos DAG parsing logs","logger":"cosmos.converter","filename":"converter.py","lineno":321}
{"timestamp":"2026-09-05T12:42:43.380714Z","level":"info","event":"Cosmos cache dir resolved to /tmp/cosmos/verdanta_stores__dbt_sources","logger":"cosmos.converter","filename":"converter.py","lineno":346}
{"timestamp":"2026-09-05T12:42:43.380954Z","level":"info","event":"Trying to parse the dbt project using dbt ls cache cosmos_cache__verdanta_stores__dbt_sources...","logger":"cosmos.dbt.graph","filename":"graph.py","lineno":869}
{"timestamp":"2026-09-05T12:42:43.525146Z","level":"info","event":"Cosmos performance: time to calculate cache identifier cosmos_cache__verdanta_stores__dbt_sources for current version: 0.12882089899994753","logger":"cosmos.cache","filename":"cache.py","lineno":401}
{"timestamp":"2026-09-05T12:42:43.525336Z","level":"info","event":"Cosmos performance: Cache miss for cosmos_cache__verdanta_stores__dbt_sources - skipped","logger":"cosmos.dbt.graph","filename":"graph.py","lineno":900}
{"timestamp":"2026-09-05T12:42:43.525483Z","level":"info","event":"Trying to parse the dbt project in `/opt/airflow/dbt/verdanta_project` using dbt ls...","logger":"cosmos.dbt.graph","filename":"graph.py","lineno":983}
{"timestamp":"2026-09-05T12:42:43.538766Z","level":"info","event":"Partial parse is enabled and the latest partial parse file is /tmp/cosmos/verdanta_stores__dbt_sources/target/partial_parse.msgpack","logger":"cosmos.dbt.graph","filename":"graph.py","lineno":1002}
{"timestamp":"2026-09-05T12:42:43.564413Z","level":"info","event":"Profile caching is enable.","logger":"cosmos.config","filename":"config.py","lineno":399}
{"timestamp":"2026-09-05T12:42:43.564801Z","level":"info","event":"Profile found in cache using profile: /tmp/cosmos/profile/88b0aa12559803c5b3e8b5b0cefa363d35d21cc93574699baf5727c52eda1f13/profiles.yml.","logger":"cosmos.config","filename":"config.py","lineno":379}
{"timestamp":"2026-09-05T12:42:45.109027Z","level":"info","event":"Running command with dbt Runner: `/home/airflow/.local/bin/dbt deps --project-dir /tmp/tmpx7qjjbtc --profiles-dir /tmp/cosmos/profile/88b0aa12559803c5b3e8b5b0cefa363d35d21cc93574699baf5727c52eda1f13 --profile verdanta_project --target dev`","logger":"cosmos.dbt.graph","filename":"graph.py","lineno":361}
{"timestamp":"2026-09-05T12:42:45.109439Z","level":"info","event":"Trying to run dbtRunner with:\n ['deps', '--project-dir', '/tmp/tmpx7qjjbtc', '--profiles-dir', '/tmp/cosmos/profile/88b0aa12559803c5b3e8b5b0cefa363d35d21cc93574699baf5727c52eda1f13', '--profile', 'verdanta_project', '--target', 'dev']\n in /tmp/tmpx7qjjbtc","logger":"cosmos.dbt.runner","filename":"runner.py","lineno":95}
{"timestamp":"2026-09-05T12:42:45.204397Z","level":"info","event":"\u001b[0m12:42:45  Running with dbt=1.12.0","logger":"task.stdout"}
{"timestamp":"2026-09-05T12:42:45.621282Z","level":"info","event":"\u001b[0m12:42:45  Installing dbt-labs/dbt_utils","logger":"task.stdout"}
{"timestamp":"2026-09-05T12:42:46.078740Z","level":"info","event":"\u001b[0m12:42:46  Installed from version 1.4.1","logger":"task.stdout"}
{"timestamp":"2026-09-05T12:42:46.085661Z","level":"info","event":"\u001b[0m12:42:46  Up to date!","logger":"task.stdout"}
{"timestamp":"2026-09-05T12:42:46.817331Z","level":"info","event":"Running command with dbt Runner: `/home/airflow/.local/bin/dbt ls --output json --output-keys name unique_id resource_type depends_on original_file_path tags config freshness fqn --project-dir /tmp/tmpx7qjjbtc --profiles-dir /tmp/cosmos/profile/88b0aa12559803c5b3e8b5b0cefa363d35d21cc93574699baf5727c52eda1f13 --profile verdanta_project --target dev --select stg_reference_stores+`","logger":"cosmos.dbt.graph","filename":"graph.py","lineno":361}
{"timestamp":"2026-09-05T12:42:46.817629Z","level":"info","event":"Trying to run dbtRunner with:\n ['ls', '--output', 'json', '--output-keys', 'name', 'unique_id', 'resource_type', 'depends_on', 'original_file_path', 'tags', 'config', 'freshness', 'fqn', '--project-dir', '/tmp/tmpx7qjjbtc', '--profiles-dir', '/tmp/cosmos/profile/88b0aa12559803c5b3e8b5b0cefa363d35d21cc93574699baf5727c52eda1f13', '--profile', 'verdanta_project', '--target', 'dev', '--select', 'stg_reference_stores+']\n in /tmp/tmpx7qjjbtc","logger":"cosmos.dbt.runner","filename":"runner.py","lineno":95}
{"timestamp":"2026-09-05T12:42:46.830645Z","level":"info","event":"\u001b[0m12:42:46  Running with dbt=1.12.0","logger":"task.stdout"}
{"timestamp":"2026-09-05T12:42:48.508786Z","level":"info","event":"\u001b[0m12:42:48  Registered adapter: databricks=1.10.9","logger":"task.stdout"}
{"timestamp":"2026-09-05T12:42:49.638398Z","level":"info","event":"\u001b[0m12:42:49  Found 22 models, 96 data tests, 3 seeds, 2 snapshots, 8 sources, 844 macros","logger":"task.stdout"}
{"timestamp":"2026-09-05T12:42:49.649096Z","level":"info","event":"\u001b[0m12:42:49  [\u001b[33mWARNING\u001b[0m]: The selection criterion 'stg_reference_stores+' does not match any enabled nodes","logger":"task.stdout"}
{"timestamp":"2026-09-05T12:42:49.649402Z","level":"info","event":"\u001b[0m12:42:49  [\u001b[33mWARNING\u001b[0m]: No nodes selected!","logger":"task.stdout"}
{"timestamp":"2026-09-05T12:42:50.535096Z","level":"info","event":"Cosmos performance: time to calculate cache identifier cosmos_cache__verdanta_stores__dbt_sources for current version: 0.1325889540000844","logger":"cosmos.cache","filename":"cache.py","lineno":401}
{"timestamp":"2026-09-05T12:42:50.572832Z","level":"info","event":"Total nodes: 0","logger":"cosmos.dbt.graph","filename":"graph.py","lineno":799}
{"timestamp":"2026-09-05T12:42:50.573066Z","level":"info","event":"Total filtered nodes: 0","logger":"cosmos.dbt.graph","filename":"graph.py","lineno":800}
{"timestamp":"2026-09-05T12:42:50.573181Z","level":"info","event":"Cosmos performance (verdanta_stores__dbt_sources) - [993ed3b2f767|1023]: It took 7.19s to parse the dbt project for DAG using LoadMode.DBT_LS","logger":"cosmos.converter","filename":"converter.py","lineno":371}
{"timestamp":"2026-09-05T12:42:50.575125Z","level":"info","event":"Cosmos performance (verdanta_stores__dbt_sources) - [993ed3b2f767|1023]: It took 0.00194s to build the Airflow DAG.","logger":"cosmos.converter","filename":"converter.py","lineno":423}
{"timestamp":"2026-09-05T12:42:50.575226Z","level":"info","event":"::endgroup::Cosmos DAG parsing logs","logger":"cosmos.converter","filename":"converter.py","lineno":430}
{"timestamp":"2026-09-05T12:42:50.575811Z","level":"warning","event":"Using Variable.get from `airflow.models` is deprecated.Please use `get` on Variable from sdk(`airflow.sdk.Variable`) instead","category":"UserWarning","filename":"/home/airflow/.local/lib/python3.13/site-packages/airflow/models/variable.py","lineno":158,"logger":"py.warnings"}
{"timestamp":"2026-09-05T12:42:50.575897Z","level":"warning","event":"Valid config keys have changed in V2:\n* 'allow_population_by_field_name' has been renamed to 'validate_by_name'","category":"UserWarning","filename":"/home/airflow/.local/lib/python3.13/site-packages/pydantic/_internal/_config.py","lineno":383,"logger":"py.warnings"}
{"timestamp":"2026-09-05T12:42:50.575959Z","level":"warning","event":"Using Variable.set from `airflow.models` is deprecated.Please use `set` on Variable from sdk(`airflow.sdk.Variable`) instead","category":"UserWarning","filename":"/home/airflow/.local/lib/python3.13/site-packages/airflow/models/variable.py","lineno":218,"logger":"py.warnings"}
{"timestamp":"2026-09-05T12:43:21.334541Z","level":"info","event":"Filling up the DagBag from /opt/airflow/dags/verdanta_stores.py","logger":"airflow.dag_processing.dagbag.BundleDagBag","filename":"dagbag.py","lineno":469}
{"timestamp":"2026-09-05T12:43:21.403395Z","level":"info","event":"::group::Cosmos DAG parsing logs","logger":"cosmos.converter","filename":"converter.py","lineno":321}
{"timestamp":"2026-09-05T12:43:21.406640Z","level":"info","event":"Cosmos cache dir resolved to /tmp/cosmos/verdanta_stores__dbt_sources","logger":"cosmos.converter","filename":"converter.py","lineno":346}
{"timestamp":"2026-09-05T12:43:21.406864Z","level":"info","event":"Trying to parse the dbt project using dbt ls cache cosmos_cache__verdanta_stores__dbt_sources...","logger":"cosmos.dbt.graph","filename":"graph.py","lineno":869}
{"timestamp":"2026-09-05T12:43:21.552839Z","level":"info","event":"Cosmos performance: time to calculate cache identifier cosmos_cache__verdanta_stores__dbt_sources for current version: 0.129523011999936","logger":"cosmos.cache","filename":"cache.py","lineno":401}
{"timestamp":"2026-09-05T12:43:21.553014Z","level":"info","event":"Cosmos performance: Cache miss for cosmos_cache__verdanta_stores__dbt_sources - skipped","logger":"cosmos.dbt.graph","filename":"graph.py","lineno":900}
{"timestamp":"2026-09-05T12:43:21.553144Z","level":"info","event":"Trying to parse the dbt project in `/opt/airflow/dbt/verdanta_project` using dbt ls...","logger":"cosmos.dbt.graph","filename":"graph.py","lineno":983}
{"timestamp":"2026-09-05T12:43:21.565864Z","level":"info","event":"Partial parse is enabled and the latest partial parse file is /tmp/cosmos/verdanta_stores__dbt_sources/target/partial_parse.msgpack","logger":"cosmos.dbt.graph","filename":"graph.py","lineno":1002}
{"timestamp":"2026-09-05T12:43:21.598264Z","level":"info","event":"Profile caching is enable.","logger":"cosmos.config","filename":"config.py","lineno":399}
{"timestamp":"2026-09-05T12:43:21.598603Z","level":"info","event":"Profile found in cache using profile: /tmp/cosmos/profile/88b0aa12559803c5b3e8b5b0cefa363d35d21cc93574699baf5727c52eda1f13/profiles.yml.","logger":"cosmos.config","filename":"config.py","lineno":379}
{"timestamp":"2026-09-05T12:43:23.171699Z","level":"info","event":"Running command with dbt Runner: `/home/airflow/.local/bin/dbt deps --project-dir /tmp/tmp2zjl2d7y --profiles-dir /tmp/cosmos/profile/88b0aa12559803c5b3e8b5b0cefa363d35d21cc93574699baf5727c52eda1f13 --profile verdanta_project --target dev`","logger":"cosmos.dbt.graph","filename":"graph.py","lineno":361}
{"timestamp":"2026-09-05T12:43:23.172152Z","level":"info","event":"Trying to run dbtRunner with:\n ['deps', '--project-dir', '/tmp/tmp2zjl2d7y', '--profiles-dir', '/tmp/cosmos/profile/88b0aa12559803c5b3e8b5b0cefa363d35d21cc93574699baf5727c52eda1f13', '--profile', 'verdanta_project', '--target', 'dev']\n in /tmp/tmp2zjl2d7y","logger":"cosmos.dbt.runner","filename":"runner.py","lineno":95}
{"timestamp":"2026-09-05T12:43:23.263611Z","level":"info","event":"\u001b[0m12:43:23  Running with dbt=1.12.0","logger":"task.stdout"}
{"timestamp":"2026-09-05T12:43:23.584458Z","level":"info","event":"\u001b[0m12:43:23  Installing dbt-labs/dbt_utils","logger":"task.stdout"}
{"timestamp":"2026-09-05T12:43:24.067535Z","level":"info","event":"\u001b[0m12:43:24  Installed from version 1.4.1","logger":"task.stdout"}
{"timestamp":"2026-09-05T12:43:24.074788Z","level":"info","event":"\u001b[0m12:43:24  Up to date!","logger":"task.stdout"}
{"timestamp":"2026-09-05T12:43:25.791622Z","level":"info","event":"Running command with dbt Runner: `/home/airflow/.local/bin/dbt ls --output json --output-keys name unique_id resource_type depends_on original_file_path tags config freshness fqn --project-dir /tmp/tmp2zjl2d7y --profiles-dir /tmp/cosmos/profile/88b0aa12559803c5b3e8b5b0cefa363d35d21cc93574699baf5727c52eda1f13 --profile verdanta_project --target dev --select stg_reference_stores+`","logger":"cosmos.dbt.graph","filename":"graph.py","lineno":361}
{"timestamp":"2026-09-05T12:43:25.791921Z","level":"info","event":"Trying to run dbtRunner with:\n ['ls', '--output', 'json', '--output-keys', 'name', 'unique_id', 'resource_type', 'depends_on', 'original_file_path', 'tags', 'config', 'freshness', 'fqn', '--project-dir', '/tmp/tmp2zjl2d7y', '--profiles-dir', '/tmp/cosmos/profile/88b0aa12559803c5b3e8b5b0cefa363d35d21cc93574699baf5727c52eda1f13', '--profile', 'verdanta_project', '--target', 'dev', '--select', 'stg_reference_stores+']\n in /tmp/tmp2zjl2d7y","logger":"cosmos.dbt.runner","filename":"runner.py","lineno":95}
{"timestamp":"2026-09-05T12:43:25.805379Z","level":"info","event":"\u001b[0m12:43:25  Running with dbt=1.12.0","logger":"task.stdout"}
{"timestamp":"2026-09-05T12:43:27.475775Z","level":"info","event":"\u001b[0m12:43:27  Registered adapter: databricks=1.10.9","logger":"task.stdout"}
{"timestamp":"2026-09-05T12:43:28.729106Z","level":"info","event":"\u001b[0m12:43:28  Found 22 models, 96 data tests, 3 seeds, 2 snapshots, 8 sources, 844 macros","logger":"task.stdout"}
{"timestamp":"2026-09-05T12:43:28.737035Z","level":"info","event":"\u001b[0m12:43:28  [\u001b[33mWARNING\u001b[0m]: The selection criterion 'stg_reference_stores+' does not match any enabled nodes","logger":"task.stdout"}
{"timestamp":"2026-09-05T12:43:28.737384Z","level":"info","event":"\u001b[0m12:43:28  [\u001b[33mWARNING\u001b[0m]: No nodes selected!","logger":"task.stdout"}
{"timestamp":"2026-09-05T12:43:30.474377Z","level":"info","event":"Cosmos performance: time to calculate cache identifier cosmos_cache__verdanta_stores__dbt_sources for current version: 0.14391829800001688","logger":"cosmos.cache","filename":"cache.py","lineno":401}
{"timestamp":"2026-09-05T12:43:30.559991Z","level":"info","event":"Total nodes: 0","logger":"cosmos.dbt.graph","filename":"graph.py","lineno":799}
{"timestamp":"2026-09-05T12:43:30.560166Z","level":"info","event":"Total filtered nodes: 0","logger":"cosmos.dbt.graph","filename":"graph.py","lineno":800}
{"timestamp":"2026-09-05T12:43:30.560261Z","level":"info","event":"Cosmos performance (verdanta_stores__dbt_sources) - [993ed3b2f767|1059]: It took 9.15s to parse the dbt project for DAG using LoadMode.DBT_LS","logger":"cosmos.converter","filename":"converter.py","lineno":371}
{"timestamp":"2026-09-05T12:43:30.562221Z","level":"info","event":"Cosmos performance (verdanta_stores__dbt_sources) - [993ed3b2f767|1059]: It took 0.00193s to build the Airflow DAG.","logger":"cosmos.converter","filename":"converter.py","lineno":423}
{"timestamp":"2026-09-05T12:43:30.562340Z","level":"info","event":"::endgroup::Cosmos DAG parsing logs","logger":"cosmos.converter","filename":"converter.py","lineno":430}
{"timestamp":"2026-09-05T12:43:30.562973Z","level":"warning","event":"Using Variable.get from `airflow.models` is deprecated.Please use `get` on Variable from sdk(`airflow.sdk.Variable`) instead","category":"UserWarning","filename":"/home/airflow/.local/lib/python3.13/site-packages/airflow/models/variable.py","lineno":158,"logger":"py.warnings"}
{"timestamp":"2026-09-05T12:43:30.563069Z","level":"warning","event":"Valid config keys have changed in V2:\n* 'allow_population_by_field_name' has been renamed to 'validate_by_name'","category":"UserWarning","filename":"/home/airflow/.local/lib/python3.13/site-packages/pydantic/_internal/_config.py","lineno":383,"logger":"py.warnings"}
{"timestamp":"2026-09-05T12:43:30.563136Z","level":"warning","event":"Using Variable.set from `airflow.models` is deprecated.Please use `set` on Variable from sdk(`airflow.sdk.Variable`) instead","category":"UserWarning","filename":"/home/airflow/.local/lib/python3.13/site-packages/airflow/models/variable.py","lineno":218,"logger":"py.warnings"}
{"timestamp":"2026-09-05T12:44:01.711028Z","level":"info","event":"Filling up the DagBag from /opt/airflow/dags/verdanta_stores.py","logger":"airflow.dag_processing.dagbag.BundleDagBag","filename":"dagbag.py","lineno":469}
{"timestamp":"2026-09-05T12:44:01.802980Z","level":"info","event":"::group::Cosmos DAG parsing logs","logger":"cosmos.converter","filename":"converter.py","lineno":321}
{"timestamp":"2026-09-05T12:44:01.806397Z","level":"info","event":"Cosmos cache dir resolved to /tmp/cosmos/verdanta_stores__dbt_sources","logger":"cosmos.converter","filename":"converter.py","lineno":346}
{"timestamp":"2026-09-05T12:44:01.806586Z","level":"info","event":"Trying to parse the dbt project using dbt ls cache cosmos_cache__verdanta_stores__dbt_sources...","logger":"cosmos.dbt.graph","filename":"graph.py","lineno":869}
{"timestamp":"2026-09-05T12:44:01.951682Z","level":"info","event":"Cosmos performance: time to calculate cache identifier cosmos_cache__verdanta_stores__dbt_sources for current version: 0.12930169299988847","logger":"cosmos.cache","filename":"cache.py","lineno":401}
{"timestamp":"2026-09-05T12:44:01.951864Z","level":"info","event":"Cosmos performance: Cache miss for cosmos_cache__verdanta_stores__dbt_sources - skipped","logger":"cosmos.dbt.graph","filename":"graph.py","lineno":900}
{"timestamp":"2026-09-05T12:44:01.952044Z","level":"info","event":"Trying to parse the dbt project in `/opt/airflow/dbt/verdanta_project` using dbt ls...","logger":"cosmos.dbt.graph","filename":"graph.py","lineno":983}
{"timestamp":"2026-09-05T12:44:01.964928Z","level":"info","event":"Partial parse is enabled and the latest partial parse file is /tmp/cosmos/verdanta_stores__dbt_sources/target/partial_parse.msgpack","logger":"cosmos.dbt.graph","filename":"graph.py","lineno":1002}
{"timestamp":"2026-09-05T12:44:01.992278Z","level":"info","event":"Profile caching is enable.","logger":"cosmos.config","filename":"config.py","lineno":399}
{"timestamp":"2026-09-05T12:44:01.992630Z","level":"info","event":"Profile found in cache using profile: /tmp/cosmos/profile/88b0aa12559803c5b3e8b5b0cefa363d35d21cc93574699baf5727c52eda1f13/profiles.yml.","logger":"cosmos.config","filename":"config.py","lineno":379}
{"timestamp":"2026-09-05T12:44:03.647701Z","level":"info","event":"Running command with dbt Runner: `/home/airflow/.local/bin/dbt deps --project-dir /tmp/tmptgh01g38 --profiles-dir /tmp/cosmos/profile/88b0aa12559803c5b3e8b5b0cefa363d35d21cc93574699baf5727c52eda1f13 --profile verdanta_project --target dev`","logger":"cosmos.dbt.graph","filename":"graph.py","lineno":361}
{"timestamp":"2026-09-05T12:44:03.648148Z","level":"info","event":"Trying to run dbtRunner with:\n ['deps', '--project-dir', '/tmp/tmptgh01g38', '--profiles-dir', '/tmp/cosmos/profile/88b0aa12559803c5b3e8b5b0cefa363d35d21cc93574699baf5727c52eda1f13', '--profile', 'verdanta_project', '--target', 'dev']\n in /tmp/tmptgh01g38","logger":"cosmos.dbt.runner","filename":"runner.py","lineno":95}
{"timestamp":"2026-09-05T12:44:03.766971Z","level":"info","event":"\u001b[0m12:44:03  Running with dbt=1.12.0","logger":"task.stdout"}
{"timestamp":"2026-09-05T12:44:04.951832Z","level":"info","event":"\u001b[0m12:44:04  Installing dbt-labs/dbt_utils","logger":"task.stdout"}
{"timestamp":"2026-09-05T12:44:06.564480Z","level":"info","event":"\u001b[0m12:44:06  Installed from version 1.4.1","logger":"task.stdout"}
{"timestamp":"2026-09-05T12:44:06.579611Z","level":"info","event":"\u001b[0m12:44:06  Up to date!","logger":"task.stdout"}
{"timestamp":"2026-09-05T12:44:07.308252Z","level":"info","event":"Running command with dbt Runner: `/home/airflow/.local/bin/dbt ls --output json --output-keys name unique_id resource_type depends_on original_file_path tags config freshness fqn --project-dir /tmp/tmptgh01g38 --profiles-dir /tmp/cosmos/profile/88b0aa12559803c5b3e8b5b0cefa363d35d21cc93574699baf5727c52eda1f13 --profile verdanta_project --target dev --select stg_reference_stores+`","logger":"cosmos.dbt.graph","filename":"graph.py","lineno":361}
{"timestamp":"2026-09-05T12:44:07.308557Z","level":"info","event":"Trying to run dbtRunner with:\n ['ls', '--output', 'json', '--output-keys', 'name', 'unique_id', 'resource_type', 'depends_on', 'original_file_path', 'tags', 'config', 'freshness', 'fqn', '--project-dir', '/tmp/tmptgh01g38', '--profiles-dir', '/tmp/cosmos/profile/88b0aa12559803c5b3e8b5b0cefa363d35d21cc93574699baf5727c52eda1f13', '--profile', 'verdanta_project', '--target', 'dev', '--select', 'stg_reference_stores+']\n in /tmp/tmptgh01g38","logger":"cosmos.dbt.runner","filename":"runner.py","lineno":95}
{"timestamp":"2026-09-05T12:44:07.321838Z","level":"info","event":"\u001b[0m12:44:07  Running with dbt=1.12.0","logger":"task.stdout"}
{"timestamp":"2026-09-05T12:44:09.008565Z","level":"info","event":"\u001b[0m12:44:09  Registered adapter: databricks=1.10.9","logger":"task.stdout"}
{"timestamp":"2026-09-05T12:44:10.316746Z","level":"info","event":"\u001b[0m12:44:10  Found 22 models, 96 data tests, 3 seeds, 2 snapshots, 8 sources, 844 macros","logger":"task.stdout"}
{"timestamp":"2026-09-05T12:44:10.324806Z","level":"info","event":"\u001b[0m12:44:10  [\u001b[33mWARNING\u001b[0m]: The selection criterion 'stg_reference_stores+' does not match any enabled nodes","logger":"task.stdout"}
{"timestamp":"2026-09-05T12:44:10.325239Z","level":"info","event":"\u001b[0m12:44:10  [\u001b[33mWARNING\u001b[0m]: No nodes selected!","logger":"task.stdout"}
{"timestamp":"2026-09-05T12:44:11.296423Z","level":"info","event":"Cosmos performance: time to calculate cache identifier cosmos_cache__verdanta_stores__dbt_sources for current version: 0.14336309499981326","logger":"cosmos.cache","filename":"cache.py","lineno":401}
{"timestamp":"2026-09-05T12:44:11.339705Z","level":"info","event":"Total nodes: 0","logger":"cosmos.dbt.graph","filename":"graph.py","lineno":799}
{"timestamp":"2026-09-05T12:44:11.339901Z","level":"info","event":"Total filtered nodes: 0","logger":"cosmos.dbt.graph","filename":"graph.py","lineno":800}
{"timestamp":"2026-09-05T12:44:11.340103Z","level":"info","event":"Cosmos performance (verdanta_stores__dbt_sources) - [993ed3b2f767|1101]: It took 9.53s to parse the dbt project for DAG using LoadMode.DBT_LS","logger":"cosmos.converter","filename":"converter.py","lineno":371}
{"timestamp":"2026-09-05T12:44:11.342346Z","level":"info","event":"Cosmos performance (verdanta_stores__dbt_sources) - [993ed3b2f767|1101]: It took 0.00225s to build the Airflow DAG.","logger":"cosmos.converter","filename":"converter.py","lineno":423}
{"timestamp":"2026-09-05T12:44:11.342485Z","level":"info","event":"::endgroup::Cosmos DAG parsing logs","logger":"cosmos.converter","filename":"converter.py","lineno":430}
{"timestamp":"2026-09-05T12:44:11.343174Z","level":"warning","event":"Using Variable.get from `airflow.models` is deprecated.Please use `get` on Variable from sdk(`airflow.sdk.Variable`) instead","category":"UserWarning","filename":"/home/airflow/.local/lib/python3.13/site-packages/airflow/models/variable.py","lineno":158,"logger":"py.warnings"}
{"timestamp":"2026-09-05T12:44:11.343261Z","level":"warning","event":"Valid config keys have changed in V2:\n* 'allow_population_by_field_name' has been renamed to 'validate_by_name'","category":"UserWarning","filename":"/home/airflow/.local/lib/python3.13/site-packages/pydantic/_internal/_config.py","lineno":383,"logger":"py.warnings"}
{"timestamp":"2026-09-05T12:44:11.343326Z","level":"warning","event":"Using Variable.set from `airflow.models` is deprecated.Please use `set` on Variable from sdk(`airflow.sdk.Variable`) instead","category":"UserWarning","filename":"/home/airflow/.local/lib/python3.13/site-packages/airflow/models/variable.py","lineno":218,"logger":"py.warnings"}
{"timestamp":"2026-09-05T12:44:42.114063Z","level":"info","event":"Filling up the DagBag from /opt/airflow/dags/verdanta_stores.py","logger":"airflow.dag_processing.dagbag.BundleDagBag","filename":"dagbag.py","lineno":469}
{"timestamp":"2026-09-05T12:44:42.222423Z","level":"info","event":"::group::Cosmos DAG parsing logs","logger":"cosmos.converter","filename":"converter.py","lineno":321}
{"timestamp":"2026-09-05T12:44:42.226881Z","level":"info","event":"Cosmos cache dir resolved to /tmp/cosmos/verdanta_stores__dbt_sources","logger":"cosmos.converter","filename":"converter.py","lineno":346}
{"timestamp":"2026-09-05T12:44:42.227163Z","level":"info","event":"Trying to parse the dbt project using dbt ls cache cosmos_cache__verdanta_stores__dbt_sources...","logger":"cosmos.dbt.graph","filename":"graph.py","lineno":869}
{"timestamp":"2026-09-05T12:44:42.376970Z","level":"info","event":"Cosmos performance: time to calculate cache identifier cosmos_cache__verdanta_stores__dbt_sources for current version: 0.13458315799994125","logger":"cosmos.cache","filename":"cache.py","lineno":401}
{"timestamp":"2026-09-05T12:44:42.377240Z","level":"info","event":"Cosmos performance: Cache miss for cosmos_cache__verdanta_stores__dbt_sources - skipped","logger":"cosmos.dbt.graph","filename":"graph.py","lineno":900}
{"timestamp":"2026-09-05T12:44:42.377452Z","level":"info","event":"Trying to parse the dbt project in `/opt/airflow/dbt/verdanta_project` using dbt ls...","logger":"cosmos.dbt.graph","filename":"graph.py","lineno":983}
{"timestamp":"2026-09-05T12:44:42.393189Z","level":"info","event":"Partial parse is enabled and the latest partial parse file is /tmp/cosmos/verdanta_stores__dbt_sources/target/partial_parse.msgpack","logger":"cosmos.dbt.graph","filename":"graph.py","lineno":1002}
{"timestamp":"2026-09-05T12:44:42.423030Z","level":"info","event":"Profile caching is enable.","logger":"cosmos.config","filename":"config.py","lineno":399}
{"timestamp":"2026-09-05T12:44:42.423410Z","level":"info","event":"Profile found in cache using profile: /tmp/cosmos/profile/88b0aa12559803c5b3e8b5b0cefa363d35d21cc93574699baf5727c52eda1f13/profiles.yml.","logger":"cosmos.config","filename":"config.py","lineno":379}
{"timestamp":"2026-09-05T12:44:44.024631Z","level":"info","event":"Running command with dbt Runner: `/home/airflow/.local/bin/dbt deps --project-dir /tmp/tmp5ti1ojwz --profiles-dir /tmp/cosmos/profile/88b0aa12559803c5b3e8b5b0cefa363d35d21cc93574699baf5727c52eda1f13 --profile verdanta_project --target dev`","logger":"cosmos.dbt.graph","filename":"graph.py","lineno":361}
{"timestamp":"2026-09-05T12:44:44.025108Z","level":"info","event":"Trying to run dbtRunner with:\n ['deps', '--project-dir', '/tmp/tmp5ti1ojwz', '--profiles-dir', '/tmp/cosmos/profile/88b0aa12559803c5b3e8b5b0cefa363d35d21cc93574699baf5727c52eda1f13', '--profile', 'verdanta_project', '--target', 'dev']\n in /tmp/tmp5ti1ojwz","logger":"cosmos.dbt.runner","filename":"runner.py","lineno":95}
{"timestamp":"2026-09-05T12:44:44.126209Z","level":"info","event":"\u001b[0m12:44:44  Running with dbt=1.12.0","logger":"task.stdout"}
{"timestamp":"2026-09-05T12:44:44.500199Z","level":"info","event":"\u001b[0m12:44:44  Installing dbt-labs/dbt_utils","logger":"task.stdout"}
{"timestamp":"2026-09-05T12:44:44.962815Z","level":"info","event":"\u001b[0m12:44:44  Installed from version 1.4.1","logger":"task.stdout"}
{"timestamp":"2026-09-05T12:44:44.969737Z","level":"info","event":"\u001b[0m12:44:44  Up to date!","logger":"task.stdout"}
{"timestamp":"2026-09-05T12:44:45.712210Z","level":"info","event":"Running command with dbt Runner: `/home/airflow/.local/bin/dbt ls --output json --output-keys name unique_id resource_type depends_on original_file_path tags config freshness fqn --project-dir /tmp/tmp5ti1ojwz --profiles-dir /tmp/cosmos/profile/88b0aa12559803c5b3e8b5b0cefa363d35d21cc93574699baf5727c52eda1f13 --profile verdanta_project --target dev --select stg_reference_stores+`","logger":"cosmos.dbt.graph","filename":"graph.py","lineno":361}
{"timestamp":"2026-09-05T12:44:45.712580Z","level":"info","event":"Trying to run dbtRunner with:\n ['ls', '--output', 'json', '--output-keys', 'name', 'unique_id', 'resource_type', 'depends_on', 'original_file_path', 'tags', 'config', 'freshness', 'fqn', '--project-dir', '/tmp/tmp5ti1ojwz', '--profiles-dir', '/tmp/cosmos/profile/88b0aa12559803c5b3e8b5b0cefa363d35d21cc93574699baf5727c52eda1f13', '--profile', 'verdanta_project', '--target', 'dev', '--select', 'stg_reference_stores+']\n in /tmp/tmp5ti1ojwz","logger":"cosmos.dbt.runner","filename":"runner.py","lineno":95}
{"timestamp":"2026-09-05T12:44:45.727342Z","level":"info","event":"\u001b[0m12:44:45  Running with dbt=1.12.0","logger":"task.stdout"}
{"timestamp":"2026-09-05T12:44:47.313314Z","level":"info","event":"\u001b[0m12:44:47  Registered adapter: databricks=1.10.9","logger":"task.stdout"}
{"timestamp":"2026-09-05T12:44:48.370899Z","level":"info","event":"\u001b[0m12:44:48  Found 22 models, 96 data tests, 3 seeds, 2 snapshots, 8 sources, 844 macros","logger":"task.stdout"}
{"timestamp":"2026-09-05T12:44:48.377236Z","level":"info","event":"\u001b[0m12:44:48  [\u001b[33mWARNING\u001b[0m]: The selection criterion 'stg_reference_stores+' does not match any enabled nodes","logger":"task.stdout"}
{"timestamp":"2026-09-05T12:44:48.377577Z","level":"info","event":"\u001b[0m12:44:48  [\u001b[33mWARNING\u001b[0m]: No nodes selected!","logger":"task.stdout"}
{"timestamp":"2026-09-05T12:44:49.241675Z","level":"info","event":"Cosmos performance: time to calculate cache identifier cosmos_cache__verdanta_stores__dbt_sources for current version: 0.1228579839998929","logger":"cosmos.cache","filename":"cache.py","lineno":401}
{"timestamp":"2026-09-05T12:44:49.282298Z","level":"info","event":"Total nodes: 0","logger":"cosmos.dbt.graph","filename":"graph.py","lineno":799}
{"timestamp":"2026-09-05T12:44:49.282470Z","level":"info","event":"Total filtered nodes: 0","logger":"cosmos.dbt.graph","filename":"graph.py","lineno":800}
{"timestamp":"2026-09-05T12:44:49.282560Z","level":"info","event":"Cosmos performance (verdanta_stores__dbt_sources) - [993ed3b2f767|1144]: It took 7.06s to parse the dbt project for DAG using LoadMode.DBT_LS","logger":"cosmos.converter","filename":"converter.py","lineno":371}
{"timestamp":"2026-09-05T12:44:49.284595Z","level":"info","event":"Cosmos performance (verdanta_stores__dbt_sources) - [993ed3b2f767|1144]: It took 0.00203s to build the Airflow DAG.","logger":"cosmos.converter","filename":"converter.py","lineno":423}
{"timestamp":"2026-09-05T12:44:49.284682Z","level":"info","event":"::endgroup::Cosmos DAG parsing logs","logger":"cosmos.converter","filename":"converter.py","lineno":430}
{"timestamp":"2026-09-05T12:44:49.285248Z","level":"warning","event":"Using Variable.get from `airflow.models` is deprecated.Please use `get` on Variable from sdk(`airflow.sdk.Variable`) instead","category":"UserWarning","filename":"/home/airflow/.local/lib/python3.13/site-packages/airflow/models/variable.py","lineno":158,"logger":"py.warnings"}
{"timestamp":"2026-09-05T12:44:49.285326Z","level":"warning","event":"Valid config keys have changed in V2:\n* 'allow_population_by_field_name' has been renamed to 'validate_by_name'","category":"UserWarning","filename":"/home/airflow/.local/lib/python3.13/site-packages/pydantic/_internal/_config.py","lineno":383,"logger":"py.warnings"}
{"timestamp":"2026-09-05T12:44:49.285452Z","level":"warning","event":"Using Variable.set from `airflow.models` is deprecated.Please use `set` on Variable from sdk(`airflow.sdk.Variable`) instead","category":"UserWarning","filename":"/home/airflow/.local/lib/python3.13/site-packages/airflow/models/variable.py","lineno":218,"logger":"py.warnings"}
{"timestamp":"2026-09-05T12:45:20.044822Z","level":"info","event":"Filling up the DagBag from /opt/airflow/dags/verdanta_stores.py","logger":"airflow.dag_processing.dagbag.BundleDagBag","filename":"dagbag.py","lineno":469}
{"timestamp":"2026-09-05T12:45:20.110386Z","level":"info","event":"::group::Cosmos DAG parsing logs","logger":"cosmos.converter","filename":"converter.py","lineno":321}
{"timestamp":"2026-09-05T12:45:20.114009Z","level":"info","event":"Cosmos cache dir resolved to /tmp/cosmos/verdanta_stores__dbt_sources","logger":"cosmos.converter","filename":"converter.py","lineno":346}
{"timestamp":"2026-09-05T12:45:20.114271Z","level":"info","event":"Trying to parse the dbt project using dbt ls cache cosmos_cache__verdanta_stores__dbt_sources...","logger":"cosmos.dbt.graph","filename":"graph.py","lineno":869}
{"timestamp":"2026-09-05T12:45:20.258236Z","level":"info","event":"Cosmos performance: time to calculate cache identifier cosmos_cache__verdanta_stores__dbt_sources for current version: 0.12888429400004497","logger":"cosmos.cache","filename":"cache.py","lineno":401}
{"timestamp":"2026-09-05T12:45:20.258433Z","level":"info","event":"Cosmos performance: Cache miss for cosmos_cache__verdanta_stores__dbt_sources - skipped","logger":"cosmos.dbt.graph","filename":"graph.py","lineno":900}
{"timestamp":"2026-09-05T12:45:20.258583Z","level":"info","event":"Trying to parse the dbt project in `/opt/airflow/dbt/verdanta_project` using dbt ls...","logger":"cosmos.dbt.graph","filename":"graph.py","lineno":983}
{"timestamp":"2026-09-05T12:45:20.271472Z","level":"info","event":"Partial parse is enabled and the latest partial parse file is /tmp/cosmos/verdanta_stores__dbt_sources/target/partial_parse.msgpack","logger":"cosmos.dbt.graph","filename":"graph.py","lineno":1002}
{"timestamp":"2026-09-05T12:45:20.297383Z","level":"info","event":"Profile caching is enable.","logger":"cosmos.config","filename":"config.py","lineno":399}
{"timestamp":"2026-09-05T12:45:20.297817Z","level":"info","event":"Profile found in cache using profile: /tmp/cosmos/profile/88b0aa12559803c5b3e8b5b0cefa363d35d21cc93574699baf5727c52eda1f13/profiles.yml.","logger":"cosmos.config","filename":"config.py","lineno":379}
{"timestamp":"2026-09-05T12:45:21.750167Z","level":"info","event":"Running command with dbt Runner: `/home/airflow/.local/bin/dbt deps --project-dir /tmp/tmpvi6e92x8 --profiles-dir /tmp/cosmos/profile/88b0aa12559803c5b3e8b5b0cefa363d35d21cc93574699baf5727c52eda1f13 --profile verdanta_project --target dev`","logger":"cosmos.dbt.graph","filename":"graph.py","lineno":361}
{"timestamp":"2026-09-05T12:45:21.750666Z","level":"info","event":"Trying to run dbtRunner with:\n ['deps', '--project-dir', '/tmp/tmpvi6e92x8', '--profiles-dir', '/tmp/cosmos/profile/88b0aa12559803c5b3e8b5b0cefa363d35d21cc93574699baf5727c52eda1f13', '--profile', 'verdanta_project', '--target', 'dev']\n in /tmp/tmpvi6e92x8","logger":"cosmos.dbt.runner","filename":"runner.py","lineno":95}
{"timestamp":"2026-09-05T12:45:21.841758Z","level":"info","event":"\u001b[0m12:45:21  Running with dbt=1.12.0","logger":"task.stdout"}
{"timestamp":"2026-09-05T12:45:22.246497Z","level":"info","event":"\u001b[0m12:45:22  Installing dbt-labs/dbt_utils","logger":"task.stdout"}
{"timestamp":"2026-09-05T12:45:22.685005Z","level":"info","event":"\u001b[0m12:45:22  Installed from version 1.4.1","logger":"task.stdout"}
{"timestamp":"2026-09-05T12:45:22.693865Z","level":"info","event":"\u001b[0m12:45:22  Up to date!","logger":"task.stdout"}
{"timestamp":"2026-09-05T12:45:23.403962Z","level":"info","event":"Running command with dbt Runner: `/home/airflow/.local/bin/dbt ls --output json --output-keys name unique_id resource_type depends_on original_file_path tags config freshness fqn --project-dir /tmp/tmpvi6e92x8 --profiles-dir /tmp/cosmos/profile/88b0aa12559803c5b3e8b5b0cefa363d35d21cc93574699baf5727c52eda1f13 --profile verdanta_project --target dev --select stg_reference_stores+`","logger":"cosmos.dbt.graph","filename":"graph.py","lineno":361}
{"timestamp":"2026-09-05T12:45:23.404265Z","level":"info","event":"Trying to run dbtRunner with:\n ['ls', '--output', 'json', '--output-keys', 'name', 'unique_id', 'resource_type', 'depends_on', 'original_file_path', 'tags', 'config', 'freshness', 'fqn', '--project-dir', '/tmp/tmpvi6e92x8', '--profiles-dir', '/tmp/cosmos/profile/88b0aa12559803c5b3e8b5b0cefa363d35d21cc93574699baf5727c52eda1f13', '--profile', 'verdanta_project', '--target', 'dev', '--select', 'stg_reference_stores+']\n in /tmp/tmpvi6e92x8","logger":"cosmos.dbt.runner","filename":"runner.py","lineno":95}
{"timestamp":"2026-09-05T12:45:23.413397Z","level":"info","event":"\u001b[0m12:45:23  Running with dbt=1.12.0","logger":"task.stdout"}
{"timestamp":"2026-09-05T12:45:25.049657Z","level":"info","event":"\u001b[0m12:45:25  Registered adapter: databricks=1.10.9","logger":"task.stdout"}
{"timestamp":"2026-09-05T12:45:26.141126Z","level":"info","event":"\u001b[0m12:45:26  Found 22 models, 96 data tests, 3 seeds, 2 snapshots, 8 sources, 844 macros","logger":"task.stdout"}
{"timestamp":"2026-09-05T12:45:26.148897Z","level":"info","event":"\u001b[0m12:45:26  [\u001b[33mWARNING\u001b[0m]: The selection criterion 'stg_reference_stores+' does not match any enabled nodes","logger":"task.stdout"}
{"timestamp":"2026-09-05T12:45:26.149290Z","level":"info","event":"\u001b[0m12:45:26  [\u001b[33mWARNING\u001b[0m]: No nodes selected!","logger":"task.stdout"}
{"timestamp":"2026-09-05T12:45:26.998951Z","level":"info","event":"Cosmos performance: time to calculate cache identifier cosmos_cache__verdanta_stores__dbt_sources for current version: 0.12649118300009832","logger":"cosmos.cache","filename":"cache.py","lineno":401}
{"timestamp":"2026-09-05T12:45:27.037232Z","level":"info","event":"Total nodes: 0","logger":"cosmos.dbt.graph","filename":"graph.py","lineno":799}
{"timestamp":"2026-09-05T12:45:27.037433Z","level":"info","event":"Total filtered nodes: 0","logger":"cosmos.dbt.graph","filename":"graph.py","lineno":800}
{"timestamp":"2026-09-05T12:45:27.037571Z","level":"info","event":"Cosmos performance (verdanta_stores__dbt_sources) - [993ed3b2f767|1181]: It took 6.92s to parse the dbt project for DAG using LoadMode.DBT_LS","logger":"cosmos.converter","filename":"converter.py","lineno":371}
{"timestamp":"2026-09-05T12:45:27.039545Z","level":"info","event":"Cosmos performance (verdanta_stores__dbt_sources) - [993ed3b2f767|1181]: It took 0.00198s to build the Airflow DAG.","logger":"cosmos.converter","filename":"converter.py","lineno":423}
{"timestamp":"2026-09-05T12:45:27.039645Z","level":"info","event":"::endgroup::Cosmos DAG parsing logs","logger":"cosmos.converter","filename":"converter.py","lineno":430}
{"timestamp":"2026-09-05T12:45:27.040274Z","level":"warning","event":"Using Variable.get from `airflow.models` is deprecated.Please use `get` on Variable from sdk(`airflow.sdk.Variable`) instead","category":"UserWarning","filename":"/home/airflow/.local/lib/python3.13/site-packages/airflow/models/variable.py","lineno":158,"logger":"py.warnings"}
{"timestamp":"2026-09-05T12:45:27.040356Z","level":"warning","event":"Valid config keys have changed in V2:\n* 'allow_population_by_field_name' has been renamed to 'validate_by_name'","category":"UserWarning","filename":"/home/airflow/.local/lib/python3.13/site-packages/pydantic/_internal/_config.py","lineno":383,"logger":"py.warnings"}
{"timestamp":"2026-09-05T12:45:27.040418Z","level":"warning","event":"Using Variable.set from `airflow.models` is deprecated.Please use `set` on Variable from sdk(`airflow.sdk.Variable`) instead","category":"UserWarning","filename":"/home/airflow/.local/lib/python3.13/site-packages/airflow/models/variable.py","lineno":218,"logger":"py.warnings"}
{"timestamp":"2026-09-05T12:45:57.871292Z","level":"info","event":"Filling up the DagBag from /opt/airflow/dags/verdanta_stores.py","logger":"airflow.dag_processing.dagbag.BundleDagBag","filename":"dagbag.py","lineno":469}
{"timestamp":"2026-09-05T12:45:57.936775Z","level":"info","event":"::group::Cosmos DAG parsing logs","logger":"cosmos.converter","filename":"converter.py","lineno":321}
{"timestamp":"2026-09-05T12:45:57.940080Z","level":"info","event":"Cosmos cache dir resolved to /tmp/cosmos/verdanta_stores__dbt_sources","logger":"cosmos.converter","filename":"converter.py","lineno":346}
{"timestamp":"2026-09-05T12:45:57.940259Z","level":"info","event":"Trying to parse the dbt project using dbt ls cache cosmos_cache__verdanta_stores__dbt_sources...","logger":"cosmos.dbt.graph","filename":"graph.py","lineno":869}
{"timestamp":"2026-09-05T12:45:58.083097Z","level":"info","event":"Cosmos performance: time to calculate cache identifier cosmos_cache__verdanta_stores__dbt_sources for current version: 0.1273435129999143","logger":"cosmos.cache","filename":"cache.py","lineno":401}
{"timestamp":"2026-09-05T12:45:58.083277Z","level":"info","event":"Cosmos performance: Cache miss for cosmos_cache__verdanta_stores__dbt_sources - skipped","logger":"cosmos.dbt.graph","filename":"graph.py","lineno":900}
{"timestamp":"2026-09-05T12:45:58.083413Z","level":"info","event":"Trying to parse the dbt project in `/opt/airflow/dbt/verdanta_project` using dbt ls...","logger":"cosmos.dbt.graph","filename":"graph.py","lineno":983}
{"timestamp":"2026-09-05T12:45:58.096593Z","level":"info","event":"Partial parse is enabled and the latest partial parse file is /tmp/cosmos/verdanta_stores__dbt_sources/target/partial_parse.msgpack","logger":"cosmos.dbt.graph","filename":"graph.py","lineno":1002}
{"timestamp":"2026-09-05T12:45:58.124047Z","level":"info","event":"Profile caching is enable.","logger":"cosmos.config","filename":"config.py","lineno":399}
{"timestamp":"2026-09-05T12:45:58.124441Z","level":"info","event":"Profile found in cache using profile: /tmp/cosmos/profile/88b0aa12559803c5b3e8b5b0cefa363d35d21cc93574699baf5727c52eda1f13/profiles.yml.","logger":"cosmos.config","filename":"config.py","lineno":379}
{"timestamp":"2026-09-05T12:45:59.588320Z","level":"info","event":"Running command with dbt Runner: `/home/airflow/.local/bin/dbt deps --project-dir /tmp/tmp65y9gxky --profiles-dir /tmp/cosmos/profile/88b0aa12559803c5b3e8b5b0cefa363d35d21cc93574699baf5727c52eda1f13 --profile verdanta_project --target dev`","logger":"cosmos.dbt.graph","filename":"graph.py","lineno":361}
{"timestamp":"2026-09-05T12:45:59.588796Z","level":"info","event":"Trying to run dbtRunner with:\n ['deps', '--project-dir', '/tmp/tmp65y9gxky', '--profiles-dir', '/tmp/cosmos/profile/88b0aa12559803c5b3e8b5b0cefa363d35d21cc93574699baf5727c52eda1f13', '--profile', 'verdanta_project', '--target', 'dev']\n in /tmp/tmp65y9gxky","logger":"cosmos.dbt.runner","filename":"runner.py","lineno":95}
{"timestamp":"2026-09-05T12:45:59.681348Z","level":"info","event":"\u001b[0m12:45:59  Running with dbt=1.12.0","logger":"task.stdout"}
{"timestamp":"2026-09-05T12:46:00.211582Z","level":"info","event":"\u001b[0m12:46:00  Installing dbt-labs/dbt_utils","logger":"task.stdout"}
{"timestamp":"2026-09-05T12:46:00.643605Z","level":"info","event":"\u001b[0m12:46:00  Installed from version 1.4.1","logger":"task.stdout"}
{"timestamp":"2026-09-05T12:46:00.650672Z","level":"info","event":"\u001b[0m12:46:00  Up to date!","logger":"task.stdout"}
{"timestamp":"2026-09-05T12:46:01.320305Z","level":"info","event":"Running command with dbt Runner: `/home/airflow/.local/bin/dbt ls --output json --output-keys name unique_id resource_type depends_on original_file_path tags config freshness fqn --project-dir /tmp/tmp65y9gxky --profiles-dir /tmp/cosmos/profile/88b0aa12559803c5b3e8b5b0cefa363d35d21cc93574699baf5727c52eda1f13 --profile verdanta_project --target dev --select stg_reference_stores+`","logger":"cosmos.dbt.graph","filename":"graph.py","lineno":361}
{"timestamp":"2026-09-05T12:46:01.320591Z","level":"info","event":"Trying to run dbtRunner with:\n ['ls', '--output', 'json', '--output-keys', 'name', 'unique_id', 'resource_type', 'depends_on', 'original_file_path', 'tags', 'config', 'freshness', 'fqn', '--project-dir', '/tmp/tmp65y9gxky', '--profiles-dir', '/tmp/cosmos/profile/88b0aa12559803c5b3e8b5b0cefa363d35d21cc93574699baf5727c52eda1f13', '--profile', 'verdanta_project', '--target', 'dev', '--select', 'stg_reference_stores+']\n in /tmp/tmp65y9gxky","logger":"cosmos.dbt.runner","filename":"runner.py","lineno":95}
{"timestamp":"2026-09-05T12:46:01.333425Z","level":"info","event":"\u001b[0m12:46:01  Running with dbt=1.12.0","logger":"task.stdout"}
{"timestamp":"2026-09-05T12:46:02.956572Z","level":"info","event":"\u001b[0m12:46:02  Registered adapter: databricks=1.10.9","logger":"task.stdout"}
{"timestamp":"2026-09-05T12:46:04.071069Z","level":"info","event":"\u001b[0m12:46:04  Found 22 models, 96 data tests, 3 seeds, 2 snapshots, 8 sources, 844 macros","logger":"task.stdout"}
{"timestamp":"2026-09-05T12:46:04.079503Z","level":"info","event":"\u001b[0m12:46:04  [\u001b[33mWARNING\u001b[0m]: The selection criterion 'stg_reference_stores+' does not match any enabled nodes","logger":"task.stdout"}
{"timestamp":"2026-09-05T12:46:04.079814Z","level":"info","event":"\u001b[0m12:46:04  [\u001b[33mWARNING\u001b[0m]: No nodes selected!","logger":"task.stdout"}
{"timestamp":"2026-09-05T12:46:04.913360Z","level":"info","event":"Cosmos performance: time to calculate cache identifier cosmos_cache__verdanta_stores__dbt_sources for current version: 0.12848264500007645","logger":"cosmos.cache","filename":"cache.py","lineno":401}
{"timestamp":"2026-09-05T12:46:04.989695Z","level":"info","event":"Total nodes: 0","logger":"cosmos.dbt.graph","filename":"graph.py","lineno":799}
{"timestamp":"2026-09-05T12:46:04.989863Z","level":"info","event":"Total filtered nodes: 0","logger":"cosmos.dbt.graph","filename":"graph.py","lineno":800}
{"timestamp":"2026-09-05T12:46:04.989979Z","level":"info","event":"Cosmos performance (verdanta_stores__dbt_sources) - [993ed3b2f767|1217]: It took 7.05s to parse the dbt project for DAG using LoadMode.DBT_LS","logger":"cosmos.converter","filename":"converter.py","lineno":371}
{"timestamp":"2026-09-05T12:46:04.992238Z","level":"info","event":"Cosmos performance (verdanta_stores__dbt_sources) - [993ed3b2f767|1217]: It took 0.00223s to build the Airflow DAG.","logger":"cosmos.converter","filename":"converter.py","lineno":423}
{"timestamp":"2026-09-05T12:46:04.992358Z","level":"info","event":"::endgroup::Cosmos DAG parsing logs","logger":"cosmos.converter","filename":"converter.py","lineno":430}
{"timestamp":"2026-09-05T12:46:04.992974Z","level":"warning","event":"Using Variable.get from `airflow.models` is deprecated.Please use `get` on Variable from sdk(`airflow.sdk.Variable`) instead","category":"UserWarning","filename":"/home/airflow/.local/lib/python3.13/site-packages/airflow/models/variable.py","lineno":158,"logger":"py.warnings"}
{"timestamp":"2026-09-05T12:46:04.993059Z","level":"warning","event":"Valid config keys have changed in V2:\n* 'allow_population_by_field_name' has been renamed to 'validate_by_name'","category":"UserWarning","filename":"/home/airflow/.local/lib/python3.13/site-packages/pydantic/_internal/_config.py","lineno":383,"logger":"py.warnings"}
{"timestamp":"2026-09-05T12:46:04.993122Z","level":"warning","event":"Using Variable.set from `airflow.models` is deprecated.Please use `set` on Variable from sdk(`airflow.sdk.Variable`) instead","category":"UserWarning","filename":"/home/airflow/.local/lib/python3.13/site-packages/airflow/models/variable.py","lineno":218,"logger":"py.warnings"}
{"timestamp":"2026-09-05T12:46:36.143665Z","level":"info","event":"Filling up the DagBag from /opt/airflow/dags/verdanta_stores.py","logger":"airflow.dag_processing.dagbag.BundleDagBag","filename":"dagbag.py","lineno":469}
{"timestamp":"2026-09-05T12:46:36.232633Z","level":"info","event":"::group::Cosmos DAG parsing logs","logger":"cosmos.converter","filename":"converter.py","lineno":321}
{"timestamp":"2026-09-05T12:46:36.235650Z","level":"info","event":"Cosmos cache dir resolved to /tmp/cosmos/verdanta_stores__dbt_sources","logger":"cosmos.converter","filename":"converter.py","lineno":346}
{"timestamp":"2026-09-05T12:46:36.235864Z","level":"info","event":"Trying to parse the dbt project using dbt ls cache cosmos_cache__verdanta_stores__dbt_sources...","logger":"cosmos.dbt.graph","filename":"graph.py","lineno":869}
{"timestamp":"2026-09-05T12:46:36.378531Z","level":"info","event":"Cosmos performance: time to calculate cache identifier cosmos_cache__verdanta_stores__dbt_sources for current version: 0.1289750670000558","logger":"cosmos.cache","filename":"cache.py","lineno":401}
{"timestamp":"2026-09-05T12:46:36.378720Z","level":"info","event":"Cosmos performance: Cache miss for cosmos_cache__verdanta_stores__dbt_sources - skipped","logger":"cosmos.dbt.graph","filename":"graph.py","lineno":900}
{"timestamp":"2026-09-05T12:46:36.378869Z","level":"info","event":"Trying to parse the dbt project in `/opt/airflow/dbt/verdanta_project` using dbt ls...","logger":"cosmos.dbt.graph","filename":"graph.py","lineno":983}
{"timestamp":"2026-09-05T12:46:36.392110Z","level":"info","event":"Partial parse is enabled and the latest partial parse file is /tmp/cosmos/verdanta_stores__dbt_sources/target/partial_parse.msgpack","logger":"cosmos.dbt.graph","filename":"graph.py","lineno":1002}
{"timestamp":"2026-09-05T12:46:36.419452Z","level":"info","event":"Profile caching is enable.","logger":"cosmos.config","filename":"config.py","lineno":399}
{"timestamp":"2026-09-05T12:46:36.419871Z","level":"info","event":"Profile found in cache using profile: /tmp/cosmos/profile/88b0aa12559803c5b3e8b5b0cefa363d35d21cc93574699baf5727c52eda1f13/profiles.yml.","logger":"cosmos.config","filename":"config.py","lineno":379}
{"timestamp":"2026-09-05T12:46:38.182371Z","level":"info","event":"Running command with dbt Runner: `/home/airflow/.local/bin/dbt deps --project-dir /tmp/tmpn_uaj4e7 --profiles-dir /tmp/cosmos/profile/88b0aa12559803c5b3e8b5b0cefa363d35d21cc93574699baf5727c52eda1f13 --profile verdanta_project --target dev`","logger":"cosmos.dbt.graph","filename":"graph.py","lineno":361}
{"timestamp":"2026-09-05T12:46:38.182781Z","level":"info","event":"Trying to run dbtRunner with:\n ['deps', '--project-dir', '/tmp/tmpn_uaj4e7', '--profiles-dir', '/tmp/cosmos/profile/88b0aa12559803c5b3e8b5b0cefa363d35d21cc93574699baf5727c52eda1f13', '--profile', 'verdanta_project', '--target', 'dev']\n in /tmp/tmpn_uaj4e7","logger":"cosmos.dbt.runner","filename":"runner.py","lineno":95}
{"timestamp":"2026-09-05T12:46:38.282255Z","level":"info","event":"\u001b[0m12:46:38  Running with dbt=1.12.0","logger":"task.stdout"}
{"timestamp":"2026-09-05T12:46:38.695043Z","level":"info","event":"\u001b[0m12:46:38  Installing dbt-labs/dbt_utils","logger":"task.stdout"}
{"timestamp":"2026-09-05T12:46:39.159717Z","level":"info","event":"\u001b[0m12:46:39  Installed from version 1.4.1","logger":"task.stdout"}
{"timestamp":"2026-09-05T12:46:39.167040Z","level":"info","event":"\u001b[0m12:46:39  Up to date!","logger":"task.stdout"}
{"timestamp":"2026-09-05T12:46:39.868704Z","level":"info","event":"Running command with dbt Runner: `/home/airflow/.local/bin/dbt ls --output json --output-keys name unique_id resource_type depends_on original_file_path tags config freshness fqn --project-dir /tmp/tmpn_uaj4e7 --profiles-dir /tmp/cosmos/profile/88b0aa12559803c5b3e8b5b0cefa363d35d21cc93574699baf5727c52eda1f13 --profile verdanta_project --target dev --select stg_reference_stores+`","logger":"cosmos.dbt.graph","filename":"graph.py","lineno":361}
{"timestamp":"2026-09-05T12:46:39.868990Z","level":"info","event":"Trying to run dbtRunner with:\n ['ls', '--output', 'json', '--output-keys', 'name', 'unique_id', 'resource_type', 'depends_on', 'original_file_path', 'tags', 'config', 'freshness', 'fqn', '--project-dir', '/tmp/tmpn_uaj4e7', '--profiles-dir', '/tmp/cosmos/profile/88b0aa12559803c5b3e8b5b0cefa363d35d21cc93574699baf5727c52eda1f13', '--profile', 'verdanta_project', '--target', 'dev', '--select', 'stg_reference_stores+']\n in /tmp/tmpn_uaj4e7","logger":"cosmos.dbt.runner","filename":"runner.py","lineno":95}
{"timestamp":"2026-09-05T12:46:39.882592Z","level":"info","event":"\u001b[0m12:46:39  Running with dbt=1.12.0","logger":"task.stdout"}
{"timestamp":"2026-09-05T12:46:41.541432Z","level":"info","event":"\u001b[0m12:46:41  Registered adapter: databricks=1.10.9","logger":"task.stdout"}
{"timestamp":"2026-09-05T12:46:42.715010Z","level":"info","event":"\u001b[0m12:46:42  Found 22 models, 96 data tests, 3 seeds, 2 snapshots, 8 sources, 844 macros","logger":"task.stdout"}
{"timestamp":"2026-09-05T12:46:42.721784Z","level":"info","event":"\u001b[0m12:46:42  [\u001b[33mWARNING\u001b[0m]: The selection criterion 'stg_reference_stores+' does not match any enabled nodes","logger":"task.stdout"}
{"timestamp":"2026-09-05T12:46:42.722058Z","level":"info","event":"\u001b[0m12:46:42  [\u001b[33mWARNING\u001b[0m]: No nodes selected!","logger":"task.stdout"}
{"timestamp":"2026-09-05T12:46:43.597354Z","level":"info","event":"Cosmos performance: time to calculate cache identifier cosmos_cache__verdanta_stores__dbt_sources for current version: 0.12819832500008488","logger":"cosmos.cache","filename":"cache.py","lineno":401}
{"timestamp":"2026-09-05T12:46:43.634648Z","level":"info","event":"Total nodes: 0","logger":"cosmos.dbt.graph","filename":"graph.py","lineno":799}
{"timestamp":"2026-09-05T12:46:43.634844Z","level":"info","event":"Total filtered nodes: 0","logger":"cosmos.dbt.graph","filename":"graph.py","lineno":800}
{"timestamp":"2026-09-05T12:46:43.634940Z","level":"info","event":"Cosmos performance (verdanta_stores__dbt_sources) - [993ed3b2f767|1259]: It took 7.4s to parse the dbt project for DAG using LoadMode.DBT_LS","logger":"cosmos.converter","filename":"converter.py","lineno":371}
{"timestamp":"2026-09-05T12:46:43.636911Z","level":"info","event":"Cosmos performance (verdanta_stores__dbt_sources) - [993ed3b2f767|1259]: It took 0.00195s to build the Airflow DAG.","logger":"cosmos.converter","filename":"converter.py","lineno":423}
{"timestamp":"2026-09-05T12:46:43.637024Z","level":"info","event":"::endgroup::Cosmos DAG parsing logs","logger":"cosmos.converter","filename":"converter.py","lineno":430}
{"timestamp":"2026-09-05T12:46:43.637806Z","level":"warning","event":"Using Variable.get from `airflow.models` is deprecated.Please use `get` on Variable from sdk(`airflow.sdk.Variable`) instead","category":"UserWarning","filename":"/home/airflow/.local/lib/python3.13/site-packages/airflow/models/variable.py","lineno":158,"logger":"py.warnings"}
{"timestamp":"2026-09-05T12:46:43.637959Z","level":"warning","event":"Valid config keys have changed in V2:\n* 'allow_population_by_field_name' has been renamed to 'validate_by_name'","category":"UserWarning","filename":"/home/airflow/.local/lib/python3.13/site-packages/pydantic/_internal/_config.py","lineno":383,"logger":"py.warnings"}
{"timestamp":"2026-09-05T12:46:43.638043Z","level":"warning","event":"Using Variable.set from `airflow.models` is deprecated.Please use `set` on Variable from sdk(`airflow.sdk.Variable`) instead","category":"UserWarning","filename":"/home/airflow/.local/lib/python3.13/site-packages/airflow/models/variable.py","lineno":218,"logger":"py.warnings"}
{"timestamp":"2026-09-05T12:47:14.402948Z","level":"info","event":"Filling up the DagBag from /opt/airflow/dags/verdanta_stores.py","logger":"airflow.dag_processing.dagbag.BundleDagBag","filename":"dagbag.py","lineno":469}
{"timestamp":"2026-09-05T12:47:14.472074Z","level":"info","event":"::group::Cosmos DAG parsing logs","logger":"cosmos.converter","filename":"converter.py","lineno":321}
{"timestamp":"2026-09-05T12:47:14.475449Z","level":"info","event":"Cosmos cache dir resolved to /tmp/cosmos/verdanta_stores__dbt_sources","logger":"cosmos.converter","filename":"converter.py","lineno":346}
{"timestamp":"2026-09-05T12:47:14.475703Z","level":"info","event":"Trying to parse the dbt project using dbt ls cache cosmos_cache__verdanta_stores__dbt_sources...","logger":"cosmos.dbt.graph","filename":"graph.py","lineno":869}
{"timestamp":"2026-09-05T12:47:14.633840Z","level":"info","event":"Cosmos performance: time to calculate cache identifier cosmos_cache__verdanta_stores__dbt_sources for current version: 0.13932226900010392","logger":"cosmos.cache","filename":"cache.py","lineno":401}
{"timestamp":"2026-09-05T12:47:14.634087Z","level":"info","event":"Cosmos performance: Cache miss for cosmos_cache__verdanta_stores__dbt_sources - skipped","logger":"cosmos.dbt.graph","filename":"graph.py","lineno":900}
{"timestamp":"2026-09-05T12:47:14.634220Z","level":"info","event":"Trying to parse the dbt project in `/opt/airflow/dbt/verdanta_project` using dbt ls...","logger":"cosmos.dbt.graph","filename":"graph.py","lineno":983}
{"timestamp":"2026-09-05T12:47:14.647475Z","level":"info","event":"Partial parse is enabled and the latest partial parse file is /tmp/cosmos/verdanta_stores__dbt_sources/target/partial_parse.msgpack","logger":"cosmos.dbt.graph","filename":"graph.py","lineno":1002}
{"timestamp":"2026-09-05T12:47:14.675080Z","level":"info","event":"Profile caching is enable.","logger":"cosmos.config","filename":"config.py","lineno":399}
{"timestamp":"2026-09-05T12:47:14.675442Z","level":"info","event":"Profile found in cache using profile: /tmp/cosmos/profile/88b0aa12559803c5b3e8b5b0cefa363d35d21cc93574699baf5727c52eda1f13/profiles.yml.","logger":"cosmos.config","filename":"config.py","lineno":379}
{"timestamp":"2026-09-05T12:47:16.452933Z","level":"info","event":"Running command with dbt Runner: `/home/airflow/.local/bin/dbt deps --project-dir /tmp/tmp1dhskumk --profiles-dir /tmp/cosmos/profile/88b0aa12559803c5b3e8b5b0cefa363d35d21cc93574699baf5727c52eda1f13 --profile verdanta_project --target dev`","logger":"cosmos.dbt.graph","filename":"graph.py","lineno":361}
{"timestamp":"2026-09-05T12:47:16.453412Z","level":"info","event":"Trying to run dbtRunner with:\n ['deps', '--project-dir', '/tmp/tmp1dhskumk', '--profiles-dir', '/tmp/cosmos/profile/88b0aa12559803c5b3e8b5b0cefa363d35d21cc93574699baf5727c52eda1f13', '--profile', 'verdanta_project', '--target', 'dev']\n in /tmp/tmp1dhskumk","logger":"cosmos.dbt.runner","filename":"runner.py","lineno":95}
{"timestamp":"2026-09-05T12:47:16.545015Z","level":"info","event":"\u001b[0m12:47:16  Running with dbt=1.12.0","logger":"task.stdout"}
{"timestamp":"2026-09-05T12:47:16.860272Z","level":"info","event":"\u001b[0m12:47:16  Installing dbt-labs/dbt_utils","logger":"task.stdout"}
{"timestamp":"2026-09-05T12:47:17.310773Z","level":"info","event":"\u001b[0m12:47:17  Installed from version 1.4.1","logger":"task.stdout"}
{"timestamp":"2026-09-05T12:47:17.318185Z","level":"info","event":"\u001b[0m12:47:17  Up to date!","logger":"task.stdout"}
{"timestamp":"2026-09-05T12:47:18.007858Z","level":"info","event":"Running command with dbt Runner: `/home/airflow/.local/bin/dbt ls --output json --output-keys name unique_id resource_type depends_on original_file_path tags config freshness fqn --project-dir /tmp/tmp1dhskumk --profiles-dir /tmp/cosmos/profile/88b0aa12559803c5b3e8b5b0cefa363d35d21cc93574699baf5727c52eda1f13 --profile verdanta_project --target dev --select stg_reference_stores+`","logger":"cosmos.dbt.graph","filename":"graph.py","lineno":361}
{"timestamp":"2026-09-05T12:47:18.008144Z","level":"info","event":"Trying to run dbtRunner with:\n ['ls', '--output', 'json', '--output-keys', 'name', 'unique_id', 'resource_type', 'depends_on', 'original_file_path', 'tags', 'config', 'freshness', 'fqn', '--project-dir', '/tmp/tmp1dhskumk', '--profiles-dir', '/tmp/cosmos/profile/88b0aa12559803c5b3e8b5b0cefa363d35d21cc93574699baf5727c52eda1f13', '--profile', 'verdanta_project', '--target', 'dev', '--select', 'stg_reference_stores+']\n in /tmp/tmp1dhskumk","logger":"cosmos.dbt.runner","filename":"runner.py","lineno":95}
{"timestamp":"2026-09-05T12:47:18.022388Z","level":"info","event":"\u001b[0m12:47:18  Running with dbt=1.12.0","logger":"task.stdout"}
{"timestamp":"2026-09-05T12:47:19.683030Z","level":"info","event":"\u001b[0m12:47:19  Registered adapter: databricks=1.10.9","logger":"task.stdout"}
{"timestamp":"2026-09-05T12:47:20.762408Z","level":"info","event":"\u001b[0m12:47:20  Found 22 models, 96 data tests, 3 seeds, 2 snapshots, 8 sources, 844 macros","logger":"task.stdout"}
{"timestamp":"2026-09-05T12:47:20.769574Z","level":"info","event":"\u001b[0m12:47:20  [\u001b[33mWARNING\u001b[0m]: The selection criterion 'stg_reference_stores+' does not match any enabled nodes","logger":"task.stdout"}
{"timestamp":"2026-09-05T12:47:20.769915Z","level":"info","event":"\u001b[0m12:47:20  [\u001b[33mWARNING\u001b[0m]: No nodes selected!","logger":"task.stdout"}
{"timestamp":"2026-09-05T12:47:21.653200Z","level":"info","event":"Cosmos performance: time to calculate cache identifier cosmos_cache__verdanta_stores__dbt_sources for current version: 0.135819771000115","logger":"cosmos.cache","filename":"cache.py","lineno":401}
{"timestamp":"2026-09-05T12:47:21.691610Z","level":"info","event":"Total nodes: 0","logger":"cosmos.dbt.graph","filename":"graph.py","lineno":799}
{"timestamp":"2026-09-05T12:47:21.691803Z","level":"info","event":"Total filtered nodes: 0","logger":"cosmos.dbt.graph","filename":"graph.py","lineno":800}
{"timestamp":"2026-09-05T12:47:21.691907Z","level":"info","event":"Cosmos performance (verdanta_stores__dbt_sources) - [993ed3b2f767|1295]: It took 7.22s to parse the dbt project for DAG using LoadMode.DBT_LS","logger":"cosmos.converter","filename":"converter.py","lineno":371}
{"timestamp":"2026-09-05T12:47:21.694245Z","level":"info","event":"Cosmos performance (verdanta_stores__dbt_sources) - [993ed3b2f767|1295]: It took 0.00232s to build the Airflow DAG.","logger":"cosmos.converter","filename":"converter.py","lineno":423}
{"timestamp":"2026-09-05T12:47:21.694349Z","level":"info","event":"::endgroup::Cosmos DAG parsing logs","logger":"cosmos.converter","filename":"converter.py","lineno":430}
{"timestamp":"2026-09-05T12:47:21.694923Z","level":"warning","event":"Using Variable.get from `airflow.models` is deprecated.Please use `get` on Variable from sdk(`airflow.sdk.Variable`) instead","category":"UserWarning","filename":"/home/airflow/.local/lib/python3.13/site-packages/airflow/models/variable.py","lineno":158,"logger":"py.warnings"}
{"timestamp":"2026-09-05T12:47:21.695004Z","level":"warning","event":"Valid config keys have changed in V2:\n* 'allow_population_by_field_name' has been renamed to 'validate_by_name'","category":"UserWarning","filename":"/home/airflow/.local/lib/python3.13/site-packages/pydantic/_internal/_config.py","lineno":383,"logger":"py.warnings"}
{"timestamp":"2026-09-05T12:47:21.695068Z","level":"warning","event":"Using Variable.set from `airflow.models` is deprecated.Please use `set` on Variable from sdk(`airflow.sdk.Variable`) instead","category":"UserWarning","filename":"/home/airflow/.local/lib/python3.13/site-packages/airflow/models/variable.py","lineno":218,"logger":"py.warnings"}
{"timestamp":"2026-09-05T12:47:52.476755Z","level":"info","event":"Filling up the DagBag from /opt/airflow/dags/verdanta_stores.py","logger":"airflow.dag_processing.dagbag.BundleDagBag","filename":"dagbag.py","lineno":469}
{"timestamp":"2026-09-05T12:47:52.547431Z","level":"info","event":"::group::Cosmos DAG parsing logs","logger":"cosmos.converter","filename":"converter.py","lineno":321}
{"timestamp":"2026-09-05T12:47:52.551458Z","level":"info","event":"Cosmos cache dir resolved to /tmp/cosmos/verdanta_stores__dbt_sources","logger":"cosmos.converter","filename":"converter.py","lineno":346}
{"timestamp":"2026-09-05T12:47:52.551735Z","level":"info","event":"Trying to parse the dbt project using dbt ls cache cosmos_cache__verdanta_stores__dbt_sources...","logger":"cosmos.dbt.graph","filename":"graph.py","lineno":869}
{"timestamp":"2026-09-05T12:47:52.697825Z","level":"info","event":"Cosmos performance: time to calculate cache identifier cosmos_cache__verdanta_stores__dbt_sources for current version: 0.12938118800002485","logger":"cosmos.cache","filename":"cache.py","lineno":401}
{"timestamp":"2026-09-05T12:47:52.698000Z","level":"info","event":"Cosmos performance: Cache miss for cosmos_cache__verdanta_stores__dbt_sources - skipped","logger":"cosmos.dbt.graph","filename":"graph.py","lineno":900}
{"timestamp":"2026-09-05T12:47:52.698134Z","level":"info","event":"Trying to parse the dbt project in `/opt/airflow/dbt/verdanta_project` using dbt ls...","logger":"cosmos.dbt.graph","filename":"graph.py","lineno":983}
{"timestamp":"2026-09-05T12:47:52.711119Z","level":"info","event":"Partial parse is enabled and the latest partial parse file is /tmp/cosmos/verdanta_stores__dbt_sources/target/partial_parse.msgpack","logger":"cosmos.dbt.graph","filename":"graph.py","lineno":1002}
{"timestamp":"2026-09-05T12:47:52.737552Z","level":"info","event":"Profile caching is enable.","logger":"cosmos.config","filename":"config.py","lineno":399}
{"timestamp":"2026-09-05T12:47:52.737944Z","level":"info","event":"Profile found in cache using profile: /tmp/cosmos/profile/88b0aa12559803c5b3e8b5b0cefa363d35d21cc93574699baf5727c52eda1f13/profiles.yml.","logger":"cosmos.config","filename":"config.py","lineno":379}
{"timestamp":"2026-09-05T12:47:54.472751Z","level":"info","event":"Running command with dbt Runner: `/home/airflow/.local/bin/dbt deps --project-dir /tmp/tmp0i_cqw2p --profiles-dir /tmp/cosmos/profile/88b0aa12559803c5b3e8b5b0cefa363d35d21cc93574699baf5727c52eda1f13 --profile verdanta_project --target dev`","logger":"cosmos.dbt.graph","filename":"graph.py","lineno":361}
{"timestamp":"2026-09-05T12:47:54.473187Z","level":"info","event":"Trying to run dbtRunner with:\n ['deps', '--project-dir', '/tmp/tmp0i_cqw2p', '--profiles-dir', '/tmp/cosmos/profile/88b0aa12559803c5b3e8b5b0cefa363d35d21cc93574699baf5727c52eda1f13', '--profile', 'verdanta_project', '--target', 'dev']\n in /tmp/tmp0i_cqw2p","logger":"cosmos.dbt.runner","filename":"runner.py","lineno":95}
{"timestamp":"2026-09-05T12:47:54.577503Z","level":"info","event":"\u001b[0m12:47:54  Running with dbt=1.12.0","logger":"task.stdout"}
{"timestamp":"2026-09-05T12:47:55.030428Z","level":"info","event":"\u001b[0m12:47:55  Installing dbt-labs/dbt_utils","logger":"task.stdout"}
{"timestamp":"2026-09-05T12:47:55.446642Z","level":"info","event":"\u001b[0m12:47:55  Installed from version 1.4.1","logger":"task.stdout"}
{"timestamp":"2026-09-05T12:47:55.461470Z","level":"info","event":"\u001b[0m12:47:55  Up to date!","logger":"task.stdout"}
{"timestamp":"2026-09-05T12:47:56.162058Z","level":"info","event":"Running command with dbt Runner: `/home/airflow/.local/bin/dbt ls --output json --output-keys name unique_id resource_type depends_on original_file_path tags config freshness fqn --project-dir /tmp/tmp0i_cqw2p --profiles-dir /tmp/cosmos/profile/88b0aa12559803c5b3e8b5b0cefa363d35d21cc93574699baf5727c52eda1f13 --profile verdanta_project --target dev --select stg_reference_stores+`","logger":"cosmos.dbt.graph","filename":"graph.py","lineno":361}
{"timestamp":"2026-09-05T12:47:56.162356Z","level":"info","event":"Trying to run dbtRunner with:\n ['ls', '--output', 'json', '--output-keys', 'name', 'unique_id', 'resource_type', 'depends_on', 'original_file_path', 'tags', 'config', 'freshness', 'fqn', '--project-dir', '/tmp/tmp0i_cqw2p', '--profiles-dir', '/tmp/cosmos/profile/88b0aa12559803c5b3e8b5b0cefa363d35d21cc93574699baf5727c52eda1f13', '--profile', 'verdanta_project', '--target', 'dev', '--select', 'stg_reference_stores+']\n in /tmp/tmp0i_cqw2p","logger":"cosmos.dbt.runner","filename":"runner.py","lineno":95}
{"timestamp":"2026-09-05T12:47:56.175797Z","level":"info","event":"\u001b[0m12:47:56  Running with dbt=1.12.0","logger":"task.stdout"}
{"timestamp":"2026-09-05T12:47:57.736388Z","level":"info","event":"\u001b[0m12:47:57  Registered adapter: databricks=1.10.9","logger":"task.stdout"}
{"timestamp":"2026-09-05T12:47:58.849641Z","level":"info","event":"\u001b[0m12:47:58  Found 22 models, 96 data tests, 3 seeds, 2 snapshots, 8 sources, 844 macros","logger":"task.stdout"}
{"timestamp":"2026-09-05T12:47:58.855809Z","level":"info","event":"\u001b[0m12:47:58  [\u001b[33mWARNING\u001b[0m]: The selection criterion 'stg_reference_stores+' does not match any enabled nodes","logger":"task.stdout"}
{"timestamp":"2026-09-05T12:47:58.856178Z","level":"info","event":"\u001b[0m12:47:58  [\u001b[33mWARNING\u001b[0m]: No nodes selected!","logger":"task.stdout"}
{"timestamp":"2026-09-05T12:47:59.753205Z","level":"info","event":"Cosmos performance: time to calculate cache identifier cosmos_cache__verdanta_stores__dbt_sources for current version: 0.13181974999997692","logger":"cosmos.cache","filename":"cache.py","lineno":401}
{"timestamp":"2026-09-05T12:47:59.797548Z","level":"info","event":"Total nodes: 0","logger":"cosmos.dbt.graph","filename":"graph.py","lineno":799}
{"timestamp":"2026-09-05T12:47:59.797731Z","level":"info","event":"Total filtered nodes: 0","logger":"cosmos.dbt.graph","filename":"graph.py","lineno":800}
{"timestamp":"2026-09-05T12:47:59.797827Z","level":"info","event":"Cosmos performance (verdanta_stores__dbt_sources) - [993ed3b2f767|1331]: It took 7.25s to parse the dbt project for DAG using LoadMode.DBT_LS","logger":"cosmos.converter","filename":"converter.py","lineno":371}
{"timestamp":"2026-09-05T12:47:59.799822Z","level":"info","event":"Cosmos performance (verdanta_stores__dbt_sources) - [993ed3b2f767|1331]: It took 0.00197s to build the Airflow DAG.","logger":"cosmos.converter","filename":"converter.py","lineno":423}
{"timestamp":"2026-09-05T12:47:59.799925Z","level":"info","event":"::endgroup::Cosmos DAG parsing logs","logger":"cosmos.converter","filename":"converter.py","lineno":430}
{"timestamp":"2026-09-05T12:47:59.800833Z","level":"warning","event":"Using Variable.get from `airflow.models` is deprecated.Please use `get` on Variable from sdk(`airflow.sdk.Variable`) instead","category":"UserWarning","filename":"/home/airflow/.local/lib/python3.13/site-packages/airflow/models/variable.py","lineno":158,"logger":"py.warnings"}
{"timestamp":"2026-09-05T12:47:59.800927Z","level":"warning","event":"Valid config keys have changed in V2:\n* 'allow_population_by_field_name' has been renamed to 'validate_by_name'","category":"UserWarning","filename":"/home/airflow/.local/lib/python3.13/site-packages/pydantic/_internal/_config.py","lineno":383,"logger":"py.warnings"}
{"timestamp":"2026-09-05T12:47:59.800990Z","level":"warning","event":"Using Variable.set from `airflow.models` is deprecated.Please use `set` on Variable from sdk(`airflow.sdk.Variable`) instead","category":"UserWarning","filename":"/home/airflow/.local/lib/python3.13/site-packages/airflow/models/variable.py","lineno":218,"logger":"py.warnings"}
{"timestamp":"2026-09-05T12:48:30.601038Z","level":"info","event":"Filling up the DagBag from /opt/airflow/dags/verdanta_stores.py","logger":"airflow.dag_processing.dagbag.BundleDagBag","filename":"dagbag.py","lineno":469}
{"timestamp":"2026-09-05T12:48:30.684962Z","level":"info","event":"::group::Cosmos DAG parsing logs","logger":"cosmos.converter","filename":"converter.py","lineno":321}
{"timestamp":"2026-09-05T12:48:30.688190Z","level":"info","event":"Cosmos cache dir resolved to /tmp/cosmos/verdanta_stores__dbt_sources","logger":"cosmos.converter","filename":"converter.py","lineno":346}
{"timestamp":"2026-09-05T12:48:30.688398Z","level":"info","event":"Trying to parse the dbt project using dbt ls cache cosmos_cache__verdanta_stores__dbt_sources...","logger":"cosmos.dbt.graph","filename":"graph.py","lineno":869}
{"timestamp":"2026-09-05T12:48:30.836668Z","level":"info","event":"Cosmos performance: time to calculate cache identifier cosmos_cache__verdanta_stores__dbt_sources for current version: 0.13146890699999858","logger":"cosmos.cache","filename":"cache.py","lineno":401}
{"timestamp":"2026-09-05T12:48:30.836878Z","level":"info","event":"Cosmos performance: Cache miss for cosmos_cache__verdanta_stores__dbt_sources - skipped","logger":"cosmos.dbt.graph","filename":"graph.py","lineno":900}
{"timestamp":"2026-09-05T12:48:30.837028Z","level":"info","event":"Trying to parse the dbt project in `/opt/airflow/dbt/verdanta_project` using dbt ls...","logger":"cosmos.dbt.graph","filename":"graph.py","lineno":983}
{"timestamp":"2026-09-05T12:48:30.849585Z","level":"info","event":"Partial parse is enabled and the latest partial parse file is /tmp/cosmos/verdanta_stores__dbt_sources/target/partial_parse.msgpack","logger":"cosmos.dbt.graph","filename":"graph.py","lineno":1002}
{"timestamp":"2026-09-05T12:48:30.874896Z","level":"info","event":"Profile caching is enable.","logger":"cosmos.config","filename":"config.py","lineno":399}
{"timestamp":"2026-09-05T12:48:30.875306Z","level":"info","event":"Profile found in cache using profile: /tmp/cosmos/profile/88b0aa12559803c5b3e8b5b0cefa363d35d21cc93574699baf5727c52eda1f13/profiles.yml.","logger":"cosmos.config","filename":"config.py","lineno":379}
{"timestamp":"2026-09-05T12:48:32.872591Z","level":"info","event":"Running command with dbt Runner: `/home/airflow/.local/bin/dbt deps --project-dir /tmp/tmptz39epp5 --profiles-dir /tmp/cosmos/profile/88b0aa12559803c5b3e8b5b0cefa363d35d21cc93574699baf5727c52eda1f13 --profile verdanta_project --target dev`","logger":"cosmos.dbt.graph","filename":"graph.py","lineno":361}
{"timestamp":"2026-09-05T12:48:32.873074Z","level":"info","event":"Trying to run dbtRunner with:\n ['deps', '--project-dir', '/tmp/tmptz39epp5', '--profiles-dir', '/tmp/cosmos/profile/88b0aa12559803c5b3e8b5b0cefa363d35d21cc93574699baf5727c52eda1f13', '--profile', 'verdanta_project', '--target', 'dev']\n in /tmp/tmptz39epp5","logger":"cosmos.dbt.runner","filename":"runner.py","lineno":95}
{"timestamp":"2026-09-05T12:48:33.022281Z","level":"info","event":"\u001b[0m12:48:33  Running with dbt=1.12.0","logger":"task.stdout"}
{"timestamp":"2026-09-05T12:48:33.421458Z","level":"info","event":"\u001b[0m12:48:33  Installing dbt-labs/dbt_utils","logger":"task.stdout"}
{"timestamp":"2026-09-05T12:48:33.906782Z","level":"info","event":"\u001b[0m12:48:33  Installed from version 1.4.1","logger":"task.stdout"}
{"timestamp":"2026-09-05T12:48:33.915634Z","level":"info","event":"\u001b[0m12:48:33  Up to date!","logger":"task.stdout"}
{"timestamp":"2026-09-05T12:48:34.679673Z","level":"info","event":"Running command with dbt Runner: `/home/airflow/.local/bin/dbt ls --output json --output-keys name unique_id resource_type depends_on original_file_path tags config freshness fqn --project-dir /tmp/tmptz39epp5 --profiles-dir /tmp/cosmos/profile/88b0aa12559803c5b3e8b5b0cefa363d35d21cc93574699baf5727c52eda1f13 --profile verdanta_project --target dev --select stg_reference_stores+`","logger":"cosmos.dbt.graph","filename":"graph.py","lineno":361}
{"timestamp":"2026-09-05T12:48:34.680245Z","level":"info","event":"Trying to run dbtRunner with:\n ['ls', '--output', 'json', '--output-keys', 'name', 'unique_id', 'resource_type', 'depends_on', 'original_file_path', 'tags', 'config', 'freshness', 'fqn', '--project-dir', '/tmp/tmptz39epp5', '--profiles-dir', '/tmp/cosmos/profile/88b0aa12559803c5b3e8b5b0cefa363d35d21cc93574699baf5727c52eda1f13', '--profile', 'verdanta_project', '--target', 'dev', '--select', 'stg_reference_stores+']\n in /tmp/tmptz39epp5","logger":"cosmos.dbt.runner","filename":"runner.py","lineno":95}
{"timestamp":"2026-09-05T12:48:34.703194Z","level":"info","event":"\u001b[0m12:48:34  Running with dbt=1.12.0","logger":"task.stdout"}
{"timestamp":"2026-09-05T12:48:36.392285Z","level":"info","event":"\u001b[0m12:48:36  Registered adapter: databricks=1.10.9","logger":"task.stdout"}
{"timestamp":"2026-09-05T12:48:37.507591Z","level":"info","event":"\u001b[0m12:48:37  Found 22 models, 96 data tests, 3 seeds, 2 snapshots, 8 sources, 844 macros","logger":"task.stdout"}
{"timestamp":"2026-09-05T12:48:37.514784Z","level":"info","event":"\u001b[0m12:48:37  [\u001b[33mWARNING\u001b[0m]: The selection criterion 'stg_reference_stores+' does not match any enabled nodes","logger":"task.stdout"}
{"timestamp":"2026-09-05T12:48:37.515325Z","level":"info","event":"\u001b[0m12:48:37  [\u001b[33mWARNING\u001b[0m]: No nodes selected!","logger":"task.stdout"}
{"timestamp":"2026-09-05T12:48:38.393141Z","level":"info","event":"Cosmos performance: time to calculate cache identifier cosmos_cache__verdanta_stores__dbt_sources for current version: 0.13427032699996744","logger":"cosmos.cache","filename":"cache.py","lineno":401}
{"timestamp":"2026-09-05T12:48:38.430733Z","level":"info","event":"Total nodes: 0","logger":"cosmos.dbt.graph","filename":"graph.py","lineno":799}
{"timestamp":"2026-09-05T12:48:38.430896Z","level":"info","event":"Total filtered nodes: 0","logger":"cosmos.dbt.graph","filename":"graph.py","lineno":800}
{"timestamp":"2026-09-05T12:48:38.430987Z","level":"info","event":"Cosmos performance (verdanta_stores__dbt_sources) - [993ed3b2f767|1367]: It took 7.74s to parse the dbt project for DAG using LoadMode.DBT_LS","logger":"cosmos.converter","filename":"converter.py","lineno":371}
{"timestamp":"2026-09-05T12:48:38.433235Z","level":"info","event":"Cosmos performance (verdanta_stores__dbt_sources) - [993ed3b2f767|1367]: It took 0.00217s to build the Airflow DAG.","logger":"cosmos.converter","filename":"converter.py","lineno":423}
{"timestamp":"2026-09-05T12:48:38.433423Z","level":"info","event":"::endgroup::Cosmos DAG parsing logs","logger":"cosmos.converter","filename":"converter.py","lineno":430}
{"timestamp":"2026-09-05T12:48:38.434068Z","level":"warning","event":"Using Variable.get from `airflow.models` is deprecated.Please use `get` on Variable from sdk(`airflow.sdk.Variable`) instead","category":"UserWarning","filename":"/home/airflow/.local/lib/python3.13/site-packages/airflow/models/variable.py","lineno":158,"logger":"py.warnings"}
{"timestamp":"2026-09-05T12:48:38.434156Z","level":"warning","event":"Valid config keys have changed in V2:\n* 'allow_population_by_field_name' has been renamed to 'validate_by_name'","category":"UserWarning","filename":"/home/airflow/.local/lib/python3.13/site-packages/pydantic/_internal/_config.py","lineno":383,"logger":"py.warnings"}
{"timestamp":"2026-09-05T12:48:38.434217Z","level":"warning","event":"Using Variable.set from `airflow.models` is deprecated.Please use `set` on Variable from sdk(`airflow.sdk.Variable`) instead","category":"UserWarning","filename":"/home/airflow/.local/lib/python3.13/site-packages/airflow/models/variable.py","lineno":218,"logger":"py.warnings"}
{"timestamp":"2026-09-05T12:49:09.265151Z","level":"info","event":"Filling up the DagBag from /opt/airflow/dags/verdanta_stores.py","logger":"airflow.dag_processing.dagbag.BundleDagBag","filename":"dagbag.py","lineno":469}
{"timestamp":"2026-09-05T12:49:09.331263Z","level":"info","event":"::group::Cosmos DAG parsing logs","logger":"cosmos.converter","filename":"converter.py","lineno":321}
{"timestamp":"2026-09-05T12:49:09.334401Z","level":"info","event":"Cosmos cache dir resolved to /tmp/cosmos/verdanta_stores__dbt_sources","logger":"cosmos.converter","filename":"converter.py","lineno":346}
{"timestamp":"2026-09-05T12:49:09.334603Z","level":"info","event":"Trying to parse the dbt project using dbt ls cache cosmos_cache__verdanta_stores__dbt_sources...","logger":"cosmos.dbt.graph","filename":"graph.py","lineno":869}
{"timestamp":"2026-09-05T12:49:09.472427Z","level":"info","event":"Cosmos performance: time to calculate cache identifier cosmos_cache__verdanta_stores__dbt_sources for current version: 0.12375551400009499","logger":"cosmos.cache","filename":"cache.py","lineno":401}
{"timestamp":"2026-09-05T12:49:09.472647Z","level":"info","event":"Cosmos performance: Cache miss for cosmos_cache__verdanta_stores__dbt_sources - skipped","logger":"cosmos.dbt.graph","filename":"graph.py","lineno":900}
{"timestamp":"2026-09-05T12:49:09.472810Z","level":"info","event":"Trying to parse the dbt project in `/opt/airflow/dbt/verdanta_project` using dbt ls...","logger":"cosmos.dbt.graph","filename":"graph.py","lineno":983}
{"timestamp":"2026-09-05T12:49:09.485157Z","level":"info","event":"Partial parse is enabled and the latest partial parse file is /tmp/cosmos/verdanta_stores__dbt_sources/target/partial_parse.msgpack","logger":"cosmos.dbt.graph","filename":"graph.py","lineno":1002}
{"timestamp":"2026-09-05T12:49:09.509715Z","level":"info","event":"Profile caching is enable.","logger":"cosmos.config","filename":"config.py","lineno":399}
{"timestamp":"2026-09-05T12:49:09.510066Z","level":"info","event":"Profile found in cache using profile: /tmp/cosmos/profile/88b0aa12559803c5b3e8b5b0cefa363d35d21cc93574699baf5727c52eda1f13/profiles.yml.","logger":"cosmos.config","filename":"config.py","lineno":379}
{"timestamp":"2026-09-05T12:49:11.310844Z","level":"info","event":"Running command with dbt Runner: `/home/airflow/.local/bin/dbt deps --project-dir /tmp/tmpqy7v4hwn --profiles-dir /tmp/cosmos/profile/88b0aa12559803c5b3e8b5b0cefa363d35d21cc93574699baf5727c52eda1f13 --profile verdanta_project --target dev`","logger":"cosmos.dbt.graph","filename":"graph.py","lineno":361}
{"timestamp":"2026-09-05T12:49:11.311278Z","level":"info","event":"Trying to run dbtRunner with:\n ['deps', '--project-dir', '/tmp/tmpqy7v4hwn', '--profiles-dir', '/tmp/cosmos/profile/88b0aa12559803c5b3e8b5b0cefa363d35d21cc93574699baf5727c52eda1f13', '--profile', 'verdanta_project', '--target', 'dev']\n in /tmp/tmpqy7v4hwn","logger":"cosmos.dbt.runner","filename":"runner.py","lineno":95}
{"timestamp":"2026-09-05T12:49:11.412984Z","level":"info","event":"\u001b[0m12:49:11  Running with dbt=1.12.0","logger":"task.stdout"}
{"timestamp":"2026-09-05T12:49:11.762693Z","level":"info","event":"\u001b[0m12:49:11  Installing dbt-labs/dbt_utils","logger":"task.stdout"}
{"timestamp":"2026-09-05T12:49:12.217348Z","level":"info","event":"\u001b[0m12:49:12  Installed from version 1.4.1","logger":"task.stdout"}
{"timestamp":"2026-09-05T12:49:12.225928Z","level":"info","event":"\u001b[0m12:49:12  Up to date!","logger":"task.stdout"}
{"timestamp":"2026-09-05T12:49:12.937951Z","level":"info","event":"Running command with dbt Runner: `/home/airflow/.local/bin/dbt ls --output json --output-keys name unique_id resource_type depends_on original_file_path tags config freshness fqn --project-dir /tmp/tmpqy7v4hwn --profiles-dir /tmp/cosmos/profile/88b0aa12559803c5b3e8b5b0cefa363d35d21cc93574699baf5727c52eda1f13 --profile verdanta_project --target dev --select stg_reference_stores+`","logger":"cosmos.dbt.graph","filename":"graph.py","lineno":361}
{"timestamp":"2026-09-05T12:49:12.938230Z","level":"info","event":"Trying to run dbtRunner with:\n ['ls', '--output', 'json', '--output-keys', 'name', 'unique_id', 'resource_type', 'depends_on', 'original_file_path', 'tags', 'config', 'freshness', 'fqn', '--project-dir', '/tmp/tmpqy7v4hwn', '--profiles-dir', '/tmp/cosmos/profile/88b0aa12559803c5b3e8b5b0cefa363d35d21cc93574699baf5727c52eda1f13', '--profile', 'verdanta_project', '--target', 'dev', '--select', 'stg_reference_stores+']\n in /tmp/tmpqy7v4hwn","logger":"cosmos.dbt.runner","filename":"runner.py","lineno":95}
{"timestamp":"2026-09-05T12:49:12.950574Z","level":"info","event":"\u001b[0m12:49:12  Running with dbt=1.12.0","logger":"task.stdout"}
{"timestamp":"2026-09-05T12:49:14.643077Z","level":"info","event":"\u001b[0m12:49:14  Registered adapter: databricks=1.10.9","logger":"task.stdout"}
{"timestamp":"2026-09-05T12:49:15.721215Z","level":"info","event":"\u001b[0m12:49:15  Found 22 models, 96 data tests, 3 seeds, 2 snapshots, 8 sources, 844 macros","logger":"task.stdout"}
{"timestamp":"2026-09-05T12:49:15.728129Z","level":"info","event":"\u001b[0m12:49:15  [\u001b[33mWARNING\u001b[0m]: The selection criterion 'stg_reference_stores+' does not match any enabled nodes","logger":"task.stdout"}
{"timestamp":"2026-09-05T12:49:15.728405Z","level":"info","event":"\u001b[0m12:49:15  [\u001b[33mWARNING\u001b[0m]: No nodes selected!","logger":"task.stdout"}
{"timestamp":"2026-09-05T12:49:16.599604Z","level":"info","event":"Cosmos performance: time to calculate cache identifier cosmos_cache__verdanta_stores__dbt_sources for current version: 0.12518073000001095","logger":"cosmos.cache","filename":"cache.py","lineno":401}
{"timestamp":"2026-09-05T12:49:16.637065Z","level":"info","event":"Total nodes: 0","logger":"cosmos.dbt.graph","filename":"graph.py","lineno":799}
{"timestamp":"2026-09-05T12:49:16.637228Z","level":"info","event":"Total filtered nodes: 0","logger":"cosmos.dbt.graph","filename":"graph.py","lineno":800}
{"timestamp":"2026-09-05T12:49:16.637320Z","level":"info","event":"Cosmos performance (verdanta_stores__dbt_sources) - [993ed3b2f767|1411]: It took 7.3s to parse the dbt project for DAG using LoadMode.DBT_LS","logger":"cosmos.converter","filename":"converter.py","lineno":371}
{"timestamp":"2026-09-05T12:49:16.639239Z","level":"info","event":"Cosmos performance (verdanta_stores__dbt_sources) - [993ed3b2f767|1411]: It took 0.00191s to build the Airflow DAG.","logger":"cosmos.converter","filename":"converter.py","lineno":423}
{"timestamp":"2026-09-05T12:49:16.639328Z","level":"info","event":"::endgroup::Cosmos DAG parsing logs","logger":"cosmos.converter","filename":"converter.py","lineno":430}
{"timestamp":"2026-09-05T12:49:16.639902Z","level":"warning","event":"Using Variable.get from `airflow.models` is deprecated.Please use `get` on Variable from sdk(`airflow.sdk.Variable`) instead","category":"UserWarning","filename":"/home/airflow/.local/lib/python3.13/site-packages/airflow/models/variable.py","lineno":158,"logger":"py.warnings"}
{"timestamp":"2026-09-05T12:49:16.639985Z","level":"warning","event":"Valid config keys have changed in V2:\n* 'allow_population_by_field_name' has been renamed to 'validate_by_name'","category":"UserWarning","filename":"/home/airflow/.local/lib/python3.13/site-packages/pydantic/_internal/_config.py","lineno":383,"logger":"py.warnings"}
{"timestamp":"2026-09-05T12:49:16.640049Z","level":"warning","event":"Using Variable.set from `airflow.models` is deprecated.Please use `set` on Variable from sdk(`airflow.sdk.Variable`) instead","category":"UserWarning","filename":"/home/airflow/.local/lib/python3.13/site-packages/airflow/models/variable.py","lineno":218,"logger":"py.warnings"}
{"timestamp":"2026-09-05T12:49:46.809825Z","level":"info","event":"Filling up the DagBag from /opt/airflow/dags/verdanta_stores.py","logger":"airflow.dag_processing.dagbag.BundleDagBag","filename":"dagbag.py","lineno":469}
{"timestamp":"2026-09-05T12:49:46.873652Z","level":"info","event":"::group::Cosmos DAG parsing logs","logger":"cosmos.converter","filename":"converter.py","lineno":321}
{"timestamp":"2026-09-05T12:49:46.876977Z","level":"info","event":"Cosmos cache dir resolved to /tmp/cosmos/verdanta_stores__dbt_sources","logger":"cosmos.converter","filename":"converter.py","lineno":346}
{"timestamp":"2026-09-05T12:49:46.877181Z","level":"info","event":"Trying to parse the dbt project using dbt ls cache cosmos_cache__verdanta_stores__dbt_sources...","logger":"cosmos.dbt.graph","filename":"graph.py","lineno":869}
{"timestamp":"2026-09-05T12:49:47.020836Z","level":"info","event":"Cosmos performance: time to calculate cache identifier cosmos_cache__verdanta_stores__dbt_sources for current version: 0.12826673899985508","logger":"cosmos.cache","filename":"cache.py","lineno":401}
{"timestamp":"2026-09-05T12:49:47.021017Z","level":"info","event":"Cosmos performance: Cache miss for cosmos_cache__verdanta_stores__dbt_sources - skipped","logger":"cosmos.dbt.graph","filename":"graph.py","lineno":900}
{"timestamp":"2026-09-05T12:49:47.021155Z","level":"info","event":"Trying to parse the dbt project in `/opt/airflow/dbt/verdanta_project` using dbt ls...","logger":"cosmos.dbt.graph","filename":"graph.py","lineno":983}
{"timestamp":"2026-09-05T12:49:47.033969Z","level":"info","event":"Partial parse is enabled and the latest partial parse file is /tmp/cosmos/verdanta_stores__dbt_sources/target/partial_parse.msgpack","logger":"cosmos.dbt.graph","filename":"graph.py","lineno":1002}
{"timestamp":"2026-09-05T12:49:47.062252Z","level":"info","event":"Profile caching is enable.","logger":"cosmos.config","filename":"config.py","lineno":399}
{"timestamp":"2026-09-05T12:49:47.062603Z","level":"info","event":"Profile found in cache using profile: /tmp/cosmos/profile/88b0aa12559803c5b3e8b5b0cefa363d35d21cc93574699baf5727c52eda1f13/profiles.yml.","logger":"cosmos.config","filename":"config.py","lineno":379}
{"timestamp":"2026-09-05T12:49:48.747991Z","level":"info","event":"Running command with dbt Runner: `/home/airflow/.local/bin/dbt deps --project-dir /tmp/tmp7n_p68hk --profiles-dir /tmp/cosmos/profile/88b0aa12559803c5b3e8b5b0cefa363d35d21cc93574699baf5727c52eda1f13 --profile verdanta_project --target dev`","logger":"cosmos.dbt.graph","filename":"graph.py","lineno":361}
{"timestamp":"2026-09-05T12:49:48.748383Z","level":"info","event":"Trying to run dbtRunner with:\n ['deps', '--project-dir', '/tmp/tmp7n_p68hk', '--profiles-dir', '/tmp/cosmos/profile/88b0aa12559803c5b3e8b5b0cefa363d35d21cc93574699baf5727c52eda1f13', '--profile', 'verdanta_project', '--target', 'dev']\n in /tmp/tmp7n_p68hk","logger":"cosmos.dbt.runner","filename":"runner.py","lineno":95}
{"timestamp":"2026-09-05T12:49:48.846802Z","level":"info","event":"\u001b[0m12:49:48  Running with dbt=1.12.0","logger":"task.stdout"}
{"timestamp":"2026-09-05T12:49:49.273422Z","level":"info","event":"\u001b[0m12:49:49  Installing dbt-labs/dbt_utils","logger":"task.stdout"}
{"timestamp":"2026-09-05T12:49:49.744515Z","level":"info","event":"\u001b[0m12:49:49  Installed from version 1.4.1","logger":"task.stdout"}
{"timestamp":"2026-09-05T12:49:49.753159Z","level":"info","event":"\u001b[0m12:49:49  Up to date!","logger":"task.stdout"}
{"timestamp":"2026-09-05T12:49:50.437737Z","level":"info","event":"Running command with dbt Runner: `/home/airflow/.local/bin/dbt ls --output json --output-keys name unique_id resource_type depends_on original_file_path tags config freshness fqn --project-dir /tmp/tmp7n_p68hk --profiles-dir /tmp/cosmos/profile/88b0aa12559803c5b3e8b5b0cefa363d35d21cc93574699baf5727c52eda1f13 --profile verdanta_project --target dev --select stg_reference_stores+`","logger":"cosmos.dbt.graph","filename":"graph.py","lineno":361}
{"timestamp":"2026-09-05T12:49:50.438074Z","level":"info","event":"Trying to run dbtRunner with:\n ['ls', '--output', 'json', '--output-keys', 'name', 'unique_id', 'resource_type', 'depends_on', 'original_file_path', 'tags', 'config', 'freshness', 'fqn', '--project-dir', '/tmp/tmp7n_p68hk', '--profiles-dir', '/tmp/cosmos/profile/88b0aa12559803c5b3e8b5b0cefa363d35d21cc93574699baf5727c52eda1f13', '--profile', 'verdanta_project', '--target', 'dev', '--select', 'stg_reference_stores+']\n in /tmp/tmp7n_p68hk","logger":"cosmos.dbt.runner","filename":"runner.py","lineno":95}
{"timestamp":"2026-09-05T12:49:50.450450Z","level":"info","event":"\u001b[0m12:49:50  Running with dbt=1.12.0","logger":"task.stdout"}
{"timestamp":"2026-09-05T12:49:51.997866Z","level":"info","event":"\u001b[0m12:49:51  Registered adapter: databricks=1.10.9","logger":"task.stdout"}
{"timestamp":"2026-09-05T12:49:53.127990Z","level":"info","event":"\u001b[0m12:49:53  Found 22 models, 96 data tests, 3 seeds, 2 snapshots, 8 sources, 844 macros","logger":"task.stdout"}
{"timestamp":"2026-09-05T12:49:53.135106Z","level":"info","event":"\u001b[0m12:49:53  [\u001b[33mWARNING\u001b[0m]: The selection criterion 'stg_reference_stores+' does not match any enabled nodes","logger":"task.stdout"}
{"timestamp":"2026-09-05T12:49:53.135364Z","level":"info","event":"\u001b[0m12:49:53  [\u001b[33mWARNING\u001b[0m]: No nodes selected!","logger":"task.stdout"}
{"timestamp":"2026-09-05T12:49:53.989106Z","level":"info","event":"Cosmos performance: time to calculate cache identifier cosmos_cache__verdanta_stores__dbt_sources for current version: 0.12399325299998054","logger":"cosmos.cache","filename":"cache.py","lineno":401}
{"timestamp":"2026-09-05T12:49:54.028024Z","level":"info","event":"Total nodes: 0","logger":"cosmos.dbt.graph","filename":"graph.py","lineno":799}
{"timestamp":"2026-09-05T12:49:54.028240Z","level":"info","event":"Total filtered nodes: 0","logger":"cosmos.dbt.graph","filename":"graph.py","lineno":800}
{"timestamp":"2026-09-05T12:49:54.028332Z","level":"info","event":"Cosmos performance (verdanta_stores__dbt_sources) - [993ed3b2f767|1453]: It took 7.15s to parse the dbt project for DAG using LoadMode.DBT_LS","logger":"cosmos.converter","filename":"converter.py","lineno":371}
{"timestamp":"2026-09-05T12:49:54.030282Z","level":"info","event":"Cosmos performance (verdanta_stores__dbt_sources) - [993ed3b2f767|1453]: It took 0.00194s to build the Airflow DAG.","logger":"cosmos.converter","filename":"converter.py","lineno":423}
{"timestamp":"2026-09-05T12:49:54.030364Z","level":"info","event":"::endgroup::Cosmos DAG parsing logs","logger":"cosmos.converter","filename":"converter.py","lineno":430}
{"timestamp":"2026-09-05T12:49:54.030934Z","level":"warning","event":"Using Variable.get from `airflow.models` is deprecated.Please use `get` on Variable from sdk(`airflow.sdk.Variable`) instead","category":"UserWarning","filename":"/home/airflow/.local/lib/python3.13/site-packages/airflow/models/variable.py","lineno":158,"logger":"py.warnings"}
{"timestamp":"2026-09-05T12:49:54.031012Z","level":"warning","event":"Valid config keys have changed in V2:\n* 'allow_population_by_field_name' has been renamed to 'validate_by_name'","category":"UserWarning","filename":"/home/airflow/.local/lib/python3.13/site-packages/pydantic/_internal/_config.py","lineno":383,"logger":"py.warnings"}
{"timestamp":"2026-09-05T12:49:54.031071Z","level":"warning","event":"Using Variable.set from `airflow.models` is deprecated.Please use `set` on Variable from sdk(`airflow.sdk.Variable`) instead","category":"UserWarning","filename":"/home/airflow/.local/lib/python3.13/site-packages/airflow/models/variable.py","lineno":218,"logger":"py.warnings"}
{"timestamp":"2026-09-05T12:50:24.884746Z","level":"info","event":"Filling up the DagBag from /opt/airflow/dags/verdanta_stores.py","logger":"airflow.dag_processing.dagbag.BundleDagBag","filename":"dagbag.py","lineno":469}
{"timestamp":"2026-09-05T12:50:24.949066Z","level":"info","event":"::group::Cosmos DAG parsing logs","logger":"cosmos.converter","filename":"converter.py","lineno":321}
{"timestamp":"2026-09-05T12:50:24.952301Z","level":"info","event":"Cosmos cache dir resolved to /tmp/cosmos/verdanta_stores__dbt_sources","logger":"cosmos.converter","filename":"converter.py","lineno":346}
{"timestamp":"2026-09-05T12:50:24.952512Z","level":"info","event":"Trying to parse the dbt project using dbt ls cache cosmos_cache__verdanta_stores__dbt_sources...","logger":"cosmos.dbt.graph","filename":"graph.py","lineno":869}
{"timestamp":"2026-09-05T12:50:25.110422Z","level":"info","event":"Cosmos performance: time to calculate cache identifier cosmos_cache__verdanta_stores__dbt_sources for current version: 0.14255486599995493","logger":"cosmos.cache","filename":"cache.py","lineno":401}
{"timestamp":"2026-09-05T12:50:25.110659Z","level":"info","event":"Cosmos performance: Cache miss for cosmos_cache__verdanta_stores__dbt_sources - skipped","logger":"cosmos.dbt.graph","filename":"graph.py","lineno":900}
{"timestamp":"2026-09-05T12:50:25.110830Z","level":"info","event":"Trying to parse the dbt project in `/opt/airflow/dbt/verdanta_project` using dbt ls...","logger":"cosmos.dbt.graph","filename":"graph.py","lineno":983}
{"timestamp":"2026-09-05T12:50:25.123687Z","level":"info","event":"Partial parse is enabled and the latest partial parse file is /tmp/cosmos/verdanta_stores__dbt_sources/target/partial_parse.msgpack","logger":"cosmos.dbt.graph","filename":"graph.py","lineno":1002}
{"timestamp":"2026-09-05T12:50:25.147157Z","level":"info","event":"Profile caching is enable.","logger":"cosmos.config","filename":"config.py","lineno":399}
{"timestamp":"2026-09-05T12:50:25.147502Z","level":"info","event":"Profile found in cache using profile: /tmp/cosmos/profile/88b0aa12559803c5b3e8b5b0cefa363d35d21cc93574699baf5727c52eda1f13/profiles.yml.","logger":"cosmos.config","filename":"config.py","lineno":379}
{"timestamp":"2026-09-05T12:50:26.856734Z","level":"info","event":"Running command with dbt Runner: `/home/airflow/.local/bin/dbt deps --project-dir /tmp/tmphrvjmh5l --profiles-dir /tmp/cosmos/profile/88b0aa12559803c5b3e8b5b0cefa363d35d21cc93574699baf5727c52eda1f13 --profile verdanta_project --target dev`","logger":"cosmos.dbt.graph","filename":"graph.py","lineno":361}
{"timestamp":"2026-09-05T12:50:26.857166Z","level":"info","event":"Trying to run dbtRunner with:\n ['deps', '--project-dir', '/tmp/tmphrvjmh5l', '--profiles-dir', '/tmp/cosmos/profile/88b0aa12559803c5b3e8b5b0cefa363d35d21cc93574699baf5727c52eda1f13', '--profile', 'verdanta_project', '--target', 'dev']\n in /tmp/tmphrvjmh5l","logger":"cosmos.dbt.runner","filename":"runner.py","lineno":95}
{"timestamp":"2026-09-05T12:50:26.954506Z","level":"info","event":"\u001b[0m12:50:26  Running with dbt=1.12.0","logger":"task.stdout"}
{"timestamp":"2026-09-05T12:50:27.371681Z","level":"info","event":"\u001b[0m12:50:27  Installing dbt-labs/dbt_utils","logger":"task.stdout"}
{"timestamp":"2026-09-05T12:50:27.837450Z","level":"info","event":"\u001b[0m12:50:27  Installed from version 1.4.1","logger":"task.stdout"}
{"timestamp":"2026-09-05T12:50:27.851305Z","level":"info","event":"\u001b[0m12:50:27  Up to date!","logger":"task.stdout"}
{"timestamp":"2026-09-05T12:50:28.551341Z","level":"info","event":"Running command with dbt Runner: `/home/airflow/.local/bin/dbt ls --output json --output-keys name unique_id resource_type depends_on original_file_path tags config freshness fqn --project-dir /tmp/tmphrvjmh5l --profiles-dir /tmp/cosmos/profile/88b0aa12559803c5b3e8b5b0cefa363d35d21cc93574699baf5727c52eda1f13 --profile verdanta_project --target dev --select stg_reference_stores+`","logger":"cosmos.dbt.graph","filename":"graph.py","lineno":361}
{"timestamp":"2026-09-05T12:50:28.551631Z","level":"info","event":"Trying to run dbtRunner with:\n ['ls', '--output', 'json', '--output-keys', 'name', 'unique_id', 'resource_type', 'depends_on', 'original_file_path', 'tags', 'config', 'freshness', 'fqn', '--project-dir', '/tmp/tmphrvjmh5l', '--profiles-dir', '/tmp/cosmos/profile/88b0aa12559803c5b3e8b5b0cefa363d35d21cc93574699baf5727c52eda1f13', '--profile', 'verdanta_project', '--target', 'dev', '--select', 'stg_reference_stores+']\n in /tmp/tmphrvjmh5l","logger":"cosmos.dbt.runner","filename":"runner.py","lineno":95}
{"timestamp":"2026-09-05T12:50:28.560985Z","level":"info","event":"\u001b[0m12:50:28  Running with dbt=1.12.0","logger":"task.stdout"}
{"timestamp":"2026-09-05T12:50:30.183934Z","level":"info","event":"\u001b[0m12:50:30  Registered adapter: databricks=1.10.9","logger":"task.stdout"}
{"timestamp":"2026-09-05T12:50:31.272134Z","level":"info","event":"\u001b[0m12:50:31  Found 22 models, 96 data tests, 3 seeds, 2 snapshots, 8 sources, 844 macros","logger":"task.stdout"}
{"timestamp":"2026-09-05T12:50:31.278948Z","level":"info","event":"\u001b[0m12:50:31  [\u001b[33mWARNING\u001b[0m]: The selection criterion 'stg_reference_stores+' does not match any enabled nodes","logger":"task.stdout"}
{"timestamp":"2026-09-05T12:50:31.279306Z","level":"info","event":"\u001b[0m12:50:31  [\u001b[33mWARNING\u001b[0m]: No nodes selected!","logger":"task.stdout"}
{"timestamp":"2026-09-05T12:50:32.152509Z","level":"info","event":"Cosmos performance: time to calculate cache identifier cosmos_cache__verdanta_stores__dbt_sources for current version: 0.12652021200005947","logger":"cosmos.cache","filename":"cache.py","lineno":401}
{"timestamp":"2026-09-05T12:50:32.189990Z","level":"info","event":"Total nodes: 0","logger":"cosmos.dbt.graph","filename":"graph.py","lineno":799}
{"timestamp":"2026-09-05T12:50:32.190163Z","level":"info","event":"Total filtered nodes: 0","logger":"cosmos.dbt.graph","filename":"graph.py","lineno":800}
{"timestamp":"2026-09-05T12:50:32.190256Z","level":"info","event":"Cosmos performance (verdanta_stores__dbt_sources) - [993ed3b2f767|1489]: It took 7.24s to parse the dbt project for DAG using LoadMode.DBT_LS","logger":"cosmos.converter","filename":"converter.py","lineno":371}
{"timestamp":"2026-09-05T12:50:32.191873Z","level":"info","event":"Cosmos performance (verdanta_stores__dbt_sources) - [993ed3b2f767|1489]: It took 0.00161s to build the Airflow DAG.","logger":"cosmos.converter","filename":"converter.py","lineno":423}
{"timestamp":"2026-09-05T12:50:32.191957Z","level":"info","event":"::endgroup::Cosmos DAG parsing logs","logger":"cosmos.converter","filename":"converter.py","lineno":430}
{"timestamp":"2026-09-05T12:50:32.192541Z","level":"warning","event":"Using Variable.get from `airflow.models` is deprecated.Please use `get` on Variable from sdk(`airflow.sdk.Variable`) instead","category":"UserWarning","filename":"/home/airflow/.local/lib/python3.13/site-packages/airflow/models/variable.py","lineno":158,"logger":"py.warnings"}
{"timestamp":"2026-09-05T12:50:32.192621Z","level":"warning","event":"Valid config keys have changed in V2:\n* 'allow_population_by_field_name' has been renamed to 'validate_by_name'","category":"UserWarning","filename":"/home/airflow/.local/lib/python3.13/site-packages/pydantic/_internal/_config.py","lineno":383,"logger":"py.warnings"}
{"timestamp":"2026-09-05T12:50:32.192696Z","level":"warning","event":"Using Variable.set from `airflow.models` is deprecated.Please use `set` on Variable from sdk(`airflow.sdk.Variable`) instead","category":"UserWarning","filename":"/home/airflow/.local/lib/python3.13/site-packages/airflow/models/variable.py","lineno":218,"logger":"py.warnings"}
{"timestamp":"2026-09-05T12:51:03.032619Z","level":"info","event":"Filling up the DagBag from /opt/airflow/dags/verdanta_stores.py","logger":"airflow.dag_processing.dagbag.BundleDagBag","filename":"dagbag.py","lineno":469}
{"timestamp":"2026-09-05T12:51:03.102289Z","level":"info","event":"::group::Cosmos DAG parsing logs","logger":"cosmos.converter","filename":"converter.py","lineno":321}
{"timestamp":"2026-09-05T12:51:03.106209Z","level":"info","event":"Cosmos cache dir resolved to /tmp/cosmos/verdanta_stores__dbt_sources","logger":"cosmos.converter","filename":"converter.py","lineno":346}
{"timestamp":"2026-09-05T12:51:03.106523Z","level":"info","event":"Trying to parse the dbt project using dbt ls cache cosmos_cache__verdanta_stores__dbt_sources...","logger":"cosmos.dbt.graph","filename":"graph.py","lineno":869}
{"timestamp":"2026-09-05T12:51:03.257091Z","level":"info","event":"Cosmos performance: time to calculate cache identifier cosmos_cache__verdanta_stores__dbt_sources for current version: 0.13173343800008297","logger":"cosmos.cache","filename":"cache.py","lineno":401}
{"timestamp":"2026-09-05T12:51:03.257272Z","level":"info","event":"Cosmos performance: Cache miss for cosmos_cache__verdanta_stores__dbt_sources - skipped","logger":"cosmos.dbt.graph","filename":"graph.py","lineno":900}
{"timestamp":"2026-09-05T12:51:03.257407Z","level":"info","event":"Trying to parse the dbt project in `/opt/airflow/dbt/verdanta_project` using dbt ls...","logger":"cosmos.dbt.graph","filename":"graph.py","lineno":983}
{"timestamp":"2026-09-05T12:51:03.270362Z","level":"info","event":"Partial parse is enabled and the latest partial parse file is /tmp/cosmos/verdanta_stores__dbt_sources/target/partial_parse.msgpack","logger":"cosmos.dbt.graph","filename":"graph.py","lineno":1002}
{"timestamp":"2026-09-05T12:51:03.295649Z","level":"info","event":"Profile caching is enable.","logger":"cosmos.config","filename":"config.py","lineno":399}
{"timestamp":"2026-09-05T12:51:03.296053Z","level":"info","event":"Profile found in cache using profile: /tmp/cosmos/profile/88b0aa12559803c5b3e8b5b0cefa363d35d21cc93574699baf5727c52eda1f13/profiles.yml.","logger":"cosmos.config","filename":"config.py","lineno":379}
{"timestamp":"2026-09-05T12:51:05.230580Z","level":"info","event":"Running command with dbt Runner: `/home/airflow/.local/bin/dbt deps --project-dir /tmp/tmpjllkg378 --profiles-dir /tmp/cosmos/profile/88b0aa12559803c5b3e8b5b0cefa363d35d21cc93574699baf5727c52eda1f13 --profile verdanta_project --target dev`","logger":"cosmos.dbt.graph","filename":"graph.py","lineno":361}
{"timestamp":"2026-09-05T12:51:05.231248Z","level":"info","event":"Trying to run dbtRunner with:\n ['deps', '--project-dir', '/tmp/tmpjllkg378', '--profiles-dir', '/tmp/cosmos/profile/88b0aa12559803c5b3e8b5b0cefa363d35d21cc93574699baf5727c52eda1f13', '--profile', 'verdanta_project', '--target', 'dev']\n in /tmp/tmpjllkg378","logger":"cosmos.dbt.runner","filename":"runner.py","lineno":95}
{"timestamp":"2026-09-05T12:51:05.332022Z","level":"info","event":"\u001b[0m12:51:05  Running with dbt=1.12.0","logger":"task.stdout"}
{"timestamp":"2026-09-05T12:51:05.646373Z","level":"info","event":"\u001b[0m12:51:05  Installing dbt-labs/dbt_utils","logger":"task.stdout"}
{"timestamp":"2026-09-05T12:51:06.114603Z","level":"info","event":"\u001b[0m12:51:06  Installed from version 1.4.1","logger":"task.stdout"}
{"timestamp":"2026-09-05T12:51:06.122797Z","level":"info","event":"\u001b[0m12:51:06  Up to date!","logger":"task.stdout"}
{"timestamp":"2026-09-05T12:51:06.808089Z","level":"info","event":"Running command with dbt Runner: `/home/airflow/.local/bin/dbt ls --output json --output-keys name unique_id resource_type depends_on original_file_path tags config freshness fqn --project-dir /tmp/tmpjllkg378 --profiles-dir /tmp/cosmos/profile/88b0aa12559803c5b3e8b5b0cefa363d35d21cc93574699baf5727c52eda1f13 --profile verdanta_project --target dev --select stg_reference_stores+`","logger":"cosmos.dbt.graph","filename":"graph.py","lineno":361}
{"timestamp":"2026-09-05T12:51:06.808369Z","level":"info","event":"Trying to run dbtRunner with:\n ['ls', '--output', 'json', '--output-keys', 'name', 'unique_id', 'resource_type', 'depends_on', 'original_file_path', 'tags', 'config', 'freshness', 'fqn', '--project-dir', '/tmp/tmpjllkg378', '--profiles-dir', '/tmp/cosmos/profile/88b0aa12559803c5b3e8b5b0cefa363d35d21cc93574699baf5727c52eda1f13', '--profile', 'verdanta_project', '--target', 'dev', '--select', 'stg_reference_stores+']\n in /tmp/tmpjllkg378","logger":"cosmos.dbt.runner","filename":"runner.py","lineno":95}
{"timestamp":"2026-09-05T12:51:06.821509Z","level":"info","event":"\u001b[0m12:51:06  Running with dbt=1.12.0","logger":"task.stdout"}
{"timestamp":"2026-09-05T12:51:08.458515Z","level":"info","event":"\u001b[0m12:51:08  Registered adapter: databricks=1.10.9","logger":"task.stdout"}
{"timestamp":"2026-09-05T12:51:09.630719Z","level":"info","event":"\u001b[0m12:51:09  Found 22 models, 96 data tests, 3 seeds, 2 snapshots, 8 sources, 844 macros","logger":"task.stdout"}
{"timestamp":"2026-09-05T12:51:09.641257Z","level":"info","event":"\u001b[0m12:51:09  [\u001b[33mWARNING\u001b[0m]: The selection criterion 'stg_reference_stores+' does not match any enabled nodes","logger":"task.stdout"}
{"timestamp":"2026-09-05T12:51:09.641741Z","level":"info","event":"\u001b[0m12:51:09  [\u001b[33mWARNING\u001b[0m]: No nodes selected!","logger":"task.stdout"}
{"timestamp":"2026-09-05T12:51:10.511761Z","level":"info","event":"Cosmos performance: time to calculate cache identifier cosmos_cache__verdanta_stores__dbt_sources for current version: 0.13612668300015685","logger":"cosmos.cache","filename":"cache.py","lineno":401}
{"timestamp":"2026-09-05T12:51:10.554784Z","level":"info","event":"Total nodes: 0","logger":"cosmos.dbt.graph","filename":"graph.py","lineno":799}
{"timestamp":"2026-09-05T12:51:10.554992Z","level":"info","event":"Total filtered nodes: 0","logger":"cosmos.dbt.graph","filename":"graph.py","lineno":800}
{"timestamp":"2026-09-05T12:51:10.555117Z","level":"info","event":"Cosmos performance (verdanta_stores__dbt_sources) - [993ed3b2f767|1525]: It took 7.45s to parse the dbt project for DAG using LoadMode.DBT_LS","logger":"cosmos.converter","filename":"converter.py","lineno":371}
{"timestamp":"2026-09-05T12:51:10.557659Z","level":"info","event":"Cosmos performance (verdanta_stores__dbt_sources) - [993ed3b2f767|1525]: It took 0.00244s to build the Airflow DAG.","logger":"cosmos.converter","filename":"converter.py","lineno":423}
{"timestamp":"2026-09-05T12:51:10.557802Z","level":"info","event":"::endgroup::Cosmos DAG parsing logs","logger":"cosmos.converter","filename":"converter.py","lineno":430}
{"timestamp":"2026-09-05T12:51:10.558711Z","level":"warning","event":"Using Variable.get from `airflow.models` is deprecated.Please use `get` on Variable from sdk(`airflow.sdk.Variable`) instead","category":"UserWarning","filename":"/home/airflow/.local/lib/python3.13/site-packages/airflow/models/variable.py","lineno":158,"logger":"py.warnings"}
{"timestamp":"2026-09-05T12:51:10.558816Z","level":"warning","event":"Valid config keys have changed in V2:\n* 'allow_population_by_field_name' has been renamed to 'validate_by_name'","category":"UserWarning","filename":"/home/airflow/.local/lib/python3.13/site-packages/pydantic/_internal/_config.py","lineno":383,"logger":"py.warnings"}
{"timestamp":"2026-09-05T12:51:10.558884Z","level":"warning","event":"Using Variable.set from `airflow.models` is deprecated.Please use `set` on Variable from sdk(`airflow.sdk.Variable`) instead","category":"UserWarning","filename":"/home/airflow/.local/lib/python3.13/site-packages/airflow/models/variable.py","lineno":218,"logger":"py.warnings"}
{"timestamp":"2026-09-05T12:51:41.380598Z","level":"info","event":"Filling up the DagBag from /opt/airflow/dags/verdanta_stores.py","logger":"airflow.dag_processing.dagbag.BundleDagBag","filename":"dagbag.py","lineno":469}
{"timestamp":"2026-09-05T12:51:41.464657Z","level":"info","event":"::group::Cosmos DAG parsing logs","logger":"cosmos.converter","filename":"converter.py","lineno":321}
{"timestamp":"2026-09-05T12:51:41.469289Z","level":"info","event":"Cosmos cache dir resolved to /tmp/cosmos/verdanta_stores__dbt_sources","logger":"cosmos.converter","filename":"converter.py","lineno":346}
{"timestamp":"2026-09-05T12:51:41.469568Z","level":"info","event":"Trying to parse the dbt project using dbt ls cache cosmos_cache__verdanta_stores__dbt_sources...","logger":"cosmos.dbt.graph","filename":"graph.py","lineno":869}
{"timestamp":"2026-09-05T12:51:41.616635Z","level":"info","event":"Cosmos performance: time to calculate cache identifier cosmos_cache__verdanta_stores__dbt_sources for current version: 0.13347042499981399","logger":"cosmos.cache","filename":"cache.py","lineno":401}
{"timestamp":"2026-09-05T12:51:41.616845Z","level":"info","event":"Cosmos performance: Cache miss for cosmos_cache__verdanta_stores__dbt_sources - skipped","logger":"cosmos.dbt.graph","filename":"graph.py","lineno":900}
{"timestamp":"2026-09-05T12:51:41.617005Z","level":"info","event":"Trying to parse the dbt project in `/opt/airflow/dbt/verdanta_project` using dbt ls...","logger":"cosmos.dbt.graph","filename":"graph.py","lineno":983}
{"timestamp":"2026-09-05T12:51:41.631543Z","level":"info","event":"Partial parse is enabled and the latest partial parse file is /tmp/cosmos/verdanta_stores__dbt_sources/target/partial_parse.msgpack","logger":"cosmos.dbt.graph","filename":"graph.py","lineno":1002}
{"timestamp":"2026-09-05T12:51:41.670997Z","level":"info","event":"Profile caching is enable.","logger":"cosmos.config","filename":"config.py","lineno":399}
{"timestamp":"2026-09-05T12:51:41.671358Z","level":"info","event":"Profile found in cache using profile: /tmp/cosmos/profile/88b0aa12559803c5b3e8b5b0cefa363d35d21cc93574699baf5727c52eda1f13/profiles.yml.","logger":"cosmos.config","filename":"config.py","lineno":379}
{"timestamp":"2026-09-05T12:51:43.565230Z","level":"info","event":"Running command with dbt Runner: `/home/airflow/.local/bin/dbt deps --project-dir /tmp/tmpmgmjqhxr --profiles-dir /tmp/cosmos/profile/88b0aa12559803c5b3e8b5b0cefa363d35d21cc93574699baf5727c52eda1f13 --profile verdanta_project --target dev`","logger":"cosmos.dbt.graph","filename":"graph.py","lineno":361}
{"timestamp":"2026-09-05T12:51:43.565624Z","level":"info","event":"Trying to run dbtRunner with:\n ['deps', '--project-dir', '/tmp/tmpmgmjqhxr', '--profiles-dir', '/tmp/cosmos/profile/88b0aa12559803c5b3e8b5b0cefa363d35d21cc93574699baf5727c52eda1f13', '--profile', 'verdanta_project', '--target', 'dev']\n in /tmp/tmpmgmjqhxr","logger":"cosmos.dbt.runner","filename":"runner.py","lineno":95}
{"timestamp":"2026-09-05T12:51:43.697543Z","level":"info","event":"\u001b[0m12:51:43  Running with dbt=1.12.0","logger":"task.stdout"}
{"timestamp":"2026-09-05T12:51:44.178964Z","level":"info","event":"\u001b[0m12:51:44  Installing dbt-labs/dbt_utils","logger":"task.stdout"}
{"timestamp":"2026-09-05T12:51:44.658277Z","level":"info","event":"\u001b[0m12:51:44  Installed from version 1.4.1","logger":"task.stdout"}
{"timestamp":"2026-09-05T12:51:44.665800Z","level":"info","event":"\u001b[0m12:51:44  Up to date!","logger":"task.stdout"}
{"timestamp":"2026-09-05T12:51:45.351158Z","level":"info","event":"Running command with dbt Runner: `/home/airflow/.local/bin/dbt ls --output json --output-keys name unique_id resource_type depends_on original_file_path tags config freshness fqn --project-dir /tmp/tmpmgmjqhxr --profiles-dir /tmp/cosmos/profile/88b0aa12559803c5b3e8b5b0cefa363d35d21cc93574699baf5727c52eda1f13 --profile verdanta_project --target dev --select stg_reference_stores+`","logger":"cosmos.dbt.graph","filename":"graph.py","lineno":361}
{"timestamp":"2026-09-05T12:51:45.351444Z","level":"info","event":"Trying to run dbtRunner with:\n ['ls', '--output', 'json', '--output-keys', 'name', 'unique_id', 'resource_type', 'depends_on', 'original_file_path', 'tags', 'config', 'freshness', 'fqn', '--project-dir', '/tmp/tmpmgmjqhxr', '--profiles-dir', '/tmp/cosmos/profile/88b0aa12559803c5b3e8b5b0cefa363d35d21cc93574699baf5727c52eda1f13', '--profile', 'verdanta_project', '--target', 'dev', '--select', 'stg_reference_stores+']\n in /tmp/tmpmgmjqhxr","logger":"cosmos.dbt.runner","filename":"runner.py","lineno":95}
{"timestamp":"2026-09-05T12:51:45.380327Z","level":"info","event":"\u001b[0m12:51:45  Running with dbt=1.12.0","logger":"task.stdout"}
{"timestamp":"2026-09-05T12:51:47.101151Z","level":"info","event":"\u001b[0m12:51:47  Registered adapter: databricks=1.10.9","logger":"task.stdout"}
{"timestamp":"2026-09-05T12:51:48.286561Z","level":"info","event":"\u001b[0m12:51:48  Found 22 models, 96 data tests, 3 seeds, 2 snapshots, 8 sources, 844 macros","logger":"task.stdout"}
{"timestamp":"2026-09-05T12:51:48.293660Z","level":"info","event":"\u001b[0m12:51:48  [\u001b[33mWARNING\u001b[0m]: The selection criterion 'stg_reference_stores+' does not match any enabled nodes","logger":"task.stdout"}
{"timestamp":"2026-09-05T12:51:48.293980Z","level":"info","event":"\u001b[0m12:51:48  [\u001b[33mWARNING\u001b[0m]: No nodes selected!","logger":"task.stdout"}
{"timestamp":"2026-09-05T12:51:49.146796Z","level":"info","event":"Cosmos performance: time to calculate cache identifier cosmos_cache__verdanta_stores__dbt_sources for current version: 0.121814066999832","logger":"cosmos.cache","filename":"cache.py","lineno":401}
{"timestamp":"2026-09-05T12:51:49.187348Z","level":"info","event":"Total nodes: 0","logger":"cosmos.dbt.graph","filename":"graph.py","lineno":799}
{"timestamp":"2026-09-05T12:51:49.187522Z","level":"info","event":"Total filtered nodes: 0","logger":"cosmos.dbt.graph","filename":"graph.py","lineno":800}
{"timestamp":"2026-09-05T12:51:49.187612Z","level":"info","event":"Cosmos performance (verdanta_stores__dbt_sources) - [993ed3b2f767|1561]: It took 7.72s to parse the dbt project for DAG using LoadMode.DBT_LS","logger":"cosmos.converter","filename":"converter.py","lineno":371}
{"timestamp":"2026-09-05T12:51:49.189529Z","level":"info","event":"Cosmos performance (verdanta_stores__dbt_sources) - [993ed3b2f767|1561]: It took 0.00191s to build the Airflow DAG.","logger":"cosmos.converter","filename":"converter.py","lineno":423}
{"timestamp":"2026-09-05T12:51:49.189615Z","level":"info","event":"::endgroup::Cosmos DAG parsing logs","logger":"cosmos.converter","filename":"converter.py","lineno":430}
{"timestamp":"2026-09-05T12:51:49.190213Z","level":"warning","event":"Using Variable.get from `airflow.models` is deprecated.Please use `get` on Variable from sdk(`airflow.sdk.Variable`) instead","category":"UserWarning","filename":"/home/airflow/.local/lib/python3.13/site-packages/airflow/models/variable.py","lineno":158,"logger":"py.warnings"}
{"timestamp":"2026-09-05T12:51:49.190295Z","level":"warning","event":"Valid config keys have changed in V2:\n* 'allow_population_by_field_name' has been renamed to 'validate_by_name'","category":"UserWarning","filename":"/home/airflow/.local/lib/python3.13/site-packages/pydantic/_internal/_config.py","lineno":383,"logger":"py.warnings"}
{"timestamp":"2026-09-05T12:51:49.190356Z","level":"warning","event":"Using Variable.set from `airflow.models` is deprecated.Please use `set` on Variable from sdk(`airflow.sdk.Variable`) instead","category":"UserWarning","filename":"/home/airflow/.local/lib/python3.13/site-packages/airflow/models/variable.py","lineno":218,"logger":"py.warnings"}
{"timestamp":"2026-09-05T12:52:20.119398Z","level":"info","event":"Filling up the DagBag from /opt/airflow/dags/verdanta_stores.py","logger":"airflow.dag_processing.dagbag.BundleDagBag","filename":"dagbag.py","lineno":469}
{"timestamp":"2026-09-05T12:52:20.185649Z","level":"info","event":"::group::Cosmos DAG parsing logs","logger":"cosmos.converter","filename":"converter.py","lineno":321}
{"timestamp":"2026-09-05T12:52:20.188994Z","level":"info","event":"Cosmos cache dir resolved to /tmp/cosmos/verdanta_stores__dbt_sources","logger":"cosmos.converter","filename":"converter.py","lineno":346}
{"timestamp":"2026-09-05T12:52:20.189210Z","level":"info","event":"Trying to parse the dbt project using dbt ls cache cosmos_cache__verdanta_stores__dbt_sources...","logger":"cosmos.dbt.graph","filename":"graph.py","lineno":869}
{"timestamp":"2026-09-05T12:52:20.339346Z","level":"info","event":"Cosmos performance: time to calculate cache identifier cosmos_cache__verdanta_stores__dbt_sources for current version: 0.1335724590001064","logger":"cosmos.cache","filename":"cache.py","lineno":401}
{"timestamp":"2026-09-05T12:52:20.339525Z","level":"info","event":"Cosmos performance: Cache miss for cosmos_cache__verdanta_stores__dbt_sources - skipped","logger":"cosmos.dbt.graph","filename":"graph.py","lineno":900}
{"timestamp":"2026-09-05T12:52:20.339678Z","level":"info","event":"Trying to parse the dbt project in `/opt/airflow/dbt/verdanta_project` using dbt ls...","logger":"cosmos.dbt.graph","filename":"graph.py","lineno":983}
{"timestamp":"2026-09-05T12:52:20.352598Z","level":"info","event":"Partial parse is enabled and the latest partial parse file is /tmp/cosmos/verdanta_stores__dbt_sources/target/partial_parse.msgpack","logger":"cosmos.dbt.graph","filename":"graph.py","lineno":1002}
{"timestamp":"2026-09-05T12:52:20.377911Z","level":"info","event":"Profile caching is enable.","logger":"cosmos.config","filename":"config.py","lineno":399}
{"timestamp":"2026-09-05T12:52:20.378286Z","level":"info","event":"Profile found in cache using profile: /tmp/cosmos/profile/88b0aa12559803c5b3e8b5b0cefa363d35d21cc93574699baf5727c52eda1f13/profiles.yml.","logger":"cosmos.config","filename":"config.py","lineno":379}
{"timestamp":"2026-09-05T12:52:22.169155Z","level":"info","event":"Running command with dbt Runner: `/home/airflow/.local/bin/dbt deps --project-dir /tmp/tmpn4s8b9hz --profiles-dir /tmp/cosmos/profile/88b0aa12559803c5b3e8b5b0cefa363d35d21cc93574699baf5727c52eda1f13 --profile verdanta_project --target dev`","logger":"cosmos.dbt.graph","filename":"graph.py","lineno":361}
{"timestamp":"2026-09-05T12:52:22.170138Z","level":"info","event":"Trying to run dbtRunner with:\n ['deps', '--project-dir', '/tmp/tmpn4s8b9hz', '--profiles-dir', '/tmp/cosmos/profile/88b0aa12559803c5b3e8b5b0cefa363d35d21cc93574699baf5727c52eda1f13', '--profile', 'verdanta_project', '--target', 'dev']\n in /tmp/tmpn4s8b9hz","logger":"cosmos.dbt.runner","filename":"runner.py","lineno":95}
{"timestamp":"2026-09-05T12:52:22.280919Z","level":"info","event":"\u001b[0m12:52:22  Running with dbt=1.12.0","logger":"task.stdout"}
{"timestamp":"2026-09-05T12:52:22.735575Z","level":"info","event":"\u001b[0m12:52:22  Installing dbt-labs/dbt_utils","logger":"task.stdout"}
{"timestamp":"2026-09-05T12:52:23.226436Z","level":"info","event":"\u001b[0m12:52:23  Installed from version 1.4.1","logger":"task.stdout"}
{"timestamp":"2026-09-05T12:52:23.233887Z","level":"info","event":"\u001b[0m12:52:23  Up to date!","logger":"task.stdout"}
{"timestamp":"2026-09-05T12:52:23.958269Z","level":"info","event":"Running command with dbt Runner: `/home/airflow/.local/bin/dbt ls --output json --output-keys name unique_id resource_type depends_on original_file_path tags config freshness fqn --project-dir /tmp/tmpn4s8b9hz --profiles-dir /tmp/cosmos/profile/88b0aa12559803c5b3e8b5b0cefa363d35d21cc93574699baf5727c52eda1f13 --profile verdanta_project --target dev --select stg_reference_stores+`","logger":"cosmos.dbt.graph","filename":"graph.py","lineno":361}
{"timestamp":"2026-09-05T12:52:23.958667Z","level":"info","event":"Trying to run dbtRunner with:\n ['ls', '--output', 'json', '--output-keys', 'name', 'unique_id', 'resource_type', 'depends_on', 'original_file_path', 'tags', 'config', 'freshness', 'fqn', '--project-dir', '/tmp/tmpn4s8b9hz', '--profiles-dir', '/tmp/cosmos/profile/88b0aa12559803c5b3e8b5b0cefa363d35d21cc93574699baf5727c52eda1f13', '--profile', 'verdanta_project', '--target', 'dev', '--select', 'stg_reference_stores+']\n in /tmp/tmpn4s8b9hz","logger":"cosmos.dbt.runner","filename":"runner.py","lineno":95}
{"timestamp":"2026-09-05T12:52:23.972816Z","level":"info","event":"\u001b[0m12:52:23  Running with dbt=1.12.0","logger":"task.stdout"}
{"timestamp":"2026-09-05T12:52:25.756736Z","level":"info","event":"\u001b[0m12:52:25  Registered adapter: databricks=1.10.9","logger":"task.stdout"}
{"timestamp":"2026-09-05T12:52:26.902051Z","level":"info","event":"\u001b[0m12:52:26  Found 22 models, 96 data tests, 3 seeds, 2 snapshots, 8 sources, 844 macros","logger":"task.stdout"}
{"timestamp":"2026-09-05T12:52:26.911402Z","level":"info","event":"\u001b[0m12:52:26  [\u001b[33mWARNING\u001b[0m]: The selection criterion 'stg_reference_stores+' does not match any enabled nodes","logger":"task.stdout"}
{"timestamp":"2026-09-05T12:52:26.911681Z","level":"info","event":"\u001b[0m12:52:26  [\u001b[33mWARNING\u001b[0m]: No nodes selected!","logger":"task.stdout"}
{"timestamp":"2026-09-05T12:52:27.777642Z","level":"info","event":"Cosmos performance: time to calculate cache identifier cosmos_cache__verdanta_stores__dbt_sources for current version: 0.12570163100008358","logger":"cosmos.cache","filename":"cache.py","lineno":401}
{"timestamp":"2026-09-05T12:52:27.821990Z","level":"info","event":"Total nodes: 0","logger":"cosmos.dbt.graph","filename":"graph.py","lineno":799}
{"timestamp":"2026-09-05T12:52:27.822250Z","level":"info","event":"Total filtered nodes: 0","logger":"cosmos.dbt.graph","filename":"graph.py","lineno":800}
{"timestamp":"2026-09-05T12:52:27.822348Z","level":"info","event":"Cosmos performance (verdanta_stores__dbt_sources) - [993ed3b2f767|1603]: It took 7.63s to parse the dbt project for DAG using LoadMode.DBT_LS","logger":"cosmos.converter","filename":"converter.py","lineno":371}
{"timestamp":"2026-09-05T12:52:27.824376Z","level":"info","event":"Cosmos performance (verdanta_stores__dbt_sources) - [993ed3b2f767|1603]: It took 0.00201s to build the Airflow DAG.","logger":"cosmos.converter","filename":"converter.py","lineno":423}
{"timestamp":"2026-09-05T12:52:27.824478Z","level":"info","event":"::endgroup::Cosmos DAG parsing logs","logger":"cosmos.converter","filename":"converter.py","lineno":430}
{"timestamp":"2026-09-05T12:52:27.825183Z","level":"warning","event":"Using Variable.get from `airflow.models` is deprecated.Please use `get` on Variable from sdk(`airflow.sdk.Variable`) instead","category":"UserWarning","filename":"/home/airflow/.local/lib/python3.13/site-packages/airflow/models/variable.py","lineno":158,"logger":"py.warnings"}
{"timestamp":"2026-09-05T12:52:27.825279Z","level":"warning","event":"Valid config keys have changed in V2:\n* 'allow_population_by_field_name' has been renamed to 'validate_by_name'","category":"UserWarning","filename":"/home/airflow/.local/lib/python3.13/site-packages/pydantic/_internal/_config.py","lineno":383,"logger":"py.warnings"}
{"timestamp":"2026-09-05T12:52:27.825343Z","level":"warning","event":"Using Variable.set from `airflow.models` is deprecated.Please use `set` on Variable from sdk(`airflow.sdk.Variable`) instead","category":"UserWarning","filename":"/home/airflow/.local/lib/python3.13/site-packages/airflow/models/variable.py","lineno":218,"logger":"py.warnings"}
{"timestamp":"2026-09-05T12:52:58.631997Z","level":"info","event":"Filling up the DagBag from /opt/airflow/dags/verdanta_stores.py","logger":"airflow.dag_processing.dagbag.BundleDagBag","filename":"dagbag.py","lineno":469}
{"timestamp":"2026-09-05T12:52:58.708046Z","level":"info","event":"::group::Cosmos DAG parsing logs","logger":"cosmos.converter","filename":"converter.py","lineno":321}
{"timestamp":"2026-09-05T12:52:58.711450Z","level":"info","event":"Cosmos cache dir resolved to /tmp/cosmos/verdanta_stores__dbt_sources","logger":"cosmos.converter","filename":"converter.py","lineno":346}
{"timestamp":"2026-09-05T12:52:58.711663Z","level":"info","event":"Trying to parse the dbt project using dbt ls cache cosmos_cache__verdanta_stores__dbt_sources...","logger":"cosmos.dbt.graph","filename":"graph.py","lineno":869}
{"timestamp":"2026-09-05T12:52:58.855250Z","level":"info","event":"Cosmos performance: time to calculate cache identifier cosmos_cache__verdanta_stores__dbt_sources for current version: 0.1310448429999269","logger":"cosmos.cache","filename":"cache.py","lineno":401}
{"timestamp":"2026-09-05T12:52:58.855438Z","level":"info","event":"Cosmos performance: Cache miss for cosmos_cache__verdanta_stores__dbt_sources - skipped","logger":"cosmos.dbt.graph","filename":"graph.py","lineno":900}
{"timestamp":"2026-09-05T12:52:58.855588Z","level":"info","event":"Trying to parse the dbt project in `/opt/airflow/dbt/verdanta_project` using dbt ls...","logger":"cosmos.dbt.graph","filename":"graph.py","lineno":983}
{"timestamp":"2026-09-05T12:52:58.882346Z","level":"info","event":"Partial parse is enabled and the latest partial parse file is /tmp/cosmos/verdanta_stores__dbt_sources/target/partial_parse.msgpack","logger":"cosmos.dbt.graph","filename":"graph.py","lineno":1002}
{"timestamp":"2026-09-05T12:52:58.909975Z","level":"info","event":"Profile caching is enable.","logger":"cosmos.config","filename":"config.py","lineno":399}
{"timestamp":"2026-09-05T12:52:58.910369Z","level":"info","event":"Profile found in cache using profile: /tmp/cosmos/profile/88b0aa12559803c5b3e8b5b0cefa363d35d21cc93574699baf5727c52eda1f13/profiles.yml.","logger":"cosmos.config","filename":"config.py","lineno":379}
{"timestamp":"2026-09-05T12:53:00.653818Z","level":"info","event":"Running command with dbt Runner: `/home/airflow/.local/bin/dbt deps --project-dir /tmp/tmpl5z8452g --profiles-dir /tmp/cosmos/profile/88b0aa12559803c5b3e8b5b0cefa363d35d21cc93574699baf5727c52eda1f13 --profile verdanta_project --target dev`","logger":"cosmos.dbt.graph","filename":"graph.py","lineno":361}
{"timestamp":"2026-09-05T12:53:00.654204Z","level":"info","event":"Trying to run dbtRunner with:\n ['deps', '--project-dir', '/tmp/tmpl5z8452g', '--profiles-dir', '/tmp/cosmos/profile/88b0aa12559803c5b3e8b5b0cefa363d35d21cc93574699baf5727c52eda1f13', '--profile', 'verdanta_project', '--target', 'dev']\n in /tmp/tmpl5z8452g","logger":"cosmos.dbt.runner","filename":"runner.py","lineno":95}
{"timestamp":"2026-09-05T12:53:00.743000Z","level":"info","event":"\u001b[0m12:53:00  Running with dbt=1.12.0","logger":"task.stdout"}
{"timestamp":"2026-09-05T12:53:01.193453Z","level":"info","event":"\u001b[0m12:53:01  Installing dbt-labs/dbt_utils","logger":"task.stdout"}
{"timestamp":"2026-09-05T12:53:01.659759Z","level":"info","event":"\u001b[0m12:53:01  Installed from version 1.4.1","logger":"task.stdout"}
{"timestamp":"2026-09-05T12:53:01.666678Z","level":"info","event":"\u001b[0m12:53:01  Up to date!","logger":"task.stdout"}
{"timestamp":"2026-09-05T12:53:02.360494Z","level":"info","event":"Running command with dbt Runner: `/home/airflow/.local/bin/dbt ls --output json --output-keys name unique_id resource_type depends_on original_file_path tags config freshness fqn --project-dir /tmp/tmpl5z8452g --profiles-dir /tmp/cosmos/profile/88b0aa12559803c5b3e8b5b0cefa363d35d21cc93574699baf5727c52eda1f13 --profile verdanta_project --target dev --select stg_reference_stores+`","logger":"cosmos.dbt.graph","filename":"graph.py","lineno":361}
{"timestamp":"2026-09-05T12:53:02.360821Z","level":"info","event":"Trying to run dbtRunner with:\n ['ls', '--output', 'json', '--output-keys', 'name', 'unique_id', 'resource_type', 'depends_on', 'original_file_path', 'tags', 'config', 'freshness', 'fqn', '--project-dir', '/tmp/tmpl5z8452g', '--profiles-dir', '/tmp/cosmos/profile/88b0aa12559803c5b3e8b5b0cefa363d35d21cc93574699baf5727c52eda1f13', '--profile', 'verdanta_project', '--target', 'dev', '--select', 'stg_reference_stores+']\n in /tmp/tmpl5z8452g","logger":"cosmos.dbt.runner","filename":"runner.py","lineno":95}
{"timestamp":"2026-09-05T12:53:02.374459Z","level":"info","event":"\u001b[0m12:53:02  Running with dbt=1.12.0","logger":"task.stdout"}
{"timestamp":"2026-09-05T12:53:04.015124Z","level":"info","event":"\u001b[0m12:53:04  Registered adapter: databricks=1.10.9","logger":"task.stdout"}
{"timestamp":"2026-09-05T12:53:05.141821Z","level":"info","event":"\u001b[0m12:53:05  Found 22 models, 96 data tests, 3 seeds, 2 snapshots, 8 sources, 844 macros","logger":"task.stdout"}
{"timestamp":"2026-09-05T12:53:05.148122Z","level":"info","event":"\u001b[0m12:53:05  [\u001b[33mWARNING\u001b[0m]: The selection criterion 'stg_reference_stores+' does not match any enabled nodes","logger":"task.stdout"}
{"timestamp":"2026-09-05T12:53:05.148462Z","level":"info","event":"\u001b[0m12:53:05  [\u001b[33mWARNING\u001b[0m]: No nodes selected!","logger":"task.stdout"}
{"timestamp":"2026-09-05T12:53:06.027403Z","level":"info","event":"Cosmos performance: time to calculate cache identifier cosmos_cache__verdanta_stores__dbt_sources for current version: 0.13264786100012316","logger":"cosmos.cache","filename":"cache.py","lineno":401}
{"timestamp":"2026-09-05T12:53:06.065500Z","level":"info","event":"Total nodes: 0","logger":"cosmos.dbt.graph","filename":"graph.py","lineno":799}
{"timestamp":"2026-09-05T12:53:06.065676Z","level":"info","event":"Total filtered nodes: 0","logger":"cosmos.dbt.graph","filename":"graph.py","lineno":800}
{"timestamp":"2026-09-05T12:53:06.065770Z","level":"info","event":"Cosmos performance (verdanta_stores__dbt_sources) - [993ed3b2f767|1647]: It took 7.35s to parse the dbt project for DAG using LoadMode.DBT_LS","logger":"cosmos.converter","filename":"converter.py","lineno":371}
{"timestamp":"2026-09-05T12:53:06.067630Z","level":"info","event":"Cosmos performance (verdanta_stores__dbt_sources) - [993ed3b2f767|1647]: It took 0.00185s to build the Airflow DAG.","logger":"cosmos.converter","filename":"converter.py","lineno":423}
{"timestamp":"2026-09-05T12:53:06.067718Z","level":"info","event":"::endgroup::Cosmos DAG parsing logs","logger":"cosmos.converter","filename":"converter.py","lineno":430}
{"timestamp":"2026-09-05T12:53:06.068271Z","level":"warning","event":"Using Variable.get from `airflow.models` is deprecated.Please use `get` on Variable from sdk(`airflow.sdk.Variable`) instead","category":"UserWarning","filename":"/home/airflow/.local/lib/python3.13/site-packages/airflow/models/variable.py","lineno":158,"logger":"py.warnings"}
{"timestamp":"2026-09-05T12:53:06.068350Z","level":"warning","event":"Valid config keys have changed in V2:\n* 'allow_population_by_field_name' has been renamed to 'validate_by_name'","category":"UserWarning","filename":"/home/airflow/.local/lib/python3.13/site-packages/pydantic/_internal/_config.py","lineno":383,"logger":"py.warnings"}
{"timestamp":"2026-09-05T12:53:06.068409Z","level":"warning","event":"Using Variable.set from `airflow.models` is deprecated.Please use `set` on Variable from sdk(`airflow.sdk.Variable`) instead","category":"UserWarning","filename":"/home/airflow/.local/lib/python3.13/site-packages/airflow/models/variable.py","lineno":218,"logger":"py.warnings"}
{"timestamp":"2026-09-05T12:53:36.813541Z","level":"info","event":"Filling up the DagBag from /opt/airflow/dags/verdanta_stores.py","logger":"airflow.dag_processing.dagbag.BundleDagBag","filename":"dagbag.py","lineno":469}
{"timestamp":"2026-09-05T12:53:36.899674Z","level":"info","event":"::group::Cosmos DAG parsing logs","logger":"cosmos.converter","filename":"converter.py","lineno":321}
{"timestamp":"2026-09-05T12:53:36.904226Z","level":"info","event":"Cosmos cache dir resolved to /tmp/cosmos/verdanta_stores__dbt_sources","logger":"cosmos.converter","filename":"converter.py","lineno":346}
{"timestamp":"2026-09-05T12:53:36.904614Z","level":"info","event":"Trying to parse the dbt project using dbt ls cache cosmos_cache__verdanta_stores__dbt_sources...","logger":"cosmos.dbt.graph","filename":"graph.py","lineno":869}
{"timestamp":"2026-09-05T12:53:37.056227Z","level":"info","event":"Cosmos performance: time to calculate cache identifier cosmos_cache__verdanta_stores__dbt_sources for current version: 0.13545767999994496","logger":"cosmos.cache","filename":"cache.py","lineno":401}
{"timestamp":"2026-09-05T12:53:37.056457Z","level":"info","event":"Cosmos performance: Cache miss for cosmos_cache__verdanta_stores__dbt_sources - skipped","logger":"cosmos.dbt.graph","filename":"graph.py","lineno":900}
{"timestamp":"2026-09-05T12:53:37.056620Z","level":"info","event":"Trying to parse the dbt project in `/opt/airflow/dbt/verdanta_project` using dbt ls...","logger":"cosmos.dbt.graph","filename":"graph.py","lineno":983}
{"timestamp":"2026-09-05T12:53:37.072065Z","level":"info","event":"Partial parse is enabled and the latest partial parse file is /tmp/cosmos/verdanta_stores__dbt_sources/target/partial_parse.msgpack","logger":"cosmos.dbt.graph","filename":"graph.py","lineno":1002}
{"timestamp":"2026-09-05T12:53:37.104972Z","level":"info","event":"Profile caching is enable.","logger":"cosmos.config","filename":"config.py","lineno":399}
{"timestamp":"2026-09-05T12:53:37.105555Z","level":"info","event":"Profile found in cache using profile: /tmp/cosmos/profile/88b0aa12559803c5b3e8b5b0cefa363d35d21cc93574699baf5727c52eda1f13/profiles.yml.","logger":"cosmos.config","filename":"config.py","lineno":379}
{"timestamp":"2026-09-05T12:53:38.836908Z","level":"info","event":"Running command with dbt Runner: `/home/airflow/.local/bin/dbt deps --project-dir /tmp/tmpc23vbcny --profiles-dir /tmp/cosmos/profile/88b0aa12559803c5b3e8b5b0cefa363d35d21cc93574699baf5727c52eda1f13 --profile verdanta_project --target dev`","logger":"cosmos.dbt.graph","filename":"graph.py","lineno":361}
{"timestamp":"2026-09-05T12:53:38.837366Z","level":"info","event":"Trying to run dbtRunner with:\n ['deps', '--project-dir', '/tmp/tmpc23vbcny', '--profiles-dir', '/tmp/cosmos/profile/88b0aa12559803c5b3e8b5b0cefa363d35d21cc93574699baf5727c52eda1f13', '--profile', 'verdanta_project', '--target', 'dev']\n in /tmp/tmpc23vbcny","logger":"cosmos.dbt.runner","filename":"runner.py","lineno":95}
{"timestamp":"2026-09-05T12:53:38.930302Z","level":"info","event":"\u001b[0m12:53:38  Running with dbt=1.12.0","logger":"task.stdout"}
{"timestamp":"2026-09-05T12:53:39.275809Z","level":"info","event":"\u001b[0m12:53:39  Installing dbt-labs/dbt_utils","logger":"task.stdout"}
{"timestamp":"2026-09-05T12:53:39.758052Z","level":"info","event":"\u001b[0m12:53:39  Installed from version 1.4.1","logger":"task.stdout"}
{"timestamp":"2026-09-05T12:53:39.771187Z","level":"info","event":"\u001b[0m12:53:39  Up to date!","logger":"task.stdout"}
{"timestamp":"2026-09-05T12:53:40.449151Z","level":"info","event":"Running command with dbt Runner: `/home/airflow/.local/bin/dbt ls --output json --output-keys name unique_id resource_type depends_on original_file_path tags config freshness fqn --project-dir /tmp/tmpc23vbcny --profiles-dir /tmp/cosmos/profile/88b0aa12559803c5b3e8b5b0cefa363d35d21cc93574699baf5727c52eda1f13 --profile verdanta_project --target dev --select stg_reference_stores+`","logger":"cosmos.dbt.graph","filename":"graph.py","lineno":361}
{"timestamp":"2026-09-05T12:53:40.449429Z","level":"info","event":"Trying to run dbtRunner with:\n ['ls', '--output', 'json', '--output-keys', 'name', 'unique_id', 'resource_type', 'depends_on', 'original_file_path', 'tags', 'config', 'freshness', 'fqn', '--project-dir', '/tmp/tmpc23vbcny', '--profiles-dir', '/tmp/cosmos/profile/88b0aa12559803c5b3e8b5b0cefa363d35d21cc93574699baf5727c52eda1f13', '--profile', 'verdanta_project', '--target', 'dev', '--select', 'stg_reference_stores+']\n in /tmp/tmpc23vbcny","logger":"cosmos.dbt.runner","filename":"runner.py","lineno":95}
{"timestamp":"2026-09-05T12:53:40.462844Z","level":"info","event":"\u001b[0m12:53:40  Running with dbt=1.12.0","logger":"task.stdout"}
{"timestamp":"2026-09-05T12:53:42.073843Z","level":"info","event":"\u001b[0m12:53:42  Registered adapter: databricks=1.10.9","logger":"task.stdout"}
{"timestamp":"2026-09-05T12:53:43.202069Z","level":"info","event":"\u001b[0m12:53:43  Found 22 models, 96 data tests, 3 seeds, 2 snapshots, 8 sources, 844 macros","logger":"task.stdout"}
{"timestamp":"2026-09-05T12:53:43.209868Z","level":"info","event":"\u001b[0m12:53:43  [\u001b[33mWARNING\u001b[0m]: The selection criterion 'stg_reference_stores+' does not match any enabled nodes","logger":"task.stdout"}
{"timestamp":"2026-09-05T12:53:43.210194Z","level":"info","event":"\u001b[0m12:53:43  [\u001b[33mWARNING\u001b[0m]: No nodes selected!","logger":"task.stdout"}
{"timestamp":"2026-09-05T12:53:44.088609Z","level":"info","event":"Cosmos performance: time to calculate cache identifier cosmos_cache__verdanta_stores__dbt_sources for current version: 0.12846012700015308","logger":"cosmos.cache","filename":"cache.py","lineno":401}
{"timestamp":"2026-09-05T12:53:44.127543Z","level":"info","event":"Total nodes: 0","logger":"cosmos.dbt.graph","filename":"graph.py","lineno":799}
{"timestamp":"2026-09-05T12:53:44.127742Z","level":"info","event":"Total filtered nodes: 0","logger":"cosmos.dbt.graph","filename":"graph.py","lineno":800}
{"timestamp":"2026-09-05T12:53:44.127843Z","level":"info","event":"Cosmos performance (verdanta_stores__dbt_sources) - [993ed3b2f767|1683]: It took 7.22s to parse the dbt project for DAG using LoadMode.DBT_LS","logger":"cosmos.converter","filename":"converter.py","lineno":371}
{"timestamp":"2026-09-05T12:53:44.129843Z","level":"info","event":"Cosmos performance (verdanta_stores__dbt_sources) - [993ed3b2f767|1683]: It took 0.00197s to build the Airflow DAG.","logger":"cosmos.converter","filename":"converter.py","lineno":423}
{"timestamp":"2026-09-05T12:53:44.129955Z","level":"info","event":"::endgroup::Cosmos DAG parsing logs","logger":"cosmos.converter","filename":"converter.py","lineno":430}
{"timestamp":"2026-09-05T12:53:44.130546Z","level":"warning","event":"Using Variable.get from `airflow.models` is deprecated.Please use `get` on Variable from sdk(`airflow.sdk.Variable`) instead","category":"UserWarning","filename":"/home/airflow/.local/lib/python3.13/site-packages/airflow/models/variable.py","lineno":158,"logger":"py.warnings"}
{"timestamp":"2026-09-05T12:53:44.130629Z","level":"warning","event":"Valid config keys have changed in V2:\n* 'allow_population_by_field_name' has been renamed to 'validate_by_name'","category":"UserWarning","filename":"/home/airflow/.local/lib/python3.13/site-packages/pydantic/_internal/_config.py","lineno":383,"logger":"py.warnings"}
{"timestamp":"2026-09-05T12:53:44.130689Z","level":"warning","event":"Using Variable.set from `airflow.models` is deprecated.Please use `set` on Variable from sdk(`airflow.sdk.Variable`) instead","category":"UserWarning","filename":"/home/airflow/.local/lib/python3.13/site-packages/airflow/models/variable.py","lineno":218,"logger":"py.warnings"}
{"timestamp":"2026-09-05T12:54:14.914828Z","level":"info","event":"Filling up the DagBag from /opt/airflow/dags/verdanta_stores.py","logger":"airflow.dag_processing.dagbag.BundleDagBag","filename":"dagbag.py","lineno":469}
{"timestamp":"2026-09-05T12:54:14.991771Z","level":"info","event":"::group::Cosmos DAG parsing logs","logger":"cosmos.converter","filename":"converter.py","lineno":321}
{"timestamp":"2026-09-05T12:54:14.995395Z","level":"info","event":"Cosmos cache dir resolved to /tmp/cosmos/verdanta_stores__dbt_sources","logger":"cosmos.converter","filename":"converter.py","lineno":346}
{"timestamp":"2026-09-05T12:54:14.995673Z","level":"info","event":"Trying to parse the dbt project using dbt ls cache cosmos_cache__verdanta_stores__dbt_sources...","logger":"cosmos.dbt.graph","filename":"graph.py","lineno":869}
{"timestamp":"2026-09-05T12:54:15.145664Z","level":"info","event":"Cosmos performance: time to calculate cache identifier cosmos_cache__verdanta_stores__dbt_sources for current version: 0.133360735999986","logger":"cosmos.cache","filename":"cache.py","lineno":401}
{"timestamp":"2026-09-05T12:54:15.145842Z","level":"info","event":"Cosmos performance: Cache miss for cosmos_cache__verdanta_stores__dbt_sources - skipped","logger":"cosmos.dbt.graph","filename":"graph.py","lineno":900}
{"timestamp":"2026-09-05T12:54:15.145978Z","level":"info","event":"Trying to parse the dbt project in `/opt/airflow/dbt/verdanta_project` using dbt ls...","logger":"cosmos.dbt.graph","filename":"graph.py","lineno":983}
{"timestamp":"2026-09-05T12:54:15.160779Z","level":"info","event":"Partial parse is enabled and the latest partial parse file is /tmp/cosmos/verdanta_stores__dbt_sources/target/partial_parse.msgpack","logger":"cosmos.dbt.graph","filename":"graph.py","lineno":1002}
{"timestamp":"2026-09-05T12:54:15.192113Z","level":"info","event":"Profile caching is enable.","logger":"cosmos.config","filename":"config.py","lineno":399}
{"timestamp":"2026-09-05T12:54:15.192528Z","level":"info","event":"Profile found in cache using profile: /tmp/cosmos/profile/88b0aa12559803c5b3e8b5b0cefa363d35d21cc93574699baf5727c52eda1f13/profiles.yml.","logger":"cosmos.config","filename":"config.py","lineno":379}
{"timestamp":"2026-09-05T12:54:16.872245Z","level":"info","event":"Running command with dbt Runner: `/home/airflow/.local/bin/dbt deps --project-dir /tmp/tmpc_4qw9b8 --profiles-dir /tmp/cosmos/profile/88b0aa12559803c5b3e8b5b0cefa363d35d21cc93574699baf5727c52eda1f13 --profile verdanta_project --target dev`","logger":"cosmos.dbt.graph","filename":"graph.py","lineno":361}
{"timestamp":"2026-09-05T12:54:16.872649Z","level":"info","event":"Trying to run dbtRunner with:\n ['deps', '--project-dir', '/tmp/tmpc_4qw9b8', '--profiles-dir', '/tmp/cosmos/profile/88b0aa12559803c5b3e8b5b0cefa363d35d21cc93574699baf5727c52eda1f13', '--profile', 'verdanta_project', '--target', 'dev']\n in /tmp/tmpc_4qw9b8","logger":"cosmos.dbt.runner","filename":"runner.py","lineno":95}
{"timestamp":"2026-09-05T12:54:16.965847Z","level":"info","event":"\u001b[0m12:54:16  Running with dbt=1.12.0","logger":"task.stdout"}
{"timestamp":"2026-09-05T12:54:17.305320Z","level":"info","event":"\u001b[0m12:54:17  Installing dbt-labs/dbt_utils","logger":"task.stdout"}
{"timestamp":"2026-09-05T12:54:17.736036Z","level":"info","event":"\u001b[0m12:54:17  Installed from version 1.4.1","logger":"task.stdout"}
{"timestamp":"2026-09-05T12:54:17.743312Z","level":"info","event":"\u001b[0m12:54:17  Up to date!","logger":"task.stdout"}
{"timestamp":"2026-09-05T12:54:18.457133Z","level":"info","event":"Running command with dbt Runner: `/home/airflow/.local/bin/dbt ls --output json --output-keys name unique_id resource_type depends_on original_file_path tags config freshness fqn --project-dir /tmp/tmpc_4qw9b8 --profiles-dir /tmp/cosmos/profile/88b0aa12559803c5b3e8b5b0cefa363d35d21cc93574699baf5727c52eda1f13 --profile verdanta_project --target dev --select stg_reference_stores+`","logger":"cosmos.dbt.graph","filename":"graph.py","lineno":361}
{"timestamp":"2026-09-05T12:54:18.457477Z","level":"info","event":"Trying to run dbtRunner with:\n ['ls', '--output', 'json', '--output-keys', 'name', 'unique_id', 'resource_type', 'depends_on', 'original_file_path', 'tags', 'config', 'freshness', 'fqn', '--project-dir', '/tmp/tmpc_4qw9b8', '--profiles-dir', '/tmp/cosmos/profile/88b0aa12559803c5b3e8b5b0cefa363d35d21cc93574699baf5727c52eda1f13', '--profile', 'verdanta_project', '--target', 'dev', '--select', 'stg_reference_stores+']\n in /tmp/tmpc_4qw9b8","logger":"cosmos.dbt.runner","filename":"runner.py","lineno":95}
{"timestamp":"2026-09-05T12:54:18.471012Z","level":"info","event":"\u001b[0m12:54:18  Running with dbt=1.12.0","logger":"task.stdout"}
{"timestamp":"2026-09-05T12:54:20.073745Z","level":"info","event":"\u001b[0m12:54:20  Registered adapter: databricks=1.10.9","logger":"task.stdout"}
{"timestamp":"2026-09-05T12:54:21.287095Z","level":"info","event":"\u001b[0m12:54:21  Found 22 models, 96 data tests, 3 seeds, 2 snapshots, 8 sources, 844 macros","logger":"task.stdout"}
{"timestamp":"2026-09-05T12:54:21.299136Z","level":"info","event":"\u001b[0m12:54:21  [\u001b[33mWARNING\u001b[0m]: The selection criterion 'stg_reference_stores+' does not match any enabled nodes","logger":"task.stdout"}
{"timestamp":"2026-09-05T12:54:21.299390Z","level":"info","event":"\u001b[0m12:54:21  [\u001b[33mWARNING\u001b[0m]: No nodes selected!","logger":"task.stdout"}
{"timestamp":"2026-09-05T12:54:22.172073Z","level":"info","event":"Cosmos performance: time to calculate cache identifier cosmos_cache__verdanta_stores__dbt_sources for current version: 0.13089272199999868","logger":"cosmos.cache","filename":"cache.py","lineno":401}
{"timestamp":"2026-09-05T12:54:22.210161Z","level":"info","event":"Total nodes: 0","logger":"cosmos.dbt.graph","filename":"graph.py","lineno":799}
{"timestamp":"2026-09-05T12:54:22.210396Z","level":"info","event":"Total filtered nodes: 0","logger":"cosmos.dbt.graph","filename":"graph.py","lineno":800}
{"timestamp":"2026-09-05T12:54:22.210526Z","level":"info","event":"Cosmos performance (verdanta_stores__dbt_sources) - [993ed3b2f767|1719]: It took 7.21s to parse the dbt project for DAG using LoadMode.DBT_LS","logger":"cosmos.converter","filename":"converter.py","lineno":371}
{"timestamp":"2026-09-05T12:54:22.212521Z","level":"info","event":"Cosmos performance (verdanta_stores__dbt_sources) - [993ed3b2f767|1719]: It took 0.00199s to build the Airflow DAG.","logger":"cosmos.converter","filename":"converter.py","lineno":423}
{"timestamp":"2026-09-05T12:54:22.212626Z","level":"info","event":"::endgroup::Cosmos DAG parsing logs","logger":"cosmos.converter","filename":"converter.py","lineno":430}
{"timestamp":"2026-09-05T12:54:22.213228Z","level":"warning","event":"Using Variable.get from `airflow.models` is deprecated.Please use `get` on Variable from sdk(`airflow.sdk.Variable`) instead","category":"UserWarning","filename":"/home/airflow/.local/lib/python3.13/site-packages/airflow/models/variable.py","lineno":158,"logger":"py.warnings"}
{"timestamp":"2026-09-05T12:54:22.213366Z","level":"warning","event":"Valid config keys have changed in V2:\n* 'allow_population_by_field_name' has been renamed to 'validate_by_name'","category":"UserWarning","filename":"/home/airflow/.local/lib/python3.13/site-packages/pydantic/_internal/_config.py","lineno":383,"logger":"py.warnings"}
{"timestamp":"2026-09-05T12:54:22.213444Z","level":"warning","event":"Using Variable.set from `airflow.models` is deprecated.Please use `set` on Variable from sdk(`airflow.sdk.Variable`) instead","category":"UserWarning","filename":"/home/airflow/.local/lib/python3.13/site-packages/airflow/models/variable.py","lineno":218,"logger":"py.warnings"}
{"timestamp":"2026-09-05T12:54:53.275383Z","level":"info","event":"Filling up the DagBag from /opt/airflow/dags/verdanta_stores.py","logger":"airflow.dag_processing.dagbag.BundleDagBag","filename":"dagbag.py","lineno":469}
{"timestamp":"2026-09-05T12:54:53.340164Z","level":"info","event":"::group::Cosmos DAG parsing logs","logger":"cosmos.converter","filename":"converter.py","lineno":321}
{"timestamp":"2026-09-05T12:54:53.343351Z","level":"info","event":"Cosmos cache dir resolved to /tmp/cosmos/verdanta_stores__dbt_sources","logger":"cosmos.converter","filename":"converter.py","lineno":346}
{"timestamp":"2026-09-05T12:54:53.343563Z","level":"info","event":"Trying to parse the dbt project using dbt ls cache cosmos_cache__verdanta_stores__dbt_sources...","logger":"cosmos.dbt.graph","filename":"graph.py","lineno":869}
{"timestamp":"2026-09-05T12:54:53.486185Z","level":"info","event":"Cosmos performance: time to calculate cache identifier cosmos_cache__verdanta_stores__dbt_sources for current version: 0.12692562400002316","logger":"cosmos.cache","filename":"cache.py","lineno":401}
{"timestamp":"2026-09-05T12:54:53.486393Z","level":"info","event":"Cosmos performance: Cache miss for cosmos_cache__verdanta_stores__dbt_sources - skipped","logger":"cosmos.dbt.graph","filename":"graph.py","lineno":900}
{"timestamp":"2026-09-05T12:54:53.486593Z","level":"info","event":"Trying to parse the dbt project in `/opt/airflow/dbt/verdanta_project` using dbt ls...","logger":"cosmos.dbt.graph","filename":"graph.py","lineno":983}
{"timestamp":"2026-09-05T12:54:53.499979Z","level":"info","event":"Partial parse is enabled and the latest partial parse file is /tmp/cosmos/verdanta_stores__dbt_sources/target/partial_parse.msgpack","logger":"cosmos.dbt.graph","filename":"graph.py","lineno":1002}
{"timestamp":"2026-09-05T12:54:53.528274Z","level":"info","event":"Profile caching is enable.","logger":"cosmos.config","filename":"config.py","lineno":399}
{"timestamp":"2026-09-05T12:54:53.528649Z","level":"info","event":"Profile found in cache using profile: /tmp/cosmos/profile/88b0aa12559803c5b3e8b5b0cefa363d35d21cc93574699baf5727c52eda1f13/profiles.yml.","logger":"cosmos.config","filename":"config.py","lineno":379}
{"timestamp":"2026-09-05T12:54:55.252755Z","level":"info","event":"Running command with dbt Runner: `/home/airflow/.local/bin/dbt deps --project-dir /tmp/tmpspvgt7q9 --profiles-dir /tmp/cosmos/profile/88b0aa12559803c5b3e8b5b0cefa363d35d21cc93574699baf5727c52eda1f13 --profile verdanta_project --target dev`","logger":"cosmos.dbt.graph","filename":"graph.py","lineno":361}
{"timestamp":"2026-09-05T12:54:55.253305Z","level":"info","event":"Trying to run dbtRunner with:\n ['deps', '--project-dir', '/tmp/tmpspvgt7q9', '--profiles-dir', '/tmp/cosmos/profile/88b0aa12559803c5b3e8b5b0cefa363d35d21cc93574699baf5727c52eda1f13', '--profile', 'verdanta_project', '--target', 'dev']\n in /tmp/tmpspvgt7q9","logger":"cosmos.dbt.runner","filename":"runner.py","lineno":95}
{"timestamp":"2026-09-05T12:54:55.358610Z","level":"info","event":"\u001b[0m12:54:55  Running with dbt=1.12.0","logger":"task.stdout"}
{"timestamp":"2026-09-05T12:54:55.724365Z","level":"info","event":"\u001b[0m12:54:55  Installing dbt-labs/dbt_utils","logger":"task.stdout"}
{"timestamp":"2026-09-05T12:54:56.169831Z","level":"info","event":"\u001b[0m12:54:56  Installed from version 1.4.1","logger":"task.stdout"}
{"timestamp":"2026-09-05T12:54:56.177515Z","level":"info","event":"\u001b[0m12:54:56  Up to date!","logger":"task.stdout"}
{"timestamp":"2026-09-05T12:54:56.866732Z","level":"info","event":"Running command with dbt Runner: `/home/airflow/.local/bin/dbt ls --output json --output-keys name unique_id resource_type depends_on original_file_path tags config freshness fqn --project-dir /tmp/tmpspvgt7q9 --profiles-dir /tmp/cosmos/profile/88b0aa12559803c5b3e8b5b0cefa363d35d21cc93574699baf5727c52eda1f13 --profile verdanta_project --target dev --select stg_reference_stores+`","logger":"cosmos.dbt.graph","filename":"graph.py","lineno":361}
{"timestamp":"2026-09-05T12:54:56.867017Z","level":"info","event":"Trying to run dbtRunner with:\n ['ls', '--output', 'json', '--output-keys', 'name', 'unique_id', 'resource_type', 'depends_on', 'original_file_path', 'tags', 'config', 'freshness', 'fqn', '--project-dir', '/tmp/tmpspvgt7q9', '--profiles-dir', '/tmp/cosmos/profile/88b0aa12559803c5b3e8b5b0cefa363d35d21cc93574699baf5727c52eda1f13', '--profile', 'verdanta_project', '--target', 'dev', '--select', 'stg_reference_stores+']\n in /tmp/tmpspvgt7q9","logger":"cosmos.dbt.runner","filename":"runner.py","lineno":95}
{"timestamp":"2026-09-05T12:54:56.881002Z","level":"info","event":"\u001b[0m12:54:56  Running with dbt=1.12.0","logger":"task.stdout"}
{"timestamp":"2026-09-05T12:54:58.536789Z","level":"info","event":"\u001b[0m12:54:58  Registered adapter: databricks=1.10.9","logger":"task.stdout"}
{"timestamp":"2026-09-05T12:54:59.712490Z","level":"info","event":"\u001b[0m12:54:59  Found 22 models, 96 data tests, 3 seeds, 2 snapshots, 8 sources, 844 macros","logger":"task.stdout"}
{"timestamp":"2026-09-05T12:54:59.720549Z","level":"info","event":"\u001b[0m12:54:59  [\u001b[33mWARNING\u001b[0m]: The selection criterion 'stg_reference_stores+' does not match any enabled nodes","logger":"task.stdout"}
{"timestamp":"2026-09-05T12:54:59.720874Z","level":"info","event":"\u001b[0m12:54:59  [\u001b[33mWARNING\u001b[0m]: No nodes selected!","logger":"task.stdout"}
{"timestamp":"2026-09-05T12:55:00.621572Z","level":"info","event":"Cosmos performance: time to calculate cache identifier cosmos_cache__verdanta_stores__dbt_sources for current version: 0.13055044799989446","logger":"cosmos.cache","filename":"cache.py","lineno":401}
{"timestamp":"2026-09-05T12:55:00.660578Z","level":"info","event":"Total nodes: 0","logger":"cosmos.dbt.graph","filename":"graph.py","lineno":799}
{"timestamp":"2026-09-05T12:55:00.660761Z","level":"info","event":"Total filtered nodes: 0","logger":"cosmos.dbt.graph","filename":"graph.py","lineno":800}
{"timestamp":"2026-09-05T12:55:00.660855Z","level":"info","event":"Cosmos performance (verdanta_stores__dbt_sources) - [993ed3b2f767|1761]: It took 7.32s to parse the dbt project for DAG using LoadMode.DBT_LS","logger":"cosmos.converter","filename":"converter.py","lineno":371}
{"timestamp":"2026-09-05T12:55:00.662590Z","level":"info","event":"Cosmos performance (verdanta_stores__dbt_sources) - [993ed3b2f767|1761]: It took 0.00172s to build the Airflow DAG.","logger":"cosmos.converter","filename":"converter.py","lineno":423}
{"timestamp":"2026-09-05T12:55:00.662680Z","level":"info","event":"::endgroup::Cosmos DAG parsing logs","logger":"cosmos.converter","filename":"converter.py","lineno":430}
{"timestamp":"2026-09-05T12:55:00.663283Z","level":"warning","event":"Using Variable.get from `airflow.models` is deprecated.Please use `get` on Variable from sdk(`airflow.sdk.Variable`) instead","category":"UserWarning","filename":"/home/airflow/.local/lib/python3.13/site-packages/airflow/models/variable.py","lineno":158,"logger":"py.warnings"}
{"timestamp":"2026-09-05T12:55:00.663372Z","level":"warning","event":"Valid config keys have changed in V2:\n* 'allow_population_by_field_name' has been renamed to 'validate_by_name'","category":"UserWarning","filename":"/home/airflow/.local/lib/python3.13/site-packages/pydantic/_internal/_config.py","lineno":383,"logger":"py.warnings"}
{"timestamp":"2026-09-05T12:55:00.663436Z","level":"warning","event":"Using Variable.set from `airflow.models` is deprecated.Please use `set` on Variable from sdk(`airflow.sdk.Variable`) instead","category":"UserWarning","filename":"/home/airflow/.local/lib/python3.13/site-packages/airflow/models/variable.py","lineno":218,"logger":"py.warnings"}
{"timestamp":"2026-09-05T12:55:30.835318Z","level":"info","event":"Filling up the DagBag from /opt/airflow/dags/verdanta_stores.py","logger":"airflow.dag_processing.dagbag.BundleDagBag","filename":"dagbag.py","lineno":469}
{"timestamp":"2026-09-05T12:55:30.920377Z","level":"info","event":"::group::Cosmos DAG parsing logs","logger":"cosmos.converter","filename":"converter.py","lineno":321}
{"timestamp":"2026-09-05T12:55:30.924444Z","level":"info","event":"Cosmos cache dir resolved to /tmp/cosmos/verdanta_stores__dbt_sources","logger":"cosmos.converter","filename":"converter.py","lineno":346}
{"timestamp":"2026-09-05T12:55:30.924719Z","level":"info","event":"Trying to parse the dbt project using dbt ls cache cosmos_cache__verdanta_stores__dbt_sources...","logger":"cosmos.dbt.graph","filename":"graph.py","lineno":869}
{"timestamp":"2026-09-05T12:55:31.074420Z","level":"info","event":"Cosmos performance: time to calculate cache identifier cosmos_cache__verdanta_stores__dbt_sources for current version: 0.13482092599997486","logger":"cosmos.cache","filename":"cache.py","lineno":401}
{"timestamp":"2026-09-05T12:55:31.074612Z","level":"info","event":"Cosmos performance: Cache miss for cosmos_cache__verdanta_stores__dbt_sources - skipped","logger":"cosmos.dbt.graph","filename":"graph.py","lineno":900}
{"timestamp":"2026-09-05T12:55:31.074827Z","level":"info","event":"Trying to parse the dbt project in `/opt/airflow/dbt/verdanta_project` using dbt ls...","logger":"cosmos.dbt.graph","filename":"graph.py","lineno":983}
{"timestamp":"2026-09-05T12:55:31.094992Z","level":"info","event":"Partial parse is enabled and the latest partial parse file is /tmp/cosmos/verdanta_stores__dbt_sources/target/partial_parse.msgpack","logger":"cosmos.dbt.graph","filename":"graph.py","lineno":1002}
{"timestamp":"2026-09-05T12:55:31.132344Z","level":"info","event":"Profile caching is enable.","logger":"cosmos.config","filename":"config.py","lineno":399}
{"timestamp":"2026-09-05T12:55:31.132693Z","level":"info","event":"Profile found in cache using profile: /tmp/cosmos/profile/88b0aa12559803c5b3e8b5b0cefa363d35d21cc93574699baf5727c52eda1f13/profiles.yml.","logger":"cosmos.config","filename":"config.py","lineno":379}
{"timestamp":"2026-09-05T12:55:32.956558Z","level":"info","event":"Running command with dbt Runner: `/home/airflow/.local/bin/dbt deps --project-dir /tmp/tmpoh_saawr --profiles-dir /tmp/cosmos/profile/88b0aa12559803c5b3e8b5b0cefa363d35d21cc93574699baf5727c52eda1f13 --profile verdanta_project --target dev`","logger":"cosmos.dbt.graph","filename":"graph.py","lineno":361}
{"timestamp":"2026-09-05T12:55:32.957091Z","level":"info","event":"Trying to run dbtRunner with:\n ['deps', '--project-dir', '/tmp/tmpoh_saawr', '--profiles-dir', '/tmp/cosmos/profile/88b0aa12559803c5b3e8b5b0cefa363d35d21cc93574699baf5727c52eda1f13', '--profile', 'verdanta_project', '--target', 'dev']\n in /tmp/tmpoh_saawr","logger":"cosmos.dbt.runner","filename":"runner.py","lineno":95}
{"timestamp":"2026-09-05T12:55:33.054241Z","level":"info","event":"\u001b[0m12:55:33  Running with dbt=1.12.0","logger":"task.stdout"}
{"timestamp":"2026-09-05T12:55:33.522934Z","level":"info","event":"\u001b[0m12:55:33  Installing dbt-labs/dbt_utils","logger":"task.stdout"}
{"timestamp":"2026-09-05T12:55:33.944375Z","level":"info","event":"\u001b[0m12:55:33  Installed from version 1.4.1","logger":"task.stdout"}
{"timestamp":"2026-09-05T12:55:33.951552Z","level":"info","event":"\u001b[0m12:55:33  Up to date!","logger":"task.stdout"}
{"timestamp":"2026-09-05T12:55:34.657062Z","level":"info","event":"Running command with dbt Runner: `/home/airflow/.local/bin/dbt ls --output json --output-keys name unique_id resource_type depends_on original_file_path tags config freshness fqn --project-dir /tmp/tmpoh_saawr --profiles-dir /tmp/cosmos/profile/88b0aa12559803c5b3e8b5b0cefa363d35d21cc93574699baf5727c52eda1f13 --profile verdanta_project --target dev --select stg_reference_stores+`","logger":"cosmos.dbt.graph","filename":"graph.py","lineno":361}
{"timestamp":"2026-09-05T12:55:34.657365Z","level":"info","event":"Trying to run dbtRunner with:\n ['ls', '--output', 'json', '--output-keys', 'name', 'unique_id', 'resource_type', 'depends_on', 'original_file_path', 'tags', 'config', 'freshness', 'fqn', '--project-dir', '/tmp/tmpoh_saawr', '--profiles-dir', '/tmp/cosmos/profile/88b0aa12559803c5b3e8b5b0cefa363d35d21cc93574699baf5727c52eda1f13', '--profile', 'verdanta_project', '--target', 'dev', '--select', 'stg_reference_stores+']\n in /tmp/tmpoh_saawr","logger":"cosmos.dbt.runner","filename":"runner.py","lineno":95}
{"timestamp":"2026-09-05T12:55:34.670436Z","level":"info","event":"\u001b[0m12:55:34  Running with dbt=1.12.0","logger":"task.stdout"}
{"timestamp":"2026-09-05T12:55:36.271022Z","level":"info","event":"\u001b[0m12:55:36  Registered adapter: databricks=1.10.9","logger":"task.stdout"}
{"timestamp":"2026-09-05T12:55:37.372479Z","level":"info","event":"\u001b[0m12:55:37  Found 22 models, 96 data tests, 3 seeds, 2 snapshots, 8 sources, 844 macros","logger":"task.stdout"}
{"timestamp":"2026-09-05T12:55:37.379083Z","level":"info","event":"\u001b[0m12:55:37  [\u001b[33mWARNING\u001b[0m]: The selection criterion 'stg_reference_stores+' does not match any enabled nodes","logger":"task.stdout"}
{"timestamp":"2026-09-05T12:55:37.379441Z","level":"info","event":"\u001b[0m12:55:37  [\u001b[33mWARNING\u001b[0m]: No nodes selected!","logger":"task.stdout"}
{"timestamp":"2026-09-05T12:55:38.254804Z","level":"info","event":"Cosmos performance: time to calculate cache identifier cosmos_cache__verdanta_stores__dbt_sources for current version: 0.12865258300007554","logger":"cosmos.cache","filename":"cache.py","lineno":401}
{"timestamp":"2026-09-05T12:55:38.291495Z","level":"info","event":"Total nodes: 0","logger":"cosmos.dbt.graph","filename":"graph.py","lineno":799}
{"timestamp":"2026-09-05T12:55:38.291651Z","level":"info","event":"Total filtered nodes: 0","logger":"cosmos.dbt.graph","filename":"graph.py","lineno":800}
{"timestamp":"2026-09-05T12:55:38.291760Z","level":"info","event":"Cosmos performance (verdanta_stores__dbt_sources) - [993ed3b2f767|1797]: It took 7.37s to parse the dbt project for DAG using LoadMode.DBT_LS","logger":"cosmos.converter","filename":"converter.py","lineno":371}
{"timestamp":"2026-09-05T12:55:38.294362Z","level":"info","event":"Cosmos performance (verdanta_stores__dbt_sources) - [993ed3b2f767|1797]: It took 0.00261s to build the Airflow DAG.","logger":"cosmos.converter","filename":"converter.py","lineno":423}
{"timestamp":"2026-09-05T12:55:38.294448Z","level":"info","event":"::endgroup::Cosmos DAG parsing logs","logger":"cosmos.converter","filename":"converter.py","lineno":430}
{"timestamp":"2026-09-05T12:55:38.295304Z","level":"warning","event":"Using Variable.get from `airflow.models` is deprecated.Please use `get` on Variable from sdk(`airflow.sdk.Variable`) instead","category":"UserWarning","filename":"/home/airflow/.local/lib/python3.13/site-packages/airflow/models/variable.py","lineno":158,"logger":"py.warnings"}
{"timestamp":"2026-09-05T12:55:38.295386Z","level":"warning","event":"Valid config keys have changed in V2:\n* 'allow_population_by_field_name' has been renamed to 'validate_by_name'","category":"UserWarning","filename":"/home/airflow/.local/lib/python3.13/site-packages/pydantic/_internal/_config.py","lineno":383,"logger":"py.warnings"}
{"timestamp":"2026-09-05T12:55:38.295446Z","level":"warning","event":"Using Variable.set from `airflow.models` is deprecated.Please use `set` on Variable from sdk(`airflow.sdk.Variable`) instead","category":"UserWarning","filename":"/home/airflow/.local/lib/python3.13/site-packages/airflow/models/variable.py","lineno":218,"logger":"py.warnings"}
{"timestamp":"2026-09-05T12:56:02.175318Z","level":"info","event":"Filling up the DagBag from /opt/airflow/dags/verdanta_stores.py","logger":"airflow.dag_processing.dagbag.BundleDagBag","filename":"dagbag.py","lineno":469}
{"timestamp":"2026-09-05T12:56:02.285295Z","level":"info","event":"::group::Cosmos DAG parsing logs","logger":"cosmos.converter","filename":"converter.py","lineno":321}
{"timestamp":"2026-09-05T12:56:02.289499Z","level":"info","event":"Cosmos cache dir resolved to /tmp/cosmos/verdanta_stores__dbt_sources","logger":"cosmos.converter","filename":"converter.py","lineno":346}
{"timestamp":"2026-09-05T12:56:02.289826Z","level":"info","event":"Trying to parse the dbt project using dbt ls cache cosmos_cache__verdanta_stores__dbt_sources...","logger":"cosmos.dbt.graph","filename":"graph.py","lineno":869}
{"timestamp":"2026-09-05T12:56:02.433711Z","level":"info","event":"Cosmos performance: time to calculate cache identifier cosmos_cache__verdanta_stores__dbt_sources for current version: 0.12978698999995686","logger":"cosmos.cache","filename":"cache.py","lineno":401}
{"timestamp":"2026-09-05T12:56:02.433942Z","level":"info","event":"Cosmos performance: Cache miss for cosmos_cache__verdanta_stores__dbt_sources - skipped","logger":"cosmos.dbt.graph","filename":"graph.py","lineno":900}
{"timestamp":"2026-09-05T12:56:02.434100Z","level":"info","event":"Trying to parse the dbt project in `/opt/airflow/dbt/verdanta_project` using dbt ls...","logger":"cosmos.dbt.graph","filename":"graph.py","lineno":983}
{"timestamp":"2026-09-05T12:56:02.448784Z","level":"info","event":"Partial parse is enabled and the latest partial parse file is /tmp/cosmos/verdanta_stores__dbt_sources/target/partial_parse.msgpack","logger":"cosmos.dbt.graph","filename":"graph.py","lineno":1002}
{"timestamp":"2026-09-05T12:56:02.483202Z","level":"info","event":"Profile caching is enable.","logger":"cosmos.config","filename":"config.py","lineno":399}
{"timestamp":"2026-09-05T12:56:02.483539Z","level":"info","event":"Profile found in cache using profile: /tmp/cosmos/profile/88b0aa12559803c5b3e8b5b0cefa363d35d21cc93574699baf5727c52eda1f13/profiles.yml.","logger":"cosmos.config","filename":"config.py","lineno":379}
{"timestamp":"2026-09-05T12:56:04.396060Z","level":"info","event":"Running command with dbt Runner: `/home/airflow/.local/bin/dbt deps --project-dir /tmp/tmpjc86p9uc --profiles-dir /tmp/cosmos/profile/88b0aa12559803c5b3e8b5b0cefa363d35d21cc93574699baf5727c52eda1f13 --profile verdanta_project --target dev`","logger":"cosmos.dbt.graph","filename":"graph.py","lineno":361}
{"timestamp":"2026-09-05T12:56:04.396588Z","level":"info","event":"Trying to run dbtRunner with:\n ['deps', '--project-dir', '/tmp/tmpjc86p9uc', '--profiles-dir', '/tmp/cosmos/profile/88b0aa12559803c5b3e8b5b0cefa363d35d21cc93574699baf5727c52eda1f13', '--profile', 'verdanta_project', '--target', 'dev']\n in /tmp/tmpjc86p9uc","logger":"cosmos.dbt.runner","filename":"runner.py","lineno":95}
{"timestamp":"2026-09-05T12:56:04.500498Z","level":"info","event":"\u001b[0m12:56:04  Running with dbt=1.12.0","logger":"task.stdout"}
{"timestamp":"2026-09-05T12:56:04.868074Z","level":"info","event":"\u001b[0m12:56:04  Installing dbt-labs/dbt_utils","logger":"task.stdout"}
{"timestamp":"2026-09-05T12:56:05.339162Z","level":"info","event":"\u001b[0m12:56:05  Installed from version 1.4.1","logger":"task.stdout"}
{"timestamp":"2026-09-05T12:56:05.347106Z","level":"info","event":"\u001b[0m12:56:05  Up to date!","logger":"task.stdout"}
{"timestamp":"2026-09-05T12:56:06.044277Z","level":"info","event":"Running command with dbt Runner: `/home/airflow/.local/bin/dbt ls --output json --output-keys name unique_id resource_type depends_on original_file_path tags config freshness fqn --project-dir /tmp/tmpjc86p9uc --profiles-dir /tmp/cosmos/profile/88b0aa12559803c5b3e8b5b0cefa363d35d21cc93574699baf5727c52eda1f13 --profile verdanta_project --target dev --select stg_reference_stores+`","logger":"cosmos.dbt.graph","filename":"graph.py","lineno":361}
{"timestamp":"2026-09-05T12:56:06.044569Z","level":"info","event":"Trying to run dbtRunner with:\n ['ls', '--output', 'json', '--output-keys', 'name', 'unique_id', 'resource_type', 'depends_on', 'original_file_path', 'tags', 'config', 'freshness', 'fqn', '--project-dir', '/tmp/tmpjc86p9uc', '--profiles-dir', '/tmp/cosmos/profile/88b0aa12559803c5b3e8b5b0cefa363d35d21cc93574699baf5727c52eda1f13', '--profile', 'verdanta_project', '--target', 'dev', '--select', 'stg_reference_stores+']\n in /tmp/tmpjc86p9uc","logger":"cosmos.dbt.runner","filename":"runner.py","lineno":95}
{"timestamp":"2026-09-05T12:56:06.058091Z","level":"info","event":"\u001b[0m12:56:06  Running with dbt=1.12.0","logger":"task.stdout"}
{"timestamp":"2026-09-05T12:56:07.745158Z","level":"info","event":"\u001b[0m12:56:07  Registered adapter: databricks=1.10.9","logger":"task.stdout"}
{"timestamp":"2026-09-05T12:56:08.864399Z","level":"info","event":"\u001b[0m12:56:08  Found 22 models, 96 data tests, 3 seeds, 2 snapshots, 8 sources, 844 macros","logger":"task.stdout"}
{"timestamp":"2026-09-05T12:56:08.873717Z","level":"info","event":"\u001b[0m12:56:08  [\u001b[33mWARNING\u001b[0m]: The selection criterion 'stg_reference_stores+' does not match any enabled nodes","logger":"task.stdout"}
{"timestamp":"2026-09-05T12:56:08.874012Z","level":"info","event":"\u001b[0m12:56:08  [\u001b[33mWARNING\u001b[0m]: No nodes selected!","logger":"task.stdout"}
{"timestamp":"2026-09-05T12:56:09.767075Z","level":"info","event":"Cosmos performance: time to calculate cache identifier cosmos_cache__verdanta_stores__dbt_sources for current version: 0.13373321400013083","logger":"cosmos.cache","filename":"cache.py","lineno":401}
{"timestamp":"2026-09-05T12:56:09.808884Z","level":"info","event":"Total nodes: 0","logger":"cosmos.dbt.graph","filename":"graph.py","lineno":799}
{"timestamp":"2026-09-05T12:56:09.809121Z","level":"info","event":"Total filtered nodes: 0","logger":"cosmos.dbt.graph","filename":"graph.py","lineno":800}
{"timestamp":"2026-09-05T12:56:09.809286Z","level":"info","event":"Cosmos performance (verdanta_stores__dbt_sources) - [993ed3b2f767|1833]: It took 7.52s to parse the dbt project for DAG using LoadMode.DBT_LS","logger":"cosmos.converter","filename":"converter.py","lineno":371}
{"timestamp":"2026-09-05T12:56:09.811600Z","level":"info","event":"Cosmos performance (verdanta_stores__dbt_sources) - [993ed3b2f767|1833]: It took 0.00229s to build the Airflow DAG.","logger":"cosmos.converter","filename":"converter.py","lineno":423}
{"timestamp":"2026-09-05T12:56:09.811728Z","level":"info","event":"::endgroup::Cosmos DAG parsing logs","logger":"cosmos.converter","filename":"converter.py","lineno":430}
{"timestamp":"2026-09-05T12:56:09.812538Z","level":"warning","event":"Using Variable.get from `airflow.models` is deprecated.Please use `get` on Variable from sdk(`airflow.sdk.Variable`) instead","category":"UserWarning","filename":"/home/airflow/.local/lib/python3.13/site-packages/airflow/models/variable.py","lineno":158,"logger":"py.warnings"}
{"timestamp":"2026-09-05T12:56:09.812635Z","level":"warning","event":"Valid config keys have changed in V2:\n* 'allow_population_by_field_name' has been renamed to 'validate_by_name'","category":"UserWarning","filename":"/home/airflow/.local/lib/python3.13/site-packages/pydantic/_internal/_config.py","lineno":383,"logger":"py.warnings"}
{"timestamp":"2026-09-05T12:56:09.812699Z","level":"warning","event":"Using Variable.set from `airflow.models` is deprecated.Please use `set` on Variable from sdk(`airflow.sdk.Variable`) instead","category":"UserWarning","filename":"/home/airflow/.local/lib/python3.13/site-packages/airflow/models/variable.py","lineno":218,"logger":"py.warnings"}
{"timestamp":"2026-09-05T12:56:40.676612Z","level":"info","event":"Filling up the DagBag from /opt/airflow/dags/verdanta_stores.py","logger":"airflow.dag_processing.dagbag.BundleDagBag","filename":"dagbag.py","lineno":469}
{"timestamp":"2026-09-05T12:56:40.745157Z","level":"info","event":"::group::Cosmos DAG parsing logs","logger":"cosmos.converter","filename":"converter.py","lineno":321}
{"timestamp":"2026-09-05T12:56:40.748692Z","level":"info","event":"Cosmos cache dir resolved to /tmp/cosmos/verdanta_stores__dbt_sources","logger":"cosmos.converter","filename":"converter.py","lineno":346}
{"timestamp":"2026-09-05T12:56:40.748884Z","level":"info","event":"Trying to parse the dbt project using dbt ls cache cosmos_cache__verdanta_stores__dbt_sources...","logger":"cosmos.dbt.graph","filename":"graph.py","lineno":869}
{"timestamp":"2026-09-05T12:56:40.890840Z","level":"info","event":"Cosmos performance: time to calculate cache identifier cosmos_cache__verdanta_stores__dbt_sources for current version: 0.1283447900000283","logger":"cosmos.cache","filename":"cache.py","lineno":401}
{"timestamp":"2026-09-05T12:56:40.891025Z","level":"info","event":"Cosmos performance: Cache miss for cosmos_cache__verdanta_stores__dbt_sources - skipped","logger":"cosmos.dbt.graph","filename":"graph.py","lineno":900}
{"timestamp":"2026-09-05T12:56:40.891172Z","level":"info","event":"Trying to parse the dbt project in `/opt/airflow/dbt/verdanta_project` using dbt ls...","logger":"cosmos.dbt.graph","filename":"graph.py","lineno":983}
{"timestamp":"2026-09-05T12:56:40.905289Z","level":"info","event":"Partial parse is enabled and the latest partial parse file is /tmp/cosmos/verdanta_stores__dbt_sources/target/partial_parse.msgpack","logger":"cosmos.dbt.graph","filename":"graph.py","lineno":1002}
{"timestamp":"2026-09-05T12:56:40.940614Z","level":"info","event":"Profile caching is enable.","logger":"cosmos.config","filename":"config.py","lineno":399}
{"timestamp":"2026-09-05T12:56:40.941033Z","level":"info","event":"Profile found in cache using profile: /tmp/cosmos/profile/88b0aa12559803c5b3e8b5b0cefa363d35d21cc93574699baf5727c52eda1f13/profiles.yml.","logger":"cosmos.config","filename":"config.py","lineno":379}
{"timestamp":"2026-09-05T12:56:42.616252Z","level":"info","event":"Running command with dbt Runner: `/home/airflow/.local/bin/dbt deps --project-dir /tmp/tmpvavxr2c2 --profiles-dir /tmp/cosmos/profile/88b0aa12559803c5b3e8b5b0cefa363d35d21cc93574699baf5727c52eda1f13 --profile verdanta_project --target dev`","logger":"cosmos.dbt.graph","filename":"graph.py","lineno":361}
{"timestamp":"2026-09-05T12:56:42.616688Z","level":"info","event":"Trying to run dbtRunner with:\n ['deps', '--project-dir', '/tmp/tmpvavxr2c2', '--profiles-dir', '/tmp/cosmos/profile/88b0aa12559803c5b3e8b5b0cefa363d35d21cc93574699baf5727c52eda1f13', '--profile', 'verdanta_project', '--target', 'dev']\n in /tmp/tmpvavxr2c2","logger":"cosmos.dbt.runner","filename":"runner.py","lineno":95}
{"timestamp":"2026-09-05T12:56:42.732096Z","level":"info","event":"\u001b[0m12:56:42  Running with dbt=1.12.0","logger":"task.stdout"}
{"timestamp":"2026-09-05T12:56:43.201560Z","level":"info","event":"\u001b[0m12:56:43  Installing dbt-labs/dbt_utils","logger":"task.stdout"}
{"timestamp":"2026-09-05T12:56:43.662271Z","level":"info","event":"\u001b[0m12:56:43  Installed from version 1.4.1","logger":"task.stdout"}
{"timestamp":"2026-09-05T12:56:43.682254Z","level":"info","event":"\u001b[0m12:56:43  Up to date!","logger":"task.stdout"}
{"timestamp":"2026-09-05T12:56:44.416096Z","level":"info","event":"Running command with dbt Runner: `/home/airflow/.local/bin/dbt ls --output json --output-keys name unique_id resource_type depends_on original_file_path tags config freshness fqn --project-dir /tmp/tmpvavxr2c2 --profiles-dir /tmp/cosmos/profile/88b0aa12559803c5b3e8b5b0cefa363d35d21cc93574699baf5727c52eda1f13 --profile verdanta_project --target dev --select stg_reference_stores+`","logger":"cosmos.dbt.graph","filename":"graph.py","lineno":361}
{"timestamp":"2026-09-05T12:56:44.416413Z","level":"info","event":"Trying to run dbtRunner with:\n ['ls', '--output', 'json', '--output-keys', 'name', 'unique_id', 'resource_type', 'depends_on', 'original_file_path', 'tags', 'config', 'freshness', 'fqn', '--project-dir', '/tmp/tmpvavxr2c2', '--profiles-dir', '/tmp/cosmos/profile/88b0aa12559803c5b3e8b5b0cefa363d35d21cc93574699baf5727c52eda1f13', '--profile', 'verdanta_project', '--target', 'dev', '--select', 'stg_reference_stores+']\n in /tmp/tmpvavxr2c2","logger":"cosmos.dbt.runner","filename":"runner.py","lineno":95}
{"timestamp":"2026-09-05T12:56:44.425644Z","level":"info","event":"\u001b[0m12:56:44  Running with dbt=1.12.0","logger":"task.stdout"}
{"timestamp":"2026-09-05T12:56:46.133727Z","level":"info","event":"\u001b[0m12:56:46  Registered adapter: databricks=1.10.9","logger":"task.stdout"}
{"timestamp":"2026-09-05T12:56:47.344356Z","level":"info","event":"\u001b[0m12:56:47  Found 22 models, 96 data tests, 3 seeds, 2 snapshots, 8 sources, 844 macros","logger":"task.stdout"}
{"timestamp":"2026-09-05T12:56:47.352811Z","level":"info","event":"\u001b[0m12:56:47  [\u001b[33mWARNING\u001b[0m]: The selection criterion 'stg_reference_stores+' does not match any enabled nodes","logger":"task.stdout"}
{"timestamp":"2026-09-05T12:56:47.353133Z","level":"info","event":"\u001b[0m12:56:47  [\u001b[33mWARNING\u001b[0m]: No nodes selected!","logger":"task.stdout"}
{"timestamp":"2026-09-05T12:56:48.278858Z","level":"info","event":"Cosmos performance: time to calculate cache identifier cosmos_cache__verdanta_stores__dbt_sources for current version: 0.13860936599985507","logger":"cosmos.cache","filename":"cache.py","lineno":401}
{"timestamp":"2026-09-05T12:56:48.319932Z","level":"info","event":"Total nodes: 0","logger":"cosmos.dbt.graph","filename":"graph.py","lineno":799}
{"timestamp":"2026-09-05T12:56:48.320108Z","level":"info","event":"Total filtered nodes: 0","logger":"cosmos.dbt.graph","filename":"graph.py","lineno":800}
{"timestamp":"2026-09-05T12:56:48.320201Z","level":"info","event":"Cosmos performance (verdanta_stores__dbt_sources) - [993ed3b2f767|1869]: It took 7.57s to parse the dbt project for DAG using LoadMode.DBT_LS","logger":"cosmos.converter","filename":"converter.py","lineno":371}
{"timestamp":"2026-09-05T12:56:48.322200Z","level":"info","event":"Cosmos performance (verdanta_stores__dbt_sources) - [993ed3b2f767|1869]: It took 0.00198s to build the Airflow DAG.","logger":"cosmos.converter","filename":"converter.py","lineno":423}
{"timestamp":"2026-09-05T12:56:48.322298Z","level":"info","event":"::endgroup::Cosmos DAG parsing logs","logger":"cosmos.converter","filename":"converter.py","lineno":430}
{"timestamp":"2026-09-05T12:56:48.322893Z","level":"warning","event":"Using Variable.get from `airflow.models` is deprecated.Please use `get` on Variable from sdk(`airflow.sdk.Variable`) instead","category":"UserWarning","filename":"/home/airflow/.local/lib/python3.13/site-packages/airflow/models/variable.py","lineno":158,"logger":"py.warnings"}
{"timestamp":"2026-09-05T12:56:48.322981Z","level":"warning","event":"Valid config keys have changed in V2:\n* 'allow_population_by_field_name' has been renamed to 'validate_by_name'","category":"UserWarning","filename":"/home/airflow/.local/lib/python3.13/site-packages/pydantic/_internal/_config.py","lineno":383,"logger":"py.warnings"}
{"timestamp":"2026-09-05T12:56:48.323045Z","level":"warning","event":"Using Variable.set from `airflow.models` is deprecated.Please use `set` on Variable from sdk(`airflow.sdk.Variable`) instead","category":"UserWarning","filename":"/home/airflow/.local/lib/python3.13/site-packages/airflow/models/variable.py","lineno":218,"logger":"py.warnings"}
{"timestamp":"2026-09-05T12:57:19.191064Z","level":"info","event":"Filling up the DagBag from /opt/airflow/dags/verdanta_stores.py","logger":"airflow.dag_processing.dagbag.BundleDagBag","filename":"dagbag.py","lineno":469}
{"timestamp":"2026-09-05T12:57:19.273120Z","level":"info","event":"::group::Cosmos DAG parsing logs","logger":"cosmos.converter","filename":"converter.py","lineno":321}
{"timestamp":"2026-09-05T12:57:19.276312Z","level":"info","event":"Cosmos cache dir resolved to /tmp/cosmos/verdanta_stores__dbt_sources","logger":"cosmos.converter","filename":"converter.py","lineno":346}
{"timestamp":"2026-09-05T12:57:19.276523Z","level":"info","event":"Trying to parse the dbt project using dbt ls cache cosmos_cache__verdanta_stores__dbt_sources...","logger":"cosmos.dbt.graph","filename":"graph.py","lineno":869}
{"timestamp":"2026-09-05T12:57:19.429888Z","level":"info","event":"Cosmos performance: time to calculate cache identifier cosmos_cache__verdanta_stores__dbt_sources for current version: 0.13651441399997566","logger":"cosmos.cache","filename":"cache.py","lineno":401}
{"timestamp":"2026-09-05T12:57:19.430080Z","level":"info","event":"Cosmos performance: Cache miss for cosmos_cache__verdanta_stores__dbt_sources - skipped","logger":"cosmos.dbt.graph","filename":"graph.py","lineno":900}
{"timestamp":"2026-09-05T12:57:19.430245Z","level":"info","event":"Trying to parse the dbt project in `/opt/airflow/dbt/verdanta_project` using dbt ls...","logger":"cosmos.dbt.graph","filename":"graph.py","lineno":983}
{"timestamp":"2026-09-05T12:57:19.445146Z","level":"info","event":"Partial parse is enabled and the latest partial parse file is /tmp/cosmos/verdanta_stores__dbt_sources/target/partial_parse.msgpack","logger":"cosmos.dbt.graph","filename":"graph.py","lineno":1002}
{"timestamp":"2026-09-05T12:57:19.476082Z","level":"info","event":"Profile caching is enable.","logger":"cosmos.config","filename":"config.py","lineno":399}
{"timestamp":"2026-09-05T12:57:19.476411Z","level":"info","event":"Profile found in cache using profile: /tmp/cosmos/profile/88b0aa12559803c5b3e8b5b0cefa363d35d21cc93574699baf5727c52eda1f13/profiles.yml.","logger":"cosmos.config","filename":"config.py","lineno":379}
{"timestamp":"2026-09-05T12:57:21.693642Z","level":"info","event":"Running command with dbt Runner: `/home/airflow/.local/bin/dbt deps --project-dir /tmp/tmpi00ew94s --profiles-dir /tmp/cosmos/profile/88b0aa12559803c5b3e8b5b0cefa363d35d21cc93574699baf5727c52eda1f13 --profile verdanta_project --target dev`","logger":"cosmos.dbt.graph","filename":"graph.py","lineno":361}
{"timestamp":"2026-09-05T12:57:21.694254Z","level":"info","event":"Trying to run dbtRunner with:\n ['deps', '--project-dir', '/tmp/tmpi00ew94s', '--profiles-dir', '/tmp/cosmos/profile/88b0aa12559803c5b3e8b5b0cefa363d35d21cc93574699baf5727c52eda1f13', '--profile', 'verdanta_project', '--target', 'dev']\n in /tmp/tmpi00ew94s","logger":"cosmos.dbt.runner","filename":"runner.py","lineno":95}
{"timestamp":"2026-09-05T12:57:21.795425Z","level":"info","event":"\u001b[0m12:57:21  Running with dbt=1.12.0","logger":"task.stdout"}
{"timestamp":"2026-09-05T12:57:22.147596Z","level":"info","event":"\u001b[0m12:57:22  Installing dbt-labs/dbt_utils","logger":"task.stdout"}
{"timestamp":"2026-09-05T12:57:22.615577Z","level":"info","event":"\u001b[0m12:57:22  Installed from version 1.4.1","logger":"task.stdout"}
{"timestamp":"2026-09-05T12:57:22.624956Z","level":"info","event":"\u001b[0m12:57:22  Up to date!","logger":"task.stdout"}
{"timestamp":"2026-09-05T12:57:23.338424Z","level":"info","event":"Running command with dbt Runner: `/home/airflow/.local/bin/dbt ls --output json --output-keys name unique_id resource_type depends_on original_file_path tags config freshness fqn --project-dir /tmp/tmpi00ew94s --profiles-dir /tmp/cosmos/profile/88b0aa12559803c5b3e8b5b0cefa363d35d21cc93574699baf5727c52eda1f13 --profile verdanta_project --target dev --select stg_reference_stores+`","logger":"cosmos.dbt.graph","filename":"graph.py","lineno":361}
{"timestamp":"2026-09-05T12:57:23.338720Z","level":"info","event":"Trying to run dbtRunner with:\n ['ls', '--output', 'json', '--output-keys', 'name', 'unique_id', 'resource_type', 'depends_on', 'original_file_path', 'tags', 'config', 'freshness', 'fqn', '--project-dir', '/tmp/tmpi00ew94s', '--profiles-dir', '/tmp/cosmos/profile/88b0aa12559803c5b3e8b5b0cefa363d35d21cc93574699baf5727c52eda1f13', '--profile', 'verdanta_project', '--target', 'dev', '--select', 'stg_reference_stores+']\n in /tmp/tmpi00ew94s","logger":"cosmos.dbt.runner","filename":"runner.py","lineno":95}
{"timestamp":"2026-09-05T12:57:23.364619Z","level":"info","event":"\u001b[0m12:57:23  Running with dbt=1.12.0","logger":"task.stdout"}
{"timestamp":"2026-09-05T12:57:24.962875Z","level":"info","event":"\u001b[0m12:57:24  Registered adapter: databricks=1.10.9","logger":"task.stdout"}
{"timestamp":"2026-09-05T12:57:26.197589Z","level":"info","event":"\u001b[0m12:57:26  Found 22 models, 96 data tests, 3 seeds, 2 snapshots, 8 sources, 844 macros","logger":"task.stdout"}
{"timestamp":"2026-09-05T12:57:26.197901Z","level":"info","event":"\u001b[0m12:57:26  [\u001b[33mWARNING\u001b[0m]: The selection criterion 'stg_reference_stores+' does not match any enabled nodes","logger":"task.stdout"}
{"timestamp":"2026-09-05T12:57:26.198185Z","level":"info","event":"\u001b[0m12:57:26  [\u001b[33mWARNING\u001b[0m]: No nodes selected!","logger":"task.stdout"}
{"timestamp":"2026-09-05T12:57:27.081708Z","level":"info","event":"Cosmos performance: time to calculate cache identifier cosmos_cache__verdanta_stores__dbt_sources for current version: 0.1283979879999606","logger":"cosmos.cache","filename":"cache.py","lineno":401}
{"timestamp":"2026-09-05T12:57:27.119622Z","level":"info","event":"Total nodes: 0","logger":"cosmos.dbt.graph","filename":"graph.py","lineno":799}
{"timestamp":"2026-09-05T12:57:27.119799Z","level":"info","event":"Total filtered nodes: 0","logger":"cosmos.dbt.graph","filename":"graph.py","lineno":800}
{"timestamp":"2026-09-05T12:57:27.119899Z","level":"info","event":"Cosmos performance (verdanta_stores__dbt_sources) - [993ed3b2f767|1905]: It took 7.84s to parse the dbt project for DAG using LoadMode.DBT_LS","logger":"cosmos.converter","filename":"converter.py","lineno":371}
{"timestamp":"2026-09-05T12:57:27.122129Z","level":"info","event":"Cosmos performance (verdanta_stores__dbt_sources) - [993ed3b2f767|1905]: It took 0.0022s to build the Airflow DAG.","logger":"cosmos.converter","filename":"converter.py","lineno":423}
{"timestamp":"2026-09-05T12:57:27.122229Z","level":"info","event":"::endgroup::Cosmos DAG parsing logs","logger":"cosmos.converter","filename":"converter.py","lineno":430}
{"timestamp":"2026-09-05T12:57:27.123169Z","level":"warning","event":"Using Variable.get from `airflow.models` is deprecated.Please use `get` on Variable from sdk(`airflow.sdk.Variable`) instead","category":"UserWarning","filename":"/home/airflow/.local/lib/python3.13/site-packages/airflow/models/variable.py","lineno":158,"logger":"py.warnings"}
{"timestamp":"2026-09-05T12:57:27.123274Z","level":"warning","event":"Valid config keys have changed in V2:\n* 'allow_population_by_field_name' has been renamed to 'validate_by_name'","category":"UserWarning","filename":"/home/airflow/.local/lib/python3.13/site-packages/pydantic/_internal/_config.py","lineno":383,"logger":"py.warnings"}
{"timestamp":"2026-09-05T12:57:27.123338Z","level":"warning","event":"Using Variable.set from `airflow.models` is deprecated.Please use `set` on Variable from sdk(`airflow.sdk.Variable`) instead","category":"UserWarning","filename":"/home/airflow/.local/lib/python3.13/site-packages/airflow/models/variable.py","lineno":218,"logger":"py.warnings"}
{"timestamp":"2026-09-05T12:57:57.933588Z","level":"info","event":"Filling up the DagBag from /opt/airflow/dags/verdanta_stores.py","logger":"airflow.dag_processing.dagbag.BundleDagBag","filename":"dagbag.py","lineno":469}
{"timestamp":"2026-09-05T12:57:57.998303Z","level":"info","event":"::group::Cosmos DAG parsing logs","logger":"cosmos.converter","filename":"converter.py","lineno":321}
{"timestamp":"2026-09-05T12:57:58.001558Z","level":"info","event":"Cosmos cache dir resolved to /tmp/cosmos/verdanta_stores__dbt_sources","logger":"cosmos.converter","filename":"converter.py","lineno":346}
{"timestamp":"2026-09-05T12:57:58.001768Z","level":"info","event":"Trying to parse the dbt project using dbt ls cache cosmos_cache__verdanta_stores__dbt_sources...","logger":"cosmos.dbt.graph","filename":"graph.py","lineno":869}
{"timestamp":"2026-09-05T12:57:58.146455Z","level":"info","event":"Cosmos performance: time to calculate cache identifier cosmos_cache__verdanta_stores__dbt_sources for current version: 0.12963026200009153","logger":"cosmos.cache","filename":"cache.py","lineno":401}
{"timestamp":"2026-09-05T12:57:58.146639Z","level":"info","event":"Cosmos performance: Cache miss for cosmos_cache__verdanta_stores__dbt_sources - skipped","logger":"cosmos.dbt.graph","filename":"graph.py","lineno":900}
{"timestamp":"2026-09-05T12:57:58.146773Z","level":"info","event":"Trying to parse the dbt project in `/opt/airflow/dbt/verdanta_project` using dbt ls...","logger":"cosmos.dbt.graph","filename":"graph.py","lineno":983}
{"timestamp":"2026-09-05T12:57:58.159613Z","level":"info","event":"Partial parse is enabled and the latest partial parse file is /tmp/cosmos/verdanta_stores__dbt_sources/target/partial_parse.msgpack","logger":"cosmos.dbt.graph","filename":"graph.py","lineno":1002}
{"timestamp":"2026-09-05T12:57:58.185771Z","level":"info","event":"Profile caching is enable.","logger":"cosmos.config","filename":"config.py","lineno":399}
{"timestamp":"2026-09-05T12:57:58.186115Z","level":"info","event":"Profile found in cache using profile: /tmp/cosmos/profile/88b0aa12559803c5b3e8b5b0cefa363d35d21cc93574699baf5727c52eda1f13/profiles.yml.","logger":"cosmos.config","filename":"config.py","lineno":379}
{"timestamp":"2026-09-05T12:57:59.769682Z","level":"info","event":"Running command with dbt Runner: `/home/airflow/.local/bin/dbt deps --project-dir /tmp/tmpxqodx1s2 --profiles-dir /tmp/cosmos/profile/88b0aa12559803c5b3e8b5b0cefa363d35d21cc93574699baf5727c52eda1f13 --profile verdanta_project --target dev`","logger":"cosmos.dbt.graph","filename":"graph.py","lineno":361}
{"timestamp":"2026-09-05T12:57:59.770045Z","level":"info","event":"Trying to run dbtRunner with:\n ['deps', '--project-dir', '/tmp/tmpxqodx1s2', '--profiles-dir', '/tmp/cosmos/profile/88b0aa12559803c5b3e8b5b0cefa363d35d21cc93574699baf5727c52eda1f13', '--profile', 'verdanta_project', '--target', 'dev']\n in /tmp/tmpxqodx1s2","logger":"cosmos.dbt.runner","filename":"runner.py","lineno":95}
{"timestamp":"2026-09-05T12:57:59.857936Z","level":"info","event":"\u001b[0m12:57:59  Running with dbt=1.12.0","logger":"task.stdout"}
{"timestamp":"2026-09-05T12:58:00.269016Z","level":"info","event":"\u001b[0m12:58:00  Installing dbt-labs/dbt_utils","logger":"task.stdout"}
{"timestamp":"2026-09-05T12:58:00.751545Z","level":"info","event":"\u001b[0m12:58:00  Installed from version 1.4.1","logger":"task.stdout"}
{"timestamp":"2026-09-05T12:58:00.758818Z","level":"info","event":"\u001b[0m12:58:00  Up to date!","logger":"task.stdout"}
{"timestamp":"2026-09-05T12:58:01.472087Z","level":"info","event":"Running command with dbt Runner: `/home/airflow/.local/bin/dbt ls --output json --output-keys name unique_id resource_type depends_on original_file_path tags config freshness fqn --project-dir /tmp/tmpxqodx1s2 --profiles-dir /tmp/cosmos/profile/88b0aa12559803c5b3e8b5b0cefa363d35d21cc93574699baf5727c52eda1f13 --profile verdanta_project --target dev --select stg_reference_stores+`","logger":"cosmos.dbt.graph","filename":"graph.py","lineno":361}
{"timestamp":"2026-09-05T12:58:01.472372Z","level":"info","event":"Trying to run dbtRunner with:\n ['ls', '--output', 'json', '--output-keys', 'name', 'unique_id', 'resource_type', 'depends_on', 'original_file_path', 'tags', 'config', 'freshness', 'fqn', '--project-dir', '/tmp/tmpxqodx1s2', '--profiles-dir', '/tmp/cosmos/profile/88b0aa12559803c5b3e8b5b0cefa363d35d21cc93574699baf5727c52eda1f13', '--profile', 'verdanta_project', '--target', 'dev', '--select', 'stg_reference_stores+']\n in /tmp/tmpxqodx1s2","logger":"cosmos.dbt.runner","filename":"runner.py","lineno":95}
{"timestamp":"2026-09-05T12:58:01.485476Z","level":"info","event":"\u001b[0m12:58:01  Running with dbt=1.12.0","logger":"task.stdout"}
{"timestamp":"2026-09-05T12:58:03.080194Z","level":"info","event":"\u001b[0m12:58:03  Registered adapter: databricks=1.10.9","logger":"task.stdout"}
{"timestamp":"2026-09-05T12:58:04.148425Z","level":"info","event":"\u001b[0m12:58:04  Found 22 models, 96 data tests, 3 seeds, 2 snapshots, 8 sources, 844 macros","logger":"task.stdout"}
{"timestamp":"2026-09-05T12:58:04.156846Z","level":"info","event":"\u001b[0m12:58:04  [\u001b[33mWARNING\u001b[0m]: The selection criterion 'stg_reference_stores+' does not match any enabled nodes","logger":"task.stdout"}
{"timestamp":"2026-09-05T12:58:04.157196Z","level":"info","event":"\u001b[0m12:58:04  [\u001b[33mWARNING\u001b[0m]: No nodes selected!","logger":"task.stdout"}
{"timestamp":"2026-09-05T12:58:05.030478Z","level":"info","event":"Cosmos performance: time to calculate cache identifier cosmos_cache__verdanta_stores__dbt_sources for current version: 0.13226177299998199","logger":"cosmos.cache","filename":"cache.py","lineno":401}
{"timestamp":"2026-09-05T12:58:05.070407Z","level":"info","event":"Total nodes: 0","logger":"cosmos.dbt.graph","filename":"graph.py","lineno":799}
{"timestamp":"2026-09-05T12:58:05.070628Z","level":"info","event":"Total filtered nodes: 0","logger":"cosmos.dbt.graph","filename":"graph.py","lineno":800}
{"timestamp":"2026-09-05T12:58:05.070767Z","level":"info","event":"Cosmos performance (verdanta_stores__dbt_sources) - [993ed3b2f767|1955]: It took 7.07s to parse the dbt project for DAG using LoadMode.DBT_LS","logger":"cosmos.converter","filename":"converter.py","lineno":371}
{"timestamp":"2026-09-05T12:58:05.073517Z","level":"info","event":"Cosmos performance (verdanta_stores__dbt_sources) - [993ed3b2f767|1955]: It took 0.00267s to build the Airflow DAG.","logger":"cosmos.converter","filename":"converter.py","lineno":423}
{"timestamp":"2026-09-05T12:58:05.073690Z","level":"info","event":"::endgroup::Cosmos DAG parsing logs","logger":"cosmos.converter","filename":"converter.py","lineno":430}
{"timestamp":"2026-09-05T12:58:05.074410Z","level":"warning","event":"Using Variable.get from `airflow.models` is deprecated.Please use `get` on Variable from sdk(`airflow.sdk.Variable`) instead","category":"UserWarning","filename":"/home/airflow/.local/lib/python3.13/site-packages/airflow/models/variable.py","lineno":158,"logger":"py.warnings"}
{"timestamp":"2026-09-05T12:58:05.074493Z","level":"warning","event":"Valid config keys have changed in V2:\n* 'allow_population_by_field_name' has been renamed to 'validate_by_name'","category":"UserWarning","filename":"/home/airflow/.local/lib/python3.13/site-packages/pydantic/_internal/_config.py","lineno":383,"logger":"py.warnings"}
{"timestamp":"2026-09-05T12:58:05.074555Z","level":"warning","event":"Using Variable.set from `airflow.models` is deprecated.Please use `set` on Variable from sdk(`airflow.sdk.Variable`) instead","category":"UserWarning","filename":"/home/airflow/.local/lib/python3.13/site-packages/airflow/models/variable.py","lineno":218,"logger":"py.warnings"}
{"timestamp":"2026-09-05T12:58:35.824161Z","level":"info","event":"Filling up the DagBag from /opt/airflow/dags/verdanta_stores.py","logger":"airflow.dag_processing.dagbag.BundleDagBag","filename":"dagbag.py","lineno":469}
{"timestamp":"2026-09-05T12:58:35.889575Z","level":"info","event":"::group::Cosmos DAG parsing logs","logger":"cosmos.converter","filename":"converter.py","lineno":321}
{"timestamp":"2026-09-05T12:58:35.892729Z","level":"info","event":"Cosmos cache dir resolved to /tmp/cosmos/verdanta_stores__dbt_sources","logger":"cosmos.converter","filename":"converter.py","lineno":346}
{"timestamp":"2026-09-05T12:58:35.892924Z","level":"info","event":"Trying to parse the dbt project using dbt ls cache cosmos_cache__verdanta_stores__dbt_sources...","logger":"cosmos.dbt.graph","filename":"graph.py","lineno":869}
{"timestamp":"2026-09-05T12:58:36.032676Z","level":"info","event":"Cosmos performance: time to calculate cache identifier cosmos_cache__verdanta_stores__dbt_sources for current version: 0.12541107299989562","logger":"cosmos.cache","filename":"cache.py","lineno":401}
{"timestamp":"2026-09-05T12:58:36.032850Z","level":"info","event":"Cosmos performance: Cache miss for cosmos_cache__verdanta_stores__dbt_sources - skipped","logger":"cosmos.dbt.graph","filename":"graph.py","lineno":900}
{"timestamp":"2026-09-05T12:58:36.033006Z","level":"info","event":"Trying to parse the dbt project in `/opt/airflow/dbt/verdanta_project` using dbt ls...","logger":"cosmos.dbt.graph","filename":"graph.py","lineno":983}
{"timestamp":"2026-09-05T12:58:36.046291Z","level":"info","event":"Partial parse is enabled and the latest partial parse file is /tmp/cosmos/verdanta_stores__dbt_sources/target/partial_parse.msgpack","logger":"cosmos.dbt.graph","filename":"graph.py","lineno":1002}
{"timestamp":"2026-09-05T12:58:36.070424Z","level":"info","event":"Profile caching is enable.","logger":"cosmos.config","filename":"config.py","lineno":399}
{"timestamp":"2026-09-05T12:58:36.070774Z","level":"info","event":"Profile found in cache using profile: /tmp/cosmos/profile/88b0aa12559803c5b3e8b5b0cefa363d35d21cc93574699baf5727c52eda1f13/profiles.yml.","logger":"cosmos.config","filename":"config.py","lineno":379}
{"timestamp":"2026-09-05T12:58:37.728161Z","level":"info","event":"Running command with dbt Runner: `/home/airflow/.local/bin/dbt deps --project-dir /tmp/tmpfqrgpdcz --profiles-dir /tmp/cosmos/profile/88b0aa12559803c5b3e8b5b0cefa363d35d21cc93574699baf5727c52eda1f13 --profile verdanta_project --target dev`","logger":"cosmos.dbt.graph","filename":"graph.py","lineno":361}
{"timestamp":"2026-09-05T12:58:37.728555Z","level":"info","event":"Trying to run dbtRunner with:\n ['deps', '--project-dir', '/tmp/tmpfqrgpdcz', '--profiles-dir', '/tmp/cosmos/profile/88b0aa12559803c5b3e8b5b0cefa363d35d21cc93574699baf5727c52eda1f13', '--profile', 'verdanta_project', '--target', 'dev']\n in /tmp/tmpfqrgpdcz","logger":"cosmos.dbt.runner","filename":"runner.py","lineno":95}
{"timestamp":"2026-09-05T12:58:37.820940Z","level":"info","event":"\u001b[0m12:58:37  Running with dbt=1.12.0","logger":"task.stdout"}
{"timestamp":"2026-09-05T12:58:38.234485Z","level":"info","event":"\u001b[0m12:58:38  Installing dbt-labs/dbt_utils","logger":"task.stdout"}
{"timestamp":"2026-09-05T12:58:38.704045Z","level":"info","event":"\u001b[0m12:58:38  Installed from version 1.4.1","logger":"task.stdout"}
{"timestamp":"2026-09-05T12:58:38.711358Z","level":"info","event":"\u001b[0m12:58:38  Up to date!","logger":"task.stdout"}
{"timestamp":"2026-09-05T12:58:39.393274Z","level":"info","event":"Running command with dbt Runner: `/home/airflow/.local/bin/dbt ls --output json --output-keys name unique_id resource_type depends_on original_file_path tags config freshness fqn --project-dir /tmp/tmpfqrgpdcz --profiles-dir /tmp/cosmos/profile/88b0aa12559803c5b3e8b5b0cefa363d35d21cc93574699baf5727c52eda1f13 --profile verdanta_project --target dev --select stg_reference_stores+`","logger":"cosmos.dbt.graph","filename":"graph.py","lineno":361}
{"timestamp":"2026-09-05T12:58:39.393554Z","level":"info","event":"Trying to run dbtRunner with:\n ['ls', '--output', 'json', '--output-keys', 'name', 'unique_id', 'resource_type', 'depends_on', 'original_file_path', 'tags', 'config', 'freshness', 'fqn', '--project-dir', '/tmp/tmpfqrgpdcz', '--profiles-dir', '/tmp/cosmos/profile/88b0aa12559803c5b3e8b5b0cefa363d35d21cc93574699baf5727c52eda1f13', '--profile', 'verdanta_project', '--target', 'dev', '--select', 'stg_reference_stores+']\n in /tmp/tmpfqrgpdcz","logger":"cosmos.dbt.runner","filename":"runner.py","lineno":95}
{"timestamp":"2026-09-05T12:58:39.406737Z","level":"info","event":"\u001b[0m12:58:39  Running with dbt=1.12.0","logger":"task.stdout"}
{"timestamp":"2026-09-05T12:58:40.989147Z","level":"info","event":"\u001b[0m12:58:40  Registered adapter: databricks=1.10.9","logger":"task.stdout"}
{"timestamp":"2026-09-05T12:58:42.055375Z","level":"info","event":"\u001b[0m12:58:42  Found 22 models, 96 data tests, 3 seeds, 2 snapshots, 8 sources, 844 macros","logger":"task.stdout"}
{"timestamp":"2026-09-05T12:58:42.063144Z","level":"info","event":"\u001b[0m12:58:42  [\u001b[33mWARNING\u001b[0m]: The selection criterion 'stg_reference_stores+' does not match any enabled nodes","logger":"task.stdout"}
{"timestamp":"2026-09-05T12:58:42.063424Z","level":"info","event":"\u001b[0m12:58:42  [\u001b[33mWARNING\u001b[0m]: No nodes selected!","logger":"task.stdout"}
{"timestamp":"2026-09-05T12:58:42.957059Z","level":"info","event":"Cosmos performance: time to calculate cache identifier cosmos_cache__verdanta_stores__dbt_sources for current version: 0.14589773700004116","logger":"cosmos.cache","filename":"cache.py","lineno":401}
{"timestamp":"2026-09-05T12:58:42.994310Z","level":"info","event":"Total nodes: 0","logger":"cosmos.dbt.graph","filename":"graph.py","lineno":799}
{"timestamp":"2026-09-05T12:58:42.994488Z","level":"info","event":"Total filtered nodes: 0","logger":"cosmos.dbt.graph","filename":"graph.py","lineno":800}
{"timestamp":"2026-09-05T12:58:42.994587Z","level":"info","event":"Cosmos performance (verdanta_stores__dbt_sources) - [993ed3b2f767|1991]: It took 7.1s to parse the dbt project for DAG using LoadMode.DBT_LS","logger":"cosmos.converter","filename":"converter.py","lineno":371}
{"timestamp":"2026-09-05T12:58:42.996724Z","level":"info","event":"Cosmos performance (verdanta_stores__dbt_sources) - [993ed3b2f767|1991]: It took 0.0021s to build the Airflow DAG.","logger":"cosmos.converter","filename":"converter.py","lineno":423}
{"timestamp":"2026-09-05T12:58:42.996839Z","level":"info","event":"::endgroup::Cosmos DAG parsing logs","logger":"cosmos.converter","filename":"converter.py","lineno":430}
{"timestamp":"2026-09-05T12:58:42.997441Z","level":"warning","event":"Using Variable.get from `airflow.models` is deprecated.Please use `get` on Variable from sdk(`airflow.sdk.Variable`) instead","category":"UserWarning","filename":"/home/airflow/.local/lib/python3.13/site-packages/airflow/models/variable.py","lineno":158,"logger":"py.warnings"}
{"timestamp":"2026-09-05T12:58:42.997524Z","level":"warning","event":"Valid config keys have changed in V2:\n* 'allow_population_by_field_name' has been renamed to 'validate_by_name'","category":"UserWarning","filename":"/home/airflow/.local/lib/python3.13/site-packages/pydantic/_internal/_config.py","lineno":383,"logger":"py.warnings"}
{"timestamp":"2026-09-05T12:58:42.997586Z","level":"warning","event":"Using Variable.set from `airflow.models` is deprecated.Please use `set` on Variable from sdk(`airflow.sdk.Variable`) instead","category":"UserWarning","filename":"/home/airflow/.local/lib/python3.13/site-packages/airflow/models/variable.py","lineno":218,"logger":"py.warnings"}
{"timestamp":"2026-09-05T12:59:13.737147Z","level":"info","event":"Filling up the DagBag from /opt/airflow/dags/verdanta_stores.py","logger":"airflow.dag_processing.dagbag.BundleDagBag","filename":"dagbag.py","lineno":469}
{"timestamp":"2026-09-05T12:59:13.808688Z","level":"info","event":"::group::Cosmos DAG parsing logs","logger":"cosmos.converter","filename":"converter.py","lineno":321}
{"timestamp":"2026-09-05T12:59:13.812528Z","level":"info","event":"Cosmos cache dir resolved to /tmp/cosmos/verdanta_stores__dbt_sources","logger":"cosmos.converter","filename":"converter.py","lineno":346}
{"timestamp":"2026-09-05T12:59:13.812713Z","level":"info","event":"Trying to parse the dbt project using dbt ls cache cosmos_cache__verdanta_stores__dbt_sources...","logger":"cosmos.dbt.graph","filename":"graph.py","lineno":869}
{"timestamp":"2026-09-05T12:59:13.955852Z","level":"info","event":"Cosmos performance: time to calculate cache identifier cosmos_cache__verdanta_stores__dbt_sources for current version: 0.12916789299970333","logger":"cosmos.cache","filename":"cache.py","lineno":401}
{"timestamp":"2026-09-05T12:59:13.956045Z","level":"info","event":"Cosmos performance: Cache miss for cosmos_cache__verdanta_stores__dbt_sources - skipped","logger":"cosmos.dbt.graph","filename":"graph.py","lineno":900}
{"timestamp":"2026-09-05T12:59:13.956184Z","level":"info","event":"Trying to parse the dbt project in `/opt/airflow/dbt/verdanta_project` using dbt ls...","logger":"cosmos.dbt.graph","filename":"graph.py","lineno":983}
{"timestamp":"2026-09-05T12:59:13.970158Z","level":"info","event":"Partial parse is enabled and the latest partial parse file is /tmp/cosmos/verdanta_stores__dbt_sources/target/partial_parse.msgpack","logger":"cosmos.dbt.graph","filename":"graph.py","lineno":1002}
{"timestamp":"2026-09-05T12:59:13.999689Z","level":"info","event":"Profile caching is enable.","logger":"cosmos.config","filename":"config.py","lineno":399}
{"timestamp":"2026-09-05T12:59:14.000084Z","level":"info","event":"Profile found in cache using profile: /tmp/cosmos/profile/88b0aa12559803c5b3e8b5b0cefa363d35d21cc93574699baf5727c52eda1f13/profiles.yml.","logger":"cosmos.config","filename":"config.py","lineno":379}
{"timestamp":"2026-09-05T12:59:15.652598Z","level":"info","event":"Running command with dbt Runner: `/home/airflow/.local/bin/dbt deps --project-dir /tmp/tmpdygp_h56 --profiles-dir /tmp/cosmos/profile/88b0aa12559803c5b3e8b5b0cefa363d35d21cc93574699baf5727c52eda1f13 --profile verdanta_project --target dev`","logger":"cosmos.dbt.graph","filename":"graph.py","lineno":361}
{"timestamp":"2026-09-05T12:59:15.653014Z","level":"info","event":"Trying to run dbtRunner with:\n ['deps', '--project-dir', '/tmp/tmpdygp_h56', '--profiles-dir', '/tmp/cosmos/profile/88b0aa12559803c5b3e8b5b0cefa363d35d21cc93574699baf5727c52eda1f13', '--profile', 'verdanta_project', '--target', 'dev']\n in /tmp/tmpdygp_h56","logger":"cosmos.dbt.runner","filename":"runner.py","lineno":95}
{"timestamp":"2026-09-05T12:59:15.743378Z","level":"info","event":"\u001b[0m12:59:15  Running with dbt=1.12.0","logger":"task.stdout"}
{"timestamp":"2026-09-05T12:59:16.071507Z","level":"info","event":"\u001b[0m12:59:16  Installing dbt-labs/dbt_utils","logger":"task.stdout"}
{"timestamp":"2026-09-05T12:59:16.532419Z","level":"info","event":"\u001b[0m12:59:16  Installed from version 1.4.1","logger":"task.stdout"}
{"timestamp":"2026-09-05T12:59:16.539965Z","level":"info","event":"\u001b[0m12:59:16  Up to date!","logger":"task.stdout"}
{"timestamp":"2026-09-05T12:59:17.216139Z","level":"info","event":"Running command with dbt Runner: `/home/airflow/.local/bin/dbt ls --output json --output-keys name unique_id resource_type depends_on original_file_path tags config freshness fqn --project-dir /tmp/tmpdygp_h56 --profiles-dir /tmp/cosmos/profile/88b0aa12559803c5b3e8b5b0cefa363d35d21cc93574699baf5727c52eda1f13 --profile verdanta_project --target dev --select stg_reference_stores+`","logger":"cosmos.dbt.graph","filename":"graph.py","lineno":361}
{"timestamp":"2026-09-05T12:59:17.216410Z","level":"info","event":"Trying to run dbtRunner with:\n ['ls', '--output', 'json', '--output-keys', 'name', 'unique_id', 'resource_type', 'depends_on', 'original_file_path', 'tags', 'config', 'freshness', 'fqn', '--project-dir', '/tmp/tmpdygp_h56', '--profiles-dir', '/tmp/cosmos/profile/88b0aa12559803c5b3e8b5b0cefa363d35d21cc93574699baf5727c52eda1f13', '--profile', 'verdanta_project', '--target', 'dev', '--select', 'stg_reference_stores+']\n in /tmp/tmpdygp_h56","logger":"cosmos.dbt.runner","filename":"runner.py","lineno":95}
{"timestamp":"2026-09-05T12:59:17.229041Z","level":"info","event":"\u001b[0m12:59:17  Running with dbt=1.12.0","logger":"task.stdout"}
{"timestamp":"2026-09-05T12:59:18.813449Z","level":"info","event":"\u001b[0m12:59:18  Registered adapter: databricks=1.10.9","logger":"task.stdout"}
{"timestamp":"2026-09-05T12:59:19.955675Z","level":"info","event":"\u001b[0m12:59:19  Found 22 models, 96 data tests, 3 seeds, 2 snapshots, 8 sources, 844 macros","logger":"task.stdout"}
{"timestamp":"2026-09-05T12:59:19.962938Z","level":"info","event":"\u001b[0m12:59:19  [\u001b[33mWARNING\u001b[0m]: The selection criterion 'stg_reference_stores+' does not match any enabled nodes","logger":"task.stdout"}
{"timestamp":"2026-09-05T12:59:19.963234Z","level":"info","event":"\u001b[0m12:59:19  [\u001b[33mWARNING\u001b[0m]: No nodes selected!","logger":"task.stdout"}
{"timestamp":"2026-09-05T12:59:20.801261Z","level":"info","event":"Cosmos performance: time to calculate cache identifier cosmos_cache__verdanta_stores__dbt_sources for current version: 0.12641392499972426","logger":"cosmos.cache","filename":"cache.py","lineno":401}
{"timestamp":"2026-09-05T12:59:20.852497Z","level":"info","event":"Total nodes: 0","logger":"cosmos.dbt.graph","filename":"graph.py","lineno":799}
{"timestamp":"2026-09-05T12:59:20.852661Z","level":"info","event":"Total filtered nodes: 0","logger":"cosmos.dbt.graph","filename":"graph.py","lineno":800}
{"timestamp":"2026-09-05T12:59:20.852754Z","level":"info","event":"Cosmos performance (verdanta_stores__dbt_sources) - [993ed3b2f767|2027]: It took 7.04s to parse the dbt project for DAG using LoadMode.DBT_LS","logger":"cosmos.converter","filename":"converter.py","lineno":371}
{"timestamp":"2026-09-05T12:59:20.854504Z","level":"info","event":"Cosmos performance (verdanta_stores__dbt_sources) - [993ed3b2f767|2027]: It took 0.00174s to build the Airflow DAG.","logger":"cosmos.converter","filename":"converter.py","lineno":423}
{"timestamp":"2026-09-05T12:59:20.854594Z","level":"info","event":"::endgroup::Cosmos DAG parsing logs","logger":"cosmos.converter","filename":"converter.py","lineno":430}
{"timestamp":"2026-09-05T12:59:20.855271Z","level":"warning","event":"Using Variable.get from `airflow.models` is deprecated.Please use `get` on Variable from sdk(`airflow.sdk.Variable`) instead","category":"UserWarning","filename":"/home/airflow/.local/lib/python3.13/site-packages/airflow/models/variable.py","lineno":158,"logger":"py.warnings"}
{"timestamp":"2026-09-05T12:59:20.855360Z","level":"warning","event":"Valid config keys have changed in V2:\n* 'allow_population_by_field_name' has been renamed to 'validate_by_name'","category":"UserWarning","filename":"/home/airflow/.local/lib/python3.13/site-packages/pydantic/_internal/_config.py","lineno":383,"logger":"py.warnings"}
{"timestamp":"2026-09-05T12:59:20.855422Z","level":"warning","event":"Using Variable.set from `airflow.models` is deprecated.Please use `set` on Variable from sdk(`airflow.sdk.Variable`) instead","category":"UserWarning","filename":"/home/airflow/.local/lib/python3.13/site-packages/airflow/models/variable.py","lineno":218,"logger":"py.warnings"}
{"timestamp":"2026-09-05T12:59:51.604538Z","level":"info","event":"Filling up the DagBag from /opt/airflow/dags/verdanta_stores.py","logger":"airflow.dag_processing.dagbag.BundleDagBag","filename":"dagbag.py","lineno":469}
{"timestamp":"2026-09-05T12:59:51.668942Z","level":"info","event":"::group::Cosmos DAG parsing logs","logger":"cosmos.converter","filename":"converter.py","lineno":321}
{"timestamp":"2026-09-05T12:59:51.672923Z","level":"info","event":"Cosmos cache dir resolved to /tmp/cosmos/verdanta_stores__dbt_sources","logger":"cosmos.converter","filename":"converter.py","lineno":346}
{"timestamp":"2026-09-05T12:59:51.673171Z","level":"info","event":"Trying to parse the dbt project using dbt ls cache cosmos_cache__verdanta_stores__dbt_sources...","logger":"cosmos.dbt.graph","filename":"graph.py","lineno":869}
{"timestamp":"2026-09-05T12:59:51.813039Z","level":"info","event":"Cosmos performance: time to calculate cache identifier cosmos_cache__verdanta_stores__dbt_sources for current version: 0.1257461649997822","logger":"cosmos.cache","filename":"cache.py","lineno":401}
{"timestamp":"2026-09-05T12:59:51.813243Z","level":"info","event":"Cosmos performance: Cache miss for cosmos_cache__verdanta_stores__dbt_sources - skipped","logger":"cosmos.dbt.graph","filename":"graph.py","lineno":900}
{"timestamp":"2026-09-05T12:59:51.813436Z","level":"info","event":"Trying to parse the dbt project in `/opt/airflow/dbt/verdanta_project` using dbt ls...","logger":"cosmos.dbt.graph","filename":"graph.py","lineno":983}
{"timestamp":"2026-09-05T12:59:51.827126Z","level":"info","event":"Partial parse is enabled and the latest partial parse file is /tmp/cosmos/verdanta_stores__dbt_sources/target/partial_parse.msgpack","logger":"cosmos.dbt.graph","filename":"graph.py","lineno":1002}
{"timestamp":"2026-09-05T12:59:51.861281Z","level":"info","event":"Profile caching is enable.","logger":"cosmos.config","filename":"config.py","lineno":399}
{"timestamp":"2026-09-05T12:59:51.861694Z","level":"info","event":"Profile found in cache using profile: /tmp/cosmos/profile/88b0aa12559803c5b3e8b5b0cefa363d35d21cc93574699baf5727c52eda1f13/profiles.yml.","logger":"cosmos.config","filename":"config.py","lineno":379}
{"timestamp":"2026-09-05T12:59:53.609229Z","level":"info","event":"Running command with dbt Runner: `/home/airflow/.local/bin/dbt deps --project-dir /tmp/tmpdi3scozn --profiles-dir /tmp/cosmos/profile/88b0aa12559803c5b3e8b5b0cefa363d35d21cc93574699baf5727c52eda1f13 --profile verdanta_project --target dev`","logger":"cosmos.dbt.graph","filename":"graph.py","lineno":361}
{"timestamp":"2026-09-05T12:59:53.609657Z","level":"info","event":"Trying to run dbtRunner with:\n ['deps', '--project-dir', '/tmp/tmpdi3scozn', '--profiles-dir', '/tmp/cosmos/profile/88b0aa12559803c5b3e8b5b0cefa363d35d21cc93574699baf5727c52eda1f13', '--profile', 'verdanta_project', '--target', 'dev']\n in /tmp/tmpdi3scozn","logger":"cosmos.dbt.runner","filename":"runner.py","lineno":95}
{"timestamp":"2026-09-05T12:59:53.704345Z","level":"info","event":"\u001b[0m12:59:53  Running with dbt=1.12.0","logger":"task.stdout"}
{"timestamp":"2026-09-05T12:59:54.075824Z","level":"info","event":"\u001b[0m12:59:54  Installing dbt-labs/dbt_utils","logger":"task.stdout"}
{"timestamp":"2026-09-05T12:59:54.532377Z","level":"info","event":"\u001b[0m12:59:54  Installed from version 1.4.1","logger":"task.stdout"}
{"timestamp":"2026-09-05T12:59:54.539791Z","level":"info","event":"\u001b[0m12:59:54  Up to date!","logger":"task.stdout"}
{"timestamp":"2026-09-05T12:59:55.197591Z","level":"info","event":"Running command with dbt Runner: `/home/airflow/.local/bin/dbt ls --output json --output-keys name unique_id resource_type depends_on original_file_path tags config freshness fqn --project-dir /tmp/tmpdi3scozn --profiles-dir /tmp/cosmos/profile/88b0aa12559803c5b3e8b5b0cefa363d35d21cc93574699baf5727c52eda1f13 --profile verdanta_project --target dev --select stg_reference_stores+`","logger":"cosmos.dbt.graph","filename":"graph.py","lineno":361}
{"timestamp":"2026-09-05T12:59:55.197889Z","level":"info","event":"Trying to run dbtRunner with:\n ['ls', '--output', 'json', '--output-keys', 'name', 'unique_id', 'resource_type', 'depends_on', 'original_file_path', 'tags', 'config', 'freshness', 'fqn', '--project-dir', '/tmp/tmpdi3scozn', '--profiles-dir', '/tmp/cosmos/profile/88b0aa12559803c5b3e8b5b0cefa363d35d21cc93574699baf5727c52eda1f13', '--profile', 'verdanta_project', '--target', 'dev', '--select', 'stg_reference_stores+']\n in /tmp/tmpdi3scozn","logger":"cosmos.dbt.runner","filename":"runner.py","lineno":95}
{"timestamp":"2026-09-05T12:59:55.210138Z","level":"info","event":"\u001b[0m12:59:55  Running with dbt=1.12.0","logger":"task.stdout"}
{"timestamp":"2026-09-05T12:59:56.747729Z","level":"info","event":"\u001b[0m12:59:56  Registered adapter: databricks=1.10.9","logger":"task.stdout"}
{"timestamp":"2026-09-05T12:59:57.817552Z","level":"info","event":"\u001b[0m12:59:57  Found 22 models, 96 data tests, 3 seeds, 2 snapshots, 8 sources, 844 macros","logger":"task.stdout"}
{"timestamp":"2026-09-05T12:59:57.821493Z","level":"info","event":"\u001b[0m12:59:57  [\u001b[33mWARNING\u001b[0m]: The selection criterion 'stg_reference_stores+' does not match any enabled nodes","logger":"task.stdout"}
{"timestamp":"2026-09-05T12:59:57.821783Z","level":"info","event":"\u001b[0m12:59:57  [\u001b[33mWARNING\u001b[0m]: No nodes selected!","logger":"task.stdout"}
{"timestamp":"2026-09-05T12:59:58.678739Z","level":"info","event":"Cosmos performance: time to calculate cache identifier cosmos_cache__verdanta_stores__dbt_sources for current version: 0.12690748000022722","logger":"cosmos.cache","filename":"cache.py","lineno":401}
{"timestamp":"2026-09-05T12:59:58.715291Z","level":"info","event":"Total nodes: 0","logger":"cosmos.dbt.graph","filename":"graph.py","lineno":799}
{"timestamp":"2026-09-05T12:59:58.715466Z","level":"info","event":"Total filtered nodes: 0","logger":"cosmos.dbt.graph","filename":"graph.py","lineno":800}
{"timestamp":"2026-09-05T12:59:58.715558Z","level":"info","event":"Cosmos performance (verdanta_stores__dbt_sources) - [993ed3b2f767|2063]: It took 7.04s to parse the dbt project for DAG using LoadMode.DBT_LS","logger":"cosmos.converter","filename":"converter.py","lineno":371}
{"timestamp":"2026-09-05T12:59:58.717446Z","level":"info","event":"Cosmos performance (verdanta_stores__dbt_sources) - [993ed3b2f767|2063]: It took 0.00188s to build the Airflow DAG.","logger":"cosmos.converter","filename":"converter.py","lineno":423}
{"timestamp":"2026-09-05T12:59:58.717530Z","level":"info","event":"::endgroup::Cosmos DAG parsing logs","logger":"cosmos.converter","filename":"converter.py","lineno":430}
{"timestamp":"2026-09-05T12:59:58.718113Z","level":"warning","event":"Using Variable.get from `airflow.models` is deprecated.Please use `get` on Variable from sdk(`airflow.sdk.Variable`) instead","category":"UserWarning","filename":"/home/airflow/.local/lib/python3.13/site-packages/airflow/models/variable.py","lineno":158,"logger":"py.warnings"}
{"timestamp":"2026-09-05T12:59:58.718201Z","level":"warning","event":"Valid config keys have changed in V2:\n* 'allow_population_by_field_name' has been renamed to 'validate_by_name'","category":"UserWarning","filename":"/home/airflow/.local/lib/python3.13/site-packages/pydantic/_internal/_config.py","lineno":383,"logger":"py.warnings"}
{"timestamp":"2026-09-05T12:59:58.718263Z","level":"warning","event":"Using Variable.set from `airflow.models` is deprecated.Please use `set` on Variable from sdk(`airflow.sdk.Variable`) instead","category":"UserWarning","filename":"/home/airflow/.local/lib/python3.13/site-packages/airflow/models/variable.py","lineno":218,"logger":"py.warnings"}
{"timestamp":"2026-09-05T13:00:29.029735Z","level":"info","event":"Filling up the DagBag from /opt/airflow/dags/verdanta_stores.py","logger":"airflow.dag_processing.dagbag.BundleDagBag","filename":"dagbag.py","lineno":469}
{"timestamp":"2026-09-05T13:00:29.092831Z","level":"info","event":"::group::Cosmos DAG parsing logs","logger":"cosmos.converter","filename":"converter.py","lineno":321}
{"timestamp":"2026-09-05T13:00:29.096303Z","level":"info","event":"Cosmos cache dir resolved to /tmp/cosmos/verdanta_stores__dbt_sources","logger":"cosmos.converter","filename":"converter.py","lineno":346}
{"timestamp":"2026-09-05T13:00:29.096527Z","level":"info","event":"Trying to parse the dbt project using dbt ls cache cosmos_cache__verdanta_stores__dbt_sources...","logger":"cosmos.dbt.graph","filename":"graph.py","lineno":869}
{"timestamp":"2026-09-05T13:00:29.246613Z","level":"info","event":"Cosmos performance: time to calculate cache identifier cosmos_cache__verdanta_stores__dbt_sources for current version: 0.13424687499991705","logger":"cosmos.cache","filename":"cache.py","lineno":401}
{"timestamp":"2026-09-05T13:00:29.246795Z","level":"info","event":"Cosmos performance: Cache miss for cosmos_cache__verdanta_stores__dbt_sources - skipped","logger":"cosmos.dbt.graph","filename":"graph.py","lineno":900}
{"timestamp":"2026-09-05T13:00:29.246934Z","level":"info","event":"Trying to parse the dbt project in `/opt/airflow/dbt/verdanta_project` using dbt ls...","logger":"cosmos.dbt.graph","filename":"graph.py","lineno":983}
{"timestamp":"2026-09-05T13:00:29.259779Z","level":"info","event":"Partial parse is enabled and the latest partial parse file is /tmp/cosmos/verdanta_stores__dbt_sources/target/partial_parse.msgpack","logger":"cosmos.dbt.graph","filename":"graph.py","lineno":1002}
{"timestamp":"2026-09-05T13:00:29.284744Z","level":"info","event":"Profile caching is enable.","logger":"cosmos.config","filename":"config.py","lineno":399}
{"timestamp":"2026-09-05T13:00:29.285102Z","level":"info","event":"Profile found in cache using profile: /tmp/cosmos/profile/88b0aa12559803c5b3e8b5b0cefa363d35d21cc93574699baf5727c52eda1f13/profiles.yml.","logger":"cosmos.config","filename":"config.py","lineno":379}
{"timestamp":"2026-09-05T13:00:30.926937Z","level":"info","event":"Running command with dbt Runner: `/home/airflow/.local/bin/dbt deps --project-dir /tmp/tmpfr5bvpdn --profiles-dir /tmp/cosmos/profile/88b0aa12559803c5b3e8b5b0cefa363d35d21cc93574699baf5727c52eda1f13 --profile verdanta_project --target dev`","logger":"cosmos.dbt.graph","filename":"graph.py","lineno":361}
{"timestamp":"2026-09-05T13:00:30.927379Z","level":"info","event":"Trying to run dbtRunner with:\n ['deps', '--project-dir', '/tmp/tmpfr5bvpdn', '--profiles-dir', '/tmp/cosmos/profile/88b0aa12559803c5b3e8b5b0cefa363d35d21cc93574699baf5727c52eda1f13', '--profile', 'verdanta_project', '--target', 'dev']\n in /tmp/tmpfr5bvpdn","logger":"cosmos.dbt.runner","filename":"runner.py","lineno":95}
{"timestamp":"2026-09-05T13:00:31.021919Z","level":"info","event":"\u001b[0m13:00:31  Running with dbt=1.12.0","logger":"task.stdout"}
{"timestamp":"2026-09-05T13:00:31.393715Z","level":"info","event":"\u001b[0m13:00:31  Installing dbt-labs/dbt_utils","logger":"task.stdout"}
{"timestamp":"2026-09-05T13:00:31.851877Z","level":"info","event":"\u001b[0m13:00:31  Installed from version 1.4.1","logger":"task.stdout"}
{"timestamp":"2026-09-05T13:00:31.859096Z","level":"info","event":"\u001b[0m13:00:31  Up to date!","logger":"task.stdout"}
{"timestamp":"2026-09-05T13:00:32.574933Z","level":"info","event":"Running command with dbt Runner: `/home/airflow/.local/bin/dbt ls --output json --output-keys name unique_id resource_type depends_on original_file_path tags config freshness fqn --project-dir /tmp/tmpfr5bvpdn --profiles-dir /tmp/cosmos/profile/88b0aa12559803c5b3e8b5b0cefa363d35d21cc93574699baf5727c52eda1f13 --profile verdanta_project --target dev --select stg_reference_stores+`","logger":"cosmos.dbt.graph","filename":"graph.py","lineno":361}
{"timestamp":"2026-09-05T13:00:32.575208Z","level":"info","event":"Trying to run dbtRunner with:\n ['ls', '--output', 'json', '--output-keys', 'name', 'unique_id', 'resource_type', 'depends_on', 'original_file_path', 'tags', 'config', 'freshness', 'fqn', '--project-dir', '/tmp/tmpfr5bvpdn', '--profiles-dir', '/tmp/cosmos/profile/88b0aa12559803c5b3e8b5b0cefa363d35d21cc93574699baf5727c52eda1f13', '--profile', 'verdanta_project', '--target', 'dev', '--select', 'stg_reference_stores+']\n in /tmp/tmpfr5bvpdn","logger":"cosmos.dbt.runner","filename":"runner.py","lineno":95}
{"timestamp":"2026-09-05T13:00:32.588611Z","level":"info","event":"\u001b[0m13:00:32  Running with dbt=1.12.0","logger":"task.stdout"}
{"timestamp":"2026-09-05T13:00:34.192387Z","level":"info","event":"\u001b[0m13:00:34  Registered adapter: databricks=1.10.9","logger":"task.stdout"}
{"timestamp":"2026-09-05T13:00:35.273957Z","level":"info","event":"\u001b[0m13:00:35  Found 22 models, 96 data tests, 3 seeds, 2 snapshots, 8 sources, 844 macros","logger":"task.stdout"}
{"timestamp":"2026-09-05T13:00:35.281056Z","level":"info","event":"\u001b[0m13:00:35  [\u001b[33mWARNING\u001b[0m]: The selection criterion 'stg_reference_stores+' does not match any enabled nodes","logger":"task.stdout"}
{"timestamp":"2026-09-05T13:00:35.281357Z","level":"info","event":"\u001b[0m13:00:35  [\u001b[33mWARNING\u001b[0m]: No nodes selected!","logger":"task.stdout"}
{"timestamp":"2026-09-05T13:00:36.148322Z","level":"info","event":"Cosmos performance: time to calculate cache identifier cosmos_cache__verdanta_stores__dbt_sources for current version: 0.12863242999992508","logger":"cosmos.cache","filename":"cache.py","lineno":401}
{"timestamp":"2026-09-05T13:00:36.188246Z","level":"info","event":"Total nodes: 0","logger":"cosmos.dbt.graph","filename":"graph.py","lineno":799}
{"timestamp":"2026-09-05T13:00:36.188448Z","level":"info","event":"Total filtered nodes: 0","logger":"cosmos.dbt.graph","filename":"graph.py","lineno":800}
{"timestamp":"2026-09-05T13:00:36.188560Z","level":"info","event":"Cosmos performance (verdanta_stores__dbt_sources) - [993ed3b2f767|2099]: It took 7.09s to parse the dbt project for DAG using LoadMode.DBT_LS","logger":"cosmos.converter","filename":"converter.py","lineno":371}
{"timestamp":"2026-09-05T13:00:36.190744Z","level":"info","event":"Cosmos performance (verdanta_stores__dbt_sources) - [993ed3b2f767|2099]: It took 0.00218s to build the Airflow DAG.","logger":"cosmos.converter","filename":"converter.py","lineno":423}
{"timestamp":"2026-09-05T13:00:36.190831Z","level":"info","event":"::endgroup::Cosmos DAG parsing logs","logger":"cosmos.converter","filename":"converter.py","lineno":430}
{"timestamp":"2026-09-05T13:00:36.191403Z","level":"warning","event":"Using Variable.get from `airflow.models` is deprecated.Please use `get` on Variable from sdk(`airflow.sdk.Variable`) instead","category":"UserWarning","filename":"/home/airflow/.local/lib/python3.13/site-packages/airflow/models/variable.py","lineno":158,"logger":"py.warnings"}
{"timestamp":"2026-09-05T13:00:36.191482Z","level":"warning","event":"Valid config keys have changed in V2:\n* 'allow_population_by_field_name' has been renamed to 'validate_by_name'","category":"UserWarning","filename":"/home/airflow/.local/lib/python3.13/site-packages/pydantic/_internal/_config.py","lineno":383,"logger":"py.warnings"}
{"timestamp":"2026-09-05T13:00:36.191543Z","level":"warning","event":"Using Variable.set from `airflow.models` is deprecated.Please use `set` on Variable from sdk(`airflow.sdk.Variable`) instead","category":"UserWarning","filename":"/home/airflow/.local/lib/python3.13/site-packages/airflow/models/variable.py","lineno":218,"logger":"py.warnings"}
{"timestamp":"2026-09-05T13:01:07.188756Z","level":"info","event":"Filling up the DagBag from /opt/airflow/dags/verdanta_stores.py","logger":"airflow.dag_processing.dagbag.BundleDagBag","filename":"dagbag.py","lineno":469}
{"timestamp":"2026-09-05T13:01:07.259196Z","level":"info","event":"::group::Cosmos DAG parsing logs","logger":"cosmos.converter","filename":"converter.py","lineno":321}
{"timestamp":"2026-09-05T13:01:07.263105Z","level":"info","event":"Cosmos cache dir resolved to /tmp/cosmos/verdanta_stores__dbt_sources","logger":"cosmos.converter","filename":"converter.py","lineno":346}
{"timestamp":"2026-09-05T13:01:07.263324Z","level":"info","event":"Trying to parse the dbt project using dbt ls cache cosmos_cache__verdanta_stores__dbt_sources...","logger":"cosmos.dbt.graph","filename":"graph.py","lineno":869}
{"timestamp":"2026-09-05T13:01:07.411205Z","level":"info","event":"Cosmos performance: time to calculate cache identifier cosmos_cache__verdanta_stores__dbt_sources for current version: 0.13139017999992575","logger":"cosmos.cache","filename":"cache.py","lineno":401}
{"timestamp":"2026-09-05T13:01:07.411396Z","level":"info","event":"Cosmos performance: Cache miss for cosmos_cache__verdanta_stores__dbt_sources - skipped","logger":"cosmos.dbt.graph","filename":"graph.py","lineno":900}
{"timestamp":"2026-09-05T13:01:07.411551Z","level":"info","event":"Trying to parse the dbt project in `/opt/airflow/dbt/verdanta_project` using dbt ls...","logger":"cosmos.dbt.graph","filename":"graph.py","lineno":983}
{"timestamp":"2026-09-05T13:01:07.425997Z","level":"info","event":"Partial parse is enabled and the latest partial parse file is /tmp/cosmos/verdanta_stores__dbt_sources/target/partial_parse.msgpack","logger":"cosmos.dbt.graph","filename":"graph.py","lineno":1002}
{"timestamp":"2026-09-05T13:01:07.455610Z","level":"info","event":"Profile caching is enable.","logger":"cosmos.config","filename":"config.py","lineno":399}
{"timestamp":"2026-09-05T13:01:07.455945Z","level":"info","event":"Profile found in cache using profile: /tmp/cosmos/profile/88b0aa12559803c5b3e8b5b0cefa363d35d21cc93574699baf5727c52eda1f13/profiles.yml.","logger":"cosmos.config","filename":"config.py","lineno":379}
{"timestamp":"2026-09-05T13:01:09.302780Z","level":"info","event":"Running command with dbt Runner: `/home/airflow/.local/bin/dbt deps --project-dir /tmp/tmp1_18fvn0 --profiles-dir /tmp/cosmos/profile/88b0aa12559803c5b3e8b5b0cefa363d35d21cc93574699baf5727c52eda1f13 --profile verdanta_project --target dev`","logger":"cosmos.dbt.graph","filename":"graph.py","lineno":361}
{"timestamp":"2026-09-05T13:01:09.303234Z","level":"info","event":"Trying to run dbtRunner with:\n ['deps', '--project-dir', '/tmp/tmp1_18fvn0', '--profiles-dir', '/tmp/cosmos/profile/88b0aa12559803c5b3e8b5b0cefa363d35d21cc93574699baf5727c52eda1f13', '--profile', 'verdanta_project', '--target', 'dev']\n in /tmp/tmp1_18fvn0","logger":"cosmos.dbt.runner","filename":"runner.py","lineno":95}
{"timestamp":"2026-09-05T13:01:09.421652Z","level":"info","event":"\u001b[0m13:01:09  Running with dbt=1.12.0","logger":"task.stdout"}
{"timestamp":"2026-09-05T13:01:09.792520Z","level":"info","event":"\u001b[0m13:01:09  Installing dbt-labs/dbt_utils","logger":"task.stdout"}
{"timestamp":"2026-09-05T13:01:10.265564Z","level":"info","event":"\u001b[0m13:01:10  Installed from version 1.4.1","logger":"task.stdout"}
{"timestamp":"2026-09-05T13:01:10.275321Z","level":"info","event":"\u001b[0m13:01:10  Up to date!","logger":"task.stdout"}
{"timestamp":"2026-09-05T13:01:11.024469Z","level":"info","event":"Running command with dbt Runner: `/home/airflow/.local/bin/dbt ls --output json --output-keys name unique_id resource_type depends_on original_file_path tags config freshness fqn --project-dir /tmp/tmp1_18fvn0 --profiles-dir /tmp/cosmos/profile/88b0aa12559803c5b3e8b5b0cefa363d35d21cc93574699baf5727c52eda1f13 --profile verdanta_project --target dev --select stg_reference_stores+`","logger":"cosmos.dbt.graph","filename":"graph.py","lineno":361}
{"timestamp":"2026-09-05T13:01:11.024949Z","level":"info","event":"Trying to run dbtRunner with:\n ['ls', '--output', 'json', '--output-keys', 'name', 'unique_id', 'resource_type', 'depends_on', 'original_file_path', 'tags', 'config', 'freshness', 'fqn', '--project-dir', '/tmp/tmp1_18fvn0', '--profiles-dir', '/tmp/cosmos/profile/88b0aa12559803c5b3e8b5b0cefa363d35d21cc93574699baf5727c52eda1f13', '--profile', 'verdanta_project', '--target', 'dev', '--select', 'stg_reference_stores+']\n in /tmp/tmp1_18fvn0","logger":"cosmos.dbt.runner","filename":"runner.py","lineno":95}
{"timestamp":"2026-09-05T13:01:11.042860Z","level":"info","event":"\u001b[0m13:01:11  Running with dbt=1.12.0","logger":"task.stdout"}
{"timestamp":"2026-09-05T13:01:13.186767Z","level":"info","event":"\u001b[0m13:01:13  Registered adapter: databricks=1.10.9","logger":"task.stdout"}
{"timestamp":"2026-09-05T13:01:14.410612Z","level":"info","event":"\u001b[0m13:01:14  Found 22 models, 96 data tests, 3 seeds, 2 snapshots, 8 sources, 844 macros","logger":"task.stdout"}
{"timestamp":"2026-09-05T13:01:14.423558Z","level":"info","event":"\u001b[0m13:01:14  [\u001b[33mWARNING\u001b[0m]: The selection criterion 'stg_reference_stores+' does not match any enabled nodes","logger":"task.stdout"}
{"timestamp":"2026-09-05T13:01:14.423909Z","level":"info","event":"\u001b[0m13:01:14  [\u001b[33mWARNING\u001b[0m]: No nodes selected!","logger":"task.stdout"}
{"timestamp":"2026-09-05T13:01:15.343797Z","level":"info","event":"Cosmos performance: time to calculate cache identifier cosmos_cache__verdanta_stores__dbt_sources for current version: 0.13289842000040153","logger":"cosmos.cache","filename":"cache.py","lineno":401}
{"timestamp":"2026-09-05T13:01:15.381255Z","level":"info","event":"Total nodes: 0","logger":"cosmos.dbt.graph","filename":"graph.py","lineno":799}
{"timestamp":"2026-09-05T13:01:15.381419Z","level":"info","event":"Total filtered nodes: 0","logger":"cosmos.dbt.graph","filename":"graph.py","lineno":800}
{"timestamp":"2026-09-05T13:01:15.381511Z","level":"info","event":"Cosmos performance (verdanta_stores__dbt_sources) - [993ed3b2f767|2141]: It took 8.12s to parse the dbt project for DAG using LoadMode.DBT_LS","logger":"cosmos.converter","filename":"converter.py","lineno":371}
{"timestamp":"2026-09-05T13:01:15.383434Z","level":"info","event":"Cosmos performance (verdanta_stores__dbt_sources) - [993ed3b2f767|2141]: It took 0.00191s to build the Airflow DAG.","logger":"cosmos.converter","filename":"converter.py","lineno":423}
{"timestamp":"2026-09-05T13:01:15.383517Z","level":"info","event":"::endgroup::Cosmos DAG parsing logs","logger":"cosmos.converter","filename":"converter.py","lineno":430}
{"timestamp":"2026-09-05T13:01:15.384243Z","level":"warning","event":"Using Variable.get from `airflow.models` is deprecated.Please use `get` on Variable from sdk(`airflow.sdk.Variable`) instead","category":"UserWarning","filename":"/home/airflow/.local/lib/python3.13/site-packages/airflow/models/variable.py","lineno":158,"logger":"py.warnings"}
{"timestamp":"2026-09-05T13:01:15.384328Z","level":"warning","event":"Valid config keys have changed in V2:\n* 'allow_population_by_field_name' has been renamed to 'validate_by_name'","category":"UserWarning","filename":"/home/airflow/.local/lib/python3.13/site-packages/pydantic/_internal/_config.py","lineno":383,"logger":"py.warnings"}
{"timestamp":"2026-09-05T13:01:15.384390Z","level":"warning","event":"Using Variable.set from `airflow.models` is deprecated.Please use `set` on Variable from sdk(`airflow.sdk.Variable`) instead","category":"UserWarning","filename":"/home/airflow/.local/lib/python3.13/site-packages/airflow/models/variable.py","lineno":218,"logger":"py.warnings"}
{"timestamp":"2026-09-05T13:01:46.169348Z","level":"info","event":"Filling up the DagBag from /opt/airflow/dags/verdanta_stores.py","logger":"airflow.dag_processing.dagbag.BundleDagBag","filename":"dagbag.py","lineno":469}
{"timestamp":"2026-09-05T13:01:46.232618Z","level":"info","event":"::group::Cosmos DAG parsing logs","logger":"cosmos.converter","filename":"converter.py","lineno":321}
{"timestamp":"2026-09-05T13:01:46.235742Z","level":"info","event":"Cosmos cache dir resolved to /tmp/cosmos/verdanta_stores__dbt_sources","logger":"cosmos.converter","filename":"converter.py","lineno":346}
{"timestamp":"2026-09-05T13:01:46.235941Z","level":"info","event":"Trying to parse the dbt project using dbt ls cache cosmos_cache__verdanta_stores__dbt_sources...","logger":"cosmos.dbt.graph","filename":"graph.py","lineno":869}
{"timestamp":"2026-09-05T13:01:46.375293Z","level":"info","event":"Cosmos performance: time to calculate cache identifier cosmos_cache__verdanta_stores__dbt_sources for current version: 0.12479404299983798","logger":"cosmos.cache","filename":"cache.py","lineno":401}
{"timestamp":"2026-09-05T13:01:46.375471Z","level":"info","event":"Cosmos performance: Cache miss for cosmos_cache__verdanta_stores__dbt_sources - skipped","logger":"cosmos.dbt.graph","filename":"graph.py","lineno":900}
{"timestamp":"2026-09-05T13:01:46.375608Z","level":"info","event":"Trying to parse the dbt project in `/opt/airflow/dbt/verdanta_project` using dbt ls...","logger":"cosmos.dbt.graph","filename":"graph.py","lineno":983}
{"timestamp":"2026-09-05T13:01:46.388226Z","level":"info","event":"Partial parse is enabled and the latest partial parse file is /tmp/cosmos/verdanta_stores__dbt_sources/target/partial_parse.msgpack","logger":"cosmos.dbt.graph","filename":"graph.py","lineno":1002}
{"timestamp":"2026-09-05T13:01:46.413981Z","level":"info","event":"Profile caching is enable.","logger":"cosmos.config","filename":"config.py","lineno":399}
{"timestamp":"2026-09-05T13:01:46.414337Z","level":"info","event":"Profile found in cache using profile: /tmp/cosmos/profile/88b0aa12559803c5b3e8b5b0cefa363d35d21cc93574699baf5727c52eda1f13/profiles.yml.","logger":"cosmos.config","filename":"config.py","lineno":379}
