{"timestamp":"2026-09-05T12:26:33.323741Z","level":"info","event":"Filling up the DagBag from /opt/airflow/dags/verdanta_weekly.py","logger":"airflow.dag_processing.dagbag.BundleDagBag","filename":"dagbag.py","lineno":469}
{"timestamp":"2026-09-05T12:26:33.404141Z","level":"info","event":"::group::Cosmos DAG parsing logs","logger":"cosmos.converter","filename":"converter.py","lineno":321}
{"timestamp":"2026-09-05T12:26:33.410552Z","level":"info","event":"Cosmos cache dir resolved to /tmp/cosmos/verdanta_weekly__dbt_weekly","logger":"cosmos.converter","filename":"converter.py","lineno":346}
{"timestamp":"2026-09-05T12:26:33.410847Z","level":"info","event":"Trying to parse the dbt project using dbt ls cache cosmos_cache__verdanta_weekly__dbt_weekly...","logger":"cosmos.dbt.graph","filename":"graph.py","lineno":869}
{"timestamp":"2026-09-05T12:26:33.584397Z","level":"info","event":"Cosmos performance: time to calculate cache identifier cosmos_cache__verdanta_weekly__dbt_weekly for current version: 0.15749481200001014","logger":"cosmos.cache","filename":"cache.py","lineno":401}
{"timestamp":"2026-09-05T12:26:33.584667Z","level":"info","event":"Cosmos performance [993ed3b2f767|38]: The cache size for cosmos_cache__verdanta_weekly__dbt_weekly is 23804","logger":"cosmos.dbt.graph","filename":"graph.py","lineno":886}
{"timestamp":"2026-09-05T12:26:33.586059Z","level":"info","event":"Cosmos performance: Cache hit for cosmos_cache__verdanta_weekly__dbt_weekly - cec7d2b2130ad93ca8be26282ae433fd,1ae01f5b93cde0ad1f6d9482f1b54abd","logger":"cosmos.dbt.graph","filename":"graph.py","lineno":898}
{"timestamp":"2026-09-05T12:26:33.586241Z","level":"info","event":"Total nodes: 27","logger":"cosmos.dbt.graph","filename":"graph.py","lineno":799}
{"timestamp":"2026-09-05T12:26:33.586389Z","level":"info","event":"Total filtered nodes: 27","logger":"cosmos.dbt.graph","filename":"graph.py","lineno":800}
{"timestamp":"2026-09-05T12:26:33.586623Z","level":"info","event":"Cosmos performance (verdanta_weekly__dbt_weekly) - [993ed3b2f767|38]: It took 0.176s to parse the dbt project for DAG using LoadMode.DBT_LS_CACHE","logger":"cosmos.converter","filename":"converter.py","lineno":371}
{"timestamp":"2026-09-05T12:26:33.616445Z","level":"info","event":"Cosmos performance (verdanta_weekly__dbt_weekly) - [993ed3b2f767|38]: It took 0.0298s to build the Airflow DAG.","logger":"cosmos.converter","filename":"converter.py","lineno":423}
{"timestamp":"2026-09-05T12:26:33.616622Z","level":"info","event":"::endgroup::Cosmos DAG parsing logs","logger":"cosmos.converter","filename":"converter.py","lineno":430}
{"timestamp":"2026-09-05T12:26:33.617137Z","level":"warning","event":"Using Variable.get from `airflow.models` is deprecated.Please use `get` on Variable from sdk(`airflow.sdk.Variable`) instead","category":"UserWarning","filename":"/home/airflow/.local/lib/python3.13/site-packages/airflow/models/variable.py","lineno":158,"logger":"py.warnings"}
{"timestamp":"2026-09-05T12:27:03.744116Z","level":"info","event":"Filling up the DagBag from /opt/airflow/dags/verdanta_weekly.py","logger":"airflow.dag_processing.dagbag.BundleDagBag","filename":"dagbag.py","lineno":469}
{"timestamp":"2026-09-05T12:27:03.834900Z","level":"info","event":"::group::Cosmos DAG parsing logs","logger":"cosmos.converter","filename":"converter.py","lineno":321}
{"timestamp":"2026-09-05T12:27:03.839560Z","level":"info","event":"Cosmos cache dir resolved to /tmp/cosmos/verdanta_weekly__dbt_weekly","logger":"cosmos.converter","filename":"converter.py","lineno":346}
{"timestamp":"2026-09-05T12:27:03.839805Z","level":"info","event":"Trying to parse the dbt project using dbt ls cache cosmos_cache__verdanta_weekly__dbt_weekly...","logger":"cosmos.dbt.graph","filename":"graph.py","lineno":869}
{"timestamp":"2026-09-05T12:27:04.000642Z","level":"info","event":"Cosmos performance: time to calculate cache identifier cosmos_cache__verdanta_weekly__dbt_weekly for current version: 0.1446961079999909","logger":"cosmos.cache","filename":"cache.py","lineno":401}
{"timestamp":"2026-09-05T12:27:04.000862Z","level":"info","event":"Cosmos performance [993ed3b2f767|86]: The cache size for cosmos_cache__verdanta_weekly__dbt_weekly is 23804","logger":"cosmos.dbt.graph","filename":"graph.py","lineno":886}
{"timestamp":"2026-09-05T12:27:04.001784Z","level":"info","event":"Cosmos performance: Cache hit for cosmos_cache__verdanta_weekly__dbt_weekly - cec7d2b2130ad93ca8be26282ae433fd,1ae01f5b93cde0ad1f6d9482f1b54abd","logger":"cosmos.dbt.graph","filename":"graph.py","lineno":898}
{"timestamp":"2026-09-05T12:27:04.001895Z","level":"info","event":"Total nodes: 27","logger":"cosmos.dbt.graph","filename":"graph.py","lineno":799}
{"timestamp":"2026-09-05T12:27:04.001976Z","level":"info","event":"Total filtered nodes: 27","logger":"cosmos.dbt.graph","filename":"graph.py","lineno":800}
{"timestamp":"2026-09-05T12:27:04.002084Z","level":"info","event":"Cosmos performance (verdanta_weekly__dbt_weekly) - [993ed3b2f767|86]: It took 0.162s to parse the dbt project for DAG using LoadMode.DBT_LS_CACHE","logger":"cosmos.converter","filename":"converter.py","lineno":371}
{"timestamp":"2026-09-05T12:27:04.029264Z","level":"info","event":"Cosmos performance (verdanta_weekly__dbt_weekly) - [993ed3b2f767|86]: It took 0.0272s to build the Airflow DAG.","logger":"cosmos.converter","filename":"converter.py","lineno":423}
{"timestamp":"2026-09-05T12:27:04.029434Z","level":"info","event":"::endgroup::Cosmos DAG parsing logs","logger":"cosmos.converter","filename":"converter.py","lineno":430}
{"timestamp":"2026-09-05T12:27:04.029971Z","level":"warning","event":"Using Variable.get from `airflow.models` is deprecated.Please use `get` on Variable from sdk(`airflow.sdk.Variable`) instead","category":"UserWarning","filename":"/home/airflow/.local/lib/python3.13/site-packages/airflow/models/variable.py","lineno":158,"logger":"py.warnings"}
{"timestamp":"2026-09-05T12:27:34.193879Z","level":"info","event":"Filling up the DagBag from /opt/airflow/dags/verdanta_weekly.py","logger":"airflow.dag_processing.dagbag.BundleDagBag","filename":"dagbag.py","lineno":469}
{"timestamp":"2026-09-05T12:27:34.270328Z","level":"info","event":"::group::Cosmos DAG parsing logs","logger":"cosmos.converter","filename":"converter.py","lineno":321}
{"timestamp":"2026-09-05T12:27:34.274576Z","level":"info","event":"Cosmos cache dir resolved to /tmp/cosmos/verdanta_weekly__dbt_weekly","logger":"cosmos.converter","filename":"converter.py","lineno":346}
{"timestamp":"2026-09-05T12:27:34.274848Z","level":"info","event":"Trying to parse the dbt project using dbt ls cache cosmos_cache__verdanta_weekly__dbt_weekly...","logger":"cosmos.dbt.graph","filename":"graph.py","lineno":869}
{"timestamp":"2026-09-05T12:27:34.424937Z","level":"info","event":"Cosmos performance: time to calculate cache identifier cosmos_cache__verdanta_weekly__dbt_weekly for current version: 0.1325926820000234","logger":"cosmos.cache","filename":"cache.py","lineno":401}
{"timestamp":"2026-09-05T12:27:34.425203Z","level":"info","event":"Cosmos performance [993ed3b2f767|115]: The cache size for cosmos_cache__verdanta_weekly__dbt_weekly is 23804","logger":"cosmos.dbt.graph","filename":"graph.py","lineno":886}
{"timestamp":"2026-09-05T12:27:34.426031Z","level":"info","event":"Cosmos performance: Cache hit for cosmos_cache__verdanta_weekly__dbt_weekly - cec7d2b2130ad93ca8be26282ae433fd,1ae01f5b93cde0ad1f6d9482f1b54abd","logger":"cosmos.dbt.graph","filename":"graph.py","lineno":898}
{"timestamp":"2026-09-05T12:27:34.426134Z","level":"info","event":"Total nodes: 27","logger":"cosmos.dbt.graph","filename":"graph.py","lineno":799}
{"timestamp":"2026-09-05T12:27:34.426224Z","level":"info","event":"Total filtered nodes: 27","logger":"cosmos.dbt.graph","filename":"graph.py","lineno":800}
{"timestamp":"2026-09-05T12:27:34.426297Z","level":"info","event":"Cosmos performance (verdanta_weekly__dbt_weekly) - [993ed3b2f767|115]: It took 0.152s to parse the dbt project for DAG using LoadMode.DBT_LS_CACHE","logger":"cosmos.converter","filename":"converter.py","lineno":371}
{"timestamp":"2026-09-05T12:27:34.450576Z","level":"info","event":"Cosmos performance (verdanta_weekly__dbt_weekly) - [993ed3b2f767|115]: It took 0.0242s to build the Airflow DAG.","logger":"cosmos.converter","filename":"converter.py","lineno":423}
{"timestamp":"2026-09-05T12:27:34.450801Z","level":"info","event":"::endgroup::Cosmos DAG parsing logs","logger":"cosmos.converter","filename":"converter.py","lineno":430}
{"timestamp":"2026-09-05T12:27:34.451227Z","level":"warning","event":"Using Variable.get from `airflow.models` is deprecated.Please use `get` on Variable from sdk(`airflow.sdk.Variable`) instead","category":"UserWarning","filename":"/home/airflow/.local/lib/python3.13/site-packages/airflow/models/variable.py","lineno":158,"logger":"py.warnings"}
{"timestamp":"2026-09-05T12:28:04.805313Z","level":"info","event":"Filling up the DagBag from /opt/airflow/dags/verdanta_weekly.py","logger":"airflow.dag_processing.dagbag.BundleDagBag","filename":"dagbag.py","lineno":469}
{"timestamp":"2026-09-05T12:28:04.881534Z","level":"info","event":"::group::Cosmos DAG parsing logs","logger":"cosmos.converter","filename":"converter.py","lineno":321}
{"timestamp":"2026-09-05T12:28:04.885352Z","level":"info","event":"Cosmos cache dir resolved to /tmp/cosmos/verdanta_weekly__dbt_weekly","logger":"cosmos.converter","filename":"converter.py","lineno":346}
{"timestamp":"2026-09-05T12:28:04.885547Z","level":"info","event":"Trying to parse the dbt project using dbt ls cache cosmos_cache__verdanta_weekly__dbt_weekly...","logger":"cosmos.dbt.graph","filename":"graph.py","lineno":869}
{"timestamp":"2026-09-05T12:28:05.033520Z","level":"info","event":"Cosmos performance: time to calculate cache identifier cosmos_cache__verdanta_weekly__dbt_weekly for current version: 0.13320704899999214","logger":"cosmos.cache","filename":"cache.py","lineno":401}
{"timestamp":"2026-09-05T12:28:05.033774Z","level":"info","event":"Cosmos performance [993ed3b2f767|150]: The cache size for cosmos_cache__verdanta_weekly__dbt_weekly is 23804","logger":"cosmos.dbt.graph","filename":"graph.py","lineno":886}
{"timestamp":"2026-09-05T12:28:05.034809Z","level":"info","event":"Cosmos performance: Cache hit for cosmos_cache__verdanta_weekly__dbt_weekly - cec7d2b2130ad93ca8be26282ae433fd,1ae01f5b93cde0ad1f6d9482f1b54abd","logger":"cosmos.dbt.graph","filename":"graph.py","lineno":898}
{"timestamp":"2026-09-05T12:28:05.034965Z","level":"info","event":"Total nodes: 27","logger":"cosmos.dbt.graph","filename":"graph.py","lineno":799}
{"timestamp":"2026-09-05T12:28:05.035033Z","level":"info","event":"Total filtered nodes: 27","logger":"cosmos.dbt.graph","filename":"graph.py","lineno":800}
{"timestamp":"2026-09-05T12:28:05.035102Z","level":"info","event":"Cosmos performance (verdanta_weekly__dbt_weekly) - [993ed3b2f767|150]: It took 0.15s to parse the dbt project for DAG using LoadMode.DBT_LS_CACHE","logger":"cosmos.converter","filename":"converter.py","lineno":371}
{"timestamp":"2026-09-05T12:28:05.062014Z","level":"info","event":"Cosmos performance (verdanta_weekly__dbt_weekly) - [993ed3b2f767|150]: It took 0.0269s to build the Airflow DAG.","logger":"cosmos.converter","filename":"converter.py","lineno":423}
{"timestamp":"2026-09-05T12:28:05.062174Z","level":"info","event":"::endgroup::Cosmos DAG parsing logs","logger":"cosmos.converter","filename":"converter.py","lineno":430}
{"timestamp":"2026-09-05T12:28:05.062695Z","level":"warning","event":"Using Variable.get from `airflow.models` is deprecated.Please use `get` on Variable from sdk(`airflow.sdk.Variable`) instead","category":"UserWarning","filename":"/home/airflow/.local/lib/python3.13/site-packages/airflow/models/variable.py","lineno":158,"logger":"py.warnings"}
{"timestamp":"2026-09-05T12:28:35.605112Z","level":"info","event":"Filling up the DagBag from /opt/airflow/dags/verdanta_weekly.py","logger":"airflow.dag_processing.dagbag.BundleDagBag","filename":"dagbag.py","lineno":469}
{"timestamp":"2026-09-05T12:28:35.678767Z","level":"info","event":"::group::Cosmos DAG parsing logs","logger":"cosmos.converter","filename":"converter.py","lineno":321}
{"timestamp":"2026-09-05T12:28:35.685960Z","level":"info","event":"Cosmos cache dir resolved to /tmp/cosmos/verdanta_weekly__dbt_weekly","logger":"cosmos.converter","filename":"converter.py","lineno":346}
{"timestamp":"2026-09-05T12:28:35.686279Z","level":"info","event":"Trying to parse the dbt project using dbt ls cache cosmos_cache__verdanta_weekly__dbt_weekly...","logger":"cosmos.dbt.graph","filename":"graph.py","lineno":869}
{"timestamp":"2026-09-05T12:28:35.830277Z","level":"info","event":"Cosmos performance: time to calculate cache identifier cosmos_cache__verdanta_weekly__dbt_weekly for current version: 0.12894734200000357","logger":"cosmos.cache","filename":"cache.py","lineno":401}
{"timestamp":"2026-09-05T12:28:35.830518Z","level":"info","event":"Cosmos performance [993ed3b2f767|163]: The cache size for cosmos_cache__verdanta_weekly__dbt_weekly is 23804","logger":"cosmos.dbt.graph","filename":"graph.py","lineno":886}
{"timestamp":"2026-09-05T12:28:35.831395Z","level":"info","event":"Cosmos performance: Cache hit for cosmos_cache__verdanta_weekly__dbt_weekly - cec7d2b2130ad93ca8be26282ae433fd,1ae01f5b93cde0ad1f6d9482f1b54abd","logger":"cosmos.dbt.graph","filename":"graph.py","lineno":898}
{"timestamp":"2026-09-05T12:28:35.831524Z","level":"info","event":"Total nodes: 27","logger":"cosmos.dbt.graph","filename":"graph.py","lineno":799}
{"timestamp":"2026-09-05T12:28:35.831590Z","level":"info","event":"Total filtered nodes: 27","logger":"cosmos.dbt.graph","filename":"graph.py","lineno":800}
{"timestamp":"2026-09-05T12:28:35.831702Z","level":"info","event":"Cosmos performance (verdanta_weekly__dbt_weekly) - [993ed3b2f767|163]: It took 0.145s to parse the dbt project for DAG using LoadMode.DBT_LS_CACHE","logger":"cosmos.converter","filename":"converter.py","lineno":371}
{"timestamp":"2026-09-05T12:28:35.853127Z","level":"info","event":"Cosmos performance (verdanta_weekly__dbt_weekly) - [993ed3b2f767|163]: It took 0.0214s to build the Airflow DAG.","logger":"cosmos.converter","filename":"converter.py","lineno":423}
{"timestamp":"2026-09-05T12:28:35.853311Z","level":"info","event":"::endgroup::Cosmos DAG parsing logs","logger":"cosmos.converter","filename":"converter.py","lineno":430}
{"timestamp":"2026-09-05T12:28:35.853945Z","level":"warning","event":"Using Variable.get from `airflow.models` is deprecated.Please use `get` on Variable from sdk(`airflow.sdk.Variable`) instead","category":"UserWarning","filename":"/home/airflow/.local/lib/python3.13/site-packages/airflow/models/variable.py","lineno":158,"logger":"py.warnings"}
{"timestamp":"2026-09-05T12:29:06.861229Z","level":"info","event":"Filling up the DagBag from /opt/airflow/dags/verdanta_weekly.py","logger":"airflow.dag_processing.dagbag.BundleDagBag","filename":"dagbag.py","lineno":469}
{"timestamp":"2026-09-05T12:29:06.936595Z","level":"info","event":"::group::Cosmos DAG parsing logs","logger":"cosmos.converter","filename":"converter.py","lineno":321}
{"timestamp":"2026-09-05T12:29:06.939764Z","level":"info","event":"Cosmos cache dir resolved to /tmp/cosmos/verdanta_weekly__dbt_weekly","logger":"cosmos.converter","filename":"converter.py","lineno":346}
{"timestamp":"2026-09-05T12:29:06.939968Z","level":"info","event":"Trying to parse the dbt project using dbt ls cache cosmos_cache__verdanta_weekly__dbt_weekly...","logger":"cosmos.dbt.graph","filename":"graph.py","lineno":869}
{"timestamp":"2026-09-05T12:29:07.086987Z","level":"info","event":"Cosmos performance: time to calculate cache identifier cosmos_cache__verdanta_weekly__dbt_weekly for current version: 0.129555933000006","logger":"cosmos.cache","filename":"cache.py","lineno":401}
{"timestamp":"2026-09-05T12:29:07.087193Z","level":"info","event":"Cosmos performance [993ed3b2f767|199]: The cache size for cosmos_cache__verdanta_weekly__dbt_weekly is 23804","logger":"cosmos.dbt.graph","filename":"graph.py","lineno":886}
{"timestamp":"2026-09-05T12:29:07.087969Z","level":"info","event":"Cosmos performance: Cache hit for cosmos_cache__verdanta_weekly__dbt_weekly - cec7d2b2130ad93ca8be26282ae433fd,1ae01f5b93cde0ad1f6d9482f1b54abd","logger":"cosmos.dbt.graph","filename":"graph.py","lineno":898}
{"timestamp":"2026-09-05T12:29:07.088079Z","level":"info","event":"Total nodes: 27","logger":"cosmos.dbt.graph","filename":"graph.py","lineno":799}
{"timestamp":"2026-09-05T12:29:07.088135Z","level":"info","event":"Total filtered nodes: 27","logger":"cosmos.dbt.graph","filename":"graph.py","lineno":800}
{"timestamp":"2026-09-05T12:29:07.088198Z","level":"info","event":"Cosmos performance (verdanta_weekly__dbt_weekly) - [993ed3b2f767|199]: It took 0.148s to parse the dbt project for DAG using LoadMode.DBT_LS_CACHE","logger":"cosmos.converter","filename":"converter.py","lineno":371}
{"timestamp":"2026-09-05T12:29:07.110664Z","level":"info","event":"Cosmos performance (verdanta_weekly__dbt_weekly) - [993ed3b2f767|199]: It took 0.0224s to build the Airflow DAG.","logger":"cosmos.converter","filename":"converter.py","lineno":423}
{"timestamp":"2026-09-05T12:29:07.110789Z","level":"info","event":"::endgroup::Cosmos DAG parsing logs","logger":"cosmos.converter","filename":"converter.py","lineno":430}
{"timestamp":"2026-09-05T12:29:07.111189Z","level":"warning","event":"Using Variable.get from `airflow.models` is deprecated.Please use `get` on Variable from sdk(`airflow.sdk.Variable`) instead","category":"UserWarning","filename":"/home/airflow/.local/lib/python3.13/site-packages/airflow/models/variable.py","lineno":158,"logger":"py.warnings"}
{"timestamp":"2026-09-05T12:29:38.107774Z","level":"info","event":"Filling up the DagBag from /opt/airflow/dags/verdanta_weekly.py","logger":"airflow.dag_processing.dagbag.BundleDagBag","filename":"dagbag.py","lineno":469}
{"timestamp":"2026-09-05T12:29:38.183324Z","level":"info","event":"::group::Cosmos DAG parsing logs","logger":"cosmos.converter","filename":"converter.py","lineno":321}
{"timestamp":"2026-09-05T12:29:38.186384Z","level":"info","event":"Cosmos cache dir resolved to /tmp/cosmos/verdanta_weekly__dbt_weekly","logger":"cosmos.converter","filename":"converter.py","lineno":346}
{"timestamp":"2026-09-05T12:29:38.186607Z","level":"info","event":"Trying to parse the dbt project using dbt ls cache cosmos_cache__verdanta_weekly__dbt_weekly...","logger":"cosmos.dbt.graph","filename":"graph.py","lineno":869}
{"timestamp":"2026-09-05T12:29:38.326625Z","level":"info","event":"Cosmos performance: time to calculate cache identifier cosmos_cache__verdanta_weekly__dbt_weekly for current version: 0.12831954199998563","logger":"cosmos.cache","filename":"cache.py","lineno":401}
{"timestamp":"2026-09-05T12:29:38.326853Z","level":"info","event":"Cosmos performance [993ed3b2f767|235]: The cache size for cosmos_cache__verdanta_weekly__dbt_weekly is 23804","logger":"cosmos.dbt.graph","filename":"graph.py","lineno":886}
{"timestamp":"2026-09-05T12:29:38.327683Z","level":"info","event":"Cosmos performance: Cache hit for cosmos_cache__verdanta_weekly__dbt_weekly - cec7d2b2130ad93ca8be26282ae433fd,1ae01f5b93cde0ad1f6d9482f1b54abd","logger":"cosmos.dbt.graph","filename":"graph.py","lineno":898}
{"timestamp":"2026-09-05T12:29:38.327792Z","level":"info","event":"Total nodes: 27","logger":"cosmos.dbt.graph","filename":"graph.py","lineno":799}
{"timestamp":"2026-09-05T12:29:38.327851Z","level":"info","event":"Total filtered nodes: 27","logger":"cosmos.dbt.graph","filename":"graph.py","lineno":800}
{"timestamp":"2026-09-05T12:29:38.327914Z","level":"info","event":"Cosmos performance (verdanta_weekly__dbt_weekly) - [993ed3b2f767|235]: It took 0.141s to parse the dbt project for DAG using LoadMode.DBT_LS_CACHE","logger":"cosmos.converter","filename":"converter.py","lineno":371}
{"timestamp":"2026-09-05T12:29:38.349877Z","level":"info","event":"Cosmos performance (verdanta_weekly__dbt_weekly) - [993ed3b2f767|235]: It took 0.0219s to build the Airflow DAG.","logger":"cosmos.converter","filename":"converter.py","lineno":423}
{"timestamp":"2026-09-05T12:29:38.350046Z","level":"info","event":"::endgroup::Cosmos DAG parsing logs","logger":"cosmos.converter","filename":"converter.py","lineno":430}
{"timestamp":"2026-09-05T12:29:38.350514Z","level":"warning","event":"Using Variable.get from `airflow.models` is deprecated.Please use `get` on Variable from sdk(`airflow.sdk.Variable`) instead","category":"UserWarning","filename":"/home/airflow/.local/lib/python3.13/site-packages/airflow/models/variable.py","lineno":158,"logger":"py.warnings"}
{"timestamp":"2026-09-05T12:30:08.461567Z","level":"info","event":"Filling up the DagBag from /opt/airflow/dags/verdanta_weekly.py","logger":"airflow.dag_processing.dagbag.BundleDagBag","filename":"dagbag.py","lineno":469}
{"timestamp":"2026-09-05T12:30:08.541621Z","level":"info","event":"::group::Cosmos DAG parsing logs","logger":"cosmos.converter","filename":"converter.py","lineno":321}
{"timestamp":"2026-09-05T12:30:08.544880Z","level":"info","event":"Cosmos cache dir resolved to /tmp/cosmos/verdanta_weekly__dbt_weekly","logger":"cosmos.converter","filename":"converter.py","lineno":346}
{"timestamp":"2026-09-05T12:30:08.545078Z","level":"info","event":"Trying to parse the dbt project using dbt ls cache cosmos_cache__verdanta_weekly__dbt_weekly...","logger":"cosmos.dbt.graph","filename":"graph.py","lineno":869}
{"timestamp":"2026-09-05T12:30:08.689912Z","level":"info","event":"Cosmos performance: time to calculate cache identifier cosmos_cache__verdanta_weekly__dbt_weekly for current version: 0.1305398150000201","logger":"cosmos.cache","filename":"cache.py","lineno":401}
{"timestamp":"2026-09-05T12:30:08.690158Z","level":"info","event":"Cosmos performance [993ed3b2f767|270]: The cache size for cosmos_cache__verdanta_weekly__dbt_weekly is 23804","logger":"cosmos.dbt.graph","filename":"graph.py","lineno":886}
{"timestamp":"2026-09-05T12:30:08.691040Z","level":"info","event":"Cosmos performance: Cache hit for cosmos_cache__verdanta_weekly__dbt_weekly - cec7d2b2130ad93ca8be26282ae433fd,1ae01f5b93cde0ad1f6d9482f1b54abd","logger":"cosmos.dbt.graph","filename":"graph.py","lineno":898}
{"timestamp":"2026-09-05T12:30:08.691185Z","level":"info","event":"Total nodes: 27","logger":"cosmos.dbt.graph","filename":"graph.py","lineno":799}
{"timestamp":"2026-09-05T12:30:08.691266Z","level":"info","event":"Total filtered nodes: 27","logger":"cosmos.dbt.graph","filename":"graph.py","lineno":800}
{"timestamp":"2026-09-05T12:30:08.691339Z","level":"info","event":"Cosmos performance (verdanta_weekly__dbt_weekly) - [993ed3b2f767|270]: It took 0.146s to parse the dbt project for DAG using LoadMode.DBT_LS_CACHE","logger":"cosmos.converter","filename":"converter.py","lineno":371}
{"timestamp":"2026-09-05T12:30:08.715717Z","level":"info","event":"Cosmos performance (verdanta_weekly__dbt_weekly) - [993ed3b2f767|270]: It took 0.0243s to build the Airflow DAG.","logger":"cosmos.converter","filename":"converter.py","lineno":423}
{"timestamp":"2026-09-05T12:30:08.715879Z","level":"info","event":"::endgroup::Cosmos DAG parsing logs","logger":"cosmos.converter","filename":"converter.py","lineno":430}
{"timestamp":"2026-09-05T12:30:08.716368Z","level":"warning","event":"Using Variable.get from `airflow.models` is deprecated.Please use `get` on Variable from sdk(`airflow.sdk.Variable`) instead","category":"UserWarning","filename":"/home/airflow/.local/lib/python3.13/site-packages/airflow/models/variable.py","lineno":158,"logger":"py.warnings"}
{"timestamp":"2026-09-05T12:30:39.431887Z","level":"info","event":"Filling up the DagBag from /opt/airflow/dags/verdanta_weekly.py","logger":"airflow.dag_processing.dagbag.BundleDagBag","filename":"dagbag.py","lineno":469}
{"timestamp":"2026-09-05T12:30:39.507203Z","level":"info","event":"::group::Cosmos DAG parsing logs","logger":"cosmos.converter","filename":"converter.py","lineno":321}
{"timestamp":"2026-09-05T12:30:39.512059Z","level":"info","event":"Cosmos cache dir resolved to /tmp/cosmos/verdanta_weekly__dbt_weekly","logger":"cosmos.converter","filename":"converter.py","lineno":346}
{"timestamp":"2026-09-05T12:30:39.512337Z","level":"info","event":"Trying to parse the dbt project using dbt ls cache cosmos_cache__verdanta_weekly__dbt_weekly...","logger":"cosmos.dbt.graph","filename":"graph.py","lineno":869}
{"timestamp":"2026-09-05T12:30:39.668367Z","level":"info","event":"Cosmos performance: time to calculate cache identifier cosmos_cache__verdanta_weekly__dbt_weekly for current version: 0.13825259300000425","logger":"cosmos.cache","filename":"cache.py","lineno":401}
{"timestamp":"2026-09-05T12:30:39.668588Z","level":"info","event":"Cosmos performance [993ed3b2f767|307]: The cache size for cosmos_cache__verdanta_weekly__dbt_weekly is 23804","logger":"cosmos.dbt.graph","filename":"graph.py","lineno":886}
{"timestamp":"2026-09-05T12:30:39.669573Z","level":"info","event":"Cosmos performance: Cache hit for cosmos_cache__verdanta_weekly__dbt_weekly - cec7d2b2130ad93ca8be26282ae433fd,1ae01f5b93cde0ad1f6d9482f1b54abd","logger":"cosmos.dbt.graph","filename":"graph.py","lineno":898}
{"timestamp":"2026-09-05T12:30:39.669709Z","level":"info","event":"Total nodes: 27","logger":"cosmos.dbt.graph","filename":"graph.py","lineno":799}
{"timestamp":"2026-09-05T12:30:39.669772Z","level":"info","event":"Total filtered nodes: 27","logger":"cosmos.dbt.graph","filename":"graph.py","lineno":800}
{"timestamp":"2026-09-05T12:30:39.669840Z","level":"info","event":"Cosmos performance (verdanta_weekly__dbt_weekly) - [993ed3b2f767|307]: It took 0.158s to parse the dbt project for DAG using LoadMode.DBT_LS_CACHE","logger":"cosmos.converter","filename":"converter.py","lineno":371}
{"timestamp":"2026-09-05T12:30:39.698224Z","level":"info","event":"Cosmos performance (verdanta_weekly__dbt_weekly) - [993ed3b2f767|307]: It took 0.0283s to build the Airflow DAG.","logger":"cosmos.converter","filename":"converter.py","lineno":423}
{"timestamp":"2026-09-05T12:30:39.698397Z","level":"info","event":"::endgroup::Cosmos DAG parsing logs","logger":"cosmos.converter","filename":"converter.py","lineno":430}
{"timestamp":"2026-09-05T12:30:39.698962Z","level":"warning","event":"Using Variable.get from `airflow.models` is deprecated.Please use `get` on Variable from sdk(`airflow.sdk.Variable`) instead","category":"UserWarning","filename":"/home/airflow/.local/lib/python3.13/site-packages/airflow/models/variable.py","lineno":158,"logger":"py.warnings"}
{"timestamp":"2026-09-05T12:31:10.109072Z","level":"info","event":"Filling up the DagBag from /opt/airflow/dags/verdanta_weekly.py","logger":"airflow.dag_processing.dagbag.BundleDagBag","filename":"dagbag.py","lineno":469}
{"timestamp":"2026-09-05T12:31:10.198282Z","level":"info","event":"::group::Cosmos DAG parsing logs","logger":"cosmos.converter","filename":"converter.py","lineno":321}
{"timestamp":"2026-09-05T12:31:10.202715Z","level":"info","event":"Cosmos cache dir resolved to /tmp/cosmos/verdanta_weekly__dbt_weekly","logger":"cosmos.converter","filename":"converter.py","lineno":346}
{"timestamp":"2026-09-05T12:31:10.202961Z","level":"info","event":"Trying to parse the dbt project using dbt ls cache cosmos_cache__verdanta_weekly__dbt_weekly...","logger":"cosmos.dbt.graph","filename":"graph.py","lineno":869}
{"timestamp":"2026-09-05T12:31:10.340799Z","level":"info","event":"Cosmos performance: time to calculate cache identifier cosmos_cache__verdanta_weekly__dbt_weekly for current version: 0.12219986100001279","logger":"cosmos.cache","filename":"cache.py","lineno":401}
{"timestamp":"2026-09-05T12:31:10.341123Z","level":"info","event":"Cosmos performance [993ed3b2f767|321]: The cache size for cosmos_cache__verdanta_weekly__dbt_weekly is 23804","logger":"cosmos.dbt.graph","filename":"graph.py","lineno":886}
{"timestamp":"2026-09-05T12:31:10.342125Z","level":"info","event":"Cosmos performance: Cache hit for cosmos_cache__verdanta_weekly__dbt_weekly - cec7d2b2130ad93ca8be26282ae433fd,1ae01f5b93cde0ad1f6d9482f1b54abd","logger":"cosmos.dbt.graph","filename":"graph.py","lineno":898}
{"timestamp":"2026-09-05T12:31:10.342265Z","level":"info","event":"Total nodes: 27","logger":"cosmos.dbt.graph","filename":"graph.py","lineno":799}
{"timestamp":"2026-09-05T12:31:10.342331Z","level":"info","event":"Total filtered nodes: 27","logger":"cosmos.dbt.graph","filename":"graph.py","lineno":800}
{"timestamp":"2026-09-05T12:31:10.342449Z","level":"info","event":"Cosmos performance (verdanta_weekly__dbt_weekly) - [993ed3b2f767|321]: It took 0.14s to parse the dbt project for DAG using LoadMode.DBT_LS_CACHE","logger":"cosmos.converter","filename":"converter.py","lineno":371}
{"timestamp":"2026-09-05T12:31:10.366641Z","level":"info","event":"Cosmos performance (verdanta_weekly__dbt_weekly) - [993ed3b2f767|321]: It took 0.0242s to build the Airflow DAG.","logger":"cosmos.converter","filename":"converter.py","lineno":423}
{"timestamp":"2026-09-05T12:31:10.366803Z","level":"info","event":"::endgroup::Cosmos DAG parsing logs","logger":"cosmos.converter","filename":"converter.py","lineno":430}
{"timestamp":"2026-09-05T12:31:10.367374Z","level":"warning","event":"Using Variable.get from `airflow.models` is deprecated.Please use `get` on Variable from sdk(`airflow.sdk.Variable`) instead","category":"UserWarning","filename":"/home/airflow/.local/lib/python3.13/site-packages/airflow/models/variable.py","lineno":158,"logger":"py.warnings"}
{"timestamp":"2026-09-05T12:31:40.484115Z","level":"info","event":"Filling up the DagBag from /opt/airflow/dags/verdanta_weekly.py","logger":"airflow.dag_processing.dagbag.BundleDagBag","filename":"dagbag.py","lineno":469}
{"timestamp":"2026-09-05T12:31:40.582724Z","level":"info","event":"::group::Cosmos DAG parsing logs","logger":"cosmos.converter","filename":"converter.py","lineno":321}
{"timestamp":"2026-09-05T12:31:40.589295Z","level":"info","event":"Cosmos cache dir resolved to /tmp/cosmos/verdanta_weekly__dbt_weekly","logger":"cosmos.converter","filename":"converter.py","lineno":346}
{"timestamp":"2026-09-05T12:31:40.589550Z","level":"info","event":"Trying to parse the dbt project using dbt ls cache cosmos_cache__verdanta_weekly__dbt_weekly...","logger":"cosmos.dbt.graph","filename":"graph.py","lineno":869}
{"timestamp":"2026-09-05T12:31:40.763323Z","level":"info","event":"Cosmos performance: time to calculate cache identifier cosmos_cache__verdanta_weekly__dbt_weekly for current version: 0.14626126900003555","logger":"cosmos.cache","filename":"cache.py","lineno":401}
{"timestamp":"2026-09-05T12:31:40.763587Z","level":"info","event":"Cosmos performance [993ed3b2f767|356]: The cache size for cosmos_cache__verdanta_weekly__dbt_weekly is 23804","logger":"cosmos.dbt.graph","filename":"graph.py","lineno":886}
{"timestamp":"2026-09-05T12:31:40.764436Z","level":"info","event":"Cosmos performance: Cache hit for cosmos_cache__verdanta_weekly__dbt_weekly - cec7d2b2130ad93ca8be26282ae433fd,1ae01f5b93cde0ad1f6d9482f1b54abd","logger":"cosmos.dbt.graph","filename":"graph.py","lineno":898}
{"timestamp":"2026-09-05T12:31:40.764560Z","level":"info","event":"Total nodes: 27","logger":"cosmos.dbt.graph","filename":"graph.py","lineno":799}
{"timestamp":"2026-09-05T12:31:40.764622Z","level":"info","event":"Total filtered nodes: 27","logger":"cosmos.dbt.graph","filename":"graph.py","lineno":800}
{"timestamp":"2026-09-05T12:31:40.764689Z","level":"info","event":"Cosmos performance (verdanta_weekly__dbt_weekly) - [993ed3b2f767|356]: It took 0.175s to parse the dbt project for DAG using LoadMode.DBT_LS_CACHE","logger":"cosmos.converter","filename":"converter.py","lineno":371}
{"timestamp":"2026-09-05T12:31:40.793492Z","level":"info","event":"Cosmos performance (verdanta_weekly__dbt_weekly) - [993ed3b2f767|356]: It took 0.0287s to build the Airflow DAG.","logger":"cosmos.converter","filename":"converter.py","lineno":423}
{"timestamp":"2026-09-05T12:31:40.793661Z","level":"info","event":"::endgroup::Cosmos DAG parsing logs","logger":"cosmos.converter","filename":"converter.py","lineno":430}
{"timestamp":"2026-09-05T12:31:40.794284Z","level":"warning","event":"Using Variable.get from `airflow.models` is deprecated.Please use `get` on Variable from sdk(`airflow.sdk.Variable`) instead","category":"UserWarning","filename":"/home/airflow/.local/lib/python3.13/site-packages/airflow/models/variable.py","lineno":158,"logger":"py.warnings"}
{"timestamp":"2026-09-05T12:32:11.759765Z","level":"info","event":"Filling up the DagBag from /opt/airflow/dags/verdanta_weekly.py","logger":"airflow.dag_processing.dagbag.BundleDagBag","filename":"dagbag.py","lineno":469}
{"timestamp":"2026-09-05T12:32:11.865345Z","level":"info","event":"::group::Cosmos DAG parsing logs","logger":"cosmos.converter","filename":"converter.py","lineno":321}
{"timestamp":"2026-09-05T12:32:11.869304Z","level":"info","event":"Cosmos cache dir resolved to /tmp/cosmos/verdanta_weekly__dbt_weekly","logger":"cosmos.converter","filename":"converter.py","lineno":346}
{"timestamp":"2026-09-05T12:32:11.869592Z","level":"info","event":"Trying to parse the dbt project using dbt ls cache cosmos_cache__verdanta_weekly__dbt_weekly...","logger":"cosmos.dbt.graph","filename":"graph.py","lineno":869}
{"timestamp":"2026-09-05T12:32:12.043419Z","level":"info","event":"Cosmos performance: time to calculate cache identifier cosmos_cache__verdanta_weekly__dbt_weekly for current version: 0.15165515199998936","logger":"cosmos.cache","filename":"cache.py","lineno":401}
{"timestamp":"2026-09-05T12:32:12.043712Z","level":"info","event":"Cosmos performance [993ed3b2f767|393]: The cache size for cosmos_cache__verdanta_weekly__dbt_weekly is 23804","logger":"cosmos.dbt.graph","filename":"graph.py","lineno":886}
{"timestamp":"2026-09-05T12:32:12.045303Z","level":"info","event":"Cosmos performance: Cache hit for cosmos_cache__verdanta_weekly__dbt_weekly - cec7d2b2130ad93ca8be26282ae433fd,1ae01f5b93cde0ad1f6d9482f1b54abd","logger":"cosmos.dbt.graph","filename":"graph.py","lineno":898}
{"timestamp":"2026-09-05T12:32:12.045515Z","level":"info","event":"Total nodes: 27","logger":"cosmos.dbt.graph","filename":"graph.py","lineno":799}
{"timestamp":"2026-09-05T12:32:12.045634Z","level":"info","event":"Total filtered nodes: 27","logger":"cosmos.dbt.graph","filename":"graph.py","lineno":800}
{"timestamp":"2026-09-05T12:32:12.045752Z","level":"info","event":"Cosmos performance (verdanta_weekly__dbt_weekly) - [993ed3b2f767|393]: It took 0.176s to parse the dbt project for DAG using LoadMode.DBT_LS_CACHE","logger":"cosmos.converter","filename":"converter.py","lineno":371}
{"timestamp":"2026-09-05T12:32:12.074130Z","level":"info","event":"Cosmos performance (verdanta_weekly__dbt_weekly) - [993ed3b2f767|393]: It took 0.0283s to build the Airflow DAG.","logger":"cosmos.converter","filename":"converter.py","lineno":423}
{"timestamp":"2026-09-05T12:32:12.074290Z","level":"info","event":"::endgroup::Cosmos DAG parsing logs","logger":"cosmos.converter","filename":"converter.py","lineno":430}
{"timestamp":"2026-09-05T12:32:12.074739Z","level":"warning","event":"Using Variable.get from `airflow.models` is deprecated.Please use `get` on Variable from sdk(`airflow.sdk.Variable`) instead","category":"UserWarning","filename":"/home/airflow/.local/lib/python3.13/site-packages/airflow/models/variable.py","lineno":158,"logger":"py.warnings"}
{"timestamp":"2026-09-05T12:32:42.564246Z","level":"info","event":"Filling up the DagBag from /opt/airflow/dags/verdanta_weekly.py","logger":"airflow.dag_processing.dagbag.BundleDagBag","filename":"dagbag.py","lineno":469}
{"timestamp":"2026-09-05T12:32:42.675452Z","level":"info","event":"::group::Cosmos DAG parsing logs","logger":"cosmos.converter","filename":"converter.py","lineno":321}
{"timestamp":"2026-09-05T12:32:42.678688Z","level":"info","event":"Cosmos cache dir resolved to /tmp/cosmos/verdanta_weekly__dbt_weekly","logger":"cosmos.converter","filename":"converter.py","lineno":346}
{"timestamp":"2026-09-05T12:32:42.678940Z","level":"info","event":"Trying to parse the dbt project using dbt ls cache cosmos_cache__verdanta_weekly__dbt_weekly...","logger":"cosmos.dbt.graph","filename":"graph.py","lineno":869}
{"timestamp":"2026-09-05T12:32:42.822495Z","level":"info","event":"Cosmos performance: time to calculate cache identifier cosmos_cache__verdanta_weekly__dbt_weekly for current version: 0.12696991400002844","logger":"cosmos.cache","filename":"cache.py","lineno":401}
{"timestamp":"2026-09-05T12:32:42.822678Z","level":"info","event":"Cosmos performance [993ed3b2f767|429]: The cache size for cosmos_cache__verdanta_weekly__dbt_weekly is 23804","logger":"cosmos.dbt.graph","filename":"graph.py","lineno":886}
{"timestamp":"2026-09-05T12:32:42.823522Z","level":"info","event":"Cosmos performance: Cache hit for cosmos_cache__verdanta_weekly__dbt_weekly - cec7d2b2130ad93ca8be26282ae433fd,1ae01f5b93cde0ad1f6d9482f1b54abd","logger":"cosmos.dbt.graph","filename":"graph.py","lineno":898}
{"timestamp":"2026-09-05T12:32:42.823641Z","level":"info","event":"Total nodes: 27","logger":"cosmos.dbt.graph","filename":"graph.py","lineno":799}
{"timestamp":"2026-09-05T12:32:42.823701Z","level":"info","event":"Total filtered nodes: 27","logger":"cosmos.dbt.graph","filename":"graph.py","lineno":800}
{"timestamp":"2026-09-05T12:32:42.823768Z","level":"info","event":"Cosmos performance (verdanta_weekly__dbt_weekly) - [993ed3b2f767|429]: It took 0.145s to parse the dbt project for DAG using LoadMode.DBT_LS_CACHE","logger":"cosmos.converter","filename":"converter.py","lineno":371}
{"timestamp":"2026-09-05T12:32:42.846544Z","level":"info","event":"Cosmos performance (verdanta_weekly__dbt_weekly) - [993ed3b2f767|429]: It took 0.0227s to build the Airflow DAG.","logger":"cosmos.converter","filename":"converter.py","lineno":423}
{"timestamp":"2026-09-05T12:32:42.846706Z","level":"info","event":"::endgroup::Cosmos DAG parsing logs","logger":"cosmos.converter","filename":"converter.py","lineno":430}
{"timestamp":"2026-09-05T12:32:42.847241Z","level":"warning","event":"Using Variable.get from `airflow.models` is deprecated.Please use `get` on Variable from sdk(`airflow.sdk.Variable`) instead","category":"UserWarning","filename":"/home/airflow/.local/lib/python3.13/site-packages/airflow/models/variable.py","lineno":158,"logger":"py.warnings"}
{"timestamp":"2026-09-05T12:33:14.054491Z","level":"info","event":"Filling up the DagBag from /opt/airflow/dags/verdanta_weekly.py","logger":"airflow.dag_processing.dagbag.BundleDagBag","filename":"dagbag.py","lineno":469}
{"timestamp":"2026-09-05T12:33:14.131713Z","level":"info","event":"::group::Cosmos DAG parsing logs","logger":"cosmos.converter","filename":"converter.py","lineno":321}
{"timestamp":"2026-09-05T12:33:14.135008Z","level":"info","event":"Cosmos cache dir resolved to /tmp/cosmos/verdanta_weekly__dbt_weekly","logger":"cosmos.converter","filename":"converter.py","lineno":346}
{"timestamp":"2026-09-05T12:33:14.135237Z","level":"info","event":"Trying to parse the dbt project using dbt ls cache cosmos_cache__verdanta_weekly__dbt_weekly...","logger":"cosmos.dbt.graph","filename":"graph.py","lineno":869}
{"timestamp":"2026-09-05T12:33:14.290129Z","level":"info","event":"Cosmos performance: time to calculate cache identifier cosmos_cache__verdanta_weekly__dbt_weekly for current version: 0.13816584900001772","logger":"cosmos.cache","filename":"cache.py","lineno":401}
{"timestamp":"2026-09-05T12:33:14.290350Z","level":"info","event":"Cosmos performance [993ed3b2f767|465]: The cache size for cosmos_cache__verdanta_weekly__dbt_weekly is 23804","logger":"cosmos.dbt.graph","filename":"graph.py","lineno":886}
{"timestamp":"2026-09-05T12:33:14.291215Z","level":"info","event":"Cosmos performance: Cache hit for cosmos_cache__verdanta_weekly__dbt_weekly - cec7d2b2130ad93ca8be26282ae433fd,1ae01f5b93cde0ad1f6d9482f1b54abd","logger":"cosmos.dbt.graph","filename":"graph.py","lineno":898}
{"timestamp":"2026-09-05T12:33:14.291343Z","level":"info","event":"Total nodes: 27","logger":"cosmos.dbt.graph","filename":"graph.py","lineno":799}
{"timestamp":"2026-09-05T12:33:14.291408Z","level":"info","event":"Total filtered nodes: 27","logger":"cosmos.dbt.graph","filename":"graph.py","lineno":800}
{"timestamp":"2026-09-05T12:33:14.291476Z","level":"info","event":"Cosmos performance (verdanta_weekly__dbt_weekly) - [993ed3b2f767|465]: It took 0.156s to parse the dbt project for DAG using LoadMode.DBT_LS_CACHE","logger":"cosmos.converter","filename":"converter.py","lineno":371}
{"timestamp":"2026-09-05T12:33:14.320765Z","level":"info","event":"Cosmos performance (verdanta_weekly__dbt_weekly) - [993ed3b2f767|465]: It took 0.0292s to build the Airflow DAG.","logger":"cosmos.converter","filename":"converter.py","lineno":423}
{"timestamp":"2026-09-05T12:33:14.320980Z","level":"info","event":"::endgroup::Cosmos DAG parsing logs","logger":"cosmos.converter","filename":"converter.py","lineno":430}
{"timestamp":"2026-09-05T12:33:14.321671Z","level":"warning","event":"Using Variable.get from `airflow.models` is deprecated.Please use `get` on Variable from sdk(`airflow.sdk.Variable`) instead","category":"UserWarning","filename":"/home/airflow/.local/lib/python3.13/site-packages/airflow/models/variable.py","lineno":158,"logger":"py.warnings"}
{"timestamp":"2026-09-05T12:33:44.811084Z","level":"info","event":"Filling up the DagBag from /opt/airflow/dags/verdanta_weekly.py","logger":"airflow.dag_processing.dagbag.BundleDagBag","filename":"dagbag.py","lineno":469}
{"timestamp":"2026-09-05T12:33:44.888153Z","level":"info","event":"::group::Cosmos DAG parsing logs","logger":"cosmos.converter","filename":"converter.py","lineno":321}
{"timestamp":"2026-09-05T12:33:44.891727Z","level":"info","event":"Cosmos cache dir resolved to /tmp/cosmos/verdanta_weekly__dbt_weekly","logger":"cosmos.converter","filename":"converter.py","lineno":346}
{"timestamp":"2026-09-05T12:33:44.891987Z","level":"info","event":"Trying to parse the dbt project using dbt ls cache cosmos_cache__verdanta_weekly__dbt_weekly...","logger":"cosmos.dbt.graph","filename":"graph.py","lineno":869}
{"timestamp":"2026-09-05T12:33:45.043800Z","level":"info","event":"Cosmos performance: time to calculate cache identifier cosmos_cache__verdanta_weekly__dbt_weekly for current version: 0.13039172699996016","logger":"cosmos.cache","filename":"cache.py","lineno":401}
{"timestamp":"2026-09-05T12:33:45.044021Z","level":"info","event":"Cosmos performance [993ed3b2f767|479]: The cache size for cosmos_cache__verdanta_weekly__dbt_weekly is 23804","logger":"cosmos.dbt.graph","filename":"graph.py","lineno":886}
{"timestamp":"2026-09-05T12:33:45.044897Z","level":"info","event":"Cosmos performance: Cache hit for cosmos_cache__verdanta_weekly__dbt_weekly - cec7d2b2130ad93ca8be26282ae433fd,1ae01f5b93cde0ad1f6d9482f1b54abd","logger":"cosmos.dbt.graph","filename":"graph.py","lineno":898}
{"timestamp":"2026-09-05T12:33:45.045038Z","level":"info","event":"Total nodes: 27","logger":"cosmos.dbt.graph","filename":"graph.py","lineno":799}
{"timestamp":"2026-09-05T12:33:45.045114Z","level":"info","event":"Total filtered nodes: 27","logger":"cosmos.dbt.graph","filename":"graph.py","lineno":800}
{"timestamp":"2026-09-05T12:33:45.045205Z","level":"info","event":"Cosmos performance (verdanta_weekly__dbt_weekly) - [993ed3b2f767|479]: It took 0.153s to parse the dbt project for DAG using LoadMode.DBT_LS_CACHE","logger":"cosmos.converter","filename":"converter.py","lineno":371}
{"timestamp":"2026-09-05T12:33:45.068221Z","level":"info","event":"Cosmos performance (verdanta_weekly__dbt_weekly) - [993ed3b2f767|479]: It took 0.023s to build the Airflow DAG.","logger":"cosmos.converter","filename":"converter.py","lineno":423}
{"timestamp":"2026-09-05T12:33:45.068403Z","level":"info","event":"::endgroup::Cosmos DAG parsing logs","logger":"cosmos.converter","filename":"converter.py","lineno":430}
{"timestamp":"2026-09-05T12:33:45.068921Z","level":"warning","event":"Using Variable.get from `airflow.models` is deprecated.Please use `get` on Variable from sdk(`airflow.sdk.Variable`) instead","category":"UserWarning","filename":"/home/airflow/.local/lib/python3.13/site-packages/airflow/models/variable.py","lineno":158,"logger":"py.warnings"}
{"timestamp":"2026-09-05T12:34:15.725899Z","level":"info","event":"Filling up the DagBag from /opt/airflow/dags/verdanta_weekly.py","logger":"airflow.dag_processing.dagbag.BundleDagBag","filename":"dagbag.py","lineno":469}
{"timestamp":"2026-09-05T12:34:15.808351Z","level":"info","event":"::group::Cosmos DAG parsing logs","logger":"cosmos.converter","filename":"converter.py","lineno":321}
{"timestamp":"2026-09-05T12:34:15.812037Z","level":"info","event":"Cosmos cache dir resolved to /tmp/cosmos/verdanta_weekly__dbt_weekly","logger":"cosmos.converter","filename":"converter.py","lineno":346}
{"timestamp":"2026-09-05T12:34:15.812294Z","level":"info","event":"Trying to parse the dbt project using dbt ls cache cosmos_cache__verdanta_weekly__dbt_weekly...","logger":"cosmos.dbt.graph","filename":"graph.py","lineno":869}
{"timestamp":"2026-09-05T12:34:15.974405Z","level":"info","event":"Cosmos performance: time to calculate cache identifier cosmos_cache__verdanta_weekly__dbt_weekly for current version: 0.14648945999999796","logger":"cosmos.cache","filename":"cache.py","lineno":401}
{"timestamp":"2026-09-05T12:34:15.974622Z","level":"info","event":"Cosmos performance [993ed3b2f767|514]: The cache size for cosmos_cache__verdanta_weekly__dbt_weekly is 23804","logger":"cosmos.dbt.graph","filename":"graph.py","lineno":886}
{"timestamp":"2026-09-05T12:34:15.975530Z","level":"info","event":"Cosmos performance: Cache hit for cosmos_cache__verdanta_weekly__dbt_weekly - cec7d2b2130ad93ca8be26282ae433fd,1ae01f5b93cde0ad1f6d9482f1b54abd","logger":"cosmos.dbt.graph","filename":"graph.py","lineno":898}
{"timestamp":"2026-09-05T12:34:15.975662Z","level":"info","event":"Total nodes: 27","logger":"cosmos.dbt.graph","filename":"graph.py","lineno":799}
{"timestamp":"2026-09-05T12:34:15.975724Z","level":"info","event":"Total filtered nodes: 27","logger":"cosmos.dbt.graph","filename":"graph.py","lineno":800}
{"timestamp":"2026-09-05T12:34:15.975793Z","level":"info","event":"Cosmos performance (verdanta_weekly__dbt_weekly) - [993ed3b2f767|514]: It took 0.164s to parse the dbt project for DAG using LoadMode.DBT_LS_CACHE","logger":"cosmos.converter","filename":"converter.py","lineno":371}
{"timestamp":"2026-09-05T12:34:16.001012Z","level":"info","event":"Cosmos performance (verdanta_weekly__dbt_weekly) - [993ed3b2f767|514]: It took 0.0251s to build the Airflow DAG.","logger":"cosmos.converter","filename":"converter.py","lineno":423}
{"timestamp":"2026-09-05T12:34:16.001226Z","level":"info","event":"::endgroup::Cosmos DAG parsing logs","logger":"cosmos.converter","filename":"converter.py","lineno":430}
{"timestamp":"2026-09-05T12:34:16.001707Z","level":"warning","event":"Using Variable.get from `airflow.models` is deprecated.Please use `get` on Variable from sdk(`airflow.sdk.Variable`) instead","category":"UserWarning","filename":"/home/airflow/.local/lib/python3.13/site-packages/airflow/models/variable.py","lineno":158,"logger":"py.warnings"}
{"timestamp":"2026-09-05T12:34:46.816346Z","level":"info","event":"Filling up the DagBag from /opt/airflow/dags/verdanta_weekly.py","logger":"airflow.dag_processing.dagbag.BundleDagBag","filename":"dagbag.py","lineno":469}
{"timestamp":"2026-09-05T12:34:46.902011Z","level":"info","event":"::group::Cosmos DAG parsing logs","logger":"cosmos.converter","filename":"converter.py","lineno":321}
{"timestamp":"2026-09-05T12:34:46.909382Z","level":"info","event":"Cosmos cache dir resolved to /tmp/cosmos/verdanta_weekly__dbt_weekly","logger":"cosmos.converter","filename":"converter.py","lineno":346}
{"timestamp":"2026-09-05T12:34:46.909565Z","level":"info","event":"Trying to parse the dbt project using dbt ls cache cosmos_cache__verdanta_weekly__dbt_weekly...","logger":"cosmos.dbt.graph","filename":"graph.py","lineno":869}
{"timestamp":"2026-09-05T12:34:47.052425Z","level":"info","event":"Cosmos performance: time to calculate cache identifier cosmos_cache__verdanta_weekly__dbt_weekly for current version: 0.12571054899990486","logger":"cosmos.cache","filename":"cache.py","lineno":401}
{"timestamp":"2026-09-05T12:34:47.052692Z","level":"info","event":"Cosmos performance [993ed3b2f767|543]: The cache size for cosmos_cache__verdanta_weekly__dbt_weekly is 23804","logger":"cosmos.dbt.graph","filename":"graph.py","lineno":886}
{"timestamp":"2026-09-05T12:34:47.053455Z","level":"info","event":"Cosmos performance: Cache hit for cosmos_cache__verdanta_weekly__dbt_weekly - cec7d2b2130ad93ca8be26282ae433fd,1ae01f5b93cde0ad1f6d9482f1b54abd","logger":"cosmos.dbt.graph","filename":"graph.py","lineno":898}
{"timestamp":"2026-09-05T12:34:47.053562Z","level":"info","event":"Total nodes: 27","logger":"cosmos.dbt.graph","filename":"graph.py","lineno":799}
{"timestamp":"2026-09-05T12:34:47.053619Z","level":"info","event":"Total filtered nodes: 27","logger":"cosmos.dbt.graph","filename":"graph.py","lineno":800}
{"timestamp":"2026-09-05T12:34:47.053682Z","level":"info","event":"Cosmos performance (verdanta_weekly__dbt_weekly) - [993ed3b2f767|543]: It took 0.144s to parse the dbt project for DAG using LoadMode.DBT_LS_CACHE","logger":"cosmos.converter","filename":"converter.py","lineno":371}
{"timestamp":"2026-09-05T12:34:47.075196Z","level":"info","event":"Cosmos performance (verdanta_weekly__dbt_weekly) - [993ed3b2f767|543]: It took 0.0215s to build the Airflow DAG.","logger":"cosmos.converter","filename":"converter.py","lineno":423}
{"timestamp":"2026-09-05T12:34:47.075352Z","level":"info","event":"::endgroup::Cosmos DAG parsing logs","logger":"cosmos.converter","filename":"converter.py","lineno":430}
{"timestamp":"2026-09-05T12:34:47.075868Z","level":"warning","event":"Using Variable.get from `airflow.models` is deprecated.Please use `get` on Variable from sdk(`airflow.sdk.Variable`) instead","category":"UserWarning","filename":"/home/airflow/.local/lib/python3.13/site-packages/airflow/models/variable.py","lineno":158,"logger":"py.warnings"}
{"timestamp":"2026-09-05T12:35:17.669371Z","level":"info","event":"Filling up the DagBag from /opt/airflow/dags/verdanta_weekly.py","logger":"airflow.dag_processing.dagbag.BundleDagBag","filename":"dagbag.py","lineno":469}
{"timestamp":"2026-09-05T12:35:17.749482Z","level":"info","event":"::group::Cosmos DAG parsing logs","logger":"cosmos.converter","filename":"converter.py","lineno":321}
{"timestamp":"2026-09-05T12:35:17.753323Z","level":"info","event":"Cosmos cache dir resolved to /tmp/cosmos/verdanta_weekly__dbt_weekly","logger":"cosmos.converter","filename":"converter.py","lineno":346}
{"timestamp":"2026-09-05T12:35:17.753531Z","level":"info","event":"Trying to parse the dbt project using dbt ls cache cosmos_cache__verdanta_weekly__dbt_weekly...","logger":"cosmos.dbt.graph","filename":"graph.py","lineno":869}
{"timestamp":"2026-09-05T12:35:17.901009Z","level":"info","event":"Cosmos performance: time to calculate cache identifier cosmos_cache__verdanta_weekly__dbt_weekly for current version: 0.13203523000004225","logger":"cosmos.cache","filename":"cache.py","lineno":401}
{"timestamp":"2026-09-05T12:35:17.901232Z","level":"info","event":"Cosmos performance [993ed3b2f767|579]: The cache size for cosmos_cache__verdanta_weekly__dbt_weekly is 23804","logger":"cosmos.dbt.graph","filename":"graph.py","lineno":886}
{"timestamp":"2026-09-05T12:35:17.902197Z","level":"info","event":"Cosmos performance: Cache hit for cosmos_cache__verdanta_weekly__dbt_weekly - cec7d2b2130ad93ca8be26282ae433fd,1ae01f5b93cde0ad1f6d9482f1b54abd","logger":"cosmos.dbt.graph","filename":"graph.py","lineno":898}
{"timestamp":"2026-09-05T12:35:17.902342Z","level":"info","event":"Total nodes: 27","logger":"cosmos.dbt.graph","filename":"graph.py","lineno":799}
{"timestamp":"2026-09-05T12:35:17.902406Z","level":"info","event":"Total filtered nodes: 27","logger":"cosmos.dbt.graph","filename":"graph.py","lineno":800}
{"timestamp":"2026-09-05T12:35:17.902481Z","level":"info","event":"Cosmos performance (verdanta_weekly__dbt_weekly) - [993ed3b2f767|579]: It took 0.149s to parse the dbt project for DAG using LoadMode.DBT_LS_CACHE","logger":"cosmos.converter","filename":"converter.py","lineno":371}
{"timestamp":"2026-09-05T12:35:17.925223Z","level":"info","event":"Cosmos performance (verdanta_weekly__dbt_weekly) - [993ed3b2f767|579]: It took 0.0227s to build the Airflow DAG.","logger":"cosmos.converter","filename":"converter.py","lineno":423}
{"timestamp":"2026-09-05T12:35:17.925388Z","level":"info","event":"::endgroup::Cosmos DAG parsing logs","logger":"cosmos.converter","filename":"converter.py","lineno":430}
{"timestamp":"2026-09-05T12:35:17.925909Z","level":"warning","event":"Using Variable.get from `airflow.models` is deprecated.Please use `get` on Variable from sdk(`airflow.sdk.Variable`) instead","category":"UserWarning","filename":"/home/airflow/.local/lib/python3.13/site-packages/airflow/models/variable.py","lineno":158,"logger":"py.warnings"}
{"timestamp":"2026-09-05T12:35:48.955702Z","level":"info","event":"Filling up the DagBag from /opt/airflow/dags/verdanta_weekly.py","logger":"airflow.dag_processing.dagbag.BundleDagBag","filename":"dagbag.py","lineno":469}
{"timestamp":"2026-09-05T12:35:49.021640Z","level":"info","event":"::group::Cosmos DAG parsing logs","logger":"cosmos.converter","filename":"converter.py","lineno":321}
{"timestamp":"2026-09-05T12:35:49.024861Z","level":"info","event":"Cosmos cache dir resolved to /tmp/cosmos/verdanta_weekly__dbt_weekly","logger":"cosmos.converter","filename":"converter.py","lineno":346}
{"timestamp":"2026-09-05T12:35:49.025072Z","level":"info","event":"Trying to parse the dbt project using dbt ls cache cosmos_cache__verdanta_weekly__dbt_weekly...","logger":"cosmos.dbt.graph","filename":"graph.py","lineno":869}
{"timestamp":"2026-09-05T12:35:49.171736Z","level":"info","event":"Cosmos performance: time to calculate cache identifier cosmos_cache__verdanta_weekly__dbt_weekly for current version: 0.1351531809999642","logger":"cosmos.cache","filename":"cache.py","lineno":401}
{"timestamp":"2026-09-05T12:35:49.171907Z","level":"info","event":"Cosmos performance [993ed3b2f767|617]: The cache size for cosmos_cache__verdanta_weekly__dbt_weekly is 23804","logger":"cosmos.dbt.graph","filename":"graph.py","lineno":886}
{"timestamp":"2026-09-05T12:35:49.172676Z","level":"info","event":"Cosmos performance: Cache hit for cosmos_cache__verdanta_weekly__dbt_weekly - cec7d2b2130ad93ca8be26282ae433fd,1ae01f5b93cde0ad1f6d9482f1b54abd","logger":"cosmos.dbt.graph","filename":"graph.py","lineno":898}
{"timestamp":"2026-09-05T12:35:49.172790Z","level":"info","event":"Total nodes: 27","logger":"cosmos.dbt.graph","filename":"graph.py","lineno":799}
{"timestamp":"2026-09-05T12:35:49.172848Z","level":"info","event":"Total filtered nodes: 27","logger":"cosmos.dbt.graph","filename":"graph.py","lineno":800}
{"timestamp":"2026-09-05T12:35:49.172911Z","level":"info","event":"Cosmos performance (verdanta_weekly__dbt_weekly) - [993ed3b2f767|617]: It took 0.148s to parse the dbt project for DAG using LoadMode.DBT_LS_CACHE","logger":"cosmos.converter","filename":"converter.py","lineno":371}
{"timestamp":"2026-09-05T12:35:49.197530Z","level":"info","event":"Cosmos performance (verdanta_weekly__dbt_weekly) - [993ed3b2f767|617]: It took 0.0246s to build the Airflow DAG.","logger":"cosmos.converter","filename":"converter.py","lineno":423}
{"timestamp":"2026-09-05T12:35:49.197678Z","level":"info","event":"::endgroup::Cosmos DAG parsing logs","logger":"cosmos.converter","filename":"converter.py","lineno":430}
{"timestamp":"2026-09-05T12:35:49.198092Z","level":"warning","event":"Using Variable.get from `airflow.models` is deprecated.Please use `get` on Variable from sdk(`airflow.sdk.Variable`) instead","category":"UserWarning","filename":"/home/airflow/.local/lib/python3.13/site-packages/airflow/models/variable.py","lineno":158,"logger":"py.warnings"}
{"timestamp":"2026-09-05T12:36:19.553797Z","level":"info","event":"Filling up the DagBag from /opt/airflow/dags/verdanta_weekly.py","logger":"airflow.dag_processing.dagbag.BundleDagBag","filename":"dagbag.py","lineno":469}
{"timestamp":"2026-09-05T12:36:19.627000Z","level":"info","event":"::group::Cosmos DAG parsing logs","logger":"cosmos.converter","filename":"converter.py","lineno":321}
{"timestamp":"2026-09-05T12:36:19.631309Z","level":"info","event":"Cosmos cache dir resolved to /tmp/cosmos/verdanta_weekly__dbt_weekly","logger":"cosmos.converter","filename":"converter.py","lineno":346}
{"timestamp":"2026-09-05T12:36:19.631538Z","level":"info","event":"Trying to parse the dbt project using dbt ls cache cosmos_cache__verdanta_weekly__dbt_weekly...","logger":"cosmos.dbt.graph","filename":"graph.py","lineno":869}
{"timestamp":"2026-09-05T12:36:19.771911Z","level":"info","event":"Cosmos performance: time to calculate cache identifier cosmos_cache__verdanta_weekly__dbt_weekly for current version: 0.12854624800002057","logger":"cosmos.cache","filename":"cache.py","lineno":401}
{"timestamp":"2026-09-05T12:36:19.772104Z","level":"info","event":"Cosmos performance [993ed3b2f767|629]: The cache size for cosmos_cache__verdanta_weekly__dbt_weekly is 23804","logger":"cosmos.dbt.graph","filename":"graph.py","lineno":886}
{"timestamp":"2026-09-05T12:36:19.773362Z","level":"info","event":"Cosmos performance: Cache hit for cosmos_cache__verdanta_weekly__dbt_weekly - cec7d2b2130ad93ca8be26282ae433fd,1ae01f5b93cde0ad1f6d9482f1b54abd","logger":"cosmos.dbt.graph","filename":"graph.py","lineno":898}
{"timestamp":"2026-09-05T12:36:19.773481Z","level":"info","event":"Total nodes: 27","logger":"cosmos.dbt.graph","filename":"graph.py","lineno":799}
{"timestamp":"2026-09-05T12:36:19.773579Z","level":"info","event":"Total filtered nodes: 27","logger":"cosmos.dbt.graph","filename":"graph.py","lineno":800}
{"timestamp":"2026-09-05T12:36:19.773647Z","level":"info","event":"Cosmos performance (verdanta_weekly__dbt_weekly) - [993ed3b2f767|629]: It took 0.142s to parse the dbt project for DAG using LoadMode.DBT_LS_CACHE","logger":"cosmos.converter","filename":"converter.py","lineno":371}
{"timestamp":"2026-09-05T12:36:19.793457Z","level":"info","event":"Cosmos performance (verdanta_weekly__dbt_weekly) - [993ed3b2f767|629]: It took 0.0198s to build the Airflow DAG.","logger":"cosmos.converter","filename":"converter.py","lineno":423}
{"timestamp":"2026-09-05T12:36:19.793614Z","level":"info","event":"::endgroup::Cosmos DAG parsing logs","logger":"cosmos.converter","filename":"converter.py","lineno":430}
{"timestamp":"2026-09-05T12:36:19.794025Z","level":"warning","event":"Using Variable.get from `airflow.models` is deprecated.Please use `get` on Variable from sdk(`airflow.sdk.Variable`) instead","category":"UserWarning","filename":"/home/airflow/.local/lib/python3.13/site-packages/airflow/models/variable.py","lineno":158,"logger":"py.warnings"}
{"timestamp":"2026-09-05T12:36:50.336285Z","level":"info","event":"Filling up the DagBag from /opt/airflow/dags/verdanta_weekly.py","logger":"airflow.dag_processing.dagbag.BundleDagBag","filename":"dagbag.py","lineno":469}
{"timestamp":"2026-09-05T12:36:50.416618Z","level":"info","event":"::group::Cosmos DAG parsing logs","logger":"cosmos.converter","filename":"converter.py","lineno":321}
{"timestamp":"2026-09-05T12:36:50.420073Z","level":"info","event":"Cosmos cache dir resolved to /tmp/cosmos/verdanta_weekly__dbt_weekly","logger":"cosmos.converter","filename":"converter.py","lineno":346}
{"timestamp":"2026-09-05T12:36:50.420297Z","level":"info","event":"Trying to parse the dbt project using dbt ls cache cosmos_cache__verdanta_weekly__dbt_weekly...","logger":"cosmos.dbt.graph","filename":"graph.py","lineno":869}
{"timestamp":"2026-09-05T12:36:50.576729Z","level":"info","event":"Cosmos performance: time to calculate cache identifier cosmos_cache__verdanta_weekly__dbt_weekly for current version: 0.14201911099996778","logger":"cosmos.cache","filename":"cache.py","lineno":401}
{"timestamp":"2026-09-05T12:36:50.577112Z","level":"info","event":"Cosmos performance [993ed3b2f767|665]: The cache size for cosmos_cache__verdanta_weekly__dbt_weekly is 23804","logger":"cosmos.dbt.graph","filename":"graph.py","lineno":886}
{"timestamp":"2026-09-05T12:36:50.578061Z","level":"info","event":"Cosmos performance: Cache hit for cosmos_cache__verdanta_weekly__dbt_weekly - cec7d2b2130ad93ca8be26282ae433fd,1ae01f5b93cde0ad1f6d9482f1b54abd","logger":"cosmos.dbt.graph","filename":"graph.py","lineno":898}
{"timestamp":"2026-09-05T12:36:50.578192Z","level":"info","event":"Total nodes: 27","logger":"cosmos.dbt.graph","filename":"graph.py","lineno":799}
{"timestamp":"2026-09-05T12:36:50.578316Z","level":"info","event":"Total filtered nodes: 27","logger":"cosmos.dbt.graph","filename":"graph.py","lineno":800}
{"timestamp":"2026-09-05T12:36:50.578433Z","level":"info","event":"Cosmos performance (verdanta_weekly__dbt_weekly) - [993ed3b2f767|665]: It took 0.158s to parse the dbt project for DAG using LoadMode.DBT_LS_CACHE","logger":"cosmos.converter","filename":"converter.py","lineno":371}
{"timestamp":"2026-09-05T12:36:50.602614Z","level":"info","event":"Cosmos performance (verdanta_weekly__dbt_weekly) - [993ed3b2f767|665]: It took 0.0241s to build the Airflow DAG.","logger":"cosmos.converter","filename":"converter.py","lineno":423}
{"timestamp":"2026-09-05T12:36:50.602777Z","level":"info","event":"::endgroup::Cosmos DAG parsing logs","logger":"cosmos.converter","filename":"converter.py","lineno":430}
{"timestamp":"2026-09-05T12:36:50.603246Z","level":"warning","event":"Using Variable.get from `airflow.models` is deprecated.Please use `get` on Variable from sdk(`airflow.sdk.Variable`) instead","category":"UserWarning","filename":"/home/airflow/.local/lib/python3.13/site-packages/airflow/models/variable.py","lineno":158,"logger":"py.warnings"}
{"timestamp":"2026-09-05T12:37:20.739501Z","level":"info","event":"Filling up the DagBag from /opt/airflow/dags/verdanta_weekly.py","logger":"airflow.dag_processing.dagbag.BundleDagBag","filename":"dagbag.py","lineno":469}
{"timestamp":"2026-09-05T12:37:20.829512Z","level":"info","event":"::group::Cosmos DAG parsing logs","logger":"cosmos.converter","filename":"converter.py","lineno":321}
{"timestamp":"2026-09-05T12:37:20.834134Z","level":"info","event":"Cosmos cache dir resolved to /tmp/cosmos/verdanta_weekly__dbt_weekly","logger":"cosmos.converter","filename":"converter.py","lineno":346}
{"timestamp":"2026-09-05T12:37:20.834372Z","level":"info","event":"Trying to parse the dbt project using dbt ls cache cosmos_cache__verdanta_weekly__dbt_weekly...","logger":"cosmos.dbt.graph","filename":"graph.py","lineno":869}
{"timestamp":"2026-09-05T12:37:20.992300Z","level":"info","event":"Cosmos performance: time to calculate cache identifier cosmos_cache__verdanta_weekly__dbt_weekly for current version: 0.13435330799995882","logger":"cosmos.cache","filename":"cache.py","lineno":401}
{"timestamp":"2026-09-05T12:37:20.992564Z","level":"info","event":"Cosmos performance [993ed3b2f767|700]: The cache size for cosmos_cache__verdanta_weekly__dbt_weekly is 23804","logger":"cosmos.dbt.graph","filename":"graph.py","lineno":886}
{"timestamp":"2026-09-05T12:37:20.993650Z","level":"info","event":"Cosmos performance: Cache hit for cosmos_cache__verdanta_weekly__dbt_weekly - cec7d2b2130ad93ca8be26282ae433fd,1ae01f5b93cde0ad1f6d9482f1b54abd","logger":"cosmos.dbt.graph","filename":"graph.py","lineno":898}
{"timestamp":"2026-09-05T12:37:20.993774Z","level":"info","event":"Total nodes: 27","logger":"cosmos.dbt.graph","filename":"graph.py","lineno":799}
{"timestamp":"2026-09-05T12:37:20.993885Z","level":"info","event":"Total filtered nodes: 27","logger":"cosmos.dbt.graph","filename":"graph.py","lineno":800}
{"timestamp":"2026-09-05T12:37:20.993982Z","level":"info","event":"Cosmos performance (verdanta_weekly__dbt_weekly) - [993ed3b2f767|700]: It took 0.16s to parse the dbt project for DAG using LoadMode.DBT_LS_CACHE","logger":"cosmos.converter","filename":"converter.py","lineno":371}
{"timestamp":"2026-09-05T12:37:21.019833Z","level":"info","event":"Cosmos performance (verdanta_weekly__dbt_weekly) - [993ed3b2f767|700]: It took 0.0258s to build the Airflow DAG.","logger":"cosmos.converter","filename":"converter.py","lineno":423}
{"timestamp":"2026-09-05T12:37:21.019942Z","level":"info","event":"::endgroup::Cosmos DAG parsing logs","logger":"cosmos.converter","filename":"converter.py","lineno":430}
{"timestamp":"2026-09-05T12:37:21.020428Z","level":"warning","event":"Using Variable.get from `airflow.models` is deprecated.Please use `get` on Variable from sdk(`airflow.sdk.Variable`) instead","category":"UserWarning","filename":"/home/airflow/.local/lib/python3.13/site-packages/airflow/models/variable.py","lineno":158,"logger":"py.warnings"}
{"timestamp":"2026-09-05T12:37:51.325481Z","level":"info","event":"Filling up the DagBag from /opt/airflow/dags/verdanta_weekly.py","logger":"airflow.dag_processing.dagbag.BundleDagBag","filename":"dagbag.py","lineno":469}
{"timestamp":"2026-09-05T12:37:51.401768Z","level":"info","event":"::group::Cosmos DAG parsing logs","logger":"cosmos.converter","filename":"converter.py","lineno":321}
{"timestamp":"2026-09-05T12:37:51.405772Z","level":"info","event":"Cosmos cache dir resolved to /tmp/cosmos/verdanta_weekly__dbt_weekly","logger":"cosmos.converter","filename":"converter.py","lineno":346}
{"timestamp":"2026-09-05T12:37:51.405986Z","level":"info","event":"Trying to parse the dbt project using dbt ls cache cosmos_cache__verdanta_weekly__dbt_weekly...","logger":"cosmos.dbt.graph","filename":"graph.py","lineno":869}
{"timestamp":"2026-09-05T12:37:51.558575Z","level":"info","event":"Cosmos performance: time to calculate cache identifier cosmos_cache__verdanta_weekly__dbt_weekly for current version: 0.12621277799996733","logger":"cosmos.cache","filename":"cache.py","lineno":401}
{"timestamp":"2026-09-05T12:37:51.558798Z","level":"info","event":"Cosmos performance [993ed3b2f767|737]: The cache size for cosmos_cache__verdanta_weekly__dbt_weekly is 23804","logger":"cosmos.dbt.graph","filename":"graph.py","lineno":886}
{"timestamp":"2026-09-05T12:37:51.559636Z","level":"info","event":"Cosmos performance: Cache hit for cosmos_cache__verdanta_weekly__dbt_weekly - cec7d2b2130ad93ca8be26282ae433fd,1ae01f5b93cde0ad1f6d9482f1b54abd","logger":"cosmos.dbt.graph","filename":"graph.py","lineno":898}
{"timestamp":"2026-09-05T12:37:51.559796Z","level":"info","event":"Total nodes: 27","logger":"cosmos.dbt.graph","filename":"graph.py","lineno":799}
{"timestamp":"2026-09-05T12:37:51.559879Z","level":"info","event":"Total filtered nodes: 27","logger":"cosmos.dbt.graph","filename":"graph.py","lineno":800}
{"timestamp":"2026-09-05T12:37:51.559949Z","level":"info","event":"Cosmos performance (verdanta_weekly__dbt_weekly) - [993ed3b2f767|737]: It took 0.154s to parse the dbt project for DAG using LoadMode.DBT_LS_CACHE","logger":"cosmos.converter","filename":"converter.py","lineno":371}
{"timestamp":"2026-09-05T12:37:51.578788Z","level":"info","event":"Cosmos performance (verdanta_weekly__dbt_weekly) - [993ed3b2f767|737]: It took 0.0188s to build the Airflow DAG.","logger":"cosmos.converter","filename":"converter.py","lineno":423}
{"timestamp":"2026-09-05T12:37:51.578958Z","level":"info","event":"::endgroup::Cosmos DAG parsing logs","logger":"cosmos.converter","filename":"converter.py","lineno":430}
{"timestamp":"2026-09-05T12:37:51.579346Z","level":"warning","event":"Using Variable.get from `airflow.models` is deprecated.Please use `get` on Variable from sdk(`airflow.sdk.Variable`) instead","category":"UserWarning","filename":"/home/airflow/.local/lib/python3.13/site-packages/airflow/models/variable.py","lineno":158,"logger":"py.warnings"}
{"timestamp":"2026-09-05T12:38:22.412174Z","level":"info","event":"Filling up the DagBag from /opt/airflow/dags/verdanta_weekly.py","logger":"airflow.dag_processing.dagbag.BundleDagBag","filename":"dagbag.py","lineno":469}
{"timestamp":"2026-09-05T12:38:22.486498Z","level":"info","event":"::group::Cosmos DAG parsing logs","logger":"cosmos.converter","filename":"converter.py","lineno":321}
{"timestamp":"2026-09-05T12:38:22.490064Z","level":"info","event":"Cosmos cache dir resolved to /tmp/cosmos/verdanta_weekly__dbt_weekly","logger":"cosmos.converter","filename":"converter.py","lineno":346}
{"timestamp":"2026-09-05T12:38:22.490312Z","level":"info","event":"Trying to parse the dbt project using dbt ls cache cosmos_cache__verdanta_weekly__dbt_weekly...","logger":"cosmos.dbt.graph","filename":"graph.py","lineno":869}
{"timestamp":"2026-09-05T12:38:22.643057Z","level":"info","event":"Cosmos performance: time to calculate cache identifier cosmos_cache__verdanta_weekly__dbt_weekly for current version: 0.139896044000011","logger":"cosmos.cache","filename":"cache.py","lineno":401}
{"timestamp":"2026-09-05T12:38:22.643283Z","level":"info","event":"Cosmos performance [993ed3b2f767|775]: The cache size for cosmos_cache__verdanta_weekly__dbt_weekly is 23804","logger":"cosmos.dbt.graph","filename":"graph.py","lineno":886}
{"timestamp":"2026-09-05T12:38:22.644184Z","level":"info","event":"Cosmos performance: Cache hit for cosmos_cache__verdanta_weekly__dbt_weekly - cec7d2b2130ad93ca8be26282ae433fd,1ae01f5b93cde0ad1f6d9482f1b54abd","logger":"cosmos.dbt.graph","filename":"graph.py","lineno":898}
{"timestamp":"2026-09-05T12:38:22.644302Z","level":"info","event":"Total nodes: 27","logger":"cosmos.dbt.graph","filename":"graph.py","lineno":799}
{"timestamp":"2026-09-05T12:38:22.644359Z","level":"info","event":"Total filtered nodes: 27","logger":"cosmos.dbt.graph","filename":"graph.py","lineno":800}
{"timestamp":"2026-09-05T12:38:22.644422Z","level":"info","event":"Cosmos performance (verdanta_weekly__dbt_weekly) - [993ed3b2f767|775]: It took 0.154s to parse the dbt project for DAG using LoadMode.DBT_LS_CACHE","logger":"cosmos.converter","filename":"converter.py","lineno":371}
{"timestamp":"2026-09-05T12:38:22.671342Z","level":"info","event":"Cosmos performance (verdanta_weekly__dbt_weekly) - [993ed3b2f767|775]: It took 0.0269s to build the Airflow DAG.","logger":"cosmos.converter","filename":"converter.py","lineno":423}
{"timestamp":"2026-09-05T12:38:22.671514Z","level":"info","event":"::endgroup::Cosmos DAG parsing logs","logger":"cosmos.converter","filename":"converter.py","lineno":430}
{"timestamp":"2026-09-05T12:38:22.672115Z","level":"warning","event":"Using Variable.get from `airflow.models` is deprecated.Please use `get` on Variable from sdk(`airflow.sdk.Variable`) instead","category":"UserWarning","filename":"/home/airflow/.local/lib/python3.13/site-packages/airflow/models/variable.py","lineno":158,"logger":"py.warnings"}
{"timestamp":"2026-09-05T12:38:53.351693Z","level":"info","event":"Filling up the DagBag from /opt/airflow/dags/verdanta_weekly.py","logger":"airflow.dag_processing.dagbag.BundleDagBag","filename":"dagbag.py","lineno":469}
{"timestamp":"2026-09-05T12:38:53.431880Z","level":"info","event":"::group::Cosmos DAG parsing logs","logger":"cosmos.converter","filename":"converter.py","lineno":321}
{"timestamp":"2026-09-05T12:38:53.436495Z","level":"info","event":"Cosmos cache dir resolved to /tmp/cosmos/verdanta_weekly__dbt_weekly","logger":"cosmos.converter","filename":"converter.py","lineno":346}
{"timestamp":"2026-09-05T12:38:53.436742Z","level":"info","event":"Trying to parse the dbt project using dbt ls cache cosmos_cache__verdanta_weekly__dbt_weekly...","logger":"cosmos.dbt.graph","filename":"graph.py","lineno":869}
{"timestamp":"2026-09-05T12:38:53.581327Z","level":"info","event":"Cosmos performance: time to calculate cache identifier cosmos_cache__verdanta_weekly__dbt_weekly for current version: 0.13331895600003918","logger":"cosmos.cache","filename":"cache.py","lineno":401}
{"timestamp":"2026-09-05T12:38:53.581549Z","level":"info","event":"Cosmos performance [993ed3b2f767|787]: The cache size for cosmos_cache__verdanta_weekly__dbt_weekly is 23804","logger":"cosmos.dbt.graph","filename":"graph.py","lineno":886}
{"timestamp":"2026-09-05T12:38:53.582807Z","level":"info","event":"Cosmos performance: Cache hit for cosmos_cache__verdanta_weekly__dbt_weekly - cec7d2b2130ad93ca8be26282ae433fd,1ae01f5b93cde0ad1f6d9482f1b54abd","logger":"cosmos.dbt.graph","filename":"graph.py","lineno":898}
{"timestamp":"2026-09-05T12:38:53.582976Z","level":"info","event":"Total nodes: 27","logger":"cosmos.dbt.graph","filename":"graph.py","lineno":799}
{"timestamp":"2026-09-05T12:38:53.583056Z","level":"info","event":"Total filtered nodes: 27","logger":"cosmos.dbt.graph","filename":"graph.py","lineno":800}
{"timestamp":"2026-09-05T12:38:53.583192Z","level":"info","event":"Cosmos performance (verdanta_weekly__dbt_weekly) - [993ed3b2f767|787]: It took 0.147s to parse the dbt project for DAG using LoadMode.DBT_LS_CACHE","logger":"cosmos.converter","filename":"converter.py","lineno":371}
{"timestamp":"2026-09-05T12:38:53.605980Z","level":"info","event":"Cosmos performance (verdanta_weekly__dbt_weekly) - [993ed3b2f767|787]: It took 0.0228s to build the Airflow DAG.","logger":"cosmos.converter","filename":"converter.py","lineno":423}
{"timestamp":"2026-09-05T12:38:53.606148Z","level":"info","event":"::endgroup::Cosmos DAG parsing logs","logger":"cosmos.converter","filename":"converter.py","lineno":430}
{"timestamp":"2026-09-05T12:38:53.606569Z","level":"warning","event":"Using Variable.get from `airflow.models` is deprecated.Please use `get` on Variable from sdk(`airflow.sdk.Variable`) instead","category":"UserWarning","filename":"/home/airflow/.local/lib/python3.13/site-packages/airflow/models/variable.py","lineno":158,"logger":"py.warnings"}
{"timestamp":"2026-09-05T12:39:24.273629Z","level":"info","event":"Filling up the DagBag from /opt/airflow/dags/verdanta_weekly.py","logger":"airflow.dag_processing.dagbag.BundleDagBag","filename":"dagbag.py","lineno":469}
{"timestamp":"2026-09-05T12:39:24.356443Z","level":"info","event":"::group::Cosmos DAG parsing logs","logger":"cosmos.converter","filename":"converter.py","lineno":321}
{"timestamp":"2026-09-05T12:39:24.360380Z","level":"info","event":"Cosmos cache dir resolved to /tmp/cosmos/verdanta_weekly__dbt_weekly","logger":"cosmos.converter","filename":"converter.py","lineno":346}
{"timestamp":"2026-09-05T12:39:24.360589Z","level":"info","event":"Trying to parse the dbt project using dbt ls cache cosmos_cache__verdanta_weekly__dbt_weekly...","logger":"cosmos.dbt.graph","filename":"graph.py","lineno":869}
{"timestamp":"2026-09-05T12:39:24.511132Z","level":"info","event":"Cosmos performance: time to calculate cache identifier cosmos_cache__verdanta_weekly__dbt_weekly for current version: 0.13352375400006622","logger":"cosmos.cache","filename":"cache.py","lineno":401}
{"timestamp":"2026-09-05T12:39:24.511329Z","level":"info","event":"Cosmos performance [993ed3b2f767|823]: The cache size for cosmos_cache__verdanta_weekly__dbt_weekly is 23804","logger":"cosmos.dbt.graph","filename":"graph.py","lineno":886}
{"timestamp":"2026-09-05T12:39:24.512465Z","level":"info","event":"Cosmos performance: Cache hit for cosmos_cache__verdanta_weekly__dbt_weekly - cec7d2b2130ad93ca8be26282ae433fd,1ae01f5b93cde0ad1f6d9482f1b54abd","logger":"cosmos.dbt.graph","filename":"graph.py","lineno":898}
{"timestamp":"2026-09-05T12:39:24.512627Z","level":"info","event":"Total nodes: 27","logger":"cosmos.dbt.graph","filename":"graph.py","lineno":799}
{"timestamp":"2026-09-05T12:39:24.512699Z","level":"info","event":"Total filtered nodes: 27","logger":"cosmos.dbt.graph","filename":"graph.py","lineno":800}
{"timestamp":"2026-09-05T12:39:24.512879Z","level":"info","event":"Cosmos performance (verdanta_weekly__dbt_weekly) - [993ed3b2f767|823]: It took 0.152s to parse the dbt project for DAG using LoadMode.DBT_LS_CACHE","logger":"cosmos.converter","filename":"converter.py","lineno":371}
{"timestamp":"2026-09-05T12:39:24.533562Z","level":"info","event":"Cosmos performance (verdanta_weekly__dbt_weekly) - [993ed3b2f767|823]: It took 0.0206s to build the Airflow DAG.","logger":"cosmos.converter","filename":"converter.py","lineno":423}
{"timestamp":"2026-09-05T12:39:24.533737Z","level":"info","event":"::endgroup::Cosmos DAG parsing logs","logger":"cosmos.converter","filename":"converter.py","lineno":430}
{"timestamp":"2026-09-05T12:39:24.534344Z","level":"warning","event":"Using Variable.get from `airflow.models` is deprecated.Please use `get` on Variable from sdk(`airflow.sdk.Variable`) instead","category":"UserWarning","filename":"/home/airflow/.local/lib/python3.13/site-packages/airflow/models/variable.py","lineno":158,"logger":"py.warnings"}
{"timestamp":"2026-09-05T12:39:55.172608Z","level":"info","event":"Filling up the DagBag from /opt/airflow/dags/verdanta_weekly.py","logger":"airflow.dag_processing.dagbag.BundleDagBag","filename":"dagbag.py","lineno":469}
{"timestamp":"2026-09-05T12:39:55.253322Z","level":"info","event":"::group::Cosmos DAG parsing logs","logger":"cosmos.converter","filename":"converter.py","lineno":321}
{"timestamp":"2026-09-05T12:39:55.256765Z","level":"info","event":"Cosmos cache dir resolved to /tmp/cosmos/verdanta_weekly__dbt_weekly","logger":"cosmos.converter","filename":"converter.py","lineno":346}
{"timestamp":"2026-09-05T12:39:55.256957Z","level":"info","event":"Trying to parse the dbt project using dbt ls cache cosmos_cache__verdanta_weekly__dbt_weekly...","logger":"cosmos.dbt.graph","filename":"graph.py","lineno":869}
{"timestamp":"2026-09-05T12:39:55.403955Z","level":"info","event":"Cosmos performance: time to calculate cache identifier cosmos_cache__verdanta_weekly__dbt_weekly for current version: 0.1298531780000758","logger":"cosmos.cache","filename":"cache.py","lineno":401}
{"timestamp":"2026-09-05T12:39:55.404190Z","level":"info","event":"Cosmos performance [993ed3b2f767|859]: The cache size for cosmos_cache__verdanta_weekly__dbt_weekly is 23804","logger":"cosmos.dbt.graph","filename":"graph.py","lineno":886}
{"timestamp":"2026-09-05T12:39:55.405081Z","level":"info","event":"Cosmos performance: Cache hit for cosmos_cache__verdanta_weekly__dbt_weekly - cec7d2b2130ad93ca8be26282ae433fd,1ae01f5b93cde0ad1f6d9482f1b54abd","logger":"cosmos.dbt.graph","filename":"graph.py","lineno":898}
{"timestamp":"2026-09-05T12:39:55.405203Z","level":"info","event":"Total nodes: 27","logger":"cosmos.dbt.graph","filename":"graph.py","lineno":799}
{"timestamp":"2026-09-05T12:39:55.405273Z","level":"info","event":"Total filtered nodes: 27","logger":"cosmos.dbt.graph","filename":"graph.py","lineno":800}
{"timestamp":"2026-09-05T12:39:55.405351Z","level":"info","event":"Cosmos performance (verdanta_weekly__dbt_weekly) - [993ed3b2f767|859]: It took 0.148s to parse the dbt project for DAG using LoadMode.DBT_LS_CACHE","logger":"cosmos.converter","filename":"converter.py","lineno":371}
{"timestamp":"2026-09-05T12:39:55.425293Z","level":"info","event":"Cosmos performance (verdanta_weekly__dbt_weekly) - [993ed3b2f767|859]: It took 0.0199s to build the Airflow DAG.","logger":"cosmos.converter","filename":"converter.py","lineno":423}
{"timestamp":"2026-09-05T12:39:55.425450Z","level":"info","event":"::endgroup::Cosmos DAG parsing logs","logger":"cosmos.converter","filename":"converter.py","lineno":430}
{"timestamp":"2026-09-05T12:39:55.425872Z","level":"warning","event":"Using Variable.get from `airflow.models` is deprecated.Please use `get` on Variable from sdk(`airflow.sdk.Variable`) instead","category":"UserWarning","filename":"/home/airflow/.local/lib/python3.13/site-packages/airflow/models/variable.py","lineno":158,"logger":"py.warnings"}
{"timestamp":"2026-09-05T12:40:25.811888Z","level":"info","event":"Filling up the DagBag from /opt/airflow/dags/verdanta_weekly.py","logger":"airflow.dag_processing.dagbag.BundleDagBag","filename":"dagbag.py","lineno":469}
{"timestamp":"2026-09-05T12:40:25.886360Z","level":"info","event":"::group::Cosmos DAG parsing logs","logger":"cosmos.converter","filename":"converter.py","lineno":321}
{"timestamp":"2026-09-05T12:40:25.889835Z","level":"info","event":"Cosmos cache dir resolved to /tmp/cosmos/verdanta_weekly__dbt_weekly","logger":"cosmos.converter","filename":"converter.py","lineno":346}
{"timestamp":"2026-09-05T12:40:25.890035Z","level":"info","event":"Trying to parse the dbt project using dbt ls cache cosmos_cache__verdanta_weekly__dbt_weekly...","logger":"cosmos.dbt.graph","filename":"graph.py","lineno":869}
{"timestamp":"2026-09-05T12:40:26.038426Z","level":"info","event":"Cosmos performance: time to calculate cache identifier cosmos_cache__verdanta_weekly__dbt_weekly for current version: 0.13061535199994978","logger":"cosmos.cache","filename":"cache.py","lineno":401}
{"timestamp":"2026-09-05T12:40:26.038635Z","level":"info","event":"Cosmos performance [993ed3b2f767|895]: The cache size for cosmos_cache__verdanta_weekly__dbt_weekly is 23804","logger":"cosmos.dbt.graph","filename":"graph.py","lineno":886}
{"timestamp":"2026-09-05T12:40:26.039532Z","level":"info","event":"Cosmos performance: Cache hit for cosmos_cache__verdanta_weekly__dbt_weekly - cec7d2b2130ad93ca8be26282ae433fd,1ae01f5b93cde0ad1f6d9482f1b54abd","logger":"cosmos.dbt.graph","filename":"graph.py","lineno":898}
{"timestamp":"2026-09-05T12:40:26.039647Z","level":"info","event":"Total nodes: 27","logger":"cosmos.dbt.graph","filename":"graph.py","lineno":799}
{"timestamp":"2026-09-05T12:40:26.039707Z","level":"info","event":"Total filtered nodes: 27","logger":"cosmos.dbt.graph","filename":"graph.py","lineno":800}
{"timestamp":"2026-09-05T12:40:26.039771Z","level":"info","event":"Cosmos performance (verdanta_weekly__dbt_weekly) - [993ed3b2f767|895]: It took 0.15s to parse the dbt project for DAG using LoadMode.DBT_LS_CACHE","logger":"cosmos.converter","filename":"converter.py","lineno":371}
{"timestamp":"2026-09-05T12:40:26.059961Z","level":"info","event":"Cosmos performance (verdanta_weekly__dbt_weekly) - [993ed3b2f767|895]: It took 0.0201s to build the Airflow DAG.","logger":"cosmos.converter","filename":"converter.py","lineno":423}
{"timestamp":"2026-09-05T12:40:26.060133Z","level":"info","event":"::endgroup::Cosmos DAG parsing logs","logger":"cosmos.converter","filename":"converter.py","lineno":430}
{"timestamp":"2026-09-05T12:40:26.060552Z","level":"warning","event":"Using Variable.get from `airflow.models` is deprecated.Please use `get` on Variable from sdk(`airflow.sdk.Variable`) instead","category":"UserWarning","filename":"/home/airflow/.local/lib/python3.13/site-packages/airflow/models/variable.py","lineno":158,"logger":"py.warnings"}
{"timestamp":"2026-09-05T12:40:56.152236Z","level":"info","event":"Filling up the DagBag from /opt/airflow/dags/verdanta_weekly.py","logger":"airflow.dag_processing.dagbag.BundleDagBag","filename":"dagbag.py","lineno":469}
{"timestamp":"2026-09-05T12:40:56.230176Z","level":"info","event":"::group::Cosmos DAG parsing logs","logger":"cosmos.converter","filename":"converter.py","lineno":321}
{"timestamp":"2026-09-05T12:40:56.233615Z","level":"info","event":"Cosmos cache dir resolved to /tmp/cosmos/verdanta_weekly__dbt_weekly","logger":"cosmos.converter","filename":"converter.py","lineno":346}
{"timestamp":"2026-09-05T12:40:56.233852Z","level":"info","event":"Trying to parse the dbt project using dbt ls cache cosmos_cache__verdanta_weekly__dbt_weekly...","logger":"cosmos.dbt.graph","filename":"graph.py","lineno":869}
{"timestamp":"2026-09-05T12:40:56.385890Z","level":"info","event":"Cosmos performance: time to calculate cache identifier cosmos_cache__verdanta_weekly__dbt_weekly for current version: 0.13555578800003332","logger":"cosmos.cache","filename":"cache.py","lineno":401}
{"timestamp":"2026-09-05T12:40:56.386138Z","level":"info","event":"Cosmos performance [993ed3b2f767|931]: The cache size for cosmos_cache__verdanta_weekly__dbt_weekly is 23804","logger":"cosmos.dbt.graph","filename":"graph.py","lineno":886}
{"timestamp":"2026-09-05T12:40:56.387089Z","level":"info","event":"Cosmos performance: Cache hit for cosmos_cache__verdanta_weekly__dbt_weekly - cec7d2b2130ad93ca8be26282ae433fd,1ae01f5b93cde0ad1f6d9482f1b54abd","logger":"cosmos.dbt.graph","filename":"graph.py","lineno":898}
{"timestamp":"2026-09-05T12:40:56.387220Z","level":"info","event":"Total nodes: 27","logger":"cosmos.dbt.graph","filename":"graph.py","lineno":799}
{"timestamp":"2026-09-05T12:40:56.387291Z","level":"info","event":"Total filtered nodes: 27","logger":"cosmos.dbt.graph","filename":"graph.py","lineno":800}
{"timestamp":"2026-09-05T12:40:56.387365Z","level":"info","event":"Cosmos performance (verdanta_weekly__dbt_weekly) - [993ed3b2f767|931]: It took 0.154s to parse the dbt project for DAG using LoadMode.DBT_LS_CACHE","logger":"cosmos.converter","filename":"converter.py","lineno":371}
{"timestamp":"2026-09-05T12:40:56.414223Z","level":"info","event":"Cosmos performance (verdanta_weekly__dbt_weekly) - [993ed3b2f767|931]: It took 0.0268s to build the Airflow DAG.","logger":"cosmos.converter","filename":"converter.py","lineno":423}
{"timestamp":"2026-09-05T12:40:56.414427Z","level":"info","event":"::endgroup::Cosmos DAG parsing logs","logger":"cosmos.converter","filename":"converter.py","lineno":430}
{"timestamp":"2026-09-05T12:40:56.414931Z","level":"warning","event":"Using Variable.get from `airflow.models` is deprecated.Please use `get` on Variable from sdk(`airflow.sdk.Variable`) instead","category":"UserWarning","filename":"/home/airflow/.local/lib/python3.13/site-packages/airflow/models/variable.py","lineno":158,"logger":"py.warnings"}
{"timestamp":"2026-09-05T12:41:26.903205Z","level":"info","event":"Filling up the DagBag from /opt/airflow/dags/verdanta_weekly.py","logger":"airflow.dag_processing.dagbag.BundleDagBag","filename":"dagbag.py","lineno":469}
{"timestamp":"2026-09-05T12:41:26.987921Z","level":"info","event":"::group::Cosmos DAG parsing logs","logger":"cosmos.converter","filename":"converter.py","lineno":321}
{"timestamp":"2026-09-05T12:41:26.991503Z","level":"info","event":"Cosmos cache dir resolved to /tmp/cosmos/verdanta_weekly__dbt_weekly","logger":"cosmos.converter","filename":"converter.py","lineno":346}
{"timestamp":"2026-09-05T12:41:26.991789Z","level":"info","event":"Trying to parse the dbt project using dbt ls cache cosmos_cache__verdanta_weekly__dbt_weekly...","logger":"cosmos.dbt.graph","filename":"graph.py","lineno":869}
{"timestamp":"2026-09-05T12:41:27.141733Z","level":"info","event":"Cosmos performance: time to calculate cache identifier cosmos_cache__verdanta_weekly__dbt_weekly for current version: 0.13511659400001008","logger":"cosmos.cache","filename":"cache.py","lineno":401}
{"timestamp":"2026-09-05T12:41:27.141939Z","level":"info","event":"Cosmos performance [993ed3b2f767|946]: The cache size for cosmos_cache__verdanta_weekly__dbt_weekly is 23804","logger":"cosmos.dbt.graph","filename":"graph.py","lineno":886}
{"timestamp":"2026-09-05T12:41:27.142748Z","level":"info","event":"Cosmos performance: Cache hit for cosmos_cache__verdanta_weekly__dbt_weekly - cec7d2b2130ad93ca8be26282ae433fd,1ae01f5b93cde0ad1f6d9482f1b54abd","logger":"cosmos.dbt.graph","filename":"graph.py","lineno":898}
{"timestamp":"2026-09-05T12:41:27.142857Z","level":"info","event":"Total nodes: 27","logger":"cosmos.dbt.graph","filename":"graph.py","lineno":799}
{"timestamp":"2026-09-05T12:41:27.142916Z","level":"info","event":"Total filtered nodes: 27","logger":"cosmos.dbt.graph","filename":"graph.py","lineno":800}
{"timestamp":"2026-09-05T12:41:27.142982Z","level":"info","event":"Cosmos performance (verdanta_weekly__dbt_weekly) - [993ed3b2f767|946]: It took 0.151s to parse the dbt project for DAG using LoadMode.DBT_LS_CACHE","logger":"cosmos.converter","filename":"converter.py","lineno":371}
{"timestamp":"2026-09-05T12:41:27.162356Z","level":"info","event":"Cosmos performance (verdanta_weekly__dbt_weekly) - [993ed3b2f767|946]: It took 0.0193s to build the Airflow DAG.","logger":"cosmos.converter","filename":"converter.py","lineno":423}
{"timestamp":"2026-09-05T12:41:27.162519Z","level":"info","event":"::endgroup::Cosmos DAG parsing logs","logger":"cosmos.converter","filename":"converter.py","lineno":430}
{"timestamp":"2026-09-05T12:41:27.162961Z","level":"warning","event":"Using Variable.get from `airflow.models` is deprecated.Please use `get` on Variable from sdk(`airflow.sdk.Variable`) instead","category":"UserWarning","filename":"/home/airflow/.local/lib/python3.13/site-packages/airflow/models/variable.py","lineno":158,"logger":"py.warnings"}
{"timestamp":"2026-09-05T12:41:57.860848Z","level":"info","event":"Filling up the DagBag from /opt/airflow/dags/verdanta_weekly.py","logger":"airflow.dag_processing.dagbag.BundleDagBag","filename":"dagbag.py","lineno":469}
{"timestamp":"2026-09-05T12:41:57.940179Z","level":"info","event":"::group::Cosmos DAG parsing logs","logger":"cosmos.converter","filename":"converter.py","lineno":321}
{"timestamp":"2026-09-05T12:41:57.943614Z","level":"info","event":"Cosmos cache dir resolved to /tmp/cosmos/verdanta_weekly__dbt_weekly","logger":"cosmos.converter","filename":"converter.py","lineno":346}
{"timestamp":"2026-09-05T12:41:57.943887Z","level":"info","event":"Trying to parse the dbt project using dbt ls cache cosmos_cache__verdanta_weekly__dbt_weekly...","logger":"cosmos.dbt.graph","filename":"graph.py","lineno":869}
{"timestamp":"2026-09-05T12:41:58.093596Z","level":"info","event":"Cosmos performance: time to calculate cache identifier cosmos_cache__verdanta_weekly__dbt_weekly for current version: 0.13808287899996685","logger":"cosmos.cache","filename":"cache.py","lineno":401}
{"timestamp":"2026-09-05T12:41:58.093783Z","level":"info","event":"Cosmos performance [993ed3b2f767|981]: The cache size for cosmos_cache__verdanta_weekly__dbt_weekly is 23804","logger":"cosmos.dbt.graph","filename":"graph.py","lineno":886}
{"timestamp":"2026-09-05T12:41:58.094599Z","level":"info","event":"Cosmos performance: Cache hit for cosmos_cache__verdanta_weekly__dbt_weekly - cec7d2b2130ad93ca8be26282ae433fd,1ae01f5b93cde0ad1f6d9482f1b54abd","logger":"cosmos.dbt.graph","filename":"graph.py","lineno":898}
{"timestamp":"2026-09-05T12:41:58.094716Z","level":"info","event":"Total nodes: 27","logger":"cosmos.dbt.graph","filename":"graph.py","lineno":799}
{"timestamp":"2026-09-05T12:41:58.094774Z","level":"info","event":"Total filtered nodes: 27","logger":"cosmos.dbt.graph","filename":"graph.py","lineno":800}
{"timestamp":"2026-09-05T12:41:58.094842Z","level":"info","event":"Cosmos performance (verdanta_weekly__dbt_weekly) - [993ed3b2f767|981]: It took 0.151s to parse the dbt project for DAG using LoadMode.DBT_LS_CACHE","logger":"cosmos.converter","filename":"converter.py","lineno":371}
{"timestamp":"2026-09-05T12:41:58.120095Z","level":"info","event":"Cosmos performance (verdanta_weekly__dbt_weekly) - [993ed3b2f767|981]: It took 0.0252s to build the Airflow DAG.","logger":"cosmos.converter","filename":"converter.py","lineno":423}
{"timestamp":"2026-09-05T12:41:58.120267Z","level":"info","event":"::endgroup::Cosmos DAG parsing logs","logger":"cosmos.converter","filename":"converter.py","lineno":430}
{"timestamp":"2026-09-05T12:41:58.120787Z","level":"warning","event":"Using Variable.get from `airflow.models` is deprecated.Please use `get` on Variable from sdk(`airflow.sdk.Variable`) instead","category":"UserWarning","filename":"/home/airflow/.local/lib/python3.13/site-packages/airflow/models/variable.py","lineno":158,"logger":"py.warnings"}
{"timestamp":"2026-09-05T12:42:28.708365Z","level":"info","event":"Filling up the DagBag from /opt/airflow/dags/verdanta_weekly.py","logger":"airflow.dag_processing.dagbag.BundleDagBag","filename":"dagbag.py","lineno":469}
{"timestamp":"2026-09-05T12:42:28.807936Z","level":"info","event":"::group::Cosmos DAG parsing logs","logger":"cosmos.converter","filename":"converter.py","lineno":321}
{"timestamp":"2026-09-05T12:42:28.812864Z","level":"info","event":"Cosmos cache dir resolved to /tmp/cosmos/verdanta_weekly__dbt_weekly","logger":"cosmos.converter","filename":"converter.py","lineno":346}
{"timestamp":"2026-09-05T12:42:28.813174Z","level":"info","event":"Trying to parse the dbt project using dbt ls cache cosmos_cache__verdanta_weekly__dbt_weekly...","logger":"cosmos.dbt.graph","filename":"graph.py","lineno":869}
{"timestamp":"2026-09-05T12:42:28.977641Z","level":"info","event":"Cosmos performance: time to calculate cache identifier cosmos_cache__verdanta_weekly__dbt_weekly for current version: 0.14544181700011904","logger":"cosmos.cache","filename":"cache.py","lineno":401}
{"timestamp":"2026-09-05T12:42:28.977934Z","level":"info","event":"Cosmos performance [993ed3b2f767|1010]: The cache size for cosmos_cache__verdanta_weekly__dbt_weekly is 23804","logger":"cosmos.dbt.graph","filename":"graph.py","lineno":886}
{"timestamp":"2026-09-05T12:42:28.978714Z","level":"info","event":"Cosmos performance: Cache hit for cosmos_cache__verdanta_weekly__dbt_weekly - cec7d2b2130ad93ca8be26282ae433fd,1ae01f5b93cde0ad1f6d9482f1b54abd","logger":"cosmos.dbt.graph","filename":"graph.py","lineno":898}
{"timestamp":"2026-09-05T12:42:28.978906Z","level":"info","event":"Total nodes: 27","logger":"cosmos.dbt.graph","filename":"graph.py","lineno":799}
{"timestamp":"2026-09-05T12:42:28.978972Z","level":"info","event":"Total filtered nodes: 27","logger":"cosmos.dbt.graph","filename":"graph.py","lineno":800}
{"timestamp":"2026-09-05T12:42:28.979047Z","level":"info","event":"Cosmos performance (verdanta_weekly__dbt_weekly) - [993ed3b2f767|1010]: It took 0.166s to parse the dbt project for DAG using LoadMode.DBT_LS_CACHE","logger":"cosmos.converter","filename":"converter.py","lineno":371}
{"timestamp":"2026-09-05T12:42:29.002720Z","level":"info","event":"Cosmos performance (verdanta_weekly__dbt_weekly) - [993ed3b2f767|1010]: It took 0.0236s to build the Airflow DAG.","logger":"cosmos.converter","filename":"converter.py","lineno":423}
{"timestamp":"2026-09-05T12:42:29.002885Z","level":"info","event":"::endgroup::Cosmos DAG parsing logs","logger":"cosmos.converter","filename":"converter.py","lineno":430}
{"timestamp":"2026-09-05T12:42:29.003629Z","level":"warning","event":"Using Variable.get from `airflow.models` is deprecated.Please use `get` on Variable from sdk(`airflow.sdk.Variable`) instead","category":"UserWarning","filename":"/home/airflow/.local/lib/python3.13/site-packages/airflow/models/variable.py","lineno":158,"logger":"py.warnings"}
{"timestamp":"2026-09-05T12:42:59.738016Z","level":"info","event":"Filling up the DagBag from /opt/airflow/dags/verdanta_weekly.py","logger":"airflow.dag_processing.dagbag.BundleDagBag","filename":"dagbag.py","lineno":469}
{"timestamp":"2026-09-05T12:42:59.819879Z","level":"info","event":"::group::Cosmos DAG parsing logs","logger":"cosmos.converter","filename":"converter.py","lineno":321}
{"timestamp":"2026-09-05T12:42:59.825447Z","level":"info","event":"Cosmos cache dir resolved to /tmp/cosmos/verdanta_weekly__dbt_weekly","logger":"cosmos.converter","filename":"converter.py","lineno":346}
{"timestamp":"2026-09-05T12:42:59.825764Z","level":"info","event":"Trying to parse the dbt project using dbt ls cache cosmos_cache__verdanta_weekly__dbt_weekly...","logger":"cosmos.dbt.graph","filename":"graph.py","lineno":869}
{"timestamp":"2026-09-05T12:42:59.971711Z","level":"info","event":"Cosmos performance: time to calculate cache identifier cosmos_cache__verdanta_weekly__dbt_weekly for current version: 0.13121520699996836","logger":"cosmos.cache","filename":"cache.py","lineno":401}
{"timestamp":"2026-09-05T12:42:59.972073Z","level":"info","event":"Cosmos performance [993ed3b2f767|1046]: The cache size for cosmos_cache__verdanta_weekly__dbt_weekly is 23804","logger":"cosmos.dbt.graph","filename":"graph.py","lineno":886}
{"timestamp":"2026-09-05T12:42:59.973176Z","level":"info","event":"Cosmos performance: Cache hit for cosmos_cache__verdanta_weekly__dbt_weekly - cec7d2b2130ad93ca8be26282ae433fd,1ae01f5b93cde0ad1f6d9482f1b54abd","logger":"cosmos.dbt.graph","filename":"graph.py","lineno":898}
{"timestamp":"2026-09-05T12:42:59.973343Z","level":"info","event":"Total nodes: 27","logger":"cosmos.dbt.graph","filename":"graph.py","lineno":799}
{"timestamp":"2026-09-05T12:42:59.973419Z","level":"info","event":"Total filtered nodes: 27","logger":"cosmos.dbt.graph","filename":"graph.py","lineno":800}
{"timestamp":"2026-09-05T12:42:59.973499Z","level":"info","event":"Cosmos performance (verdanta_weekly__dbt_weekly) - [993ed3b2f767|1046]: It took 0.148s to parse the dbt project for DAG using LoadMode.DBT_LS_CACHE","logger":"cosmos.converter","filename":"converter.py","lineno":371}
{"timestamp":"2026-09-05T12:42:59.993904Z","level":"info","event":"Cosmos performance (verdanta_weekly__dbt_weekly) - [993ed3b2f767|1046]: It took 0.0203s to build the Airflow DAG.","logger":"cosmos.converter","filename":"converter.py","lineno":423}
{"timestamp":"2026-09-05T12:42:59.994066Z","level":"info","event":"::endgroup::Cosmos DAG parsing logs","logger":"cosmos.converter","filename":"converter.py","lineno":430}
{"timestamp":"2026-09-05T12:42:59.994572Z","level":"warning","event":"Using Variable.get from `airflow.models` is deprecated.Please use `get` on Variable from sdk(`airflow.sdk.Variable`) instead","category":"UserWarning","filename":"/home/airflow/.local/lib/python3.13/site-packages/airflow/models/variable.py","lineno":158,"logger":"py.warnings"}
{"timestamp":"2026-09-05T12:43:30.706480Z","level":"info","event":"Filling up the DagBag from /opt/airflow/dags/verdanta_weekly.py","logger":"airflow.dag_processing.dagbag.BundleDagBag","filename":"dagbag.py","lineno":469}
{"timestamp":"2026-09-05T12:43:30.775238Z","level":"info","event":"::group::Cosmos DAG parsing logs","logger":"cosmos.converter","filename":"converter.py","lineno":321}
{"timestamp":"2026-09-05T12:43:30.778680Z","level":"info","event":"Cosmos cache dir resolved to /tmp/cosmos/verdanta_weekly__dbt_weekly","logger":"cosmos.converter","filename":"converter.py","lineno":346}
{"timestamp":"2026-09-05T12:43:30.778922Z","level":"info","event":"Trying to parse the dbt project using dbt ls cache cosmos_cache__verdanta_weekly__dbt_weekly...","logger":"cosmos.dbt.graph","filename":"graph.py","lineno":869}
{"timestamp":"2026-09-05T12:43:30.932297Z","level":"info","event":"Cosmos performance: time to calculate cache identifier cosmos_cache__verdanta_weekly__dbt_weekly for current version: 0.14069542599986562","logger":"cosmos.cache","filename":"cache.py","lineno":401}
{"timestamp":"2026-09-05T12:43:30.932493Z","level":"info","event":"Cosmos performance [993ed3b2f767|1084]: The cache size for cosmos_cache__verdanta_weekly__dbt_weekly is 23804","logger":"cosmos.dbt.graph","filename":"graph.py","lineno":886}
{"timestamp":"2026-09-05T12:43:30.933626Z","level":"info","event":"Cosmos performance: Cache hit for cosmos_cache__verdanta_weekly__dbt_weekly - cec7d2b2130ad93ca8be26282ae433fd,1ae01f5b93cde0ad1f6d9482f1b54abd","logger":"cosmos.dbt.graph","filename":"graph.py","lineno":898}
{"timestamp":"2026-09-05T12:43:30.933770Z","level":"info","event":"Total nodes: 27","logger":"cosmos.dbt.graph","filename":"graph.py","lineno":799}
{"timestamp":"2026-09-05T12:43:30.933864Z","level":"info","event":"Total filtered nodes: 27","logger":"cosmos.dbt.graph","filename":"graph.py","lineno":800}
{"timestamp":"2026-09-05T12:43:30.933948Z","level":"info","event":"Cosmos performance (verdanta_weekly__dbt_weekly) - [993ed3b2f767|1084]: It took 0.155s to parse the dbt project for DAG using LoadMode.DBT_LS_CACHE","logger":"cosmos.converter","filename":"converter.py","lineno":371}
{"timestamp":"2026-09-05T12:43:30.961425Z","level":"info","event":"Cosmos performance (verdanta_weekly__dbt_weekly) - [993ed3b2f767|1084]: It took 0.0274s to build the Airflow DAG.","logger":"cosmos.converter","filename":"converter.py","lineno":423}
{"timestamp":"2026-09-05T12:43:30.961574Z","level":"info","event":"::endgroup::Cosmos DAG parsing logs","logger":"cosmos.converter","filename":"converter.py","lineno":430}
{"timestamp":"2026-09-05T12:43:30.962086Z","level":"warning","event":"Using Variable.get from `airflow.models` is deprecated.Please use `get` on Variable from sdk(`airflow.sdk.Variable`) instead","category":"UserWarning","filename":"/home/airflow/.local/lib/python3.13/site-packages/airflow/models/variable.py","lineno":158,"logger":"py.warnings"}
{"timestamp":"2026-09-05T12:44:01.341660Z","level":"info","event":"Filling up the DagBag from /opt/airflow/dags/verdanta_weekly.py","logger":"airflow.dag_processing.dagbag.BundleDagBag","filename":"dagbag.py","lineno":469}
{"timestamp":"2026-09-05T12:44:01.422222Z","level":"info","event":"::group::Cosmos DAG parsing logs","logger":"cosmos.converter","filename":"converter.py","lineno":321}
{"timestamp":"2026-09-05T12:44:01.426175Z","level":"info","event":"Cosmos cache dir resolved to /tmp/cosmos/verdanta_weekly__dbt_weekly","logger":"cosmos.converter","filename":"converter.py","lineno":346}
{"timestamp":"2026-09-05T12:44:01.426384Z","level":"info","event":"Trying to parse the dbt project using dbt ls cache cosmos_cache__verdanta_weekly__dbt_weekly...","logger":"cosmos.dbt.graph","filename":"graph.py","lineno":869}
{"timestamp":"2026-09-05T12:44:01.567785Z","level":"info","event":"Cosmos performance: time to calculate cache identifier cosmos_cache__verdanta_weekly__dbt_weekly for current version: 0.12894914399998925","logger":"cosmos.cache","filename":"cache.py","lineno":401}
{"timestamp":"2026-09-05T12:44:01.568034Z","level":"info","event":"Cosmos performance [993ed3b2f767|1096]: The cache size for cosmos_cache__verdanta_weekly__dbt_weekly is 23804","logger":"cosmos.dbt.graph","filename":"graph.py","lineno":886}
{"timestamp":"2026-09-05T12:44:01.569749Z","level":"info","event":"Cosmos performance: Cache hit for cosmos_cache__verdanta_weekly__dbt_weekly - cec7d2b2130ad93ca8be26282ae433fd,1ae01f5b93cde0ad1f6d9482f1b54abd","logger":"cosmos.dbt.graph","filename":"graph.py","lineno":898}
{"timestamp":"2026-09-05T12:44:01.569902Z","level":"info","event":"Total nodes: 27","logger":"cosmos.dbt.graph","filename":"graph.py","lineno":799}
{"timestamp":"2026-09-05T12:44:01.569963Z","level":"info","event":"Total filtered nodes: 27","logger":"cosmos.dbt.graph","filename":"graph.py","lineno":800}
{"timestamp":"2026-09-05T12:44:01.570029Z","level":"info","event":"Cosmos performance (verdanta_weekly__dbt_weekly) - [993ed3b2f767|1096]: It took 0.144s to parse the dbt project for DAG using LoadMode.DBT_LS_CACHE","logger":"cosmos.converter","filename":"converter.py","lineno":371}
{"timestamp":"2026-09-05T12:44:01.591002Z","level":"info","event":"Cosmos performance (verdanta_weekly__dbt_weekly) - [993ed3b2f767|1096]: It took 0.0209s to build the Airflow DAG.","logger":"cosmos.converter","filename":"converter.py","lineno":423}
{"timestamp":"2026-09-05T12:44:01.591161Z","level":"info","event":"::endgroup::Cosmos DAG parsing logs","logger":"cosmos.converter","filename":"converter.py","lineno":430}
{"timestamp":"2026-09-05T12:44:01.591687Z","level":"warning","event":"Using Variable.get from `airflow.models` is deprecated.Please use `get` on Variable from sdk(`airflow.sdk.Variable`) instead","category":"UserWarning","filename":"/home/airflow/.local/lib/python3.13/site-packages/airflow/models/variable.py","lineno":158,"logger":"py.warnings"}
{"timestamp":"2026-09-05T12:44:32.612375Z","level":"info","event":"Filling up the DagBag from /opt/airflow/dags/verdanta_weekly.py","logger":"airflow.dag_processing.dagbag.BundleDagBag","filename":"dagbag.py","lineno":469}
{"timestamp":"2026-09-05T12:44:32.688915Z","level":"info","event":"::group::Cosmos DAG parsing logs","logger":"cosmos.converter","filename":"converter.py","lineno":321}
{"timestamp":"2026-09-05T12:44:32.692146Z","level":"info","event":"Cosmos cache dir resolved to /tmp/cosmos/verdanta_weekly__dbt_weekly","logger":"cosmos.converter","filename":"converter.py","lineno":346}
{"timestamp":"2026-09-05T12:44:32.692356Z","level":"info","event":"Trying to parse the dbt project using dbt ls cache cosmos_cache__verdanta_weekly__dbt_weekly...","logger":"cosmos.dbt.graph","filename":"graph.py","lineno":869}
{"timestamp":"2026-09-05T12:44:32.840309Z","level":"info","event":"Cosmos performance: time to calculate cache identifier cosmos_cache__verdanta_weekly__dbt_weekly for current version: 0.13057214400009798","logger":"cosmos.cache","filename":"cache.py","lineno":401}
{"timestamp":"2026-09-05T12:44:32.840523Z","level":"info","event":"Cosmos performance [993ed3b2f767|1132]: The cache size for cosmos_cache__verdanta_weekly__dbt_weekly is 23804","logger":"cosmos.dbt.graph","filename":"graph.py","lineno":886}
{"timestamp":"2026-09-05T12:44:32.841407Z","level":"info","event":"Cosmos performance: Cache hit for cosmos_cache__verdanta_weekly__dbt_weekly - cec7d2b2130ad93ca8be26282ae433fd,1ae01f5b93cde0ad1f6d9482f1b54abd","logger":"cosmos.dbt.graph","filename":"graph.py","lineno":898}
{"timestamp":"2026-09-05T12:44:32.841518Z","level":"info","event":"Total nodes: 27","logger":"cosmos.dbt.graph","filename":"graph.py","lineno":799}
{"timestamp":"2026-09-05T12:44:32.841575Z","level":"info","event":"Total filtered nodes: 27","logger":"cosmos.dbt.graph","filename":"graph.py","lineno":800}
{"timestamp":"2026-09-05T12:44:32.841639Z","level":"info","event":"Cosmos performance (verdanta_weekly__dbt_weekly) - [993ed3b2f767|1132]: It took 0.149s to parse the dbt project for DAG using LoadMode.DBT_LS_CACHE","logger":"cosmos.converter","filename":"converter.py","lineno":371}
{"timestamp":"2026-09-05T12:44:32.860928Z","level":"info","event":"Cosmos performance (verdanta_weekly__dbt_weekly) - [993ed3b2f767|1132]: It took 0.0192s to build the Airflow DAG.","logger":"cosmos.converter","filename":"converter.py","lineno":423}
{"timestamp":"2026-09-05T12:44:32.861091Z","level":"info","event":"::endgroup::Cosmos DAG parsing logs","logger":"cosmos.converter","filename":"converter.py","lineno":430}
{"timestamp":"2026-09-05T12:44:32.861554Z","level":"warning","event":"Using Variable.get from `airflow.models` is deprecated.Please use `get` on Variable from sdk(`airflow.sdk.Variable`) instead","category":"UserWarning","filename":"/home/airflow/.local/lib/python3.13/site-packages/airflow/models/variable.py","lineno":158,"logger":"py.warnings"}
{"timestamp":"2026-09-05T12:45:03.482237Z","level":"info","event":"Filling up the DagBag from /opt/airflow/dags/verdanta_weekly.py","logger":"airflow.dag_processing.dagbag.BundleDagBag","filename":"dagbag.py","lineno":469}
{"timestamp":"2026-09-05T12:45:03.563519Z","level":"info","event":"::group::Cosmos DAG parsing logs","logger":"cosmos.converter","filename":"converter.py","lineno":321}
{"timestamp":"2026-09-05T12:45:03.571728Z","level":"info","event":"Cosmos cache dir resolved to /tmp/cosmos/verdanta_weekly__dbt_weekly","logger":"cosmos.converter","filename":"converter.py","lineno":346}
{"timestamp":"2026-09-05T12:45:03.572062Z","level":"info","event":"Trying to parse the dbt project using dbt ls cache cosmos_cache__verdanta_weekly__dbt_weekly...","logger":"cosmos.dbt.graph","filename":"graph.py","lineno":869}
{"timestamp":"2026-09-05T12:45:03.719567Z","level":"info","event":"Cosmos performance: time to calculate cache identifier cosmos_cache__verdanta_weekly__dbt_weekly for current version: 0.1302132519999759","logger":"cosmos.cache","filename":"cache.py","lineno":401}
{"timestamp":"2026-09-05T12:45:03.719785Z","level":"info","event":"Cosmos performance [993ed3b2f767|1168]: The cache size for cosmos_cache__verdanta_weekly__dbt_weekly is 23804","logger":"cosmos.dbt.graph","filename":"graph.py","lineno":886}
{"timestamp":"2026-09-05T12:45:03.720757Z","level":"info","event":"Cosmos performance: Cache hit for cosmos_cache__verdanta_weekly__dbt_weekly - cec7d2b2130ad93ca8be26282ae433fd,1ae01f5b93cde0ad1f6d9482f1b54abd","logger":"cosmos.dbt.graph","filename":"graph.py","lineno":898}
{"timestamp":"2026-09-05T12:45:03.720871Z","level":"info","event":"Total nodes: 27","logger":"cosmos.dbt.graph","filename":"graph.py","lineno":799}
{"timestamp":"2026-09-05T12:45:03.720930Z","level":"info","event":"Total filtered nodes: 27","logger":"cosmos.dbt.graph","filename":"graph.py","lineno":800}
{"timestamp":"2026-09-05T12:45:03.720994Z","level":"info","event":"Cosmos performance (verdanta_weekly__dbt_weekly) - [993ed3b2f767|1168]: It took 0.149s to parse the dbt project for DAG using LoadMode.DBT_LS_CACHE","logger":"cosmos.converter","filename":"converter.py","lineno":371}
{"timestamp":"2026-09-05T12:45:03.743255Z","level":"info","event":"Cosmos performance (verdanta_weekly__dbt_weekly) - [993ed3b2f767|1168]: It took 0.0222s to build the Airflow DAG.","logger":"cosmos.converter","filename":"converter.py","lineno":423}
{"timestamp":"2026-09-05T12:45:03.743418Z","level":"info","event":"::endgroup::Cosmos DAG parsing logs","logger":"cosmos.converter","filename":"converter.py","lineno":430}
{"timestamp":"2026-09-05T12:45:03.743823Z","level":"warning","event":"Using Variable.get from `airflow.models` is deprecated.Please use `get` on Variable from sdk(`airflow.sdk.Variable`) instead","category":"UserWarning","filename":"/home/airflow/.local/lib/python3.13/site-packages/airflow/models/variable.py","lineno":158,"logger":"py.warnings"}
{"timestamp":"2026-09-05T12:45:34.238600Z","level":"info","event":"Filling up the DagBag from /opt/airflow/dags/verdanta_weekly.py","logger":"airflow.dag_processing.dagbag.BundleDagBag","filename":"dagbag.py","lineno":469}
{"timestamp":"2026-09-05T12:45:34.324325Z","level":"info","event":"::group::Cosmos DAG parsing logs","logger":"cosmos.converter","filename":"converter.py","lineno":321}
{"timestamp":"2026-09-05T12:45:34.329370Z","level":"info","event":"Cosmos cache dir resolved to /tmp/cosmos/verdanta_weekly__dbt_weekly","logger":"cosmos.converter","filename":"converter.py","lineno":346}
{"timestamp":"2026-09-05T12:45:34.329628Z","level":"info","event":"Trying to parse the dbt project using dbt ls cache cosmos_cache__verdanta_weekly__dbt_weekly...","logger":"cosmos.dbt.graph","filename":"graph.py","lineno":869}
{"timestamp":"2026-09-05T12:45:34.486590Z","level":"info","event":"Cosmos performance: time to calculate cache identifier cosmos_cache__verdanta_weekly__dbt_weekly for current version: 0.13898416999995789","logger":"cosmos.cache","filename":"cache.py","lineno":401}
{"timestamp":"2026-09-05T12:45:34.486836Z","level":"info","event":"Cosmos performance [993ed3b2f767|1204]: The cache size for cosmos_cache__verdanta_weekly__dbt_weekly is 23804","logger":"cosmos.dbt.graph","filename":"graph.py","lineno":886}
{"timestamp":"2026-09-05T12:45:34.487691Z","level":"info","event":"Cosmos performance: Cache hit for cosmos_cache__verdanta_weekly__dbt_weekly - cec7d2b2130ad93ca8be26282ae433fd,1ae01f5b93cde0ad1f6d9482f1b54abd","logger":"cosmos.dbt.graph","filename":"graph.py","lineno":898}
{"timestamp":"2026-09-05T12:45:34.487828Z","level":"info","event":"Total nodes: 27","logger":"cosmos.dbt.graph","filename":"graph.py","lineno":799}
{"timestamp":"2026-09-05T12:45:34.487898Z","level":"info","event":"Total filtered nodes: 27","logger":"cosmos.dbt.graph","filename":"graph.py","lineno":800}
{"timestamp":"2026-09-05T12:45:34.487964Z","level":"info","event":"Cosmos performance (verdanta_weekly__dbt_weekly) - [993ed3b2f767|1204]: It took 0.158s to parse the dbt project for DAG using LoadMode.DBT_LS_CACHE","logger":"cosmos.converter","filename":"converter.py","lineno":371}
{"timestamp":"2026-09-05T12:45:34.512556Z","level":"info","event":"Cosmos performance (verdanta_weekly__dbt_weekly) - [993ed3b2f767|1204]: It took 0.0245s to build the Airflow DAG.","logger":"cosmos.converter","filename":"converter.py","lineno":423}
{"timestamp":"2026-09-05T12:45:34.512728Z","level":"info","event":"::endgroup::Cosmos DAG parsing logs","logger":"cosmos.converter","filename":"converter.py","lineno":430}
{"timestamp":"2026-09-05T12:45:34.513185Z","level":"warning","event":"Using Variable.get from `airflow.models` is deprecated.Please use `get` on Variable from sdk(`airflow.sdk.Variable`) instead","category":"UserWarning","filename":"/home/airflow/.local/lib/python3.13/site-packages/airflow/models/variable.py","lineno":158,"logger":"py.warnings"}
{"timestamp":"2026-09-05T12:46:05.134099Z","level":"info","event":"Filling up the DagBag from /opt/airflow/dags/verdanta_weekly.py","logger":"airflow.dag_processing.dagbag.BundleDagBag","filename":"dagbag.py","lineno":469}
{"timestamp":"2026-09-05T12:46:05.207739Z","level":"info","event":"::group::Cosmos DAG parsing logs","logger":"cosmos.converter","filename":"converter.py","lineno":321}
{"timestamp":"2026-09-05T12:46:05.211344Z","level":"info","event":"Cosmos cache dir resolved to /tmp/cosmos/verdanta_weekly__dbt_weekly","logger":"cosmos.converter","filename":"converter.py","lineno":346}
{"timestamp":"2026-09-05T12:46:05.211564Z","level":"info","event":"Trying to parse the dbt project using dbt ls cache cosmos_cache__verdanta_weekly__dbt_weekly...","logger":"cosmos.dbt.graph","filename":"graph.py","lineno":869}
{"timestamp":"2026-09-05T12:46:05.363813Z","level":"info","event":"Cosmos performance: time to calculate cache identifier cosmos_cache__verdanta_weekly__dbt_weekly for current version: 0.13490567999997438","logger":"cosmos.cache","filename":"cache.py","lineno":401}
{"timestamp":"2026-09-05T12:46:05.364011Z","level":"info","event":"Cosmos performance [993ed3b2f767|1242]: The cache size for cosmos_cache__verdanta_weekly__dbt_weekly is 23804","logger":"cosmos.dbt.graph","filename":"graph.py","lineno":886}
{"timestamp":"2026-09-05T12:46:05.364901Z","level":"info","event":"Cosmos performance: Cache hit for cosmos_cache__verdanta_weekly__dbt_weekly - cec7d2b2130ad93ca8be26282ae433fd,1ae01f5b93cde0ad1f6d9482f1b54abd","logger":"cosmos.dbt.graph","filename":"graph.py","lineno":898}
{"timestamp":"2026-09-05T12:46:05.365025Z","level":"info","event":"Total nodes: 27","logger":"cosmos.dbt.graph","filename":"graph.py","lineno":799}
{"timestamp":"2026-09-05T12:46:05.365093Z","level":"info","event":"Total filtered nodes: 27","logger":"cosmos.dbt.graph","filename":"graph.py","lineno":800}
{"timestamp":"2026-09-05T12:46:05.365167Z","level":"info","event":"Cosmos performance (verdanta_weekly__dbt_weekly) - [993ed3b2f767|1242]: It took 0.154s to parse the dbt project for DAG using LoadMode.DBT_LS_CACHE","logger":"cosmos.converter","filename":"converter.py","lineno":371}
{"timestamp":"2026-09-05T12:46:05.389428Z","level":"info","event":"Cosmos performance (verdanta_weekly__dbt_weekly) - [993ed3b2f767|1242]: It took 0.0242s to build the Airflow DAG.","logger":"cosmos.converter","filename":"converter.py","lineno":423}
{"timestamp":"2026-09-05T12:46:05.389729Z","level":"info","event":"::endgroup::Cosmos DAG parsing logs","logger":"cosmos.converter","filename":"converter.py","lineno":430}
{"timestamp":"2026-09-05T12:46:05.390102Z","level":"warning","event":"Using Variable.get from `airflow.models` is deprecated.Please use `get` on Variable from sdk(`airflow.sdk.Variable`) instead","category":"UserWarning","filename":"/home/airflow/.local/lib/python3.13/site-packages/airflow/models/variable.py","lineno":158,"logger":"py.warnings"}
{"timestamp":"2026-09-05T12:46:35.765824Z","level":"info","event":"Filling up the DagBag from /opt/airflow/dags/verdanta_weekly.py","logger":"airflow.dag_processing.dagbag.BundleDagBag","filename":"dagbag.py","lineno":469}
{"timestamp":"2026-09-05T12:46:35.841478Z","level":"info","event":"::group::Cosmos DAG parsing logs","logger":"cosmos.converter","filename":"converter.py","lineno":321}
{"timestamp":"2026-09-05T12:46:35.845281Z","level":"info","event":"Cosmos cache dir resolved to /tmp/cosmos/verdanta_weekly__dbt_weekly","logger":"cosmos.converter","filename":"converter.py","lineno":346}
{"timestamp":"2026-09-05T12:46:35.845506Z","level":"info","event":"Trying to parse the dbt project using dbt ls cache cosmos_cache__verdanta_weekly__dbt_weekly...","logger":"cosmos.dbt.graph","filename":"graph.py","lineno":869}
{"timestamp":"2026-09-05T12:46:35.993180Z","level":"info","event":"Cosmos performance: time to calculate cache identifier cosmos_cache__verdanta_weekly__dbt_weekly for current version: 0.1357712310000352","logger":"cosmos.cache","filename":"cache.py","lineno":401}
{"timestamp":"2026-09-05T12:46:35.993417Z","level":"info","event":"Cosmos performance [993ed3b2f767|1254]: The cache size for cosmos_cache__verdanta_weekly__dbt_weekly is 23804","logger":"cosmos.dbt.graph","filename":"graph.py","lineno":886}
{"timestamp":"2026-09-05T12:46:35.994295Z","level":"info","event":"Cosmos performance: Cache hit for cosmos_cache__verdanta_weekly__dbt_weekly - cec7d2b2130ad93ca8be26282ae433fd,1ae01f5b93cde0ad1f6d9482f1b54abd","logger":"cosmos.dbt.graph","filename":"graph.py","lineno":898}
{"timestamp":"2026-09-05T12:46:35.994407Z","level":"info","event":"Total nodes: 27","logger":"cosmos.dbt.graph","filename":"graph.py","lineno":799}
{"timestamp":"2026-09-05T12:46:35.994466Z","level":"info","event":"Total filtered nodes: 27","logger":"cosmos.dbt.graph","filename":"graph.py","lineno":800}
{"timestamp":"2026-09-05T12:46:35.994537Z","level":"info","event":"Cosmos performance (verdanta_weekly__dbt_weekly) - [993ed3b2f767|1254]: It took 0.149s to parse the dbt project for DAG using LoadMode.DBT_LS_CACHE","logger":"cosmos.converter","filename":"converter.py","lineno":371}
{"timestamp":"2026-09-05T12:46:36.017357Z","level":"info","event":"Cosmos performance (verdanta_weekly__dbt_weekly) - [993ed3b2f767|1254]: It took 0.0228s to build the Airflow DAG.","logger":"cosmos.converter","filename":"converter.py","lineno":423}
{"timestamp":"2026-09-05T12:46:36.017520Z","level":"info","event":"::endgroup::Cosmos DAG parsing logs","logger":"cosmos.converter","filename":"converter.py","lineno":430}
{"timestamp":"2026-09-05T12:46:36.018029Z","level":"warning","event":"Using Variable.get from `airflow.models` is deprecated.Please use `get` on Variable from sdk(`airflow.sdk.Variable`) instead","category":"UserWarning","filename":"/home/airflow/.local/lib/python3.13/site-packages/airflow/models/variable.py","lineno":158,"logger":"py.warnings"}
{"timestamp":"2026-09-05T12:47:06.920050Z","level":"info","event":"Filling up the DagBag from /opt/airflow/dags/verdanta_weekly.py","logger":"airflow.dag_processing.dagbag.BundleDagBag","filename":"dagbag.py","lineno":469}
{"timestamp":"2026-09-05T12:47:07.003933Z","level":"info","event":"::group::Cosmos DAG parsing logs","logger":"cosmos.converter","filename":"converter.py","lineno":321}
{"timestamp":"2026-09-05T12:47:07.008285Z","level":"info","event":"Cosmos cache dir resolved to /tmp/cosmos/verdanta_weekly__dbt_weekly","logger":"cosmos.converter","filename":"converter.py","lineno":346}
{"timestamp":"2026-09-05T12:47:07.008608Z","level":"info","event":"Trying to parse the dbt project using dbt ls cache cosmos_cache__verdanta_weekly__dbt_weekly...","logger":"cosmos.dbt.graph","filename":"graph.py","lineno":869}
{"timestamp":"2026-09-05T12:47:07.159162Z","level":"info","event":"Cosmos performance: time to calculate cache identifier cosmos_cache__verdanta_weekly__dbt_weekly for current version: 0.13448417099994003","logger":"cosmos.cache","filename":"cache.py","lineno":401}
{"timestamp":"2026-09-05T12:47:07.159491Z","level":"info","event":"Cosmos performance [993ed3b2f767|1290]: The cache size for cosmos_cache__verdanta_weekly__dbt_weekly is 23804","logger":"cosmos.dbt.graph","filename":"graph.py","lineno":886}
{"timestamp":"2026-09-05T12:47:07.160345Z","level":"info","event":"Cosmos performance: Cache hit for cosmos_cache__verdanta_weekly__dbt_weekly - cec7d2b2130ad93ca8be26282ae433fd,1ae01f5b93cde0ad1f6d9482f1b54abd","logger":"cosmos.dbt.graph","filename":"graph.py","lineno":898}
{"timestamp":"2026-09-05T12:47:07.160457Z","level":"info","event":"Total nodes: 27","logger":"cosmos.dbt.graph","filename":"graph.py","lineno":799}
{"timestamp":"2026-09-05T12:47:07.160517Z","level":"info","event":"Total filtered nodes: 27","logger":"cosmos.dbt.graph","filename":"graph.py","lineno":800}
{"timestamp":"2026-09-05T12:47:07.160581Z","level":"info","event":"Cosmos performance (verdanta_weekly__dbt_weekly) - [993ed3b2f767|1290]: It took 0.152s to parse the dbt project for DAG using LoadMode.DBT_LS_CACHE","logger":"cosmos.converter","filename":"converter.py","lineno":371}
{"timestamp":"2026-09-05T12:47:07.182887Z","level":"info","event":"Cosmos performance (verdanta_weekly__dbt_weekly) - [993ed3b2f767|1290]: It took 0.0222s to build the Airflow DAG.","logger":"cosmos.converter","filename":"converter.py","lineno":423}
{"timestamp":"2026-09-05T12:47:07.183069Z","level":"info","event":"::endgroup::Cosmos DAG parsing logs","logger":"cosmos.converter","filename":"converter.py","lineno":430}
{"timestamp":"2026-09-05T12:47:07.183580Z","level":"warning","event":"Using Variable.get from `airflow.models` is deprecated.Please use `get` on Variable from sdk(`airflow.sdk.Variable`) instead","category":"UserWarning","filename":"/home/airflow/.local/lib/python3.13/site-packages/airflow/models/variable.py","lineno":158,"logger":"py.warnings"}
{"timestamp":"2026-09-05T12:47:37.926044Z","level":"info","event":"Filling up the DagBag from /opt/airflow/dags/verdanta_weekly.py","logger":"airflow.dag_processing.dagbag.BundleDagBag","filename":"dagbag.py","lineno":469}
{"timestamp":"2026-09-05T12:47:38.010170Z","level":"info","event":"::group::Cosmos DAG parsing logs","logger":"cosmos.converter","filename":"converter.py","lineno":321}
{"timestamp":"2026-09-05T12:47:38.014176Z","level":"info","event":"Cosmos cache dir resolved to /tmp/cosmos/verdanta_weekly__dbt_weekly","logger":"cosmos.converter","filename":"converter.py","lineno":346}
{"timestamp":"2026-09-05T12:47:38.014364Z","level":"info","event":"Trying to parse the dbt project using dbt ls cache cosmos_cache__verdanta_weekly__dbt_weekly...","logger":"cosmos.dbt.graph","filename":"graph.py","lineno":869}
{"timestamp":"2026-09-05T12:47:38.174570Z","level":"info","event":"Cosmos performance: time to calculate cache identifier cosmos_cache__verdanta_weekly__dbt_weekly for current version: 0.14510903800010055","logger":"cosmos.cache","filename":"cache.py","lineno":401}
{"timestamp":"2026-09-05T12:47:38.174776Z","level":"info","event":"Cosmos performance [993ed3b2f767|1326]: The cache size for cosmos_cache__verdanta_weekly__dbt_weekly is 23804","logger":"cosmos.dbt.graph","filename":"graph.py","lineno":886}
{"timestamp":"2026-09-05T12:47:38.176266Z","level":"info","event":"Cosmos performance: Cache hit for cosmos_cache__verdanta_weekly__dbt_weekly - cec7d2b2130ad93ca8be26282ae433fd,1ae01f5b93cde0ad1f6d9482f1b54abd","logger":"cosmos.dbt.graph","filename":"graph.py","lineno":898}
{"timestamp":"2026-09-05T12:47:38.176383Z","level":"info","event":"Total nodes: 27","logger":"cosmos.dbt.graph","filename":"graph.py","lineno":799}
{"timestamp":"2026-09-05T12:47:38.176442Z","level":"info","event":"Total filtered nodes: 27","logger":"cosmos.dbt.graph","filename":"graph.py","lineno":800}
{"timestamp":"2026-09-05T12:47:38.176541Z","level":"info","event":"Cosmos performance (verdanta_weekly__dbt_weekly) - [993ed3b2f767|1326]: It took 0.162s to parse the dbt project for DAG using LoadMode.DBT_LS_CACHE","logger":"cosmos.converter","filename":"converter.py","lineno":371}
{"timestamp":"2026-09-05T12:47:38.198872Z","level":"info","event":"Cosmos performance (verdanta_weekly__dbt_weekly) - [993ed3b2f767|1326]: It took 0.0223s to build the Airflow DAG.","logger":"cosmos.converter","filename":"converter.py","lineno":423}
{"timestamp":"2026-09-05T12:47:38.199032Z","level":"info","event":"::endgroup::Cosmos DAG parsing logs","logger":"cosmos.converter","filename":"converter.py","lineno":430}
{"timestamp":"2026-09-05T12:47:38.199509Z","level":"warning","event":"Using Variable.get from `airflow.models` is deprecated.Please use `get` on Variable from sdk(`airflow.sdk.Variable`) instead","category":"UserWarning","filename":"/home/airflow/.local/lib/python3.13/site-packages/airflow/models/variable.py","lineno":158,"logger":"py.warnings"}
{"timestamp":"2026-09-05T12:48:08.976273Z","level":"info","event":"Filling up the DagBag from /opt/airflow/dags/verdanta_weekly.py","logger":"airflow.dag_processing.dagbag.BundleDagBag","filename":"dagbag.py","lineno":469}
{"timestamp":"2026-09-05T12:48:09.062212Z","level":"info","event":"::group::Cosmos DAG parsing logs","logger":"cosmos.converter","filename":"converter.py","lineno":321}
{"timestamp":"2026-09-05T12:48:09.067409Z","level":"info","event":"Cosmos cache dir resolved to /tmp/cosmos/verdanta_weekly__dbt_weekly","logger":"cosmos.converter","filename":"converter.py","lineno":346}
{"timestamp":"2026-09-05T12:48:09.067651Z","level":"info","event":"Trying to parse the dbt project using dbt ls cache cosmos_cache__verdanta_weekly__dbt_weekly...","logger":"cosmos.dbt.graph","filename":"graph.py","lineno":869}
{"timestamp":"2026-09-05T12:48:09.210546Z","level":"info","event":"Cosmos performance: time to calculate cache identifier cosmos_cache__verdanta_weekly__dbt_weekly for current version: 0.13003675700019812","logger":"cosmos.cache","filename":"cache.py","lineno":401}
{"timestamp":"2026-09-05T12:48:09.210875Z","level":"info","event":"Cosmos performance [993ed3b2f767|1362]: The cache size for cosmos_cache__verdanta_weekly__dbt_weekly is 23804","logger":"cosmos.dbt.graph","filename":"graph.py","lineno":886}
{"timestamp":"2026-09-05T12:48:09.212426Z","level":"info","event":"Cosmos performance: Cache hit for cosmos_cache__verdanta_weekly__dbt_weekly - cec7d2b2130ad93ca8be26282ae433fd,1ae01f5b93cde0ad1f6d9482f1b54abd","logger":"cosmos.dbt.graph","filename":"graph.py","lineno":898}
{"timestamp":"2026-09-05T12:48:09.212605Z","level":"info","event":"Total nodes: 27","logger":"cosmos.dbt.graph","filename":"graph.py","lineno":799}
{"timestamp":"2026-09-05T12:48:09.212679Z","level":"info","event":"Total filtered nodes: 27","logger":"cosmos.dbt.graph","filename":"graph.py","lineno":800}
{"timestamp":"2026-09-05T12:48:09.212776Z","level":"info","event":"Cosmos performance (verdanta_weekly__dbt_weekly) - [993ed3b2f767|1362]: It took 0.145s to parse the dbt project for DAG using LoadMode.DBT_LS_CACHE","logger":"cosmos.converter","filename":"converter.py","lineno":371}
{"timestamp":"2026-09-05T12:48:09.234379Z","level":"info","event":"Cosmos performance (verdanta_weekly__dbt_weekly) - [993ed3b2f767|1362]: It took 0.0215s to build the Airflow DAG.","logger":"cosmos.converter","filename":"converter.py","lineno":423}
{"timestamp":"2026-09-05T12:48:09.234550Z","level":"info","event":"::endgroup::Cosmos DAG parsing logs","logger":"cosmos.converter","filename":"converter.py","lineno":430}
{"timestamp":"2026-09-05T12:48:09.235137Z","level":"warning","event":"Using Variable.get from `airflow.models` is deprecated.Please use `get` on Variable from sdk(`airflow.sdk.Variable`) instead","category":"UserWarning","filename":"/home/airflow/.local/lib/python3.13/site-packages/airflow/models/variable.py","lineno":158,"logger":"py.warnings"}
{"timestamp":"2026-09-05T12:48:39.530575Z","level":"info","event":"Filling up the DagBag from /opt/airflow/dags/verdanta_weekly.py","logger":"airflow.dag_processing.dagbag.BundleDagBag","filename":"dagbag.py","lineno":469}
{"timestamp":"2026-09-05T12:48:39.608918Z","level":"info","event":"::group::Cosmos DAG parsing logs","logger":"cosmos.converter","filename":"converter.py","lineno":321}
{"timestamp":"2026-09-05T12:48:39.612335Z","level":"info","event":"Cosmos cache dir resolved to /tmp/cosmos/verdanta_weekly__dbt_weekly","logger":"cosmos.converter","filename":"converter.py","lineno":346}
{"timestamp":"2026-09-05T12:48:39.612547Z","level":"info","event":"Trying to parse the dbt project using dbt ls cache cosmos_cache__verdanta_weekly__dbt_weekly...","logger":"cosmos.dbt.graph","filename":"graph.py","lineno":869}
{"timestamp":"2026-09-05T12:48:39.765708Z","level":"info","event":"Cosmos performance: time to calculate cache identifier cosmos_cache__verdanta_weekly__dbt_weekly for current version: 0.1329722309999397","logger":"cosmos.cache","filename":"cache.py","lineno":401}
{"timestamp":"2026-09-05T12:48:39.765932Z","level":"info","event":"Cosmos performance [993ed3b2f767|1398]: The cache size for cosmos_cache__verdanta_weekly__dbt_weekly is 23804","logger":"cosmos.dbt.graph","filename":"graph.py","lineno":886}
{"timestamp":"2026-09-05T12:48:39.767182Z","level":"info","event":"Cosmos performance: Cache hit for cosmos_cache__verdanta_weekly__dbt_weekly - cec7d2b2130ad93ca8be26282ae433fd,1ae01f5b93cde0ad1f6d9482f1b54abd","logger":"cosmos.dbt.graph","filename":"graph.py","lineno":898}
{"timestamp":"2026-09-05T12:48:39.767423Z","level":"info","event":"Total nodes: 27","logger":"cosmos.dbt.graph","filename":"graph.py","lineno":799}
{"timestamp":"2026-09-05T12:48:39.767558Z","level":"info","event":"Total filtered nodes: 27","logger":"cosmos.dbt.graph","filename":"graph.py","lineno":800}
{"timestamp":"2026-09-05T12:48:39.767673Z","level":"info","event":"Cosmos performance (verdanta_weekly__dbt_weekly) - [993ed3b2f767|1398]: It took 0.155s to parse the dbt project for DAG using LoadMode.DBT_LS_CACHE","logger":"cosmos.converter","filename":"converter.py","lineno":371}
{"timestamp":"2026-09-05T12:48:39.796218Z","level":"info","event":"Cosmos performance (verdanta_weekly__dbt_weekly) - [993ed3b2f767|1398]: It took 0.0285s to build the Airflow DAG.","logger":"cosmos.converter","filename":"converter.py","lineno":423}
{"timestamp":"2026-09-05T12:48:39.796456Z","level":"info","event":"::endgroup::Cosmos DAG parsing logs","logger":"cosmos.converter","filename":"converter.py","lineno":430}
{"timestamp":"2026-09-05T12:48:39.797035Z","level":"warning","event":"Using Variable.get from `airflow.models` is deprecated.Please use `get` on Variable from sdk(`airflow.sdk.Variable`) instead","category":"UserWarning","filename":"/home/airflow/.local/lib/python3.13/site-packages/airflow/models/variable.py","lineno":158,"logger":"py.warnings"}
{"timestamp":"2026-09-05T12:49:11.064814Z","level":"info","event":"Filling up the DagBag from /opt/airflow/dags/verdanta_weekly.py","logger":"airflow.dag_processing.dagbag.BundleDagBag","filename":"dagbag.py","lineno":469}
{"timestamp":"2026-09-05T12:49:11.148449Z","level":"info","event":"::group::Cosmos DAG parsing logs","logger":"cosmos.converter","filename":"converter.py","lineno":321}
{"timestamp":"2026-09-05T12:49:11.152532Z","level":"info","event":"Cosmos cache dir resolved to /tmp/cosmos/verdanta_weekly__dbt_weekly","logger":"cosmos.converter","filename":"converter.py","lineno":346}
{"timestamp":"2026-09-05T12:49:11.152764Z","level":"info","event":"Trying to parse the dbt project using dbt ls cache cosmos_cache__verdanta_weekly__dbt_weekly...","logger":"cosmos.dbt.graph","filename":"graph.py","lineno":869}
{"timestamp":"2026-09-05T12:49:11.299765Z","level":"info","event":"Cosmos performance: time to calculate cache identifier cosmos_cache__verdanta_weekly__dbt_weekly for current version: 0.1333188120001978","logger":"cosmos.cache","filename":"cache.py","lineno":401}
{"timestamp":"2026-09-05T12:49:11.299981Z","level":"info","event":"Cosmos performance [993ed3b2f767|1417]: The cache size for cosmos_cache__verdanta_weekly__dbt_weekly is 23804","logger":"cosmos.dbt.graph","filename":"graph.py","lineno":886}
{"timestamp":"2026-09-05T12:49:11.300911Z","level":"info","event":"Cosmos performance: Cache hit for cosmos_cache__verdanta_weekly__dbt_weekly - cec7d2b2130ad93ca8be26282ae433fd,1ae01f5b93cde0ad1f6d9482f1b54abd","logger":"cosmos.dbt.graph","filename":"graph.py","lineno":898}
{"timestamp":"2026-09-05T12:49:11.301083Z","level":"info","event":"Total nodes: 27","logger":"cosmos.dbt.graph","filename":"graph.py","lineno":799}
{"timestamp":"2026-09-05T12:49:11.301161Z","level":"info","event":"Total filtered nodes: 27","logger":"cosmos.dbt.graph","filename":"graph.py","lineno":800}
{"timestamp":"2026-09-05T12:49:11.301233Z","level":"info","event":"Cosmos performance (verdanta_weekly__dbt_weekly) - [993ed3b2f767|1417]: It took 0.15s to parse the dbt project for DAG using LoadMode.DBT_LS_CACHE","logger":"cosmos.converter","filename":"converter.py","lineno":371}
{"timestamp":"2026-09-05T12:49:11.326697Z","level":"info","event":"Cosmos performance (verdanta_weekly__dbt_weekly) - [993ed3b2f767|1417]: It took 0.0254s to build the Airflow DAG.","logger":"cosmos.converter","filename":"converter.py","lineno":423}
{"timestamp":"2026-09-05T12:49:11.326841Z","level":"info","event":"::endgroup::Cosmos DAG parsing logs","logger":"cosmos.converter","filename":"converter.py","lineno":430}
{"timestamp":"2026-09-05T12:49:11.327395Z","level":"warning","event":"Using Variable.get from `airflow.models` is deprecated.Please use `get` on Variable from sdk(`airflow.sdk.Variable`) instead","category":"UserWarning","filename":"/home/airflow/.local/lib/python3.13/site-packages/airflow/models/variable.py","lineno":158,"logger":"py.warnings"}
{"timestamp":"2026-09-05T12:49:41.457636Z","level":"info","event":"Filling up the DagBag from /opt/airflow/dags/verdanta_weekly.py","logger":"airflow.dag_processing.dagbag.BundleDagBag","filename":"dagbag.py","lineno":469}
{"timestamp":"2026-09-05T12:49:41.521169Z","level":"info","event":"::group::Cosmos DAG parsing logs","logger":"cosmos.converter","filename":"converter.py","lineno":321}
{"timestamp":"2026-09-05T12:49:41.524230Z","level":"info","event":"Cosmos cache dir resolved to /tmp/cosmos/verdanta_weekly__dbt_weekly","logger":"cosmos.converter","filename":"converter.py","lineno":346}
{"timestamp":"2026-09-05T12:49:41.524426Z","level":"info","event":"Trying to parse the dbt project using dbt ls cache cosmos_cache__verdanta_weekly__dbt_weekly...","logger":"cosmos.dbt.graph","filename":"graph.py","lineno":869}
{"timestamp":"2026-09-05T12:49:41.662166Z","level":"info","event":"Cosmos performance: time to calculate cache identifier cosmos_cache__verdanta_weekly__dbt_weekly for current version: 0.12367611699983172","logger":"cosmos.cache","filename":"cache.py","lineno":401}
{"timestamp":"2026-09-05T12:49:41.662421Z","level":"info","event":"Cosmos performance [993ed3b2f767|1450]: The cache size for cosmos_cache__verdanta_weekly__dbt_weekly is 23804","logger":"cosmos.dbt.graph","filename":"graph.py","lineno":886}
{"timestamp":"2026-09-05T12:49:41.663292Z","level":"info","event":"Cosmos performance: Cache hit for cosmos_cache__verdanta_weekly__dbt_weekly - cec7d2b2130ad93ca8be26282ae433fd,1ae01f5b93cde0ad1f6d9482f1b54abd","logger":"cosmos.dbt.graph","filename":"graph.py","lineno":898}
{"timestamp":"2026-09-05T12:49:41.663413Z","level":"info","event":"Total nodes: 27","logger":"cosmos.dbt.graph","filename":"graph.py","lineno":799}
{"timestamp":"2026-09-05T12:49:41.663471Z","level":"info","event":"Total filtered nodes: 27","logger":"cosmos.dbt.graph","filename":"graph.py","lineno":800}
{"timestamp":"2026-09-05T12:49:41.663536Z","level":"info","event":"Cosmos performance (verdanta_weekly__dbt_weekly) - [993ed3b2f767|1450]: It took 0.139s to parse the dbt project for DAG using LoadMode.DBT_LS_CACHE","logger":"cosmos.converter","filename":"converter.py","lineno":371}
{"timestamp":"2026-09-05T12:49:41.686898Z","level":"info","event":"Cosmos performance (verdanta_weekly__dbt_weekly) - [993ed3b2f767|1450]: It took 0.0233s to build the Airflow DAG.","logger":"cosmos.converter","filename":"converter.py","lineno":423}
{"timestamp":"2026-09-05T12:49:41.687056Z","level":"info","event":"::endgroup::Cosmos DAG parsing logs","logger":"cosmos.converter","filename":"converter.py","lineno":430}
{"timestamp":"2026-09-05T12:49:41.687554Z","level":"warning","event":"Using Variable.get from `airflow.models` is deprecated.Please use `get` on Variable from sdk(`airflow.sdk.Variable`) instead","category":"UserWarning","filename":"/home/airflow/.local/lib/python3.13/site-packages/airflow/models/variable.py","lineno":158,"logger":"py.warnings"}
{"timestamp":"2026-09-05T12:50:12.274059Z","level":"info","event":"Filling up the DagBag from /opt/airflow/dags/verdanta_weekly.py","logger":"airflow.dag_processing.dagbag.BundleDagBag","filename":"dagbag.py","lineno":469}
{"timestamp":"2026-09-05T12:50:12.393569Z","level":"info","event":"::group::Cosmos DAG parsing logs","logger":"cosmos.converter","filename":"converter.py","lineno":321}
{"timestamp":"2026-09-05T12:50:12.400490Z","level":"info","event":"Cosmos cache dir resolved to /tmp/cosmos/verdanta_weekly__dbt_weekly","logger":"cosmos.converter","filename":"converter.py","lineno":346}
{"timestamp":"2026-09-05T12:50:12.400981Z","level":"info","event":"Trying to parse the dbt project using dbt ls cache cosmos_cache__verdanta_weekly__dbt_weekly...","logger":"cosmos.dbt.graph","filename":"graph.py","lineno":869}
{"timestamp":"2026-09-05T12:50:12.584575Z","level":"info","event":"Cosmos performance: time to calculate cache identifier cosmos_cache__verdanta_weekly__dbt_weekly for current version: 0.1558981999999105","logger":"cosmos.cache","filename":"cache.py","lineno":401}
{"timestamp":"2026-09-05T12:50:12.584829Z","level":"info","event":"Cosmos performance [993ed3b2f767|1483]: The cache size for cosmos_cache__verdanta_weekly__dbt_weekly is 23804","logger":"cosmos.dbt.graph","filename":"graph.py","lineno":886}
{"timestamp":"2026-09-05T12:50:12.585682Z","level":"info","event":"Cosmos performance: Cache hit for cosmos_cache__verdanta_weekly__dbt_weekly - cec7d2b2130ad93ca8be26282ae433fd,1ae01f5b93cde0ad1f6d9482f1b54abd","logger":"cosmos.dbt.graph","filename":"graph.py","lineno":898}
{"timestamp":"2026-09-05T12:50:12.585798Z","level":"info","event":"Total nodes: 27","logger":"cosmos.dbt.graph","filename":"graph.py","lineno":799}
{"timestamp":"2026-09-05T12:50:12.585859Z","level":"info","event":"Total filtered nodes: 27","logger":"cosmos.dbt.graph","filename":"graph.py","lineno":800}
{"timestamp":"2026-09-05T12:50:12.585924Z","level":"info","event":"Cosmos performance (verdanta_weekly__dbt_weekly) - [993ed3b2f767|1483]: It took 0.185s to parse the dbt project for DAG using LoadMode.DBT_LS_CACHE","logger":"cosmos.converter","filename":"converter.py","lineno":371}
{"timestamp":"2026-09-05T12:50:12.610188Z","level":"info","event":"Cosmos performance (verdanta_weekly__dbt_weekly) - [993ed3b2f767|1483]: It took 0.0242s to build the Airflow DAG.","logger":"cosmos.converter","filename":"converter.py","lineno":423}
{"timestamp":"2026-09-05T12:50:12.610405Z","level":"info","event":"::endgroup::Cosmos DAG parsing logs","logger":"cosmos.converter","filename":"converter.py","lineno":430}
{"timestamp":"2026-09-05T12:50:12.611033Z","level":"warning","event":"Using Variable.get from `airflow.models` is deprecated.Please use `get` on Variable from sdk(`airflow.sdk.Variable`) instead","category":"UserWarning","filename":"/home/airflow/.local/lib/python3.13/site-packages/airflow/models/variable.py","lineno":158,"logger":"py.warnings"}
{"timestamp":"2026-09-05T12:50:43.399722Z","level":"info","event":"Filling up the DagBag from /opt/airflow/dags/verdanta_weekly.py","logger":"airflow.dag_processing.dagbag.BundleDagBag","filename":"dagbag.py","lineno":469}
{"timestamp":"2026-09-05T12:50:43.511570Z","level":"info","event":"::group::Cosmos DAG parsing logs","logger":"cosmos.converter","filename":"converter.py","lineno":321}
{"timestamp":"2026-09-05T12:50:43.516616Z","level":"info","event":"Cosmos cache dir resolved to /tmp/cosmos/verdanta_weekly__dbt_weekly","logger":"cosmos.converter","filename":"converter.py","lineno":346}
{"timestamp":"2026-09-05T12:50:43.516846Z","level":"info","event":"Trying to parse the dbt project using dbt ls cache cosmos_cache__verdanta_weekly__dbt_weekly...","logger":"cosmos.dbt.graph","filename":"graph.py","lineno":869}
{"timestamp":"2026-09-05T12:50:43.685565Z","level":"info","event":"Cosmos performance: time to calculate cache identifier cosmos_cache__verdanta_weekly__dbt_weekly for current version: 0.15072661500016693","logger":"cosmos.cache","filename":"cache.py","lineno":401}
{"timestamp":"2026-09-05T12:50:43.685810Z","level":"info","event":"Cosmos performance [993ed3b2f767|1512]: The cache size for cosmos_cache__verdanta_weekly__dbt_weekly is 23804","logger":"cosmos.dbt.graph","filename":"graph.py","lineno":886}
{"timestamp":"2026-09-05T12:50:43.686715Z","level":"info","event":"Cosmos performance: Cache hit for cosmos_cache__verdanta_weekly__dbt_weekly - cec7d2b2130ad93ca8be26282ae433fd,1ae01f5b93cde0ad1f6d9482f1b54abd","logger":"cosmos.dbt.graph","filename":"graph.py","lineno":898}
{"timestamp":"2026-09-05T12:50:43.686844Z","level":"info","event":"Total nodes: 27","logger":"cosmos.dbt.graph","filename":"graph.py","lineno":799}
{"timestamp":"2026-09-05T12:50:43.686903Z","level":"info","event":"Total filtered nodes: 27","logger":"cosmos.dbt.graph","filename":"graph.py","lineno":800}
{"timestamp":"2026-09-05T12:50:43.686971Z","level":"info","event":"Cosmos performance (verdanta_weekly__dbt_weekly) - [993ed3b2f767|1512]: It took 0.17s to parse the dbt project for DAG using LoadMode.DBT_LS_CACHE","logger":"cosmos.converter","filename":"converter.py","lineno":371}
{"timestamp":"2026-09-05T12:50:43.711608Z","level":"info","event":"Cosmos performance (verdanta_weekly__dbt_weekly) - [993ed3b2f767|1512]: It took 0.0245s to build the Airflow DAG.","logger":"cosmos.converter","filename":"converter.py","lineno":423}
{"timestamp":"2026-09-05T12:50:43.711778Z","level":"info","event":"::endgroup::Cosmos DAG parsing logs","logger":"cosmos.converter","filename":"converter.py","lineno":430}
{"timestamp":"2026-09-05T12:50:43.712399Z","level":"warning","event":"Using Variable.get from `airflow.models` is deprecated.Please use `get` on Variable from sdk(`airflow.sdk.Variable`) instead","category":"UserWarning","filename":"/home/airflow/.local/lib/python3.13/site-packages/airflow/models/variable.py","lineno":158,"logger":"py.warnings"}
{"timestamp":"2026-09-05T12:51:14.687290Z","level":"info","event":"Filling up the DagBag from /opt/airflow/dags/verdanta_weekly.py","logger":"airflow.dag_processing.dagbag.BundleDagBag","filename":"dagbag.py","lineno":469}
{"timestamp":"2026-09-05T12:51:14.770201Z","level":"info","event":"::group::Cosmos DAG parsing logs","logger":"cosmos.converter","filename":"converter.py","lineno":321}
{"timestamp":"2026-09-05T12:51:14.774310Z","level":"info","event":"Cosmos cache dir resolved to /tmp/cosmos/verdanta_weekly__dbt_weekly","logger":"cosmos.converter","filename":"converter.py","lineno":346}
{"timestamp":"2026-09-05T12:51:14.774570Z","level":"info","event":"Trying to parse the dbt project using dbt ls cache cosmos_cache__verdanta_weekly__dbt_weekly...","logger":"cosmos.dbt.graph","filename":"graph.py","lineno":869}
{"timestamp":"2026-09-05T12:51:14.925165Z","level":"info","event":"Cosmos performance: time to calculate cache identifier cosmos_cache__verdanta_weekly__dbt_weekly for current version: 0.1332693480001126","logger":"cosmos.cache","filename":"cache.py","lineno":401}
{"timestamp":"2026-09-05T12:51:14.925394Z","level":"info","event":"Cosmos performance [993ed3b2f767|1548]: The cache size for cosmos_cache__verdanta_weekly__dbt_weekly is 23804","logger":"cosmos.dbt.graph","filename":"graph.py","lineno":886}
{"timestamp":"2026-09-05T12:51:14.926264Z","level":"info","event":"Cosmos performance: Cache hit for cosmos_cache__verdanta_weekly__dbt_weekly - cec7d2b2130ad93ca8be26282ae433fd,1ae01f5b93cde0ad1f6d9482f1b54abd","logger":"cosmos.dbt.graph","filename":"graph.py","lineno":898}
{"timestamp":"2026-09-05T12:51:14.926385Z","level":"info","event":"Total nodes: 27","logger":"cosmos.dbt.graph","filename":"graph.py","lineno":799}
{"timestamp":"2026-09-05T12:51:14.926454Z","level":"info","event":"Total filtered nodes: 27","logger":"cosmos.dbt.graph","filename":"graph.py","lineno":800}
{"timestamp":"2026-09-05T12:51:14.926526Z","level":"info","event":"Cosmos performance (verdanta_weekly__dbt_weekly) - [993ed3b2f767|1548]: It took 0.152s to parse the dbt project for DAG using LoadMode.DBT_LS_CACHE","logger":"cosmos.converter","filename":"converter.py","lineno":371}
{"timestamp":"2026-09-05T12:51:14.949353Z","level":"info","event":"Cosmos performance (verdanta_weekly__dbt_weekly) - [993ed3b2f767|1548]: It took 0.0228s to build the Airflow DAG.","logger":"cosmos.converter","filename":"converter.py","lineno":423}
{"timestamp":"2026-09-05T12:51:14.949546Z","level":"info","event":"::endgroup::Cosmos DAG parsing logs","logger":"cosmos.converter","filename":"converter.py","lineno":430}
{"timestamp":"2026-09-05T12:51:14.950000Z","level":"warning","event":"Using Variable.get from `airflow.models` is deprecated.Please use `get` on Variable from sdk(`airflow.sdk.Variable`) instead","category":"UserWarning","filename":"/home/airflow/.local/lib/python3.13/site-packages/airflow/models/variable.py","lineno":158,"logger":"py.warnings"}
{"timestamp":"2026-09-05T12:51:45.859769Z","level":"info","event":"Filling up the DagBag from /opt/airflow/dags/verdanta_weekly.py","logger":"airflow.dag_processing.dagbag.BundleDagBag","filename":"dagbag.py","lineno":469}
{"timestamp":"2026-09-05T12:51:45.927797Z","level":"info","event":"::group::Cosmos DAG parsing logs","logger":"cosmos.converter","filename":"converter.py","lineno":321}
{"timestamp":"2026-09-05T12:51:45.931092Z","level":"info","event":"Cosmos cache dir resolved to /tmp/cosmos/verdanta_weekly__dbt_weekly","logger":"cosmos.converter","filename":"converter.py","lineno":346}
{"timestamp":"2026-09-05T12:51:45.931287Z","level":"info","event":"Trying to parse the dbt project using dbt ls cache cosmos_cache__verdanta_weekly__dbt_weekly...","logger":"cosmos.dbt.graph","filename":"graph.py","lineno":869}
{"timestamp":"2026-09-05T12:51:46.087283Z","level":"info","event":"Cosmos performance: time to calculate cache identifier cosmos_cache__verdanta_weekly__dbt_weekly for current version: 0.1381413189999421","logger":"cosmos.cache","filename":"cache.py","lineno":401}
{"timestamp":"2026-09-05T12:51:46.087496Z","level":"info","event":"Cosmos performance [993ed3b2f767|1568]: The cache size for cosmos_cache__verdanta_weekly__dbt_weekly is 23804","logger":"cosmos.dbt.graph","filename":"graph.py","lineno":886}
{"timestamp":"2026-09-05T12:51:46.088400Z","level":"info","event":"Cosmos performance: Cache hit for cosmos_cache__verdanta_weekly__dbt_weekly - cec7d2b2130ad93ca8be26282ae433fd,1ae01f5b93cde0ad1f6d9482f1b54abd","logger":"cosmos.dbt.graph","filename":"graph.py","lineno":898}
{"timestamp":"2026-09-05T12:51:46.088514Z","level":"info","event":"Total nodes: 27","logger":"cosmos.dbt.graph","filename":"graph.py","lineno":799}
{"timestamp":"2026-09-05T12:51:46.088573Z","level":"info","event":"Total filtered nodes: 27","logger":"cosmos.dbt.graph","filename":"graph.py","lineno":800}
{"timestamp":"2026-09-05T12:51:46.088640Z","level":"info","event":"Cosmos performance (verdanta_weekly__dbt_weekly) - [993ed3b2f767|1568]: It took 0.157s to parse the dbt project for DAG using LoadMode.DBT_LS_CACHE","logger":"cosmos.converter","filename":"converter.py","lineno":371}
{"timestamp":"2026-09-05T12:51:46.116258Z","level":"info","event":"Cosmos performance (verdanta_weekly__dbt_weekly) - [993ed3b2f767|1568]: It took 0.0276s to build the Airflow DAG.","logger":"cosmos.converter","filename":"converter.py","lineno":423}
{"timestamp":"2026-09-05T12:51:46.116475Z","level":"info","event":"::endgroup::Cosmos DAG parsing logs","logger":"cosmos.converter","filename":"converter.py","lineno":430}
{"timestamp":"2026-09-05T12:51:46.117022Z","level":"warning","event":"Using Variable.get from `airflow.models` is deprecated.Please use `get` on Variable from sdk(`airflow.sdk.Variable`) instead","category":"UserWarning","filename":"/home/airflow/.local/lib/python3.13/site-packages/airflow/models/variable.py","lineno":158,"logger":"py.warnings"}
{"timestamp":"2026-09-05T12:52:16.589383Z","level":"info","event":"Filling up the DagBag from /opt/airflow/dags/verdanta_weekly.py","logger":"airflow.dag_processing.dagbag.BundleDagBag","filename":"dagbag.py","lineno":469}
{"timestamp":"2026-09-05T12:52:16.698240Z","level":"info","event":"::group::Cosmos DAG parsing logs","logger":"cosmos.converter","filename":"converter.py","lineno":321}
{"timestamp":"2026-09-05T12:52:16.703534Z","level":"info","event":"Cosmos cache dir resolved to /tmp/cosmos/verdanta_weekly__dbt_weekly","logger":"cosmos.converter","filename":"converter.py","lineno":346}
{"timestamp":"2026-09-05T12:52:16.703790Z","level":"info","event":"Trying to parse the dbt project using dbt ls cache cosmos_cache__verdanta_weekly__dbt_weekly...","logger":"cosmos.dbt.graph","filename":"graph.py","lineno":869}
{"timestamp":"2026-09-05T12:52:16.864334Z","level":"info","event":"Cosmos performance: time to calculate cache identifier cosmos_cache__verdanta_weekly__dbt_weekly for current version: 0.14230755799985673","logger":"cosmos.cache","filename":"cache.py","lineno":401}
{"timestamp":"2026-09-05T12:52:16.864716Z","level":"info","event":"Cosmos performance [993ed3b2f767|1598]: The cache size for cosmos_cache__verdanta_weekly__dbt_weekly is 23804","logger":"cosmos.dbt.graph","filename":"graph.py","lineno":886}
{"timestamp":"2026-09-05T12:52:16.865977Z","level":"info","event":"Cosmos performance: Cache hit for cosmos_cache__verdanta_weekly__dbt_weekly - cec7d2b2130ad93ca8be26282ae433fd,1ae01f5b93cde0ad1f6d9482f1b54abd","logger":"cosmos.dbt.graph","filename":"graph.py","lineno":898}
{"timestamp":"2026-09-05T12:52:16.866141Z","level":"info","event":"Total nodes: 27","logger":"cosmos.dbt.graph","filename":"graph.py","lineno":799}
{"timestamp":"2026-09-05T12:52:16.866236Z","level":"info","event":"Total filtered nodes: 27","logger":"cosmos.dbt.graph","filename":"graph.py","lineno":800}
{"timestamp":"2026-09-05T12:52:16.866364Z","level":"info","event":"Cosmos performance (verdanta_weekly__dbt_weekly) - [993ed3b2f767|1598]: It took 0.163s to parse the dbt project for DAG using LoadMode.DBT_LS_CACHE","logger":"cosmos.converter","filename":"converter.py","lineno":371}
{"timestamp":"2026-09-05T12:52:16.897103Z","level":"info","event":"Cosmos performance (verdanta_weekly__dbt_weekly) - [993ed3b2f767|1598]: It took 0.0307s to build the Airflow DAG.","logger":"cosmos.converter","filename":"converter.py","lineno":423}
{"timestamp":"2026-09-05T12:52:16.897264Z","level":"info","event":"::endgroup::Cosmos DAG parsing logs","logger":"cosmos.converter","filename":"converter.py","lineno":430}
{"timestamp":"2026-09-05T12:52:16.897949Z","level":"warning","event":"Using Variable.get from `airflow.models` is deprecated.Please use `get` on Variable from sdk(`airflow.sdk.Variable`) instead","category":"UserWarning","filename":"/home/airflow/.local/lib/python3.13/site-packages/airflow/models/variable.py","lineno":158,"logger":"py.warnings"}
{"timestamp":"2026-09-05T12:52:47.053602Z","level":"info","event":"Filling up the DagBag from /opt/airflow/dags/verdanta_weekly.py","logger":"airflow.dag_processing.dagbag.BundleDagBag","filename":"dagbag.py","lineno":469}
{"timestamp":"2026-09-05T12:52:47.141648Z","level":"info","event":"::group::Cosmos DAG parsing logs","logger":"cosmos.converter","filename":"converter.py","lineno":321}
{"timestamp":"2026-09-05T12:52:47.146567Z","level":"info","event":"Cosmos cache dir resolved to /tmp/cosmos/verdanta_weekly__dbt_weekly","logger":"cosmos.converter","filename":"converter.py","lineno":346}
{"timestamp":"2026-09-05T12:52:47.146790Z","level":"info","event":"Trying to parse the dbt project using dbt ls cache cosmos_cache__verdanta_weekly__dbt_weekly...","logger":"cosmos.dbt.graph","filename":"graph.py","lineno":869}
{"timestamp":"2026-09-05T12:52:47.291654Z","level":"info","event":"Cosmos performance: time to calculate cache identifier cosmos_cache__verdanta_weekly__dbt_weekly for current version: 0.13177648600003522","logger":"cosmos.cache","filename":"cache.py","lineno":401}
{"timestamp":"2026-09-05T12:52:47.291862Z","level":"info","event":"Cosmos performance [993ed3b2f767|1633]: The cache size for cosmos_cache__verdanta_weekly__dbt_weekly is 23804","logger":"cosmos.dbt.graph","filename":"graph.py","lineno":886}
{"timestamp":"2026-09-05T12:52:47.293294Z","level":"info","event":"Cosmos performance: Cache hit for cosmos_cache__verdanta_weekly__dbt_weekly - cec7d2b2130ad93ca8be26282ae433fd,1ae01f5b93cde0ad1f6d9482f1b54abd","logger":"cosmos.dbt.graph","filename":"graph.py","lineno":898}
{"timestamp":"2026-09-05T12:52:47.293437Z","level":"info","event":"Total nodes: 27","logger":"cosmos.dbt.graph","filename":"graph.py","lineno":799}
{"timestamp":"2026-09-05T12:52:47.293498Z","level":"info","event":"Total filtered nodes: 27","logger":"cosmos.dbt.graph","filename":"graph.py","lineno":800}
{"timestamp":"2026-09-05T12:52:47.293565Z","level":"info","event":"Cosmos performance (verdanta_weekly__dbt_weekly) - [993ed3b2f767|1633]: It took 0.147s to parse the dbt project for DAG using LoadMode.DBT_LS_CACHE","logger":"cosmos.converter","filename":"converter.py","lineno":371}
{"timestamp":"2026-09-05T12:52:47.318610Z","level":"info","event":"Cosmos performance (verdanta_weekly__dbt_weekly) - [993ed3b2f767|1633]: It took 0.025s to build the Airflow DAG.","logger":"cosmos.converter","filename":"converter.py","lineno":423}
{"timestamp":"2026-09-05T12:52:47.318780Z","level":"info","event":"::endgroup::Cosmos DAG parsing logs","logger":"cosmos.converter","filename":"converter.py","lineno":430}
{"timestamp":"2026-09-05T12:52:47.319217Z","level":"warning","event":"Using Variable.get from `airflow.models` is deprecated.Please use `get` on Variable from sdk(`airflow.sdk.Variable`) instead","category":"UserWarning","filename":"/home/airflow/.local/lib/python3.13/site-packages/airflow/models/variable.py","lineno":158,"logger":"py.warnings"}
{"timestamp":"2026-09-05T12:53:18.251728Z","level":"info","event":"Filling up the DagBag from /opt/airflow/dags/verdanta_weekly.py","logger":"airflow.dag_processing.dagbag.BundleDagBag","filename":"dagbag.py","lineno":469}
{"timestamp":"2026-09-05T12:53:18.327818Z","level":"info","event":"::group::Cosmos DAG parsing logs","logger":"cosmos.converter","filename":"converter.py","lineno":321}
{"timestamp":"2026-09-05T12:53:18.331402Z","level":"info","event":"Cosmos cache dir resolved to /tmp/cosmos/verdanta_weekly__dbt_weekly","logger":"cosmos.converter","filename":"converter.py","lineno":346}
{"timestamp":"2026-09-05T12:53:18.331725Z","level":"info","event":"Trying to parse the dbt project using dbt ls cache cosmos_cache__verdanta_weekly__dbt_weekly...","logger":"cosmos.dbt.graph","filename":"graph.py","lineno":869}
{"timestamp":"2026-09-05T12:53:18.476441Z","level":"info","event":"Cosmos performance: time to calculate cache identifier cosmos_cache__verdanta_weekly__dbt_weekly for current version: 0.12978507800016814","logger":"cosmos.cache","filename":"cache.py","lineno":401}
{"timestamp":"2026-09-05T12:53:18.476645Z","level":"info","event":"Cosmos performance [993ed3b2f767|1670]: The cache size for cosmos_cache__verdanta_weekly__dbt_weekly is 23804","logger":"cosmos.dbt.graph","filename":"graph.py","lineno":886}
{"timestamp":"2026-09-05T12:53:18.477455Z","level":"info","event":"Cosmos performance: Cache hit for cosmos_cache__verdanta_weekly__dbt_weekly - cec7d2b2130ad93ca8be26282ae433fd,1ae01f5b93cde0ad1f6d9482f1b54abd","logger":"cosmos.dbt.graph","filename":"graph.py","lineno":898}
{"timestamp":"2026-09-05T12:53:18.477568Z","level":"info","event":"Total nodes: 27","logger":"cosmos.dbt.graph","filename":"graph.py","lineno":799}
{"timestamp":"2026-09-05T12:53:18.477626Z","level":"info","event":"Total filtered nodes: 27","logger":"cosmos.dbt.graph","filename":"graph.py","lineno":800}
{"timestamp":"2026-09-05T12:53:18.477690Z","level":"info","event":"Cosmos performance (verdanta_weekly__dbt_weekly) - [993ed3b2f767|1670]: It took 0.146s to parse the dbt project for DAG using LoadMode.DBT_LS_CACHE","logger":"cosmos.converter","filename":"converter.py","lineno":371}
{"timestamp":"2026-09-05T12:53:18.496738Z","level":"info","event":"Cosmos performance (verdanta_weekly__dbt_weekly) - [993ed3b2f767|1670]: It took 0.019s to build the Airflow DAG.","logger":"cosmos.converter","filename":"converter.py","lineno":423}
{"timestamp":"2026-09-05T12:53:18.496886Z","level":"info","event":"::endgroup::Cosmos DAG parsing logs","logger":"cosmos.converter","filename":"converter.py","lineno":430}
{"timestamp":"2026-09-05T12:53:18.497285Z","level":"warning","event":"Using Variable.get from `airflow.models` is deprecated.Please use `get` on Variable from sdk(`airflow.sdk.Variable`) instead","category":"UserWarning","filename":"/home/airflow/.local/lib/python3.13/site-packages/airflow/models/variable.py","lineno":158,"logger":"py.warnings"}
{"timestamp":"2026-09-05T12:53:49.262535Z","level":"info","event":"Filling up the DagBag from /opt/airflow/dags/verdanta_weekly.py","logger":"airflow.dag_processing.dagbag.BundleDagBag","filename":"dagbag.py","lineno":469}
{"timestamp":"2026-09-05T12:53:49.350193Z","level":"info","event":"::group::Cosmos DAG parsing logs","logger":"cosmos.converter","filename":"converter.py","lineno":321}
{"timestamp":"2026-09-05T12:53:49.354964Z","level":"info","event":"Cosmos cache dir resolved to /tmp/cosmos/verdanta_weekly__dbt_weekly","logger":"cosmos.converter","filename":"converter.py","lineno":346}
{"timestamp":"2026-09-05T12:53:49.355179Z","level":"info","event":"Trying to parse the dbt project using dbt ls cache cosmos_cache__verdanta_weekly__dbt_weekly...","logger":"cosmos.dbt.graph","filename":"graph.py","lineno":869}
{"timestamp":"2026-09-05T12:53:49.501071Z","level":"info","event":"Cosmos performance: time to calculate cache identifier cosmos_cache__verdanta_weekly__dbt_weekly for current version: 0.130332486000043","logger":"cosmos.cache","filename":"cache.py","lineno":401}
{"timestamp":"2026-09-05T12:53:49.501344Z","level":"info","event":"Cosmos performance [993ed3b2f767|1706]: The cache size for cosmos_cache__verdanta_weekly__dbt_weekly is 23804","logger":"cosmos.dbt.graph","filename":"graph.py","lineno":886}
{"timestamp":"2026-09-05T12:53:49.502338Z","level":"info","event":"Cosmos performance: Cache hit for cosmos_cache__verdanta_weekly__dbt_weekly - cec7d2b2130ad93ca8be26282ae433fd,1ae01f5b93cde0ad1f6d9482f1b54abd","logger":"cosmos.dbt.graph","filename":"graph.py","lineno":898}
{"timestamp":"2026-09-05T12:53:49.502497Z","level":"info","event":"Total nodes: 27","logger":"cosmos.dbt.graph","filename":"graph.py","lineno":799}
{"timestamp":"2026-09-05T12:53:49.502563Z","level":"info","event":"Total filtered nodes: 27","logger":"cosmos.dbt.graph","filename":"graph.py","lineno":800}
{"timestamp":"2026-09-05T12:53:49.502641Z","level":"info","event":"Cosmos performance (verdanta_weekly__dbt_weekly) - [993ed3b2f767|1706]: It took 0.148s to parse the dbt project for DAG using LoadMode.DBT_LS_CACHE","logger":"cosmos.converter","filename":"converter.py","lineno":371}
{"timestamp":"2026-09-05T12:53:49.523845Z","level":"info","event":"Cosmos performance (verdanta_weekly__dbt_weekly) - [993ed3b2f767|1706]: It took 0.0211s to build the Airflow DAG.","logger":"cosmos.converter","filename":"converter.py","lineno":423}
{"timestamp":"2026-09-05T12:53:49.524032Z","level":"info","event":"::endgroup::Cosmos DAG parsing logs","logger":"cosmos.converter","filename":"converter.py","lineno":430}
{"timestamp":"2026-09-05T12:53:49.524485Z","level":"warning","event":"Using Variable.get from `airflow.models` is deprecated.Please use `get` on Variable from sdk(`airflow.sdk.Variable`) instead","category":"UserWarning","filename":"/home/airflow/.local/lib/python3.13/site-packages/airflow/models/variable.py","lineno":158,"logger":"py.warnings"}
{"timestamp":"2026-09-05T12:54:20.576728Z","level":"info","event":"Filling up the DagBag from /opt/airflow/dags/verdanta_weekly.py","logger":"airflow.dag_processing.dagbag.BundleDagBag","filename":"dagbag.py","lineno":469}
{"timestamp":"2026-09-05T12:54:20.651393Z","level":"info","event":"::group::Cosmos DAG parsing logs","logger":"cosmos.converter","filename":"converter.py","lineno":321}
{"timestamp":"2026-09-05T12:54:20.655491Z","level":"info","event":"Cosmos cache dir resolved to /tmp/cosmos/verdanta_weekly__dbt_weekly","logger":"cosmos.converter","filename":"converter.py","lineno":346}
{"timestamp":"2026-09-05T12:54:20.655706Z","level":"info","event":"Trying to parse the dbt project using dbt ls cache cosmos_cache__verdanta_weekly__dbt_weekly...","logger":"cosmos.dbt.graph","filename":"graph.py","lineno":869}
{"timestamp":"2026-09-05T12:54:20.805207Z","level":"info","event":"Cosmos performance: time to calculate cache identifier cosmos_cache__verdanta_weekly__dbt_weekly for current version: 0.13305729000012434","logger":"cosmos.cache","filename":"cache.py","lineno":401}
{"timestamp":"2026-09-05T12:54:20.805467Z","level":"info","event":"Cosmos performance [993ed3b2f767|1743]: The cache size for cosmos_cache__verdanta_weekly__dbt_weekly is 23804","logger":"cosmos.dbt.graph","filename":"graph.py","lineno":886}
{"timestamp":"2026-09-05T12:54:20.806366Z","level":"info","event":"Cosmos performance: Cache hit for cosmos_cache__verdanta_weekly__dbt_weekly - cec7d2b2130ad93ca8be26282ae433fd,1ae01f5b93cde0ad1f6d9482f1b54abd","logger":"cosmos.dbt.graph","filename":"graph.py","lineno":898}
{"timestamp":"2026-09-05T12:54:20.806482Z","level":"info","event":"Total nodes: 27","logger":"cosmos.dbt.graph","filename":"graph.py","lineno":799}
{"timestamp":"2026-09-05T12:54:20.806542Z","level":"info","event":"Total filtered nodes: 27","logger":"cosmos.dbt.graph","filename":"graph.py","lineno":800}
{"timestamp":"2026-09-05T12:54:20.806607Z","level":"info","event":"Cosmos performance (verdanta_weekly__dbt_weekly) - [993ed3b2f767|1743]: It took 0.151s to parse the dbt project for DAG using LoadMode.DBT_LS_CACHE","logger":"cosmos.converter","filename":"converter.py","lineno":371}
{"timestamp":"2026-09-05T12:54:20.834460Z","level":"info","event":"Cosmos performance (verdanta_weekly__dbt_weekly) - [993ed3b2f767|1743]: It took 0.0277s to build the Airflow DAG.","logger":"cosmos.converter","filename":"converter.py","lineno":423}
{"timestamp":"2026-09-05T12:54:20.834651Z","level":"info","event":"::endgroup::Cosmos DAG parsing logs","logger":"cosmos.converter","filename":"converter.py","lineno":430}
{"timestamp":"2026-09-05T12:54:20.835084Z","level":"warning","event":"Using Variable.get from `airflow.models` is deprecated.Please use `get` on Variable from sdk(`airflow.sdk.Variable`) instead","category":"UserWarning","filename":"/home/airflow/.local/lib/python3.13/site-packages/airflow/models/variable.py","lineno":158,"logger":"py.warnings"}
{"timestamp":"2026-09-05T12:54:50.918588Z","level":"info","event":"Filling up the DagBag from /opt/airflow/dags/verdanta_weekly.py","logger":"airflow.dag_processing.dagbag.BundleDagBag","filename":"dagbag.py","lineno":469}
{"timestamp":"2026-09-05T12:54:50.993403Z","level":"info","event":"::group::Cosmos DAG parsing logs","logger":"cosmos.converter","filename":"converter.py","lineno":321}
{"timestamp":"2026-09-05T12:54:50.997281Z","level":"info","event":"Cosmos cache dir resolved to /tmp/cosmos/verdanta_weekly__dbt_weekly","logger":"cosmos.converter","filename":"converter.py","lineno":346}
{"timestamp":"2026-09-05T12:54:50.997506Z","level":"info","event":"Trying to parse the dbt project using dbt ls cache cosmos_cache__verdanta_weekly__dbt_weekly...","logger":"cosmos.dbt.graph","filename":"graph.py","lineno":869}
{"timestamp":"2026-09-05T12:54:51.148184Z","level":"info","event":"Cosmos performance: time to calculate cache identifier cosmos_cache__verdanta_weekly__dbt_weekly for current version: 0.13870509299999867","logger":"cosmos.cache","filename":"cache.py","lineno":401}
{"timestamp":"2026-09-05T12:54:51.148427Z","level":"info","event":"Cosmos performance [993ed3b2f767|1758]: The cache size for cosmos_cache__verdanta_weekly__dbt_weekly is 23804","logger":"cosmos.dbt.graph","filename":"graph.py","lineno":886}
{"timestamp":"2026-09-05T12:54:51.149248Z","level":"info","event":"Cosmos performance: Cache hit for cosmos_cache__verdanta_weekly__dbt_weekly - cec7d2b2130ad93ca8be26282ae433fd,1ae01f5b93cde0ad1f6d9482f1b54abd","logger":"cosmos.dbt.graph","filename":"graph.py","lineno":898}
{"timestamp":"2026-09-05T12:54:51.149363Z","level":"info","event":"Total nodes: 27","logger":"cosmos.dbt.graph","filename":"graph.py","lineno":799}
{"timestamp":"2026-09-05T12:54:51.149421Z","level":"info","event":"Total filtered nodes: 27","logger":"cosmos.dbt.graph","filename":"graph.py","lineno":800}
{"timestamp":"2026-09-05T12:54:51.149487Z","level":"info","event":"Cosmos performance (verdanta_weekly__dbt_weekly) - [993ed3b2f767|1758]: It took 0.152s to parse the dbt project for DAG using LoadMode.DBT_LS_CACHE","logger":"cosmos.converter","filename":"converter.py","lineno":371}
{"timestamp":"2026-09-05T12:54:51.177211Z","level":"info","event":"Cosmos performance (verdanta_weekly__dbt_weekly) - [993ed3b2f767|1758]: It took 0.0277s to build the Airflow DAG.","logger":"cosmos.converter","filename":"converter.py","lineno":423}
{"timestamp":"2026-09-05T12:54:51.177422Z","level":"info","event":"::endgroup::Cosmos DAG parsing logs","logger":"cosmos.converter","filename":"converter.py","lineno":430}
{"timestamp":"2026-09-05T12:54:51.178025Z","level":"warning","event":"Using Variable.get from `airflow.models` is deprecated.Please use `get` on Variable from sdk(`airflow.sdk.Variable`) instead","category":"UserWarning","filename":"/home/airflow/.local/lib/python3.13/site-packages/airflow/models/variable.py","lineno":158,"logger":"py.warnings"}
{"timestamp":"2026-09-05T12:55:21.303184Z","level":"info","event":"Filling up the DagBag from /opt/airflow/dags/verdanta_weekly.py","logger":"airflow.dag_processing.dagbag.BundleDagBag","filename":"dagbag.py","lineno":469}
{"timestamp":"2026-09-05T12:55:21.390341Z","level":"info","event":"::group::Cosmos DAG parsing logs","logger":"cosmos.converter","filename":"converter.py","lineno":321}
{"timestamp":"2026-09-05T12:55:21.394912Z","level":"info","event":"Cosmos cache dir resolved to /tmp/cosmos/verdanta_weekly__dbt_weekly","logger":"cosmos.converter","filename":"converter.py","lineno":346}
{"timestamp":"2026-09-05T12:55:21.395287Z","level":"info","event":"Trying to parse the dbt project using dbt ls cache cosmos_cache__verdanta_weekly__dbt_weekly...","logger":"cosmos.dbt.graph","filename":"graph.py","lineno":869}
{"timestamp":"2026-09-05T12:55:21.552627Z","level":"info","event":"Cosmos performance: time to calculate cache identifier cosmos_cache__verdanta_weekly__dbt_weekly for current version: 0.140207331000056","logger":"cosmos.cache","filename":"cache.py","lineno":401}
{"timestamp":"2026-09-05T12:55:21.552858Z","level":"info","event":"Cosmos performance [993ed3b2f767|1794]: The cache size for cosmos_cache__verdanta_weekly__dbt_weekly is 23804","logger":"cosmos.dbt.graph","filename":"graph.py","lineno":886}
{"timestamp":"2026-09-05T12:55:21.553713Z","level":"info","event":"Cosmos performance: Cache hit for cosmos_cache__verdanta_weekly__dbt_weekly - cec7d2b2130ad93ca8be26282ae433fd,1ae01f5b93cde0ad1f6d9482f1b54abd","logger":"cosmos.dbt.graph","filename":"graph.py","lineno":898}
{"timestamp":"2026-09-05T12:55:21.553836Z","level":"info","event":"Total nodes: 27","logger":"cosmos.dbt.graph","filename":"graph.py","lineno":799}
{"timestamp":"2026-09-05T12:55:21.553896Z","level":"info","event":"Total filtered nodes: 27","logger":"cosmos.dbt.graph","filename":"graph.py","lineno":800}
{"timestamp":"2026-09-05T12:55:21.553961Z","level":"info","event":"Cosmos performance (verdanta_weekly__dbt_weekly) - [993ed3b2f767|1794]: It took 0.159s to parse the dbt project for DAG using LoadMode.DBT_LS_CACHE","logger":"cosmos.converter","filename":"converter.py","lineno":371}
{"timestamp":"2026-09-05T12:55:21.582102Z","level":"info","event":"Cosmos performance (verdanta_weekly__dbt_weekly) - [993ed3b2f767|1794]: It took 0.028s to build the Airflow DAG.","logger":"cosmos.converter","filename":"converter.py","lineno":423}
{"timestamp":"2026-09-05T12:55:21.582293Z","level":"info","event":"::endgroup::Cosmos DAG parsing logs","logger":"cosmos.converter","filename":"converter.py","lineno":430}
{"timestamp":"2026-09-05T12:55:21.583202Z","level":"warning","event":"Using Variable.get from `airflow.models` is deprecated.Please use `get` on Variable from sdk(`airflow.sdk.Variable`) instead","category":"UserWarning","filename":"/home/airflow/.local/lib/python3.13/site-packages/airflow/models/variable.py","lineno":158,"logger":"py.warnings"}
{"timestamp":"2026-09-05T12:55:51.738143Z","level":"info","event":"Filling up the DagBag from /opt/airflow/dags/verdanta_weekly.py","logger":"airflow.dag_processing.dagbag.BundleDagBag","filename":"dagbag.py","lineno":469}
{"timestamp":"2026-09-05T12:55:51.810855Z","level":"info","event":"::group::Cosmos DAG parsing logs","logger":"cosmos.converter","filename":"converter.py","lineno":321}
{"timestamp":"2026-09-05T12:55:51.814304Z","level":"info","event":"Cosmos cache dir resolved to /tmp/cosmos/verdanta_weekly__dbt_weekly","logger":"cosmos.converter","filename":"converter.py","lineno":346}
{"timestamp":"2026-09-05T12:55:51.814496Z","level":"info","event":"Trying to parse the dbt project using dbt ls cache cosmos_cache__verdanta_weekly__dbt_weekly...","logger":"cosmos.dbt.graph","filename":"graph.py","lineno":869}
{"timestamp":"2026-09-05T12:55:51.962211Z","level":"info","event":"Cosmos performance: time to calculate cache identifier cosmos_cache__verdanta_weekly__dbt_weekly for current version: 0.13176055700000688","logger":"cosmos.cache","filename":"cache.py","lineno":401}
{"timestamp":"2026-09-05T12:55:51.962426Z","level":"info","event":"Cosmos performance [993ed3b2f767|1830]: The cache size for cosmos_cache__verdanta_weekly__dbt_weekly is 23804","logger":"cosmos.dbt.graph","filename":"graph.py","lineno":886}
{"timestamp":"2026-09-05T12:55:51.963265Z","level":"info","event":"Cosmos performance: Cache hit for cosmos_cache__verdanta_weekly__dbt_weekly - cec7d2b2130ad93ca8be26282ae433fd,1ae01f5b93cde0ad1f6d9482f1b54abd","logger":"cosmos.dbt.graph","filename":"graph.py","lineno":898}
{"timestamp":"2026-09-05T12:55:51.963374Z","level":"info","event":"Total nodes: 27","logger":"cosmos.dbt.graph","filename":"graph.py","lineno":799}
{"timestamp":"2026-09-05T12:55:51.963432Z","level":"info","event":"Total filtered nodes: 27","logger":"cosmos.dbt.graph","filename":"graph.py","lineno":800}
{"timestamp":"2026-09-05T12:55:51.963494Z","level":"info","event":"Cosmos performance (verdanta_weekly__dbt_weekly) - [993ed3b2f767|1830]: It took 0.149s to parse the dbt project for DAG using LoadMode.DBT_LS_CACHE","logger":"cosmos.converter","filename":"converter.py","lineno":371}
{"timestamp":"2026-09-05T12:55:51.987041Z","level":"info","event":"Cosmos performance (verdanta_weekly__dbt_weekly) - [993ed3b2f767|1830]: It took 0.0235s to build the Airflow DAG.","logger":"cosmos.converter","filename":"converter.py","lineno":423}
{"timestamp":"2026-09-05T12:55:51.987201Z","level":"info","event":"::endgroup::Cosmos DAG parsing logs","logger":"cosmos.converter","filename":"converter.py","lineno":430}
{"timestamp":"2026-09-05T12:55:51.987649Z","level":"warning","event":"Using Variable.get from `airflow.models` is deprecated.Please use `get` on Variable from sdk(`airflow.sdk.Variable`) instead","category":"UserWarning","filename":"/home/airflow/.local/lib/python3.13/site-packages/airflow/models/variable.py","lineno":158,"logger":"py.warnings"}
{"timestamp":"2026-09-05T12:56:22.088773Z","level":"info","event":"Filling up the DagBag from /opt/airflow/dags/verdanta_weekly.py","logger":"airflow.dag_processing.dagbag.BundleDagBag","filename":"dagbag.py","lineno":469}
{"timestamp":"2026-09-05T12:56:22.160041Z","level":"info","event":"::group::Cosmos DAG parsing logs","logger":"cosmos.converter","filename":"converter.py","lineno":321}
{"timestamp":"2026-09-05T12:56:22.164170Z","level":"info","event":"Cosmos cache dir resolved to /tmp/cosmos/verdanta_weekly__dbt_weekly","logger":"cosmos.converter","filename":"converter.py","lineno":346}
{"timestamp":"2026-09-05T12:56:22.164502Z","level":"info","event":"Trying to parse the dbt project using dbt ls cache cosmos_cache__verdanta_weekly__dbt_weekly...","logger":"cosmos.dbt.graph","filename":"graph.py","lineno":869}
{"timestamp":"2026-09-05T12:56:22.310900Z","level":"info","event":"Cosmos performance: time to calculate cache identifier cosmos_cache__verdanta_weekly__dbt_weekly for current version: 0.13277286100014862","logger":"cosmos.cache","filename":"cache.py","lineno":401}
{"timestamp":"2026-09-05T12:56:22.311120Z","level":"info","event":"Cosmos performance [993ed3b2f767|1865]: The cache size for cosmos_cache__verdanta_weekly__dbt_weekly is 23804","logger":"cosmos.dbt.graph","filename":"graph.py","lineno":886}
{"timestamp":"2026-09-05T12:56:22.312323Z","level":"info","event":"Cosmos performance: Cache hit for cosmos_cache__verdanta_weekly__dbt_weekly - cec7d2b2130ad93ca8be26282ae433fd,1ae01f5b93cde0ad1f6d9482f1b54abd","logger":"cosmos.dbt.graph","filename":"graph.py","lineno":898}
{"timestamp":"2026-09-05T12:56:22.312518Z","level":"info","event":"Total nodes: 27","logger":"cosmos.dbt.graph","filename":"graph.py","lineno":799}
{"timestamp":"2026-09-05T12:56:22.312595Z","level":"info","event":"Total filtered nodes: 27","logger":"cosmos.dbt.graph","filename":"graph.py","lineno":800}
{"timestamp":"2026-09-05T12:56:22.312679Z","level":"info","event":"Cosmos performance (verdanta_weekly__dbt_weekly) - [993ed3b2f767|1865]: It took 0.148s to parse the dbt project for DAG using LoadMode.DBT_LS_CACHE","logger":"cosmos.converter","filename":"converter.py","lineno":371}
{"timestamp":"2026-09-05T12:56:22.335474Z","level":"info","event":"Cosmos performance (verdanta_weekly__dbt_weekly) - [993ed3b2f767|1865]: It took 0.0228s to build the Airflow DAG.","logger":"cosmos.converter","filename":"converter.py","lineno":423}
{"timestamp":"2026-09-05T12:56:22.335610Z","level":"info","event":"::endgroup::Cosmos DAG parsing logs","logger":"cosmos.converter","filename":"converter.py","lineno":430}
{"timestamp":"2026-09-05T12:56:22.336122Z","level":"warning","event":"Using Variable.get from `airflow.models` is deprecated.Please use `get` on Variable from sdk(`airflow.sdk.Variable`) instead","category":"UserWarning","filename":"/home/airflow/.local/lib/python3.13/site-packages/airflow/models/variable.py","lineno":158,"logger":"py.warnings"}
{"timestamp":"2026-09-05T12:56:52.440714Z","level":"info","event":"Filling up the DagBag from /opt/airflow/dags/verdanta_weekly.py","logger":"airflow.dag_processing.dagbag.BundleDagBag","filename":"dagbag.py","lineno":469}
{"timestamp":"2026-09-05T12:56:52.533914Z","level":"info","event":"::group::Cosmos DAG parsing logs","logger":"cosmos.converter","filename":"converter.py","lineno":321}
{"timestamp":"2026-09-05T12:56:52.538463Z","level":"info","event":"Cosmos cache dir resolved to /tmp/cosmos/verdanta_weekly__dbt_weekly","logger":"cosmos.converter","filename":"converter.py","lineno":346}
{"timestamp":"2026-09-05T12:56:52.538752Z","level":"info","event":"Trying to parse the dbt project using dbt ls cache cosmos_cache__verdanta_weekly__dbt_weekly...","logger":"cosmos.dbt.graph","filename":"graph.py","lineno":869}
{"timestamp":"2026-09-05T12:56:52.702685Z","level":"info","event":"Cosmos performance: time to calculate cache identifier cosmos_cache__verdanta_weekly__dbt_weekly for current version: 0.148383178000131","logger":"cosmos.cache","filename":"cache.py","lineno":401}
{"timestamp":"2026-09-05T12:56:52.702951Z","level":"info","event":"Cosmos performance [993ed3b2f767|1899]: The cache size for cosmos_cache__verdanta_weekly__dbt_weekly is 23804","logger":"cosmos.dbt.graph","filename":"graph.py","lineno":886}
{"timestamp":"2026-09-05T12:56:52.704363Z","level":"info","event":"Cosmos performance: Cache hit for cosmos_cache__verdanta_weekly__dbt_weekly - cec7d2b2130ad93ca8be26282ae433fd,1ae01f5b93cde0ad1f6d9482f1b54abd","logger":"cosmos.dbt.graph","filename":"graph.py","lineno":898}
{"timestamp":"2026-09-05T12:56:52.704659Z","level":"info","event":"Total nodes: 27","logger":"cosmos.dbt.graph","filename":"graph.py","lineno":799}
{"timestamp":"2026-09-05T12:56:52.704757Z","level":"info","event":"Total filtered nodes: 27","logger":"cosmos.dbt.graph","filename":"graph.py","lineno":800}
{"timestamp":"2026-09-05T12:56:52.704845Z","level":"info","event":"Cosmos performance (verdanta_weekly__dbt_weekly) - [993ed3b2f767|1899]: It took 0.166s to parse the dbt project for DAG using LoadMode.DBT_LS_CACHE","logger":"cosmos.converter","filename":"converter.py","lineno":371}
{"timestamp":"2026-09-05T12:56:52.742847Z","level":"info","event":"Cosmos performance (verdanta_weekly__dbt_weekly) - [993ed3b2f767|1899]: It took 0.0379s to build the Airflow DAG.","logger":"cosmos.converter","filename":"converter.py","lineno":423}
{"timestamp":"2026-09-05T12:56:52.743053Z","level":"info","event":"::endgroup::Cosmos DAG parsing logs","logger":"cosmos.converter","filename":"converter.py","lineno":430}
{"timestamp":"2026-09-05T12:56:52.743708Z","level":"warning","event":"Using Variable.get from `airflow.models` is deprecated.Please use `get` on Variable from sdk(`airflow.sdk.Variable`) instead","category":"UserWarning","filename":"/home/airflow/.local/lib/python3.13/site-packages/airflow/models/variable.py","lineno":158,"logger":"py.warnings"}
{"timestamp":"2026-09-05T12:57:23.831979Z","level":"info","event":"Filling up the DagBag from /opt/airflow/dags/verdanta_weekly.py","logger":"airflow.dag_processing.dagbag.BundleDagBag","filename":"dagbag.py","lineno":469}
{"timestamp":"2026-09-05T12:57:23.906706Z","level":"info","event":"::group::Cosmos DAG parsing logs","logger":"cosmos.converter","filename":"converter.py","lineno":321}
{"timestamp":"2026-09-05T12:57:23.909985Z","level":"info","event":"Cosmos cache dir resolved to /tmp/cosmos/verdanta_weekly__dbt_weekly","logger":"cosmos.converter","filename":"converter.py","lineno":346}
{"timestamp":"2026-09-05T12:57:23.910207Z","level":"info","event":"Trying to parse the dbt project using dbt ls cache cosmos_cache__verdanta_weekly__dbt_weekly...","logger":"cosmos.dbt.graph","filename":"graph.py","lineno":869}
{"timestamp":"2026-09-05T12:57:24.059985Z","level":"info","event":"Cosmos performance: time to calculate cache identifier cosmos_cache__verdanta_weekly__dbt_weekly for current version: 0.1326030449999962","logger":"cosmos.cache","filename":"cache.py","lineno":401}
{"timestamp":"2026-09-05T12:57:24.060204Z","level":"info","event":"Cosmos performance [993ed3b2f767|1920]: The cache size for cosmos_cache__verdanta_weekly__dbt_weekly is 23804","logger":"cosmos.dbt.graph","filename":"graph.py","lineno":886}
{"timestamp":"2026-09-05T12:57:24.061063Z","level":"info","event":"Cosmos performance: Cache hit for cosmos_cache__verdanta_weekly__dbt_weekly - cec7d2b2130ad93ca8be26282ae433fd,1ae01f5b93cde0ad1f6d9482f1b54abd","logger":"cosmos.dbt.graph","filename":"graph.py","lineno":898}
{"timestamp":"2026-09-05T12:57:24.061175Z","level":"info","event":"Total nodes: 27","logger":"cosmos.dbt.graph","filename":"graph.py","lineno":799}
{"timestamp":"2026-09-05T12:57:24.061232Z","level":"info","event":"Total filtered nodes: 27","logger":"cosmos.dbt.graph","filename":"graph.py","lineno":800}
{"timestamp":"2026-09-05T12:57:24.061297Z","level":"info","event":"Cosmos performance (verdanta_weekly__dbt_weekly) - [993ed3b2f767|1920]: It took 0.151s to parse the dbt project for DAG using LoadMode.DBT_LS_CACHE","logger":"cosmos.converter","filename":"converter.py","lineno":371}
{"timestamp":"2026-09-05T12:57:24.087153Z","level":"info","event":"Cosmos performance (verdanta_weekly__dbt_weekly) - [993ed3b2f767|1920]: It took 0.0258s to build the Airflow DAG.","logger":"cosmos.converter","filename":"converter.py","lineno":423}
{"timestamp":"2026-09-05T12:57:24.087321Z","level":"info","event":"::endgroup::Cosmos DAG parsing logs","logger":"cosmos.converter","filename":"converter.py","lineno":430}
{"timestamp":"2026-09-05T12:57:24.087830Z","level":"warning","event":"Using Variable.get from `airflow.models` is deprecated.Please use `get` on Variable from sdk(`airflow.sdk.Variable`) instead","category":"UserWarning","filename":"/home/airflow/.local/lib/python3.13/site-packages/airflow/models/variable.py","lineno":158,"logger":"py.warnings"}
{"timestamp":"2026-09-05T12:57:54.452913Z","level":"info","event":"Filling up the DagBag from /opt/airflow/dags/verdanta_weekly.py","logger":"airflow.dag_processing.dagbag.BundleDagBag","filename":"dagbag.py","lineno":469}
{"timestamp":"2026-09-05T12:57:54.543544Z","level":"info","event":"::group::Cosmos DAG parsing logs","logger":"cosmos.converter","filename":"converter.py","lineno":321}
{"timestamp":"2026-09-05T12:57:54.547782Z","level":"info","event":"Cosmos cache dir resolved to /tmp/cosmos/verdanta_weekly__dbt_weekly","logger":"cosmos.converter","filename":"converter.py","lineno":346}
{"timestamp":"2026-09-05T12:57:54.548064Z","level":"info","event":"Trying to parse the dbt project using dbt ls cache cosmos_cache__verdanta_weekly__dbt_weekly...","logger":"cosmos.dbt.graph","filename":"graph.py","lineno":869}
{"timestamp":"2026-09-05T12:57:54.704530Z","level":"info","event":"Cosmos performance: time to calculate cache identifier cosmos_cache__verdanta_weekly__dbt_weekly for current version: 0.13980060800008687","logger":"cosmos.cache","filename":"cache.py","lineno":401}
{"timestamp":"2026-09-05T12:57:54.704740Z","level":"info","event":"Cosmos performance [993ed3b2f767|1949]: The cache size for cosmos_cache__verdanta_weekly__dbt_weekly is 23804","logger":"cosmos.dbt.graph","filename":"graph.py","lineno":886}
{"timestamp":"2026-09-05T12:57:54.705655Z","level":"info","event":"Cosmos performance: Cache hit for cosmos_cache__verdanta_weekly__dbt_weekly - cec7d2b2130ad93ca8be26282ae433fd,1ae01f5b93cde0ad1f6d9482f1b54abd","logger":"cosmos.dbt.graph","filename":"graph.py","lineno":898}
{"timestamp":"2026-09-05T12:57:54.705785Z","level":"info","event":"Total nodes: 27","logger":"cosmos.dbt.graph","filename":"graph.py","lineno":799}
{"timestamp":"2026-09-05T12:57:54.705845Z","level":"info","event":"Total filtered nodes: 27","logger":"cosmos.dbt.graph","filename":"graph.py","lineno":800}
{"timestamp":"2026-09-05T12:57:54.705912Z","level":"info","event":"Cosmos performance (verdanta_weekly__dbt_weekly) - [993ed3b2f767|1949]: It took 0.158s to parse the dbt project for DAG using LoadMode.DBT_LS_CACHE","logger":"cosmos.converter","filename":"converter.py","lineno":371}
{"timestamp":"2026-09-05T12:57:54.728263Z","level":"info","event":"Cosmos performance (verdanta_weekly__dbt_weekly) - [993ed3b2f767|1949]: It took 0.0223s to build the Airflow DAG.","logger":"cosmos.converter","filename":"converter.py","lineno":423}
{"timestamp":"2026-09-05T12:57:54.728433Z","level":"info","event":"::endgroup::Cosmos DAG parsing logs","logger":"cosmos.converter","filename":"converter.py","lineno":430}
{"timestamp":"2026-09-05T12:57:54.728972Z","level":"warning","event":"Using Variable.get from `airflow.models` is deprecated.Please use `get` on Variable from sdk(`airflow.sdk.Variable`) instead","category":"UserWarning","filename":"/home/airflow/.local/lib/python3.13/site-packages/airflow/models/variable.py","lineno":158,"logger":"py.warnings"}
{"timestamp":"2026-09-05T12:58:25.332837Z","level":"info","event":"Filling up the DagBag from /opt/airflow/dags/verdanta_weekly.py","logger":"airflow.dag_processing.dagbag.BundleDagBag","filename":"dagbag.py","lineno":469}
{"timestamp":"2026-09-05T12:58:25.406931Z","level":"info","event":"::group::Cosmos DAG parsing logs","logger":"cosmos.converter","filename":"converter.py","lineno":321}
{"timestamp":"2026-09-05T12:58:25.410228Z","level":"info","event":"Cosmos cache dir resolved to /tmp/cosmos/verdanta_weekly__dbt_weekly","logger":"cosmos.converter","filename":"converter.py","lineno":346}
{"timestamp":"2026-09-05T12:58:25.410451Z","level":"info","event":"Trying to parse the dbt project using dbt ls cache cosmos_cache__verdanta_weekly__dbt_weekly...","logger":"cosmos.dbt.graph","filename":"graph.py","lineno":869}
{"timestamp":"2026-09-05T12:58:25.551774Z","level":"info","event":"Cosmos performance: time to calculate cache identifier cosmos_cache__verdanta_weekly__dbt_weekly for current version: 0.1297636289998536","logger":"cosmos.cache","filename":"cache.py","lineno":401}
{"timestamp":"2026-09-05T12:58:25.551982Z","level":"info","event":"Cosmos performance [993ed3b2f767|1978]: The cache size for cosmos_cache__verdanta_weekly__dbt_weekly is 23804","logger":"cosmos.dbt.graph","filename":"graph.py","lineno":886}
{"timestamp":"2026-09-05T12:58:25.552806Z","level":"info","event":"Cosmos performance: Cache hit for cosmos_cache__verdanta_weekly__dbt_weekly - cec7d2b2130ad93ca8be26282ae433fd,1ae01f5b93cde0ad1f6d9482f1b54abd","logger":"cosmos.dbt.graph","filename":"graph.py","lineno":898}
{"timestamp":"2026-09-05T12:58:25.552926Z","level":"info","event":"Total nodes: 27","logger":"cosmos.dbt.graph","filename":"graph.py","lineno":799}
{"timestamp":"2026-09-05T12:58:25.552985Z","level":"info","event":"Total filtered nodes: 27","logger":"cosmos.dbt.graph","filename":"graph.py","lineno":800}
{"timestamp":"2026-09-05T12:58:25.553053Z","level":"info","event":"Cosmos performance (verdanta_weekly__dbt_weekly) - [993ed3b2f767|1978]: It took 0.143s to parse the dbt project for DAG using LoadMode.DBT_LS_CACHE","logger":"cosmos.converter","filename":"converter.py","lineno":371}
{"timestamp":"2026-09-05T12:58:25.575761Z","level":"info","event":"Cosmos performance (verdanta_weekly__dbt_weekly) - [993ed3b2f767|1978]: It took 0.0226s to build the Airflow DAG.","logger":"cosmos.converter","filename":"converter.py","lineno":423}
{"timestamp":"2026-09-05T12:58:25.575952Z","level":"info","event":"::endgroup::Cosmos DAG parsing logs","logger":"cosmos.converter","filename":"converter.py","lineno":430}
{"timestamp":"2026-09-05T12:58:25.576402Z","level":"warning","event":"Using Variable.get from `airflow.models` is deprecated.Please use `get` on Variable from sdk(`airflow.sdk.Variable`) instead","category":"UserWarning","filename":"/home/airflow/.local/lib/python3.13/site-packages/airflow/models/variable.py","lineno":158,"logger":"py.warnings"}
{"timestamp":"2026-09-05T12:58:56.189696Z","level":"info","event":"Filling up the DagBag from /opt/airflow/dags/verdanta_weekly.py","logger":"airflow.dag_processing.dagbag.BundleDagBag","filename":"dagbag.py","lineno":469}
{"timestamp":"2026-09-05T12:58:56.270799Z","level":"info","event":"::group::Cosmos DAG parsing logs","logger":"cosmos.converter","filename":"converter.py","lineno":321}
{"timestamp":"2026-09-05T12:58:56.275651Z","level":"info","event":"Cosmos cache dir resolved to /tmp/cosmos/verdanta_weekly__dbt_weekly","logger":"cosmos.converter","filename":"converter.py","lineno":346}
{"timestamp":"2026-09-05T12:58:56.275900Z","level":"info","event":"Trying to parse the dbt project using dbt ls cache cosmos_cache__verdanta_weekly__dbt_weekly...","logger":"cosmos.dbt.graph","filename":"graph.py","lineno":869}
{"timestamp":"2026-09-05T12:58:56.419023Z","level":"info","event":"Cosmos performance: time to calculate cache identifier cosmos_cache__verdanta_weekly__dbt_weekly for current version: 0.1262015990000691","logger":"cosmos.cache","filename":"cache.py","lineno":401}
{"timestamp":"2026-09-05T12:58:56.419266Z","level":"info","event":"Cosmos performance [993ed3b2f767|2014]: The cache size for cosmos_cache__verdanta_weekly__dbt_weekly is 23804","logger":"cosmos.dbt.graph","filename":"graph.py","lineno":886}
{"timestamp":"2026-09-05T12:58:56.420281Z","level":"info","event":"Cosmos performance: Cache hit for cosmos_cache__verdanta_weekly__dbt_weekly - cec7d2b2130ad93ca8be26282ae433fd,1ae01f5b93cde0ad1f6d9482f1b54abd","logger":"cosmos.dbt.graph","filename":"graph.py","lineno":898}
{"timestamp":"2026-09-05T12:58:56.420402Z","level":"info","event":"Total nodes: 27","logger":"cosmos.dbt.graph","filename":"graph.py","lineno":799}
{"timestamp":"2026-09-05T12:58:56.420465Z","level":"info","event":"Total filtered nodes: 27","logger":"cosmos.dbt.graph","filename":"graph.py","lineno":800}
{"timestamp":"2026-09-05T12:58:56.420530Z","level":"info","event":"Cosmos performance (verdanta_weekly__dbt_weekly) - [993ed3b2f767|2014]: It took 0.145s to parse the dbt project for DAG using LoadMode.DBT_LS_CACHE","logger":"cosmos.converter","filename":"converter.py","lineno":371}
{"timestamp":"2026-09-05T12:58:56.440973Z","level":"info","event":"Cosmos performance (verdanta_weekly__dbt_weekly) - [993ed3b2f767|2014]: It took 0.0204s to build the Airflow DAG.","logger":"cosmos.converter","filename":"converter.py","lineno":423}
{"timestamp":"2026-09-05T12:58:56.441136Z","level":"info","event":"::endgroup::Cosmos DAG parsing logs","logger":"cosmos.converter","filename":"converter.py","lineno":430}
{"timestamp":"2026-09-05T12:58:56.441628Z","level":"warning","event":"Using Variable.get from `airflow.models` is deprecated.Please use `get` on Variable from sdk(`airflow.sdk.Variable`) instead","category":"UserWarning","filename":"/home/airflow/.local/lib/python3.13/site-packages/airflow/models/variable.py","lineno":158,"logger":"py.warnings"}
{"timestamp":"2026-09-05T12:59:26.987090Z","level":"info","event":"Filling up the DagBag from /opt/airflow/dags/verdanta_weekly.py","logger":"airflow.dag_processing.dagbag.BundleDagBag","filename":"dagbag.py","lineno":469}
{"timestamp":"2026-09-05T12:59:27.070716Z","level":"info","event":"::group::Cosmos DAG parsing logs","logger":"cosmos.converter","filename":"converter.py","lineno":321}
{"timestamp":"2026-09-05T12:59:27.075287Z","level":"info","event":"Cosmos cache dir resolved to /tmp/cosmos/verdanta_weekly__dbt_weekly","logger":"cosmos.converter","filename":"converter.py","lineno":346}
{"timestamp":"2026-09-05T12:59:27.075496Z","level":"info","event":"Trying to parse the dbt project using dbt ls cache cosmos_cache__verdanta_weekly__dbt_weekly...","logger":"cosmos.dbt.graph","filename":"graph.py","lineno":869}
{"timestamp":"2026-09-05T12:59:27.220348Z","level":"info","event":"Cosmos performance: time to calculate cache identifier cosmos_cache__verdanta_weekly__dbt_weekly for current version: 0.12963051299993822","logger":"cosmos.cache","filename":"cache.py","lineno":401}
{"timestamp":"2026-09-05T12:59:27.220606Z","level":"info","event":"Cosmos performance [993ed3b2f767|2050]: The cache size for cosmos_cache__verdanta_weekly__dbt_weekly is 23804","logger":"cosmos.dbt.graph","filename":"graph.py","lineno":886}
{"timestamp":"2026-09-05T12:59:27.221523Z","level":"info","event":"Cosmos performance: Cache hit for cosmos_cache__verdanta_weekly__dbt_weekly - cec7d2b2130ad93ca8be26282ae433fd,1ae01f5b93cde0ad1f6d9482f1b54abd","logger":"cosmos.dbt.graph","filename":"graph.py","lineno":898}
{"timestamp":"2026-09-05T12:59:27.221660Z","level":"info","event":"Total nodes: 27","logger":"cosmos.dbt.graph","filename":"graph.py","lineno":799}
{"timestamp":"2026-09-05T12:59:27.221721Z","level":"info","event":"Total filtered nodes: 27","logger":"cosmos.dbt.graph","filename":"graph.py","lineno":800}
{"timestamp":"2026-09-05T12:59:27.221851Z","level":"info","event":"Cosmos performance (verdanta_weekly__dbt_weekly) - [993ed3b2f767|2050]: It took 0.146s to parse the dbt project for DAG using LoadMode.DBT_LS_CACHE","logger":"cosmos.converter","filename":"converter.py","lineno":371}
{"timestamp":"2026-09-05T12:59:27.241591Z","level":"info","event":"Cosmos performance (verdanta_weekly__dbt_weekly) - [993ed3b2f767|2050]: It took 0.0197s to build the Airflow DAG.","logger":"cosmos.converter","filename":"converter.py","lineno":423}
{"timestamp":"2026-09-05T12:59:27.241763Z","level":"info","event":"::endgroup::Cosmos DAG parsing logs","logger":"cosmos.converter","filename":"converter.py","lineno":430}
{"timestamp":"2026-09-05T12:59:27.242282Z","level":"warning","event":"Using Variable.get from `airflow.models` is deprecated.Please use `get` on Variable from sdk(`airflow.sdk.Variable`) instead","category":"UserWarning","filename":"/home/airflow/.local/lib/python3.13/site-packages/airflow/models/variable.py","lineno":158,"logger":"py.warnings"}
{"timestamp":"2026-09-05T12:59:58.233156Z","level":"info","event":"Filling up the DagBag from /opt/airflow/dags/verdanta_weekly.py","logger":"airflow.dag_processing.dagbag.BundleDagBag","filename":"dagbag.py","lineno":469}
{"timestamp":"2026-09-05T12:59:58.301135Z","level":"info","event":"::group::Cosmos DAG parsing logs","logger":"cosmos.converter","filename":"converter.py","lineno":321}
{"timestamp":"2026-09-05T12:59:58.304748Z","level":"info","event":"Cosmos cache dir resolved to /tmp/cosmos/verdanta_weekly__dbt_weekly","logger":"cosmos.converter","filename":"converter.py","lineno":346}
{"timestamp":"2026-09-05T12:59:58.304979Z","level":"info","event":"Trying to parse the dbt project using dbt ls cache cosmos_cache__verdanta_weekly__dbt_weekly...","logger":"cosmos.dbt.graph","filename":"graph.py","lineno":869}
{"timestamp":"2026-09-05T12:59:58.450351Z","level":"info","event":"Cosmos performance: time to calculate cache identifier cosmos_cache__verdanta_weekly__dbt_weekly for current version: 0.1305929019999894","logger":"cosmos.cache","filename":"cache.py","lineno":401}
{"timestamp":"2026-09-05T12:59:58.450598Z","level":"info","event":"Cosmos performance [993ed3b2f767|2087]: The cache size for cosmos_cache__verdanta_weekly__dbt_weekly is 23804","logger":"cosmos.dbt.graph","filename":"graph.py","lineno":886}
{"timestamp":"2026-09-05T12:59:58.451650Z","level":"info","event":"Cosmos performance: Cache hit for cosmos_cache__verdanta_weekly__dbt_weekly - cec7d2b2130ad93ca8be26282ae433fd,1ae01f5b93cde0ad1f6d9482f1b54abd","logger":"cosmos.dbt.graph","filename":"graph.py","lineno":898}
{"timestamp":"2026-09-05T12:59:58.451773Z","level":"info","event":"Total nodes: 27","logger":"cosmos.dbt.graph","filename":"graph.py","lineno":799}
{"timestamp":"2026-09-05T12:59:58.451833Z","level":"info","event":"Total filtered nodes: 27","logger":"cosmos.dbt.graph","filename":"graph.py","lineno":800}
{"timestamp":"2026-09-05T12:59:58.451950Z","level":"info","event":"Cosmos performance (verdanta_weekly__dbt_weekly) - [993ed3b2f767|2087]: It took 0.147s to parse the dbt project for DAG using LoadMode.DBT_LS_CACHE","logger":"cosmos.converter","filename":"converter.py","lineno":371}
{"timestamp":"2026-09-05T12:59:58.479551Z","level":"info","event":"Cosmos performance (verdanta_weekly__dbt_weekly) - [993ed3b2f767|2087]: It took 0.0276s to build the Airflow DAG.","logger":"cosmos.converter","filename":"converter.py","lineno":423}
{"timestamp":"2026-09-05T12:59:58.479718Z","level":"info","event":"::endgroup::Cosmos DAG parsing logs","logger":"cosmos.converter","filename":"converter.py","lineno":430}
{"timestamp":"2026-09-05T12:59:58.480265Z","level":"warning","event":"Using Variable.get from `airflow.models` is deprecated.Please use `get` on Variable from sdk(`airflow.sdk.Variable`) instead","category":"UserWarning","filename":"/home/airflow/.local/lib/python3.13/site-packages/airflow/models/variable.py","lineno":158,"logger":"py.warnings"}
{"timestamp":"2026-09-05T13:00:29.471414Z","level":"info","event":"Filling up the DagBag from /opt/airflow/dags/verdanta_weekly.py","logger":"airflow.dag_processing.dagbag.BundleDagBag","filename":"dagbag.py","lineno":469}
{"timestamp":"2026-09-05T13:00:29.542819Z","level":"info","event":"::group::Cosmos DAG parsing logs","logger":"cosmos.converter","filename":"converter.py","lineno":321}
{"timestamp":"2026-09-05T13:00:29.546786Z","level":"info","event":"Cosmos cache dir resolved to /tmp/cosmos/verdanta_weekly__dbt_weekly","logger":"cosmos.converter","filename":"converter.py","lineno":346}
{"timestamp":"2026-09-05T13:00:29.546994Z","level":"info","event":"Trying to parse the dbt project using dbt ls cache cosmos_cache__verdanta_weekly__dbt_weekly...","logger":"cosmos.dbt.graph","filename":"graph.py","lineno":869}
{"timestamp":"2026-09-05T13:00:29.689612Z","level":"info","event":"Cosmos performance: time to calculate cache identifier cosmos_cache__verdanta_weekly__dbt_weekly for current version: 0.1276875739999923","logger":"cosmos.cache","filename":"cache.py","lineno":401}
{"timestamp":"2026-09-05T13:00:29.689835Z","level":"info","event":"Cosmos performance [993ed3b2f767|2105]: The cache size for cosmos_cache__verdanta_weekly__dbt_weekly is 23804","logger":"cosmos.dbt.graph","filename":"graph.py","lineno":886}
{"timestamp":"2026-09-05T13:00:29.690774Z","level":"info","event":"Cosmos performance: Cache hit for cosmos_cache__verdanta_weekly__dbt_weekly - cec7d2b2130ad93ca8be26282ae433fd,1ae01f5b93cde0ad1f6d9482f1b54abd","logger":"cosmos.dbt.graph","filename":"graph.py","lineno":898}
{"timestamp":"2026-09-05T13:00:29.690904Z","level":"info","event":"Total nodes: 27","logger":"cosmos.dbt.graph","filename":"graph.py","lineno":799}
{"timestamp":"2026-09-05T13:00:29.690963Z","level":"info","event":"Total filtered nodes: 27","logger":"cosmos.dbt.graph","filename":"graph.py","lineno":800}
{"timestamp":"2026-09-05T13:00:29.691026Z","level":"info","event":"Cosmos performance (verdanta_weekly__dbt_weekly) - [993ed3b2f767|2105]: It took 0.144s to parse the dbt project for DAG using LoadMode.DBT_LS_CACHE","logger":"cosmos.converter","filename":"converter.py","lineno":371}
{"timestamp":"2026-09-05T13:00:29.716493Z","level":"info","event":"Cosmos performance (verdanta_weekly__dbt_weekly) - [993ed3b2f767|2105]: It took 0.0254s to build the Airflow DAG.","logger":"cosmos.converter","filename":"converter.py","lineno":423}
{"timestamp":"2026-09-05T13:00:29.716650Z","level":"info","event":"::endgroup::Cosmos DAG parsing logs","logger":"cosmos.converter","filename":"converter.py","lineno":430}
{"timestamp":"2026-09-05T13:00:29.717126Z","level":"warning","event":"Using Variable.get from `airflow.models` is deprecated.Please use `get` on Variable from sdk(`airflow.sdk.Variable`) instead","category":"UserWarning","filename":"/home/airflow/.local/lib/python3.13/site-packages/airflow/models/variable.py","lineno":158,"logger":"py.warnings"}
{"timestamp":"2026-09-05T13:00:59.802679Z","level":"info","event":"Filling up the DagBag from /opt/airflow/dags/verdanta_weekly.py","logger":"airflow.dag_processing.dagbag.BundleDagBag","filename":"dagbag.py","lineno":469}
{"timestamp":"2026-09-05T13:00:59.875503Z","level":"info","event":"::group::Cosmos DAG parsing logs","logger":"cosmos.converter","filename":"converter.py","lineno":321}
{"timestamp":"2026-09-05T13:00:59.878771Z","level":"info","event":"Cosmos cache dir resolved to /tmp/cosmos/verdanta_weekly__dbt_weekly","logger":"cosmos.converter","filename":"converter.py","lineno":346}
{"timestamp":"2026-09-05T13:00:59.878951Z","level":"info","event":"Trying to parse the dbt project using dbt ls cache cosmos_cache__verdanta_weekly__dbt_weekly...","logger":"cosmos.dbt.graph","filename":"graph.py","lineno":869}
{"timestamp":"2026-09-05T13:01:00.014470Z","level":"info","event":"Cosmos performance: time to calculate cache identifier cosmos_cache__verdanta_weekly__dbt_weekly for current version: 0.12034228600032293","logger":"cosmos.cache","filename":"cache.py","lineno":401}
{"timestamp":"2026-09-05T13:01:00.014711Z","level":"info","event":"Cosmos performance [993ed3b2f767|2138]: The cache size for cosmos_cache__verdanta_weekly__dbt_weekly is 23804","logger":"cosmos.dbt.graph","filename":"graph.py","lineno":886}
{"timestamp":"2026-09-05T13:01:00.015530Z","level":"info","event":"Cosmos performance: Cache hit for cosmos_cache__verdanta_weekly__dbt_weekly - cec7d2b2130ad93ca8be26282ae433fd,1ae01f5b93cde0ad1f6d9482f1b54abd","logger":"cosmos.dbt.graph","filename":"graph.py","lineno":898}
{"timestamp":"2026-09-05T13:01:00.015643Z","level":"info","event":"Total nodes: 27","logger":"cosmos.dbt.graph","filename":"graph.py","lineno":799}
{"timestamp":"2026-09-05T13:01:00.015701Z","level":"info","event":"Total filtered nodes: 27","logger":"cosmos.dbt.graph","filename":"graph.py","lineno":800}
{"timestamp":"2026-09-05T13:01:00.015790Z","level":"info","event":"Cosmos performance (verdanta_weekly__dbt_weekly) - [993ed3b2f767|2138]: It took 0.137s to parse the dbt project for DAG using LoadMode.DBT_LS_CACHE","logger":"cosmos.converter","filename":"converter.py","lineno":371}
{"timestamp":"2026-09-05T13:01:00.038932Z","level":"info","event":"Cosmos performance (verdanta_weekly__dbt_weekly) - [993ed3b2f767|2138]: It took 0.0231s to build the Airflow DAG.","logger":"cosmos.converter","filename":"converter.py","lineno":423}
{"timestamp":"2026-09-05T13:01:00.039085Z","level":"info","event":"::endgroup::Cosmos DAG parsing logs","logger":"cosmos.converter","filename":"converter.py","lineno":430}
{"timestamp":"2026-09-05T13:01:00.039504Z","level":"warning","event":"Using Variable.get from `airflow.models` is deprecated.Please use `get` on Variable from sdk(`airflow.sdk.Variable`) instead","category":"UserWarning","filename":"/home/airflow/.local/lib/python3.13/site-packages/airflow/models/variable.py","lineno":158,"logger":"py.warnings"}
{"timestamp":"2026-09-05T13:01:30.607830Z","level":"info","event":"Filling up the DagBag from /opt/airflow/dags/verdanta_weekly.py","logger":"airflow.dag_processing.dagbag.BundleDagBag","filename":"dagbag.py","lineno":469}
{"timestamp":"2026-09-05T13:01:30.691217Z","level":"info","event":"::group::Cosmos DAG parsing logs","logger":"cosmos.converter","filename":"converter.py","lineno":321}
{"timestamp":"2026-09-05T13:01:30.695659Z","level":"info","event":"Cosmos cache dir resolved to /tmp/cosmos/verdanta_weekly__dbt_weekly","logger":"cosmos.converter","filename":"converter.py","lineno":346}
{"timestamp":"2026-09-05T13:01:30.696067Z","level":"info","event":"Trying to parse the dbt project using dbt ls cache cosmos_cache__verdanta_weekly__dbt_weekly...","logger":"cosmos.dbt.graph","filename":"graph.py","lineno":869}
{"timestamp":"2026-09-05T13:01:30.859946Z","level":"info","event":"Cosmos performance: time to calculate cache identifier cosmos_cache__verdanta_weekly__dbt_weekly for current version: 0.14495335299989165","logger":"cosmos.cache","filename":"cache.py","lineno":401}
{"timestamp":"2026-09-05T13:01:30.860157Z","level":"info","event":"Cosmos performance [993ed3b2f767|2172]: The cache size for cosmos_cache__verdanta_weekly__dbt_weekly is 23804","logger":"cosmos.dbt.graph","filename":"graph.py","lineno":886}
{"timestamp":"2026-09-05T13:01:30.861068Z","level":"info","event":"Cosmos performance: Cache hit for cosmos_cache__verdanta_weekly__dbt_weekly - cec7d2b2130ad93ca8be26282ae433fd,1ae01f5b93cde0ad1f6d9482f1b54abd","logger":"cosmos.dbt.graph","filename":"graph.py","lineno":898}
{"timestamp":"2026-09-05T13:01:30.861184Z","level":"info","event":"Total nodes: 27","logger":"cosmos.dbt.graph","filename":"graph.py","lineno":799}
{"timestamp":"2026-09-05T13:01:30.861251Z","level":"info","event":"Total filtered nodes: 27","logger":"cosmos.dbt.graph","filename":"graph.py","lineno":800}
{"timestamp":"2026-09-05T13:01:30.861319Z","level":"info","event":"Cosmos performance (verdanta_weekly__dbt_weekly) - [993ed3b2f767|2172]: It took 0.165s to parse the dbt project for DAG using LoadMode.DBT_LS_CACHE","logger":"cosmos.converter","filename":"converter.py","lineno":371}
{"timestamp":"2026-09-05T13:01:30.880205Z","level":"info","event":"Cosmos performance (verdanta_weekly__dbt_weekly) - [993ed3b2f767|2172]: It took 0.0188s to build the Airflow DAG.","logger":"cosmos.converter","filename":"converter.py","lineno":423}
{"timestamp":"2026-09-05T13:01:30.880366Z","level":"info","event":"::endgroup::Cosmos DAG parsing logs","logger":"cosmos.converter","filename":"converter.py","lineno":430}
{"timestamp":"2026-09-05T13:01:30.881378Z","level":"warning","event":"Using Variable.get from `airflow.models` is deprecated.Please use `get` on Variable from sdk(`airflow.sdk.Variable`) instead","category":"UserWarning","filename":"/home/airflow/.local/lib/python3.13/site-packages/airflow/models/variable.py","lineno":158,"logger":"py.warnings"}
