{"timestamp":"2026-09-06T10:29:32.919082Z","level":"info","event":"Filling up the DagBag from /opt/airflow/dags/verdanta_daily.py","logger":"airflow.dag_processing.dagbag.BundleDagBag","filename":"dagbag.py","lineno":469}
{"timestamp":"2026-09-06T10:29:35.912243Z","level":"warning","event":"Skipping masking for a secret as it's too short (<5 chars)","logger":"airflow.sdk._shared.secrets_masker.secrets_masker","filename":"secrets_masker.py","lineno":577}
{"timestamp":"2026-09-06T10:29:35.929217Z","level":"info","event":"::group::Cosmos DAG parsing logs","logger":"cosmos.converter","filename":"converter.py","lineno":321}
{"timestamp":"2026-09-06T10:29:35.935478Z","level":"info","event":"Cosmos cache dir resolved to /tmp/cosmos/verdanta_daily__dbt_daily","logger":"cosmos.converter","filename":"converter.py","lineno":346}
{"timestamp":"2026-09-06T10:29:35.935871Z","level":"info","event":"Trying to parse the dbt project using dbt ls cache cosmos_cache__verdanta_daily__dbt_daily...","logger":"cosmos.dbt.graph","filename":"graph.py","lineno":869}
{"timestamp":"2026-09-06T10:29:36.087861Z","level":"info","event":"Cosmos performance: time to calculate cache identifier cosmos_cache__verdanta_daily__dbt_daily for current version: 0.13021946700001763","logger":"cosmos.cache","filename":"cache.py","lineno":401}
{"timestamp":"2026-09-06T10:29:36.088131Z","level":"info","event":"Cosmos performance [4daed8617553|24]: The cache size for cosmos_cache__verdanta_daily__dbt_daily is 81420","logger":"cosmos.dbt.graph","filename":"graph.py","lineno":886}
{"timestamp":"2026-09-06T10:29:36.090500Z","level":"info","event":"Cosmos performance: Cache hit for cosmos_cache__verdanta_daily__dbt_daily - cec7d2b2130ad93ca8be26282ae433fd,f50552a3029f27b43be4a74a78877897","logger":"cosmos.dbt.graph","filename":"graph.py","lineno":898}
{"timestamp":"2026-09-06T10:29:36.090746Z","level":"info","event":"Total nodes: 91","logger":"cosmos.dbt.graph","filename":"graph.py","lineno":799}
{"timestamp":"2026-09-06T10:29:36.090830Z","level":"info","event":"Total filtered nodes: 91","logger":"cosmos.dbt.graph","filename":"graph.py","lineno":800}
{"timestamp":"2026-09-06T10:29:36.090952Z","level":"info","event":"Cosmos performance (verdanta_daily__dbt_daily) - [4daed8617553|24]: It took 0.155s to parse the dbt project for DAG using LoadMode.DBT_LS_CACHE","logger":"cosmos.converter","filename":"converter.py","lineno":371}
{"timestamp":"2026-09-06T10:29:36.189604Z","level":"info","event":"Cosmos performance (verdanta_daily__dbt_daily) - [4daed8617553|24]: It took 0.0986s to build the Airflow DAG.","logger":"cosmos.converter","filename":"converter.py","lineno":423}
{"timestamp":"2026-09-06T10:29:36.189744Z","level":"info","event":"::endgroup::Cosmos DAG parsing logs","logger":"cosmos.converter","filename":"converter.py","lineno":430}
{"timestamp":"2026-09-06T10:29:36.190466Z","level":"warning","event":"Using Variable.get from `airflow.models` is deprecated.Please use `get` on Variable from sdk(`airflow.sdk.Variable`) instead","category":"UserWarning","filename":"/home/airflow/.local/lib/python3.13/site-packages/airflow/models/variable.py","lineno":158,"logger":"py.warnings"}
{"timestamp":"2026-09-06T10:30:07.886084Z","level":"info","event":"Filling up the DagBag from /opt/airflow/dags/verdanta_daily.py","logger":"airflow.dag_processing.dagbag.BundleDagBag","filename":"dagbag.py","lineno":469}
{"timestamp":"2026-09-06T10:30:07.964478Z","level":"info","event":"::group::Cosmos DAG parsing logs","logger":"cosmos.converter","filename":"converter.py","lineno":321}
{"timestamp":"2026-09-06T10:30:07.968815Z","level":"info","event":"Cosmos cache dir resolved to /tmp/cosmos/verdanta_daily__dbt_daily","logger":"cosmos.converter","filename":"converter.py","lineno":346}
{"timestamp":"2026-09-06T10:30:07.969055Z","level":"info","event":"Trying to parse the dbt project using dbt ls cache cosmos_cache__verdanta_daily__dbt_daily...","logger":"cosmos.dbt.graph","filename":"graph.py","lineno":869}
{"timestamp":"2026-09-06T10:30:08.121192Z","level":"info","event":"Cosmos performance: time to calculate cache identifier cosmos_cache__verdanta_daily__dbt_daily for current version: 0.13477556200007257","logger":"cosmos.cache","filename":"cache.py","lineno":401}
{"timestamp":"2026-09-06T10:30:08.121537Z","level":"info","event":"Cosmos performance [4daed8617553|86]: The cache size for cosmos_cache__verdanta_daily__dbt_daily is 81420","logger":"cosmos.dbt.graph","filename":"graph.py","lineno":886}
{"timestamp":"2026-09-06T10:30:08.124689Z","level":"info","event":"Cosmos performance: Cache hit for cosmos_cache__verdanta_daily__dbt_daily - cec7d2b2130ad93ca8be26282ae433fd,f50552a3029f27b43be4a74a78877897","logger":"cosmos.dbt.graph","filename":"graph.py","lineno":898}
{"timestamp":"2026-09-06T10:30:08.124949Z","level":"info","event":"Total nodes: 91","logger":"cosmos.dbt.graph","filename":"graph.py","lineno":799}
{"timestamp":"2026-09-06T10:30:08.125028Z","level":"info","event":"Total filtered nodes: 91","logger":"cosmos.dbt.graph","filename":"graph.py","lineno":800}
{"timestamp":"2026-09-06T10:30:08.125105Z","level":"info","event":"Cosmos performance (verdanta_daily__dbt_daily) - [4daed8617553|86]: It took 0.156s to parse the dbt project for DAG using LoadMode.DBT_LS_CACHE","logger":"cosmos.converter","filename":"converter.py","lineno":371}
{"timestamp":"2026-09-06T10:30:08.205463Z","level":"info","event":"Cosmos performance (verdanta_daily__dbt_daily) - [4daed8617553|86]: It took 0.0803s to build the Airflow DAG.","logger":"cosmos.converter","filename":"converter.py","lineno":423}
{"timestamp":"2026-09-06T10:30:08.205661Z","level":"info","event":"::endgroup::Cosmos DAG parsing logs","logger":"cosmos.converter","filename":"converter.py","lineno":430}
{"timestamp":"2026-09-06T10:30:08.206260Z","level":"warning","event":"Using Variable.get from `airflow.models` is deprecated.Please use `get` on Variable from sdk(`airflow.sdk.Variable`) instead","category":"UserWarning","filename":"/home/airflow/.local/lib/python3.13/site-packages/airflow/models/variable.py","lineno":158,"logger":"py.warnings"}
{"timestamp":"2026-09-06T10:30:39.080109Z","level":"info","event":"Filling up the DagBag from /opt/airflow/dags/verdanta_daily.py","logger":"airflow.dag_processing.dagbag.BundleDagBag","filename":"dagbag.py","lineno":469}
{"timestamp":"2026-09-06T10:30:39.143165Z","level":"info","event":"::group::Cosmos DAG parsing logs","logger":"cosmos.converter","filename":"converter.py","lineno":321}
{"timestamp":"2026-09-06T10:30:39.146704Z","level":"info","event":"Cosmos cache dir resolved to /tmp/cosmos/verdanta_daily__dbt_daily","logger":"cosmos.converter","filename":"converter.py","lineno":346}
{"timestamp":"2026-09-06T10:30:39.146938Z","level":"info","event":"Trying to parse the dbt project using dbt ls cache cosmos_cache__verdanta_daily__dbt_daily...","logger":"cosmos.dbt.graph","filename":"graph.py","lineno":869}
{"timestamp":"2026-09-06T10:30:39.288258Z","level":"info","event":"Cosmos performance: time to calculate cache identifier cosmos_cache__verdanta_daily__dbt_daily for current version: 0.12511615300002177","logger":"cosmos.cache","filename":"cache.py","lineno":401}
{"timestamp":"2026-09-06T10:30:39.288489Z","level":"info","event":"Cosmos performance [4daed8617553|115]: The cache size for cosmos_cache__verdanta_daily__dbt_daily is 81420","logger":"cosmos.dbt.graph","filename":"graph.py","lineno":886}
{"timestamp":"2026-09-06T10:30:39.290869Z","level":"info","event":"Cosmos performance: Cache hit for cosmos_cache__verdanta_daily__dbt_daily - cec7d2b2130ad93ca8be26282ae433fd,f50552a3029f27b43be4a74a78877897","logger":"cosmos.dbt.graph","filename":"graph.py","lineno":898}
{"timestamp":"2026-09-06T10:30:39.291113Z","level":"info","event":"Total nodes: 91","logger":"cosmos.dbt.graph","filename":"graph.py","lineno":799}
{"timestamp":"2026-09-06T10:30:39.291185Z","level":"info","event":"Total filtered nodes: 91","logger":"cosmos.dbt.graph","filename":"graph.py","lineno":800}
{"timestamp":"2026-09-06T10:30:39.291254Z","level":"info","event":"Cosmos performance (verdanta_daily__dbt_daily) - [4daed8617553|115]: It took 0.144s to parse the dbt project for DAG using LoadMode.DBT_LS_CACHE","logger":"cosmos.converter","filename":"converter.py","lineno":371}
{"timestamp":"2026-09-06T10:30:39.369654Z","level":"info","event":"Cosmos performance (verdanta_daily__dbt_daily) - [4daed8617553|115]: It took 0.0783s to build the Airflow DAG.","logger":"cosmos.converter","filename":"converter.py","lineno":423}
{"timestamp":"2026-09-06T10:30:39.369841Z","level":"info","event":"::endgroup::Cosmos DAG parsing logs","logger":"cosmos.converter","filename":"converter.py","lineno":430}
{"timestamp":"2026-09-06T10:30:39.370780Z","level":"warning","event":"Using Variable.get from `airflow.models` is deprecated.Please use `get` on Variable from sdk(`airflow.sdk.Variable`) instead","category":"UserWarning","filename":"/home/airflow/.local/lib/python3.13/site-packages/airflow/models/variable.py","lineno":158,"logger":"py.warnings"}
{"timestamp":"2026-09-06T10:31:09.897253Z","level":"info","event":"Filling up the DagBag from /opt/airflow/dags/verdanta_daily.py","logger":"airflow.dag_processing.dagbag.BundleDagBag","filename":"dagbag.py","lineno":469}
{"timestamp":"2026-09-06T10:31:09.997782Z","level":"info","event":"::group::Cosmos DAG parsing logs","logger":"cosmos.converter","filename":"converter.py","lineno":321}
{"timestamp":"2026-09-06T10:31:10.001664Z","level":"info","event":"Cosmos cache dir resolved to /tmp/cosmos/verdanta_daily__dbt_daily","logger":"cosmos.converter","filename":"converter.py","lineno":346}
{"timestamp":"2026-09-06T10:31:10.001882Z","level":"info","event":"Trying to parse the dbt project using dbt ls cache cosmos_cache__verdanta_daily__dbt_daily...","logger":"cosmos.dbt.graph","filename":"graph.py","lineno":869}
{"timestamp":"2026-09-06T10:31:10.150778Z","level":"info","event":"Cosmos performance: time to calculate cache identifier cosmos_cache__verdanta_daily__dbt_daily for current version: 0.13134941600003458","logger":"cosmos.cache","filename":"cache.py","lineno":401}
{"timestamp":"2026-09-06T10:31:10.151131Z","level":"info","event":"Cosmos performance [4daed8617553|150]: The cache size for cosmos_cache__verdanta_daily__dbt_daily is 81420","logger":"cosmos.dbt.graph","filename":"graph.py","lineno":886}
{"timestamp":"2026-09-06T10:31:10.154486Z","level":"info","event":"Cosmos performance: Cache hit for cosmos_cache__verdanta_daily__dbt_daily - cec7d2b2130ad93ca8be26282ae433fd,f50552a3029f27b43be4a74a78877897","logger":"cosmos.dbt.graph","filename":"graph.py","lineno":898}
{"timestamp":"2026-09-06T10:31:10.154725Z","level":"info","event":"Total nodes: 91","logger":"cosmos.dbt.graph","filename":"graph.py","lineno":799}
{"timestamp":"2026-09-06T10:31:10.154800Z","level":"info","event":"Total filtered nodes: 91","logger":"cosmos.dbt.graph","filename":"graph.py","lineno":800}
{"timestamp":"2026-09-06T10:31:10.154866Z","level":"info","event":"Cosmos performance (verdanta_daily__dbt_daily) - [4daed8617553|150]: It took 0.153s to parse the dbt project for DAG using LoadMode.DBT_LS_CACHE","logger":"cosmos.converter","filename":"converter.py","lineno":371}
{"timestamp":"2026-09-06T10:31:10.233231Z","level":"info","event":"Cosmos performance (verdanta_daily__dbt_daily) - [4daed8617553|150]: It took 0.0783s to build the Airflow DAG.","logger":"cosmos.converter","filename":"converter.py","lineno":423}
{"timestamp":"2026-09-06T10:31:10.233388Z","level":"info","event":"::endgroup::Cosmos DAG parsing logs","logger":"cosmos.converter","filename":"converter.py","lineno":430}
{"timestamp":"2026-09-06T10:31:10.233946Z","level":"warning","event":"Using Variable.get from `airflow.models` is deprecated.Please use `get` on Variable from sdk(`airflow.sdk.Variable`) instead","category":"UserWarning","filename":"/home/airflow/.local/lib/python3.13/site-packages/airflow/models/variable.py","lineno":158,"logger":"py.warnings"}
{"timestamp":"2026-09-06T10:31:41.042630Z","level":"info","event":"Filling up the DagBag from /opt/airflow/dags/verdanta_daily.py","logger":"airflow.dag_processing.dagbag.BundleDagBag","filename":"dagbag.py","lineno":469}
{"timestamp":"2026-09-06T10:31:41.115125Z","level":"info","event":"::group::Cosmos DAG parsing logs","logger":"cosmos.converter","filename":"converter.py","lineno":321}
{"timestamp":"2026-09-06T10:31:41.121388Z","level":"info","event":"Cosmos cache dir resolved to /tmp/cosmos/verdanta_daily__dbt_daily","logger":"cosmos.converter","filename":"converter.py","lineno":346}
{"timestamp":"2026-09-06T10:31:41.121635Z","level":"info","event":"Trying to parse the dbt project using dbt ls cache cosmos_cache__verdanta_daily__dbt_daily...","logger":"cosmos.dbt.graph","filename":"graph.py","lineno":869}
{"timestamp":"2026-09-06T10:31:41.264773Z","level":"info","event":"Cosmos performance: time to calculate cache identifier cosmos_cache__verdanta_daily__dbt_daily for current version: 0.12657983999997668","logger":"cosmos.cache","filename":"cache.py","lineno":401}
{"timestamp":"2026-09-06T10:31:41.264989Z","level":"info","event":"Cosmos performance [4daed8617553|165]: The cache size for cosmos_cache__verdanta_daily__dbt_daily is 81420","logger":"cosmos.dbt.graph","filename":"graph.py","lineno":886}
{"timestamp":"2026-09-06T10:31:41.267173Z","level":"info","event":"Cosmos performance: Cache hit for cosmos_cache__verdanta_daily__dbt_daily - cec7d2b2130ad93ca8be26282ae433fd,f50552a3029f27b43be4a74a78877897","logger":"cosmos.dbt.graph","filename":"graph.py","lineno":898}
{"timestamp":"2026-09-06T10:31:41.267382Z","level":"info","event":"Total nodes: 91","logger":"cosmos.dbt.graph","filename":"graph.py","lineno":799}
{"timestamp":"2026-09-06T10:31:41.267453Z","level":"info","event":"Total filtered nodes: 91","logger":"cosmos.dbt.graph","filename":"graph.py","lineno":800}
{"timestamp":"2026-09-06T10:31:41.267521Z","level":"info","event":"Cosmos performance (verdanta_daily__dbt_daily) - [4daed8617553|165]: It took 0.146s to parse the dbt project for DAG using LoadMode.DBT_LS_CACHE","logger":"cosmos.converter","filename":"converter.py","lineno":371}
{"timestamp":"2026-09-06T10:31:41.338303Z","level":"info","event":"Cosmos performance (verdanta_daily__dbt_daily) - [4daed8617553|165]: It took 0.0707s to build the Airflow DAG.","logger":"cosmos.converter","filename":"converter.py","lineno":423}
{"timestamp":"2026-09-06T10:31:41.338467Z","level":"info","event":"::endgroup::Cosmos DAG parsing logs","logger":"cosmos.converter","filename":"converter.py","lineno":430}
{"timestamp":"2026-09-06T10:31:41.338983Z","level":"warning","event":"Using Variable.get from `airflow.models` is deprecated.Please use `get` on Variable from sdk(`airflow.sdk.Variable`) instead","category":"UserWarning","filename":"/home/airflow/.local/lib/python3.13/site-packages/airflow/models/variable.py","lineno":158,"logger":"py.warnings"}
{"timestamp":"2026-09-06T10:32:11.625632Z","level":"info","event":"Filling up the DagBag from /opt/airflow/dags/verdanta_daily.py","logger":"airflow.dag_processing.dagbag.BundleDagBag","filename":"dagbag.py","lineno":469}
{"timestamp":"2026-09-06T10:32:11.709019Z","level":"info","event":"::group::Cosmos DAG parsing logs","logger":"cosmos.converter","filename":"converter.py","lineno":321}
{"timestamp":"2026-09-06T10:32:11.713135Z","level":"info","event":"Cosmos cache dir resolved to /tmp/cosmos/verdanta_daily__dbt_daily","logger":"cosmos.converter","filename":"converter.py","lineno":346}
{"timestamp":"2026-09-06T10:32:11.713422Z","level":"info","event":"Trying to parse the dbt project using dbt ls cache cosmos_cache__verdanta_daily__dbt_daily...","logger":"cosmos.dbt.graph","filename":"graph.py","lineno":869}
{"timestamp":"2026-09-06T10:32:11.888389Z","level":"info","event":"Cosmos performance: time to calculate cache identifier cosmos_cache__verdanta_daily__dbt_daily for current version: 0.15769876199999544","logger":"cosmos.cache","filename":"cache.py","lineno":401}
{"timestamp":"2026-09-06T10:32:11.888670Z","level":"info","event":"Cosmos performance [4daed8617553|201]: The cache size for cosmos_cache__verdanta_daily__dbt_daily is 81420","logger":"cosmos.dbt.graph","filename":"graph.py","lineno":886}
{"timestamp":"2026-09-06T10:32:11.891576Z","level":"info","event":"Cosmos performance: Cache hit for cosmos_cache__verdanta_daily__dbt_daily - cec7d2b2130ad93ca8be26282ae433fd,f50552a3029f27b43be4a74a78877897","logger":"cosmos.dbt.graph","filename":"graph.py","lineno":898}
{"timestamp":"2026-09-06T10:32:11.891830Z","level":"info","event":"Total nodes: 91","logger":"cosmos.dbt.graph","filename":"graph.py","lineno":799}
{"timestamp":"2026-09-06T10:32:11.891917Z","level":"info","event":"Total filtered nodes: 91","logger":"cosmos.dbt.graph","filename":"graph.py","lineno":800}
{"timestamp":"2026-09-06T10:32:11.892033Z","level":"info","event":"Cosmos performance (verdanta_daily__dbt_daily) - [4daed8617553|201]: It took 0.179s to parse the dbt project for DAG using LoadMode.DBT_LS_CACHE","logger":"cosmos.converter","filename":"converter.py","lineno":371}
{"timestamp":"2026-09-06T10:32:11.974171Z","level":"info","event":"Cosmos performance (verdanta_daily__dbt_daily) - [4daed8617553|201]: It took 0.0821s to build the Airflow DAG.","logger":"cosmos.converter","filename":"converter.py","lineno":423}
{"timestamp":"2026-09-06T10:32:11.974352Z","level":"info","event":"::endgroup::Cosmos DAG parsing logs","logger":"cosmos.converter","filename":"converter.py","lineno":430}
{"timestamp":"2026-09-06T10:32:11.974979Z","level":"warning","event":"Using Variable.get from `airflow.models` is deprecated.Please use `get` on Variable from sdk(`airflow.sdk.Variable`) instead","category":"UserWarning","filename":"/home/airflow/.local/lib/python3.13/site-packages/airflow/models/variable.py","lineno":158,"logger":"py.warnings"}
{"timestamp":"2026-09-06T10:32:42.464370Z","level":"info","event":"Filling up the DagBag from /opt/airflow/dags/verdanta_daily.py","logger":"airflow.dag_processing.dagbag.BundleDagBag","filename":"dagbag.py","lineno":469}
{"timestamp":"2026-09-06T10:32:42.544834Z","level":"info","event":"::group::Cosmos DAG parsing logs","logger":"cosmos.converter","filename":"converter.py","lineno":321}
{"timestamp":"2026-09-06T10:32:42.548937Z","level":"info","event":"Cosmos cache dir resolved to /tmp/cosmos/verdanta_daily__dbt_daily","logger":"cosmos.converter","filename":"converter.py","lineno":346}
{"timestamp":"2026-09-06T10:32:42.549267Z","level":"info","event":"Trying to parse the dbt project using dbt ls cache cosmos_cache__verdanta_daily__dbt_daily...","logger":"cosmos.dbt.graph","filename":"graph.py","lineno":869}
{"timestamp":"2026-09-06T10:32:42.716771Z","level":"info","event":"Cosmos performance: time to calculate cache identifier cosmos_cache__verdanta_daily__dbt_daily for current version: 0.14393333800001074","logger":"cosmos.cache","filename":"cache.py","lineno":401}
{"timestamp":"2026-09-06T10:32:42.717079Z","level":"info","event":"Cosmos performance [4daed8617553|237]: The cache size for cosmos_cache__verdanta_daily__dbt_daily is 81420","logger":"cosmos.dbt.graph","filename":"graph.py","lineno":886}
{"timestamp":"2026-09-06T10:32:42.720727Z","level":"info","event":"Cosmos performance: Cache hit for cosmos_cache__verdanta_daily__dbt_daily - cec7d2b2130ad93ca8be26282ae433fd,f50552a3029f27b43be4a74a78877897","logger":"cosmos.dbt.graph","filename":"graph.py","lineno":898}
{"timestamp":"2026-09-06T10:32:42.720994Z","level":"info","event":"Total nodes: 91","logger":"cosmos.dbt.graph","filename":"graph.py","lineno":799}
{"timestamp":"2026-09-06T10:32:42.721080Z","level":"info","event":"Total filtered nodes: 91","logger":"cosmos.dbt.graph","filename":"graph.py","lineno":800}
{"timestamp":"2026-09-06T10:32:42.721217Z","level":"info","event":"Cosmos performance (verdanta_daily__dbt_daily) - [4daed8617553|237]: It took 0.172s to parse the dbt project for DAG using LoadMode.DBT_LS_CACHE","logger":"cosmos.converter","filename":"converter.py","lineno":371}
{"timestamp":"2026-09-06T10:32:42.805168Z","level":"info","event":"Cosmos performance (verdanta_daily__dbt_daily) - [4daed8617553|237]: It took 0.0839s to build the Airflow DAG.","logger":"cosmos.converter","filename":"converter.py","lineno":423}
{"timestamp":"2026-09-06T10:32:42.805387Z","level":"info","event":"::endgroup::Cosmos DAG parsing logs","logger":"cosmos.converter","filename":"converter.py","lineno":430}
{"timestamp":"2026-09-06T10:32:42.806148Z","level":"warning","event":"Using Variable.get from `airflow.models` is deprecated.Please use `get` on Variable from sdk(`airflow.sdk.Variable`) instead","category":"UserWarning","filename":"/home/airflow/.local/lib/python3.13/site-packages/airflow/models/variable.py","lineno":158,"logger":"py.warnings"}
{"timestamp":"2026-09-06T10:33:13.122375Z","level":"info","event":"Filling up the DagBag from /opt/airflow/dags/verdanta_daily.py","logger":"airflow.dag_processing.dagbag.BundleDagBag","filename":"dagbag.py","lineno":469}
{"timestamp":"2026-09-06T10:33:13.194018Z","level":"info","event":"::group::Cosmos DAG parsing logs","logger":"cosmos.converter","filename":"converter.py","lineno":321}
{"timestamp":"2026-09-06T10:33:13.197187Z","level":"info","event":"Cosmos cache dir resolved to /tmp/cosmos/verdanta_daily__dbt_daily","logger":"cosmos.converter","filename":"converter.py","lineno":346}
{"timestamp":"2026-09-06T10:33:13.197436Z","level":"info","event":"Trying to parse the dbt project using dbt ls cache cosmos_cache__verdanta_daily__dbt_daily...","logger":"cosmos.dbt.graph","filename":"graph.py","lineno":869}
{"timestamp":"2026-09-06T10:33:13.343684Z","level":"info","event":"Cosmos performance: time to calculate cache identifier cosmos_cache__verdanta_daily__dbt_daily for current version: 0.1303011449999758","logger":"cosmos.cache","filename":"cache.py","lineno":401}
{"timestamp":"2026-09-06T10:33:13.343924Z","level":"info","event":"Cosmos performance [4daed8617553|273]: The cache size for cosmos_cache__verdanta_daily__dbt_daily is 81420","logger":"cosmos.dbt.graph","filename":"graph.py","lineno":886}
{"timestamp":"2026-09-06T10:33:13.346221Z","level":"info","event":"Cosmos performance: Cache hit for cosmos_cache__verdanta_daily__dbt_daily - cec7d2b2130ad93ca8be26282ae433fd,f50552a3029f27b43be4a74a78877897","logger":"cosmos.dbt.graph","filename":"graph.py","lineno":898}
{"timestamp":"2026-09-06T10:33:13.346468Z","level":"info","event":"Total nodes: 91","logger":"cosmos.dbt.graph","filename":"graph.py","lineno":799}
{"timestamp":"2026-09-06T10:33:13.346545Z","level":"info","event":"Total filtered nodes: 91","logger":"cosmos.dbt.graph","filename":"graph.py","lineno":800}
{"timestamp":"2026-09-06T10:33:13.346615Z","level":"info","event":"Cosmos performance (verdanta_daily__dbt_daily) - [4daed8617553|273]: It took 0.149s to parse the dbt project for DAG using LoadMode.DBT_LS_CACHE","logger":"cosmos.converter","filename":"converter.py","lineno":371}
{"timestamp":"2026-09-06T10:33:13.420343Z","level":"info","event":"Cosmos performance (verdanta_daily__dbt_daily) - [4daed8617553|273]: It took 0.0736s to build the Airflow DAG.","logger":"cosmos.converter","filename":"converter.py","lineno":423}
{"timestamp":"2026-09-06T10:33:13.420593Z","level":"info","event":"::endgroup::Cosmos DAG parsing logs","logger":"cosmos.converter","filename":"converter.py","lineno":430}
{"timestamp":"2026-09-06T10:33:13.421255Z","level":"warning","event":"Using Variable.get from `airflow.models` is deprecated.Please use `get` on Variable from sdk(`airflow.sdk.Variable`) instead","category":"UserWarning","filename":"/home/airflow/.local/lib/python3.13/site-packages/airflow/models/variable.py","lineno":158,"logger":"py.warnings"}
{"timestamp":"2026-09-06T10:33:44.289963Z","level":"info","event":"Filling up the DagBag from /opt/airflow/dags/verdanta_daily.py","logger":"airflow.dag_processing.dagbag.BundleDagBag","filename":"dagbag.py","lineno":469}
{"timestamp":"2026-09-06T10:33:44.357053Z","level":"info","event":"::group::Cosmos DAG parsing logs","logger":"cosmos.converter","filename":"converter.py","lineno":321}
{"timestamp":"2026-09-06T10:33:44.360534Z","level":"info","event":"Cosmos cache dir resolved to /tmp/cosmos/verdanta_daily__dbt_daily","logger":"cosmos.converter","filename":"converter.py","lineno":346}
{"timestamp":"2026-09-06T10:33:44.360785Z","level":"info","event":"Trying to parse the dbt project using dbt ls cache cosmos_cache__verdanta_daily__dbt_daily...","logger":"cosmos.dbt.graph","filename":"graph.py","lineno":869}
{"timestamp":"2026-09-06T10:33:44.512182Z","level":"info","event":"Cosmos performance: time to calculate cache identifier cosmos_cache__verdanta_daily__dbt_daily for current version: 0.13326791800000137","logger":"cosmos.cache","filename":"cache.py","lineno":401}
{"timestamp":"2026-09-06T10:33:44.512420Z","level":"info","event":"Cosmos performance [4daed8617553|308]: The cache size for cosmos_cache__verdanta_daily__dbt_daily is 81420","logger":"cosmos.dbt.graph","filename":"graph.py","lineno":886}
{"timestamp":"2026-09-06T10:33:44.515548Z","level":"info","event":"Cosmos performance: Cache hit for cosmos_cache__verdanta_daily__dbt_daily - cec7d2b2130ad93ca8be26282ae433fd,f50552a3029f27b43be4a74a78877897","logger":"cosmos.dbt.graph","filename":"graph.py","lineno":898}
{"timestamp":"2026-09-06T10:33:44.515750Z","level":"info","event":"Total nodes: 91","logger":"cosmos.dbt.graph","filename":"graph.py","lineno":799}
{"timestamp":"2026-09-06T10:33:44.515816Z","level":"info","event":"Total filtered nodes: 91","logger":"cosmos.dbt.graph","filename":"graph.py","lineno":800}
{"timestamp":"2026-09-06T10:33:44.515883Z","level":"info","event":"Cosmos performance (verdanta_daily__dbt_daily) - [4daed8617553|308]: It took 0.155s to parse the dbt project for DAG using LoadMode.DBT_LS_CACHE","logger":"cosmos.converter","filename":"converter.py","lineno":371}
{"timestamp":"2026-09-06T10:33:44.598142Z","level":"info","event":"Cosmos performance (verdanta_daily__dbt_daily) - [4daed8617553|308]: It took 0.0822s to build the Airflow DAG.","logger":"cosmos.converter","filename":"converter.py","lineno":423}
{"timestamp":"2026-09-06T10:33:44.598426Z","level":"info","event":"::endgroup::Cosmos DAG parsing logs","logger":"cosmos.converter","filename":"converter.py","lineno":430}
{"timestamp":"2026-09-06T10:33:44.599090Z","level":"warning","event":"Using Variable.get from `airflow.models` is deprecated.Please use `get` on Variable from sdk(`airflow.sdk.Variable`) instead","category":"UserWarning","filename":"/home/airflow/.local/lib/python3.13/site-packages/airflow/models/variable.py","lineno":158,"logger":"py.warnings"}
{"timestamp":"2026-09-06T10:34:15.291534Z","level":"info","event":"Filling up the DagBag from /opt/airflow/dags/verdanta_daily.py","logger":"airflow.dag_processing.dagbag.BundleDagBag","filename":"dagbag.py","lineno":469}
{"timestamp":"2026-09-06T10:34:15.377850Z","level":"info","event":"::group::Cosmos DAG parsing logs","logger":"cosmos.converter","filename":"converter.py","lineno":321}
{"timestamp":"2026-09-06T10:34:15.382698Z","level":"info","event":"Cosmos cache dir resolved to /tmp/cosmos/verdanta_daily__dbt_daily","logger":"cosmos.converter","filename":"converter.py","lineno":346}
{"timestamp":"2026-09-06T10:34:15.383053Z","level":"info","event":"Trying to parse the dbt project using dbt ls cache cosmos_cache__verdanta_daily__dbt_daily...","logger":"cosmos.dbt.graph","filename":"graph.py","lineno":869}
{"timestamp":"2026-09-06T10:34:15.526382Z","level":"info","event":"Cosmos performance: time to calculate cache identifier cosmos_cache__verdanta_daily__dbt_daily for current version: 0.12710470100000748","logger":"cosmos.cache","filename":"cache.py","lineno":401}
{"timestamp":"2026-09-06T10:34:15.526671Z","level":"info","event":"Cosmos performance [4daed8617553|324]: The cache size for cosmos_cache__verdanta_daily__dbt_daily is 81420","logger":"cosmos.dbt.graph","filename":"graph.py","lineno":886}
{"timestamp":"2026-09-06T10:34:15.528902Z","level":"info","event":"Cosmos performance: Cache hit for cosmos_cache__verdanta_daily__dbt_daily - cec7d2b2130ad93ca8be26282ae433fd,f50552a3029f27b43be4a74a78877897","logger":"cosmos.dbt.graph","filename":"graph.py","lineno":898}
{"timestamp":"2026-09-06T10:34:15.529098Z","level":"info","event":"Total nodes: 91","logger":"cosmos.dbt.graph","filename":"graph.py","lineno":799}
{"timestamp":"2026-09-06T10:34:15.529161Z","level":"info","event":"Total filtered nodes: 91","logger":"cosmos.dbt.graph","filename":"graph.py","lineno":800}
{"timestamp":"2026-09-06T10:34:15.529227Z","level":"info","event":"Cosmos performance (verdanta_daily__dbt_daily) - [4daed8617553|324]: It took 0.146s to parse the dbt project for DAG using LoadMode.DBT_LS_CACHE","logger":"cosmos.converter","filename":"converter.py","lineno":371}
{"timestamp":"2026-09-06T10:34:15.607732Z","level":"info","event":"Cosmos performance (verdanta_daily__dbt_daily) - [4daed8617553|324]: It took 0.0785s to build the Airflow DAG.","logger":"cosmos.converter","filename":"converter.py","lineno":423}
{"timestamp":"2026-09-06T10:34:15.607906Z","level":"info","event":"::endgroup::Cosmos DAG parsing logs","logger":"cosmos.converter","filename":"converter.py","lineno":430}
{"timestamp":"2026-09-06T10:34:15.608636Z","level":"warning","event":"Using Variable.get from `airflow.models` is deprecated.Please use `get` on Variable from sdk(`airflow.sdk.Variable`) instead","category":"UserWarning","filename":"/home/airflow/.local/lib/python3.13/site-packages/airflow/models/variable.py","lineno":158,"logger":"py.warnings"}
{"timestamp":"2026-09-06T10:34:45.877449Z","level":"info","event":"Filling up the DagBag from /opt/airflow/dags/verdanta_daily.py","logger":"airflow.dag_processing.dagbag.BundleDagBag","filename":"dagbag.py","lineno":469}
{"timestamp":"2026-09-06T10:34:45.947793Z","level":"info","event":"::group::Cosmos DAG parsing logs","logger":"cosmos.converter","filename":"converter.py","lineno":321}
{"timestamp":"2026-09-06T10:34:45.955422Z","level":"info","event":"Cosmos cache dir resolved to /tmp/cosmos/verdanta_daily__dbt_daily","logger":"cosmos.converter","filename":"converter.py","lineno":346}
{"timestamp":"2026-09-06T10:34:45.955678Z","level":"info","event":"Trying to parse the dbt project using dbt ls cache cosmos_cache__verdanta_daily__dbt_daily...","logger":"cosmos.dbt.graph","filename":"graph.py","lineno":869}
{"timestamp":"2026-09-06T10:34:46.099341Z","level":"info","event":"Cosmos performance: time to calculate cache identifier cosmos_cache__verdanta_daily__dbt_daily for current version: 0.13024947999997494","logger":"cosmos.cache","filename":"cache.py","lineno":401}
{"timestamp":"2026-09-06T10:34:46.099586Z","level":"info","event":"Cosmos performance [4daed8617553|359]: The cache size for cosmos_cache__verdanta_daily__dbt_daily is 81420","logger":"cosmos.dbt.graph","filename":"graph.py","lineno":886}
{"timestamp":"2026-09-06T10:34:46.102164Z","level":"info","event":"Cosmos performance: Cache hit for cosmos_cache__verdanta_daily__dbt_daily - cec7d2b2130ad93ca8be26282ae433fd,f50552a3029f27b43be4a74a78877897","logger":"cosmos.dbt.graph","filename":"graph.py","lineno":898}
{"timestamp":"2026-09-06T10:34:46.102404Z","level":"info","event":"Total nodes: 91","logger":"cosmos.dbt.graph","filename":"graph.py","lineno":799}
{"timestamp":"2026-09-06T10:34:46.102551Z","level":"info","event":"Total filtered nodes: 91","logger":"cosmos.dbt.graph","filename":"graph.py","lineno":800}
{"timestamp":"2026-09-06T10:34:46.102630Z","level":"info","event":"Cosmos performance (verdanta_daily__dbt_daily) - [4daed8617553|359]: It took 0.147s to parse the dbt project for DAG using LoadMode.DBT_LS_CACHE","logger":"cosmos.converter","filename":"converter.py","lineno":371}
{"timestamp":"2026-09-06T10:34:46.176844Z","level":"info","event":"Cosmos performance (verdanta_daily__dbt_daily) - [4daed8617553|359]: It took 0.0742s to build the Airflow DAG.","logger":"cosmos.converter","filename":"converter.py","lineno":423}
{"timestamp":"2026-09-06T10:34:46.177045Z","level":"info","event":"::endgroup::Cosmos DAG parsing logs","logger":"cosmos.converter","filename":"converter.py","lineno":430}
{"timestamp":"2026-09-06T10:34:46.177595Z","level":"warning","event":"Using Variable.get from `airflow.models` is deprecated.Please use `get` on Variable from sdk(`airflow.sdk.Variable`) instead","category":"UserWarning","filename":"/home/airflow/.local/lib/python3.13/site-packages/airflow/models/variable.py","lineno":158,"logger":"py.warnings"}
{"timestamp":"2026-09-06T10:35:16.461032Z","level":"info","event":"Filling up the DagBag from /opt/airflow/dags/verdanta_daily.py","logger":"airflow.dag_processing.dagbag.BundleDagBag","filename":"dagbag.py","lineno":469}
{"timestamp":"2026-09-06T10:35:16.528602Z","level":"info","event":"::group::Cosmos DAG parsing logs","logger":"cosmos.converter","filename":"converter.py","lineno":321}
{"timestamp":"2026-09-06T10:35:16.532755Z","level":"info","event":"Cosmos cache dir resolved to /tmp/cosmos/verdanta_daily__dbt_daily","logger":"cosmos.converter","filename":"converter.py","lineno":346}
{"timestamp":"2026-09-06T10:35:16.532964Z","level":"info","event":"Trying to parse the dbt project using dbt ls cache cosmos_cache__verdanta_daily__dbt_daily...","logger":"cosmos.dbt.graph","filename":"graph.py","lineno":869}
{"timestamp":"2026-09-06T10:35:16.675173Z","level":"info","event":"Cosmos performance: time to calculate cache identifier cosmos_cache__verdanta_daily__dbt_daily for current version: 0.12647287900006177","logger":"cosmos.cache","filename":"cache.py","lineno":401}
{"timestamp":"2026-09-06T10:35:16.675446Z","level":"info","event":"Cosmos performance [4daed8617553|395]: The cache size for cosmos_cache__verdanta_daily__dbt_daily is 81420","logger":"cosmos.dbt.graph","filename":"graph.py","lineno":886}
{"timestamp":"2026-09-06T10:35:16.677889Z","level":"info","event":"Cosmos performance: Cache hit for cosmos_cache__verdanta_daily__dbt_daily - cec7d2b2130ad93ca8be26282ae433fd,f50552a3029f27b43be4a74a78877897","logger":"cosmos.dbt.graph","filename":"graph.py","lineno":898}
{"timestamp":"2026-09-06T10:35:16.678088Z","level":"info","event":"Total nodes: 91","logger":"cosmos.dbt.graph","filename":"graph.py","lineno":799}
{"timestamp":"2026-09-06T10:35:16.678150Z","level":"info","event":"Total filtered nodes: 91","logger":"cosmos.dbt.graph","filename":"graph.py","lineno":800}
{"timestamp":"2026-09-06T10:35:16.678217Z","level":"info","event":"Cosmos performance (verdanta_daily__dbt_daily) - [4daed8617553|395]: It took 0.145s to parse the dbt project for DAG using LoadMode.DBT_LS_CACHE","logger":"cosmos.converter","filename":"converter.py","lineno":371}
{"timestamp":"2026-09-06T10:35:16.749821Z","level":"info","event":"Cosmos performance (verdanta_daily__dbt_daily) - [4daed8617553|395]: It took 0.0714s to build the Airflow DAG.","logger":"cosmos.converter","filename":"converter.py","lineno":423}
{"timestamp":"2026-09-06T10:35:16.750013Z","level":"info","event":"::endgroup::Cosmos DAG parsing logs","logger":"cosmos.converter","filename":"converter.py","lineno":430}
{"timestamp":"2026-09-06T10:35:16.750629Z","level":"warning","event":"Using Variable.get from `airflow.models` is deprecated.Please use `get` on Variable from sdk(`airflow.sdk.Variable`) instead","category":"UserWarning","filename":"/home/airflow/.local/lib/python3.13/site-packages/airflow/models/variable.py","lineno":158,"logger":"py.warnings"}
{"timestamp":"2026-09-06T10:35:46.944914Z","level":"info","event":"Filling up the DagBag from /opt/airflow/dags/verdanta_daily.py","logger":"airflow.dag_processing.dagbag.BundleDagBag","filename":"dagbag.py","lineno":469}
{"timestamp":"2026-09-06T10:35:47.019415Z","level":"info","event":"::group::Cosmos DAG parsing logs","logger":"cosmos.converter","filename":"converter.py","lineno":321}
{"timestamp":"2026-09-06T10:35:47.023801Z","level":"info","event":"Cosmos cache dir resolved to /tmp/cosmos/verdanta_daily__dbt_daily","logger":"cosmos.converter","filename":"converter.py","lineno":346}
{"timestamp":"2026-09-06T10:35:47.024170Z","level":"info","event":"Trying to parse the dbt project using dbt ls cache cosmos_cache__verdanta_daily__dbt_daily...","logger":"cosmos.dbt.graph","filename":"graph.py","lineno":869}
{"timestamp":"2026-09-06T10:35:47.170702Z","level":"info","event":"Cosmos performance: time to calculate cache identifier cosmos_cache__verdanta_daily__dbt_daily for current version: 0.12673905899998772","logger":"cosmos.cache","filename":"cache.py","lineno":401}
{"timestamp":"2026-09-06T10:35:47.170940Z","level":"info","event":"Cosmos performance [4daed8617553|431]: The cache size for cosmos_cache__verdanta_daily__dbt_daily is 81420","logger":"cosmos.dbt.graph","filename":"graph.py","lineno":886}
{"timestamp":"2026-09-06T10:35:47.173227Z","level":"info","event":"Cosmos performance: Cache hit for cosmos_cache__verdanta_daily__dbt_daily - cec7d2b2130ad93ca8be26282ae433fd,f50552a3029f27b43be4a74a78877897","logger":"cosmos.dbt.graph","filename":"graph.py","lineno":898}
{"timestamp":"2026-09-06T10:35:47.173433Z","level":"info","event":"Total nodes: 91","logger":"cosmos.dbt.graph","filename":"graph.py","lineno":799}
{"timestamp":"2026-09-06T10:35:47.173506Z","level":"info","event":"Total filtered nodes: 91","logger":"cosmos.dbt.graph","filename":"graph.py","lineno":800}
{"timestamp":"2026-09-06T10:35:47.173574Z","level":"info","event":"Cosmos performance (verdanta_daily__dbt_daily) - [4daed8617553|431]: It took 0.15s to parse the dbt project for DAG using LoadMode.DBT_LS_CACHE","logger":"cosmos.converter","filename":"converter.py","lineno":371}
{"timestamp":"2026-09-06T10:35:47.247524Z","level":"info","event":"Cosmos performance (verdanta_daily__dbt_daily) - [4daed8617553|431]: It took 0.0739s to build the Airflow DAG.","logger":"cosmos.converter","filename":"converter.py","lineno":423}
{"timestamp":"2026-09-06T10:35:47.247697Z","level":"info","event":"::endgroup::Cosmos DAG parsing logs","logger":"cosmos.converter","filename":"converter.py","lineno":430}
{"timestamp":"2026-09-06T10:35:47.248317Z","level":"warning","event":"Using Variable.get from `airflow.models` is deprecated.Please use `get` on Variable from sdk(`airflow.sdk.Variable`) instead","category":"UserWarning","filename":"/home/airflow/.local/lib/python3.13/site-packages/airflow/models/variable.py","lineno":158,"logger":"py.warnings"}
{"timestamp":"2026-09-06T10:36:17.863532Z","level":"info","event":"Filling up the DagBag from /opt/airflow/dags/verdanta_daily.py","logger":"airflow.dag_processing.dagbag.BundleDagBag","filename":"dagbag.py","lineno":469}
{"timestamp":"2026-09-06T10:36:17.938888Z","level":"info","event":"::group::Cosmos DAG parsing logs","logger":"cosmos.converter","filename":"converter.py","lineno":321}
{"timestamp":"2026-09-06T10:36:17.943032Z","level":"info","event":"Cosmos cache dir resolved to /tmp/cosmos/verdanta_daily__dbt_daily","logger":"cosmos.converter","filename":"converter.py","lineno":346}
{"timestamp":"2026-09-06T10:36:17.943274Z","level":"info","event":"Trying to parse the dbt project using dbt ls cache cosmos_cache__verdanta_daily__dbt_daily...","logger":"cosmos.dbt.graph","filename":"graph.py","lineno":869}
{"timestamp":"2026-09-06T10:36:18.086250Z","level":"info","event":"Cosmos performance: time to calculate cache identifier cosmos_cache__verdanta_daily__dbt_daily for current version: 0.12557181399995443","logger":"cosmos.cache","filename":"cache.py","lineno":401}
{"timestamp":"2026-09-06T10:36:18.086473Z","level":"info","event":"Cosmos performance [4daed8617553|466]: The cache size for cosmos_cache__verdanta_daily__dbt_daily is 81420","logger":"cosmos.dbt.graph","filename":"graph.py","lineno":886}
{"timestamp":"2026-09-06T10:36:18.092472Z","level":"info","event":"Cosmos performance: Cache hit for cosmos_cache__verdanta_daily__dbt_daily - cec7d2b2130ad93ca8be26282ae433fd,f50552a3029f27b43be4a74a78877897","logger":"cosmos.dbt.graph","filename":"graph.py","lineno":898}
{"timestamp":"2026-09-06T10:36:18.092668Z","level":"info","event":"Total nodes: 91","logger":"cosmos.dbt.graph","filename":"graph.py","lineno":799}
{"timestamp":"2026-09-06T10:36:18.092749Z","level":"info","event":"Total filtered nodes: 91","logger":"cosmos.dbt.graph","filename":"graph.py","lineno":800}
{"timestamp":"2026-09-06T10:36:18.092818Z","level":"info","event":"Cosmos performance (verdanta_daily__dbt_daily) - [4daed8617553|466]: It took 0.15s to parse the dbt project for DAG using LoadMode.DBT_LS_CACHE","logger":"cosmos.converter","filename":"converter.py","lineno":371}
{"timestamp":"2026-09-06T10:36:18.163933Z","level":"info","event":"Cosmos performance (verdanta_daily__dbt_daily) - [4daed8617553|466]: It took 0.071s to build the Airflow DAG.","logger":"cosmos.converter","filename":"converter.py","lineno":423}
{"timestamp":"2026-09-06T10:36:18.164127Z","level":"info","event":"::endgroup::Cosmos DAG parsing logs","logger":"cosmos.converter","filename":"converter.py","lineno":430}
{"timestamp":"2026-09-06T10:36:18.164827Z","level":"warning","event":"Using Variable.get from `airflow.models` is deprecated.Please use `get` on Variable from sdk(`airflow.sdk.Variable`) instead","category":"UserWarning","filename":"/home/airflow/.local/lib/python3.13/site-packages/airflow/models/variable.py","lineno":158,"logger":"py.warnings"}
{"timestamp":"2026-09-06T10:36:48.459876Z","level":"info","event":"Filling up the DagBag from /opt/airflow/dags/verdanta_daily.py","logger":"airflow.dag_processing.dagbag.BundleDagBag","filename":"dagbag.py","lineno":469}
{"timestamp":"2026-09-06T10:36:48.531083Z","level":"info","event":"::group::Cosmos DAG parsing logs","logger":"cosmos.converter","filename":"converter.py","lineno":321}
{"timestamp":"2026-09-06T10:36:48.534816Z","level":"info","event":"Cosmos cache dir resolved to /tmp/cosmos/verdanta_daily__dbt_daily","logger":"cosmos.converter","filename":"converter.py","lineno":346}
{"timestamp":"2026-09-06T10:36:48.535064Z","level":"info","event":"Trying to parse the dbt project using dbt ls cache cosmos_cache__verdanta_daily__dbt_daily...","logger":"cosmos.dbt.graph","filename":"graph.py","lineno":869}
{"timestamp":"2026-09-06T10:36:48.674828Z","level":"info","event":"Cosmos performance: time to calculate cache identifier cosmos_cache__verdanta_daily__dbt_daily for current version: 0.12382799099998465","logger":"cosmos.cache","filename":"cache.py","lineno":401}
{"timestamp":"2026-09-06T10:36:48.675105Z","level":"info","event":"Cosmos performance [4daed8617553|481]: The cache size for cosmos_cache__verdanta_daily__dbt_daily is 81420","logger":"cosmos.dbt.graph","filename":"graph.py","lineno":886}
{"timestamp":"2026-09-06T10:36:48.679908Z","level":"info","event":"Cosmos performance: Cache hit for cosmos_cache__verdanta_daily__dbt_daily - cec7d2b2130ad93ca8be26282ae433fd,f50552a3029f27b43be4a74a78877897","logger":"cosmos.dbt.graph","filename":"graph.py","lineno":898}
{"timestamp":"2026-09-06T10:36:48.680234Z","level":"info","event":"Total nodes: 91","logger":"cosmos.dbt.graph","filename":"graph.py","lineno":799}
{"timestamp":"2026-09-06T10:36:48.680337Z","level":"info","event":"Total filtered nodes: 91","logger":"cosmos.dbt.graph","filename":"graph.py","lineno":800}
{"timestamp":"2026-09-06T10:36:48.680472Z","level":"info","event":"Cosmos performance (verdanta_daily__dbt_daily) - [4daed8617553|481]: It took 0.145s to parse the dbt project for DAG using LoadMode.DBT_LS_CACHE","logger":"cosmos.converter","filename":"converter.py","lineno":371}
{"timestamp":"2026-09-06T10:36:48.751797Z","level":"info","event":"Cosmos performance (verdanta_daily__dbt_daily) - [4daed8617553|481]: It took 0.0713s to build the Airflow DAG.","logger":"cosmos.converter","filename":"converter.py","lineno":423}
{"timestamp":"2026-09-06T10:36:48.751969Z","level":"info","event":"::endgroup::Cosmos DAG parsing logs","logger":"cosmos.converter","filename":"converter.py","lineno":430}
{"timestamp":"2026-09-06T10:36:48.752576Z","level":"warning","event":"Using Variable.get from `airflow.models` is deprecated.Please use `get` on Variable from sdk(`airflow.sdk.Variable`) instead","category":"UserWarning","filename":"/home/airflow/.local/lib/python3.13/site-packages/airflow/models/variable.py","lineno":158,"logger":"py.warnings"}
{"timestamp":"2026-09-06T10:37:19.399400Z","level":"info","event":"Filling up the DagBag from /opt/airflow/dags/verdanta_daily.py","logger":"airflow.dag_processing.dagbag.BundleDagBag","filename":"dagbag.py","lineno":469}
{"timestamp":"2026-09-06T10:37:19.463313Z","level":"info","event":"::group::Cosmos DAG parsing logs","logger":"cosmos.converter","filename":"converter.py","lineno":321}
{"timestamp":"2026-09-06T10:37:19.467236Z","level":"info","event":"Cosmos cache dir resolved to /tmp/cosmos/verdanta_daily__dbt_daily","logger":"cosmos.converter","filename":"converter.py","lineno":346}
{"timestamp":"2026-09-06T10:37:19.467485Z","level":"info","event":"Trying to parse the dbt project using dbt ls cache cosmos_cache__verdanta_daily__dbt_daily...","logger":"cosmos.dbt.graph","filename":"graph.py","lineno":869}
{"timestamp":"2026-09-06T10:37:19.600756Z","level":"info","event":"Cosmos performance: time to calculate cache identifier cosmos_cache__verdanta_daily__dbt_daily for current version: 0.11890110000001641","logger":"cosmos.cache","filename":"cache.py","lineno":401}
{"timestamp":"2026-09-06T10:37:19.601010Z","level":"info","event":"Cosmos performance [4daed8617553|517]: The cache size for cosmos_cache__verdanta_daily__dbt_daily is 81420","logger":"cosmos.dbt.graph","filename":"graph.py","lineno":886}
{"timestamp":"2026-09-06T10:37:19.603233Z","level":"info","event":"Cosmos performance: Cache hit for cosmos_cache__verdanta_daily__dbt_daily - cec7d2b2130ad93ca8be26282ae433fd,f50552a3029f27b43be4a74a78877897","logger":"cosmos.dbt.graph","filename":"graph.py","lineno":898}
{"timestamp":"2026-09-06T10:37:19.603491Z","level":"info","event":"Total nodes: 91","logger":"cosmos.dbt.graph","filename":"graph.py","lineno":799}
{"timestamp":"2026-09-06T10:37:19.603566Z","level":"info","event":"Total filtered nodes: 91","logger":"cosmos.dbt.graph","filename":"graph.py","lineno":800}
{"timestamp":"2026-09-06T10:37:19.603634Z","level":"info","event":"Cosmos performance (verdanta_daily__dbt_daily) - [4daed8617553|517]: It took 0.136s to parse the dbt project for DAG using LoadMode.DBT_LS_CACHE","logger":"cosmos.converter","filename":"converter.py","lineno":371}
{"timestamp":"2026-09-06T10:37:19.682313Z","level":"info","event":"Cosmos performance (verdanta_daily__dbt_daily) - [4daed8617553|517]: It took 0.0786s to build the Airflow DAG.","logger":"cosmos.converter","filename":"converter.py","lineno":423}
{"timestamp":"2026-09-06T10:37:19.682539Z","level":"info","event":"::endgroup::Cosmos DAG parsing logs","logger":"cosmos.converter","filename":"converter.py","lineno":430}
{"timestamp":"2026-09-06T10:37:19.683330Z","level":"warning","event":"Using Variable.get from `airflow.models` is deprecated.Please use `get` on Variable from sdk(`airflow.sdk.Variable`) instead","category":"UserWarning","filename":"/home/airflow/.local/lib/python3.13/site-packages/airflow/models/variable.py","lineno":158,"logger":"py.warnings"}
{"timestamp":"2026-09-06T10:37:50.460615Z","level":"info","event":"Filling up the DagBag from /opt/airflow/dags/verdanta_daily.py","logger":"airflow.dag_processing.dagbag.BundleDagBag","filename":"dagbag.py","lineno":469}
{"timestamp":"2026-09-06T10:37:50.525191Z","level":"info","event":"::group::Cosmos DAG parsing logs","logger":"cosmos.converter","filename":"converter.py","lineno":321}
{"timestamp":"2026-09-06T10:37:50.529002Z","level":"info","event":"Cosmos cache dir resolved to /tmp/cosmos/verdanta_daily__dbt_daily","logger":"cosmos.converter","filename":"converter.py","lineno":346}
{"timestamp":"2026-09-06T10:37:50.529192Z","level":"info","event":"Trying to parse the dbt project using dbt ls cache cosmos_cache__verdanta_daily__dbt_daily...","logger":"cosmos.dbt.graph","filename":"graph.py","lineno":869}
{"timestamp":"2026-09-06T10:37:50.666360Z","level":"info","event":"Cosmos performance: time to calculate cache identifier cosmos_cache__verdanta_daily__dbt_daily for current version: 0.12251470299997891","logger":"cosmos.cache","filename":"cache.py","lineno":401}
{"timestamp":"2026-09-06T10:37:50.666578Z","level":"info","event":"Cosmos performance [4daed8617553|553]: The cache size for cosmos_cache__verdanta_daily__dbt_daily is 81420","logger":"cosmos.dbt.graph","filename":"graph.py","lineno":886}
{"timestamp":"2026-09-06T10:37:50.668613Z","level":"info","event":"Cosmos performance: Cache hit for cosmos_cache__verdanta_daily__dbt_daily - cec7d2b2130ad93ca8be26282ae433fd,f50552a3029f27b43be4a74a78877897","logger":"cosmos.dbt.graph","filename":"graph.py","lineno":898}
{"timestamp":"2026-09-06T10:37:50.668832Z","level":"info","event":"Total nodes: 91","logger":"cosmos.dbt.graph","filename":"graph.py","lineno":799}
{"timestamp":"2026-09-06T10:37:50.668904Z","level":"info","event":"Total filtered nodes: 91","logger":"cosmos.dbt.graph","filename":"graph.py","lineno":800}
{"timestamp":"2026-09-06T10:37:50.668979Z","level":"info","event":"Cosmos performance (verdanta_daily__dbt_daily) - [4daed8617553|553]: It took 0.14s to parse the dbt project for DAG using LoadMode.DBT_LS_CACHE","logger":"cosmos.converter","filename":"converter.py","lineno":371}
{"timestamp":"2026-09-06T10:37:50.741167Z","level":"info","event":"Cosmos performance (verdanta_daily__dbt_daily) - [4daed8617553|553]: It took 0.0721s to build the Airflow DAG.","logger":"cosmos.converter","filename":"converter.py","lineno":423}
{"timestamp":"2026-09-06T10:37:50.741335Z","level":"info","event":"::endgroup::Cosmos DAG parsing logs","logger":"cosmos.converter","filename":"converter.py","lineno":430}
{"timestamp":"2026-09-06T10:37:50.741863Z","level":"warning","event":"Using Variable.get from `airflow.models` is deprecated.Please use `get` on Variable from sdk(`airflow.sdk.Variable`) instead","category":"UserWarning","filename":"/home/airflow/.local/lib/python3.13/site-packages/airflow/models/variable.py","lineno":158,"logger":"py.warnings"}
{"timestamp":"2026-09-06T10:38:21.336924Z","level":"info","event":"Filling up the DagBag from /opt/airflow/dags/verdanta_daily.py","logger":"airflow.dag_processing.dagbag.BundleDagBag","filename":"dagbag.py","lineno":469}
{"timestamp":"2026-09-06T10:38:21.417127Z","level":"info","event":"::group::Cosmos DAG parsing logs","logger":"cosmos.converter","filename":"converter.py","lineno":321}
{"timestamp":"2026-09-06T10:38:21.421581Z","level":"info","event":"Cosmos cache dir resolved to /tmp/cosmos/verdanta_daily__dbt_daily","logger":"cosmos.converter","filename":"converter.py","lineno":346}
{"timestamp":"2026-09-06T10:38:21.421861Z","level":"info","event":"Trying to parse the dbt project using dbt ls cache cosmos_cache__verdanta_daily__dbt_daily...","logger":"cosmos.dbt.graph","filename":"graph.py","lineno":869}
{"timestamp":"2026-09-06T10:38:21.567929Z","level":"info","event":"Cosmos performance: time to calculate cache identifier cosmos_cache__verdanta_daily__dbt_daily for current version: 0.1258676809999315","logger":"cosmos.cache","filename":"cache.py","lineno":401}
{"timestamp":"2026-09-06T10:38:21.568160Z","level":"info","event":"Cosmos performance [4daed8617553|588]: The cache size for cosmos_cache__verdanta_daily__dbt_daily is 81420","logger":"cosmos.dbt.graph","filename":"graph.py","lineno":886}
{"timestamp":"2026-09-06T10:38:21.571973Z","level":"info","event":"Cosmos performance: Cache hit for cosmos_cache__verdanta_daily__dbt_daily - cec7d2b2130ad93ca8be26282ae433fd,f50552a3029f27b43be4a74a78877897","logger":"cosmos.dbt.graph","filename":"graph.py","lineno":898}
{"timestamp":"2026-09-06T10:38:21.572214Z","level":"info","event":"Total nodes: 91","logger":"cosmos.dbt.graph","filename":"graph.py","lineno":799}
{"timestamp":"2026-09-06T10:38:21.572297Z","level":"info","event":"Total filtered nodes: 91","logger":"cosmos.dbt.graph","filename":"graph.py","lineno":800}
{"timestamp":"2026-09-06T10:38:21.572372Z","level":"info","event":"Cosmos performance (verdanta_daily__dbt_daily) - [4daed8617553|588]: It took 0.151s to parse the dbt project for DAG using LoadMode.DBT_LS_CACHE","logger":"cosmos.converter","filename":"converter.py","lineno":371}
{"timestamp":"2026-09-06T10:38:21.646016Z","level":"info","event":"Cosmos performance (verdanta_daily__dbt_daily) - [4daed8617553|588]: It took 0.0736s to build the Airflow DAG.","logger":"cosmos.converter","filename":"converter.py","lineno":423}
{"timestamp":"2026-09-06T10:38:21.646277Z","level":"info","event":"::endgroup::Cosmos DAG parsing logs","logger":"cosmos.converter","filename":"converter.py","lineno":430}
{"timestamp":"2026-09-06T10:38:21.646923Z","level":"warning","event":"Using Variable.get from `airflow.models` is deprecated.Please use `get` on Variable from sdk(`airflow.sdk.Variable`) instead","category":"UserWarning","filename":"/home/airflow/.local/lib/python3.13/site-packages/airflow/models/variable.py","lineno":158,"logger":"py.warnings"}
{"timestamp":"2026-09-06T10:38:51.786188Z","level":"info","event":"Filling up the DagBag from /opt/airflow/dags/verdanta_daily.py","logger":"airflow.dag_processing.dagbag.BundleDagBag","filename":"dagbag.py","lineno":469}
{"timestamp":"2026-09-06T10:38:51.857840Z","level":"info","event":"::group::Cosmos DAG parsing logs","logger":"cosmos.converter","filename":"converter.py","lineno":321}
{"timestamp":"2026-09-06T10:38:51.861206Z","level":"info","event":"Cosmos cache dir resolved to /tmp/cosmos/verdanta_daily__dbt_daily","logger":"cosmos.converter","filename":"converter.py","lineno":346}
{"timestamp":"2026-09-06T10:38:51.861416Z","level":"info","event":"Trying to parse the dbt project using dbt ls cache cosmos_cache__verdanta_daily__dbt_daily...","logger":"cosmos.dbt.graph","filename":"graph.py","lineno":869}
{"timestamp":"2026-09-06T10:38:52.021118Z","level":"info","event":"Cosmos performance: time to calculate cache identifier cosmos_cache__verdanta_daily__dbt_daily for current version: 0.14160390200004258","logger":"cosmos.cache","filename":"cache.py","lineno":401}
{"timestamp":"2026-09-06T10:38:52.021366Z","level":"info","event":"Cosmos performance [4daed8617553|617]: The cache size for cosmos_cache__verdanta_daily__dbt_daily is 81420","logger":"cosmos.dbt.graph","filename":"graph.py","lineno":886}
{"timestamp":"2026-09-06T10:38:52.023865Z","level":"info","event":"Cosmos performance: Cache hit for cosmos_cache__verdanta_daily__dbt_daily - cec7d2b2130ad93ca8be26282ae433fd,f50552a3029f27b43be4a74a78877897","logger":"cosmos.dbt.graph","filename":"graph.py","lineno":898}
{"timestamp":"2026-09-06T10:38:52.024131Z","level":"info","event":"Total nodes: 91","logger":"cosmos.dbt.graph","filename":"graph.py","lineno":799}
{"timestamp":"2026-09-06T10:38:52.024218Z","level":"info","event":"Total filtered nodes: 91","logger":"cosmos.dbt.graph","filename":"graph.py","lineno":800}
{"timestamp":"2026-09-06T10:38:52.024298Z","level":"info","event":"Cosmos performance (verdanta_daily__dbt_daily) - [4daed8617553|617]: It took 0.163s to parse the dbt project for DAG using LoadMode.DBT_LS_CACHE","logger":"cosmos.converter","filename":"converter.py","lineno":371}
{"timestamp":"2026-09-06T10:38:52.106048Z","level":"info","event":"Cosmos performance (verdanta_daily__dbt_daily) - [4daed8617553|617]: It took 0.0816s to build the Airflow DAG.","logger":"cosmos.converter","filename":"converter.py","lineno":423}
{"timestamp":"2026-09-06T10:38:52.106246Z","level":"info","event":"::endgroup::Cosmos DAG parsing logs","logger":"cosmos.converter","filename":"converter.py","lineno":430}
{"timestamp":"2026-09-06T10:38:52.106899Z","level":"warning","event":"Using Variable.get from `airflow.models` is deprecated.Please use `get` on Variable from sdk(`airflow.sdk.Variable`) instead","category":"UserWarning","filename":"/home/airflow/.local/lib/python3.13/site-packages/airflow/models/variable.py","lineno":158,"logger":"py.warnings"}
{"timestamp":"2026-09-06T10:39:23.128332Z","level":"info","event":"Filling up the DagBag from /opt/airflow/dags/verdanta_daily.py","logger":"airflow.dag_processing.dagbag.BundleDagBag","filename":"dagbag.py","lineno":469}
{"timestamp":"2026-09-06T10:39:23.211920Z","level":"info","event":"::group::Cosmos DAG parsing logs","logger":"cosmos.converter","filename":"converter.py","lineno":321}
{"timestamp":"2026-09-06T10:39:23.216199Z","level":"info","event":"Cosmos cache dir resolved to /tmp/cosmos/verdanta_daily__dbt_daily","logger":"cosmos.converter","filename":"converter.py","lineno":346}
{"timestamp":"2026-09-06T10:39:23.216452Z","level":"info","event":"Trying to parse the dbt project using dbt ls cache cosmos_cache__verdanta_daily__dbt_daily...","logger":"cosmos.dbt.graph","filename":"graph.py","lineno":869}
{"timestamp":"2026-09-06T10:39:23.359831Z","level":"info","event":"Cosmos performance: time to calculate cache identifier cosmos_cache__verdanta_daily__dbt_daily for current version: 0.12824353499991048","logger":"cosmos.cache","filename":"cache.py","lineno":401}
{"timestamp":"2026-09-06T10:39:23.360041Z","level":"info","event":"Cosmos performance [4daed8617553|634]: The cache size for cosmos_cache__verdanta_daily__dbt_daily is 81420","logger":"cosmos.dbt.graph","filename":"graph.py","lineno":886}
{"timestamp":"2026-09-06T10:39:23.363129Z","level":"info","event":"Cosmos performance: Cache hit for cosmos_cache__verdanta_daily__dbt_daily - cec7d2b2130ad93ca8be26282ae433fd,f50552a3029f27b43be4a74a78877897","logger":"cosmos.dbt.graph","filename":"graph.py","lineno":898}
{"timestamp":"2026-09-06T10:39:23.363480Z","level":"info","event":"Total nodes: 91","logger":"cosmos.dbt.graph","filename":"graph.py","lineno":799}
{"timestamp":"2026-09-06T10:39:23.363603Z","level":"info","event":"Total filtered nodes: 91","logger":"cosmos.dbt.graph","filename":"graph.py","lineno":800}
{"timestamp":"2026-09-06T10:39:23.363705Z","level":"info","event":"Cosmos performance (verdanta_daily__dbt_daily) - [4daed8617553|634]: It took 0.147s to parse the dbt project for DAG using LoadMode.DBT_LS_CACHE","logger":"cosmos.converter","filename":"converter.py","lineno":371}
{"timestamp":"2026-09-06T10:39:23.437705Z","level":"info","event":"Cosmos performance (verdanta_daily__dbt_daily) - [4daed8617553|634]: It took 0.074s to build the Airflow DAG.","logger":"cosmos.converter","filename":"converter.py","lineno":423}
{"timestamp":"2026-09-06T10:39:23.437882Z","level":"info","event":"::endgroup::Cosmos DAG parsing logs","logger":"cosmos.converter","filename":"converter.py","lineno":430}
{"timestamp":"2026-09-06T10:39:23.438473Z","level":"warning","event":"Using Variable.get from `airflow.models` is deprecated.Please use `get` on Variable from sdk(`airflow.sdk.Variable`) instead","category":"UserWarning","filename":"/home/airflow/.local/lib/python3.13/site-packages/airflow/models/variable.py","lineno":158,"logger":"py.warnings"}
{"timestamp":"2026-09-06T10:39:54.260950Z","level":"info","event":"Filling up the DagBag from /opt/airflow/dags/verdanta_daily.py","logger":"airflow.dag_processing.dagbag.BundleDagBag","filename":"dagbag.py","lineno":469}
{"timestamp":"2026-09-06T10:39:54.332787Z","level":"info","event":"::group::Cosmos DAG parsing logs","logger":"cosmos.converter","filename":"converter.py","lineno":321}
{"timestamp":"2026-09-06T10:39:54.336841Z","level":"info","event":"Cosmos cache dir resolved to /tmp/cosmos/verdanta_daily__dbt_daily","logger":"cosmos.converter","filename":"converter.py","lineno":346}
{"timestamp":"2026-09-06T10:39:54.337130Z","level":"info","event":"Trying to parse the dbt project using dbt ls cache cosmos_cache__verdanta_daily__dbt_daily...","logger":"cosmos.dbt.graph","filename":"graph.py","lineno":869}
{"timestamp":"2026-09-06T10:39:54.477649Z","level":"info","event":"Cosmos performance: time to calculate cache identifier cosmos_cache__verdanta_daily__dbt_daily for current version: 0.12224233599999934","logger":"cosmos.cache","filename":"cache.py","lineno":401}
{"timestamp":"2026-09-06T10:39:54.477898Z","level":"info","event":"Cosmos performance [4daed8617553|667]: The cache size for cosmos_cache__verdanta_daily__dbt_daily is 81420","logger":"cosmos.dbt.graph","filename":"graph.py","lineno":886}
{"timestamp":"2026-09-06T10:39:54.481085Z","level":"info","event":"Cosmos performance: Cache hit for cosmos_cache__verdanta_daily__dbt_daily - cec7d2b2130ad93ca8be26282ae433fd,f50552a3029f27b43be4a74a78877897","logger":"cosmos.dbt.graph","filename":"graph.py","lineno":898}
{"timestamp":"2026-09-06T10:39:54.481317Z","level":"info","event":"Total nodes: 91","logger":"cosmos.dbt.graph","filename":"graph.py","lineno":799}
{"timestamp":"2026-09-06T10:39:54.481391Z","level":"info","event":"Total filtered nodes: 91","logger":"cosmos.dbt.graph","filename":"graph.py","lineno":800}
{"timestamp":"2026-09-06T10:39:54.481457Z","level":"info","event":"Cosmos performance (verdanta_daily__dbt_daily) - [4daed8617553|667]: It took 0.144s to parse the dbt project for DAG using LoadMode.DBT_LS_CACHE","logger":"cosmos.converter","filename":"converter.py","lineno":371}
{"timestamp":"2026-09-06T10:39:54.551470Z","level":"info","event":"Cosmos performance (verdanta_daily__dbt_daily) - [4daed8617553|667]: It took 0.07s to build the Airflow DAG.","logger":"cosmos.converter","filename":"converter.py","lineno":423}
{"timestamp":"2026-09-06T10:39:54.551663Z","level":"info","event":"::endgroup::Cosmos DAG parsing logs","logger":"cosmos.converter","filename":"converter.py","lineno":430}
{"timestamp":"2026-09-06T10:39:54.552277Z","level":"warning","event":"Using Variable.get from `airflow.models` is deprecated.Please use `get` on Variable from sdk(`airflow.sdk.Variable`) instead","category":"UserWarning","filename":"/home/airflow/.local/lib/python3.13/site-packages/airflow/models/variable.py","lineno":158,"logger":"py.warnings"}
{"timestamp":"2026-09-06T10:40:24.770721Z","level":"info","event":"Filling up the DagBag from /opt/airflow/dags/verdanta_daily.py","logger":"airflow.dag_processing.dagbag.BundleDagBag","filename":"dagbag.py","lineno":469}
{"timestamp":"2026-09-06T10:40:24.855091Z","level":"info","event":"::group::Cosmos DAG parsing logs","logger":"cosmos.converter","filename":"converter.py","lineno":321}
{"timestamp":"2026-09-06T10:40:24.859145Z","level":"info","event":"Cosmos cache dir resolved to /tmp/cosmos/verdanta_daily__dbt_daily","logger":"cosmos.converter","filename":"converter.py","lineno":346}
{"timestamp":"2026-09-06T10:40:24.859355Z","level":"info","event":"Trying to parse the dbt project using dbt ls cache cosmos_cache__verdanta_daily__dbt_daily...","logger":"cosmos.dbt.graph","filename":"graph.py","lineno":869}
{"timestamp":"2026-09-06T10:40:25.007544Z","level":"info","event":"Cosmos performance: time to calculate cache identifier cosmos_cache__verdanta_daily__dbt_daily for current version: 0.13073874800011254","logger":"cosmos.cache","filename":"cache.py","lineno":401}
{"timestamp":"2026-09-06T10:40:25.007771Z","level":"info","event":"Cosmos performance [4daed8617553|703]: The cache size for cosmos_cache__verdanta_daily__dbt_daily is 81420","logger":"cosmos.dbt.graph","filename":"graph.py","lineno":886}
{"timestamp":"2026-09-06T10:40:25.010791Z","level":"info","event":"Cosmos performance: Cache hit for cosmos_cache__verdanta_daily__dbt_daily - cec7d2b2130ad93ca8be26282ae433fd,f50552a3029f27b43be4a74a78877897","logger":"cosmos.dbt.graph","filename":"graph.py","lineno":898}
{"timestamp":"2026-09-06T10:40:25.011076Z","level":"info","event":"Total nodes: 91","logger":"cosmos.dbt.graph","filename":"graph.py","lineno":799}
{"timestamp":"2026-09-06T10:40:25.011164Z","level":"info","event":"Total filtered nodes: 91","logger":"cosmos.dbt.graph","filename":"graph.py","lineno":800}
{"timestamp":"2026-09-06T10:40:25.011237Z","level":"info","event":"Cosmos performance (verdanta_daily__dbt_daily) - [4daed8617553|703]: It took 0.152s to parse the dbt project for DAG using LoadMode.DBT_LS_CACHE","logger":"cosmos.converter","filename":"converter.py","lineno":371}
{"timestamp":"2026-09-06T10:40:25.089931Z","level":"info","event":"Cosmos performance (verdanta_daily__dbt_daily) - [4daed8617553|703]: It took 0.0784s to build the Airflow DAG.","logger":"cosmos.converter","filename":"converter.py","lineno":423}
{"timestamp":"2026-09-06T10:40:25.090601Z","level":"info","event":"::endgroup::Cosmos DAG parsing logs","logger":"cosmos.converter","filename":"converter.py","lineno":430}
{"timestamp":"2026-09-06T10:40:25.092126Z","level":"warning","event":"Using Variable.get from `airflow.models` is deprecated.Please use `get` on Variable from sdk(`airflow.sdk.Variable`) instead","category":"UserWarning","filename":"/home/airflow/.local/lib/python3.13/site-packages/airflow/models/variable.py","lineno":158,"logger":"py.warnings"}
{"timestamp":"2026-09-06T10:40:55.427781Z","level":"info","event":"Filling up the DagBag from /opt/airflow/dags/verdanta_daily.py","logger":"airflow.dag_processing.dagbag.BundleDagBag","filename":"dagbag.py","lineno":469}
{"timestamp":"2026-09-06T10:40:55.496739Z","level":"info","event":"::group::Cosmos DAG parsing logs","logger":"cosmos.converter","filename":"converter.py","lineno":321}
{"timestamp":"2026-09-06T10:40:55.500071Z","level":"info","event":"Cosmos cache dir resolved to /tmp/cosmos/verdanta_daily__dbt_daily","logger":"cosmos.converter","filename":"converter.py","lineno":346}
{"timestamp":"2026-09-06T10:40:55.500276Z","level":"info","event":"Trying to parse the dbt project using dbt ls cache cosmos_cache__verdanta_daily__dbt_daily...","logger":"cosmos.dbt.graph","filename":"graph.py","lineno":869}
{"timestamp":"2026-09-06T10:40:55.647709Z","level":"info","event":"Cosmos performance: time to calculate cache identifier cosmos_cache__verdanta_daily__dbt_daily for current version: 0.12856792899992797","logger":"cosmos.cache","filename":"cache.py","lineno":401}
{"timestamp":"2026-09-06T10:40:55.647954Z","level":"info","event":"Cosmos performance [4daed8617553|739]: The cache size for cosmos_cache__verdanta_daily__dbt_daily is 81420","logger":"cosmos.dbt.graph","filename":"graph.py","lineno":886}
{"timestamp":"2026-09-06T10:40:55.651274Z","level":"info","event":"Cosmos performance: Cache hit for cosmos_cache__verdanta_daily__dbt_daily - cec7d2b2130ad93ca8be26282ae433fd,f50552a3029f27b43be4a74a78877897","logger":"cosmos.dbt.graph","filename":"graph.py","lineno":898}
{"timestamp":"2026-09-06T10:40:55.651514Z","level":"info","event":"Total nodes: 91","logger":"cosmos.dbt.graph","filename":"graph.py","lineno":799}
{"timestamp":"2026-09-06T10:40:55.651578Z","level":"info","event":"Total filtered nodes: 91","logger":"cosmos.dbt.graph","filename":"graph.py","lineno":800}
{"timestamp":"2026-09-06T10:40:55.651642Z","level":"info","event":"Cosmos performance (verdanta_daily__dbt_daily) - [4daed8617553|739]: It took 0.151s to parse the dbt project for DAG using LoadMode.DBT_LS_CACHE","logger":"cosmos.converter","filename":"converter.py","lineno":371}
{"timestamp":"2026-09-06T10:40:55.730530Z","level":"info","event":"Cosmos performance (verdanta_daily__dbt_daily) - [4daed8617553|739]: It took 0.0788s to build the Airflow DAG.","logger":"cosmos.converter","filename":"converter.py","lineno":423}
{"timestamp":"2026-09-06T10:40:55.730701Z","level":"info","event":"::endgroup::Cosmos DAG parsing logs","logger":"cosmos.converter","filename":"converter.py","lineno":430}
{"timestamp":"2026-09-06T10:40:55.731269Z","level":"warning","event":"Using Variable.get from `airflow.models` is deprecated.Please use `get` on Variable from sdk(`airflow.sdk.Variable`) instead","category":"UserWarning","filename":"/home/airflow/.local/lib/python3.13/site-packages/airflow/models/variable.py","lineno":158,"logger":"py.warnings"}
{"timestamp":"2026-09-06T10:41:26.727003Z","level":"info","event":"Filling up the DagBag from /opt/airflow/dags/verdanta_daily.py","logger":"airflow.dag_processing.dagbag.BundleDagBag","filename":"dagbag.py","lineno":469}
{"timestamp":"2026-09-06T10:41:27.183298Z","level":"info","event":"::group::Cosmos DAG parsing logs","logger":"cosmos.converter","filename":"converter.py","lineno":321}
{"timestamp":"2026-09-06T10:41:27.186591Z","level":"info","event":"Cosmos cache dir resolved to /tmp/cosmos/verdanta_daily__dbt_daily","logger":"cosmos.converter","filename":"converter.py","lineno":346}
{"timestamp":"2026-09-06T10:41:27.186787Z","level":"info","event":"Trying to parse the dbt project using dbt ls cache cosmos_cache__verdanta_daily__dbt_daily...","logger":"cosmos.dbt.graph","filename":"graph.py","lineno":869}
{"timestamp":"2026-09-06T10:41:27.333333Z","level":"info","event":"Cosmos performance: time to calculate cache identifier cosmos_cache__verdanta_daily__dbt_daily for current version: 0.12564260800013471","logger":"cosmos.cache","filename":"cache.py","lineno":401}
{"timestamp":"2026-09-06T10:41:27.333583Z","level":"info","event":"Cosmos performance [4daed8617553|775]: The cache size for cosmos_cache__verdanta_daily__dbt_daily is 81420","logger":"cosmos.dbt.graph","filename":"graph.py","lineno":886}
{"timestamp":"2026-09-06T10:41:27.336178Z","level":"info","event":"Cosmos performance: Cache hit for cosmos_cache__verdanta_daily__dbt_daily - cec7d2b2130ad93ca8be26282ae433fd,f50552a3029f27b43be4a74a78877897","logger":"cosmos.dbt.graph","filename":"graph.py","lineno":898}
{"timestamp":"2026-09-06T10:41:27.336354Z","level":"info","event":"Total nodes: 91","logger":"cosmos.dbt.graph","filename":"graph.py","lineno":799}
{"timestamp":"2026-09-06T10:41:27.336415Z","level":"info","event":"Total filtered nodes: 91","logger":"cosmos.dbt.graph","filename":"graph.py","lineno":800}
{"timestamp":"2026-09-06T10:41:27.336479Z","level":"info","event":"Cosmos performance (verdanta_daily__dbt_daily) - [4daed8617553|775]: It took 0.15s to parse the dbt project for DAG using LoadMode.DBT_LS_CACHE","logger":"cosmos.converter","filename":"converter.py","lineno":371}
{"timestamp":"2026-09-06T10:41:27.407136Z","level":"info","event":"Cosmos performance (verdanta_daily__dbt_daily) - [4daed8617553|775]: It took 0.0706s to build the Airflow DAG.","logger":"cosmos.converter","filename":"converter.py","lineno":423}
{"timestamp":"2026-09-06T10:41:27.407325Z","level":"info","event":"::endgroup::Cosmos DAG parsing logs","logger":"cosmos.converter","filename":"converter.py","lineno":430}
{"timestamp":"2026-09-06T10:41:27.408005Z","level":"warning","event":"Using Variable.get from `airflow.models` is deprecated.Please use `get` on Variable from sdk(`airflow.sdk.Variable`) instead","category":"UserWarning","filename":"/home/airflow/.local/lib/python3.13/site-packages/airflow/models/variable.py","lineno":158,"logger":"py.warnings"}
{"timestamp":"2026-09-06T10:41:58.183327Z","level":"info","event":"Filling up the DagBag from /opt/airflow/dags/verdanta_daily.py","logger":"airflow.dag_processing.dagbag.BundleDagBag","filename":"dagbag.py","lineno":469}
{"timestamp":"2026-09-06T10:41:58.263176Z","level":"info","event":"::group::Cosmos DAG parsing logs","logger":"cosmos.converter","filename":"converter.py","lineno":321}
{"timestamp":"2026-09-06T10:41:58.267539Z","level":"info","event":"Cosmos cache dir resolved to /tmp/cosmos/verdanta_daily__dbt_daily","logger":"cosmos.converter","filename":"converter.py","lineno":346}
{"timestamp":"2026-09-06T10:41:58.267746Z","level":"info","event":"Trying to parse the dbt project using dbt ls cache cosmos_cache__verdanta_daily__dbt_daily...","logger":"cosmos.dbt.graph","filename":"graph.py","lineno":869}
{"timestamp":"2026-09-06T10:41:58.416403Z","level":"info","event":"Cosmos performance: time to calculate cache identifier cosmos_cache__verdanta_daily__dbt_daily for current version: 0.13211134100015443","logger":"cosmos.cache","filename":"cache.py","lineno":401}
{"timestamp":"2026-09-06T10:41:58.416681Z","level":"info","event":"Cosmos performance [4daed8617553|808]: The cache size for cosmos_cache__verdanta_daily__dbt_daily is 81420","logger":"cosmos.dbt.graph","filename":"graph.py","lineno":886}
{"timestamp":"2026-09-06T10:41:58.419003Z","level":"info","event":"Cosmos performance: Cache hit for cosmos_cache__verdanta_daily__dbt_daily - cec7d2b2130ad93ca8be26282ae433fd,f50552a3029f27b43be4a74a78877897","logger":"cosmos.dbt.graph","filename":"graph.py","lineno":898}
{"timestamp":"2026-09-06T10:41:58.419172Z","level":"info","event":"Total nodes: 91","logger":"cosmos.dbt.graph","filename":"graph.py","lineno":799}
{"timestamp":"2026-09-06T10:41:58.419229Z","level":"info","event":"Total filtered nodes: 91","logger":"cosmos.dbt.graph","filename":"graph.py","lineno":800}
{"timestamp":"2026-09-06T10:41:58.419293Z","level":"info","event":"Cosmos performance (verdanta_daily__dbt_daily) - [4daed8617553|808]: It took 0.152s to parse the dbt project for DAG using LoadMode.DBT_LS_CACHE","logger":"cosmos.converter","filename":"converter.py","lineno":371}
{"timestamp":"2026-09-06T10:41:58.494087Z","level":"info","event":"Cosmos performance (verdanta_daily__dbt_daily) - [4daed8617553|808]: It took 0.0747s to build the Airflow DAG.","logger":"cosmos.converter","filename":"converter.py","lineno":423}
{"timestamp":"2026-09-06T10:41:58.494258Z","level":"info","event":"::endgroup::Cosmos DAG parsing logs","logger":"cosmos.converter","filename":"converter.py","lineno":430}
{"timestamp":"2026-09-06T10:41:58.494883Z","level":"warning","event":"Using Variable.get from `airflow.models` is deprecated.Please use `get` on Variable from sdk(`airflow.sdk.Variable`) instead","category":"UserWarning","filename":"/home/airflow/.local/lib/python3.13/site-packages/airflow/models/variable.py","lineno":158,"logger":"py.warnings"}
{"timestamp":"2026-09-06T10:42:29.505747Z","level":"info","event":"Filling up the DagBag from /opt/airflow/dags/verdanta_daily.py","logger":"airflow.dag_processing.dagbag.BundleDagBag","filename":"dagbag.py","lineno":469}
{"timestamp":"2026-09-06T10:42:29.573423Z","level":"info","event":"::group::Cosmos DAG parsing logs","logger":"cosmos.converter","filename":"converter.py","lineno":321}
{"timestamp":"2026-09-06T10:42:29.576609Z","level":"info","event":"Cosmos cache dir resolved to /tmp/cosmos/verdanta_daily__dbt_daily","logger":"cosmos.converter","filename":"converter.py","lineno":346}
{"timestamp":"2026-09-06T10:42:29.576827Z","level":"info","event":"Trying to parse the dbt project using dbt ls cache cosmos_cache__verdanta_daily__dbt_daily...","logger":"cosmos.dbt.graph","filename":"graph.py","lineno":869}
{"timestamp":"2026-09-06T10:42:29.717554Z","level":"info","event":"Cosmos performance: time to calculate cache identifier cosmos_cache__verdanta_daily__dbt_daily for current version: 0.12329739500000869","logger":"cosmos.cache","filename":"cache.py","lineno":401}
{"timestamp":"2026-09-06T10:42:29.717774Z","level":"info","event":"Cosmos performance [4daed8617553|825]: The cache size for cosmos_cache__verdanta_daily__dbt_daily is 81420","logger":"cosmos.dbt.graph","filename":"graph.py","lineno":886}
{"timestamp":"2026-09-06T10:42:29.720516Z","level":"info","event":"Cosmos performance: Cache hit for cosmos_cache__verdanta_daily__dbt_daily - cec7d2b2130ad93ca8be26282ae433fd,f50552a3029f27b43be4a74a78877897","logger":"cosmos.dbt.graph","filename":"graph.py","lineno":898}
{"timestamp":"2026-09-06T10:42:29.720750Z","level":"info","event":"Total nodes: 91","logger":"cosmos.dbt.graph","filename":"graph.py","lineno":799}
{"timestamp":"2026-09-06T10:42:29.720822Z","level":"info","event":"Total filtered nodes: 91","logger":"cosmos.dbt.graph","filename":"graph.py","lineno":800}
{"timestamp":"2026-09-06T10:42:29.720891Z","level":"info","event":"Cosmos performance (verdanta_daily__dbt_daily) - [4daed8617553|825]: It took 0.144s to parse the dbt project for DAG using LoadMode.DBT_LS_CACHE","logger":"cosmos.converter","filename":"converter.py","lineno":371}
{"timestamp":"2026-09-06T10:42:29.792625Z","level":"info","event":"Cosmos performance (verdanta_daily__dbt_daily) - [4daed8617553|825]: It took 0.0717s to build the Airflow DAG.","logger":"cosmos.converter","filename":"converter.py","lineno":423}
{"timestamp":"2026-09-06T10:42:29.792806Z","level":"info","event":"::endgroup::Cosmos DAG parsing logs","logger":"cosmos.converter","filename":"converter.py","lineno":430}
{"timestamp":"2026-09-06T10:42:29.793311Z","level":"warning","event":"Using Variable.get from `airflow.models` is deprecated.Please use `get` on Variable from sdk(`airflow.sdk.Variable`) instead","category":"UserWarning","filename":"/home/airflow/.local/lib/python3.13/site-packages/airflow/models/variable.py","lineno":158,"logger":"py.warnings"}
{"timestamp":"2026-09-06T10:43:00.667400Z","level":"info","event":"Filling up the DagBag from /opt/airflow/dags/verdanta_daily.py","logger":"airflow.dag_processing.dagbag.BundleDagBag","filename":"dagbag.py","lineno":469}
{"timestamp":"2026-09-06T10:43:00.738674Z","level":"info","event":"::group::Cosmos DAG parsing logs","logger":"cosmos.converter","filename":"converter.py","lineno":321}
{"timestamp":"2026-09-06T10:43:00.742143Z","level":"info","event":"Cosmos cache dir resolved to /tmp/cosmos/verdanta_daily__dbt_daily","logger":"cosmos.converter","filename":"converter.py","lineno":346}
{"timestamp":"2026-09-06T10:43:00.742367Z","level":"info","event":"Trying to parse the dbt project using dbt ls cache cosmos_cache__verdanta_daily__dbt_daily...","logger":"cosmos.dbt.graph","filename":"graph.py","lineno":869}
{"timestamp":"2026-09-06T10:43:00.886142Z","level":"info","event":"Cosmos performance: time to calculate cache identifier cosmos_cache__verdanta_daily__dbt_daily for current version: 0.1262216550001085","logger":"cosmos.cache","filename":"cache.py","lineno":401}
{"timestamp":"2026-09-06T10:43:00.886368Z","level":"info","event":"Cosmos performance [4daed8617553|861]: The cache size for cosmos_cache__verdanta_daily__dbt_daily is 81420","logger":"cosmos.dbt.graph","filename":"graph.py","lineno":886}
{"timestamp":"2026-09-06T10:43:00.888533Z","level":"info","event":"Cosmos performance: Cache hit for cosmos_cache__verdanta_daily__dbt_daily - cec7d2b2130ad93ca8be26282ae433fd,f50552a3029f27b43be4a74a78877897","logger":"cosmos.dbt.graph","filename":"graph.py","lineno":898}
{"timestamp":"2026-09-06T10:43:00.888719Z","level":"info","event":"Total nodes: 91","logger":"cosmos.dbt.graph","filename":"graph.py","lineno":799}
{"timestamp":"2026-09-06T10:43:00.888777Z","level":"info","event":"Total filtered nodes: 91","logger":"cosmos.dbt.graph","filename":"graph.py","lineno":800}
{"timestamp":"2026-09-06T10:43:00.888844Z","level":"info","event":"Cosmos performance (verdanta_daily__dbt_daily) - [4daed8617553|861]: It took 0.147s to parse the dbt project for DAG using LoadMode.DBT_LS_CACHE","logger":"cosmos.converter","filename":"converter.py","lineno":371}
{"timestamp":"2026-09-06T10:43:00.962619Z","level":"info","event":"Cosmos performance (verdanta_daily__dbt_daily) - [4daed8617553|861]: It took 0.0737s to build the Airflow DAG.","logger":"cosmos.converter","filename":"converter.py","lineno":423}
{"timestamp":"2026-09-06T10:43:00.962796Z","level":"info","event":"::endgroup::Cosmos DAG parsing logs","logger":"cosmos.converter","filename":"converter.py","lineno":430}
{"timestamp":"2026-09-06T10:43:00.963366Z","level":"warning","event":"Using Variable.get from `airflow.models` is deprecated.Please use `get` on Variable from sdk(`airflow.sdk.Variable`) instead","category":"UserWarning","filename":"/home/airflow/.local/lib/python3.13/site-packages/airflow/models/variable.py","lineno":158,"logger":"py.warnings"}
{"timestamp":"2026-09-06T10:43:31.852338Z","level":"info","event":"Filling up the DagBag from /opt/airflow/dags/verdanta_daily.py","logger":"airflow.dag_processing.dagbag.BundleDagBag","filename":"dagbag.py","lineno":469}
{"timestamp":"2026-09-06T10:43:31.918143Z","level":"info","event":"::group::Cosmos DAG parsing logs","logger":"cosmos.converter","filename":"converter.py","lineno":321}
{"timestamp":"2026-09-06T10:43:31.921422Z","level":"info","event":"Cosmos cache dir resolved to /tmp/cosmos/verdanta_daily__dbt_daily","logger":"cosmos.converter","filename":"converter.py","lineno":346}
{"timestamp":"2026-09-06T10:43:31.921648Z","level":"info","event":"Trying to parse the dbt project using dbt ls cache cosmos_cache__verdanta_daily__dbt_daily...","logger":"cosmos.dbt.graph","filename":"graph.py","lineno":869}
{"timestamp":"2026-09-06T10:43:32.074826Z","level":"info","event":"Cosmos performance: time to calculate cache identifier cosmos_cache__verdanta_daily__dbt_daily for current version: 0.13630328600015673","logger":"cosmos.cache","filename":"cache.py","lineno":401}
{"timestamp":"2026-09-06T10:43:32.075171Z","level":"info","event":"Cosmos performance [4daed8617553|897]: The cache size for cosmos_cache__verdanta_daily__dbt_daily is 81420","logger":"cosmos.dbt.graph","filename":"graph.py","lineno":886}
{"timestamp":"2026-09-06T10:43:32.078023Z","level":"info","event":"Cosmos performance: Cache hit for cosmos_cache__verdanta_daily__dbt_daily - cec7d2b2130ad93ca8be26282ae433fd,f50552a3029f27b43be4a74a78877897","logger":"cosmos.dbt.graph","filename":"graph.py","lineno":898}
{"timestamp":"2026-09-06T10:43:32.078284Z","level":"info","event":"Total nodes: 91","logger":"cosmos.dbt.graph","filename":"graph.py","lineno":799}
{"timestamp":"2026-09-06T10:43:32.078360Z","level":"info","event":"Total filtered nodes: 91","logger":"cosmos.dbt.graph","filename":"graph.py","lineno":800}
{"timestamp":"2026-09-06T10:43:32.078433Z","level":"info","event":"Cosmos performance (verdanta_daily__dbt_daily) - [4daed8617553|897]: It took 0.157s to parse the dbt project for DAG using LoadMode.DBT_LS_CACHE","logger":"cosmos.converter","filename":"converter.py","lineno":371}
{"timestamp":"2026-09-06T10:43:32.154959Z","level":"info","event":"Cosmos performance (verdanta_daily__dbt_daily) - [4daed8617553|897]: It took 0.0765s to build the Airflow DAG.","logger":"cosmos.converter","filename":"converter.py","lineno":423}
{"timestamp":"2026-09-06T10:43:32.155152Z","level":"info","event":"::endgroup::Cosmos DAG parsing logs","logger":"cosmos.converter","filename":"converter.py","lineno":430}
{"timestamp":"2026-09-06T10:43:32.155779Z","level":"warning","event":"Using Variable.get from `airflow.models` is deprecated.Please use `get` on Variable from sdk(`airflow.sdk.Variable`) instead","category":"UserWarning","filename":"/home/airflow/.local/lib/python3.13/site-packages/airflow/models/variable.py","lineno":158,"logger":"py.warnings"}
{"timestamp":"2026-09-06T10:44:02.538691Z","level":"info","event":"Filling up the DagBag from /opt/airflow/dags/verdanta_daily.py","logger":"airflow.dag_processing.dagbag.BundleDagBag","filename":"dagbag.py","lineno":469}
{"timestamp":"2026-09-06T10:44:02.610231Z","level":"info","event":"::group::Cosmos DAG parsing logs","logger":"cosmos.converter","filename":"converter.py","lineno":321}
{"timestamp":"2026-09-06T10:44:02.613718Z","level":"info","event":"Cosmos cache dir resolved to /tmp/cosmos/verdanta_daily__dbt_daily","logger":"cosmos.converter","filename":"converter.py","lineno":346}
{"timestamp":"2026-09-06T10:44:02.613972Z","level":"info","event":"Trying to parse the dbt project using dbt ls cache cosmos_cache__verdanta_daily__dbt_daily...","logger":"cosmos.dbt.graph","filename":"graph.py","lineno":869}
{"timestamp":"2026-09-06T10:44:02.765150Z","level":"info","event":"Cosmos performance: time to calculate cache identifier cosmos_cache__verdanta_daily__dbt_daily for current version: 0.13215309099996375","logger":"cosmos.cache","filename":"cache.py","lineno":401}
{"timestamp":"2026-09-06T10:44:02.765415Z","level":"info","event":"Cosmos performance [4daed8617553|933]: The cache size for cosmos_cache__verdanta_daily__dbt_daily is 81420","logger":"cosmos.dbt.graph","filename":"graph.py","lineno":886}
{"timestamp":"2026-09-06T10:44:02.768428Z","level":"info","event":"Cosmos performance: Cache hit for cosmos_cache__verdanta_daily__dbt_daily - cec7d2b2130ad93ca8be26282ae433fd,f50552a3029f27b43be4a74a78877897","logger":"cosmos.dbt.graph","filename":"graph.py","lineno":898}
{"timestamp":"2026-09-06T10:44:02.768937Z","level":"info","event":"Total nodes: 91","logger":"cosmos.dbt.graph","filename":"graph.py","lineno":799}
{"timestamp":"2026-09-06T10:44:02.769078Z","level":"info","event":"Total filtered nodes: 91","logger":"cosmos.dbt.graph","filename":"graph.py","lineno":800}
{"timestamp":"2026-09-06T10:44:02.769192Z","level":"info","event":"Cosmos performance (verdanta_daily__dbt_daily) - [4daed8617553|933]: It took 0.155s to parse the dbt project for DAG using LoadMode.DBT_LS_CACHE","logger":"cosmos.converter","filename":"converter.py","lineno":371}
{"timestamp":"2026-09-06T10:44:02.885208Z","level":"info","event":"Cosmos performance (verdanta_daily__dbt_daily) - [4daed8617553|933]: It took 0.116s to build the Airflow DAG.","logger":"cosmos.converter","filename":"converter.py","lineno":423}
{"timestamp":"2026-09-06T10:44:02.885408Z","level":"info","event":"::endgroup::Cosmos DAG parsing logs","logger":"cosmos.converter","filename":"converter.py","lineno":430}
{"timestamp":"2026-09-06T10:44:02.886113Z","level":"warning","event":"Using Variable.get from `airflow.models` is deprecated.Please use `get` on Variable from sdk(`airflow.sdk.Variable`) instead","category":"UserWarning","filename":"/home/airflow/.local/lib/python3.13/site-packages/airflow/models/variable.py","lineno":158,"logger":"py.warnings"}
{"timestamp":"2026-09-06T10:44:33.414545Z","level":"info","event":"Filling up the DagBag from /opt/airflow/dags/verdanta_daily.py","logger":"airflow.dag_processing.dagbag.BundleDagBag","filename":"dagbag.py","lineno":469}
{"timestamp":"2026-09-06T10:44:33.486191Z","level":"info","event":"::group::Cosmos DAG parsing logs","logger":"cosmos.converter","filename":"converter.py","lineno":321}
{"timestamp":"2026-09-06T10:44:33.489336Z","level":"info","event":"Cosmos cache dir resolved to /tmp/cosmos/verdanta_daily__dbt_daily","logger":"cosmos.converter","filename":"converter.py","lineno":346}
{"timestamp":"2026-09-06T10:44:33.489530Z","level":"info","event":"Trying to parse the dbt project using dbt ls cache cosmos_cache__verdanta_daily__dbt_daily...","logger":"cosmos.dbt.graph","filename":"graph.py","lineno":869}
{"timestamp":"2026-09-06T10:44:33.635497Z","level":"info","event":"Cosmos performance: time to calculate cache identifier cosmos_cache__verdanta_daily__dbt_daily for current version: 0.1296314619999066","logger":"cosmos.cache","filename":"cache.py","lineno":401}
{"timestamp":"2026-09-06T10:44:33.635794Z","level":"info","event":"Cosmos performance [4daed8617553|969]: The cache size for cosmos_cache__verdanta_daily__dbt_daily is 81420","logger":"cosmos.dbt.graph","filename":"graph.py","lineno":886}
{"timestamp":"2026-09-06T10:44:33.639073Z","level":"info","event":"Cosmos performance: Cache hit for cosmos_cache__verdanta_daily__dbt_daily - cec7d2b2130ad93ca8be26282ae433fd,f50552a3029f27b43be4a74a78877897","logger":"cosmos.dbt.graph","filename":"graph.py","lineno":898}
{"timestamp":"2026-09-06T10:44:33.639320Z","level":"info","event":"Total nodes: 91","logger":"cosmos.dbt.graph","filename":"graph.py","lineno":799}
{"timestamp":"2026-09-06T10:44:33.639420Z","level":"info","event":"Total filtered nodes: 91","logger":"cosmos.dbt.graph","filename":"graph.py","lineno":800}
{"timestamp":"2026-09-06T10:44:33.639489Z","level":"info","event":"Cosmos performance (verdanta_daily__dbt_daily) - [4daed8617553|969]: It took 0.15s to parse the dbt project for DAG using LoadMode.DBT_LS_CACHE","logger":"cosmos.converter","filename":"converter.py","lineno":371}
{"timestamp":"2026-09-06T10:44:33.716711Z","level":"info","event":"Cosmos performance (verdanta_daily__dbt_daily) - [4daed8617553|969]: It took 0.0772s to build the Airflow DAG.","logger":"cosmos.converter","filename":"converter.py","lineno":423}
{"timestamp":"2026-09-06T10:44:33.716928Z","level":"info","event":"::endgroup::Cosmos DAG parsing logs","logger":"cosmos.converter","filename":"converter.py","lineno":430}
{"timestamp":"2026-09-06T10:44:33.717536Z","level":"warning","event":"Using Variable.get from `airflow.models` is deprecated.Please use `get` on Variable from sdk(`airflow.sdk.Variable`) instead","category":"UserWarning","filename":"/home/airflow/.local/lib/python3.13/site-packages/airflow/models/variable.py","lineno":158,"logger":"py.warnings"}
{"timestamp":"2026-09-06T10:45:03.831123Z","level":"info","event":"Filling up the DagBag from /opt/airflow/dags/verdanta_daily.py","logger":"airflow.dag_processing.dagbag.BundleDagBag","filename":"dagbag.py","lineno":469}
{"timestamp":"2026-09-06T10:45:03.905058Z","level":"info","event":"::group::Cosmos DAG parsing logs","logger":"cosmos.converter","filename":"converter.py","lineno":321}
{"timestamp":"2026-09-06T10:45:03.909309Z","level":"info","event":"Cosmos cache dir resolved to /tmp/cosmos/verdanta_daily__dbt_daily","logger":"cosmos.converter","filename":"converter.py","lineno":346}
{"timestamp":"2026-09-06T10:45:03.909707Z","level":"info","event":"Trying to parse the dbt project using dbt ls cache cosmos_cache__verdanta_daily__dbt_daily...","logger":"cosmos.dbt.graph","filename":"graph.py","lineno":869}
{"timestamp":"2026-09-06T10:45:04.061003Z","level":"info","event":"Cosmos performance: time to calculate cache identifier cosmos_cache__verdanta_daily__dbt_daily for current version: 0.13272706900011144","logger":"cosmos.cache","filename":"cache.py","lineno":401}
{"timestamp":"2026-09-06T10:45:04.061309Z","level":"info","event":"Cosmos performance [4daed8617553|986]: The cache size for cosmos_cache__verdanta_daily__dbt_daily is 81420","logger":"cosmos.dbt.graph","filename":"graph.py","lineno":886}
{"timestamp":"2026-09-06T10:45:04.064339Z","level":"info","event":"Cosmos performance: Cache hit for cosmos_cache__verdanta_daily__dbt_daily - cec7d2b2130ad93ca8be26282ae433fd,f50552a3029f27b43be4a74a78877897","logger":"cosmos.dbt.graph","filename":"graph.py","lineno":898}
{"timestamp":"2026-09-06T10:45:04.064645Z","level":"info","event":"Total nodes: 91","logger":"cosmos.dbt.graph","filename":"graph.py","lineno":799}
{"timestamp":"2026-09-06T10:45:04.064731Z","level":"info","event":"Total filtered nodes: 91","logger":"cosmos.dbt.graph","filename":"graph.py","lineno":800}
{"timestamp":"2026-09-06T10:45:04.064803Z","level":"info","event":"Cosmos performance (verdanta_daily__dbt_daily) - [4daed8617553|986]: It took 0.155s to parse the dbt project for DAG using LoadMode.DBT_LS_CACHE","logger":"cosmos.converter","filename":"converter.py","lineno":371}
{"timestamp":"2026-09-06T10:45:04.140228Z","level":"info","event":"Cosmos performance (verdanta_daily__dbt_daily) - [4daed8617553|986]: It took 0.0754s to build the Airflow DAG.","logger":"cosmos.converter","filename":"converter.py","lineno":423}
{"timestamp":"2026-09-06T10:45:04.140396Z","level":"info","event":"::endgroup::Cosmos DAG parsing logs","logger":"cosmos.converter","filename":"converter.py","lineno":430}
{"timestamp":"2026-09-06T10:45:04.140961Z","level":"warning","event":"Using Variable.get from `airflow.models` is deprecated.Please use `get` on Variable from sdk(`airflow.sdk.Variable`) instead","category":"UserWarning","filename":"/home/airflow/.local/lib/python3.13/site-packages/airflow/models/variable.py","lineno":158,"logger":"py.warnings"}
{"timestamp":"2026-09-06T10:45:34.387195Z","level":"info","event":"Filling up the DagBag from /opt/airflow/dags/verdanta_daily.py","logger":"airflow.dag_processing.dagbag.BundleDagBag","filename":"dagbag.py","lineno":469}
{"timestamp":"2026-09-06T10:45:34.454781Z","level":"info","event":"::group::Cosmos DAG parsing logs","logger":"cosmos.converter","filename":"converter.py","lineno":321}
{"timestamp":"2026-09-06T10:45:34.458366Z","level":"info","event":"Cosmos cache dir resolved to /tmp/cosmos/verdanta_daily__dbt_daily","logger":"cosmos.converter","filename":"converter.py","lineno":346}
{"timestamp":"2026-09-06T10:45:34.458647Z","level":"info","event":"Trying to parse the dbt project using dbt ls cache cosmos_cache__verdanta_daily__dbt_daily...","logger":"cosmos.dbt.graph","filename":"graph.py","lineno":869}
{"timestamp":"2026-09-06T10:45:34.635987Z","level":"info","event":"Cosmos performance: time to calculate cache identifier cosmos_cache__verdanta_daily__dbt_daily for current version: 0.15378492299987556","logger":"cosmos.cache","filename":"cache.py","lineno":401}
{"timestamp":"2026-09-06T10:45:34.636282Z","level":"info","event":"Cosmos performance [4daed8617553|1019]: The cache size for cosmos_cache__verdanta_daily__dbt_daily is 81420","logger":"cosmos.dbt.graph","filename":"graph.py","lineno":886}
{"timestamp":"2026-09-06T10:45:34.639617Z","level":"info","event":"Cosmos performance: Cache hit for cosmos_cache__verdanta_daily__dbt_daily - cec7d2b2130ad93ca8be26282ae433fd,f50552a3029f27b43be4a74a78877897","logger":"cosmos.dbt.graph","filename":"graph.py","lineno":898}
{"timestamp":"2026-09-06T10:45:34.639925Z","level":"info","event":"Total nodes: 91","logger":"cosmos.dbt.graph","filename":"graph.py","lineno":799}
{"timestamp":"2026-09-06T10:45:34.640035Z","level":"info","event":"Total filtered nodes: 91","logger":"cosmos.dbt.graph","filename":"graph.py","lineno":800}
{"timestamp":"2026-09-06T10:45:34.640130Z","level":"info","event":"Cosmos performance (verdanta_daily__dbt_daily) - [4daed8617553|1019]: It took 0.182s to parse the dbt project for DAG using LoadMode.DBT_LS_CACHE","logger":"cosmos.converter","filename":"converter.py","lineno":371}
{"timestamp":"2026-09-06T10:45:34.731808Z","level":"info","event":"Cosmos performance (verdanta_daily__dbt_daily) - [4daed8617553|1019]: It took 0.0916s to build the Airflow DAG.","logger":"cosmos.converter","filename":"converter.py","lineno":423}
{"timestamp":"2026-09-06T10:45:34.732076Z","level":"info","event":"::endgroup::Cosmos DAG parsing logs","logger":"cosmos.converter","filename":"converter.py","lineno":430}
{"timestamp":"2026-09-06T10:45:34.733519Z","level":"warning","event":"Using Variable.get from `airflow.models` is deprecated.Please use `get` on Variable from sdk(`airflow.sdk.Variable`) instead","category":"UserWarning","filename":"/home/airflow/.local/lib/python3.13/site-packages/airflow/models/variable.py","lineno":158,"logger":"py.warnings"}
{"timestamp":"2026-09-06T10:46:05.805658Z","level":"info","event":"Filling up the DagBag from /opt/airflow/dags/verdanta_daily.py","logger":"airflow.dag_processing.dagbag.BundleDagBag","filename":"dagbag.py","lineno":469}
{"timestamp":"2026-09-06T10:46:05.884031Z","level":"info","event":"::group::Cosmos DAG parsing logs","logger":"cosmos.converter","filename":"converter.py","lineno":321}
{"timestamp":"2026-09-06T10:46:05.887995Z","level":"info","event":"Cosmos cache dir resolved to /tmp/cosmos/verdanta_daily__dbt_daily","logger":"cosmos.converter","filename":"converter.py","lineno":346}
{"timestamp":"2026-09-06T10:46:05.888279Z","level":"info","event":"Trying to parse the dbt project using dbt ls cache cosmos_cache__verdanta_daily__dbt_daily...","logger":"cosmos.dbt.graph","filename":"graph.py","lineno":869}
{"timestamp":"2026-09-06T10:46:06.034820Z","level":"info","event":"Cosmos performance: time to calculate cache identifier cosmos_cache__verdanta_daily__dbt_daily for current version: 0.13114236500018706","logger":"cosmos.cache","filename":"cache.py","lineno":401}
{"timestamp":"2026-09-06T10:46:06.035065Z","level":"info","event":"Cosmos performance [4daed8617553|1055]: The cache size for cosmos_cache__verdanta_daily__dbt_daily is 81420","logger":"cosmos.dbt.graph","filename":"graph.py","lineno":886}
{"timestamp":"2026-09-06T10:46:06.037422Z","level":"info","event":"Cosmos performance: Cache hit for cosmos_cache__verdanta_daily__dbt_daily - cec7d2b2130ad93ca8be26282ae433fd,f50552a3029f27b43be4a74a78877897","logger":"cosmos.dbt.graph","filename":"graph.py","lineno":898}
{"timestamp":"2026-09-06T10:46:06.037701Z","level":"info","event":"Total nodes: 91","logger":"cosmos.dbt.graph","filename":"graph.py","lineno":799}
{"timestamp":"2026-09-06T10:46:06.037782Z","level":"info","event":"Total filtered nodes: 91","logger":"cosmos.dbt.graph","filename":"graph.py","lineno":800}
{"timestamp":"2026-09-06T10:46:06.037856Z","level":"info","event":"Cosmos performance (verdanta_daily__dbt_daily) - [4daed8617553|1055]: It took 0.15s to parse the dbt project for DAG using LoadMode.DBT_LS_CACHE","logger":"cosmos.converter","filename":"converter.py","lineno":371}
{"timestamp":"2026-09-06T10:46:06.117721Z","level":"info","event":"Cosmos performance (verdanta_daily__dbt_daily) - [4daed8617553|1055]: It took 0.0798s to build the Airflow DAG.","logger":"cosmos.converter","filename":"converter.py","lineno":423}
{"timestamp":"2026-09-06T10:46:06.117900Z","level":"info","event":"::endgroup::Cosmos DAG parsing logs","logger":"cosmos.converter","filename":"converter.py","lineno":430}
{"timestamp":"2026-09-06T10:46:06.118509Z","level":"warning","event":"Using Variable.get from `airflow.models` is deprecated.Please use `get` on Variable from sdk(`airflow.sdk.Variable`) instead","category":"UserWarning","filename":"/home/airflow/.local/lib/python3.13/site-packages/airflow/models/variable.py","lineno":158,"logger":"py.warnings"}
{"timestamp":"2026-09-06T10:46:36.307022Z","level":"info","event":"Filling up the DagBag from /opt/airflow/dags/verdanta_daily.py","logger":"airflow.dag_processing.dagbag.BundleDagBag","filename":"dagbag.py","lineno":469}
{"timestamp":"2026-09-06T10:46:36.382964Z","level":"info","event":"::group::Cosmos DAG parsing logs","logger":"cosmos.converter","filename":"converter.py","lineno":321}
{"timestamp":"2026-09-06T10:46:36.386773Z","level":"info","event":"Cosmos cache dir resolved to /tmp/cosmos/verdanta_daily__dbt_daily","logger":"cosmos.converter","filename":"converter.py","lineno":346}
{"timestamp":"2026-09-06T10:46:36.386991Z","level":"info","event":"Trying to parse the dbt project using dbt ls cache cosmos_cache__verdanta_daily__dbt_daily...","logger":"cosmos.dbt.graph","filename":"graph.py","lineno":869}
{"timestamp":"2026-09-06T10:46:36.540258Z","level":"info","event":"Cosmos performance: time to calculate cache identifier cosmos_cache__verdanta_daily__dbt_daily for current version: 0.13791753600003176","logger":"cosmos.cache","filename":"cache.py","lineno":401}
{"timestamp":"2026-09-06T10:46:36.540479Z","level":"info","event":"Cosmos performance [4daed8617553|1090]: The cache size for cosmos_cache__verdanta_daily__dbt_daily is 81420","logger":"cosmos.dbt.graph","filename":"graph.py","lineno":886}
{"timestamp":"2026-09-06T10:46:36.543543Z","level":"info","event":"Cosmos performance: Cache hit for cosmos_cache__verdanta_daily__dbt_daily - cec7d2b2130ad93ca8be26282ae433fd,f50552a3029f27b43be4a74a78877897","logger":"cosmos.dbt.graph","filename":"graph.py","lineno":898}
{"timestamp":"2026-09-06T10:46:36.543755Z","level":"info","event":"Total nodes: 91","logger":"cosmos.dbt.graph","filename":"graph.py","lineno":799}
{"timestamp":"2026-09-06T10:46:36.543823Z","level":"info","event":"Total filtered nodes: 91","logger":"cosmos.dbt.graph","filename":"graph.py","lineno":800}
{"timestamp":"2026-09-06T10:46:36.543933Z","level":"info","event":"Cosmos performance (verdanta_daily__dbt_daily) - [4daed8617553|1090]: It took 0.157s to parse the dbt project for DAG using LoadMode.DBT_LS_CACHE","logger":"cosmos.converter","filename":"converter.py","lineno":371}
{"timestamp":"2026-09-06T10:46:36.620184Z","level":"info","event":"Cosmos performance (verdanta_daily__dbt_daily) - [4daed8617553|1090]: It took 0.0762s to build the Airflow DAG.","logger":"cosmos.converter","filename":"converter.py","lineno":423}
{"timestamp":"2026-09-06T10:46:36.620356Z","level":"info","event":"::endgroup::Cosmos DAG parsing logs","logger":"cosmos.converter","filename":"converter.py","lineno":430}
{"timestamp":"2026-09-06T10:46:36.621013Z","level":"warning","event":"Using Variable.get from `airflow.models` is deprecated.Please use `get` on Variable from sdk(`airflow.sdk.Variable`) instead","category":"UserWarning","filename":"/home/airflow/.local/lib/python3.13/site-packages/airflow/models/variable.py","lineno":158,"logger":"py.warnings"}
{"timestamp":"2026-09-06T10:47:07.054862Z","level":"info","event":"Filling up the DagBag from /opt/airflow/dags/verdanta_daily.py","logger":"airflow.dag_processing.dagbag.BundleDagBag","filename":"dagbag.py","lineno":469}
{"timestamp":"2026-09-06T10:47:07.122025Z","level":"info","event":"::group::Cosmos DAG parsing logs","logger":"cosmos.converter","filename":"converter.py","lineno":321}
{"timestamp":"2026-09-06T10:47:07.125762Z","level":"info","event":"Cosmos cache dir resolved to /tmp/cosmos/verdanta_daily__dbt_daily","logger":"cosmos.converter","filename":"converter.py","lineno":346}
{"timestamp":"2026-09-06T10:47:07.125955Z","level":"info","event":"Trying to parse the dbt project using dbt ls cache cosmos_cache__verdanta_daily__dbt_daily...","logger":"cosmos.dbt.graph","filename":"graph.py","lineno":869}
{"timestamp":"2026-09-06T10:47:07.272168Z","level":"info","event":"Cosmos performance: time to calculate cache identifier cosmos_cache__verdanta_daily__dbt_daily for current version: 0.13034469800004445","logger":"cosmos.cache","filename":"cache.py","lineno":401}
{"timestamp":"2026-09-06T10:47:07.272386Z","level":"info","event":"Cosmos performance [4daed8617553|1103]: The cache size for cosmos_cache__verdanta_daily__dbt_daily is 81420","logger":"cosmos.dbt.graph","filename":"graph.py","lineno":886}
{"timestamp":"2026-09-06T10:47:07.276775Z","level":"info","event":"Cosmos performance: Cache hit for cosmos_cache__verdanta_daily__dbt_daily - cec7d2b2130ad93ca8be26282ae433fd,f50552a3029f27b43be4a74a78877897","logger":"cosmos.dbt.graph","filename":"graph.py","lineno":898}
{"timestamp":"2026-09-06T10:47:07.277133Z","level":"info","event":"Total nodes: 91","logger":"cosmos.dbt.graph","filename":"graph.py","lineno":799}
{"timestamp":"2026-09-06T10:47:07.277230Z","level":"info","event":"Total filtered nodes: 91","logger":"cosmos.dbt.graph","filename":"graph.py","lineno":800}
{"timestamp":"2026-09-06T10:47:07.277349Z","level":"info","event":"Cosmos performance (verdanta_daily__dbt_daily) - [4daed8617553|1103]: It took 0.151s to parse the dbt project for DAG using LoadMode.DBT_LS_CACHE","logger":"cosmos.converter","filename":"converter.py","lineno":371}
{"timestamp":"2026-09-06T10:47:07.367404Z","level":"info","event":"Cosmos performance (verdanta_daily__dbt_daily) - [4daed8617553|1103]: It took 0.09s to build the Airflow DAG.","logger":"cosmos.converter","filename":"converter.py","lineno":423}
{"timestamp":"2026-09-06T10:47:07.367597Z","level":"info","event":"::endgroup::Cosmos DAG parsing logs","logger":"cosmos.converter","filename":"converter.py","lineno":430}
{"timestamp":"2026-09-06T10:47:07.368162Z","level":"warning","event":"Using Variable.get from `airflow.models` is deprecated.Please use `get` on Variable from sdk(`airflow.sdk.Variable`) instead","category":"UserWarning","filename":"/home/airflow/.local/lib/python3.13/site-packages/airflow/models/variable.py","lineno":158,"logger":"py.warnings"}
{"timestamp":"2026-09-06T10:47:38.414405Z","level":"info","event":"Filling up the DagBag from /opt/airflow/dags/verdanta_daily.py","logger":"airflow.dag_processing.dagbag.BundleDagBag","filename":"dagbag.py","lineno":469}
{"timestamp":"2026-09-06T10:47:38.492409Z","level":"info","event":"::group::Cosmos DAG parsing logs","logger":"cosmos.converter","filename":"converter.py","lineno":321}
{"timestamp":"2026-09-06T10:47:38.496288Z","level":"info","event":"Cosmos cache dir resolved to /tmp/cosmos/verdanta_daily__dbt_daily","logger":"cosmos.converter","filename":"converter.py","lineno":346}
{"timestamp":"2026-09-06T10:47:38.496536Z","level":"info","event":"Trying to parse the dbt project using dbt ls cache cosmos_cache__verdanta_daily__dbt_daily...","logger":"cosmos.dbt.graph","filename":"graph.py","lineno":869}
{"timestamp":"2026-09-06T10:47:38.641708Z","level":"info","event":"Cosmos performance: time to calculate cache identifier cosmos_cache__verdanta_daily__dbt_daily for current version: 0.12979574400014826","logger":"cosmos.cache","filename":"cache.py","lineno":401}
{"timestamp":"2026-09-06T10:47:38.642067Z","level":"info","event":"Cosmos performance [4daed8617553|1120]: The cache size for cosmos_cache__verdanta_daily__dbt_daily is 81420","logger":"cosmos.dbt.graph","filename":"graph.py","lineno":886}
{"timestamp":"2026-09-06T10:47:38.646368Z","level":"info","event":"Cosmos performance: Cache hit for cosmos_cache__verdanta_daily__dbt_daily - cec7d2b2130ad93ca8be26282ae433fd,f50552a3029f27b43be4a74a78877897","logger":"cosmos.dbt.graph","filename":"graph.py","lineno":898}
{"timestamp":"2026-09-06T10:47:38.646725Z","level":"info","event":"Total nodes: 91","logger":"cosmos.dbt.graph","filename":"graph.py","lineno":799}
{"timestamp":"2026-09-06T10:47:38.646833Z","level":"info","event":"Total filtered nodes: 91","logger":"cosmos.dbt.graph","filename":"graph.py","lineno":800}
{"timestamp":"2026-09-06T10:47:38.646910Z","level":"info","event":"Cosmos performance (verdanta_daily__dbt_daily) - [4daed8617553|1120]: It took 0.151s to parse the dbt project for DAG using LoadMode.DBT_LS_CACHE","logger":"cosmos.converter","filename":"converter.py","lineno":371}
{"timestamp":"2026-09-06T10:47:38.725355Z","level":"info","event":"Cosmos performance (verdanta_daily__dbt_daily) - [4daed8617553|1120]: It took 0.0784s to build the Airflow DAG.","logger":"cosmos.converter","filename":"converter.py","lineno":423}
{"timestamp":"2026-09-06T10:47:38.725527Z","level":"info","event":"::endgroup::Cosmos DAG parsing logs","logger":"cosmos.converter","filename":"converter.py","lineno":430}
{"timestamp":"2026-09-06T10:47:38.731572Z","level":"warning","event":"Using Variable.get from `airflow.models` is deprecated.Please use `get` on Variable from sdk(`airflow.sdk.Variable`) instead","category":"UserWarning","filename":"/home/airflow/.local/lib/python3.13/site-packages/airflow/models/variable.py","lineno":158,"logger":"py.warnings"}
{"timestamp":"2026-09-06T10:48:08.834947Z","level":"info","event":"Filling up the DagBag from /opt/airflow/dags/verdanta_daily.py","logger":"airflow.dag_processing.dagbag.BundleDagBag","filename":"dagbag.py","lineno":469}
{"timestamp":"2026-09-06T10:48:08.917443Z","level":"info","event":"::group::Cosmos DAG parsing logs","logger":"cosmos.converter","filename":"converter.py","lineno":321}
{"timestamp":"2026-09-06T10:48:08.921992Z","level":"info","event":"Cosmos cache dir resolved to /tmp/cosmos/verdanta_daily__dbt_daily","logger":"cosmos.converter","filename":"converter.py","lineno":346}
{"timestamp":"2026-09-06T10:48:08.922304Z","level":"info","event":"Trying to parse the dbt project using dbt ls cache cosmos_cache__verdanta_daily__dbt_daily...","logger":"cosmos.dbt.graph","filename":"graph.py","lineno":869}
{"timestamp":"2026-09-06T10:48:09.080699Z","level":"info","event":"Cosmos performance: time to calculate cache identifier cosmos_cache__verdanta_daily__dbt_daily for current version: 0.13683862899983978","logger":"cosmos.cache","filename":"cache.py","lineno":401}
{"timestamp":"2026-09-06T10:48:09.081048Z","level":"info","event":"Cosmos performance [4daed8617553|1137]: The cache size for cosmos_cache__verdanta_daily__dbt_daily is 81420","logger":"cosmos.dbt.graph","filename":"graph.py","lineno":886}
{"timestamp":"2026-09-06T10:48:09.084383Z","level":"info","event":"Cosmos performance: Cache hit for cosmos_cache__verdanta_daily__dbt_daily - cec7d2b2130ad93ca8be26282ae433fd,f50552a3029f27b43be4a74a78877897","logger":"cosmos.dbt.graph","filename":"graph.py","lineno":898}
{"timestamp":"2026-09-06T10:48:09.084622Z","level":"info","event":"Total nodes: 91","logger":"cosmos.dbt.graph","filename":"graph.py","lineno":799}
{"timestamp":"2026-09-06T10:48:09.084698Z","level":"info","event":"Total filtered nodes: 91","logger":"cosmos.dbt.graph","filename":"graph.py","lineno":800}
{"timestamp":"2026-09-06T10:48:09.084766Z","level":"info","event":"Cosmos performance (verdanta_daily__dbt_daily) - [4daed8617553|1137]: It took 0.163s to parse the dbt project for DAG using LoadMode.DBT_LS_CACHE","logger":"cosmos.converter","filename":"converter.py","lineno":371}
{"timestamp":"2026-09-06T10:48:09.159405Z","level":"info","event":"Cosmos performance (verdanta_daily__dbt_daily) - [4daed8617553|1137]: It took 0.0746s to build the Airflow DAG.","logger":"cosmos.converter","filename":"converter.py","lineno":423}
{"timestamp":"2026-09-06T10:48:09.159576Z","level":"info","event":"::endgroup::Cosmos DAG parsing logs","logger":"cosmos.converter","filename":"converter.py","lineno":430}
{"timestamp":"2026-09-06T10:48:09.160121Z","level":"warning","event":"Using Variable.get from `airflow.models` is deprecated.Please use `get` on Variable from sdk(`airflow.sdk.Variable`) instead","category":"UserWarning","filename":"/home/airflow/.local/lib/python3.13/site-packages/airflow/models/variable.py","lineno":158,"logger":"py.warnings"}
{"timestamp":"2026-09-06T10:48:40.185112Z","level":"info","event":"Filling up the DagBag from /opt/airflow/dags/verdanta_daily.py","logger":"airflow.dag_processing.dagbag.BundleDagBag","filename":"dagbag.py","lineno":469}
{"timestamp":"2026-09-06T10:48:40.275929Z","level":"info","event":"::group::Cosmos DAG parsing logs","logger":"cosmos.converter","filename":"converter.py","lineno":321}
{"timestamp":"2026-09-06T10:48:40.280711Z","level":"info","event":"Cosmos cache dir resolved to /tmp/cosmos/verdanta_daily__dbt_daily","logger":"cosmos.converter","filename":"converter.py","lineno":346}
{"timestamp":"2026-09-06T10:48:40.281056Z","level":"info","event":"Trying to parse the dbt project using dbt ls cache cosmos_cache__verdanta_daily__dbt_daily...","logger":"cosmos.dbt.graph","filename":"graph.py","lineno":869}
{"timestamp":"2026-09-06T10:48:40.449147Z","level":"info","event":"Cosmos performance: time to calculate cache identifier cosmos_cache__verdanta_daily__dbt_daily for current version: 0.1457782379998207","logger":"cosmos.cache","filename":"cache.py","lineno":401}
{"timestamp":"2026-09-06T10:48:40.449427Z","level":"info","event":"Cosmos performance [4daed8617553|1154]: The cache size for cosmos_cache__verdanta_daily__dbt_daily is 81420","logger":"cosmos.dbt.graph","filename":"graph.py","lineno":886}
{"timestamp":"2026-09-06T10:48:40.452380Z","level":"info","event":"Cosmos performance: Cache hit for cosmos_cache__verdanta_daily__dbt_daily - cec7d2b2130ad93ca8be26282ae433fd,f50552a3029f27b43be4a74a78877897","logger":"cosmos.dbt.graph","filename":"graph.py","lineno":898}
{"timestamp":"2026-09-06T10:48:40.452624Z","level":"info","event":"Total nodes: 91","logger":"cosmos.dbt.graph","filename":"graph.py","lineno":799}
{"timestamp":"2026-09-06T10:48:40.452734Z","level":"info","event":"Total filtered nodes: 91","logger":"cosmos.dbt.graph","filename":"graph.py","lineno":800}
{"timestamp":"2026-09-06T10:48:40.452823Z","level":"info","event":"Cosmos performance (verdanta_daily__dbt_daily) - [4daed8617553|1154]: It took 0.172s to parse the dbt project for DAG using LoadMode.DBT_LS_CACHE","logger":"cosmos.converter","filename":"converter.py","lineno":371}
{"timestamp":"2026-09-06T10:48:40.536997Z","level":"info","event":"Cosmos performance (verdanta_daily__dbt_daily) - [4daed8617553|1154]: It took 0.0841s to build the Airflow DAG.","logger":"cosmos.converter","filename":"converter.py","lineno":423}
{"timestamp":"2026-09-06T10:48:40.537218Z","level":"info","event":"::endgroup::Cosmos DAG parsing logs","logger":"cosmos.converter","filename":"converter.py","lineno":430}
{"timestamp":"2026-09-06T10:48:40.537824Z","level":"warning","event":"Using Variable.get from `airflow.models` is deprecated.Please use `get` on Variable from sdk(`airflow.sdk.Variable`) instead","category":"UserWarning","filename":"/home/airflow/.local/lib/python3.13/site-packages/airflow/models/variable.py","lineno":158,"logger":"py.warnings"}
{"timestamp":"2026-09-06T10:49:10.872800Z","level":"info","event":"Filling up the DagBag from /opt/airflow/dags/verdanta_daily.py","logger":"airflow.dag_processing.dagbag.BundleDagBag","filename":"dagbag.py","lineno":469}
{"timestamp":"2026-09-06T10:49:10.946152Z","level":"info","event":"::group::Cosmos DAG parsing logs","logger":"cosmos.converter","filename":"converter.py","lineno":321}
{"timestamp":"2026-09-06T10:49:10.949860Z","level":"info","event":"Cosmos cache dir resolved to /tmp/cosmos/verdanta_daily__dbt_daily","logger":"cosmos.converter","filename":"converter.py","lineno":346}
{"timestamp":"2026-09-06T10:49:10.950097Z","level":"info","event":"Trying to parse the dbt project using dbt ls cache cosmos_cache__verdanta_daily__dbt_daily...","logger":"cosmos.dbt.graph","filename":"graph.py","lineno":869}
{"timestamp":"2026-09-06T10:49:11.092385Z","level":"info","event":"Cosmos performance: time to calculate cache identifier cosmos_cache__verdanta_daily__dbt_daily for current version: 0.12530527799981428","logger":"cosmos.cache","filename":"cache.py","lineno":401}
{"timestamp":"2026-09-06T10:49:11.092625Z","level":"info","event":"Cosmos performance [4daed8617553|1174]: The cache size for cosmos_cache__verdanta_daily__dbt_daily is 81420","logger":"cosmos.dbt.graph","filename":"graph.py","lineno":886}
{"timestamp":"2026-09-06T10:49:11.095508Z","level":"info","event":"Cosmos performance: Cache hit for cosmos_cache__verdanta_daily__dbt_daily - cec7d2b2130ad93ca8be26282ae433fd,f50552a3029f27b43be4a74a78877897","logger":"cosmos.dbt.graph","filename":"graph.py","lineno":898}
{"timestamp":"2026-09-06T10:49:11.095792Z","level":"info","event":"Total nodes: 91","logger":"cosmos.dbt.graph","filename":"graph.py","lineno":799}
{"timestamp":"2026-09-06T10:49:11.095909Z","level":"info","event":"Total filtered nodes: 91","logger":"cosmos.dbt.graph","filename":"graph.py","lineno":800}
{"timestamp":"2026-09-06T10:49:11.096042Z","level":"info","event":"Cosmos performance (verdanta_daily__dbt_daily) - [4daed8617553|1174]: It took 0.146s to parse the dbt project for DAG using LoadMode.DBT_LS_CACHE","logger":"cosmos.converter","filename":"converter.py","lineno":371}
{"timestamp":"2026-09-06T10:49:11.167281Z","level":"info","event":"Cosmos performance (verdanta_daily__dbt_daily) - [4daed8617553|1174]: It took 0.0712s to build the Airflow DAG.","logger":"cosmos.converter","filename":"converter.py","lineno":423}
{"timestamp":"2026-09-06T10:49:11.167450Z","level":"info","event":"::endgroup::Cosmos DAG parsing logs","logger":"cosmos.converter","filename":"converter.py","lineno":430}
{"timestamp":"2026-09-06T10:49:11.168045Z","level":"warning","event":"Using Variable.get from `airflow.models` is deprecated.Please use `get` on Variable from sdk(`airflow.sdk.Variable`) instead","category":"UserWarning","filename":"/home/airflow/.local/lib/python3.13/site-packages/airflow/models/variable.py","lineno":158,"logger":"py.warnings"}
{"timestamp":"2026-09-06T10:49:41.533231Z","level":"info","event":"Filling up the DagBag from /opt/airflow/dags/verdanta_daily.py","logger":"airflow.dag_processing.dagbag.BundleDagBag","filename":"dagbag.py","lineno":469}
{"timestamp":"2026-09-06T10:49:41.602150Z","level":"info","event":"::group::Cosmos DAG parsing logs","logger":"cosmos.converter","filename":"converter.py","lineno":321}
{"timestamp":"2026-09-06T10:49:41.605447Z","level":"info","event":"Cosmos cache dir resolved to /tmp/cosmos/verdanta_daily__dbt_daily","logger":"cosmos.converter","filename":"converter.py","lineno":346}
{"timestamp":"2026-09-06T10:49:41.605644Z","level":"info","event":"Trying to parse the dbt project using dbt ls cache cosmos_cache__verdanta_daily__dbt_daily...","logger":"cosmos.dbt.graph","filename":"graph.py","lineno":869}
{"timestamp":"2026-09-06T10:49:41.743729Z","level":"info","event":"Cosmos performance: time to calculate cache identifier cosmos_cache__verdanta_daily__dbt_daily for current version: 0.12151870500019868","logger":"cosmos.cache","filename":"cache.py","lineno":401}
{"timestamp":"2026-09-06T10:49:41.743966Z","level":"info","event":"Cosmos performance [4daed8617553|1194]: The cache size for cosmos_cache__verdanta_daily__dbt_daily is 81420","logger":"cosmos.dbt.graph","filename":"graph.py","lineno":886}
{"timestamp":"2026-09-06T10:49:41.746922Z","level":"info","event":"Cosmos performance: Cache hit for cosmos_cache__verdanta_daily__dbt_daily - cec7d2b2130ad93ca8be26282ae433fd,f50552a3029f27b43be4a74a78877897","logger":"cosmos.dbt.graph","filename":"graph.py","lineno":898}
{"timestamp":"2026-09-06T10:49:41.747118Z","level":"info","event":"Total nodes: 91","logger":"cosmos.dbt.graph","filename":"graph.py","lineno":799}
{"timestamp":"2026-09-06T10:49:41.747181Z","level":"info","event":"Total filtered nodes: 91","logger":"cosmos.dbt.graph","filename":"graph.py","lineno":800}
{"timestamp":"2026-09-06T10:49:41.747244Z","level":"info","event":"Cosmos performance (verdanta_daily__dbt_daily) - [4daed8617553|1194]: It took 0.142s to parse the dbt project for DAG using LoadMode.DBT_LS_CACHE","logger":"cosmos.converter","filename":"converter.py","lineno":371}
{"timestamp":"2026-09-06T10:49:41.821223Z","level":"info","event":"Cosmos performance (verdanta_daily__dbt_daily) - [4daed8617553|1194]: It took 0.0739s to build the Airflow DAG.","logger":"cosmos.converter","filename":"converter.py","lineno":423}
{"timestamp":"2026-09-06T10:49:41.821391Z","level":"info","event":"::endgroup::Cosmos DAG parsing logs","logger":"cosmos.converter","filename":"converter.py","lineno":430}
{"timestamp":"2026-09-06T10:49:41.821962Z","level":"warning","event":"Using Variable.get from `airflow.models` is deprecated.Please use `get` on Variable from sdk(`airflow.sdk.Variable`) instead","category":"UserWarning","filename":"/home/airflow/.local/lib/python3.13/site-packages/airflow/models/variable.py","lineno":158,"logger":"py.warnings"}
{"timestamp":"2026-09-06T10:50:11.943323Z","level":"info","event":"Filling up the DagBag from /opt/airflow/dags/verdanta_daily.py","logger":"airflow.dag_processing.dagbag.BundleDagBag","filename":"dagbag.py","lineno":469}
{"timestamp":"2026-09-06T10:50:12.021059Z","level":"info","event":"::group::Cosmos DAG parsing logs","logger":"cosmos.converter","filename":"converter.py","lineno":321}
{"timestamp":"2026-09-06T10:50:12.024167Z","level":"info","event":"Cosmos cache dir resolved to /tmp/cosmos/verdanta_daily__dbt_daily","logger":"cosmos.converter","filename":"converter.py","lineno":346}
{"timestamp":"2026-09-06T10:50:12.024423Z","level":"info","event":"Trying to parse the dbt project using dbt ls cache cosmos_cache__verdanta_daily__dbt_daily...","logger":"cosmos.dbt.graph","filename":"graph.py","lineno":869}
{"timestamp":"2026-09-06T10:50:12.177708Z","level":"info","event":"Cosmos performance: time to calculate cache identifier cosmos_cache__verdanta_daily__dbt_daily for current version: 0.13458383800002593","logger":"cosmos.cache","filename":"cache.py","lineno":401}
{"timestamp":"2026-09-06T10:50:12.177942Z","level":"info","event":"Cosmos performance [4daed8617553|1211]: The cache size for cosmos_cache__verdanta_daily__dbt_daily is 81420","logger":"cosmos.dbt.graph","filename":"graph.py","lineno":886}
{"timestamp":"2026-09-06T10:50:12.180847Z","level":"info","event":"Cosmos performance: Cache hit for cosmos_cache__verdanta_daily__dbt_daily - cec7d2b2130ad93ca8be26282ae433fd,f50552a3029f27b43be4a74a78877897","logger":"cosmos.dbt.graph","filename":"graph.py","lineno":898}
{"timestamp":"2026-09-06T10:50:12.181049Z","level":"info","event":"Total nodes: 91","logger":"cosmos.dbt.graph","filename":"graph.py","lineno":799}
{"timestamp":"2026-09-06T10:50:12.181158Z","level":"info","event":"Total filtered nodes: 91","logger":"cosmos.dbt.graph","filename":"graph.py","lineno":800}
{"timestamp":"2026-09-06T10:50:12.181234Z","level":"info","event":"Cosmos performance (verdanta_daily__dbt_daily) - [4daed8617553|1211]: It took 0.157s to parse the dbt project for DAG using LoadMode.DBT_LS_CACHE","logger":"cosmos.converter","filename":"converter.py","lineno":371}
{"timestamp":"2026-09-06T10:50:12.261533Z","level":"info","event":"Cosmos performance (verdanta_daily__dbt_daily) - [4daed8617553|1211]: It took 0.0802s to build the Airflow DAG.","logger":"cosmos.converter","filename":"converter.py","lineno":423}
{"timestamp":"2026-09-06T10:50:12.261741Z","level":"info","event":"::endgroup::Cosmos DAG parsing logs","logger":"cosmos.converter","filename":"converter.py","lineno":430}
{"timestamp":"2026-09-06T10:50:12.262343Z","level":"warning","event":"Using Variable.get from `airflow.models` is deprecated.Please use `get` on Variable from sdk(`airflow.sdk.Variable`) instead","category":"UserWarning","filename":"/home/airflow/.local/lib/python3.13/site-packages/airflow/models/variable.py","lineno":158,"logger":"py.warnings"}
{"timestamp":"2026-09-06T10:50:43.301185Z","level":"info","event":"Filling up the DagBag from /opt/airflow/dags/verdanta_daily.py","logger":"airflow.dag_processing.dagbag.BundleDagBag","filename":"dagbag.py","lineno":469}
{"timestamp":"2026-09-06T10:50:43.375338Z","level":"info","event":"::group::Cosmos DAG parsing logs","logger":"cosmos.converter","filename":"converter.py","lineno":321}
{"timestamp":"2026-09-06T10:50:43.379220Z","level":"info","event":"Cosmos cache dir resolved to /tmp/cosmos/verdanta_daily__dbt_daily","logger":"cosmos.converter","filename":"converter.py","lineno":346}
{"timestamp":"2026-09-06T10:50:43.379474Z","level":"info","event":"Trying to parse the dbt project using dbt ls cache cosmos_cache__verdanta_daily__dbt_daily...","logger":"cosmos.dbt.graph","filename":"graph.py","lineno":869}
{"timestamp":"2026-09-06T10:50:43.521356Z","level":"info","event":"Cosmos performance: time to calculate cache identifier cosmos_cache__verdanta_daily__dbt_daily for current version: 0.12690226099994106","logger":"cosmos.cache","filename":"cache.py","lineno":401}
{"timestamp":"2026-09-06T10:50:43.521583Z","level":"info","event":"Cosmos performance [4daed8617553|1228]: The cache size for cosmos_cache__verdanta_daily__dbt_daily is 81420","logger":"cosmos.dbt.graph","filename":"graph.py","lineno":886}
{"timestamp":"2026-09-06T10:50:43.524469Z","level":"info","event":"Cosmos performance: Cache hit for cosmos_cache__verdanta_daily__dbt_daily - cec7d2b2130ad93ca8be26282ae433fd,f50552a3029f27b43be4a74a78877897","logger":"cosmos.dbt.graph","filename":"graph.py","lineno":898}
{"timestamp":"2026-09-06T10:50:43.524727Z","level":"info","event":"Total nodes: 91","logger":"cosmos.dbt.graph","filename":"graph.py","lineno":799}
{"timestamp":"2026-09-06T10:50:43.524809Z","level":"info","event":"Total filtered nodes: 91","logger":"cosmos.dbt.graph","filename":"graph.py","lineno":800}
{"timestamp":"2026-09-06T10:50:43.524879Z","level":"info","event":"Cosmos performance (verdanta_daily__dbt_daily) - [4daed8617553|1228]: It took 0.146s to parse the dbt project for DAG using LoadMode.DBT_LS_CACHE","logger":"cosmos.converter","filename":"converter.py","lineno":371}
{"timestamp":"2026-09-06T10:50:43.597336Z","level":"info","event":"Cosmos performance (verdanta_daily__dbt_daily) - [4daed8617553|1228]: It took 0.0724s to build the Airflow DAG.","logger":"cosmos.converter","filename":"converter.py","lineno":423}
{"timestamp":"2026-09-06T10:50:43.597519Z","level":"info","event":"::endgroup::Cosmos DAG parsing logs","logger":"cosmos.converter","filename":"converter.py","lineno":430}
{"timestamp":"2026-09-06T10:50:43.598158Z","level":"warning","event":"Using Variable.get from `airflow.models` is deprecated.Please use `get` on Variable from sdk(`airflow.sdk.Variable`) instead","category":"UserWarning","filename":"/home/airflow/.local/lib/python3.13/site-packages/airflow/models/variable.py","lineno":158,"logger":"py.warnings"}
{"timestamp":"2026-09-06T10:51:14.646724Z","level":"info","event":"Filling up the DagBag from /opt/airflow/dags/verdanta_daily.py","logger":"airflow.dag_processing.dagbag.BundleDagBag","filename":"dagbag.py","lineno":469}
{"timestamp":"2026-09-06T10:51:14.722137Z","level":"info","event":"::group::Cosmos DAG parsing logs","logger":"cosmos.converter","filename":"converter.py","lineno":321}
{"timestamp":"2026-09-06T10:51:14.726979Z","level":"info","event":"Cosmos cache dir resolved to /tmp/cosmos/verdanta_daily__dbt_daily","logger":"cosmos.converter","filename":"converter.py","lineno":346}
{"timestamp":"2026-09-06T10:51:14.727229Z","level":"info","event":"Trying to parse the dbt project using dbt ls cache cosmos_cache__verdanta_daily__dbt_daily...","logger":"cosmos.dbt.graph","filename":"graph.py","lineno":869}
{"timestamp":"2026-09-06T10:51:14.871195Z","level":"info","event":"Cosmos performance: time to calculate cache identifier cosmos_cache__verdanta_daily__dbt_daily for current version: 0.12812744899997597","logger":"cosmos.cache","filename":"cache.py","lineno":401}
{"timestamp":"2026-09-06T10:51:14.871470Z","level":"info","event":"Cosmos performance [4daed8617553|1245]: The cache size for cosmos_cache__verdanta_daily__dbt_daily is 81420","logger":"cosmos.dbt.graph","filename":"graph.py","lineno":886}
{"timestamp":"2026-09-06T10:51:14.874959Z","level":"info","event":"Cosmos performance: Cache hit for cosmos_cache__verdanta_daily__dbt_daily - cec7d2b2130ad93ca8be26282ae433fd,f50552a3029f27b43be4a74a78877897","logger":"cosmos.dbt.graph","filename":"graph.py","lineno":898}
{"timestamp":"2026-09-06T10:51:14.875192Z","level":"info","event":"Total nodes: 91","logger":"cosmos.dbt.graph","filename":"graph.py","lineno":799}
{"timestamp":"2026-09-06T10:51:14.875262Z","level":"info","event":"Total filtered nodes: 91","logger":"cosmos.dbt.graph","filename":"graph.py","lineno":800}
{"timestamp":"2026-09-06T10:51:14.875329Z","level":"info","event":"Cosmos performance (verdanta_daily__dbt_daily) - [4daed8617553|1245]: It took 0.148s to parse the dbt project for DAG using LoadMode.DBT_LS_CACHE","logger":"cosmos.converter","filename":"converter.py","lineno":371}
{"timestamp":"2026-09-06T10:51:14.951376Z","level":"info","event":"Cosmos performance (verdanta_daily__dbt_daily) - [4daed8617553|1245]: It took 0.076s to build the Airflow DAG.","logger":"cosmos.converter","filename":"converter.py","lineno":423}
{"timestamp":"2026-09-06T10:51:14.951546Z","level":"info","event":"::endgroup::Cosmos DAG parsing logs","logger":"cosmos.converter","filename":"converter.py","lineno":430}
{"timestamp":"2026-09-06T10:51:14.952133Z","level":"warning","event":"Using Variable.get from `airflow.models` is deprecated.Please use `get` on Variable from sdk(`airflow.sdk.Variable`) instead","category":"UserWarning","filename":"/home/airflow/.local/lib/python3.13/site-packages/airflow/models/variable.py","lineno":158,"logger":"py.warnings"}
{"timestamp":"2026-09-06T10:51:45.067970Z","level":"info","event":"Filling up the DagBag from /opt/airflow/dags/verdanta_daily.py","logger":"airflow.dag_processing.dagbag.BundleDagBag","filename":"dagbag.py","lineno":469}
{"timestamp":"2026-09-06T10:51:45.144565Z","level":"info","event":"::group::Cosmos DAG parsing logs","logger":"cosmos.converter","filename":"converter.py","lineno":321}
{"timestamp":"2026-09-06T10:51:45.148700Z","level":"info","event":"Cosmos cache dir resolved to /tmp/cosmos/verdanta_daily__dbt_daily","logger":"cosmos.converter","filename":"converter.py","lineno":346}
{"timestamp":"2026-09-06T10:51:45.148961Z","level":"info","event":"Trying to parse the dbt project using dbt ls cache cosmos_cache__verdanta_daily__dbt_daily...","logger":"cosmos.dbt.graph","filename":"graph.py","lineno":869}
{"timestamp":"2026-09-06T10:51:45.293882Z","level":"info","event":"Cosmos performance: time to calculate cache identifier cosmos_cache__verdanta_daily__dbt_daily for current version: 0.12934233500004666","logger":"cosmos.cache","filename":"cache.py","lineno":401}
{"timestamp":"2026-09-06T10:51:45.294133Z","level":"info","event":"Cosmos performance [4daed8617553|1262]: The cache size for cosmos_cache__verdanta_daily__dbt_daily is 81420","logger":"cosmos.dbt.graph","filename":"graph.py","lineno":886}
{"timestamp":"2026-09-06T10:51:45.298098Z","level":"info","event":"Cosmos performance: Cache hit for cosmos_cache__verdanta_daily__dbt_daily - cec7d2b2130ad93ca8be26282ae433fd,f50552a3029f27b43be4a74a78877897","logger":"cosmos.dbt.graph","filename":"graph.py","lineno":898}
{"timestamp":"2026-09-06T10:51:45.298443Z","level":"info","event":"Total nodes: 91","logger":"cosmos.dbt.graph","filename":"graph.py","lineno":799}
{"timestamp":"2026-09-06T10:51:45.298536Z","level":"info","event":"Total filtered nodes: 91","logger":"cosmos.dbt.graph","filename":"graph.py","lineno":800}
{"timestamp":"2026-09-06T10:51:45.298615Z","level":"info","event":"Cosmos performance (verdanta_daily__dbt_daily) - [4daed8617553|1262]: It took 0.15s to parse the dbt project for DAG using LoadMode.DBT_LS_CACHE","logger":"cosmos.converter","filename":"converter.py","lineno":371}
{"timestamp":"2026-09-06T10:51:45.374829Z","level":"info","event":"Cosmos performance (verdanta_daily__dbt_daily) - [4daed8617553|1262]: It took 0.0761s to build the Airflow DAG.","logger":"cosmos.converter","filename":"converter.py","lineno":423}
{"timestamp":"2026-09-06T10:51:45.375169Z","level":"info","event":"::endgroup::Cosmos DAG parsing logs","logger":"cosmos.converter","filename":"converter.py","lineno":430}
{"timestamp":"2026-09-06T10:51:45.376086Z","level":"warning","event":"Using Variable.get from `airflow.models` is deprecated.Please use `get` on Variable from sdk(`airflow.sdk.Variable`) instead","category":"UserWarning","filename":"/home/airflow/.local/lib/python3.13/site-packages/airflow/models/variable.py","lineno":158,"logger":"py.warnings"}
{"timestamp":"2026-09-06T10:52:16.390786Z","level":"info","event":"Filling up the DagBag from /opt/airflow/dags/verdanta_daily.py","logger":"airflow.dag_processing.dagbag.BundleDagBag","filename":"dagbag.py","lineno":469}
{"timestamp":"2026-09-06T10:52:16.463174Z","level":"info","event":"::group::Cosmos DAG parsing logs","logger":"cosmos.converter","filename":"converter.py","lineno":321}
{"timestamp":"2026-09-06T10:52:16.466766Z","level":"info","event":"Cosmos cache dir resolved to /tmp/cosmos/verdanta_daily__dbt_daily","logger":"cosmos.converter","filename":"converter.py","lineno":346}
{"timestamp":"2026-09-06T10:52:16.467084Z","level":"info","event":"Trying to parse the dbt project using dbt ls cache cosmos_cache__verdanta_daily__dbt_daily...","logger":"cosmos.dbt.graph","filename":"graph.py","lineno":869}
{"timestamp":"2026-09-06T10:52:16.613000Z","level":"info","event":"Cosmos performance: time to calculate cache identifier cosmos_cache__verdanta_daily__dbt_daily for current version: 0.1254125790001126","logger":"cosmos.cache","filename":"cache.py","lineno":401}
{"timestamp":"2026-09-06T10:52:16.613218Z","level":"info","event":"Cosmos performance [4daed8617553|1279]: The cache size for cosmos_cache__verdanta_daily__dbt_daily is 81420","logger":"cosmos.dbt.graph","filename":"graph.py","lineno":886}
{"timestamp":"2026-09-06T10:52:16.616073Z","level":"info","event":"Cosmos performance: Cache hit for cosmos_cache__verdanta_daily__dbt_daily - cec7d2b2130ad93ca8be26282ae433fd,f50552a3029f27b43be4a74a78877897","logger":"cosmos.dbt.graph","filename":"graph.py","lineno":898}
{"timestamp":"2026-09-06T10:52:16.616269Z","level":"info","event":"Total nodes: 91","logger":"cosmos.dbt.graph","filename":"graph.py","lineno":799}
{"timestamp":"2026-09-06T10:52:16.616332Z","level":"info","event":"Total filtered nodes: 91","logger":"cosmos.dbt.graph","filename":"graph.py","lineno":800}
{"timestamp":"2026-09-06T10:52:16.616399Z","level":"info","event":"Cosmos performance (verdanta_daily__dbt_daily) - [4daed8617553|1279]: It took 0.149s to parse the dbt project for DAG using LoadMode.DBT_LS_CACHE","logger":"cosmos.converter","filename":"converter.py","lineno":371}
{"timestamp":"2026-09-06T10:52:16.689795Z","level":"info","event":"Cosmos performance (verdanta_daily__dbt_daily) - [4daed8617553|1279]: It took 0.0733s to build the Airflow DAG.","logger":"cosmos.converter","filename":"converter.py","lineno":423}
{"timestamp":"2026-09-06T10:52:16.689970Z","level":"info","event":"::endgroup::Cosmos DAG parsing logs","logger":"cosmos.converter","filename":"converter.py","lineno":430}
{"timestamp":"2026-09-06T10:52:16.690782Z","level":"warning","event":"Using Variable.get from `airflow.models` is deprecated.Please use `get` on Variable from sdk(`airflow.sdk.Variable`) instead","category":"UserWarning","filename":"/home/airflow/.local/lib/python3.13/site-packages/airflow/models/variable.py","lineno":158,"logger":"py.warnings"}
{"timestamp":"2026-09-06T10:52:46.815580Z","level":"info","event":"Filling up the DagBag from /opt/airflow/dags/verdanta_daily.py","logger":"airflow.dag_processing.dagbag.BundleDagBag","filename":"dagbag.py","lineno":469}
{"timestamp":"2026-09-06T10:52:46.895578Z","level":"info","event":"::group::Cosmos DAG parsing logs","logger":"cosmos.converter","filename":"converter.py","lineno":321}
{"timestamp":"2026-09-06T10:52:46.898756Z","level":"info","event":"Cosmos cache dir resolved to /tmp/cosmos/verdanta_daily__dbt_daily","logger":"cosmos.converter","filename":"converter.py","lineno":346}
{"timestamp":"2026-09-06T10:52:46.898972Z","level":"info","event":"Trying to parse the dbt project using dbt ls cache cosmos_cache__verdanta_daily__dbt_daily...","logger":"cosmos.dbt.graph","filename":"graph.py","lineno":869}
{"timestamp":"2026-09-06T10:52:47.046899Z","level":"info","event":"Cosmos performance: time to calculate cache identifier cosmos_cache__verdanta_daily__dbt_daily for current version: 0.1303028990000712","logger":"cosmos.cache","filename":"cache.py","lineno":401}
{"timestamp":"2026-09-06T10:52:47.047133Z","level":"info","event":"Cosmos performance [4daed8617553|1296]: The cache size for cosmos_cache__verdanta_daily__dbt_daily is 81420","logger":"cosmos.dbt.graph","filename":"graph.py","lineno":886}
{"timestamp":"2026-09-06T10:52:47.050318Z","level":"info","event":"Cosmos performance: Cache hit for cosmos_cache__verdanta_daily__dbt_daily - cec7d2b2130ad93ca8be26282ae433fd,f50552a3029f27b43be4a74a78877897","logger":"cosmos.dbt.graph","filename":"graph.py","lineno":898}
{"timestamp":"2026-09-06T10:52:47.050620Z","level":"info","event":"Total nodes: 91","logger":"cosmos.dbt.graph","filename":"graph.py","lineno":799}
{"timestamp":"2026-09-06T10:52:47.050722Z","level":"info","event":"Total filtered nodes: 91","logger":"cosmos.dbt.graph","filename":"graph.py","lineno":800}
{"timestamp":"2026-09-06T10:52:47.050821Z","level":"info","event":"Cosmos performance (verdanta_daily__dbt_daily) - [4daed8617553|1296]: It took 0.152s to parse the dbt project for DAG using LoadMode.DBT_LS_CACHE","logger":"cosmos.converter","filename":"converter.py","lineno":371}
{"timestamp":"2026-09-06T10:52:47.126499Z","level":"info","event":"Cosmos performance (verdanta_daily__dbt_daily) - [4daed8617553|1296]: It took 0.0756s to build the Airflow DAG.","logger":"cosmos.converter","filename":"converter.py","lineno":423}
{"timestamp":"2026-09-06T10:52:47.126671Z","level":"info","event":"::endgroup::Cosmos DAG parsing logs","logger":"cosmos.converter","filename":"converter.py","lineno":430}
{"timestamp":"2026-09-06T10:52:47.127258Z","level":"warning","event":"Using Variable.get from `airflow.models` is deprecated.Please use `get` on Variable from sdk(`airflow.sdk.Variable`) instead","category":"UserWarning","filename":"/home/airflow/.local/lib/python3.13/site-packages/airflow/models/variable.py","lineno":158,"logger":"py.warnings"}
{"timestamp":"2026-09-06T10:53:18.134421Z","level":"info","event":"Filling up the DagBag from /opt/airflow/dags/verdanta_daily.py","logger":"airflow.dag_processing.dagbag.BundleDagBag","filename":"dagbag.py","lineno":469}
{"timestamp":"2026-09-06T10:53:18.201725Z","level":"info","event":"::group::Cosmos DAG parsing logs","logger":"cosmos.converter","filename":"converter.py","lineno":321}
{"timestamp":"2026-09-06T10:53:18.205092Z","level":"info","event":"Cosmos cache dir resolved to /tmp/cosmos/verdanta_daily__dbt_daily","logger":"cosmos.converter","filename":"converter.py","lineno":346}
{"timestamp":"2026-09-06T10:53:18.205308Z","level":"info","event":"Trying to parse the dbt project using dbt ls cache cosmos_cache__verdanta_daily__dbt_daily...","logger":"cosmos.dbt.graph","filename":"graph.py","lineno":869}
{"timestamp":"2026-09-06T10:53:18.352762Z","level":"info","event":"Cosmos performance: time to calculate cache identifier cosmos_cache__verdanta_daily__dbt_daily for current version: 0.12934227900018413","logger":"cosmos.cache","filename":"cache.py","lineno":401}
{"timestamp":"2026-09-06T10:53:18.353044Z","level":"info","event":"Cosmos performance [4daed8617553|1313]: The cache size for cosmos_cache__verdanta_daily__dbt_daily is 81420","logger":"cosmos.dbt.graph","filename":"graph.py","lineno":886}
{"timestamp":"2026-09-06T10:53:18.355583Z","level":"info","event":"Cosmos performance: Cache hit for cosmos_cache__verdanta_daily__dbt_daily - cec7d2b2130ad93ca8be26282ae433fd,f50552a3029f27b43be4a74a78877897","logger":"cosmos.dbt.graph","filename":"graph.py","lineno":898}
{"timestamp":"2026-09-06T10:53:18.355778Z","level":"info","event":"Total nodes: 91","logger":"cosmos.dbt.graph","filename":"graph.py","lineno":799}
{"timestamp":"2026-09-06T10:53:18.355841Z","level":"info","event":"Total filtered nodes: 91","logger":"cosmos.dbt.graph","filename":"graph.py","lineno":800}
{"timestamp":"2026-09-06T10:53:18.355908Z","level":"info","event":"Cosmos performance (verdanta_daily__dbt_daily) - [4daed8617553|1313]: It took 0.151s to parse the dbt project for DAG using LoadMode.DBT_LS_CACHE","logger":"cosmos.converter","filename":"converter.py","lineno":371}
{"timestamp":"2026-09-06T10:53:18.435466Z","level":"info","event":"Cosmos performance (verdanta_daily__dbt_daily) - [4daed8617553|1313]: It took 0.0795s to build the Airflow DAG.","logger":"cosmos.converter","filename":"converter.py","lineno":423}
{"timestamp":"2026-09-06T10:53:18.435647Z","level":"info","event":"::endgroup::Cosmos DAG parsing logs","logger":"cosmos.converter","filename":"converter.py","lineno":430}
{"timestamp":"2026-09-06T10:53:18.436275Z","level":"warning","event":"Using Variable.get from `airflow.models` is deprecated.Please use `get` on Variable from sdk(`airflow.sdk.Variable`) instead","category":"UserWarning","filename":"/home/airflow/.local/lib/python3.13/site-packages/airflow/models/variable.py","lineno":158,"logger":"py.warnings"}
{"timestamp":"2026-09-06T10:53:48.587079Z","level":"info","event":"Filling up the DagBag from /opt/airflow/dags/verdanta_daily.py","logger":"airflow.dag_processing.dagbag.BundleDagBag","filename":"dagbag.py","lineno":469}
{"timestamp":"2026-09-06T10:53:48.678364Z","level":"info","event":"::group::Cosmos DAG parsing logs","logger":"cosmos.converter","filename":"converter.py","lineno":321}
{"timestamp":"2026-09-06T10:53:48.682947Z","level":"info","event":"Cosmos cache dir resolved to /tmp/cosmos/verdanta_daily__dbt_daily","logger":"cosmos.converter","filename":"converter.py","lineno":346}
{"timestamp":"2026-09-06T10:53:48.683345Z","level":"info","event":"Trying to parse the dbt project using dbt ls cache cosmos_cache__verdanta_daily__dbt_daily...","logger":"cosmos.dbt.graph","filename":"graph.py","lineno":869}
{"timestamp":"2026-09-06T10:53:48.857397Z","level":"info","event":"Cosmos performance: time to calculate cache identifier cosmos_cache__verdanta_daily__dbt_daily for current version: 0.14646237400006612","logger":"cosmos.cache","filename":"cache.py","lineno":401}
{"timestamp":"2026-09-06T10:53:48.857690Z","level":"info","event":"Cosmos performance [4daed8617553|1330]: The cache size for cosmos_cache__verdanta_daily__dbt_daily is 81420","logger":"cosmos.dbt.graph","filename":"graph.py","lineno":886}
{"timestamp":"2026-09-06T10:53:48.860618Z","level":"info","event":"Cosmos performance: Cache hit for cosmos_cache__verdanta_daily__dbt_daily - cec7d2b2130ad93ca8be26282ae433fd,f50552a3029f27b43be4a74a78877897","logger":"cosmos.dbt.graph","filename":"graph.py","lineno":898}
{"timestamp":"2026-09-06T10:53:48.860825Z","level":"info","event":"Total nodes: 91","logger":"cosmos.dbt.graph","filename":"graph.py","lineno":799}
{"timestamp":"2026-09-06T10:53:48.860893Z","level":"info","event":"Total filtered nodes: 91","logger":"cosmos.dbt.graph","filename":"graph.py","lineno":800}
{"timestamp":"2026-09-06T10:53:48.860959Z","level":"info","event":"Cosmos performance (verdanta_daily__dbt_daily) - [4daed8617553|1330]: It took 0.178s to parse the dbt project for DAG using LoadMode.DBT_LS_CACHE","logger":"cosmos.converter","filename":"converter.py","lineno":371}
{"timestamp":"2026-09-06T10:53:48.938005Z","level":"info","event":"Cosmos performance (verdanta_daily__dbt_daily) - [4daed8617553|1330]: It took 0.077s to build the Airflow DAG.","logger":"cosmos.converter","filename":"converter.py","lineno":423}
{"timestamp":"2026-09-06T10:53:48.938185Z","level":"info","event":"::endgroup::Cosmos DAG parsing logs","logger":"cosmos.converter","filename":"converter.py","lineno":430}
{"timestamp":"2026-09-06T10:53:48.938754Z","level":"warning","event":"Using Variable.get from `airflow.models` is deprecated.Please use `get` on Variable from sdk(`airflow.sdk.Variable`) instead","category":"UserWarning","filename":"/home/airflow/.local/lib/python3.13/site-packages/airflow/models/variable.py","lineno":158,"logger":"py.warnings"}
{"timestamp":"2026-09-06T10:54:19.948114Z","level":"info","event":"Filling up the DagBag from /opt/airflow/dags/verdanta_daily.py","logger":"airflow.dag_processing.dagbag.BundleDagBag","filename":"dagbag.py","lineno":469}
{"timestamp":"2026-09-06T10:54:20.015635Z","level":"info","event":"::group::Cosmos DAG parsing logs","logger":"cosmos.converter","filename":"converter.py","lineno":321}
{"timestamp":"2026-09-06T10:54:20.019153Z","level":"info","event":"Cosmos cache dir resolved to /tmp/cosmos/verdanta_daily__dbt_daily","logger":"cosmos.converter","filename":"converter.py","lineno":346}
{"timestamp":"2026-09-06T10:54:20.019363Z","level":"info","event":"Trying to parse the dbt project using dbt ls cache cosmos_cache__verdanta_daily__dbt_daily...","logger":"cosmos.dbt.graph","filename":"graph.py","lineno":869}
{"timestamp":"2026-09-06T10:54:20.156288Z","level":"info","event":"Cosmos performance: time to calculate cache identifier cosmos_cache__verdanta_daily__dbt_daily for current version: 0.12297295300004407","logger":"cosmos.cache","filename":"cache.py","lineno":401}
{"timestamp":"2026-09-06T10:54:20.156511Z","level":"info","event":"Cosmos performance [4daed8617553|1347]: The cache size for cosmos_cache__verdanta_daily__dbt_daily is 81420","logger":"cosmos.dbt.graph","filename":"graph.py","lineno":886}
{"timestamp":"2026-09-06T10:54:20.159268Z","level":"info","event":"Cosmos performance: Cache hit for cosmos_cache__verdanta_daily__dbt_daily - cec7d2b2130ad93ca8be26282ae433fd,f50552a3029f27b43be4a74a78877897","logger":"cosmos.dbt.graph","filename":"graph.py","lineno":898}
{"timestamp":"2026-09-06T10:54:20.159453Z","level":"info","event":"Total nodes: 91","logger":"cosmos.dbt.graph","filename":"graph.py","lineno":799}
{"timestamp":"2026-09-06T10:54:20.159515Z","level":"info","event":"Total filtered nodes: 91","logger":"cosmos.dbt.graph","filename":"graph.py","lineno":800}
{"timestamp":"2026-09-06T10:54:20.159578Z","level":"info","event":"Cosmos performance (verdanta_daily__dbt_daily) - [4daed8617553|1347]: It took 0.14s to parse the dbt project for DAG using LoadMode.DBT_LS_CACHE","logger":"cosmos.converter","filename":"converter.py","lineno":371}
{"timestamp":"2026-09-06T10:54:20.229622Z","level":"info","event":"Cosmos performance (verdanta_daily__dbt_daily) - [4daed8617553|1347]: It took 0.07s to build the Airflow DAG.","logger":"cosmos.converter","filename":"converter.py","lineno":423}
{"timestamp":"2026-09-06T10:54:20.229787Z","level":"info","event":"::endgroup::Cosmos DAG parsing logs","logger":"cosmos.converter","filename":"converter.py","lineno":430}
{"timestamp":"2026-09-06T10:54:20.230456Z","level":"warning","event":"Using Variable.get from `airflow.models` is deprecated.Please use `get` on Variable from sdk(`airflow.sdk.Variable`) instead","category":"UserWarning","filename":"/home/airflow/.local/lib/python3.13/site-packages/airflow/models/variable.py","lineno":158,"logger":"py.warnings"}
{"timestamp":"2026-09-06T10:54:51.228378Z","level":"info","event":"Filling up the DagBag from /opt/airflow/dags/verdanta_daily.py","logger":"airflow.dag_processing.dagbag.BundleDagBag","filename":"dagbag.py","lineno":469}
{"timestamp":"2026-09-06T10:54:51.298774Z","level":"info","event":"::group::Cosmos DAG parsing logs","logger":"cosmos.converter","filename":"converter.py","lineno":321}
{"timestamp":"2026-09-06T10:54:51.302034Z","level":"info","event":"Cosmos cache dir resolved to /tmp/cosmos/verdanta_daily__dbt_daily","logger":"cosmos.converter","filename":"converter.py","lineno":346}
{"timestamp":"2026-09-06T10:54:51.302258Z","level":"info","event":"Trying to parse the dbt project using dbt ls cache cosmos_cache__verdanta_daily__dbt_daily...","logger":"cosmos.dbt.graph","filename":"graph.py","lineno":869}
{"timestamp":"2026-09-06T10:54:51.447631Z","level":"info","event":"Cosmos performance: time to calculate cache identifier cosmos_cache__verdanta_daily__dbt_daily for current version: 0.12908354099999997","logger":"cosmos.cache","filename":"cache.py","lineno":401}
{"timestamp":"2026-09-06T10:54:51.447880Z","level":"info","event":"Cosmos performance [4daed8617553|1364]: The cache size for cosmos_cache__verdanta_daily__dbt_daily is 81420","logger":"cosmos.dbt.graph","filename":"graph.py","lineno":886}
{"timestamp":"2026-09-06T10:54:51.450679Z","level":"info","event":"Cosmos performance: Cache hit for cosmos_cache__verdanta_daily__dbt_daily - cec7d2b2130ad93ca8be26282ae433fd,f50552a3029f27b43be4a74a78877897","logger":"cosmos.dbt.graph","filename":"graph.py","lineno":898}
{"timestamp":"2026-09-06T10:54:51.450900Z","level":"info","event":"Total nodes: 91","logger":"cosmos.dbt.graph","filename":"graph.py","lineno":799}
{"timestamp":"2026-09-06T10:54:51.450970Z","level":"info","event":"Total filtered nodes: 91","logger":"cosmos.dbt.graph","filename":"graph.py","lineno":800}
{"timestamp":"2026-09-06T10:54:51.451037Z","level":"info","event":"Cosmos performance (verdanta_daily__dbt_daily) - [4daed8617553|1364]: It took 0.149s to parse the dbt project for DAG using LoadMode.DBT_LS_CACHE","logger":"cosmos.converter","filename":"converter.py","lineno":371}
{"timestamp":"2026-09-06T10:54:51.523440Z","level":"info","event":"Cosmos performance (verdanta_daily__dbt_daily) - [4daed8617553|1364]: It took 0.0724s to build the Airflow DAG.","logger":"cosmos.converter","filename":"converter.py","lineno":423}
{"timestamp":"2026-09-06T10:54:51.523608Z","level":"info","event":"::endgroup::Cosmos DAG parsing logs","logger":"cosmos.converter","filename":"converter.py","lineno":430}
{"timestamp":"2026-09-06T10:54:51.524268Z","level":"warning","event":"Using Variable.get from `airflow.models` is deprecated.Please use `get` on Variable from sdk(`airflow.sdk.Variable`) instead","category":"UserWarning","filename":"/home/airflow/.local/lib/python3.13/site-packages/airflow/models/variable.py","lineno":158,"logger":"py.warnings"}
{"timestamp":"2026-09-06T10:55:22.557401Z","level":"info","event":"Filling up the DagBag from /opt/airflow/dags/verdanta_daily.py","logger":"airflow.dag_processing.dagbag.BundleDagBag","filename":"dagbag.py","lineno":469}
{"timestamp":"2026-09-06T10:55:22.638326Z","level":"info","event":"::group::Cosmos DAG parsing logs","logger":"cosmos.converter","filename":"converter.py","lineno":321}
{"timestamp":"2026-09-06T10:55:22.642011Z","level":"info","event":"Cosmos cache dir resolved to /tmp/cosmos/verdanta_daily__dbt_daily","logger":"cosmos.converter","filename":"converter.py","lineno":346}
{"timestamp":"2026-09-06T10:55:22.642254Z","level":"info","event":"Trying to parse the dbt project using dbt ls cache cosmos_cache__verdanta_daily__dbt_daily...","logger":"cosmos.dbt.graph","filename":"graph.py","lineno":869}
{"timestamp":"2026-09-06T10:55:22.791249Z","level":"info","event":"Cosmos performance: time to calculate cache identifier cosmos_cache__verdanta_daily__dbt_daily for current version: 0.12989964400003373","logger":"cosmos.cache","filename":"cache.py","lineno":401}
{"timestamp":"2026-09-06T10:55:22.791490Z","level":"info","event":"Cosmos performance [4daed8617553|1380]: The cache size for cosmos_cache__verdanta_daily__dbt_daily is 81420","logger":"cosmos.dbt.graph","filename":"graph.py","lineno":886}
{"timestamp":"2026-09-06T10:55:22.796745Z","level":"info","event":"Cosmos performance: Cache hit for cosmos_cache__verdanta_daily__dbt_daily - cec7d2b2130ad93ca8be26282ae433fd,f50552a3029f27b43be4a74a78877897","logger":"cosmos.dbt.graph","filename":"graph.py","lineno":898}
{"timestamp":"2026-09-06T10:55:22.797123Z","level":"info","event":"Total nodes: 91","logger":"cosmos.dbt.graph","filename":"graph.py","lineno":799}
{"timestamp":"2026-09-06T10:55:22.797188Z","level":"info","event":"Total filtered nodes: 91","logger":"cosmos.dbt.graph","filename":"graph.py","lineno":800}
{"timestamp":"2026-09-06T10:55:22.797256Z","level":"info","event":"Cosmos performance (verdanta_daily__dbt_daily) - [4daed8617553|1380]: It took 0.155s to parse the dbt project for DAG using LoadMode.DBT_LS_CACHE","logger":"cosmos.converter","filename":"converter.py","lineno":371}
{"timestamp":"2026-09-06T10:55:22.873613Z","level":"info","event":"Cosmos performance (verdanta_daily__dbt_daily) - [4daed8617553|1380]: It took 0.0763s to build the Airflow DAG.","logger":"cosmos.converter","filename":"converter.py","lineno":423}
{"timestamp":"2026-09-06T10:55:22.873793Z","level":"info","event":"::endgroup::Cosmos DAG parsing logs","logger":"cosmos.converter","filename":"converter.py","lineno":430}
{"timestamp":"2026-09-06T10:55:22.874438Z","level":"warning","event":"Using Variable.get from `airflow.models` is deprecated.Please use `get` on Variable from sdk(`airflow.sdk.Variable`) instead","category":"UserWarning","filename":"/home/airflow/.local/lib/python3.13/site-packages/airflow/models/variable.py","lineno":158,"logger":"py.warnings"}
{"timestamp":"2026-09-06T10:55:53.881552Z","level":"info","event":"Filling up the DagBag from /opt/airflow/dags/verdanta_daily.py","logger":"airflow.dag_processing.dagbag.BundleDagBag","filename":"dagbag.py","lineno":469}
{"timestamp":"2026-09-06T10:55:53.950779Z","level":"info","event":"::group::Cosmos DAG parsing logs","logger":"cosmos.converter","filename":"converter.py","lineno":321}
{"timestamp":"2026-09-06T10:55:53.953960Z","level":"info","event":"Cosmos cache dir resolved to /tmp/cosmos/verdanta_daily__dbt_daily","logger":"cosmos.converter","filename":"converter.py","lineno":346}
{"timestamp":"2026-09-06T10:55:53.954146Z","level":"info","event":"Trying to parse the dbt project using dbt ls cache cosmos_cache__verdanta_daily__dbt_daily...","logger":"cosmos.dbt.graph","filename":"graph.py","lineno":869}
{"timestamp":"2026-09-06T10:55:54.099373Z","level":"info","event":"Cosmos performance: time to calculate cache identifier cosmos_cache__verdanta_daily__dbt_daily for current version: 0.12817558799997641","logger":"cosmos.cache","filename":"cache.py","lineno":401}
{"timestamp":"2026-09-06T10:55:54.099591Z","level":"info","event":"Cosmos performance [4daed8617553|1397]: The cache size for cosmos_cache__verdanta_daily__dbt_daily is 81420","logger":"cosmos.dbt.graph","filename":"graph.py","lineno":886}
{"timestamp":"2026-09-06T10:55:54.102470Z","level":"info","event":"Cosmos performance: Cache hit for cosmos_cache__verdanta_daily__dbt_daily - cec7d2b2130ad93ca8be26282ae433fd,f50552a3029f27b43be4a74a78877897","logger":"cosmos.dbt.graph","filename":"graph.py","lineno":898}
{"timestamp":"2026-09-06T10:55:54.102660Z","level":"info","event":"Total nodes: 91","logger":"cosmos.dbt.graph","filename":"graph.py","lineno":799}
{"timestamp":"2026-09-06T10:55:54.102725Z","level":"info","event":"Total filtered nodes: 91","logger":"cosmos.dbt.graph","filename":"graph.py","lineno":800}
{"timestamp":"2026-09-06T10:55:54.102791Z","level":"info","event":"Cosmos performance (verdanta_daily__dbt_daily) - [4daed8617553|1397]: It took 0.149s to parse the dbt project for DAG using LoadMode.DBT_LS_CACHE","logger":"cosmos.converter","filename":"converter.py","lineno":371}
{"timestamp":"2026-09-06T10:55:54.178505Z","level":"info","event":"Cosmos performance (verdanta_daily__dbt_daily) - [4daed8617553|1397]: It took 0.0757s to build the Airflow DAG.","logger":"cosmos.converter","filename":"converter.py","lineno":423}
{"timestamp":"2026-09-06T10:55:54.178675Z","level":"info","event":"::endgroup::Cosmos DAG parsing logs","logger":"cosmos.converter","filename":"converter.py","lineno":430}
{"timestamp":"2026-09-06T10:55:54.179269Z","level":"warning","event":"Using Variable.get from `airflow.models` is deprecated.Please use `get` on Variable from sdk(`airflow.sdk.Variable`) instead","category":"UserWarning","filename":"/home/airflow/.local/lib/python3.13/site-packages/airflow/models/variable.py","lineno":158,"logger":"py.warnings"}
{"timestamp":"2026-09-06T10:56:25.111277Z","level":"info","event":"Filling up the DagBag from /opt/airflow/dags/verdanta_daily.py","logger":"airflow.dag_processing.dagbag.BundleDagBag","filename":"dagbag.py","lineno":469}
{"timestamp":"2026-09-06T10:56:25.175949Z","level":"info","event":"::group::Cosmos DAG parsing logs","logger":"cosmos.converter","filename":"converter.py","lineno":321}
{"timestamp":"2026-09-06T10:56:25.179283Z","level":"info","event":"Cosmos cache dir resolved to /tmp/cosmos/verdanta_daily__dbt_daily","logger":"cosmos.converter","filename":"converter.py","lineno":346}
{"timestamp":"2026-09-06T10:56:25.179548Z","level":"info","event":"Trying to parse the dbt project using dbt ls cache cosmos_cache__verdanta_daily__dbt_daily...","logger":"cosmos.dbt.graph","filename":"graph.py","lineno":869}
{"timestamp":"2026-09-06T10:56:25.317115Z","level":"info","event":"Cosmos performance: time to calculate cache identifier cosmos_cache__verdanta_daily__dbt_daily for current version: 0.12226608599985411","logger":"cosmos.cache","filename":"cache.py","lineno":401}
{"timestamp":"2026-09-06T10:56:25.317341Z","level":"info","event":"Cosmos performance [4daed8617553|1407]: The cache size for cosmos_cache__verdanta_daily__dbt_daily is 81420","logger":"cosmos.dbt.graph","filename":"graph.py","lineno":886}
{"timestamp":"2026-09-06T10:56:25.320292Z","level":"info","event":"Cosmos performance: Cache hit for cosmos_cache__verdanta_daily__dbt_daily - cec7d2b2130ad93ca8be26282ae433fd,f50552a3029f27b43be4a74a78877897","logger":"cosmos.dbt.graph","filename":"graph.py","lineno":898}
{"timestamp":"2026-09-06T10:56:25.320582Z","level":"info","event":"Total nodes: 91","logger":"cosmos.dbt.graph","filename":"graph.py","lineno":799}
{"timestamp":"2026-09-06T10:56:25.320660Z","level":"info","event":"Total filtered nodes: 91","logger":"cosmos.dbt.graph","filename":"graph.py","lineno":800}
{"timestamp":"2026-09-06T10:56:25.320757Z","level":"info","event":"Cosmos performance (verdanta_daily__dbt_daily) - [4daed8617553|1407]: It took 0.141s to parse the dbt project for DAG using LoadMode.DBT_LS_CACHE","logger":"cosmos.converter","filename":"converter.py","lineno":371}
{"timestamp":"2026-09-06T10:56:25.390315Z","level":"info","event":"Cosmos performance (verdanta_daily__dbt_daily) - [4daed8617553|1407]: It took 0.0695s to build the Airflow DAG.","logger":"cosmos.converter","filename":"converter.py","lineno":423}
{"timestamp":"2026-09-06T10:56:25.390479Z","level":"info","event":"::endgroup::Cosmos DAG parsing logs","logger":"cosmos.converter","filename":"converter.py","lineno":430}
{"timestamp":"2026-09-06T10:56:25.391083Z","level":"warning","event":"Using Variable.get from `airflow.models` is deprecated.Please use `get` on Variable from sdk(`airflow.sdk.Variable`) instead","category":"UserWarning","filename":"/home/airflow/.local/lib/python3.13/site-packages/airflow/models/variable.py","lineno":158,"logger":"py.warnings"}
{"timestamp":"2026-09-06T10:56:56.339962Z","level":"info","event":"Filling up the DagBag from /opt/airflow/dags/verdanta_daily.py","logger":"airflow.dag_processing.dagbag.BundleDagBag","filename":"dagbag.py","lineno":469}
{"timestamp":"2026-09-06T10:56:56.402608Z","level":"info","event":"::group::Cosmos DAG parsing logs","logger":"cosmos.converter","filename":"converter.py","lineno":321}
{"timestamp":"2026-09-06T10:56:56.405911Z","level":"info","event":"Cosmos cache dir resolved to /tmp/cosmos/verdanta_daily__dbt_daily","logger":"cosmos.converter","filename":"converter.py","lineno":346}
{"timestamp":"2026-09-06T10:56:56.406102Z","level":"info","event":"Trying to parse the dbt project using dbt ls cache cosmos_cache__verdanta_daily__dbt_daily...","logger":"cosmos.dbt.graph","filename":"graph.py","lineno":869}
{"timestamp":"2026-09-06T10:56:56.543378Z","level":"info","event":"Cosmos performance: time to calculate cache identifier cosmos_cache__verdanta_daily__dbt_daily for current version: 0.12154002300030697","logger":"cosmos.cache","filename":"cache.py","lineno":401}
{"timestamp":"2026-09-06T10:56:56.543643Z","level":"info","event":"Cosmos performance [4daed8617553|1424]: The cache size for cosmos_cache__verdanta_daily__dbt_daily is 81420","logger":"cosmos.dbt.graph","filename":"graph.py","lineno":886}
{"timestamp":"2026-09-06T10:56:56.546249Z","level":"info","event":"Cosmos performance: Cache hit for cosmos_cache__verdanta_daily__dbt_daily - cec7d2b2130ad93ca8be26282ae433fd,f50552a3029f27b43be4a74a78877897","logger":"cosmos.dbt.graph","filename":"graph.py","lineno":898}
{"timestamp":"2026-09-06T10:56:56.546458Z","level":"info","event":"Total nodes: 91","logger":"cosmos.dbt.graph","filename":"graph.py","lineno":799}
{"timestamp":"2026-09-06T10:56:56.546523Z","level":"info","event":"Total filtered nodes: 91","logger":"cosmos.dbt.graph","filename":"graph.py","lineno":800}
{"timestamp":"2026-09-06T10:56:56.546588Z","level":"info","event":"Cosmos performance (verdanta_daily__dbt_daily) - [4daed8617553|1424]: It took 0.141s to parse the dbt project for DAG using LoadMode.DBT_LS_CACHE","logger":"cosmos.converter","filename":"converter.py","lineno":371}
{"timestamp":"2026-09-06T10:56:56.615571Z","level":"info","event":"Cosmos performance (verdanta_daily__dbt_daily) - [4daed8617553|1424]: It took 0.0688s to build the Airflow DAG.","logger":"cosmos.converter","filename":"converter.py","lineno":423}
{"timestamp":"2026-09-06T10:56:56.615773Z","level":"info","event":"::endgroup::Cosmos DAG parsing logs","logger":"cosmos.converter","filename":"converter.py","lineno":430}
{"timestamp":"2026-09-06T10:56:56.616336Z","level":"warning","event":"Using Variable.get from `airflow.models` is deprecated.Please use `get` on Variable from sdk(`airflow.sdk.Variable`) instead","category":"UserWarning","filename":"/home/airflow/.local/lib/python3.13/site-packages/airflow/models/variable.py","lineno":158,"logger":"py.warnings"}
{"timestamp":"2026-09-06T10:57:27.559801Z","level":"info","event":"Filling up the DagBag from /opt/airflow/dags/verdanta_daily.py","logger":"airflow.dag_processing.dagbag.BundleDagBag","filename":"dagbag.py","lineno":469}
{"timestamp":"2026-09-06T10:57:27.623212Z","level":"info","event":"::group::Cosmos DAG parsing logs","logger":"cosmos.converter","filename":"converter.py","lineno":321}
{"timestamp":"2026-09-06T10:57:27.626428Z","level":"info","event":"Cosmos cache dir resolved to /tmp/cosmos/verdanta_daily__dbt_daily","logger":"cosmos.converter","filename":"converter.py","lineno":346}
{"timestamp":"2026-09-06T10:57:27.626655Z","level":"info","event":"Trying to parse the dbt project using dbt ls cache cosmos_cache__verdanta_daily__dbt_daily...","logger":"cosmos.dbt.graph","filename":"graph.py","lineno":869}
{"timestamp":"2026-09-06T10:57:27.763574Z","level":"info","event":"Cosmos performance: time to calculate cache identifier cosmos_cache__verdanta_daily__dbt_daily for current version: 0.12233301600008417","logger":"cosmos.cache","filename":"cache.py","lineno":401}
{"timestamp":"2026-09-06T10:57:27.763796Z","level":"info","event":"Cosmos performance [4daed8617553|1441]: The cache size for cosmos_cache__verdanta_daily__dbt_daily is 81420","logger":"cosmos.dbt.graph","filename":"graph.py","lineno":886}
{"timestamp":"2026-09-06T10:57:27.766430Z","level":"info","event":"Cosmos performance: Cache hit for cosmos_cache__verdanta_daily__dbt_daily - cec7d2b2130ad93ca8be26282ae433fd,f50552a3029f27b43be4a74a78877897","logger":"cosmos.dbt.graph","filename":"graph.py","lineno":898}
{"timestamp":"2026-09-06T10:57:27.766615Z","level":"info","event":"Total nodes: 91","logger":"cosmos.dbt.graph","filename":"graph.py","lineno":799}
{"timestamp":"2026-09-06T10:57:27.766679Z","level":"info","event":"Total filtered nodes: 91","logger":"cosmos.dbt.graph","filename":"graph.py","lineno":800}
{"timestamp":"2026-09-06T10:57:27.766741Z","level":"info","event":"Cosmos performance (verdanta_daily__dbt_daily) - [4daed8617553|1441]: It took 0.142s to parse the dbt project for DAG using LoadMode.DBT_LS_CACHE","logger":"cosmos.converter","filename":"converter.py","lineno":371}
{"timestamp":"2026-09-06T10:57:27.836799Z","level":"info","event":"Cosmos performance (verdanta_daily__dbt_daily) - [4daed8617553|1441]: It took 0.07s to build the Airflow DAG.","logger":"cosmos.converter","filename":"converter.py","lineno":423}
{"timestamp":"2026-09-06T10:57:27.836974Z","level":"info","event":"::endgroup::Cosmos DAG parsing logs","logger":"cosmos.converter","filename":"converter.py","lineno":430}
{"timestamp":"2026-09-06T10:57:27.837565Z","level":"warning","event":"Using Variable.get from `airflow.models` is deprecated.Please use `get` on Variable from sdk(`airflow.sdk.Variable`) instead","category":"UserWarning","filename":"/home/airflow/.local/lib/python3.13/site-packages/airflow/models/variable.py","lineno":158,"logger":"py.warnings"}
{"timestamp":"2026-09-06T10:57:58.802295Z","level":"info","event":"Filling up the DagBag from /opt/airflow/dags/verdanta_daily.py","logger":"airflow.dag_processing.dagbag.BundleDagBag","filename":"dagbag.py","lineno":469}
{"timestamp":"2026-09-06T10:57:58.868291Z","level":"info","event":"::group::Cosmos DAG parsing logs","logger":"cosmos.converter","filename":"converter.py","lineno":321}
{"timestamp":"2026-09-06T10:57:58.871359Z","level":"info","event":"Cosmos cache dir resolved to /tmp/cosmos/verdanta_daily__dbt_daily","logger":"cosmos.converter","filename":"converter.py","lineno":346}
{"timestamp":"2026-09-06T10:57:58.871559Z","level":"info","event":"Trying to parse the dbt project using dbt ls cache cosmos_cache__verdanta_daily__dbt_daily...","logger":"cosmos.dbt.graph","filename":"graph.py","lineno":869}
{"timestamp":"2026-09-06T10:57:59.010248Z","level":"info","event":"Cosmos performance: time to calculate cache identifier cosmos_cache__verdanta_daily__dbt_daily for current version: 0.12248910300013449","logger":"cosmos.cache","filename":"cache.py","lineno":401}
{"timestamp":"2026-09-06T10:57:59.010462Z","level":"info","event":"Cosmos performance [4daed8617553|1458]: The cache size for cosmos_cache__verdanta_daily__dbt_daily is 81420","logger":"cosmos.dbt.graph","filename":"graph.py","lineno":886}
{"timestamp":"2026-09-06T10:57:59.013220Z","level":"info","event":"Cosmos performance: Cache hit for cosmos_cache__verdanta_daily__dbt_daily - cec7d2b2130ad93ca8be26282ae433fd,f50552a3029f27b43be4a74a78877897","logger":"cosmos.dbt.graph","filename":"graph.py","lineno":898}
{"timestamp":"2026-09-06T10:57:59.013397Z","level":"info","event":"Total nodes: 91","logger":"cosmos.dbt.graph","filename":"graph.py","lineno":799}
{"timestamp":"2026-09-06T10:57:59.013458Z","level":"info","event":"Total filtered nodes: 91","logger":"cosmos.dbt.graph","filename":"graph.py","lineno":800}
{"timestamp":"2026-09-06T10:57:59.013522Z","level":"info","event":"Cosmos performance (verdanta_daily__dbt_daily) - [4daed8617553|1458]: It took 0.142s to parse the dbt project for DAG using LoadMode.DBT_LS_CACHE","logger":"cosmos.converter","filename":"converter.py","lineno":371}
{"timestamp":"2026-09-06T10:57:59.083664Z","level":"info","event":"Cosmos performance (verdanta_daily__dbt_daily) - [4daed8617553|1458]: It took 0.0701s to build the Airflow DAG.","logger":"cosmos.converter","filename":"converter.py","lineno":423}
{"timestamp":"2026-09-06T10:57:59.084184Z","level":"info","event":"::endgroup::Cosmos DAG parsing logs","logger":"cosmos.converter","filename":"converter.py","lineno":430}
{"timestamp":"2026-09-06T10:57:59.084817Z","level":"warning","event":"Using Variable.get from `airflow.models` is deprecated.Please use `get` on Variable from sdk(`airflow.sdk.Variable`) instead","category":"UserWarning","filename":"/home/airflow/.local/lib/python3.13/site-packages/airflow/models/variable.py","lineno":158,"logger":"py.warnings"}
{"timestamp":"2026-09-06T10:58:29.210322Z","level":"info","event":"Filling up the DagBag from /opt/airflow/dags/verdanta_daily.py","logger":"airflow.dag_processing.dagbag.BundleDagBag","filename":"dagbag.py","lineno":469}
{"timestamp":"2026-09-06T10:58:29.285603Z","level":"info","event":"::group::Cosmos DAG parsing logs","logger":"cosmos.converter","filename":"converter.py","lineno":321}
{"timestamp":"2026-09-06T10:58:29.289271Z","level":"info","event":"Cosmos cache dir resolved to /tmp/cosmos/verdanta_daily__dbt_daily","logger":"cosmos.converter","filename":"converter.py","lineno":346}
{"timestamp":"2026-09-06T10:58:29.289522Z","level":"info","event":"Trying to parse the dbt project using dbt ls cache cosmos_cache__verdanta_daily__dbt_daily...","logger":"cosmos.dbt.graph","filename":"graph.py","lineno":869}
{"timestamp":"2026-09-06T10:58:29.432614Z","level":"info","event":"Cosmos performance: time to calculate cache identifier cosmos_cache__verdanta_daily__dbt_daily for current version: 0.1268646200001058","logger":"cosmos.cache","filename":"cache.py","lineno":401}
{"timestamp":"2026-09-06T10:58:29.432941Z","level":"info","event":"Cosmos performance [4daed8617553|1475]: The cache size for cosmos_cache__verdanta_daily__dbt_daily is 81420","logger":"cosmos.dbt.graph","filename":"graph.py","lineno":886}
{"timestamp":"2026-09-06T10:58:29.436110Z","level":"info","event":"Cosmos performance: Cache hit for cosmos_cache__verdanta_daily__dbt_daily - cec7d2b2130ad93ca8be26282ae433fd,f50552a3029f27b43be4a74a78877897","logger":"cosmos.dbt.graph","filename":"graph.py","lineno":898}
{"timestamp":"2026-09-06T10:58:29.436333Z","level":"info","event":"Total nodes: 91","logger":"cosmos.dbt.graph","filename":"graph.py","lineno":799}
{"timestamp":"2026-09-06T10:58:29.436400Z","level":"info","event":"Total filtered nodes: 91","logger":"cosmos.dbt.graph","filename":"graph.py","lineno":800}
{"timestamp":"2026-09-06T10:58:29.436466Z","level":"info","event":"Cosmos performance (verdanta_daily__dbt_daily) - [4daed8617553|1475]: It took 0.147s to parse the dbt project for DAG using LoadMode.DBT_LS_CACHE","logger":"cosmos.converter","filename":"converter.py","lineno":371}
{"timestamp":"2026-09-06T10:58:29.508875Z","level":"info","event":"Cosmos performance (verdanta_daily__dbt_daily) - [4daed8617553|1475]: It took 0.0723s to build the Airflow DAG.","logger":"cosmos.converter","filename":"converter.py","lineno":423}
{"timestamp":"2026-09-06T10:58:29.509063Z","level":"info","event":"::endgroup::Cosmos DAG parsing logs","logger":"cosmos.converter","filename":"converter.py","lineno":430}
{"timestamp":"2026-09-06T10:58:29.509750Z","level":"warning","event":"Using Variable.get from `airflow.models` is deprecated.Please use `get` on Variable from sdk(`airflow.sdk.Variable`) instead","category":"UserWarning","filename":"/home/airflow/.local/lib/python3.13/site-packages/airflow/models/variable.py","lineno":158,"logger":"py.warnings"}
{"timestamp":"2026-09-06T10:59:00.480590Z","level":"info","event":"Filling up the DagBag from /opt/airflow/dags/verdanta_daily.py","logger":"airflow.dag_processing.dagbag.BundleDagBag","filename":"dagbag.py","lineno":469}
{"timestamp":"2026-09-06T10:59:00.559117Z","level":"info","event":"::group::Cosmos DAG parsing logs","logger":"cosmos.converter","filename":"converter.py","lineno":321}
{"timestamp":"2026-09-06T10:59:00.563106Z","level":"info","event":"Cosmos cache dir resolved to /tmp/cosmos/verdanta_daily__dbt_daily","logger":"cosmos.converter","filename":"converter.py","lineno":346}
{"timestamp":"2026-09-06T10:59:00.563284Z","level":"info","event":"Trying to parse the dbt project using dbt ls cache cosmos_cache__verdanta_daily__dbt_daily...","logger":"cosmos.dbt.graph","filename":"graph.py","lineno":869}
{"timestamp":"2026-09-06T10:59:00.730980Z","level":"info","event":"Cosmos performance: time to calculate cache identifier cosmos_cache__verdanta_daily__dbt_daily for current version: 0.15343797600007747","logger":"cosmos.cache","filename":"cache.py","lineno":401}
{"timestamp":"2026-09-06T10:59:00.731594Z","level":"info","event":"Cosmos performance [4daed8617553|1492]: The cache size for cosmos_cache__verdanta_daily__dbt_daily is 81420","logger":"cosmos.dbt.graph","filename":"graph.py","lineno":886}
{"timestamp":"2026-09-06T10:59:00.739696Z","level":"info","event":"Cosmos performance: Cache hit for cosmos_cache__verdanta_daily__dbt_daily - cec7d2b2130ad93ca8be26282ae433fd,f50552a3029f27b43be4a74a78877897","logger":"cosmos.dbt.graph","filename":"graph.py","lineno":898}
{"timestamp":"2026-09-06T10:59:00.740110Z","level":"info","event":"Total nodes: 91","logger":"cosmos.dbt.graph","filename":"graph.py","lineno":799}
{"timestamp":"2026-09-06T10:59:00.740245Z","level":"info","event":"Total filtered nodes: 91","logger":"cosmos.dbt.graph","filename":"graph.py","lineno":800}
{"timestamp":"2026-09-06T10:59:00.740389Z","level":"info","event":"Cosmos performance (verdanta_daily__dbt_daily) - [4daed8617553|1492]: It took 0.177s to parse the dbt project for DAG using LoadMode.DBT_LS_CACHE","logger":"cosmos.converter","filename":"converter.py","lineno":371}
{"timestamp":"2026-09-06T10:59:00.820341Z","level":"info","event":"Cosmos performance (verdanta_daily__dbt_daily) - [4daed8617553|1492]: It took 0.0799s to build the Airflow DAG.","logger":"cosmos.converter","filename":"converter.py","lineno":423}
{"timestamp":"2026-09-06T10:59:00.820515Z","level":"info","event":"::endgroup::Cosmos DAG parsing logs","logger":"cosmos.converter","filename":"converter.py","lineno":430}
{"timestamp":"2026-09-06T10:59:00.821211Z","level":"warning","event":"Using Variable.get from `airflow.models` is deprecated.Please use `get` on Variable from sdk(`airflow.sdk.Variable`) instead","category":"UserWarning","filename":"/home/airflow/.local/lib/python3.13/site-packages/airflow/models/variable.py","lineno":158,"logger":"py.warnings"}
{"timestamp":"2026-09-06T10:59:31.910383Z","level":"info","event":"Filling up the DagBag from /opt/airflow/dags/verdanta_daily.py","logger":"airflow.dag_processing.dagbag.BundleDagBag","filename":"dagbag.py","lineno":469}
{"timestamp":"2026-09-06T10:59:31.982853Z","level":"info","event":"::group::Cosmos DAG parsing logs","logger":"cosmos.converter","filename":"converter.py","lineno":321}
{"timestamp":"2026-09-06T10:59:31.986623Z","level":"info","event":"Cosmos cache dir resolved to /tmp/cosmos/verdanta_daily__dbt_daily","logger":"cosmos.converter","filename":"converter.py","lineno":346}
{"timestamp":"2026-09-06T10:59:31.986905Z","level":"info","event":"Trying to parse the dbt project using dbt ls cache cosmos_cache__verdanta_daily__dbt_daily...","logger":"cosmos.dbt.graph","filename":"graph.py","lineno":869}
{"timestamp":"2026-09-06T10:59:32.137632Z","level":"info","event":"Cosmos performance: time to calculate cache identifier cosmos_cache__verdanta_daily__dbt_daily for current version: 0.13202925299992785","logger":"cosmos.cache","filename":"cache.py","lineno":401}
{"timestamp":"2026-09-06T10:59:32.137886Z","level":"info","event":"Cosmos performance [4daed8617553|1509]: The cache size for cosmos_cache__verdanta_daily__dbt_daily is 81420","logger":"cosmos.dbt.graph","filename":"graph.py","lineno":886}
{"timestamp":"2026-09-06T10:59:32.140771Z","level":"info","event":"Cosmos performance: Cache hit for cosmos_cache__verdanta_daily__dbt_daily - cec7d2b2130ad93ca8be26282ae433fd,f50552a3029f27b43be4a74a78877897","logger":"cosmos.dbt.graph","filename":"graph.py","lineno":898}
{"timestamp":"2026-09-06T10:59:32.140961Z","level":"info","event":"Total nodes: 91","logger":"cosmos.dbt.graph","filename":"graph.py","lineno":799}
{"timestamp":"2026-09-06T10:59:32.141023Z","level":"info","event":"Total filtered nodes: 91","logger":"cosmos.dbt.graph","filename":"graph.py","lineno":800}
{"timestamp":"2026-09-06T10:59:32.141088Z","level":"info","event":"Cosmos performance (verdanta_daily__dbt_daily) - [4daed8617553|1509]: It took 0.154s to parse the dbt project for DAG using LoadMode.DBT_LS_CACHE","logger":"cosmos.converter","filename":"converter.py","lineno":371}
{"timestamp":"2026-09-06T10:59:32.216310Z","level":"info","event":"Cosmos performance (verdanta_daily__dbt_daily) - [4daed8617553|1509]: It took 0.0752s to build the Airflow DAG.","logger":"cosmos.converter","filename":"converter.py","lineno":423}
{"timestamp":"2026-09-06T10:59:32.216476Z","level":"info","event":"::endgroup::Cosmos DAG parsing logs","logger":"cosmos.converter","filename":"converter.py","lineno":430}
{"timestamp":"2026-09-06T10:59:32.217053Z","level":"warning","event":"Using Variable.get from `airflow.models` is deprecated.Please use `get` on Variable from sdk(`airflow.sdk.Variable`) instead","category":"UserWarning","filename":"/home/airflow/.local/lib/python3.13/site-packages/airflow/models/variable.py","lineno":158,"logger":"py.warnings"}
{"timestamp":"2026-09-06T11:00:02.345870Z","level":"info","event":"Filling up the DagBag from /opt/airflow/dags/verdanta_daily.py","logger":"airflow.dag_processing.dagbag.BundleDagBag","filename":"dagbag.py","lineno":469}
{"timestamp":"2026-09-06T11:00:02.436498Z","level":"info","event":"::group::Cosmos DAG parsing logs","logger":"cosmos.converter","filename":"converter.py","lineno":321}
{"timestamp":"2026-09-06T11:00:02.440493Z","level":"info","event":"Cosmos cache dir resolved to /tmp/cosmos/verdanta_daily__dbt_daily","logger":"cosmos.converter","filename":"converter.py","lineno":346}
{"timestamp":"2026-09-06T11:00:02.440711Z","level":"info","event":"Trying to parse the dbt project using dbt ls cache cosmos_cache__verdanta_daily__dbt_daily...","logger":"cosmos.dbt.graph","filename":"graph.py","lineno":869}
{"timestamp":"2026-09-06T11:00:02.584002Z","level":"info","event":"Cosmos performance: time to calculate cache identifier cosmos_cache__verdanta_daily__dbt_daily for current version: 0.12926792300004308","logger":"cosmos.cache","filename":"cache.py","lineno":401}
{"timestamp":"2026-09-06T11:00:02.584264Z","level":"info","event":"Cosmos performance [4daed8617553|1526]: The cache size for cosmos_cache__verdanta_daily__dbt_daily is 81420","logger":"cosmos.dbt.graph","filename":"graph.py","lineno":886}
{"timestamp":"2026-09-06T11:00:02.587325Z","level":"info","event":"Cosmos performance: Cache hit for cosmos_cache__verdanta_daily__dbt_daily - cec7d2b2130ad93ca8be26282ae433fd,f50552a3029f27b43be4a74a78877897","logger":"cosmos.dbt.graph","filename":"graph.py","lineno":898}
{"timestamp":"2026-09-06T11:00:02.587515Z","level":"info","event":"Total nodes: 91","logger":"cosmos.dbt.graph","filename":"graph.py","lineno":799}
{"timestamp":"2026-09-06T11:00:02.587594Z","level":"info","event":"Total filtered nodes: 91","logger":"cosmos.dbt.graph","filename":"graph.py","lineno":800}
{"timestamp":"2026-09-06T11:00:02.587683Z","level":"info","event":"Cosmos performance (verdanta_daily__dbt_daily) - [4daed8617553|1526]: It took 0.147s to parse the dbt project for DAG using LoadMode.DBT_LS_CACHE","logger":"cosmos.converter","filename":"converter.py","lineno":371}
{"timestamp":"2026-09-06T11:00:02.661217Z","level":"info","event":"Cosmos performance (verdanta_daily__dbt_daily) - [4daed8617553|1526]: It took 0.0735s to build the Airflow DAG.","logger":"cosmos.converter","filename":"converter.py","lineno":423}
{"timestamp":"2026-09-06T11:00:02.661403Z","level":"info","event":"::endgroup::Cosmos DAG parsing logs","logger":"cosmos.converter","filename":"converter.py","lineno":430}
{"timestamp":"2026-09-06T11:00:02.662046Z","level":"warning","event":"Using Variable.get from `airflow.models` is deprecated.Please use `get` on Variable from sdk(`airflow.sdk.Variable`) instead","category":"UserWarning","filename":"/home/airflow/.local/lib/python3.13/site-packages/airflow/models/variable.py","lineno":158,"logger":"py.warnings"}
{"timestamp":"2026-09-06T11:00:33.658426Z","level":"info","event":"Filling up the DagBag from /opt/airflow/dags/verdanta_daily.py","logger":"airflow.dag_processing.dagbag.BundleDagBag","filename":"dagbag.py","lineno":469}
{"timestamp":"2026-09-06T11:00:33.727767Z","level":"info","event":"::group::Cosmos DAG parsing logs","logger":"cosmos.converter","filename":"converter.py","lineno":321}
{"timestamp":"2026-09-06T11:00:33.731443Z","level":"info","event":"Cosmos cache dir resolved to /tmp/cosmos/verdanta_daily__dbt_daily","logger":"cosmos.converter","filename":"converter.py","lineno":346}
{"timestamp":"2026-09-06T11:00:33.731609Z","level":"info","event":"Trying to parse the dbt project using dbt ls cache cosmos_cache__verdanta_daily__dbt_daily...","logger":"cosmos.dbt.graph","filename":"graph.py","lineno":869}
{"timestamp":"2026-09-06T11:00:33.865308Z","level":"info","event":"Cosmos performance: time to calculate cache identifier cosmos_cache__verdanta_daily__dbt_daily for current version: 0.11870959799989578","logger":"cosmos.cache","filename":"cache.py","lineno":401}
{"timestamp":"2026-09-06T11:00:33.865549Z","level":"info","event":"Cosmos performance [4daed8617553|1543]: The cache size for cosmos_cache__verdanta_daily__dbt_daily is 81420","logger":"cosmos.dbt.graph","filename":"graph.py","lineno":886}
{"timestamp":"2026-09-06T11:00:33.868563Z","level":"info","event":"Cosmos performance: Cache hit for cosmos_cache__verdanta_daily__dbt_daily - cec7d2b2130ad93ca8be26282ae433fd,f50552a3029f27b43be4a74a78877897","logger":"cosmos.dbt.graph","filename":"graph.py","lineno":898}
{"timestamp":"2026-09-06T11:00:33.868766Z","level":"info","event":"Total nodes: 91","logger":"cosmos.dbt.graph","filename":"graph.py","lineno":799}
{"timestamp":"2026-09-06T11:00:33.868830Z","level":"info","event":"Total filtered nodes: 91","logger":"cosmos.dbt.graph","filename":"graph.py","lineno":800}
{"timestamp":"2026-09-06T11:00:33.868893Z","level":"info","event":"Cosmos performance (verdanta_daily__dbt_daily) - [4daed8617553|1543]: It took 0.137s to parse the dbt project for DAG using LoadMode.DBT_LS_CACHE","logger":"cosmos.converter","filename":"converter.py","lineno":371}
{"timestamp":"2026-09-06T11:00:33.938442Z","level":"info","event":"Cosmos performance (verdanta_daily__dbt_daily) - [4daed8617553|1543]: It took 0.0695s to build the Airflow DAG.","logger":"cosmos.converter","filename":"converter.py","lineno":423}
{"timestamp":"2026-09-06T11:00:33.938600Z","level":"info","event":"::endgroup::Cosmos DAG parsing logs","logger":"cosmos.converter","filename":"converter.py","lineno":430}
{"timestamp":"2026-09-06T11:00:33.939112Z","level":"warning","event":"Using Variable.get from `airflow.models` is deprecated.Please use `get` on Variable from sdk(`airflow.sdk.Variable`) instead","category":"UserWarning","filename":"/home/airflow/.local/lib/python3.13/site-packages/airflow/models/variable.py","lineno":158,"logger":"py.warnings"}
{"timestamp":"2026-09-06T11:01:04.904384Z","level":"info","event":"Filling up the DagBag from /opt/airflow/dags/verdanta_daily.py","logger":"airflow.dag_processing.dagbag.BundleDagBag","filename":"dagbag.py","lineno":469}
{"timestamp":"2026-09-06T11:01:04.965899Z","level":"info","event":"::group::Cosmos DAG parsing logs","logger":"cosmos.converter","filename":"converter.py","lineno":321}
{"timestamp":"2026-09-06T11:01:04.969046Z","level":"info","event":"Cosmos cache dir resolved to /tmp/cosmos/verdanta_daily__dbt_daily","logger":"cosmos.converter","filename":"converter.py","lineno":346}
{"timestamp":"2026-09-06T11:01:04.969248Z","level":"info","event":"Trying to parse the dbt project using dbt ls cache cosmos_cache__verdanta_daily__dbt_daily...","logger":"cosmos.dbt.graph","filename":"graph.py","lineno":869}
{"timestamp":"2026-09-06T11:01:05.100703Z","level":"info","event":"Cosmos performance: time to calculate cache identifier cosmos_cache__verdanta_daily__dbt_daily for current version: 0.11612516600007439","logger":"cosmos.cache","filename":"cache.py","lineno":401}
{"timestamp":"2026-09-06T11:01:05.100917Z","level":"info","event":"Cosmos performance [4daed8617553|1560]: The cache size for cosmos_cache__verdanta_daily__dbt_daily is 81420","logger":"cosmos.dbt.graph","filename":"graph.py","lineno":886}
{"timestamp":"2026-09-06T11:01:05.103447Z","level":"info","event":"Cosmos performance: Cache hit for cosmos_cache__verdanta_daily__dbt_daily - cec7d2b2130ad93ca8be26282ae433fd,f50552a3029f27b43be4a74a78877897","logger":"cosmos.dbt.graph","filename":"graph.py","lineno":898}
{"timestamp":"2026-09-06T11:01:05.103635Z","level":"info","event":"Total nodes: 91","logger":"cosmos.dbt.graph","filename":"graph.py","lineno":799}
{"timestamp":"2026-09-06T11:01:05.103696Z","level":"info","event":"Total filtered nodes: 91","logger":"cosmos.dbt.graph","filename":"graph.py","lineno":800}
{"timestamp":"2026-09-06T11:01:05.103759Z","level":"info","event":"Cosmos performance (verdanta_daily__dbt_daily) - [4daed8617553|1560]: It took 0.135s to parse the dbt project for DAG using LoadMode.DBT_LS_CACHE","logger":"cosmos.converter","filename":"converter.py","lineno":371}
{"timestamp":"2026-09-06T11:01:05.171836Z","level":"info","event":"Cosmos performance (verdanta_daily__dbt_daily) - [4daed8617553|1560]: It took 0.068s to build the Airflow DAG.","logger":"cosmos.converter","filename":"converter.py","lineno":423}
{"timestamp":"2026-09-06T11:01:05.172046Z","level":"info","event":"::endgroup::Cosmos DAG parsing logs","logger":"cosmos.converter","filename":"converter.py","lineno":430}
{"timestamp":"2026-09-06T11:01:05.172564Z","level":"warning","event":"Using Variable.get from `airflow.models` is deprecated.Please use `get` on Variable from sdk(`airflow.sdk.Variable`) instead","category":"UserWarning","filename":"/home/airflow/.local/lib/python3.13/site-packages/airflow/models/variable.py","lineno":158,"logger":"py.warnings"}
{"timestamp":"2026-09-06T11:01:36.108198Z","level":"info","event":"Filling up the DagBag from /opt/airflow/dags/verdanta_daily.py","logger":"airflow.dag_processing.dagbag.BundleDagBag","filename":"dagbag.py","lineno":469}
{"timestamp":"2026-09-06T11:01:36.171909Z","level":"info","event":"::group::Cosmos DAG parsing logs","logger":"cosmos.converter","filename":"converter.py","lineno":321}
{"timestamp":"2026-09-06T11:01:36.175062Z","level":"info","event":"Cosmos cache dir resolved to /tmp/cosmos/verdanta_daily__dbt_daily","logger":"cosmos.converter","filename":"converter.py","lineno":346}
{"timestamp":"2026-09-06T11:01:36.175257Z","level":"info","event":"Trying to parse the dbt project using dbt ls cache cosmos_cache__verdanta_daily__dbt_daily...","logger":"cosmos.dbt.graph","filename":"graph.py","lineno":869}
{"timestamp":"2026-09-06T11:01:36.314982Z","level":"info","event":"Cosmos performance: time to calculate cache identifier cosmos_cache__verdanta_daily__dbt_daily for current version: 0.12381213000026037","logger":"cosmos.cache","filename":"cache.py","lineno":401}
{"timestamp":"2026-09-06T11:01:36.315198Z","level":"info","event":"Cosmos performance [4daed8617553|1577]: The cache size for cosmos_cache__verdanta_daily__dbt_daily is 81420","logger":"cosmos.dbt.graph","filename":"graph.py","lineno":886}
{"timestamp":"2026-09-06T11:01:36.317764Z","level":"info","event":"Cosmos performance: Cache hit for cosmos_cache__verdanta_daily__dbt_daily - cec7d2b2130ad93ca8be26282ae433fd,f50552a3029f27b43be4a74a78877897","logger":"cosmos.dbt.graph","filename":"graph.py","lineno":898}
{"timestamp":"2026-09-06T11:01:36.317988Z","level":"info","event":"Total nodes: 91","logger":"cosmos.dbt.graph","filename":"graph.py","lineno":799}
{"timestamp":"2026-09-06T11:01:36.318054Z","level":"info","event":"Total filtered nodes: 91","logger":"cosmos.dbt.graph","filename":"graph.py","lineno":800}
{"timestamp":"2026-09-06T11:01:36.318118Z","level":"info","event":"Cosmos performance (verdanta_daily__dbt_daily) - [4daed8617553|1577]: It took 0.143s to parse the dbt project for DAG using LoadMode.DBT_LS_CACHE","logger":"cosmos.converter","filename":"converter.py","lineno":371}
{"timestamp":"2026-09-06T11:01:36.388064Z","level":"info","event":"Cosmos performance (verdanta_daily__dbt_daily) - [4daed8617553|1577]: It took 0.0699s to build the Airflow DAG.","logger":"cosmos.converter","filename":"converter.py","lineno":423}
{"timestamp":"2026-09-06T11:01:36.388250Z","level":"info","event":"::endgroup::Cosmos DAG parsing logs","logger":"cosmos.converter","filename":"converter.py","lineno":430}
{"timestamp":"2026-09-06T11:01:36.388828Z","level":"warning","event":"Using Variable.get from `airflow.models` is deprecated.Please use `get` on Variable from sdk(`airflow.sdk.Variable`) instead","category":"UserWarning","filename":"/home/airflow/.local/lib/python3.13/site-packages/airflow/models/variable.py","lineno":158,"logger":"py.warnings"}
{"timestamp":"2026-09-06T11:02:07.326811Z","level":"info","event":"Filling up the DagBag from /opt/airflow/dags/verdanta_daily.py","logger":"airflow.dag_processing.dagbag.BundleDagBag","filename":"dagbag.py","lineno":469}
{"timestamp":"2026-09-06T11:02:07.391206Z","level":"info","event":"::group::Cosmos DAG parsing logs","logger":"cosmos.converter","filename":"converter.py","lineno":321}
{"timestamp":"2026-09-06T11:02:07.394365Z","level":"info","event":"Cosmos cache dir resolved to /tmp/cosmos/verdanta_daily__dbt_daily","logger":"cosmos.converter","filename":"converter.py","lineno":346}
{"timestamp":"2026-09-06T11:02:07.394569Z","level":"info","event":"Trying to parse the dbt project using dbt ls cache cosmos_cache__verdanta_daily__dbt_daily...","logger":"cosmos.dbt.graph","filename":"graph.py","lineno":869}
{"timestamp":"2026-09-06T11:02:07.531548Z","level":"info","event":"Cosmos performance: time to calculate cache identifier cosmos_cache__verdanta_daily__dbt_daily for current version: 0.12064283000017895","logger":"cosmos.cache","filename":"cache.py","lineno":401}
{"timestamp":"2026-09-06T11:02:07.531776Z","level":"info","event":"Cosmos performance [4daed8617553|1594]: The cache size for cosmos_cache__verdanta_daily__dbt_daily is 81420","logger":"cosmos.dbt.graph","filename":"graph.py","lineno":886}
{"timestamp":"2026-09-06T11:02:07.534680Z","level":"info","event":"Cosmos performance: Cache hit for cosmos_cache__verdanta_daily__dbt_daily - cec7d2b2130ad93ca8be26282ae433fd,f50552a3029f27b43be4a74a78877897","logger":"cosmos.dbt.graph","filename":"graph.py","lineno":898}
{"timestamp":"2026-09-06T11:02:07.534870Z","level":"info","event":"Total nodes: 91","logger":"cosmos.dbt.graph","filename":"graph.py","lineno":799}
{"timestamp":"2026-09-06T11:02:07.534931Z","level":"info","event":"Total filtered nodes: 91","logger":"cosmos.dbt.graph","filename":"graph.py","lineno":800}
{"timestamp":"2026-09-06T11:02:07.534994Z","level":"info","event":"Cosmos performance (verdanta_daily__dbt_daily) - [4daed8617553|1594]: It took 0.141s to parse the dbt project for DAG using LoadMode.DBT_LS_CACHE","logger":"cosmos.converter","filename":"converter.py","lineno":371}
{"timestamp":"2026-09-06T11:02:07.603109Z","level":"info","event":"Cosmos performance (verdanta_daily__dbt_daily) - [4daed8617553|1594]: It took 0.0681s to build the Airflow DAG.","logger":"cosmos.converter","filename":"converter.py","lineno":423}
{"timestamp":"2026-09-06T11:02:07.603283Z","level":"info","event":"::endgroup::Cosmos DAG parsing logs","logger":"cosmos.converter","filename":"converter.py","lineno":430}
{"timestamp":"2026-09-06T11:02:07.603812Z","level":"warning","event":"Using Variable.get from `airflow.models` is deprecated.Please use `get` on Variable from sdk(`airflow.sdk.Variable`) instead","category":"UserWarning","filename":"/home/airflow/.local/lib/python3.13/site-packages/airflow/models/variable.py","lineno":158,"logger":"py.warnings"}
{"timestamp":"2026-09-06T11:02:38.551559Z","level":"info","event":"Filling up the DagBag from /opt/airflow/dags/verdanta_daily.py","logger":"airflow.dag_processing.dagbag.BundleDagBag","filename":"dagbag.py","lineno":469}
{"timestamp":"2026-09-06T11:02:38.617540Z","level":"info","event":"::group::Cosmos DAG parsing logs","logger":"cosmos.converter","filename":"converter.py","lineno":321}
{"timestamp":"2026-09-06T11:02:38.621441Z","level":"info","event":"Cosmos cache dir resolved to /tmp/cosmos/verdanta_daily__dbt_daily","logger":"cosmos.converter","filename":"converter.py","lineno":346}
{"timestamp":"2026-09-06T11:02:38.621641Z","level":"info","event":"Trying to parse the dbt project using dbt ls cache cosmos_cache__verdanta_daily__dbt_daily...","logger":"cosmos.dbt.graph","filename":"graph.py","lineno":869}
{"timestamp":"2026-09-06T11:02:38.757785Z","level":"info","event":"Cosmos performance: time to calculate cache identifier cosmos_cache__verdanta_daily__dbt_daily for current version: 0.12170586000002004","logger":"cosmos.cache","filename":"cache.py","lineno":401}
{"timestamp":"2026-09-06T11:02:38.758021Z","level":"info","event":"Cosmos performance [4daed8617553|1611]: The cache size for cosmos_cache__verdanta_daily__dbt_daily is 81420","logger":"cosmos.dbt.graph","filename":"graph.py","lineno":886}
{"timestamp":"2026-09-06T11:02:38.760843Z","level":"info","event":"Cosmos performance: Cache hit for cosmos_cache__verdanta_daily__dbt_daily - cec7d2b2130ad93ca8be26282ae433fd,f50552a3029f27b43be4a74a78877897","logger":"cosmos.dbt.graph","filename":"graph.py","lineno":898}
{"timestamp":"2026-09-06T11:02:38.761059Z","level":"info","event":"Total nodes: 91","logger":"cosmos.dbt.graph","filename":"graph.py","lineno":799}
{"timestamp":"2026-09-06T11:02:38.761123Z","level":"info","event":"Total filtered nodes: 91","logger":"cosmos.dbt.graph","filename":"graph.py","lineno":800}
{"timestamp":"2026-09-06T11:02:38.761188Z","level":"info","event":"Cosmos performance (verdanta_daily__dbt_daily) - [4daed8617553|1611]: It took 0.14s to parse the dbt project for DAG using LoadMode.DBT_LS_CACHE","logger":"cosmos.converter","filename":"converter.py","lineno":371}
{"timestamp":"2026-09-06T11:02:38.831082Z","level":"info","event":"Cosmos performance (verdanta_daily__dbt_daily) - [4daed8617553|1611]: It took 0.0698s to build the Airflow DAG.","logger":"cosmos.converter","filename":"converter.py","lineno":423}
{"timestamp":"2026-09-06T11:02:38.831259Z","level":"info","event":"::endgroup::Cosmos DAG parsing logs","logger":"cosmos.converter","filename":"converter.py","lineno":430}
{"timestamp":"2026-09-06T11:02:38.831815Z","level":"warning","event":"Using Variable.get from `airflow.models` is deprecated.Please use `get` on Variable from sdk(`airflow.sdk.Variable`) instead","category":"UserWarning","filename":"/home/airflow/.local/lib/python3.13/site-packages/airflow/models/variable.py","lineno":158,"logger":"py.warnings"}
{"timestamp":"2026-09-06T11:03:09.781516Z","level":"info","event":"Filling up the DagBag from /opt/airflow/dags/verdanta_daily.py","logger":"airflow.dag_processing.dagbag.BundleDagBag","filename":"dagbag.py","lineno":469}
{"timestamp":"2026-09-06T11:03:09.845948Z","level":"info","event":"::group::Cosmos DAG parsing logs","logger":"cosmos.converter","filename":"converter.py","lineno":321}
{"timestamp":"2026-09-06T11:03:09.849163Z","level":"info","event":"Cosmos cache dir resolved to /tmp/cosmos/verdanta_daily__dbt_daily","logger":"cosmos.converter","filename":"converter.py","lineno":346}
{"timestamp":"2026-09-06T11:03:09.849395Z","level":"info","event":"Trying to parse the dbt project using dbt ls cache cosmos_cache__verdanta_daily__dbt_daily...","logger":"cosmos.dbt.graph","filename":"graph.py","lineno":869}
{"timestamp":"2026-09-06T11:03:09.987461Z","level":"info","event":"Cosmos performance: time to calculate cache identifier cosmos_cache__verdanta_daily__dbt_daily for current version: 0.1220677009996507","logger":"cosmos.cache","filename":"cache.py","lineno":401}
{"timestamp":"2026-09-06T11:03:09.987683Z","level":"info","event":"Cosmos performance [4daed8617553|1628]: The cache size for cosmos_cache__verdanta_daily__dbt_daily is 81420","logger":"cosmos.dbt.graph","filename":"graph.py","lineno":886}
{"timestamp":"2026-09-06T11:03:09.990226Z","level":"info","event":"Cosmos performance: Cache hit for cosmos_cache__verdanta_daily__dbt_daily - cec7d2b2130ad93ca8be26282ae433fd,f50552a3029f27b43be4a74a78877897","logger":"cosmos.dbt.graph","filename":"graph.py","lineno":898}
{"timestamp":"2026-09-06T11:03:09.990434Z","level":"info","event":"Total nodes: 91","logger":"cosmos.dbt.graph","filename":"graph.py","lineno":799}
{"timestamp":"2026-09-06T11:03:09.990501Z","level":"info","event":"Total filtered nodes: 91","logger":"cosmos.dbt.graph","filename":"graph.py","lineno":800}
{"timestamp":"2026-09-06T11:03:09.990568Z","level":"info","event":"Cosmos performance (verdanta_daily__dbt_daily) - [4daed8617553|1628]: It took 0.141s to parse the dbt project for DAG using LoadMode.DBT_LS_CACHE","logger":"cosmos.converter","filename":"converter.py","lineno":371}
{"timestamp":"2026-09-06T11:03:10.058313Z","level":"info","event":"Cosmos performance (verdanta_daily__dbt_daily) - [4daed8617553|1628]: It took 0.0677s to build the Airflow DAG.","logger":"cosmos.converter","filename":"converter.py","lineno":423}
{"timestamp":"2026-09-06T11:03:10.058474Z","level":"info","event":"::endgroup::Cosmos DAG parsing logs","logger":"cosmos.converter","filename":"converter.py","lineno":430}
{"timestamp":"2026-09-06T11:03:10.059040Z","level":"warning","event":"Using Variable.get from `airflow.models` is deprecated.Please use `get` on Variable from sdk(`airflow.sdk.Variable`) instead","category":"UserWarning","filename":"/home/airflow/.local/lib/python3.13/site-packages/airflow/models/variable.py","lineno":158,"logger":"py.warnings"}
{"timestamp":"2026-09-06T11:03:41.037931Z","level":"info","event":"Filling up the DagBag from /opt/airflow/dags/verdanta_daily.py","logger":"airflow.dag_processing.dagbag.BundleDagBag","filename":"dagbag.py","lineno":469}
{"timestamp":"2026-09-06T11:03:41.104986Z","level":"info","event":"::group::Cosmos DAG parsing logs","logger":"cosmos.converter","filename":"converter.py","lineno":321}
{"timestamp":"2026-09-06T11:03:41.108165Z","level":"info","event":"Cosmos cache dir resolved to /tmp/cosmos/verdanta_daily__dbt_daily","logger":"cosmos.converter","filename":"converter.py","lineno":346}
{"timestamp":"2026-09-06T11:03:41.108387Z","level":"info","event":"Trying to parse the dbt project using dbt ls cache cosmos_cache__verdanta_daily__dbt_daily...","logger":"cosmos.dbt.graph","filename":"graph.py","lineno":869}
{"timestamp":"2026-09-06T11:03:41.243217Z","level":"info","event":"Cosmos performance: time to calculate cache identifier cosmos_cache__verdanta_daily__dbt_daily for current version: 0.1202322459998868","logger":"cosmos.cache","filename":"cache.py","lineno":401}
{"timestamp":"2026-09-06T11:03:41.243484Z","level":"info","event":"Cosmos performance [4daed8617553|1645]: The cache size for cosmos_cache__verdanta_daily__dbt_daily is 81420","logger":"cosmos.dbt.graph","filename":"graph.py","lineno":886}
{"timestamp":"2026-09-06T11:03:41.246245Z","level":"info","event":"Cosmos performance: Cache hit for cosmos_cache__verdanta_daily__dbt_daily - cec7d2b2130ad93ca8be26282ae433fd,f50552a3029f27b43be4a74a78877897","logger":"cosmos.dbt.graph","filename":"graph.py","lineno":898}
{"timestamp":"2026-09-06T11:03:41.246447Z","level":"info","event":"Total nodes: 91","logger":"cosmos.dbt.graph","filename":"graph.py","lineno":799}
{"timestamp":"2026-09-06T11:03:41.246513Z","level":"info","event":"Total filtered nodes: 91","logger":"cosmos.dbt.graph","filename":"graph.py","lineno":800}
{"timestamp":"2026-09-06T11:03:41.246576Z","level":"info","event":"Cosmos performance (verdanta_daily__dbt_daily) - [4daed8617553|1645]: It took 0.138s to parse the dbt project for DAG using LoadMode.DBT_LS_CACHE","logger":"cosmos.converter","filename":"converter.py","lineno":371}
{"timestamp":"2026-09-06T11:03:41.315951Z","level":"info","event":"Cosmos performance (verdanta_daily__dbt_daily) - [4daed8617553|1645]: It took 0.0693s to build the Airflow DAG.","logger":"cosmos.converter","filename":"converter.py","lineno":423}
{"timestamp":"2026-09-06T11:03:41.316114Z","level":"info","event":"::endgroup::Cosmos DAG parsing logs","logger":"cosmos.converter","filename":"converter.py","lineno":430}
{"timestamp":"2026-09-06T11:03:41.316946Z","level":"warning","event":"Using Variable.get from `airflow.models` is deprecated.Please use `get` on Variable from sdk(`airflow.sdk.Variable`) instead","category":"UserWarning","filename":"/home/airflow/.local/lib/python3.13/site-packages/airflow/models/variable.py","lineno":158,"logger":"py.warnings"}
{"timestamp":"2026-09-06T11:04:12.281757Z","level":"info","event":"Filling up the DagBag from /opt/airflow/dags/verdanta_daily.py","logger":"airflow.dag_processing.dagbag.BundleDagBag","filename":"dagbag.py","lineno":469}
{"timestamp":"2026-09-06T11:04:12.347008Z","level":"info","event":"::group::Cosmos DAG parsing logs","logger":"cosmos.converter","filename":"converter.py","lineno":321}
{"timestamp":"2026-09-06T11:04:12.350523Z","level":"info","event":"Cosmos cache dir resolved to /tmp/cosmos/verdanta_daily__dbt_daily","logger":"cosmos.converter","filename":"converter.py","lineno":346}
{"timestamp":"2026-09-06T11:04:12.350714Z","level":"info","event":"Trying to parse the dbt project using dbt ls cache cosmos_cache__verdanta_daily__dbt_daily...","logger":"cosmos.dbt.graph","filename":"graph.py","lineno":869}
{"timestamp":"2026-09-06T11:04:12.486976Z","level":"info","event":"Cosmos performance: time to calculate cache identifier cosmos_cache__verdanta_daily__dbt_daily for current version: 0.12093320199983282","logger":"cosmos.cache","filename":"cache.py","lineno":401}
{"timestamp":"2026-09-06T11:04:12.487205Z","level":"info","event":"Cosmos performance [4daed8617553|1662]: The cache size for cosmos_cache__verdanta_daily__dbt_daily is 81420","logger":"cosmos.dbt.graph","filename":"graph.py","lineno":886}
{"timestamp":"2026-09-06T11:04:12.489986Z","level":"info","event":"Cosmos performance: Cache hit for cosmos_cache__verdanta_daily__dbt_daily - cec7d2b2130ad93ca8be26282ae433fd,f50552a3029f27b43be4a74a78877897","logger":"cosmos.dbt.graph","filename":"graph.py","lineno":898}
{"timestamp":"2026-09-06T11:04:12.490186Z","level":"info","event":"Total nodes: 91","logger":"cosmos.dbt.graph","filename":"graph.py","lineno":799}
{"timestamp":"2026-09-06T11:04:12.490249Z","level":"info","event":"Total filtered nodes: 91","logger":"cosmos.dbt.graph","filename":"graph.py","lineno":800}
{"timestamp":"2026-09-06T11:04:12.490314Z","level":"info","event":"Cosmos performance (verdanta_daily__dbt_daily) - [4daed8617553|1662]: It took 0.14s to parse the dbt project for DAG using LoadMode.DBT_LS_CACHE","logger":"cosmos.converter","filename":"converter.py","lineno":371}
{"timestamp":"2026-09-06T11:04:12.558232Z","level":"info","event":"Cosmos performance (verdanta_daily__dbt_daily) - [4daed8617553|1662]: It took 0.0679s to build the Airflow DAG.","logger":"cosmos.converter","filename":"converter.py","lineno":423}
{"timestamp":"2026-09-06T11:04:12.558398Z","level":"info","event":"::endgroup::Cosmos DAG parsing logs","logger":"cosmos.converter","filename":"converter.py","lineno":430}
{"timestamp":"2026-09-06T11:04:12.559086Z","level":"warning","event":"Using Variable.get from `airflow.models` is deprecated.Please use `get` on Variable from sdk(`airflow.sdk.Variable`) instead","category":"UserWarning","filename":"/home/airflow/.local/lib/python3.13/site-packages/airflow/models/variable.py","lineno":158,"logger":"py.warnings"}
{"timestamp":"2026-09-06T11:04:43.553266Z","level":"info","event":"Filling up the DagBag from /opt/airflow/dags/verdanta_daily.py","logger":"airflow.dag_processing.dagbag.BundleDagBag","filename":"dagbag.py","lineno":469}
{"timestamp":"2026-09-06T11:04:43.615767Z","level":"info","event":"::group::Cosmos DAG parsing logs","logger":"cosmos.converter","filename":"converter.py","lineno":321}
{"timestamp":"2026-09-06T11:04:43.618764Z","level":"info","event":"Cosmos cache dir resolved to /tmp/cosmos/verdanta_daily__dbt_daily","logger":"cosmos.converter","filename":"converter.py","lineno":346}
{"timestamp":"2026-09-06T11:04:43.618983Z","level":"info","event":"Trying to parse the dbt project using dbt ls cache cosmos_cache__verdanta_daily__dbt_daily...","logger":"cosmos.dbt.graph","filename":"graph.py","lineno":869}
{"timestamp":"2026-09-06T11:04:43.757226Z","level":"info","event":"Cosmos performance: time to calculate cache identifier cosmos_cache__verdanta_daily__dbt_daily for current version: 0.12207637399978921","logger":"cosmos.cache","filename":"cache.py","lineno":401}
{"timestamp":"2026-09-06T11:04:43.757441Z","level":"info","event":"Cosmos performance [4daed8617553|1679]: The cache size for cosmos_cache__verdanta_daily__dbt_daily is 81420","logger":"cosmos.dbt.graph","filename":"graph.py","lineno":886}
{"timestamp":"2026-09-06T11:04:43.760185Z","level":"info","event":"Cosmos performance: Cache hit for cosmos_cache__verdanta_daily__dbt_daily - cec7d2b2130ad93ca8be26282ae433fd,f50552a3029f27b43be4a74a78877897","logger":"cosmos.dbt.graph","filename":"graph.py","lineno":898}
{"timestamp":"2026-09-06T11:04:43.760389Z","level":"info","event":"Total nodes: 91","logger":"cosmos.dbt.graph","filename":"graph.py","lineno":799}
{"timestamp":"2026-09-06T11:04:43.760453Z","level":"info","event":"Total filtered nodes: 91","logger":"cosmos.dbt.graph","filename":"graph.py","lineno":800}
{"timestamp":"2026-09-06T11:04:43.760517Z","level":"info","event":"Cosmos performance (verdanta_daily__dbt_daily) - [4daed8617553|1679]: It took 0.142s to parse the dbt project for DAG using LoadMode.DBT_LS_CACHE","logger":"cosmos.converter","filename":"converter.py","lineno":371}
{"timestamp":"2026-09-06T11:04:43.828177Z","level":"info","event":"Cosmos performance (verdanta_daily__dbt_daily) - [4daed8617553|1679]: It took 0.0676s to build the Airflow DAG.","logger":"cosmos.converter","filename":"converter.py","lineno":423}
{"timestamp":"2026-09-06T11:04:43.828339Z","level":"info","event":"::endgroup::Cosmos DAG parsing logs","logger":"cosmos.converter","filename":"converter.py","lineno":430}
{"timestamp":"2026-09-06T11:04:43.828847Z","level":"warning","event":"Using Variable.get from `airflow.models` is deprecated.Please use `get` on Variable from sdk(`airflow.sdk.Variable`) instead","category":"UserWarning","filename":"/home/airflow/.local/lib/python3.13/site-packages/airflow/models/variable.py","lineno":158,"logger":"py.warnings"}
{"timestamp":"2026-09-06T11:05:13.962296Z","level":"info","event":"Filling up the DagBag from /opt/airflow/dags/verdanta_daily.py","logger":"airflow.dag_processing.dagbag.BundleDagBag","filename":"dagbag.py","lineno":469}
{"timestamp":"2026-09-06T11:05:14.042531Z","level":"info","event":"::group::Cosmos DAG parsing logs","logger":"cosmos.converter","filename":"converter.py","lineno":321}
{"timestamp":"2026-09-06T11:05:14.046644Z","level":"info","event":"Cosmos cache dir resolved to /tmp/cosmos/verdanta_daily__dbt_daily","logger":"cosmos.converter","filename":"converter.py","lineno":346}
{"timestamp":"2026-09-06T11:05:14.046927Z","level":"info","event":"Trying to parse the dbt project using dbt ls cache cosmos_cache__verdanta_daily__dbt_daily...","logger":"cosmos.dbt.graph","filename":"graph.py","lineno":869}
{"timestamp":"2026-09-06T11:05:14.193216Z","level":"info","event":"Cosmos performance: time to calculate cache identifier cosmos_cache__verdanta_daily__dbt_daily for current version: 0.12839759300004516","logger":"cosmos.cache","filename":"cache.py","lineno":401}
{"timestamp":"2026-09-06T11:05:14.193457Z","level":"info","event":"Cosmos performance [4daed8617553|1696]: The cache size for cosmos_cache__verdanta_daily__dbt_daily is 81420","logger":"cosmos.dbt.graph","filename":"graph.py","lineno":886}
{"timestamp":"2026-09-06T11:05:14.196336Z","level":"info","event":"Cosmos performance: Cache hit for cosmos_cache__verdanta_daily__dbt_daily - cec7d2b2130ad93ca8be26282ae433fd,f50552a3029f27b43be4a74a78877897","logger":"cosmos.dbt.graph","filename":"graph.py","lineno":898}
{"timestamp":"2026-09-06T11:05:14.196580Z","level":"info","event":"Total nodes: 91","logger":"cosmos.dbt.graph","filename":"graph.py","lineno":799}
{"timestamp":"2026-09-06T11:05:14.196657Z","level":"info","event":"Total filtered nodes: 91","logger":"cosmos.dbt.graph","filename":"graph.py","lineno":800}
{"timestamp":"2026-09-06T11:05:14.196732Z","level":"info","event":"Cosmos performance (verdanta_daily__dbt_daily) - [4daed8617553|1696]: It took 0.15s to parse the dbt project for DAG using LoadMode.DBT_LS_CACHE","logger":"cosmos.converter","filename":"converter.py","lineno":371}
{"timestamp":"2026-09-06T11:05:14.268997Z","level":"info","event":"Cosmos performance (verdanta_daily__dbt_daily) - [4daed8617553|1696]: It took 0.0722s to build the Airflow DAG.","logger":"cosmos.converter","filename":"converter.py","lineno":423}
{"timestamp":"2026-09-06T11:05:14.269190Z","level":"info","event":"::endgroup::Cosmos DAG parsing logs","logger":"cosmos.converter","filename":"converter.py","lineno":430}
{"timestamp":"2026-09-06T11:05:14.269804Z","level":"warning","event":"Using Variable.get from `airflow.models` is deprecated.Please use `get` on Variable from sdk(`airflow.sdk.Variable`) instead","category":"UserWarning","filename":"/home/airflow/.local/lib/python3.13/site-packages/airflow/models/variable.py","lineno":158,"logger":"py.warnings"}
{"timestamp":"2026-09-06T11:05:45.258187Z","level":"info","event":"Filling up the DagBag from /opt/airflow/dags/verdanta_daily.py","logger":"airflow.dag_processing.dagbag.BundleDagBag","filename":"dagbag.py","lineno":469}
{"timestamp":"2026-09-06T11:05:45.336608Z","level":"info","event":"::group::Cosmos DAG parsing logs","logger":"cosmos.converter","filename":"converter.py","lineno":321}
{"timestamp":"2026-09-06T11:05:45.340435Z","level":"info","event":"Cosmos cache dir resolved to /tmp/cosmos/verdanta_daily__dbt_daily","logger":"cosmos.converter","filename":"converter.py","lineno":346}
{"timestamp":"2026-09-06T11:05:45.340660Z","level":"info","event":"Trying to parse the dbt project using dbt ls cache cosmos_cache__verdanta_daily__dbt_daily...","logger":"cosmos.dbt.graph","filename":"graph.py","lineno":869}
{"timestamp":"2026-09-06T11:05:45.491739Z","level":"info","event":"Cosmos performance: time to calculate cache identifier cosmos_cache__verdanta_daily__dbt_daily for current version: 0.1338991860002352","logger":"cosmos.cache","filename":"cache.py","lineno":401}
{"timestamp":"2026-09-06T11:05:45.492068Z","level":"info","event":"Cosmos performance [4daed8617553|1712]: The cache size for cosmos_cache__verdanta_daily__dbt_daily is 81420","logger":"cosmos.dbt.graph","filename":"graph.py","lineno":886}
{"timestamp":"2026-09-06T11:05:45.494965Z","level":"info","event":"Cosmos performance: Cache hit for cosmos_cache__verdanta_daily__dbt_daily - cec7d2b2130ad93ca8be26282ae433fd,f50552a3029f27b43be4a74a78877897","logger":"cosmos.dbt.graph","filename":"graph.py","lineno":898}
{"timestamp":"2026-09-06T11:05:45.495207Z","level":"info","event":"Total nodes: 91","logger":"cosmos.dbt.graph","filename":"graph.py","lineno":799}
{"timestamp":"2026-09-06T11:05:45.495284Z","level":"info","event":"Total filtered nodes: 91","logger":"cosmos.dbt.graph","filename":"graph.py","lineno":800}
{"timestamp":"2026-09-06T11:05:45.495416Z","level":"info","event":"Cosmos performance (verdanta_daily__dbt_daily) - [4daed8617553|1712]: It took 0.155s to parse the dbt project for DAG using LoadMode.DBT_LS_CACHE","logger":"cosmos.converter","filename":"converter.py","lineno":371}
{"timestamp":"2026-09-06T11:05:45.570987Z","level":"info","event":"Cosmos performance (verdanta_daily__dbt_daily) - [4daed8617553|1712]: It took 0.0755s to build the Airflow DAG.","logger":"cosmos.converter","filename":"converter.py","lineno":423}
{"timestamp":"2026-09-06T11:05:45.571167Z","level":"info","event":"::endgroup::Cosmos DAG parsing logs","logger":"cosmos.converter","filename":"converter.py","lineno":430}
{"timestamp":"2026-09-06T11:05:45.571861Z","level":"warning","event":"Using Variable.get from `airflow.models` is deprecated.Please use `get` on Variable from sdk(`airflow.sdk.Variable`) instead","category":"UserWarning","filename":"/home/airflow/.local/lib/python3.13/site-packages/airflow/models/variable.py","lineno":158,"logger":"py.warnings"}
{"timestamp":"2026-09-06T11:06:16.580144Z","level":"info","event":"Filling up the DagBag from /opt/airflow/dags/verdanta_daily.py","logger":"airflow.dag_processing.dagbag.BundleDagBag","filename":"dagbag.py","lineno":469}
{"timestamp":"2026-09-06T11:06:16.649105Z","level":"info","event":"::group::Cosmos DAG parsing logs","logger":"cosmos.converter","filename":"converter.py","lineno":321}
{"timestamp":"2026-09-06T11:06:16.652260Z","level":"info","event":"Cosmos cache dir resolved to /tmp/cosmos/verdanta_daily__dbt_daily","logger":"cosmos.converter","filename":"converter.py","lineno":346}
{"timestamp":"2026-09-06T11:06:16.652473Z","level":"info","event":"Trying to parse the dbt project using dbt ls cache cosmos_cache__verdanta_daily__dbt_daily...","logger":"cosmos.dbt.graph","filename":"graph.py","lineno":869}
{"timestamp":"2026-09-06T11:06:16.787304Z","level":"info","event":"Cosmos performance: time to calculate cache identifier cosmos_cache__verdanta_daily__dbt_daily for current version: 0.11878803100034929","logger":"cosmos.cache","filename":"cache.py","lineno":401}
{"timestamp":"2026-09-06T11:06:16.787562Z","level":"info","event":"Cosmos performance [4daed8617553|1722]: The cache size for cosmos_cache__verdanta_daily__dbt_daily is 81420","logger":"cosmos.dbt.graph","filename":"graph.py","lineno":886}
{"timestamp":"2026-09-06T11:06:16.790378Z","level":"info","event":"Cosmos performance: Cache hit for cosmos_cache__verdanta_daily__dbt_daily - cec7d2b2130ad93ca8be26282ae433fd,f50552a3029f27b43be4a74a78877897","logger":"cosmos.dbt.graph","filename":"graph.py","lineno":898}
{"timestamp":"2026-09-06T11:06:16.790563Z","level":"info","event":"Total nodes: 91","logger":"cosmos.dbt.graph","filename":"graph.py","lineno":799}
{"timestamp":"2026-09-06T11:06:16.790659Z","level":"info","event":"Total filtered nodes: 91","logger":"cosmos.dbt.graph","filename":"graph.py","lineno":800}
{"timestamp":"2026-09-06T11:06:16.790728Z","level":"info","event":"Cosmos performance (verdanta_daily__dbt_daily) - [4daed8617553|1722]: It took 0.138s to parse the dbt project for DAG using LoadMode.DBT_LS_CACHE","logger":"cosmos.converter","filename":"converter.py","lineno":371}
{"timestamp":"2026-09-06T11:06:16.859721Z","level":"info","event":"Cosmos performance (verdanta_daily__dbt_daily) - [4daed8617553|1722]: It took 0.0689s to build the Airflow DAG.","logger":"cosmos.converter","filename":"converter.py","lineno":423}
{"timestamp":"2026-09-06T11:06:16.859897Z","level":"info","event":"::endgroup::Cosmos DAG parsing logs","logger":"cosmos.converter","filename":"converter.py","lineno":430}
{"timestamp":"2026-09-06T11:06:16.860495Z","level":"warning","event":"Using Variable.get from `airflow.models` is deprecated.Please use `get` on Variable from sdk(`airflow.sdk.Variable`) instead","category":"UserWarning","filename":"/home/airflow/.local/lib/python3.13/site-packages/airflow/models/variable.py","lineno":158,"logger":"py.warnings"}
{"timestamp":"2026-09-06T11:06:47.802603Z","level":"info","event":"Filling up the DagBag from /opt/airflow/dags/verdanta_daily.py","logger":"airflow.dag_processing.dagbag.BundleDagBag","filename":"dagbag.py","lineno":469}
{"timestamp":"2026-09-06T11:06:47.866174Z","level":"info","event":"::group::Cosmos DAG parsing logs","logger":"cosmos.converter","filename":"converter.py","lineno":321}
{"timestamp":"2026-09-06T11:06:47.869350Z","level":"info","event":"Cosmos cache dir resolved to /tmp/cosmos/verdanta_daily__dbt_daily","logger":"cosmos.converter","filename":"converter.py","lineno":346}
{"timestamp":"2026-09-06T11:06:47.869603Z","level":"info","event":"Trying to parse the dbt project using dbt ls cache cosmos_cache__verdanta_daily__dbt_daily...","logger":"cosmos.dbt.graph","filename":"graph.py","lineno":869}
{"timestamp":"2026-09-06T11:06:48.005913Z","level":"info","event":"Cosmos performance: time to calculate cache identifier cosmos_cache__verdanta_daily__dbt_daily for current version: 0.12143778000017846","logger":"cosmos.cache","filename":"cache.py","lineno":401}
{"timestamp":"2026-09-06T11:06:48.006131Z","level":"info","event":"Cosmos performance [4daed8617553|1739]: The cache size for cosmos_cache__verdanta_daily__dbt_daily is 81420","logger":"cosmos.dbt.graph","filename":"graph.py","lineno":886}
{"timestamp":"2026-09-06T11:06:48.008991Z","level":"info","event":"Cosmos performance: Cache hit for cosmos_cache__verdanta_daily__dbt_daily - cec7d2b2130ad93ca8be26282ae433fd,f50552a3029f27b43be4a74a78877897","logger":"cosmos.dbt.graph","filename":"graph.py","lineno":898}
{"timestamp":"2026-09-06T11:06:48.009211Z","level":"info","event":"Total nodes: 91","logger":"cosmos.dbt.graph","filename":"graph.py","lineno":799}
{"timestamp":"2026-09-06T11:06:48.009278Z","level":"info","event":"Total filtered nodes: 91","logger":"cosmos.dbt.graph","filename":"graph.py","lineno":800}
{"timestamp":"2026-09-06T11:06:48.009345Z","level":"info","event":"Cosmos performance (verdanta_daily__dbt_daily) - [4daed8617553|1739]: It took 0.14s to parse the dbt project for DAG using LoadMode.DBT_LS_CACHE","logger":"cosmos.converter","filename":"converter.py","lineno":371}
{"timestamp":"2026-09-06T11:06:48.076747Z","level":"info","event":"Cosmos performance (verdanta_daily__dbt_daily) - [4daed8617553|1739]: It took 0.0673s to build the Airflow DAG.","logger":"cosmos.converter","filename":"converter.py","lineno":423}
{"timestamp":"2026-09-06T11:06:48.076911Z","level":"info","event":"::endgroup::Cosmos DAG parsing logs","logger":"cosmos.converter","filename":"converter.py","lineno":430}
{"timestamp":"2026-09-06T11:06:48.077480Z","level":"warning","event":"Using Variable.get from `airflow.models` is deprecated.Please use `get` on Variable from sdk(`airflow.sdk.Variable`) instead","category":"UserWarning","filename":"/home/airflow/.local/lib/python3.13/site-packages/airflow/models/variable.py","lineno":158,"logger":"py.warnings"}
{"timestamp":"2026-09-06T11:07:19.016588Z","level":"info","event":"Filling up the DagBag from /opt/airflow/dags/verdanta_daily.py","logger":"airflow.dag_processing.dagbag.BundleDagBag","filename":"dagbag.py","lineno":469}
{"timestamp":"2026-09-06T11:07:19.080545Z","level":"info","event":"::group::Cosmos DAG parsing logs","logger":"cosmos.converter","filename":"converter.py","lineno":321}
{"timestamp":"2026-09-06T11:07:19.083674Z","level":"info","event":"Cosmos cache dir resolved to /tmp/cosmos/verdanta_daily__dbt_daily","logger":"cosmos.converter","filename":"converter.py","lineno":346}
{"timestamp":"2026-09-06T11:07:19.083886Z","level":"info","event":"Trying to parse the dbt project using dbt ls cache cosmos_cache__verdanta_daily__dbt_daily...","logger":"cosmos.dbt.graph","filename":"graph.py","lineno":869}
{"timestamp":"2026-09-06T11:07:19.224245Z","level":"info","event":"Cosmos performance: time to calculate cache identifier cosmos_cache__verdanta_daily__dbt_daily for current version: 0.12488001100018664","logger":"cosmos.cache","filename":"cache.py","lineno":401}
{"timestamp":"2026-09-06T11:07:19.224549Z","level":"info","event":"Cosmos performance [4daed8617553|1756]: The cache size for cosmos_cache__verdanta_daily__dbt_daily is 81420","logger":"cosmos.dbt.graph","filename":"graph.py","lineno":886}
{"timestamp":"2026-09-06T11:07:19.227216Z","level":"info","event":"Cosmos performance: Cache hit for cosmos_cache__verdanta_daily__dbt_daily - cec7d2b2130ad93ca8be26282ae433fd,f50552a3029f27b43be4a74a78877897","logger":"cosmos.dbt.graph","filename":"graph.py","lineno":898}
{"timestamp":"2026-09-06T11:07:19.227458Z","level":"info","event":"Total nodes: 91","logger":"cosmos.dbt.graph","filename":"graph.py","lineno":799}
{"timestamp":"2026-09-06T11:07:19.227530Z","level":"info","event":"Total filtered nodes: 91","logger":"cosmos.dbt.graph","filename":"graph.py","lineno":800}
{"timestamp":"2026-09-06T11:07:19.227597Z","level":"info","event":"Cosmos performance (verdanta_daily__dbt_daily) - [4daed8617553|1756]: It took 0.144s to parse the dbt project for DAG using LoadMode.DBT_LS_CACHE","logger":"cosmos.converter","filename":"converter.py","lineno":371}
{"timestamp":"2026-09-06T11:07:19.296489Z","level":"info","event":"Cosmos performance (verdanta_daily__dbt_daily) - [4daed8617553|1756]: It took 0.0688s to build the Airflow DAG.","logger":"cosmos.converter","filename":"converter.py","lineno":423}
{"timestamp":"2026-09-06T11:07:19.296645Z","level":"info","event":"::endgroup::Cosmos DAG parsing logs","logger":"cosmos.converter","filename":"converter.py","lineno":430}
{"timestamp":"2026-09-06T11:07:19.297629Z","level":"warning","event":"Using Variable.get from `airflow.models` is deprecated.Please use `get` on Variable from sdk(`airflow.sdk.Variable`) instead","category":"UserWarning","filename":"/home/airflow/.local/lib/python3.13/site-packages/airflow/models/variable.py","lineno":158,"logger":"py.warnings"}
{"timestamp":"2026-09-06T11:07:50.269429Z","level":"info","event":"Filling up the DagBag from /opt/airflow/dags/verdanta_daily.py","logger":"airflow.dag_processing.dagbag.BundleDagBag","filename":"dagbag.py","lineno":469}
{"timestamp":"2026-09-06T11:07:50.334864Z","level":"info","event":"::group::Cosmos DAG parsing logs","logger":"cosmos.converter","filename":"converter.py","lineno":321}
{"timestamp":"2026-09-06T11:07:50.338597Z","level":"info","event":"Cosmos cache dir resolved to /tmp/cosmos/verdanta_daily__dbt_daily","logger":"cosmos.converter","filename":"converter.py","lineno":346}
{"timestamp":"2026-09-06T11:07:50.338803Z","level":"info","event":"Trying to parse the dbt project using dbt ls cache cosmos_cache__verdanta_daily__dbt_daily...","logger":"cosmos.dbt.graph","filename":"graph.py","lineno":869}
{"timestamp":"2026-09-06T11:07:50.475565Z","level":"info","event":"Cosmos performance: time to calculate cache identifier cosmos_cache__verdanta_daily__dbt_daily for current version: 0.12251222599979883","logger":"cosmos.cache","filename":"cache.py","lineno":401}
{"timestamp":"2026-09-06T11:07:50.475802Z","level":"info","event":"Cosmos performance [4daed8617553|1773]: The cache size for cosmos_cache__verdanta_daily__dbt_daily is 81420","logger":"cosmos.dbt.graph","filename":"graph.py","lineno":886}
{"timestamp":"2026-09-06T11:07:50.478488Z","level":"info","event":"Cosmos performance: Cache hit for cosmos_cache__verdanta_daily__dbt_daily - cec7d2b2130ad93ca8be26282ae433fd,f50552a3029f27b43be4a74a78877897","logger":"cosmos.dbt.graph","filename":"graph.py","lineno":898}
{"timestamp":"2026-09-06T11:07:50.478693Z","level":"info","event":"Total nodes: 91","logger":"cosmos.dbt.graph","filename":"graph.py","lineno":799}
{"timestamp":"2026-09-06T11:07:50.478756Z","level":"info","event":"Total filtered nodes: 91","logger":"cosmos.dbt.graph","filename":"graph.py","lineno":800}
{"timestamp":"2026-09-06T11:07:50.478884Z","level":"info","event":"Cosmos performance (verdanta_daily__dbt_daily) - [4daed8617553|1773]: It took 0.14s to parse the dbt project for DAG using LoadMode.DBT_LS_CACHE","logger":"cosmos.converter","filename":"converter.py","lineno":371}
{"timestamp":"2026-09-06T11:07:50.547270Z","level":"info","event":"Cosmos performance (verdanta_daily__dbt_daily) - [4daed8617553|1773]: It took 0.0683s to build the Airflow DAG.","logger":"cosmos.converter","filename":"converter.py","lineno":423}
{"timestamp":"2026-09-06T11:07:50.547506Z","level":"info","event":"::endgroup::Cosmos DAG parsing logs","logger":"cosmos.converter","filename":"converter.py","lineno":430}
{"timestamp":"2026-09-06T11:07:50.548087Z","level":"warning","event":"Using Variable.get from `airflow.models` is deprecated.Please use `get` on Variable from sdk(`airflow.sdk.Variable`) instead","category":"UserWarning","filename":"/home/airflow/.local/lib/python3.13/site-packages/airflow/models/variable.py","lineno":158,"logger":"py.warnings"}
{"timestamp":"2026-09-06T11:08:21.501644Z","level":"info","event":"Filling up the DagBag from /opt/airflow/dags/verdanta_daily.py","logger":"airflow.dag_processing.dagbag.BundleDagBag","filename":"dagbag.py","lineno":469}
{"timestamp":"2026-09-06T11:08:21.568426Z","level":"info","event":"::group::Cosmos DAG parsing logs","logger":"cosmos.converter","filename":"converter.py","lineno":321}
{"timestamp":"2026-09-06T11:08:21.572133Z","level":"info","event":"Cosmos cache dir resolved to /tmp/cosmos/verdanta_daily__dbt_daily","logger":"cosmos.converter","filename":"converter.py","lineno":346}
{"timestamp":"2026-09-06T11:08:21.572325Z","level":"info","event":"Trying to parse the dbt project using dbt ls cache cosmos_cache__verdanta_daily__dbt_daily...","logger":"cosmos.dbt.graph","filename":"graph.py","lineno":869}
{"timestamp":"2026-09-06T11:08:21.706186Z","level":"info","event":"Cosmos performance: time to calculate cache identifier cosmos_cache__verdanta_daily__dbt_daily for current version: 0.12010451900005137","logger":"cosmos.cache","filename":"cache.py","lineno":401}
{"timestamp":"2026-09-06T11:08:21.706402Z","level":"info","event":"Cosmos performance [4daed8617553|1790]: The cache size for cosmos_cache__verdanta_daily__dbt_daily is 81420","logger":"cosmos.dbt.graph","filename":"graph.py","lineno":886}
{"timestamp":"2026-09-06T11:08:21.709287Z","level":"info","event":"Cosmos performance: Cache hit for cosmos_cache__verdanta_daily__dbt_daily - cec7d2b2130ad93ca8be26282ae433fd,f50552a3029f27b43be4a74a78877897","logger":"cosmos.dbt.graph","filename":"graph.py","lineno":898}
{"timestamp":"2026-09-06T11:08:21.709481Z","level":"info","event":"Total nodes: 91","logger":"cosmos.dbt.graph","filename":"graph.py","lineno":799}
{"timestamp":"2026-09-06T11:08:21.709579Z","level":"info","event":"Total filtered nodes: 91","logger":"cosmos.dbt.graph","filename":"graph.py","lineno":800}
{"timestamp":"2026-09-06T11:08:21.709650Z","level":"info","event":"Cosmos performance (verdanta_daily__dbt_daily) - [4daed8617553|1790]: It took 0.137s to parse the dbt project for DAG using LoadMode.DBT_LS_CACHE","logger":"cosmos.converter","filename":"converter.py","lineno":371}
{"timestamp":"2026-09-06T11:08:21.777456Z","level":"info","event":"Cosmos performance (verdanta_daily__dbt_daily) - [4daed8617553|1790]: It took 0.0677s to build the Airflow DAG.","logger":"cosmos.converter","filename":"converter.py","lineno":423}
{"timestamp":"2026-09-06T11:08:21.777614Z","level":"info","event":"::endgroup::Cosmos DAG parsing logs","logger":"cosmos.converter","filename":"converter.py","lineno":430}
{"timestamp":"2026-09-06T11:08:21.778199Z","level":"warning","event":"Using Variable.get from `airflow.models` is deprecated.Please use `get` on Variable from sdk(`airflow.sdk.Variable`) instead","category":"UserWarning","filename":"/home/airflow/.local/lib/python3.13/site-packages/airflow/models/variable.py","lineno":158,"logger":"py.warnings"}
{"timestamp":"2026-09-06T11:08:52.779352Z","level":"info","event":"Filling up the DagBag from /opt/airflow/dags/verdanta_daily.py","logger":"airflow.dag_processing.dagbag.BundleDagBag","filename":"dagbag.py","lineno":469}
{"timestamp":"2026-09-06T11:08:52.844219Z","level":"info","event":"::group::Cosmos DAG parsing logs","logger":"cosmos.converter","filename":"converter.py","lineno":321}
{"timestamp":"2026-09-06T11:08:52.847420Z","level":"info","event":"Cosmos cache dir resolved to /tmp/cosmos/verdanta_daily__dbt_daily","logger":"cosmos.converter","filename":"converter.py","lineno":346}
{"timestamp":"2026-09-06T11:08:52.847628Z","level":"info","event":"Trying to parse the dbt project using dbt ls cache cosmos_cache__verdanta_daily__dbt_daily...","logger":"cosmos.dbt.graph","filename":"graph.py","lineno":869}
{"timestamp":"2026-09-06T11:08:52.984728Z","level":"info","event":"Cosmos performance: time to calculate cache identifier cosmos_cache__verdanta_daily__dbt_daily for current version: 0.12150312900030258","logger":"cosmos.cache","filename":"cache.py","lineno":401}
{"timestamp":"2026-09-06T11:08:52.985028Z","level":"info","event":"Cosmos performance [4daed8617553|1807]: The cache size for cosmos_cache__verdanta_daily__dbt_daily is 81420","logger":"cosmos.dbt.graph","filename":"graph.py","lineno":886}
{"timestamp":"2026-09-06T11:08:52.987778Z","level":"info","event":"Cosmos performance: Cache hit for cosmos_cache__verdanta_daily__dbt_daily - cec7d2b2130ad93ca8be26282ae433fd,f50552a3029f27b43be4a74a78877897","logger":"cosmos.dbt.graph","filename":"graph.py","lineno":898}
{"timestamp":"2026-09-06T11:08:52.987978Z","level":"info","event":"Total nodes: 91","logger":"cosmos.dbt.graph","filename":"graph.py","lineno":799}
{"timestamp":"2026-09-06T11:08:52.988041Z","level":"info","event":"Total filtered nodes: 91","logger":"cosmos.dbt.graph","filename":"graph.py","lineno":800}
{"timestamp":"2026-09-06T11:08:52.988106Z","level":"info","event":"Cosmos performance (verdanta_daily__dbt_daily) - [4daed8617553|1807]: It took 0.141s to parse the dbt project for DAG using LoadMode.DBT_LS_CACHE","logger":"cosmos.converter","filename":"converter.py","lineno":371}
{"timestamp":"2026-09-06T11:08:53.056461Z","level":"info","event":"Cosmos performance (verdanta_daily__dbt_daily) - [4daed8617553|1807]: It took 0.0683s to build the Airflow DAG.","logger":"cosmos.converter","filename":"converter.py","lineno":423}
{"timestamp":"2026-09-06T11:08:53.056615Z","level":"info","event":"::endgroup::Cosmos DAG parsing logs","logger":"cosmos.converter","filename":"converter.py","lineno":430}
{"timestamp":"2026-09-06T11:08:53.057120Z","level":"warning","event":"Using Variable.get from `airflow.models` is deprecated.Please use `get` on Variable from sdk(`airflow.sdk.Variable`) instead","category":"UserWarning","filename":"/home/airflow/.local/lib/python3.13/site-packages/airflow/models/variable.py","lineno":158,"logger":"py.warnings"}
{"timestamp":"2026-09-06T11:09:24.046453Z","level":"info","event":"Filling up the DagBag from /opt/airflow/dags/verdanta_daily.py","logger":"airflow.dag_processing.dagbag.BundleDagBag","filename":"dagbag.py","lineno":469}
{"timestamp":"2026-09-06T11:09:24.110644Z","level":"info","event":"::group::Cosmos DAG parsing logs","logger":"cosmos.converter","filename":"converter.py","lineno":321}
{"timestamp":"2026-09-06T11:09:24.114110Z","level":"info","event":"Cosmos cache dir resolved to /tmp/cosmos/verdanta_daily__dbt_daily","logger":"cosmos.converter","filename":"converter.py","lineno":346}
{"timestamp":"2026-09-06T11:09:24.114301Z","level":"info","event":"Trying to parse the dbt project using dbt ls cache cosmos_cache__verdanta_daily__dbt_daily...","logger":"cosmos.dbt.graph","filename":"graph.py","lineno":869}
{"timestamp":"2026-09-06T11:09:24.252606Z","level":"info","event":"Cosmos performance: time to calculate cache identifier cosmos_cache__verdanta_daily__dbt_daily for current version: 0.12382633399965925","logger":"cosmos.cache","filename":"cache.py","lineno":401}
{"timestamp":"2026-09-06T11:09:24.252832Z","level":"info","event":"Cosmos performance [4daed8617553|1824]: The cache size for cosmos_cache__verdanta_daily__dbt_daily is 81420","logger":"cosmos.dbt.graph","filename":"graph.py","lineno":886}
{"timestamp":"2026-09-06T11:09:24.255333Z","level":"info","event":"Cosmos performance: Cache hit for cosmos_cache__verdanta_daily__dbt_daily - cec7d2b2130ad93ca8be26282ae433fd,f50552a3029f27b43be4a74a78877897","logger":"cosmos.dbt.graph","filename":"graph.py","lineno":898}
{"timestamp":"2026-09-06T11:09:24.255531Z","level":"info","event":"Total nodes: 91","logger":"cosmos.dbt.graph","filename":"graph.py","lineno":799}
{"timestamp":"2026-09-06T11:09:24.255608Z","level":"info","event":"Total filtered nodes: 91","logger":"cosmos.dbt.graph","filename":"graph.py","lineno":800}
{"timestamp":"2026-09-06T11:09:24.255689Z","level":"info","event":"Cosmos performance (verdanta_daily__dbt_daily) - [4daed8617553|1824]: It took 0.141s to parse the dbt project for DAG using LoadMode.DBT_LS_CACHE","logger":"cosmos.converter","filename":"converter.py","lineno":371}
{"timestamp":"2026-09-06T11:09:24.328612Z","level":"info","event":"Cosmos performance (verdanta_daily__dbt_daily) - [4daed8617553|1824]: It took 0.0727s to build the Airflow DAG.","logger":"cosmos.converter","filename":"converter.py","lineno":423}
{"timestamp":"2026-09-06T11:09:24.328931Z","level":"info","event":"::endgroup::Cosmos DAG parsing logs","logger":"cosmos.converter","filename":"converter.py","lineno":430}
{"timestamp":"2026-09-06T11:09:24.329750Z","level":"warning","event":"Using Variable.get from `airflow.models` is deprecated.Please use `get` on Variable from sdk(`airflow.sdk.Variable`) instead","category":"UserWarning","filename":"/home/airflow/.local/lib/python3.13/site-packages/airflow/models/variable.py","lineno":158,"logger":"py.warnings"}
{"timestamp":"2026-09-06T11:09:55.312927Z","level":"info","event":"Filling up the DagBag from /opt/airflow/dags/verdanta_daily.py","logger":"airflow.dag_processing.dagbag.BundleDagBag","filename":"dagbag.py","lineno":469}
{"timestamp":"2026-09-06T11:09:55.377368Z","level":"info","event":"::group::Cosmos DAG parsing logs","logger":"cosmos.converter","filename":"converter.py","lineno":321}
{"timestamp":"2026-09-06T11:09:55.380875Z","level":"info","event":"Cosmos cache dir resolved to /tmp/cosmos/verdanta_daily__dbt_daily","logger":"cosmos.converter","filename":"converter.py","lineno":346}
{"timestamp":"2026-09-06T11:09:55.381067Z","level":"info","event":"Trying to parse the dbt project using dbt ls cache cosmos_cache__verdanta_daily__dbt_daily...","logger":"cosmos.dbt.graph","filename":"graph.py","lineno":869}
{"timestamp":"2026-09-06T11:09:55.525348Z","level":"info","event":"Cosmos performance: time to calculate cache identifier cosmos_cache__verdanta_daily__dbt_daily for current version: 0.12672043800012034","logger":"cosmos.cache","filename":"cache.py","lineno":401}
{"timestamp":"2026-09-06T11:09:55.525571Z","level":"info","event":"Cosmos performance [4daed8617553|1841]: The cache size for cosmos_cache__verdanta_daily__dbt_daily is 81420","logger":"cosmos.dbt.graph","filename":"graph.py","lineno":886}
{"timestamp":"2026-09-06T11:09:55.528177Z","level":"info","event":"Cosmos performance: Cache hit for cosmos_cache__verdanta_daily__dbt_daily - cec7d2b2130ad93ca8be26282ae433fd,f50552a3029f27b43be4a74a78877897","logger":"cosmos.dbt.graph","filename":"graph.py","lineno":898}
{"timestamp":"2026-09-06T11:09:55.528370Z","level":"info","event":"Total nodes: 91","logger":"cosmos.dbt.graph","filename":"graph.py","lineno":799}
{"timestamp":"2026-09-06T11:09:55.528429Z","level":"info","event":"Total filtered nodes: 91","logger":"cosmos.dbt.graph","filename":"graph.py","lineno":800}
{"timestamp":"2026-09-06T11:09:55.528492Z","level":"info","event":"Cosmos performance (verdanta_daily__dbt_daily) - [4daed8617553|1841]: It took 0.147s to parse the dbt project for DAG using LoadMode.DBT_LS_CACHE","logger":"cosmos.converter","filename":"converter.py","lineno":371}
{"timestamp":"2026-09-06T11:09:55.595734Z","level":"info","event":"Cosmos performance (verdanta_daily__dbt_daily) - [4daed8617553|1841]: It took 0.0672s to build the Airflow DAG.","logger":"cosmos.converter","filename":"converter.py","lineno":423}
{"timestamp":"2026-09-06T11:09:55.595893Z","level":"info","event":"::endgroup::Cosmos DAG parsing logs","logger":"cosmos.converter","filename":"converter.py","lineno":430}
{"timestamp":"2026-09-06T11:09:55.596465Z","level":"warning","event":"Using Variable.get from `airflow.models` is deprecated.Please use `get` on Variable from sdk(`airflow.sdk.Variable`) instead","category":"UserWarning","filename":"/home/airflow/.local/lib/python3.13/site-packages/airflow/models/variable.py","lineno":158,"logger":"py.warnings"}
{"timestamp":"2026-09-06T11:10:26.638618Z","level":"info","event":"Filling up the DagBag from /opt/airflow/dags/verdanta_daily.py","logger":"airflow.dag_processing.dagbag.BundleDagBag","filename":"dagbag.py","lineno":469}
{"timestamp":"2026-09-06T11:10:26.704640Z","level":"info","event":"::group::Cosmos DAG parsing logs","logger":"cosmos.converter","filename":"converter.py","lineno":321}
{"timestamp":"2026-09-06T11:10:26.707781Z","level":"info","event":"Cosmos cache dir resolved to /tmp/cosmos/verdanta_daily__dbt_daily","logger":"cosmos.converter","filename":"converter.py","lineno":346}
{"timestamp":"2026-09-06T11:10:26.707999Z","level":"info","event":"Trying to parse the dbt project using dbt ls cache cosmos_cache__verdanta_daily__dbt_daily...","logger":"cosmos.dbt.graph","filename":"graph.py","lineno":869}
{"timestamp":"2026-09-06T11:10:26.842794Z","level":"info","event":"Cosmos performance: time to calculate cache identifier cosmos_cache__verdanta_daily__dbt_daily for current version: 0.11914309799976763","logger":"cosmos.cache","filename":"cache.py","lineno":401}
{"timestamp":"2026-09-06T11:10:26.843029Z","level":"info","event":"Cosmos performance [4daed8617553|1858]: The cache size for cosmos_cache__verdanta_daily__dbt_daily is 81420","logger":"cosmos.dbt.graph","filename":"graph.py","lineno":886}
{"timestamp":"2026-09-06T11:10:26.846136Z","level":"info","event":"Cosmos performance: Cache hit for cosmos_cache__verdanta_daily__dbt_daily - cec7d2b2130ad93ca8be26282ae433fd,f50552a3029f27b43be4a74a78877897","logger":"cosmos.dbt.graph","filename":"graph.py","lineno":898}
{"timestamp":"2026-09-06T11:10:26.846337Z","level":"info","event":"Total nodes: 91","logger":"cosmos.dbt.graph","filename":"graph.py","lineno":799}
{"timestamp":"2026-09-06T11:10:26.846400Z","level":"info","event":"Total filtered nodes: 91","logger":"cosmos.dbt.graph","filename":"graph.py","lineno":800}
{"timestamp":"2026-09-06T11:10:26.846463Z","level":"info","event":"Cosmos performance (verdanta_daily__dbt_daily) - [4daed8617553|1858]: It took 0.139s to parse the dbt project for DAG using LoadMode.DBT_LS_CACHE","logger":"cosmos.converter","filename":"converter.py","lineno":371}
{"timestamp":"2026-09-06T11:10:26.914911Z","level":"info","event":"Cosmos performance (verdanta_daily__dbt_daily) - [4daed8617553|1858]: It took 0.0684s to build the Airflow DAG.","logger":"cosmos.converter","filename":"converter.py","lineno":423}
{"timestamp":"2026-09-06T11:10:26.915095Z","level":"info","event":"::endgroup::Cosmos DAG parsing logs","logger":"cosmos.converter","filename":"converter.py","lineno":430}
{"timestamp":"2026-09-06T11:10:26.915666Z","level":"warning","event":"Using Variable.get from `airflow.models` is deprecated.Please use `get` on Variable from sdk(`airflow.sdk.Variable`) instead","category":"UserWarning","filename":"/home/airflow/.local/lib/python3.13/site-packages/airflow/models/variable.py","lineno":158,"logger":"py.warnings"}
{"timestamp":"2026-09-06T11:10:57.958249Z","level":"info","event":"Filling up the DagBag from /opt/airflow/dags/verdanta_daily.py","logger":"airflow.dag_processing.dagbag.BundleDagBag","filename":"dagbag.py","lineno":469}
{"timestamp":"2026-09-06T11:10:58.021966Z","level":"info","event":"::group::Cosmos DAG parsing logs","logger":"cosmos.converter","filename":"converter.py","lineno":321}
{"timestamp":"2026-09-06T11:10:58.025009Z","level":"info","event":"Cosmos cache dir resolved to /tmp/cosmos/verdanta_daily__dbt_daily","logger":"cosmos.converter","filename":"converter.py","lineno":346}
{"timestamp":"2026-09-06T11:10:58.025178Z","level":"info","event":"Trying to parse the dbt project using dbt ls cache cosmos_cache__verdanta_daily__dbt_daily...","logger":"cosmos.dbt.graph","filename":"graph.py","lineno":869}
{"timestamp":"2026-09-06T11:10:58.164146Z","level":"info","event":"Cosmos performance: time to calculate cache identifier cosmos_cache__verdanta_daily__dbt_daily for current version: 0.12358662599990566","logger":"cosmos.cache","filename":"cache.py","lineno":401}
{"timestamp":"2026-09-06T11:10:58.164375Z","level":"info","event":"Cosmos performance [4daed8617553|1875]: The cache size for cosmos_cache__verdanta_daily__dbt_daily is 81420","logger":"cosmos.dbt.graph","filename":"graph.py","lineno":886}
{"timestamp":"2026-09-06T11:10:58.167030Z","level":"info","event":"Cosmos performance: Cache hit for cosmos_cache__verdanta_daily__dbt_daily - cec7d2b2130ad93ca8be26282ae433fd,f50552a3029f27b43be4a74a78877897","logger":"cosmos.dbt.graph","filename":"graph.py","lineno":898}
{"timestamp":"2026-09-06T11:10:58.167240Z","level":"info","event":"Total nodes: 91","logger":"cosmos.dbt.graph","filename":"graph.py","lineno":799}
{"timestamp":"2026-09-06T11:10:58.167300Z","level":"info","event":"Total filtered nodes: 91","logger":"cosmos.dbt.graph","filename":"graph.py","lineno":800}
{"timestamp":"2026-09-06T11:10:58.167364Z","level":"info","event":"Cosmos performance (verdanta_daily__dbt_daily) - [4daed8617553|1875]: It took 0.142s to parse the dbt project for DAG using LoadMode.DBT_LS_CACHE","logger":"cosmos.converter","filename":"converter.py","lineno":371}
{"timestamp":"2026-09-06T11:10:58.236285Z","level":"info","event":"Cosmos performance (verdanta_daily__dbt_daily) - [4daed8617553|1875]: It took 0.0689s to build the Airflow DAG.","logger":"cosmos.converter","filename":"converter.py","lineno":423}
{"timestamp":"2026-09-06T11:10:58.236440Z","level":"info","event":"::endgroup::Cosmos DAG parsing logs","logger":"cosmos.converter","filename":"converter.py","lineno":430}
{"timestamp":"2026-09-06T11:10:58.236943Z","level":"warning","event":"Using Variable.get from `airflow.models` is deprecated.Please use `get` on Variable from sdk(`airflow.sdk.Variable`) instead","category":"UserWarning","filename":"/home/airflow/.local/lib/python3.13/site-packages/airflow/models/variable.py","lineno":158,"logger":"py.warnings"}
{"timestamp":"2026-09-06T11:11:29.173586Z","level":"info","event":"Filling up the DagBag from /opt/airflow/dags/verdanta_daily.py","logger":"airflow.dag_processing.dagbag.BundleDagBag","filename":"dagbag.py","lineno":469}
{"timestamp":"2026-09-06T11:11:29.237451Z","level":"info","event":"::group::Cosmos DAG parsing logs","logger":"cosmos.converter","filename":"converter.py","lineno":321}
{"timestamp":"2026-09-06T11:11:29.240405Z","level":"info","event":"Cosmos cache dir resolved to /tmp/cosmos/verdanta_daily__dbt_daily","logger":"cosmos.converter","filename":"converter.py","lineno":346}
{"timestamp":"2026-09-06T11:11:29.240564Z","level":"info","event":"Trying to parse the dbt project using dbt ls cache cosmos_cache__verdanta_daily__dbt_daily...","logger":"cosmos.dbt.graph","filename":"graph.py","lineno":869}
{"timestamp":"2026-09-06T11:11:29.376647Z","level":"info","event":"Cosmos performance: time to calculate cache identifier cosmos_cache__verdanta_daily__dbt_daily for current version: 0.12010912899995674","logger":"cosmos.cache","filename":"cache.py","lineno":401}
{"timestamp":"2026-09-06T11:11:29.376892Z","level":"info","event":"Cosmos performance [4daed8617553|1892]: The cache size for cosmos_cache__verdanta_daily__dbt_daily is 81420","logger":"cosmos.dbt.graph","filename":"graph.py","lineno":886}
{"timestamp":"2026-09-06T11:11:29.379780Z","level":"info","event":"Cosmos performance: Cache hit for cosmos_cache__verdanta_daily__dbt_daily - cec7d2b2130ad93ca8be26282ae433fd,f50552a3029f27b43be4a74a78877897","logger":"cosmos.dbt.graph","filename":"graph.py","lineno":898}
{"timestamp":"2026-09-06T11:11:29.379979Z","level":"info","event":"Total nodes: 91","logger":"cosmos.dbt.graph","filename":"graph.py","lineno":799}
{"timestamp":"2026-09-06T11:11:29.380049Z","level":"info","event":"Total filtered nodes: 91","logger":"cosmos.dbt.graph","filename":"graph.py","lineno":800}
{"timestamp":"2026-09-06T11:11:29.380181Z","level":"info","event":"Cosmos performance (verdanta_daily__dbt_daily) - [4daed8617553|1892]: It took 0.14s to parse the dbt project for DAG using LoadMode.DBT_LS_CACHE","logger":"cosmos.converter","filename":"converter.py","lineno":371}
{"timestamp":"2026-09-06T11:11:29.449582Z","level":"info","event":"Cosmos performance (verdanta_daily__dbt_daily) - [4daed8617553|1892]: It took 0.0694s to build the Airflow DAG.","logger":"cosmos.converter","filename":"converter.py","lineno":423}
{"timestamp":"2026-09-06T11:11:29.449744Z","level":"info","event":"::endgroup::Cosmos DAG parsing logs","logger":"cosmos.converter","filename":"converter.py","lineno":430}
{"timestamp":"2026-09-06T11:11:29.450336Z","level":"warning","event":"Using Variable.get from `airflow.models` is deprecated.Please use `get` on Variable from sdk(`airflow.sdk.Variable`) instead","category":"UserWarning","filename":"/home/airflow/.local/lib/python3.13/site-packages/airflow/models/variable.py","lineno":158,"logger":"py.warnings"}
{"timestamp":"2026-09-06T11:12:00.418269Z","level":"info","event":"Filling up the DagBag from /opt/airflow/dags/verdanta_daily.py","logger":"airflow.dag_processing.dagbag.BundleDagBag","filename":"dagbag.py","lineno":469}
{"timestamp":"2026-09-06T11:12:00.490076Z","level":"info","event":"::group::Cosmos DAG parsing logs","logger":"cosmos.converter","filename":"converter.py","lineno":321}
{"timestamp":"2026-09-06T11:12:00.493855Z","level":"info","event":"Cosmos cache dir resolved to /tmp/cosmos/verdanta_daily__dbt_daily","logger":"cosmos.converter","filename":"converter.py","lineno":346}
{"timestamp":"2026-09-06T11:12:00.494119Z","level":"info","event":"Trying to parse the dbt project using dbt ls cache cosmos_cache__verdanta_daily__dbt_daily...","logger":"cosmos.dbt.graph","filename":"graph.py","lineno":869}
{"timestamp":"2026-09-06T11:12:00.642394Z","level":"info","event":"Cosmos performance: time to calculate cache identifier cosmos_cache__verdanta_daily__dbt_daily for current version: 0.129246231000252","logger":"cosmos.cache","filename":"cache.py","lineno":401}
{"timestamp":"2026-09-06T11:12:00.642655Z","level":"info","event":"Cosmos performance [4daed8617553|1909]: The cache size for cosmos_cache__verdanta_daily__dbt_daily is 81420","logger":"cosmos.dbt.graph","filename":"graph.py","lineno":886}
{"timestamp":"2026-09-06T11:12:00.645579Z","level":"info","event":"Cosmos performance: Cache hit for cosmos_cache__verdanta_daily__dbt_daily - cec7d2b2130ad93ca8be26282ae433fd,f50552a3029f27b43be4a74a78877897","logger":"cosmos.dbt.graph","filename":"graph.py","lineno":898}
{"timestamp":"2026-09-06T11:12:00.645827Z","level":"info","event":"Total nodes: 91","logger":"cosmos.dbt.graph","filename":"graph.py","lineno":799}
{"timestamp":"2026-09-06T11:12:00.645905Z","level":"info","event":"Total filtered nodes: 91","logger":"cosmos.dbt.graph","filename":"graph.py","lineno":800}
{"timestamp":"2026-09-06T11:12:00.645977Z","level":"info","event":"Cosmos performance (verdanta_daily__dbt_daily) - [4daed8617553|1909]: It took 0.152s to parse the dbt project for DAG using LoadMode.DBT_LS_CACHE","logger":"cosmos.converter","filename":"converter.py","lineno":371}
{"timestamp":"2026-09-06T11:12:00.723594Z","level":"info","event":"Cosmos performance (verdanta_daily__dbt_daily) - [4daed8617553|1909]: It took 0.0775s to build the Airflow DAG.","logger":"cosmos.converter","filename":"converter.py","lineno":423}
{"timestamp":"2026-09-06T11:12:00.723788Z","level":"info","event":"::endgroup::Cosmos DAG parsing logs","logger":"cosmos.converter","filename":"converter.py","lineno":430}
{"timestamp":"2026-09-06T11:12:00.724484Z","level":"warning","event":"Using Variable.get from `airflow.models` is deprecated.Please use `get` on Variable from sdk(`airflow.sdk.Variable`) instead","category":"UserWarning","filename":"/home/airflow/.local/lib/python3.13/site-packages/airflow/models/variable.py","lineno":158,"logger":"py.warnings"}
{"timestamp":"2026-09-06T11:12:30.844300Z","level":"info","event":"Filling up the DagBag from /opt/airflow/dags/verdanta_daily.py","logger":"airflow.dag_processing.dagbag.BundleDagBag","filename":"dagbag.py","lineno":469}
{"timestamp":"2026-09-06T11:12:30.925611Z","level":"info","event":"::group::Cosmos DAG parsing logs","logger":"cosmos.converter","filename":"converter.py","lineno":321}
{"timestamp":"2026-09-06T11:12:30.929361Z","level":"info","event":"Cosmos cache dir resolved to /tmp/cosmos/verdanta_daily__dbt_daily","logger":"cosmos.converter","filename":"converter.py","lineno":346}
{"timestamp":"2026-09-06T11:12:30.929562Z","level":"info","event":"Trying to parse the dbt project using dbt ls cache cosmos_cache__verdanta_daily__dbt_daily...","logger":"cosmos.dbt.graph","filename":"graph.py","lineno":869}
{"timestamp":"2026-09-06T11:12:31.078041Z","level":"info","event":"Cosmos performance: time to calculate cache identifier cosmos_cache__verdanta_daily__dbt_daily for current version: 0.13198372800025027","logger":"cosmos.cache","filename":"cache.py","lineno":401}
{"timestamp":"2026-09-06T11:12:31.078278Z","level":"info","event":"Cosmos performance [4daed8617553|1926]: The cache size for cosmos_cache__verdanta_daily__dbt_daily is 81420","logger":"cosmos.dbt.graph","filename":"graph.py","lineno":886}
{"timestamp":"2026-09-06T11:12:31.081526Z","level":"info","event":"Cosmos performance: Cache hit for cosmos_cache__verdanta_daily__dbt_daily - cec7d2b2130ad93ca8be26282ae433fd,f50552a3029f27b43be4a74a78877897","logger":"cosmos.dbt.graph","filename":"graph.py","lineno":898}
{"timestamp":"2026-09-06T11:12:31.081748Z","level":"info","event":"Total nodes: 91","logger":"cosmos.dbt.graph","filename":"graph.py","lineno":799}
{"timestamp":"2026-09-06T11:12:31.081816Z","level":"info","event":"Total filtered nodes: 91","logger":"cosmos.dbt.graph","filename":"graph.py","lineno":800}
{"timestamp":"2026-09-06T11:12:31.081882Z","level":"info","event":"Cosmos performance (verdanta_daily__dbt_daily) - [4daed8617553|1926]: It took 0.152s to parse the dbt project for DAG using LoadMode.DBT_LS_CACHE","logger":"cosmos.converter","filename":"converter.py","lineno":371}
{"timestamp":"2026-09-06T11:12:31.159119Z","level":"info","event":"Cosmos performance (verdanta_daily__dbt_daily) - [4daed8617553|1926]: It took 0.0771s to build the Airflow DAG.","logger":"cosmos.converter","filename":"converter.py","lineno":423}
{"timestamp":"2026-09-06T11:12:31.159296Z","level":"info","event":"::endgroup::Cosmos DAG parsing logs","logger":"cosmos.converter","filename":"converter.py","lineno":430}
{"timestamp":"2026-09-06T11:12:31.159945Z","level":"warning","event":"Using Variable.get from `airflow.models` is deprecated.Please use `get` on Variable from sdk(`airflow.sdk.Variable`) instead","category":"UserWarning","filename":"/home/airflow/.local/lib/python3.13/site-packages/airflow/models/variable.py","lineno":158,"logger":"py.warnings"}
{"timestamp":"2026-09-06T11:13:02.188228Z","level":"info","event":"Filling up the DagBag from /opt/airflow/dags/verdanta_daily.py","logger":"airflow.dag_processing.dagbag.BundleDagBag","filename":"dagbag.py","lineno":469}
{"timestamp":"2026-09-06T11:13:02.273085Z","level":"info","event":"::group::Cosmos DAG parsing logs","logger":"cosmos.converter","filename":"converter.py","lineno":321}
{"timestamp":"2026-09-06T11:13:02.277350Z","level":"info","event":"Cosmos cache dir resolved to /tmp/cosmos/verdanta_daily__dbt_daily","logger":"cosmos.converter","filename":"converter.py","lineno":346}
{"timestamp":"2026-09-06T11:13:02.277605Z","level":"info","event":"Trying to parse the dbt project using dbt ls cache cosmos_cache__verdanta_daily__dbt_daily...","logger":"cosmos.dbt.graph","filename":"graph.py","lineno":869}
{"timestamp":"2026-09-06T11:13:02.433222Z","level":"info","event":"Cosmos performance: time to calculate cache identifier cosmos_cache__verdanta_daily__dbt_daily for current version: 0.13667445800001587","logger":"cosmos.cache","filename":"cache.py","lineno":401}
{"timestamp":"2026-09-06T11:13:02.433494Z","level":"info","event":"Cosmos performance [4daed8617553|1943]: The cache size for cosmos_cache__verdanta_daily__dbt_daily is 81420","logger":"cosmos.dbt.graph","filename":"graph.py","lineno":886}
{"timestamp":"2026-09-06T11:13:02.436600Z","level":"info","event":"Cosmos performance: Cache hit for cosmos_cache__verdanta_daily__dbt_daily - cec7d2b2130ad93ca8be26282ae433fd,f50552a3029f27b43be4a74a78877897","logger":"cosmos.dbt.graph","filename":"graph.py","lineno":898}
{"timestamp":"2026-09-06T11:13:02.436867Z","level":"info","event":"Total nodes: 91","logger":"cosmos.dbt.graph","filename":"graph.py","lineno":799}
{"timestamp":"2026-09-06T11:13:02.436960Z","level":"info","event":"Total filtered nodes: 91","logger":"cosmos.dbt.graph","filename":"graph.py","lineno":800}
{"timestamp":"2026-09-06T11:13:02.437037Z","level":"info","event":"Cosmos performance (verdanta_daily__dbt_daily) - [4daed8617553|1943]: It took 0.16s to parse the dbt project for DAG using LoadMode.DBT_LS_CACHE","logger":"cosmos.converter","filename":"converter.py","lineno":371}
{"timestamp":"2026-09-06T11:13:02.519998Z","level":"info","event":"Cosmos performance (verdanta_daily__dbt_daily) - [4daed8617553|1943]: It took 0.0829s to build the Airflow DAG.","logger":"cosmos.converter","filename":"converter.py","lineno":423}
{"timestamp":"2026-09-06T11:13:02.520173Z","level":"info","event":"::endgroup::Cosmos DAG parsing logs","logger":"cosmos.converter","filename":"converter.py","lineno":430}
{"timestamp":"2026-09-06T11:13:02.520844Z","level":"warning","event":"Using Variable.get from `airflow.models` is deprecated.Please use `get` on Variable from sdk(`airflow.sdk.Variable`) instead","category":"UserWarning","filename":"/home/airflow/.local/lib/python3.13/site-packages/airflow/models/variable.py","lineno":158,"logger":"py.warnings"}
{"timestamp":"2026-09-06T11:13:32.665515Z","level":"info","event":"Filling up the DagBag from /opt/airflow/dags/verdanta_daily.py","logger":"airflow.dag_processing.dagbag.BundleDagBag","filename":"dagbag.py","lineno":469}
{"timestamp":"2026-09-06T11:13:32.731553Z","level":"info","event":"::group::Cosmos DAG parsing logs","logger":"cosmos.converter","filename":"converter.py","lineno":321}
{"timestamp":"2026-09-06T11:13:32.735023Z","level":"info","event":"Cosmos cache dir resolved to /tmp/cosmos/verdanta_daily__dbt_daily","logger":"cosmos.converter","filename":"converter.py","lineno":346}
{"timestamp":"2026-09-06T11:13:32.735202Z","level":"info","event":"Trying to parse the dbt project using dbt ls cache cosmos_cache__verdanta_daily__dbt_daily...","logger":"cosmos.dbt.graph","filename":"graph.py","lineno":869}
{"timestamp":"2026-09-06T11:13:32.873875Z","level":"info","event":"Cosmos performance: time to calculate cache identifier cosmos_cache__verdanta_daily__dbt_daily for current version: 0.12338236300001881","logger":"cosmos.cache","filename":"cache.py","lineno":401}
{"timestamp":"2026-09-06T11:13:32.874114Z","level":"info","event":"Cosmos performance [4daed8617553|1960]: The cache size for cosmos_cache__verdanta_daily__dbt_daily is 81420","logger":"cosmos.dbt.graph","filename":"graph.py","lineno":886}
{"timestamp":"2026-09-06T11:13:32.876694Z","level":"info","event":"Cosmos performance: Cache hit for cosmos_cache__verdanta_daily__dbt_daily - cec7d2b2130ad93ca8be26282ae433fd,f50552a3029f27b43be4a74a78877897","logger":"cosmos.dbt.graph","filename":"graph.py","lineno":898}
{"timestamp":"2026-09-06T11:13:32.876895Z","level":"info","event":"Total nodes: 91","logger":"cosmos.dbt.graph","filename":"graph.py","lineno":799}
{"timestamp":"2026-09-06T11:13:32.876957Z","level":"info","event":"Total filtered nodes: 91","logger":"cosmos.dbt.graph","filename":"graph.py","lineno":800}
{"timestamp":"2026-09-06T11:13:32.877025Z","level":"info","event":"Cosmos performance (verdanta_daily__dbt_daily) - [4daed8617553|1960]: It took 0.142s to parse the dbt project for DAG using LoadMode.DBT_LS_CACHE","logger":"cosmos.converter","filename":"converter.py","lineno":371}
{"timestamp":"2026-09-06T11:13:32.947774Z","level":"info","event":"Cosmos performance (verdanta_daily__dbt_daily) - [4daed8617553|1960]: It took 0.0707s to build the Airflow DAG.","logger":"cosmos.converter","filename":"converter.py","lineno":423}
{"timestamp":"2026-09-06T11:13:32.947941Z","level":"info","event":"::endgroup::Cosmos DAG parsing logs","logger":"cosmos.converter","filename":"converter.py","lineno":430}
{"timestamp":"2026-09-06T11:13:32.948601Z","level":"warning","event":"Using Variable.get from `airflow.models` is deprecated.Please use `get` on Variable from sdk(`airflow.sdk.Variable`) instead","category":"UserWarning","filename":"/home/airflow/.local/lib/python3.13/site-packages/airflow/models/variable.py","lineno":158,"logger":"py.warnings"}
{"timestamp":"2026-09-06T11:14:03.963171Z","level":"info","event":"Filling up the DagBag from /opt/airflow/dags/verdanta_daily.py","logger":"airflow.dag_processing.dagbag.BundleDagBag","filename":"dagbag.py","lineno":469}
{"timestamp":"2026-09-06T11:14:04.038448Z","level":"info","event":"::group::Cosmos DAG parsing logs","logger":"cosmos.converter","filename":"converter.py","lineno":321}
{"timestamp":"2026-09-06T11:14:04.042260Z","level":"info","event":"Cosmos cache dir resolved to /tmp/cosmos/verdanta_daily__dbt_daily","logger":"cosmos.converter","filename":"converter.py","lineno":346}
{"timestamp":"2026-09-06T11:14:04.042531Z","level":"info","event":"Trying to parse the dbt project using dbt ls cache cosmos_cache__verdanta_daily__dbt_daily...","logger":"cosmos.dbt.graph","filename":"graph.py","lineno":869}
{"timestamp":"2026-09-06T11:14:04.182828Z","level":"info","event":"Cosmos performance: time to calculate cache identifier cosmos_cache__verdanta_daily__dbt_daily for current version: 0.1245990930001426","logger":"cosmos.cache","filename":"cache.py","lineno":401}
{"timestamp":"2026-09-06T11:14:04.183132Z","level":"info","event":"Cosmos performance [4daed8617553|1977]: The cache size for cosmos_cache__verdanta_daily__dbt_daily is 81420","logger":"cosmos.dbt.graph","filename":"graph.py","lineno":886}
{"timestamp":"2026-09-06T11:14:04.186667Z","level":"info","event":"Cosmos performance: Cache hit for cosmos_cache__verdanta_daily__dbt_daily - cec7d2b2130ad93ca8be26282ae433fd,f50552a3029f27b43be4a74a78877897","logger":"cosmos.dbt.graph","filename":"graph.py","lineno":898}
{"timestamp":"2026-09-06T11:14:04.186934Z","level":"info","event":"Total nodes: 91","logger":"cosmos.dbt.graph","filename":"graph.py","lineno":799}
{"timestamp":"2026-09-06T11:14:04.187008Z","level":"info","event":"Total filtered nodes: 91","logger":"cosmos.dbt.graph","filename":"graph.py","lineno":800}
{"timestamp":"2026-09-06T11:14:04.187080Z","level":"info","event":"Cosmos performance (verdanta_daily__dbt_daily) - [4daed8617553|1977]: It took 0.145s to parse the dbt project for DAG using LoadMode.DBT_LS_CACHE","logger":"cosmos.converter","filename":"converter.py","lineno":371}
{"timestamp":"2026-09-06T11:14:04.261264Z","level":"info","event":"Cosmos performance (verdanta_daily__dbt_daily) - [4daed8617553|1977]: It took 0.0741s to build the Airflow DAG.","logger":"cosmos.converter","filename":"converter.py","lineno":423}
{"timestamp":"2026-09-06T11:14:04.261434Z","level":"info","event":"::endgroup::Cosmos DAG parsing logs","logger":"cosmos.converter","filename":"converter.py","lineno":430}
{"timestamp":"2026-09-06T11:14:04.262034Z","level":"warning","event":"Using Variable.get from `airflow.models` is deprecated.Please use `get` on Variable from sdk(`airflow.sdk.Variable`) instead","category":"UserWarning","filename":"/home/airflow/.local/lib/python3.13/site-packages/airflow/models/variable.py","lineno":158,"logger":"py.warnings"}
{"timestamp":"2026-09-06T11:14:35.304226Z","level":"info","event":"Filling up the DagBag from /opt/airflow/dags/verdanta_daily.py","logger":"airflow.dag_processing.dagbag.BundleDagBag","filename":"dagbag.py","lineno":469}
{"timestamp":"2026-09-06T11:14:35.371044Z","level":"info","event":"::group::Cosmos DAG parsing logs","logger":"cosmos.converter","filename":"converter.py","lineno":321}
{"timestamp":"2026-09-06T11:14:35.374409Z","level":"info","event":"Cosmos cache dir resolved to /tmp/cosmos/verdanta_daily__dbt_daily","logger":"cosmos.converter","filename":"converter.py","lineno":346}
{"timestamp":"2026-09-06T11:14:35.374623Z","level":"info","event":"Trying to parse the dbt project using dbt ls cache cosmos_cache__verdanta_daily__dbt_daily...","logger":"cosmos.dbt.graph","filename":"graph.py","lineno":869}
{"timestamp":"2026-09-06T11:14:35.514887Z","level":"info","event":"Cosmos performance: time to calculate cache identifier cosmos_cache__verdanta_daily__dbt_daily for current version: 0.12439420500004417","logger":"cosmos.cache","filename":"cache.py","lineno":401}
{"timestamp":"2026-09-06T11:14:35.515138Z","level":"info","event":"Cosmos performance [4daed8617553|1994]: The cache size for cosmos_cache__verdanta_daily__dbt_daily is 81420","logger":"cosmos.dbt.graph","filename":"graph.py","lineno":886}
{"timestamp":"2026-09-06T11:14:35.517919Z","level":"info","event":"Cosmos performance: Cache hit for cosmos_cache__verdanta_daily__dbt_daily - cec7d2b2130ad93ca8be26282ae433fd,f50552a3029f27b43be4a74a78877897","logger":"cosmos.dbt.graph","filename":"graph.py","lineno":898}
{"timestamp":"2026-09-06T11:14:35.518132Z","level":"info","event":"Total nodes: 91","logger":"cosmos.dbt.graph","filename":"graph.py","lineno":799}
{"timestamp":"2026-09-06T11:14:35.518281Z","level":"info","event":"Total filtered nodes: 91","logger":"cosmos.dbt.graph","filename":"graph.py","lineno":800}
{"timestamp":"2026-09-06T11:14:35.518397Z","level":"info","event":"Cosmos performance (verdanta_daily__dbt_daily) - [4daed8617553|1994]: It took 0.144s to parse the dbt project for DAG using LoadMode.DBT_LS_CACHE","logger":"cosmos.converter","filename":"converter.py","lineno":371}
{"timestamp":"2026-09-06T11:14:35.587792Z","level":"info","event":"Cosmos performance (verdanta_daily__dbt_daily) - [4daed8617553|1994]: It took 0.0693s to build the Airflow DAG.","logger":"cosmos.converter","filename":"converter.py","lineno":423}
{"timestamp":"2026-09-06T11:14:35.587980Z","level":"info","event":"::endgroup::Cosmos DAG parsing logs","logger":"cosmos.converter","filename":"converter.py","lineno":430}
{"timestamp":"2026-09-06T11:14:35.588571Z","level":"warning","event":"Using Variable.get from `airflow.models` is deprecated.Please use `get` on Variable from sdk(`airflow.sdk.Variable`) instead","category":"UserWarning","filename":"/home/airflow/.local/lib/python3.13/site-packages/airflow/models/variable.py","lineno":158,"logger":"py.warnings"}
{"timestamp":"2026-09-06T11:15:06.583987Z","level":"info","event":"Filling up the DagBag from /opt/airflow/dags/verdanta_daily.py","logger":"airflow.dag_processing.dagbag.BundleDagBag","filename":"dagbag.py","lineno":469}
{"timestamp":"2026-09-06T11:15:06.648028Z","level":"info","event":"::group::Cosmos DAG parsing logs","logger":"cosmos.converter","filename":"converter.py","lineno":321}
{"timestamp":"2026-09-06T11:15:06.651273Z","level":"info","event":"Cosmos cache dir resolved to /tmp/cosmos/verdanta_daily__dbt_daily","logger":"cosmos.converter","filename":"converter.py","lineno":346}
{"timestamp":"2026-09-06T11:15:06.651509Z","level":"info","event":"Trying to parse the dbt project using dbt ls cache cosmos_cache__verdanta_daily__dbt_daily...","logger":"cosmos.dbt.graph","filename":"graph.py","lineno":869}
{"timestamp":"2026-09-06T11:15:06.787516Z","level":"info","event":"Cosmos performance: time to calculate cache identifier cosmos_cache__verdanta_daily__dbt_daily for current version: 0.12025271099992096","logger":"cosmos.cache","filename":"cache.py","lineno":401}
{"timestamp":"2026-09-06T11:15:06.787737Z","level":"info","event":"Cosmos performance [4daed8617553|2011]: The cache size for cosmos_cache__verdanta_daily__dbt_daily is 81420","logger":"cosmos.dbt.graph","filename":"graph.py","lineno":886}
{"timestamp":"2026-09-06T11:15:06.790502Z","level":"info","event":"Cosmos performance: Cache hit for cosmos_cache__verdanta_daily__dbt_daily - cec7d2b2130ad93ca8be26282ae433fd,f50552a3029f27b43be4a74a78877897","logger":"cosmos.dbt.graph","filename":"graph.py","lineno":898}
{"timestamp":"2026-09-06T11:15:06.790696Z","level":"info","event":"Total nodes: 91","logger":"cosmos.dbt.graph","filename":"graph.py","lineno":799}
{"timestamp":"2026-09-06T11:15:06.790759Z","level":"info","event":"Total filtered nodes: 91","logger":"cosmos.dbt.graph","filename":"graph.py","lineno":800}
{"timestamp":"2026-09-06T11:15:06.790823Z","level":"info","event":"Cosmos performance (verdanta_daily__dbt_daily) - [4daed8617553|2011]: It took 0.139s to parse the dbt project for DAG using LoadMode.DBT_LS_CACHE","logger":"cosmos.converter","filename":"converter.py","lineno":371}
{"timestamp":"2026-09-06T11:15:06.857707Z","level":"info","event":"Cosmos performance (verdanta_daily__dbt_daily) - [4daed8617553|2011]: It took 0.0668s to build the Airflow DAG.","logger":"cosmos.converter","filename":"converter.py","lineno":423}
{"timestamp":"2026-09-06T11:15:06.857910Z","level":"info","event":"::endgroup::Cosmos DAG parsing logs","logger":"cosmos.converter","filename":"converter.py","lineno":430}
{"timestamp":"2026-09-06T11:15:06.858411Z","level":"warning","event":"Using Variable.get from `airflow.models` is deprecated.Please use `get` on Variable from sdk(`airflow.sdk.Variable`) instead","category":"UserWarning","filename":"/home/airflow/.local/lib/python3.13/site-packages/airflow/models/variable.py","lineno":158,"logger":"py.warnings"}
{"timestamp":"2026-09-06T11:15:36.994967Z","level":"info","event":"Filling up the DagBag from /opt/airflow/dags/verdanta_daily.py","logger":"airflow.dag_processing.dagbag.BundleDagBag","filename":"dagbag.py","lineno":469}
{"timestamp":"2026-09-06T11:15:37.063726Z","level":"info","event":"::group::Cosmos DAG parsing logs","logger":"cosmos.converter","filename":"converter.py","lineno":321}
{"timestamp":"2026-09-06T11:15:37.068040Z","level":"info","event":"Cosmos cache dir resolved to /tmp/cosmos/verdanta_daily__dbt_daily","logger":"cosmos.converter","filename":"converter.py","lineno":346}
{"timestamp":"2026-09-06T11:15:37.068284Z","level":"info","event":"Trying to parse the dbt project using dbt ls cache cosmos_cache__verdanta_daily__dbt_daily...","logger":"cosmos.dbt.graph","filename":"graph.py","lineno":869}
{"timestamp":"2026-09-06T11:15:37.218029Z","level":"info","event":"Cosmos performance: time to calculate cache identifier cosmos_cache__verdanta_daily__dbt_daily for current version: 0.13100570000005973","logger":"cosmos.cache","filename":"cache.py","lineno":401}
{"timestamp":"2026-09-06T11:15:37.218265Z","level":"info","event":"Cosmos performance [4daed8617553|2028]: The cache size for cosmos_cache__verdanta_daily__dbt_daily is 81420","logger":"cosmos.dbt.graph","filename":"graph.py","lineno":886}
{"timestamp":"2026-09-06T11:15:37.221012Z","level":"info","event":"Cosmos performance: Cache hit for cosmos_cache__verdanta_daily__dbt_daily - cec7d2b2130ad93ca8be26282ae433fd,f50552a3029f27b43be4a74a78877897","logger":"cosmos.dbt.graph","filename":"graph.py","lineno":898}
{"timestamp":"2026-09-06T11:15:37.221213Z","level":"info","event":"Total nodes: 91","logger":"cosmos.dbt.graph","filename":"graph.py","lineno":799}
{"timestamp":"2026-09-06T11:15:37.221280Z","level":"info","event":"Total filtered nodes: 91","logger":"cosmos.dbt.graph","filename":"graph.py","lineno":800}
{"timestamp":"2026-09-06T11:15:37.221344Z","level":"info","event":"Cosmos performance (verdanta_daily__dbt_daily) - [4daed8617553|2028]: It took 0.153s to parse the dbt project for DAG using LoadMode.DBT_LS_CACHE","logger":"cosmos.converter","filename":"converter.py","lineno":371}
{"timestamp":"2026-09-06T11:15:37.296162Z","level":"info","event":"Cosmos performance (verdanta_daily__dbt_daily) - [4daed8617553|2028]: It took 0.0748s to build the Airflow DAG.","logger":"cosmos.converter","filename":"converter.py","lineno":423}
{"timestamp":"2026-09-06T11:15:37.296363Z","level":"info","event":"::endgroup::Cosmos DAG parsing logs","logger":"cosmos.converter","filename":"converter.py","lineno":430}
{"timestamp":"2026-09-06T11:15:37.297111Z","level":"warning","event":"Using Variable.get from `airflow.models` is deprecated.Please use `get` on Variable from sdk(`airflow.sdk.Variable`) instead","category":"UserWarning","filename":"/home/airflow/.local/lib/python3.13/site-packages/airflow/models/variable.py","lineno":158,"logger":"py.warnings"}
{"timestamp":"2026-09-06T11:16:08.284592Z","level":"info","event":"Filling up the DagBag from /opt/airflow/dags/verdanta_daily.py","logger":"airflow.dag_processing.dagbag.BundleDagBag","filename":"dagbag.py","lineno":469}
{"timestamp":"2026-09-06T11:16:08.360938Z","level":"info","event":"::group::Cosmos DAG parsing logs","logger":"cosmos.converter","filename":"converter.py","lineno":321}
{"timestamp":"2026-09-06T11:16:08.364893Z","level":"info","event":"Cosmos cache dir resolved to /tmp/cosmos/verdanta_daily__dbt_daily","logger":"cosmos.converter","filename":"converter.py","lineno":346}
{"timestamp":"2026-09-06T11:16:08.365199Z","level":"info","event":"Trying to parse the dbt project using dbt ls cache cosmos_cache__verdanta_daily__dbt_daily...","logger":"cosmos.dbt.graph","filename":"graph.py","lineno":869}
{"timestamp":"2026-09-06T11:16:08.515474Z","level":"info","event":"Cosmos performance: time to calculate cache identifier cosmos_cache__verdanta_daily__dbt_daily for current version: 0.13323492800009262","logger":"cosmos.cache","filename":"cache.py","lineno":401}
{"timestamp":"2026-09-06T11:16:08.515700Z","level":"info","event":"Cosmos performance [4daed8617553|2044]: The cache size for cosmos_cache__verdanta_daily__dbt_daily is 81420","logger":"cosmos.dbt.graph","filename":"graph.py","lineno":886}
{"timestamp":"2026-09-06T11:16:08.518690Z","level":"info","event":"Cosmos performance: Cache hit for cosmos_cache__verdanta_daily__dbt_daily - cec7d2b2130ad93ca8be26282ae433fd,f50552a3029f27b43be4a74a78877897","logger":"cosmos.dbt.graph","filename":"graph.py","lineno":898}
{"timestamp":"2026-09-06T11:16:08.518900Z","level":"info","event":"Total nodes: 91","logger":"cosmos.dbt.graph","filename":"graph.py","lineno":799}
{"timestamp":"2026-09-06T11:16:08.518967Z","level":"info","event":"Total filtered nodes: 91","logger":"cosmos.dbt.graph","filename":"graph.py","lineno":800}
{"timestamp":"2026-09-06T11:16:08.519038Z","level":"info","event":"Cosmos performance (verdanta_daily__dbt_daily) - [4daed8617553|2044]: It took 0.154s to parse the dbt project for DAG using LoadMode.DBT_LS_CACHE","logger":"cosmos.converter","filename":"converter.py","lineno":371}
{"timestamp":"2026-09-06T11:16:08.595617Z","level":"info","event":"Cosmos performance (verdanta_daily__dbt_daily) - [4daed8617553|2044]: It took 0.0765s to build the Airflow DAG.","logger":"cosmos.converter","filename":"converter.py","lineno":423}
{"timestamp":"2026-09-06T11:16:08.595785Z","level":"info","event":"::endgroup::Cosmos DAG parsing logs","logger":"cosmos.converter","filename":"converter.py","lineno":430}
{"timestamp":"2026-09-06T11:16:08.596418Z","level":"warning","event":"Using Variable.get from `airflow.models` is deprecated.Please use `get` on Variable from sdk(`airflow.sdk.Variable`) instead","category":"UserWarning","filename":"/home/airflow/.local/lib/python3.13/site-packages/airflow/models/variable.py","lineno":158,"logger":"py.warnings"}
{"timestamp":"2026-09-06T11:16:39.666977Z","level":"info","event":"Filling up the DagBag from /opt/airflow/dags/verdanta_daily.py","logger":"airflow.dag_processing.dagbag.BundleDagBag","filename":"dagbag.py","lineno":469}
{"timestamp":"2026-09-06T11:16:39.743217Z","level":"info","event":"::group::Cosmos DAG parsing logs","logger":"cosmos.converter","filename":"converter.py","lineno":321}
{"timestamp":"2026-09-06T11:16:39.746969Z","level":"info","event":"Cosmos cache dir resolved to /tmp/cosmos/verdanta_daily__dbt_daily","logger":"cosmos.converter","filename":"converter.py","lineno":346}
{"timestamp":"2026-09-06T11:16:39.747270Z","level":"info","event":"Trying to parse the dbt project using dbt ls cache cosmos_cache__verdanta_daily__dbt_daily...","logger":"cosmos.dbt.graph","filename":"graph.py","lineno":869}
{"timestamp":"2026-09-06T11:16:39.896617Z","level":"info","event":"Cosmos performance: time to calculate cache identifier cosmos_cache__verdanta_daily__dbt_daily for current version: 0.12925243600011527","logger":"cosmos.cache","filename":"cache.py","lineno":401}
{"timestamp":"2026-09-06T11:16:39.896855Z","level":"info","event":"Cosmos performance [4daed8617553|2061]: The cache size for cosmos_cache__verdanta_daily__dbt_daily is 81420","logger":"cosmos.dbt.graph","filename":"graph.py","lineno":886}
{"timestamp":"2026-09-06T11:16:39.899717Z","level":"info","event":"Cosmos performance: Cache hit for cosmos_cache__verdanta_daily__dbt_daily - cec7d2b2130ad93ca8be26282ae433fd,f50552a3029f27b43be4a74a78877897","logger":"cosmos.dbt.graph","filename":"graph.py","lineno":898}
{"timestamp":"2026-09-06T11:16:39.899898Z","level":"info","event":"Total nodes: 91","logger":"cosmos.dbt.graph","filename":"graph.py","lineno":799}
{"timestamp":"2026-09-06T11:16:39.899958Z","level":"info","event":"Total filtered nodes: 91","logger":"cosmos.dbt.graph","filename":"graph.py","lineno":800}
{"timestamp":"2026-09-06T11:16:39.900021Z","level":"info","event":"Cosmos performance (verdanta_daily__dbt_daily) - [4daed8617553|2061]: It took 0.153s to parse the dbt project for DAG using LoadMode.DBT_LS_CACHE","logger":"cosmos.converter","filename":"converter.py","lineno":371}
{"timestamp":"2026-09-06T11:16:39.974665Z","level":"info","event":"Cosmos performance (verdanta_daily__dbt_daily) - [4daed8617553|2061]: It took 0.0746s to build the Airflow DAG.","logger":"cosmos.converter","filename":"converter.py","lineno":423}
{"timestamp":"2026-09-06T11:16:39.974837Z","level":"info","event":"::endgroup::Cosmos DAG parsing logs","logger":"cosmos.converter","filename":"converter.py","lineno":430}
{"timestamp":"2026-09-06T11:16:39.975461Z","level":"warning","event":"Using Variable.get from `airflow.models` is deprecated.Please use `get` on Variable from sdk(`airflow.sdk.Variable`) instead","category":"UserWarning","filename":"/home/airflow/.local/lib/python3.13/site-packages/airflow/models/variable.py","lineno":158,"logger":"py.warnings"}
{"timestamp":"2026-09-06T11:17:10.070399Z","level":"info","event":"Filling up the DagBag from /opt/airflow/dags/verdanta_daily.py","logger":"airflow.dag_processing.dagbag.BundleDagBag","filename":"dagbag.py","lineno":469}
{"timestamp":"2026-09-06T11:17:10.136515Z","level":"info","event":"::group::Cosmos DAG parsing logs","logger":"cosmos.converter","filename":"converter.py","lineno":321}
{"timestamp":"2026-09-06T11:17:10.139576Z","level":"info","event":"Cosmos cache dir resolved to /tmp/cosmos/verdanta_daily__dbt_daily","logger":"cosmos.converter","filename":"converter.py","lineno":346}
{"timestamp":"2026-09-06T11:17:10.139794Z","level":"info","event":"Trying to parse the dbt project using dbt ls cache cosmos_cache__verdanta_daily__dbt_daily...","logger":"cosmos.dbt.graph","filename":"graph.py","lineno":869}
{"timestamp":"2026-09-06T11:17:10.278983Z","level":"info","event":"Cosmos performance: time to calculate cache identifier cosmos_cache__verdanta_daily__dbt_daily for current version: 0.12304363600014767","logger":"cosmos.cache","filename":"cache.py","lineno":401}
{"timestamp":"2026-09-06T11:17:10.279210Z","level":"info","event":"Cosmos performance [4daed8617553|2071]: The cache size for cosmos_cache__verdanta_daily__dbt_daily is 81420","logger":"cosmos.dbt.graph","filename":"graph.py","lineno":886}
{"timestamp":"2026-09-06T11:17:10.282062Z","level":"info","event":"Cosmos performance: Cache hit for cosmos_cache__verdanta_daily__dbt_daily - cec7d2b2130ad93ca8be26282ae433fd,f50552a3029f27b43be4a74a78877897","logger":"cosmos.dbt.graph","filename":"graph.py","lineno":898}
{"timestamp":"2026-09-06T11:17:10.282251Z","level":"info","event":"Total nodes: 91","logger":"cosmos.dbt.graph","filename":"graph.py","lineno":799}
{"timestamp":"2026-09-06T11:17:10.282312Z","level":"info","event":"Total filtered nodes: 91","logger":"cosmos.dbt.graph","filename":"graph.py","lineno":800}
{"timestamp":"2026-09-06T11:17:10.282393Z","level":"info","event":"Cosmos performance (verdanta_daily__dbt_daily) - [4daed8617553|2071]: It took 0.143s to parse the dbt project for DAG using LoadMode.DBT_LS_CACHE","logger":"cosmos.converter","filename":"converter.py","lineno":371}
{"timestamp":"2026-09-06T11:17:10.351183Z","level":"info","event":"Cosmos performance (verdanta_daily__dbt_daily) - [4daed8617553|2071]: It took 0.0687s to build the Airflow DAG.","logger":"cosmos.converter","filename":"converter.py","lineno":423}
{"timestamp":"2026-09-06T11:17:10.351352Z","level":"info","event":"::endgroup::Cosmos DAG parsing logs","logger":"cosmos.converter","filename":"converter.py","lineno":430}
{"timestamp":"2026-09-06T11:17:10.351861Z","level":"warning","event":"Using Variable.get from `airflow.models` is deprecated.Please use `get` on Variable from sdk(`airflow.sdk.Variable`) instead","category":"UserWarning","filename":"/home/airflow/.local/lib/python3.13/site-packages/airflow/models/variable.py","lineno":158,"logger":"py.warnings"}
{"timestamp":"2026-09-06T11:17:41.405575Z","level":"info","event":"Filling up the DagBag from /opt/airflow/dags/verdanta_daily.py","logger":"airflow.dag_processing.dagbag.BundleDagBag","filename":"dagbag.py","lineno":469}
{"timestamp":"2026-09-06T11:17:41.489257Z","level":"info","event":"::group::Cosmos DAG parsing logs","logger":"cosmos.converter","filename":"converter.py","lineno":321}
{"timestamp":"2026-09-06T11:17:41.493262Z","level":"info","event":"Cosmos cache dir resolved to /tmp/cosmos/verdanta_daily__dbt_daily","logger":"cosmos.converter","filename":"converter.py","lineno":346}
{"timestamp":"2026-09-06T11:17:41.493480Z","level":"info","event":"Trying to parse the dbt project using dbt ls cache cosmos_cache__verdanta_daily__dbt_daily...","logger":"cosmos.dbt.graph","filename":"graph.py","lineno":869}
{"timestamp":"2026-09-06T11:17:41.660778Z","level":"info","event":"Cosmos performance: time to calculate cache identifier cosmos_cache__verdanta_daily__dbt_daily for current version: 0.14945231599995168","logger":"cosmos.cache","filename":"cache.py","lineno":401}
{"timestamp":"2026-09-06T11:17:41.661017Z","level":"info","event":"Cosmos performance [4daed8617553|2089]: The cache size for cosmos_cache__verdanta_daily__dbt_daily is 81420","logger":"cosmos.dbt.graph","filename":"graph.py","lineno":886}
{"timestamp":"2026-09-06T11:17:41.664081Z","level":"info","event":"Cosmos performance: Cache hit for cosmos_cache__verdanta_daily__dbt_daily - cec7d2b2130ad93ca8be26282ae433fd,f50552a3029f27b43be4a74a78877897","logger":"cosmos.dbt.graph","filename":"graph.py","lineno":898}
{"timestamp":"2026-09-06T11:17:41.664290Z","level":"info","event":"Total nodes: 91","logger":"cosmos.dbt.graph","filename":"graph.py","lineno":799}
{"timestamp":"2026-09-06T11:17:41.664412Z","level":"info","event":"Total filtered nodes: 91","logger":"cosmos.dbt.graph","filename":"graph.py","lineno":800}
{"timestamp":"2026-09-06T11:17:41.664499Z","level":"info","event":"Cosmos performance (verdanta_daily__dbt_daily) - [4daed8617553|2089]: It took 0.171s to parse the dbt project for DAG using LoadMode.DBT_LS_CACHE","logger":"cosmos.converter","filename":"converter.py","lineno":371}
{"timestamp":"2026-09-06T11:17:41.743086Z","level":"info","event":"Cosmos performance (verdanta_daily__dbt_daily) - [4daed8617553|2089]: It took 0.0785s to build the Airflow DAG.","logger":"cosmos.converter","filename":"converter.py","lineno":423}
{"timestamp":"2026-09-06T11:17:41.743265Z","level":"info","event":"::endgroup::Cosmos DAG parsing logs","logger":"cosmos.converter","filename":"converter.py","lineno":430}
{"timestamp":"2026-09-06T11:17:41.744013Z","level":"warning","event":"Using Variable.get from `airflow.models` is deprecated.Please use `get` on Variable from sdk(`airflow.sdk.Variable`) instead","category":"UserWarning","filename":"/home/airflow/.local/lib/python3.13/site-packages/airflow/models/variable.py","lineno":158,"logger":"py.warnings"}
{"timestamp":"2026-09-06T11:18:12.478488Z","level":"info","event":"Filling up the DagBag from /opt/airflow/dags/verdanta_daily.py","logger":"airflow.dag_processing.dagbag.BundleDagBag","filename":"dagbag.py","lineno":469}
{"timestamp":"2026-09-06T11:18:12.556062Z","level":"info","event":"::group::Cosmos DAG parsing logs","logger":"cosmos.converter","filename":"converter.py","lineno":321}
{"timestamp":"2026-09-06T11:18:12.560286Z","level":"info","event":"Cosmos cache dir resolved to /tmp/cosmos/verdanta_daily__dbt_daily","logger":"cosmos.converter","filename":"converter.py","lineno":346}
{"timestamp":"2026-09-06T11:18:12.560573Z","level":"info","event":"Trying to parse the dbt project using dbt ls cache cosmos_cache__verdanta_daily__dbt_daily...","logger":"cosmos.dbt.graph","filename":"graph.py","lineno":869}
{"timestamp":"2026-09-06T11:18:12.706068Z","level":"info","event":"Cosmos performance: time to calculate cache identifier cosmos_cache__verdanta_daily__dbt_daily for current version: 0.1289597719996891","logger":"cosmos.cache","filename":"cache.py","lineno":401}
{"timestamp":"2026-09-06T11:18:12.706264Z","level":"info","event":"Cosmos performance [4daed8617553|2106]: The cache size for cosmos_cache__verdanta_daily__dbt_daily is 81420","logger":"cosmos.dbt.graph","filename":"graph.py","lineno":886}
{"timestamp":"2026-09-06T11:18:12.709875Z","level":"info","event":"Cosmos performance: Cache hit for cosmos_cache__verdanta_daily__dbt_daily - cec7d2b2130ad93ca8be26282ae433fd,f50552a3029f27b43be4a74a78877897","logger":"cosmos.dbt.graph","filename":"graph.py","lineno":898}
{"timestamp":"2026-09-06T11:18:12.710138Z","level":"info","event":"Total nodes: 91","logger":"cosmos.dbt.graph","filename":"graph.py","lineno":799}
{"timestamp":"2026-09-06T11:18:12.710216Z","level":"info","event":"Total filtered nodes: 91","logger":"cosmos.dbt.graph","filename":"graph.py","lineno":800}
{"timestamp":"2026-09-06T11:18:12.710298Z","level":"info","event":"Cosmos performance (verdanta_daily__dbt_daily) - [4daed8617553|2106]: It took 0.15s to parse the dbt project for DAG using LoadMode.DBT_LS_CACHE","logger":"cosmos.converter","filename":"converter.py","lineno":371}
{"timestamp":"2026-09-06T11:18:12.785293Z","level":"info","event":"Cosmos performance (verdanta_daily__dbt_daily) - [4daed8617553|2106]: It took 0.0749s to build the Airflow DAG.","logger":"cosmos.converter","filename":"converter.py","lineno":423}
{"timestamp":"2026-09-06T11:18:12.785455Z","level":"info","event":"::endgroup::Cosmos DAG parsing logs","logger":"cosmos.converter","filename":"converter.py","lineno":430}
{"timestamp":"2026-09-06T11:18:12.786023Z","level":"warning","event":"Using Variable.get from `airflow.models` is deprecated.Please use `get` on Variable from sdk(`airflow.sdk.Variable`) instead","category":"UserWarning","filename":"/home/airflow/.local/lib/python3.13/site-packages/airflow/models/variable.py","lineno":158,"logger":"py.warnings"}
{"timestamp":"2026-09-06T11:18:43.483582Z","level":"info","event":"Filling up the DagBag from /opt/airflow/dags/verdanta_daily.py","logger":"airflow.dag_processing.dagbag.BundleDagBag","filename":"dagbag.py","lineno":469}
{"timestamp":"2026-09-06T11:18:43.572813Z","level":"info","event":"::group::Cosmos DAG parsing logs","logger":"cosmos.converter","filename":"converter.py","lineno":321}
{"timestamp":"2026-09-06T11:18:43.577357Z","level":"info","event":"Cosmos cache dir resolved to /tmp/cosmos/verdanta_daily__dbt_daily","logger":"cosmos.converter","filename":"converter.py","lineno":346}
{"timestamp":"2026-09-06T11:18:43.577641Z","level":"info","event":"Trying to parse the dbt project using dbt ls cache cosmos_cache__verdanta_daily__dbt_daily...","logger":"cosmos.dbt.graph","filename":"graph.py","lineno":869}
{"timestamp":"2026-09-06T11:18:43.724835Z","level":"info","event":"Cosmos performance: time to calculate cache identifier cosmos_cache__verdanta_daily__dbt_daily for current version: 0.13213250600028914","logger":"cosmos.cache","filename":"cache.py","lineno":401}
{"timestamp":"2026-09-06T11:18:43.725006Z","level":"info","event":"Cosmos performance [4daed8617553|2123]: The cache size for cosmos_cache__verdanta_daily__dbt_daily is 81420","logger":"cosmos.dbt.graph","filename":"graph.py","lineno":886}
{"timestamp":"2026-09-06T11:18:43.727353Z","level":"info","event":"Cosmos performance: Cache hit for cosmos_cache__verdanta_daily__dbt_daily - cec7d2b2130ad93ca8be26282ae433fd,f50552a3029f27b43be4a74a78877897","logger":"cosmos.dbt.graph","filename":"graph.py","lineno":898}
{"timestamp":"2026-09-06T11:18:43.727568Z","level":"info","event":"Total nodes: 91","logger":"cosmos.dbt.graph","filename":"graph.py","lineno":799}
{"timestamp":"2026-09-06T11:18:43.727634Z","level":"info","event":"Total filtered nodes: 91","logger":"cosmos.dbt.graph","filename":"graph.py","lineno":800}
{"timestamp":"2026-09-06T11:18:43.727707Z","level":"info","event":"Cosmos performance (verdanta_daily__dbt_daily) - [4daed8617553|2123]: It took 0.15s to parse the dbt project for DAG using LoadMode.DBT_LS_CACHE","logger":"cosmos.converter","filename":"converter.py","lineno":371}
{"timestamp":"2026-09-06T11:18:43.805813Z","level":"info","event":"Cosmos performance (verdanta_daily__dbt_daily) - [4daed8617553|2123]: It took 0.0781s to build the Airflow DAG.","logger":"cosmos.converter","filename":"converter.py","lineno":423}
{"timestamp":"2026-09-06T11:18:43.806004Z","level":"info","event":"::endgroup::Cosmos DAG parsing logs","logger":"cosmos.converter","filename":"converter.py","lineno":430}
{"timestamp":"2026-09-06T11:18:43.806631Z","level":"warning","event":"Using Variable.get from `airflow.models` is deprecated.Please use `get` on Variable from sdk(`airflow.sdk.Variable`) instead","category":"UserWarning","filename":"/home/airflow/.local/lib/python3.13/site-packages/airflow/models/variable.py","lineno":158,"logger":"py.warnings"}
{"timestamp":"2026-09-06T11:19:14.476215Z","level":"info","event":"Filling up the DagBag from /opt/airflow/dags/verdanta_daily.py","logger":"airflow.dag_processing.dagbag.BundleDagBag","filename":"dagbag.py","lineno":469}
{"timestamp":"2026-09-06T11:19:14.562176Z","level":"info","event":"::group::Cosmos DAG parsing logs","logger":"cosmos.converter","filename":"converter.py","lineno":321}
{"timestamp":"2026-09-06T11:19:14.566865Z","level":"info","event":"Cosmos cache dir resolved to /tmp/cosmos/verdanta_daily__dbt_daily","logger":"cosmos.converter","filename":"converter.py","lineno":346}
{"timestamp":"2026-09-06T11:19:14.567058Z","level":"info","event":"Trying to parse the dbt project using dbt ls cache cosmos_cache__verdanta_daily__dbt_daily...","logger":"cosmos.dbt.graph","filename":"graph.py","lineno":869}
{"timestamp":"2026-09-06T11:19:14.711963Z","level":"info","event":"Cosmos performance: time to calculate cache identifier cosmos_cache__verdanta_daily__dbt_daily for current version: 0.12901539499989667","logger":"cosmos.cache","filename":"cache.py","lineno":401}
{"timestamp":"2026-09-06T11:19:14.712126Z","level":"info","event":"Cosmos performance [4daed8617553|2140]: The cache size for cosmos_cache__verdanta_daily__dbt_daily is 81420","logger":"cosmos.dbt.graph","filename":"graph.py","lineno":886}
{"timestamp":"2026-09-06T11:19:14.714684Z","level":"info","event":"Cosmos performance: Cache hit for cosmos_cache__verdanta_daily__dbt_daily - cec7d2b2130ad93ca8be26282ae433fd,f50552a3029f27b43be4a74a78877897","logger":"cosmos.dbt.graph","filename":"graph.py","lineno":898}
{"timestamp":"2026-09-06T11:19:14.714901Z","level":"info","event":"Total nodes: 91","logger":"cosmos.dbt.graph","filename":"graph.py","lineno":799}
{"timestamp":"2026-09-06T11:19:14.714966Z","level":"info","event":"Total filtered nodes: 91","logger":"cosmos.dbt.graph","filename":"graph.py","lineno":800}
{"timestamp":"2026-09-06T11:19:14.715097Z","level":"info","event":"Cosmos performance (verdanta_daily__dbt_daily) - [4daed8617553|2140]: It took 0.148s to parse the dbt project for DAG using LoadMode.DBT_LS_CACHE","logger":"cosmos.converter","filename":"converter.py","lineno":371}
{"timestamp":"2026-09-06T11:19:14.796069Z","level":"info","event":"Cosmos performance (verdanta_daily__dbt_daily) - [4daed8617553|2140]: It took 0.0809s to build the Airflow DAG.","logger":"cosmos.converter","filename":"converter.py","lineno":423}
{"timestamp":"2026-09-06T11:19:14.796243Z","level":"info","event":"::endgroup::Cosmos DAG parsing logs","logger":"cosmos.converter","filename":"converter.py","lineno":430}
{"timestamp":"2026-09-06T11:19:14.796792Z","level":"warning","event":"Using Variable.get from `airflow.models` is deprecated.Please use `get` on Variable from sdk(`airflow.sdk.Variable`) instead","category":"UserWarning","filename":"/home/airflow/.local/lib/python3.13/site-packages/airflow/models/variable.py","lineno":158,"logger":"py.warnings"}
{"timestamp":"2026-09-06T11:19:45.544626Z","level":"info","event":"Filling up the DagBag from /opt/airflow/dags/verdanta_daily.py","logger":"airflow.dag_processing.dagbag.BundleDagBag","filename":"dagbag.py","lineno":469}
{"timestamp":"2026-09-06T11:19:45.643672Z","level":"info","event":"::group::Cosmos DAG parsing logs","logger":"cosmos.converter","filename":"converter.py","lineno":321}
{"timestamp":"2026-09-06T11:19:45.648643Z","level":"info","event":"Cosmos cache dir resolved to /tmp/cosmos/verdanta_daily__dbt_daily","logger":"cosmos.converter","filename":"converter.py","lineno":346}
{"timestamp":"2026-09-06T11:19:45.648939Z","level":"info","event":"Trying to parse the dbt project using dbt ls cache cosmos_cache__verdanta_daily__dbt_daily...","logger":"cosmos.dbt.graph","filename":"graph.py","lineno":869}
{"timestamp":"2026-09-06T11:19:45.797539Z","level":"info","event":"Cosmos performance: time to calculate cache identifier cosmos_cache__verdanta_daily__dbt_daily for current version: 0.1297956680000425","logger":"cosmos.cache","filename":"cache.py","lineno":401}
{"timestamp":"2026-09-06T11:19:45.797739Z","level":"info","event":"Cosmos performance [4daed8617553|2157]: The cache size for cosmos_cache__verdanta_daily__dbt_daily is 81420","logger":"cosmos.dbt.graph","filename":"graph.py","lineno":886}
{"timestamp":"2026-09-06T11:19:45.800347Z","level":"info","event":"Cosmos performance: Cache hit for cosmos_cache__verdanta_daily__dbt_daily - cec7d2b2130ad93ca8be26282ae433fd,f50552a3029f27b43be4a74a78877897","logger":"cosmos.dbt.graph","filename":"graph.py","lineno":898}
{"timestamp":"2026-09-06T11:19:45.800578Z","level":"info","event":"Total nodes: 91","logger":"cosmos.dbt.graph","filename":"graph.py","lineno":799}
{"timestamp":"2026-09-06T11:19:45.800644Z","level":"info","event":"Total filtered nodes: 91","logger":"cosmos.dbt.graph","filename":"graph.py","lineno":800}
{"timestamp":"2026-09-06T11:19:45.800719Z","level":"info","event":"Cosmos performance (verdanta_daily__dbt_daily) - [4daed8617553|2157]: It took 0.152s to parse the dbt project for DAG using LoadMode.DBT_LS_CACHE","logger":"cosmos.converter","filename":"converter.py","lineno":371}
{"timestamp":"2026-09-06T11:19:45.877792Z","level":"info","event":"Cosmos performance (verdanta_daily__dbt_daily) - [4daed8617553|2157]: It took 0.077s to build the Airflow DAG.","logger":"cosmos.converter","filename":"converter.py","lineno":423}
{"timestamp":"2026-09-06T11:19:45.877954Z","level":"info","event":"::endgroup::Cosmos DAG parsing logs","logger":"cosmos.converter","filename":"converter.py","lineno":430}
{"timestamp":"2026-09-06T11:19:45.878587Z","level":"warning","event":"Using Variable.get from `airflow.models` is deprecated.Please use `get` on Variable from sdk(`airflow.sdk.Variable`) instead","category":"UserWarning","filename":"/home/airflow/.local/lib/python3.13/site-packages/airflow/models/variable.py","lineno":158,"logger":"py.warnings"}
{"timestamp":"2026-09-06T11:20:16.569110Z","level":"info","event":"Filling up the DagBag from /opt/airflow/dags/verdanta_daily.py","logger":"airflow.dag_processing.dagbag.BundleDagBag","filename":"dagbag.py","lineno":469}
{"timestamp":"2026-09-06T11:20:16.652722Z","level":"info","event":"::group::Cosmos DAG parsing logs","logger":"cosmos.converter","filename":"converter.py","lineno":321}
{"timestamp":"2026-09-06T11:20:16.657201Z","level":"info","event":"Cosmos cache dir resolved to /tmp/cosmos/verdanta_daily__dbt_daily","logger":"cosmos.converter","filename":"converter.py","lineno":346}
{"timestamp":"2026-09-06T11:20:16.657409Z","level":"info","event":"Trying to parse the dbt project using dbt ls cache cosmos_cache__verdanta_daily__dbt_daily...","logger":"cosmos.dbt.graph","filename":"graph.py","lineno":869}
{"timestamp":"2026-09-06T11:20:16.801029Z","level":"info","event":"Cosmos performance: time to calculate cache identifier cosmos_cache__verdanta_daily__dbt_daily for current version: 0.12885712500019508","logger":"cosmos.cache","filename":"cache.py","lineno":401}
{"timestamp":"2026-09-06T11:20:16.801354Z","level":"info","event":"Cosmos performance [4daed8617553|2174]: The cache size for cosmos_cache__verdanta_daily__dbt_daily is 81420","logger":"cosmos.dbt.graph","filename":"graph.py","lineno":886}
{"timestamp":"2026-09-06T11:20:16.804213Z","level":"info","event":"Cosmos performance: Cache hit for cosmos_cache__verdanta_daily__dbt_daily - cec7d2b2130ad93ca8be26282ae433fd,f50552a3029f27b43be4a74a78877897","logger":"cosmos.dbt.graph","filename":"graph.py","lineno":898}
{"timestamp":"2026-09-06T11:20:16.804456Z","level":"info","event":"Total nodes: 91","logger":"cosmos.dbt.graph","filename":"graph.py","lineno":799}
{"timestamp":"2026-09-06T11:20:16.804558Z","level":"info","event":"Total filtered nodes: 91","logger":"cosmos.dbt.graph","filename":"graph.py","lineno":800}
{"timestamp":"2026-09-06T11:20:16.804654Z","level":"info","event":"Cosmos performance (verdanta_daily__dbt_daily) - [4daed8617553|2174]: It took 0.147s to parse the dbt project for DAG using LoadMode.DBT_LS_CACHE","logger":"cosmos.converter","filename":"converter.py","lineno":371}
{"timestamp":"2026-09-06T11:20:16.885050Z","level":"info","event":"Cosmos performance (verdanta_daily__dbt_daily) - [4daed8617553|2174]: It took 0.0803s to build the Airflow DAG.","logger":"cosmos.converter","filename":"converter.py","lineno":423}
{"timestamp":"2026-09-06T11:20:16.885232Z","level":"info","event":"::endgroup::Cosmos DAG parsing logs","logger":"cosmos.converter","filename":"converter.py","lineno":430}
{"timestamp":"2026-09-06T11:20:16.885882Z","level":"warning","event":"Using Variable.get from `airflow.models` is deprecated.Please use `get` on Variable from sdk(`airflow.sdk.Variable`) instead","category":"UserWarning","filename":"/home/airflow/.local/lib/python3.13/site-packages/airflow/models/variable.py","lineno":158,"logger":"py.warnings"}
{"timestamp":"2026-09-06T11:20:47.636746Z","level":"info","event":"Filling up the DagBag from /opt/airflow/dags/verdanta_daily.py","logger":"airflow.dag_processing.dagbag.BundleDagBag","filename":"dagbag.py","lineno":469}
{"timestamp":"2026-09-06T11:20:47.742416Z","level":"info","event":"::group::Cosmos DAG parsing logs","logger":"cosmos.converter","filename":"converter.py","lineno":321}
{"timestamp":"2026-09-06T11:20:47.747824Z","level":"info","event":"Cosmos cache dir resolved to /tmp/cosmos/verdanta_daily__dbt_daily","logger":"cosmos.converter","filename":"converter.py","lineno":346}
{"timestamp":"2026-09-06T11:20:47.748176Z","level":"info","event":"Trying to parse the dbt project using dbt ls cache cosmos_cache__verdanta_daily__dbt_daily...","logger":"cosmos.dbt.graph","filename":"graph.py","lineno":869}
{"timestamp":"2026-09-06T11:20:47.920439Z","level":"info","event":"Cosmos performance: time to calculate cache identifier cosmos_cache__verdanta_daily__dbt_daily for current version: 0.1426423259999865","logger":"cosmos.cache","filename":"cache.py","lineno":401}
{"timestamp":"2026-09-06T11:20:47.920629Z","level":"info","event":"Cosmos performance [4daed8617553|2191]: The cache size for cosmos_cache__verdanta_daily__dbt_daily is 81420","logger":"cosmos.dbt.graph","filename":"graph.py","lineno":886}
{"timestamp":"2026-09-06T11:20:47.923660Z","level":"info","event":"Cosmos performance: Cache hit for cosmos_cache__verdanta_daily__dbt_daily - cec7d2b2130ad93ca8be26282ae433fd,f50552a3029f27b43be4a74a78877897","logger":"cosmos.dbt.graph","filename":"graph.py","lineno":898}
{"timestamp":"2026-09-06T11:20:47.924054Z","level":"info","event":"Total nodes: 91","logger":"cosmos.dbt.graph","filename":"graph.py","lineno":799}
{"timestamp":"2026-09-06T11:20:47.924147Z","level":"info","event":"Total filtered nodes: 91","logger":"cosmos.dbt.graph","filename":"graph.py","lineno":800}
{"timestamp":"2026-09-06T11:20:47.924270Z","level":"info","event":"Cosmos performance (verdanta_daily__dbt_daily) - [4daed8617553|2191]: It took 0.176s to parse the dbt project for DAG using LoadMode.DBT_LS_CACHE","logger":"cosmos.converter","filename":"converter.py","lineno":371}
{"timestamp":"2026-09-06T11:20:48.005324Z","level":"info","event":"Cosmos performance (verdanta_daily__dbt_daily) - [4daed8617553|2191]: It took 0.081s to build the Airflow DAG.","logger":"cosmos.converter","filename":"converter.py","lineno":423}
{"timestamp":"2026-09-06T11:20:48.005542Z","level":"info","event":"::endgroup::Cosmos DAG parsing logs","logger":"cosmos.converter","filename":"converter.py","lineno":430}
{"timestamp":"2026-09-06T11:20:48.006197Z","level":"warning","event":"Using Variable.get from `airflow.models` is deprecated.Please use `get` on Variable from sdk(`airflow.sdk.Variable`) instead","category":"UserWarning","filename":"/home/airflow/.local/lib/python3.13/site-packages/airflow/models/variable.py","lineno":158,"logger":"py.warnings"}
