{"timestamp":"2026-09-06T10:29:37.170853Z","level":"info","event":"Filling up the DagBag from /opt/airflow/dags/verdanta_stores.py","logger":"airflow.dag_processing.dagbag.BundleDagBag","filename":"dagbag.py","lineno":469}
{"timestamp":"2026-09-06T10:29:37.287976Z","level":"info","event":"::group::Cosmos DAG parsing logs","logger":"cosmos.converter","filename":"converter.py","lineno":321}
{"timestamp":"2026-09-06T10:29:37.292961Z","level":"info","event":"Cosmos cache dir resolved to /tmp/cosmos/verdanta_stores__dbt_stores","logger":"cosmos.converter","filename":"converter.py","lineno":346}
{"timestamp":"2026-09-06T10:29:37.293213Z","level":"info","event":"Trying to parse the dbt project using dbt ls cache cosmos_cache__verdanta_stores__dbt_stores...","logger":"cosmos.dbt.graph","filename":"graph.py","lineno":869}
{"timestamp":"2026-09-06T10:29:37.309712Z","level":"info","event":"Cosmos performance: Cache miss for cosmos_cache__verdanta_stores__dbt_stores","logger":"cosmos.dbt.graph","filename":"graph.py","lineno":875}
{"timestamp":"2026-09-06T10:29:37.309939Z","level":"info","event":"Trying to parse the dbt project in `/opt/airflow/dbt/verdanta_project` using dbt ls...","logger":"cosmos.dbt.graph","filename":"graph.py","lineno":983}
{"timestamp":"2026-09-06T10:29:37.325225Z","level":"info","event":"Partial parse is enabled and the latest partial parse file is /opt/airflow/dbt/verdanta_project/target/partial_parse.msgpack","logger":"cosmos.dbt.graph","filename":"graph.py","lineno":1002}
{"timestamp":"2026-09-06T10:29:37.393100Z","level":"info","event":"Profile caching is enable.","logger":"cosmos.config","filename":"config.py","lineno":399}
{"timestamp":"2026-09-06T10:29:37.394159Z","level":"info","event":"Using mock values for profile verdanta_project","logger":"cosmos.profiles.base","filename":"base.py","lineno":256}
{"timestamp":"2026-09-06T10:29:37.395789Z","level":"info","event":"Profile not found in cache storing and using profile: /tmp/cosmos/profile/88b0aa12559803c5b3e8b5b0cefa363d35d21cc93574699baf5727c52eda1f13/profiles.yml.","logger":"cosmos.config","filename":"config.py","lineno":386}
{"timestamp":"2026-09-06T10:29:39.720446Z","level":"info","event":"Running command with dbt Runner: `/home/airflow/.local/bin/dbt deps --project-dir /tmp/tmp78j9oh3h --profiles-dir /tmp/cosmos/profile/88b0aa12559803c5b3e8b5b0cefa363d35d21cc93574699baf5727c52eda1f13 --profile verdanta_project --target dev`","logger":"cosmos.dbt.graph","filename":"graph.py","lineno":361}
{"timestamp":"2026-09-06T10:29:39.720877Z","level":"info","event":"Trying to run dbtRunner with:\n ['deps', '--project-dir', '/tmp/tmp78j9oh3h', '--profiles-dir', '/tmp/cosmos/profile/88b0aa12559803c5b3e8b5b0cefa363d35d21cc93574699baf5727c52eda1f13', '--profile', 'verdanta_project', '--target', 'dev']\n in /tmp/tmp78j9oh3h","logger":"cosmos.dbt.runner","filename":"runner.py","lineno":95}
{"timestamp":"2026-09-06T10:29:39.862024Z","level":"info","event":"\u001b[0m10:29:39  Running with dbt=1.12.0","logger":"task.stdout"}
{"timestamp":"2026-09-06T10:29:40.417131Z","level":"info","event":"\u001b[0m10:29:40  Installing dbt-labs/dbt_utils","logger":"task.stdout"}
{"timestamp":"2026-09-06T10:29:40.921961Z","level":"info","event":"\u001b[0m10:29:40  Installed from version 1.4.1","logger":"task.stdout"}
{"timestamp":"2026-09-06T10:29:40.935282Z","level":"info","event":"\u001b[0m10:29:40  Up to date!","logger":"task.stdout"}
{"timestamp":"2026-09-06T10:29:41.764857Z","level":"info","event":"Running command with dbt Runner: `/home/airflow/.local/bin/dbt ls --output json --output-keys name unique_id resource_type depends_on original_file_path tags config freshness fqn --project-dir /tmp/tmp78j9oh3h --profiles-dir /tmp/cosmos/profile/88b0aa12559803c5b3e8b5b0cefa363d35d21cc93574699baf5727c52eda1f13 --profile verdanta_project --target dev --select stg_reference_stores+`","logger":"cosmos.dbt.graph","filename":"graph.py","lineno":361}
{"timestamp":"2026-09-06T10:29:41.765223Z","level":"info","event":"Trying to run dbtRunner with:\n ['ls', '--output', 'json', '--output-keys', 'name', 'unique_id', 'resource_type', 'depends_on', 'original_file_path', 'tags', 'config', 'freshness', 'fqn', '--project-dir', '/tmp/tmp78j9oh3h', '--profiles-dir', '/tmp/cosmos/profile/88b0aa12559803c5b3e8b5b0cefa363d35d21cc93574699baf5727c52eda1f13', '--profile', 'verdanta_project', '--target', 'dev', '--select', 'stg_reference_stores+']\n in /tmp/tmp78j9oh3h","logger":"cosmos.dbt.runner","filename":"runner.py","lineno":95}
{"timestamp":"2026-09-06T10:29:41.777003Z","level":"info","event":"\u001b[0m10:29:41  Running with dbt=1.12.0","logger":"task.stdout"}
{"timestamp":"2026-09-06T10:29:46.396192Z","level":"info","event":"\u001b[0m10:29:46  Registered adapter: databricks=1.10.9","logger":"task.stdout"}
{"timestamp":"2026-09-06T10:29:47.131108Z","level":"info","event":"\u001b[0m10:29:47  Unable to do partial parsing because profile has changed","logger":"task.stdout"}
{"timestamp":"2026-09-06T10:29:52.251481Z","level":"info","event":"\u001b[0m10:29:52  [\u001b[33mWARNING\u001b[0m][MissingArgumentsPropertyInGenericTestDeprecation]: Deprecated","logger":"task.stdout"}
{"timestamp":"2026-09-06T10:29:52.252049Z","level":"info","event":"functionality","logger":"task.stdout"}
{"timestamp":"2026-09-06T10:29:52.252380Z","level":"info","event":"Found top-level arguments to test `relationships` defined on 'stg_erp__orders'","logger":"task.stdout"}
{"timestamp":"2026-09-06T10:29:52.252647Z","level":"info","event":"in package 'verdanta_project' (models/staging/properties.yml). Arguments to","logger":"task.stdout"}
{"timestamp":"2026-09-06T10:29:52.252893Z","level":"info","event":"generic tests should be nested under the `arguments` property.","logger":"task.stdout"}
{"timestamp":"2026-09-06T10:29:52.957518Z","level":"info","event":"\u001b[0m10:29:52  Found 22 models, 96 data tests, 3 seeds, 2 snapshots, 8 sources, 844 macros","logger":"task.stdout"}
{"timestamp":"2026-09-06T10:29:52.967701Z","level":"info","event":"\u001b[0m10:29:52  [\u001b[33mWARNING\u001b[0m]: The selection criterion 'stg_reference_stores+' does not match any enabled nodes","logger":"task.stdout"}
{"timestamp":"2026-09-06T10:29:52.968004Z","level":"info","event":"\u001b[0m10:29:52  [\u001b[33mWARNING\u001b[0m]: No nodes selected!","logger":"task.stdout"}
{"timestamp":"2026-09-06T10:29:52.968211Z","level":"info","event":"\u001b[0m10:29:52  [\u001b[33mWARNING\u001b[0m][DeprecationsSummary]: Deprecated functionality","logger":"task.stdout"}
{"timestamp":"2026-09-06T10:29:52.968446Z","level":"info","event":"Summary of encountered deprecations:","logger":"task.stdout"}
{"timestamp":"2026-09-06T10:29:52.968664Z","level":"info","event":"- MissingArgumentsPropertyInGenericTestDeprecation: 9 occurrences","logger":"task.stdout"}
{"timestamp":"2026-09-06T10:29:52.968860Z","level":"info","event":"To see all deprecation instances instead of just the first occurrence of each,","logger":"task.stdout"}
{"timestamp":"2026-09-06T10:29:52.969071Z","level":"info","event":"run command again with the `--show-all-deprecations` flag. You may also need to","logger":"task.stdout"}
{"timestamp":"2026-09-06T10:29:52.969260Z","level":"info","event":"run with `--no-partial-parse` as some deprecations are only encountered during","logger":"task.stdout"}
{"timestamp":"2026-09-06T10:29:52.969488Z","level":"info","event":"parsing.","logger":"task.stdout"}
{"timestamp":"2026-09-06T10:29:53.963662Z","level":"info","event":"Cosmos performance: time to calculate cache identifier cosmos_cache__verdanta_stores__dbt_stores for current version: 0.13036622599997827","logger":"cosmos.cache","filename":"cache.py","lineno":401}
{"timestamp":"2026-09-06T10:29:54.013441Z","level":"info","event":"Total nodes: 0","logger":"cosmos.dbt.graph","filename":"graph.py","lineno":799}
{"timestamp":"2026-09-06T10:29:54.013610Z","level":"info","event":"Total filtered nodes: 0","logger":"cosmos.dbt.graph","filename":"graph.py","lineno":800}
{"timestamp":"2026-09-06T10:29:54.013763Z","level":"info","event":"Cosmos performance (verdanta_stores__dbt_stores) - [4daed8617553|38]: It took 16.7s to parse the dbt project for DAG using LoadMode.DBT_LS","logger":"cosmos.converter","filename":"converter.py","lineno":371}
{"timestamp":"2026-09-06T10:29:54.020302Z","level":"info","event":"Cosmos performance (verdanta_stores__dbt_stores) - [4daed8617553|38]: It took 0.00652s to build the Airflow DAG.","logger":"cosmos.converter","filename":"converter.py","lineno":423}
{"timestamp":"2026-09-06T10:29:54.020432Z","level":"info","event":"::endgroup::Cosmos DAG parsing logs","logger":"cosmos.converter","filename":"converter.py","lineno":430}
{"timestamp":"2026-09-06T10:29:54.021373Z","level":"warning","event":"Using Variable.get from `airflow.models` is deprecated.Please use `get` on Variable from sdk(`airflow.sdk.Variable`) instead","category":"UserWarning","filename":"/home/airflow/.local/lib/python3.13/site-packages/airflow/models/variable.py","lineno":158,"logger":"py.warnings"}
{"timestamp":"2026-09-06T10:29:54.021504Z","level":"warning","event":"Valid config keys have changed in V2:\n* 'allow_population_by_field_name' has been renamed to 'validate_by_name'","category":"UserWarning","filename":"/home/airflow/.local/lib/python3.13/site-packages/pydantic/_internal/_config.py","lineno":383,"logger":"py.warnings"}
{"timestamp":"2026-09-06T10:29:54.021581Z","level":"warning","event":"Using Variable.set from `airflow.models` is deprecated.Please use `set` on Variable from sdk(`airflow.sdk.Variable`) instead","category":"UserWarning","filename":"/home/airflow/.local/lib/python3.13/site-packages/airflow/models/variable.py","lineno":218,"logger":"py.warnings"}
{"timestamp":"2026-09-06T10:30:24.454861Z","level":"info","event":"Filling up the DagBag from /opt/airflow/dags/verdanta_stores.py","logger":"airflow.dag_processing.dagbag.BundleDagBag","filename":"dagbag.py","lineno":469}
{"timestamp":"2026-09-06T10:30:24.535153Z","level":"info","event":"::group::Cosmos DAG parsing logs","logger":"cosmos.converter","filename":"converter.py","lineno":321}
{"timestamp":"2026-09-06T10:30:24.539139Z","level":"info","event":"Cosmos cache dir resolved to /tmp/cosmos/verdanta_stores__dbt_stores","logger":"cosmos.converter","filename":"converter.py","lineno":346}
{"timestamp":"2026-09-06T10:30:24.539398Z","level":"info","event":"Trying to parse the dbt project using dbt ls cache cosmos_cache__verdanta_stores__dbt_stores...","logger":"cosmos.dbt.graph","filename":"graph.py","lineno":869}
{"timestamp":"2026-09-06T10:30:24.689110Z","level":"info","event":"Cosmos performance: time to calculate cache identifier cosmos_cache__verdanta_stores__dbt_stores for current version: 0.13080153800001426","logger":"cosmos.cache","filename":"cache.py","lineno":401}
{"timestamp":"2026-09-06T10:30:24.689295Z","level":"info","event":"Cosmos performance: Cache miss for cosmos_cache__verdanta_stores__dbt_stores - skipped","logger":"cosmos.dbt.graph","filename":"graph.py","lineno":900}
{"timestamp":"2026-09-06T10:30:24.689512Z","level":"info","event":"Trying to parse the dbt project in `/opt/airflow/dbt/verdanta_project` using dbt ls...","logger":"cosmos.dbt.graph","filename":"graph.py","lineno":983}
{"timestamp":"2026-09-06T10:30:24.711169Z","level":"info","event":"Partial parse is enabled and the latest partial parse file is /tmp/cosmos/verdanta_stores__dbt_stores/target/partial_parse.msgpack","logger":"cosmos.dbt.graph","filename":"graph.py","lineno":1002}
{"timestamp":"2026-09-06T10:30:24.755550Z","level":"info","event":"Profile caching is enable.","logger":"cosmos.config","filename":"config.py","lineno":399}
{"timestamp":"2026-09-06T10:30:24.756063Z","level":"info","event":"Profile found in cache using profile: /tmp/cosmos/profile/88b0aa12559803c5b3e8b5b0cefa363d35d21cc93574699baf5727c52eda1f13/profiles.yml.","logger":"cosmos.config","filename":"config.py","lineno":379}
{"timestamp":"2026-09-06T10:30:26.563896Z","level":"info","event":"Running command with dbt Runner: `/home/airflow/.local/bin/dbt deps --project-dir /tmp/tmpx27ano68 --profiles-dir /tmp/cosmos/profile/88b0aa12559803c5b3e8b5b0cefa363d35d21cc93574699baf5727c52eda1f13 --profile verdanta_project --target dev`","logger":"cosmos.dbt.graph","filename":"graph.py","lineno":361}
{"timestamp":"2026-09-06T10:30:26.564667Z","level":"info","event":"Trying to run dbtRunner with:\n ['deps', '--project-dir', '/tmp/tmpx27ano68', '--profiles-dir', '/tmp/cosmos/profile/88b0aa12559803c5b3e8b5b0cefa363d35d21cc93574699baf5727c52eda1f13', '--profile', 'verdanta_project', '--target', 'dev']\n in /tmp/tmpx27ano68","logger":"cosmos.dbt.runner","filename":"runner.py","lineno":95}
{"timestamp":"2026-09-06T10:30:26.660276Z","level":"info","event":"\u001b[0m10:30:26  Running with dbt=1.12.0","logger":"task.stdout"}
{"timestamp":"2026-09-06T10:30:27.318961Z","level":"info","event":"\u001b[0m10:30:27  Installing dbt-labs/dbt_utils","logger":"task.stdout"}
{"timestamp":"2026-09-06T10:30:27.781274Z","level":"info","event":"\u001b[0m10:30:27  Installed from version 1.4.1","logger":"task.stdout"}
{"timestamp":"2026-09-06T10:30:27.789242Z","level":"info","event":"\u001b[0m10:30:27  Up to date!","logger":"task.stdout"}
{"timestamp":"2026-09-06T10:30:28.476931Z","level":"info","event":"Running command with dbt Runner: `/home/airflow/.local/bin/dbt ls --output json --output-keys name unique_id resource_type depends_on original_file_path tags config freshness fqn --project-dir /tmp/tmpx27ano68 --profiles-dir /tmp/cosmos/profile/88b0aa12559803c5b3e8b5b0cefa363d35d21cc93574699baf5727c52eda1f13 --profile verdanta_project --target dev --select stg_reference_stores+`","logger":"cosmos.dbt.graph","filename":"graph.py","lineno":361}
{"timestamp":"2026-09-06T10:30:28.477227Z","level":"info","event":"Trying to run dbtRunner with:\n ['ls', '--output', 'json', '--output-keys', 'name', 'unique_id', 'resource_type', 'depends_on', 'original_file_path', 'tags', 'config', 'freshness', 'fqn', '--project-dir', '/tmp/tmpx27ano68', '--profiles-dir', '/tmp/cosmos/profile/88b0aa12559803c5b3e8b5b0cefa363d35d21cc93574699baf5727c52eda1f13', '--profile', 'verdanta_project', '--target', 'dev', '--select', 'stg_reference_stores+']\n in /tmp/tmpx27ano68","logger":"cosmos.dbt.runner","filename":"runner.py","lineno":95}
{"timestamp":"2026-09-06T10:30:28.491519Z","level":"info","event":"\u001b[0m10:30:28  Running with dbt=1.12.0","logger":"task.stdout"}
{"timestamp":"2026-09-06T10:30:30.417852Z","level":"info","event":"\u001b[0m10:30:30  Registered adapter: databricks=1.10.9","logger":"task.stdout"}
{"timestamp":"2026-09-06T10:30:31.699395Z","level":"info","event":"\u001b[0m10:30:31  Found 22 models, 96 data tests, 3 seeds, 2 snapshots, 8 sources, 844 macros","logger":"task.stdout"}
{"timestamp":"2026-09-06T10:30:31.707039Z","level":"info","event":"\u001b[0m10:30:31  [\u001b[33mWARNING\u001b[0m]: The selection criterion 'stg_reference_stores+' does not match any enabled nodes","logger":"task.stdout"}
{"timestamp":"2026-09-06T10:30:31.707362Z","level":"info","event":"\u001b[0m10:30:31  [\u001b[33mWARNING\u001b[0m]: No nodes selected!","logger":"task.stdout"}
{"timestamp":"2026-09-06T10:30:32.591785Z","level":"info","event":"Cosmos performance: time to calculate cache identifier cosmos_cache__verdanta_stores__dbt_stores for current version: 0.1288755760000413","logger":"cosmos.cache","filename":"cache.py","lineno":401}
{"timestamp":"2026-09-06T10:30:32.632371Z","level":"info","event":"Total nodes: 0","logger":"cosmos.dbt.graph","filename":"graph.py","lineno":799}
{"timestamp":"2026-09-06T10:30:32.632554Z","level":"info","event":"Total filtered nodes: 0","logger":"cosmos.dbt.graph","filename":"graph.py","lineno":800}
{"timestamp":"2026-09-06T10:30:32.632656Z","level":"info","event":"Cosmos performance (verdanta_stores__dbt_stores) - [4daed8617553|90]: It took 8.1s to parse the dbt project for DAG using LoadMode.DBT_LS","logger":"cosmos.converter","filename":"converter.py","lineno":371}
{"timestamp":"2026-09-06T10:30:32.634559Z","level":"info","event":"Cosmos performance (verdanta_stores__dbt_stores) - [4daed8617553|90]: It took 0.00189s to build the Airflow DAG.","logger":"cosmos.converter","filename":"converter.py","lineno":423}
{"timestamp":"2026-09-06T10:30:32.634648Z","level":"info","event":"::endgroup::Cosmos DAG parsing logs","logger":"cosmos.converter","filename":"converter.py","lineno":430}
{"timestamp":"2026-09-06T10:30:32.635275Z","level":"warning","event":"Using Variable.get from `airflow.models` is deprecated.Please use `get` on Variable from sdk(`airflow.sdk.Variable`) instead","category":"UserWarning","filename":"/home/airflow/.local/lib/python3.13/site-packages/airflow/models/variable.py","lineno":158,"logger":"py.warnings"}
{"timestamp":"2026-09-06T10:30:32.635361Z","level":"warning","event":"Valid config keys have changed in V2:\n* 'allow_population_by_field_name' has been renamed to 'validate_by_name'","category":"UserWarning","filename":"/home/airflow/.local/lib/python3.13/site-packages/pydantic/_internal/_config.py","lineno":383,"logger":"py.warnings"}
{"timestamp":"2026-09-06T10:30:32.635424Z","level":"warning","event":"Using Variable.set from `airflow.models` is deprecated.Please use `set` on Variable from sdk(`airflow.sdk.Variable`) instead","category":"UserWarning","filename":"/home/airflow/.local/lib/python3.13/site-packages/airflow/models/variable.py","lineno":218,"logger":"py.warnings"}
{"timestamp":"2026-09-06T10:31:03.676016Z","level":"info","event":"Filling up the DagBag from /opt/airflow/dags/verdanta_stores.py","logger":"airflow.dag_processing.dagbag.BundleDagBag","filename":"dagbag.py","lineno":469}
{"timestamp":"2026-09-06T10:31:03.760943Z","level":"info","event":"::group::Cosmos DAG parsing logs","logger":"cosmos.converter","filename":"converter.py","lineno":321}
{"timestamp":"2026-09-06T10:31:03.765331Z","level":"info","event":"Cosmos cache dir resolved to /tmp/cosmos/verdanta_stores__dbt_stores","logger":"cosmos.converter","filename":"converter.py","lineno":346}
{"timestamp":"2026-09-06T10:31:03.765530Z","level":"info","event":"Trying to parse the dbt project using dbt ls cache cosmos_cache__verdanta_stores__dbt_stores...","logger":"cosmos.dbt.graph","filename":"graph.py","lineno":869}
{"timestamp":"2026-09-06T10:31:03.908442Z","level":"info","event":"Cosmos performance: time to calculate cache identifier cosmos_cache__verdanta_stores__dbt_stores for current version: 0.1292233240000087","logger":"cosmos.cache","filename":"cache.py","lineno":401}
{"timestamp":"2026-09-06T10:31:03.908634Z","level":"info","event":"Cosmos performance: Cache miss for cosmos_cache__verdanta_stores__dbt_stores - skipped","logger":"cosmos.dbt.graph","filename":"graph.py","lineno":900}
{"timestamp":"2026-09-06T10:31:03.908827Z","level":"info","event":"Trying to parse the dbt project in `/opt/airflow/dbt/verdanta_project` using dbt ls...","logger":"cosmos.dbt.graph","filename":"graph.py","lineno":983}
{"timestamp":"2026-09-06T10:31:03.924996Z","level":"info","event":"Partial parse is enabled and the latest partial parse file is /tmp/cosmos/verdanta_stores__dbt_stores/target/partial_parse.msgpack","logger":"cosmos.dbt.graph","filename":"graph.py","lineno":1002}
{"timestamp":"2026-09-06T10:31:03.957923Z","level":"info","event":"Profile caching is enable.","logger":"cosmos.config","filename":"config.py","lineno":399}
{"timestamp":"2026-09-06T10:31:03.958317Z","level":"info","event":"Profile found in cache using profile: /tmp/cosmos/profile/88b0aa12559803c5b3e8b5b0cefa363d35d21cc93574699baf5727c52eda1f13/profiles.yml.","logger":"cosmos.config","filename":"config.py","lineno":379}
{"timestamp":"2026-09-06T10:31:05.472974Z","level":"info","event":"Running command with dbt Runner: `/home/airflow/.local/bin/dbt deps --project-dir /tmp/tmp_dkmq_a5 --profiles-dir /tmp/cosmos/profile/88b0aa12559803c5b3e8b5b0cefa363d35d21cc93574699baf5727c52eda1f13 --profile verdanta_project --target dev`","logger":"cosmos.dbt.graph","filename":"graph.py","lineno":361}
{"timestamp":"2026-09-06T10:31:05.473410Z","level":"info","event":"Trying to run dbtRunner with:\n ['deps', '--project-dir', '/tmp/tmp_dkmq_a5', '--profiles-dir', '/tmp/cosmos/profile/88b0aa12559803c5b3e8b5b0cefa363d35d21cc93574699baf5727c52eda1f13', '--profile', 'verdanta_project', '--target', 'dev']\n in /tmp/tmp_dkmq_a5","logger":"cosmos.dbt.runner","filename":"runner.py","lineno":95}
{"timestamp":"2026-09-06T10:31:05.805515Z","level":"info","event":"\u001b[0m10:31:05  Running with dbt=1.12.0","logger":"task.stdout"}
{"timestamp":"2026-09-06T10:31:06.180131Z","level":"info","event":"\u001b[0m10:31:06  Installing dbt-labs/dbt_utils","logger":"task.stdout"}
{"timestamp":"2026-09-06T10:31:06.650990Z","level":"info","event":"\u001b[0m10:31:06  Installed from version 1.4.1","logger":"task.stdout"}
{"timestamp":"2026-09-06T10:31:06.658416Z","level":"info","event":"\u001b[0m10:31:06  Up to date!","logger":"task.stdout"}
{"timestamp":"2026-09-06T10:31:07.361153Z","level":"info","event":"Running command with dbt Runner: `/home/airflow/.local/bin/dbt ls --output json --output-keys name unique_id resource_type depends_on original_file_path tags config freshness fqn --project-dir /tmp/tmp_dkmq_a5 --profiles-dir /tmp/cosmos/profile/88b0aa12559803c5b3e8b5b0cefa363d35d21cc93574699baf5727c52eda1f13 --profile verdanta_project --target dev --select stg_reference_stores+`","logger":"cosmos.dbt.graph","filename":"graph.py","lineno":361}
{"timestamp":"2026-09-06T10:31:07.361430Z","level":"info","event":"Trying to run dbtRunner with:\n ['ls', '--output', 'json', '--output-keys', 'name', 'unique_id', 'resource_type', 'depends_on', 'original_file_path', 'tags', 'config', 'freshness', 'fqn', '--project-dir', '/tmp/tmp_dkmq_a5', '--profiles-dir', '/tmp/cosmos/profile/88b0aa12559803c5b3e8b5b0cefa363d35d21cc93574699baf5727c52eda1f13', '--profile', 'verdanta_project', '--target', 'dev', '--select', 'stg_reference_stores+']\n in /tmp/tmp_dkmq_a5","logger":"cosmos.dbt.runner","filename":"runner.py","lineno":95}
{"timestamp":"2026-09-06T10:31:07.374169Z","level":"info","event":"\u001b[0m10:31:07  Running with dbt=1.12.0","logger":"task.stdout"}
{"timestamp":"2026-09-06T10:31:09.115425Z","level":"info","event":"\u001b[0m10:31:09  Registered adapter: databricks=1.10.9","logger":"task.stdout"}
{"timestamp":"2026-09-06T10:31:10.447650Z","level":"info","event":"\u001b[0m10:31:10  Found 22 models, 96 data tests, 3 seeds, 2 snapshots, 8 sources, 844 macros","logger":"task.stdout"}
{"timestamp":"2026-09-06T10:31:10.454213Z","level":"info","event":"\u001b[0m10:31:10  [\u001b[33mWARNING\u001b[0m]: The selection criterion 'stg_reference_stores+' does not match any enabled nodes","logger":"task.stdout"}
{"timestamp":"2026-09-06T10:31:10.454482Z","level":"info","event":"\u001b[0m10:31:10  [\u001b[33mWARNING\u001b[0m]: No nodes selected!","logger":"task.stdout"}
{"timestamp":"2026-09-06T10:31:11.354456Z","level":"info","event":"Cosmos performance: time to calculate cache identifier cosmos_cache__verdanta_stores__dbt_stores for current version: 0.1225180700000692","logger":"cosmos.cache","filename":"cache.py","lineno":401}
{"timestamp":"2026-09-06T10:31:11.397020Z","level":"info","event":"Total nodes: 0","logger":"cosmos.dbt.graph","filename":"graph.py","lineno":799}
{"timestamp":"2026-09-06T10:31:11.397203Z","level":"info","event":"Total filtered nodes: 0","logger":"cosmos.dbt.graph","filename":"graph.py","lineno":800}
{"timestamp":"2026-09-06T10:31:11.397357Z","level":"info","event":"Cosmos performance (verdanta_stores__dbt_stores) - [4daed8617553|126]: It took 7.63s to parse the dbt project for DAG using LoadMode.DBT_LS","logger":"cosmos.converter","filename":"converter.py","lineno":371}
{"timestamp":"2026-09-06T10:31:11.399331Z","level":"info","event":"Cosmos performance (verdanta_stores__dbt_stores) - [4daed8617553|126]: It took 0.00197s to build the Airflow DAG.","logger":"cosmos.converter","filename":"converter.py","lineno":423}
{"timestamp":"2026-09-06T10:31:11.399446Z","level":"info","event":"::endgroup::Cosmos DAG parsing logs","logger":"cosmos.converter","filename":"converter.py","lineno":430}
{"timestamp":"2026-09-06T10:31:11.400448Z","level":"warning","event":"Using Variable.get from `airflow.models` is deprecated.Please use `get` on Variable from sdk(`airflow.sdk.Variable`) instead","category":"UserWarning","filename":"/home/airflow/.local/lib/python3.13/site-packages/airflow/models/variable.py","lineno":158,"logger":"py.warnings"}
{"timestamp":"2026-09-06T10:31:11.400589Z","level":"warning","event":"Valid config keys have changed in V2:\n* 'allow_population_by_field_name' has been renamed to 'validate_by_name'","category":"UserWarning","filename":"/home/airflow/.local/lib/python3.13/site-packages/pydantic/_internal/_config.py","lineno":383,"logger":"py.warnings"}
{"timestamp":"2026-09-06T10:31:11.400677Z","level":"warning","event":"Using Variable.set from `airflow.models` is deprecated.Please use `set` on Variable from sdk(`airflow.sdk.Variable`) instead","category":"UserWarning","filename":"/home/airflow/.local/lib/python3.13/site-packages/airflow/models/variable.py","lineno":218,"logger":"py.warnings"}
{"timestamp":"2026-09-06T10:31:42.431941Z","level":"info","event":"Filling up the DagBag from /opt/airflow/dags/verdanta_stores.py","logger":"airflow.dag_processing.dagbag.BundleDagBag","filename":"dagbag.py","lineno":469}
{"timestamp":"2026-09-06T10:31:42.498896Z","level":"info","event":"::group::Cosmos DAG parsing logs","logger":"cosmos.converter","filename":"converter.py","lineno":321}
{"timestamp":"2026-09-06T10:31:42.502348Z","level":"info","event":"Cosmos cache dir resolved to /tmp/cosmos/verdanta_stores__dbt_stores","logger":"cosmos.converter","filename":"converter.py","lineno":346}
{"timestamp":"2026-09-06T10:31:42.502570Z","level":"info","event":"Trying to parse the dbt project using dbt ls cache cosmos_cache__verdanta_stores__dbt_stores...","logger":"cosmos.dbt.graph","filename":"graph.py","lineno":869}
{"timestamp":"2026-09-06T10:31:42.639798Z","level":"info","event":"Cosmos performance: time to calculate cache identifier cosmos_cache__verdanta_stores__dbt_stores for current version: 0.12312657300003593","logger":"cosmos.cache","filename":"cache.py","lineno":401}
{"timestamp":"2026-09-06T10:31:42.639976Z","level":"info","event":"Cosmos performance: Cache miss for cosmos_cache__verdanta_stores__dbt_stores - skipped","logger":"cosmos.dbt.graph","filename":"graph.py","lineno":900}
{"timestamp":"2026-09-06T10:31:42.640139Z","level":"info","event":"Trying to parse the dbt project in `/opt/airflow/dbt/verdanta_project` using dbt ls...","logger":"cosmos.dbt.graph","filename":"graph.py","lineno":983}
{"timestamp":"2026-09-06T10:31:42.654334Z","level":"info","event":"Partial parse is enabled and the latest partial parse file is /tmp/cosmos/verdanta_stores__dbt_stores/target/partial_parse.msgpack","logger":"cosmos.dbt.graph","filename":"graph.py","lineno":1002}
{"timestamp":"2026-09-06T10:31:42.685668Z","level":"info","event":"Profile caching is enable.","logger":"cosmos.config","filename":"config.py","lineno":399}
{"timestamp":"2026-09-06T10:31:42.686144Z","level":"info","event":"Profile found in cache using profile: /tmp/cosmos/profile/88b0aa12559803c5b3e8b5b0cefa363d35d21cc93574699baf5727c52eda1f13/profiles.yml.","logger":"cosmos.config","filename":"config.py","lineno":379}
{"timestamp":"2026-09-06T10:31:44.449459Z","level":"info","event":"Running command with dbt Runner: `/home/airflow/.local/bin/dbt deps --project-dir /tmp/tmphx48f08_ --profiles-dir /tmp/cosmos/profile/88b0aa12559803c5b3e8b5b0cefa363d35d21cc93574699baf5727c52eda1f13 --profile verdanta_project --target dev`","logger":"cosmos.dbt.graph","filename":"graph.py","lineno":361}
{"timestamp":"2026-09-06T10:31:44.449839Z","level":"info","event":"Trying to run dbtRunner with:\n ['deps', '--project-dir', '/tmp/tmphx48f08_', '--profiles-dir', '/tmp/cosmos/profile/88b0aa12559803c5b3e8b5b0cefa363d35d21cc93574699baf5727c52eda1f13', '--profile', 'verdanta_project', '--target', 'dev']\n in /tmp/tmphx48f08_","logger":"cosmos.dbt.runner","filename":"runner.py","lineno":95}
{"timestamp":"2026-09-06T10:31:44.540776Z","level":"info","event":"\u001b[0m10:31:44  Running with dbt=1.12.0","logger":"task.stdout"}
{"timestamp":"2026-09-06T10:31:44.892073Z","level":"info","event":"\u001b[0m10:31:44  Installing dbt-labs/dbt_utils","logger":"task.stdout"}
{"timestamp":"2026-09-06T10:31:45.360461Z","level":"info","event":"\u001b[0m10:31:45  Installed from version 1.4.1","logger":"task.stdout"}
{"timestamp":"2026-09-06T10:31:45.367878Z","level":"info","event":"\u001b[0m10:31:45  Up to date!","logger":"task.stdout"}
{"timestamp":"2026-09-06T10:31:46.073431Z","level":"info","event":"Running command with dbt Runner: `/home/airflow/.local/bin/dbt ls --output json --output-keys name unique_id resource_type depends_on original_file_path tags config freshness fqn --project-dir /tmp/tmphx48f08_ --profiles-dir /tmp/cosmos/profile/88b0aa12559803c5b3e8b5b0cefa363d35d21cc93574699baf5727c52eda1f13 --profile verdanta_project --target dev --select stg_reference_stores+`","logger":"cosmos.dbt.graph","filename":"graph.py","lineno":361}
{"timestamp":"2026-09-06T10:31:46.073760Z","level":"info","event":"Trying to run dbtRunner with:\n ['ls', '--output', 'json', '--output-keys', 'name', 'unique_id', 'resource_type', 'depends_on', 'original_file_path', 'tags', 'config', 'freshness', 'fqn', '--project-dir', '/tmp/tmphx48f08_', '--profiles-dir', '/tmp/cosmos/profile/88b0aa12559803c5b3e8b5b0cefa363d35d21cc93574699baf5727c52eda1f13', '--profile', 'verdanta_project', '--target', 'dev', '--select', 'stg_reference_stores+']\n in /tmp/tmphx48f08_","logger":"cosmos.dbt.runner","filename":"runner.py","lineno":95}
{"timestamp":"2026-09-06T10:31:46.088886Z","level":"info","event":"\u001b[0m10:31:46  Running with dbt=1.12.0","logger":"task.stdout"}
{"timestamp":"2026-09-06T10:31:47.904999Z","level":"info","event":"\u001b[0m10:31:47  Registered adapter: databricks=1.10.9","logger":"task.stdout"}
{"timestamp":"2026-09-06T10:31:49.103489Z","level":"info","event":"\u001b[0m10:31:49  Found 22 models, 96 data tests, 3 seeds, 2 snapshots, 8 sources, 844 macros","logger":"task.stdout"}
{"timestamp":"2026-09-06T10:31:49.110963Z","level":"info","event":"\u001b[0m10:31:49  [\u001b[33mWARNING\u001b[0m]: The selection criterion 'stg_reference_stores+' does not match any enabled nodes","logger":"task.stdout"}
{"timestamp":"2026-09-06T10:31:49.111268Z","level":"info","event":"\u001b[0m10:31:49  [\u001b[33mWARNING\u001b[0m]: No nodes selected!","logger":"task.stdout"}
{"timestamp":"2026-09-06T10:31:49.986178Z","level":"info","event":"Cosmos performance: time to calculate cache identifier cosmos_cache__verdanta_stores__dbt_stores for current version: 0.13043723199996293","logger":"cosmos.cache","filename":"cache.py","lineno":401}
{"timestamp":"2026-09-06T10:31:50.024270Z","level":"info","event":"Total nodes: 0","logger":"cosmos.dbt.graph","filename":"graph.py","lineno":799}
{"timestamp":"2026-09-06T10:31:50.024461Z","level":"info","event":"Total filtered nodes: 0","logger":"cosmos.dbt.graph","filename":"graph.py","lineno":800}
{"timestamp":"2026-09-06T10:31:50.024571Z","level":"info","event":"Cosmos performance (verdanta_stores__dbt_stores) - [4daed8617553|168]: It took 7.52s to parse the dbt project for DAG using LoadMode.DBT_LS","logger":"cosmos.converter","filename":"converter.py","lineno":371}
{"timestamp":"2026-09-06T10:31:50.026617Z","level":"info","event":"Cosmos performance (verdanta_stores__dbt_stores) - [4daed8617553|168]: It took 0.00203s to build the Airflow DAG.","logger":"cosmos.converter","filename":"converter.py","lineno":423}
{"timestamp":"2026-09-06T10:31:50.026707Z","level":"info","event":"::endgroup::Cosmos DAG parsing logs","logger":"cosmos.converter","filename":"converter.py","lineno":430}
{"timestamp":"2026-09-06T10:31:50.027340Z","level":"warning","event":"Using Variable.get from `airflow.models` is deprecated.Please use `get` on Variable from sdk(`airflow.sdk.Variable`) instead","category":"UserWarning","filename":"/home/airflow/.local/lib/python3.13/site-packages/airflow/models/variable.py","lineno":158,"logger":"py.warnings"}
{"timestamp":"2026-09-06T10:31:50.027431Z","level":"warning","event":"Valid config keys have changed in V2:\n* 'allow_population_by_field_name' has been renamed to 'validate_by_name'","category":"UserWarning","filename":"/home/airflow/.local/lib/python3.13/site-packages/pydantic/_internal/_config.py","lineno":383,"logger":"py.warnings"}
{"timestamp":"2026-09-06T10:31:50.027496Z","level":"warning","event":"Using Variable.set from `airflow.models` is deprecated.Please use `set` on Variable from sdk(`airflow.sdk.Variable`) instead","category":"UserWarning","filename":"/home/airflow/.local/lib/python3.13/site-packages/airflow/models/variable.py","lineno":218,"logger":"py.warnings"}
{"timestamp":"2026-09-06T10:32:20.188876Z","level":"info","event":"Filling up the DagBag from /opt/airflow/dags/verdanta_stores.py","logger":"airflow.dag_processing.dagbag.BundleDagBag","filename":"dagbag.py","lineno":469}
{"timestamp":"2026-09-06T10:32:20.274460Z","level":"info","event":"::group::Cosmos DAG parsing logs","logger":"cosmos.converter","filename":"converter.py","lineno":321}
{"timestamp":"2026-09-06T10:32:20.279004Z","level":"info","event":"Cosmos cache dir resolved to /tmp/cosmos/verdanta_stores__dbt_stores","logger":"cosmos.converter","filename":"converter.py","lineno":346}
{"timestamp":"2026-09-06T10:32:20.279302Z","level":"info","event":"Trying to parse the dbt project using dbt ls cache cosmos_cache__verdanta_stores__dbt_stores...","logger":"cosmos.dbt.graph","filename":"graph.py","lineno":869}
{"timestamp":"2026-09-06T10:32:20.437657Z","level":"info","event":"Cosmos performance: time to calculate cache identifier cosmos_cache__verdanta_stores__dbt_stores for current version: 0.1407245770000145","logger":"cosmos.cache","filename":"cache.py","lineno":401}
{"timestamp":"2026-09-06T10:32:20.437845Z","level":"info","event":"Cosmos performance: Cache miss for cosmos_cache__verdanta_stores__dbt_stores - skipped","logger":"cosmos.dbt.graph","filename":"graph.py","lineno":900}
{"timestamp":"2026-09-06T10:32:20.437996Z","level":"info","event":"Trying to parse the dbt project in `/opt/airflow/dbt/verdanta_project` using dbt ls...","logger":"cosmos.dbt.graph","filename":"graph.py","lineno":983}
{"timestamp":"2026-09-06T10:32:20.453815Z","level":"info","event":"Partial parse is enabled and the latest partial parse file is /tmp/cosmos/verdanta_stores__dbt_stores/target/partial_parse.msgpack","logger":"cosmos.dbt.graph","filename":"graph.py","lineno":1002}
{"timestamp":"2026-09-06T10:32:20.485777Z","level":"info","event":"Profile caching is enable.","logger":"cosmos.config","filename":"config.py","lineno":399}
{"timestamp":"2026-09-06T10:32:20.486142Z","level":"info","event":"Profile found in cache using profile: /tmp/cosmos/profile/88b0aa12559803c5b3e8b5b0cefa363d35d21cc93574699baf5727c52eda1f13/profiles.yml.","logger":"cosmos.config","filename":"config.py","lineno":379}
{"timestamp":"2026-09-06T10:32:22.302711Z","level":"info","event":"Running command with dbt Runner: `/home/airflow/.local/bin/dbt deps --project-dir /tmp/tmp2jwz6knd --profiles-dir /tmp/cosmos/profile/88b0aa12559803c5b3e8b5b0cefa363d35d21cc93574699baf5727c52eda1f13 --profile verdanta_project --target dev`","logger":"cosmos.dbt.graph","filename":"graph.py","lineno":361}
{"timestamp":"2026-09-06T10:32:22.303194Z","level":"info","event":"Trying to run dbtRunner with:\n ['deps', '--project-dir', '/tmp/tmp2jwz6knd', '--profiles-dir', '/tmp/cosmos/profile/88b0aa12559803c5b3e8b5b0cefa363d35d21cc93574699baf5727c52eda1f13', '--profile', 'verdanta_project', '--target', 'dev']\n in /tmp/tmp2jwz6knd","logger":"cosmos.dbt.runner","filename":"runner.py","lineno":95}
{"timestamp":"2026-09-06T10:32:22.396015Z","level":"info","event":"\u001b[0m10:32:22  Running with dbt=1.12.0","logger":"task.stdout"}
{"timestamp":"2026-09-06T10:32:22.786229Z","level":"info","event":"\u001b[0m10:32:22  Installing dbt-labs/dbt_utils","logger":"task.stdout"}
{"timestamp":"2026-09-06T10:32:23.278558Z","level":"info","event":"\u001b[0m10:32:23  Installed from version 1.4.1","logger":"task.stdout"}
{"timestamp":"2026-09-06T10:32:23.285323Z","level":"info","event":"\u001b[0m10:32:23  Up to date!","logger":"task.stdout"}
{"timestamp":"2026-09-06T10:32:23.996082Z","level":"info","event":"Running command with dbt Runner: `/home/airflow/.local/bin/dbt ls --output json --output-keys name unique_id resource_type depends_on original_file_path tags config freshness fqn --project-dir /tmp/tmp2jwz6knd --profiles-dir /tmp/cosmos/profile/88b0aa12559803c5b3e8b5b0cefa363d35d21cc93574699baf5727c52eda1f13 --profile verdanta_project --target dev --select stg_reference_stores+`","logger":"cosmos.dbt.graph","filename":"graph.py","lineno":361}
{"timestamp":"2026-09-06T10:32:23.996393Z","level":"info","event":"Trying to run dbtRunner with:\n ['ls', '--output', 'json', '--output-keys', 'name', 'unique_id', 'resource_type', 'depends_on', 'original_file_path', 'tags', 'config', 'freshness', 'fqn', '--project-dir', '/tmp/tmp2jwz6knd', '--profiles-dir', '/tmp/cosmos/profile/88b0aa12559803c5b3e8b5b0cefa363d35d21cc93574699baf5727c52eda1f13', '--profile', 'verdanta_project', '--target', 'dev', '--select', 'stg_reference_stores+']\n in /tmp/tmp2jwz6knd","logger":"cosmos.dbt.runner","filename":"runner.py","lineno":95}
{"timestamp":"2026-09-06T10:32:24.010347Z","level":"info","event":"\u001b[0m10:32:24  Running with dbt=1.12.0","logger":"task.stdout"}
{"timestamp":"2026-09-06T10:32:25.670412Z","level":"info","event":"\u001b[0m10:32:25  Registered adapter: databricks=1.10.9","logger":"task.stdout"}
{"timestamp":"2026-09-06T10:32:26.872598Z","level":"info","event":"\u001b[0m10:32:26  Found 22 models, 96 data tests, 3 seeds, 2 snapshots, 8 sources, 844 macros","logger":"task.stdout"}
{"timestamp":"2026-09-06T10:32:26.881043Z","level":"info","event":"\u001b[0m10:32:26  [\u001b[33mWARNING\u001b[0m]: The selection criterion 'stg_reference_stores+' does not match any enabled nodes","logger":"task.stdout"}
{"timestamp":"2026-09-06T10:32:26.881382Z","level":"info","event":"\u001b[0m10:32:26  [\u001b[33mWARNING\u001b[0m]: No nodes selected!","logger":"task.stdout"}
{"timestamp":"2026-09-06T10:32:27.847332Z","level":"info","event":"Cosmos performance: time to calculate cache identifier cosmos_cache__verdanta_stores__dbt_stores for current version: 0.15713727100001051","logger":"cosmos.cache","filename":"cache.py","lineno":401}
{"timestamp":"2026-09-06T10:32:27.898614Z","level":"info","event":"Total nodes: 0","logger":"cosmos.dbt.graph","filename":"graph.py","lineno":799}
{"timestamp":"2026-09-06T10:32:27.898810Z","level":"info","event":"Total filtered nodes: 0","logger":"cosmos.dbt.graph","filename":"graph.py","lineno":800}
{"timestamp":"2026-09-06T10:32:27.898945Z","level":"info","event":"Cosmos performance (verdanta_stores__dbt_stores) - [4daed8617553|211]: It took 7.62s to parse the dbt project for DAG using LoadMode.DBT_LS","logger":"cosmos.converter","filename":"converter.py","lineno":371}
{"timestamp":"2026-09-06T10:32:27.901135Z","level":"info","event":"Cosmos performance (verdanta_stores__dbt_stores) - [4daed8617553|211]: It took 0.00219s to build the Airflow DAG.","logger":"cosmos.converter","filename":"converter.py","lineno":423}
{"timestamp":"2026-09-06T10:32:27.901248Z","level":"info","event":"::endgroup::Cosmos DAG parsing logs","logger":"cosmos.converter","filename":"converter.py","lineno":430}
{"timestamp":"2026-09-06T10:32:27.901926Z","level":"warning","event":"Using Variable.get from `airflow.models` is deprecated.Please use `get` on Variable from sdk(`airflow.sdk.Variable`) instead","category":"UserWarning","filename":"/home/airflow/.local/lib/python3.13/site-packages/airflow/models/variable.py","lineno":158,"logger":"py.warnings"}
{"timestamp":"2026-09-06T10:32:27.902026Z","level":"warning","event":"Valid config keys have changed in V2:\n* 'allow_population_by_field_name' has been renamed to 'validate_by_name'","category":"UserWarning","filename":"/home/airflow/.local/lib/python3.13/site-packages/pydantic/_internal/_config.py","lineno":383,"logger":"py.warnings"}
{"timestamp":"2026-09-06T10:32:27.902092Z","level":"warning","event":"Using Variable.set from `airflow.models` is deprecated.Please use `set` on Variable from sdk(`airflow.sdk.Variable`) instead","category":"UserWarning","filename":"/home/airflow/.local/lib/python3.13/site-packages/airflow/models/variable.py","lineno":218,"logger":"py.warnings"}
{"timestamp":"2026-09-06T10:32:58.100768Z","level":"info","event":"Filling up the DagBag from /opt/airflow/dags/verdanta_stores.py","logger":"airflow.dag_processing.dagbag.BundleDagBag","filename":"dagbag.py","lineno":469}
{"timestamp":"2026-09-06T10:32:58.167754Z","level":"info","event":"::group::Cosmos DAG parsing logs","logger":"cosmos.converter","filename":"converter.py","lineno":321}
{"timestamp":"2026-09-06T10:32:58.171891Z","level":"info","event":"Cosmos cache dir resolved to /tmp/cosmos/verdanta_stores__dbt_stores","logger":"cosmos.converter","filename":"converter.py","lineno":346}
{"timestamp":"2026-09-06T10:32:58.172188Z","level":"info","event":"Trying to parse the dbt project using dbt ls cache cosmos_cache__verdanta_stores__dbt_stores...","logger":"cosmos.dbt.graph","filename":"graph.py","lineno":869}
{"timestamp":"2026-09-06T10:32:58.312897Z","level":"info","event":"Cosmos performance: time to calculate cache identifier cosmos_cache__verdanta_stores__dbt_stores for current version: 0.12537754699997095","logger":"cosmos.cache","filename":"cache.py","lineno":401}
{"timestamp":"2026-09-06T10:32:58.313081Z","level":"info","event":"Cosmos performance: Cache miss for cosmos_cache__verdanta_stores__dbt_stores - skipped","logger":"cosmos.dbt.graph","filename":"graph.py","lineno":900}
{"timestamp":"2026-09-06T10:32:58.313226Z","level":"info","event":"Trying to parse the dbt project in `/opt/airflow/dbt/verdanta_project` using dbt ls...","logger":"cosmos.dbt.graph","filename":"graph.py","lineno":983}
{"timestamp":"2026-09-06T10:32:58.326755Z","level":"info","event":"Partial parse is enabled and the latest partial parse file is /tmp/cosmos/verdanta_stores__dbt_stores/target/partial_parse.msgpack","logger":"cosmos.dbt.graph","filename":"graph.py","lineno":1002}
{"timestamp":"2026-09-06T10:32:58.354675Z","level":"info","event":"Profile caching is enable.","logger":"cosmos.config","filename":"config.py","lineno":399}
{"timestamp":"2026-09-06T10:32:58.355109Z","level":"info","event":"Profile found in cache using profile: /tmp/cosmos/profile/88b0aa12559803c5b3e8b5b0cefa363d35d21cc93574699baf5727c52eda1f13/profiles.yml.","logger":"cosmos.config","filename":"config.py","lineno":379}
{"timestamp":"2026-09-06T10:33:00.246629Z","level":"info","event":"Running command with dbt Runner: `/home/airflow/.local/bin/dbt deps --project-dir /tmp/tmp2oe9vccw --profiles-dir /tmp/cosmos/profile/88b0aa12559803c5b3e8b5b0cefa363d35d21cc93574699baf5727c52eda1f13 --profile verdanta_project --target dev`","logger":"cosmos.dbt.graph","filename":"graph.py","lineno":361}
{"timestamp":"2026-09-06T10:33:00.247033Z","level":"info","event":"Trying to run dbtRunner with:\n ['deps', '--project-dir', '/tmp/tmp2oe9vccw', '--profiles-dir', '/tmp/cosmos/profile/88b0aa12559803c5b3e8b5b0cefa363d35d21cc93574699baf5727c52eda1f13', '--profile', 'verdanta_project', '--target', 'dev']\n in /tmp/tmp2oe9vccw","logger":"cosmos.dbt.runner","filename":"runner.py","lineno":95}
{"timestamp":"2026-09-06T10:33:00.349130Z","level":"info","event":"\u001b[0m10:33:00  Running with dbt=1.12.0","logger":"task.stdout"}
{"timestamp":"2026-09-06T10:33:00.712578Z","level":"info","event":"\u001b[0m10:33:00  Installing dbt-labs/dbt_utils","logger":"task.stdout"}
{"timestamp":"2026-09-06T10:33:01.172993Z","level":"info","event":"\u001b[0m10:33:01  Installed from version 1.4.1","logger":"task.stdout"}
{"timestamp":"2026-09-06T10:33:01.180687Z","level":"info","event":"\u001b[0m10:33:01  Up to date!","logger":"task.stdout"}
{"timestamp":"2026-09-06T10:33:01.900330Z","level":"info","event":"Running command with dbt Runner: `/home/airflow/.local/bin/dbt ls --output json --output-keys name unique_id resource_type depends_on original_file_path tags config freshness fqn --project-dir /tmp/tmp2oe9vccw --profiles-dir /tmp/cosmos/profile/88b0aa12559803c5b3e8b5b0cefa363d35d21cc93574699baf5727c52eda1f13 --profile verdanta_project --target dev --select stg_reference_stores+`","logger":"cosmos.dbt.graph","filename":"graph.py","lineno":361}
{"timestamp":"2026-09-06T10:33:01.900647Z","level":"info","event":"Trying to run dbtRunner with:\n ['ls', '--output', 'json', '--output-keys', 'name', 'unique_id', 'resource_type', 'depends_on', 'original_file_path', 'tags', 'config', 'freshness', 'fqn', '--project-dir', '/tmp/tmp2oe9vccw', '--profiles-dir', '/tmp/cosmos/profile/88b0aa12559803c5b3e8b5b0cefa363d35d21cc93574699baf5727c52eda1f13', '--profile', 'verdanta_project', '--target', 'dev', '--select', 'stg_reference_stores+']\n in /tmp/tmp2oe9vccw","logger":"cosmos.dbt.runner","filename":"runner.py","lineno":95}
{"timestamp":"2026-09-06T10:33:01.914955Z","level":"info","event":"\u001b[0m10:33:01  Running with dbt=1.12.0","logger":"task.stdout"}
{"timestamp":"2026-09-06T10:33:03.589536Z","level":"info","event":"\u001b[0m10:33:03  Registered adapter: databricks=1.10.9","logger":"task.stdout"}
{"timestamp":"2026-09-06T10:33:04.747147Z","level":"info","event":"\u001b[0m10:33:04  Found 22 models, 96 data tests, 3 seeds, 2 snapshots, 8 sources, 844 macros","logger":"task.stdout"}
{"timestamp":"2026-09-06T10:33:04.754025Z","level":"info","event":"\u001b[0m10:33:04  [\u001b[33mWARNING\u001b[0m]: The selection criterion 'stg_reference_stores+' does not match any enabled nodes","logger":"task.stdout"}
{"timestamp":"2026-09-06T10:33:04.754361Z","level":"info","event":"\u001b[0m10:33:04  [\u001b[33mWARNING\u001b[0m]: No nodes selected!","logger":"task.stdout"}
{"timestamp":"2026-09-06T10:33:05.646954Z","level":"info","event":"Cosmos performance: time to calculate cache identifier cosmos_cache__verdanta_stores__dbt_stores for current version: 0.12609692000000905","logger":"cosmos.cache","filename":"cache.py","lineno":401}
{"timestamp":"2026-09-06T10:33:05.684104Z","level":"info","event":"Total nodes: 0","logger":"cosmos.dbt.graph","filename":"graph.py","lineno":799}
{"timestamp":"2026-09-06T10:33:05.684289Z","level":"info","event":"Total filtered nodes: 0","logger":"cosmos.dbt.graph","filename":"graph.py","lineno":800}
{"timestamp":"2026-09-06T10:33:05.684392Z","level":"info","event":"Cosmos performance (verdanta_stores__dbt_stores) - [4daed8617553|248]: It took 7.51s to parse the dbt project for DAG using LoadMode.DBT_LS","logger":"cosmos.converter","filename":"converter.py","lineno":371}
{"timestamp":"2026-09-06T10:33:05.686399Z","level":"info","event":"Cosmos performance (verdanta_stores__dbt_stores) - [4daed8617553|248]: It took 0.002s to build the Airflow DAG.","logger":"cosmos.converter","filename":"converter.py","lineno":423}
{"timestamp":"2026-09-06T10:33:05.686488Z","level":"info","event":"::endgroup::Cosmos DAG parsing logs","logger":"cosmos.converter","filename":"converter.py","lineno":430}
{"timestamp":"2026-09-06T10:33:05.687103Z","level":"warning","event":"Using Variable.get from `airflow.models` is deprecated.Please use `get` on Variable from sdk(`airflow.sdk.Variable`) instead","category":"UserWarning","filename":"/home/airflow/.local/lib/python3.13/site-packages/airflow/models/variable.py","lineno":158,"logger":"py.warnings"}
{"timestamp":"2026-09-06T10:33:05.687190Z","level":"warning","event":"Valid config keys have changed in V2:\n* 'allow_population_by_field_name' has been renamed to 'validate_by_name'","category":"UserWarning","filename":"/home/airflow/.local/lib/python3.13/site-packages/pydantic/_internal/_config.py","lineno":383,"logger":"py.warnings"}
{"timestamp":"2026-09-06T10:33:05.687264Z","level":"warning","event":"Using Variable.set from `airflow.models` is deprecated.Please use `set` on Variable from sdk(`airflow.sdk.Variable`) instead","category":"UserWarning","filename":"/home/airflow/.local/lib/python3.13/site-packages/airflow/models/variable.py","lineno":218,"logger":"py.warnings"}
{"timestamp":"2026-09-06T10:33:36.719366Z","level":"info","event":"Filling up the DagBag from /opt/airflow/dags/verdanta_stores.py","logger":"airflow.dag_processing.dagbag.BundleDagBag","filename":"dagbag.py","lineno":469}
{"timestamp":"2026-09-06T10:33:36.787160Z","level":"info","event":"::group::Cosmos DAG parsing logs","logger":"cosmos.converter","filename":"converter.py","lineno":321}
{"timestamp":"2026-09-06T10:33:36.790354Z","level":"info","event":"Cosmos cache dir resolved to /tmp/cosmos/verdanta_stores__dbt_stores","logger":"cosmos.converter","filename":"converter.py","lineno":346}
{"timestamp":"2026-09-06T10:33:36.790572Z","level":"info","event":"Trying to parse the dbt project using dbt ls cache cosmos_cache__verdanta_stores__dbt_stores...","logger":"cosmos.dbt.graph","filename":"graph.py","lineno":869}
{"timestamp":"2026-09-06T10:33:36.933034Z","level":"info","event":"Cosmos performance: time to calculate cache identifier cosmos_cache__verdanta_stores__dbt_stores for current version: 0.12612506200002827","logger":"cosmos.cache","filename":"cache.py","lineno":401}
{"timestamp":"2026-09-06T10:33:36.933217Z","level":"info","event":"Cosmos performance: Cache miss for cosmos_cache__verdanta_stores__dbt_stores - skipped","logger":"cosmos.dbt.graph","filename":"graph.py","lineno":900}
{"timestamp":"2026-09-06T10:33:36.933366Z","level":"info","event":"Trying to parse the dbt project in `/opt/airflow/dbt/verdanta_project` using dbt ls...","logger":"cosmos.dbt.graph","filename":"graph.py","lineno":983}
{"timestamp":"2026-09-06T10:33:36.947180Z","level":"info","event":"Partial parse is enabled and the latest partial parse file is /tmp/cosmos/verdanta_stores__dbt_stores/target/partial_parse.msgpack","logger":"cosmos.dbt.graph","filename":"graph.py","lineno":1002}
{"timestamp":"2026-09-06T10:33:36.974067Z","level":"info","event":"Profile caching is enable.","logger":"cosmos.config","filename":"config.py","lineno":399}
{"timestamp":"2026-09-06T10:33:36.974426Z","level":"info","event":"Profile found in cache using profile: /tmp/cosmos/profile/88b0aa12559803c5b3e8b5b0cefa363d35d21cc93574699baf5727c52eda1f13/profiles.yml.","logger":"cosmos.config","filename":"config.py","lineno":379}
{"timestamp":"2026-09-06T10:33:38.707865Z","level":"info","event":"Running command with dbt Runner: `/home/airflow/.local/bin/dbt deps --project-dir /tmp/tmpyn4xnl9d --profiles-dir /tmp/cosmos/profile/88b0aa12559803c5b3e8b5b0cefa363d35d21cc93574699baf5727c52eda1f13 --profile verdanta_project --target dev`","logger":"cosmos.dbt.graph","filename":"graph.py","lineno":361}
{"timestamp":"2026-09-06T10:33:38.708282Z","level":"info","event":"Trying to run dbtRunner with:\n ['deps', '--project-dir', '/tmp/tmpyn4xnl9d', '--profiles-dir', '/tmp/cosmos/profile/88b0aa12559803c5b3e8b5b0cefa363d35d21cc93574699baf5727c52eda1f13', '--profile', 'verdanta_project', '--target', 'dev']\n in /tmp/tmpyn4xnl9d","logger":"cosmos.dbt.runner","filename":"runner.py","lineno":95}
{"timestamp":"2026-09-06T10:33:38.799284Z","level":"info","event":"\u001b[0m10:33:38  Running with dbt=1.12.0","logger":"task.stdout"}
{"timestamp":"2026-09-06T10:33:39.176493Z","level":"info","event":"\u001b[0m10:33:39  Installing dbt-labs/dbt_utils","logger":"task.stdout"}
{"timestamp":"2026-09-06T10:33:39.664317Z","level":"info","event":"\u001b[0m10:33:39  Installed from version 1.4.1","logger":"task.stdout"}
{"timestamp":"2026-09-06T10:33:39.671578Z","level":"info","event":"\u001b[0m10:33:39  Up to date!","logger":"task.stdout"}
{"timestamp":"2026-09-06T10:33:40.353175Z","level":"info","event":"Running command with dbt Runner: `/home/airflow/.local/bin/dbt ls --output json --output-keys name unique_id resource_type depends_on original_file_path tags config freshness fqn --project-dir /tmp/tmpyn4xnl9d --profiles-dir /tmp/cosmos/profile/88b0aa12559803c5b3e8b5b0cefa363d35d21cc93574699baf5727c52eda1f13 --profile verdanta_project --target dev --select stg_reference_stores+`","logger":"cosmos.dbt.graph","filename":"graph.py","lineno":361}
{"timestamp":"2026-09-06T10:33:40.353458Z","level":"info","event":"Trying to run dbtRunner with:\n ['ls', '--output', 'json', '--output-keys', 'name', 'unique_id', 'resource_type', 'depends_on', 'original_file_path', 'tags', 'config', 'freshness', 'fqn', '--project-dir', '/tmp/tmpyn4xnl9d', '--profiles-dir', '/tmp/cosmos/profile/88b0aa12559803c5b3e8b5b0cefa363d35d21cc93574699baf5727c52eda1f13', '--profile', 'verdanta_project', '--target', 'dev', '--select', 'stg_reference_stores+']\n in /tmp/tmpyn4xnl9d","logger":"cosmos.dbt.runner","filename":"runner.py","lineno":95}
{"timestamp":"2026-09-06T10:33:40.366513Z","level":"info","event":"\u001b[0m10:33:40  Running with dbt=1.12.0","logger":"task.stdout"}
{"timestamp":"2026-09-06T10:33:42.074193Z","level":"info","event":"\u001b[0m10:33:42  Registered adapter: databricks=1.10.9","logger":"task.stdout"}
{"timestamp":"2026-09-06T10:33:43.346476Z","level":"info","event":"\u001b[0m10:33:43  Found 22 models, 96 data tests, 3 seeds, 2 snapshots, 8 sources, 844 macros","logger":"task.stdout"}
{"timestamp":"2026-09-06T10:33:43.354526Z","level":"info","event":"\u001b[0m10:33:43  [\u001b[33mWARNING\u001b[0m]: The selection criterion 'stg_reference_stores+' does not match any enabled nodes","logger":"task.stdout"}
{"timestamp":"2026-09-06T10:33:43.354861Z","level":"info","event":"\u001b[0m10:33:43  [\u001b[33mWARNING\u001b[0m]: No nodes selected!","logger":"task.stdout"}
{"timestamp":"2026-09-06T10:33:44.245754Z","level":"info","event":"Cosmos performance: time to calculate cache identifier cosmos_cache__verdanta_stores__dbt_stores for current version: 0.13092316899997058","logger":"cosmos.cache","filename":"cache.py","lineno":401}
{"timestamp":"2026-09-06T10:33:44.318574Z","level":"info","event":"Total nodes: 0","logger":"cosmos.dbt.graph","filename":"graph.py","lineno":799}
{"timestamp":"2026-09-06T10:33:44.318770Z","level":"info","event":"Total filtered nodes: 0","logger":"cosmos.dbt.graph","filename":"graph.py","lineno":800}
{"timestamp":"2026-09-06T10:33:44.318878Z","level":"info","event":"Cosmos performance (verdanta_stores__dbt_stores) - [4daed8617553|284]: It took 7.53s to parse the dbt project for DAG using LoadMode.DBT_LS","logger":"cosmos.converter","filename":"converter.py","lineno":371}
{"timestamp":"2026-09-06T10:33:44.320815Z","level":"info","event":"Cosmos performance (verdanta_stores__dbt_stores) - [4daed8617553|284]: It took 0.00192s to build the Airflow DAG.","logger":"cosmos.converter","filename":"converter.py","lineno":423}
{"timestamp":"2026-09-06T10:33:44.320918Z","level":"info","event":"::endgroup::Cosmos DAG parsing logs","logger":"cosmos.converter","filename":"converter.py","lineno":430}
{"timestamp":"2026-09-06T10:33:44.321556Z","level":"warning","event":"Using Variable.get from `airflow.models` is deprecated.Please use `get` on Variable from sdk(`airflow.sdk.Variable`) instead","category":"UserWarning","filename":"/home/airflow/.local/lib/python3.13/site-packages/airflow/models/variable.py","lineno":158,"logger":"py.warnings"}
{"timestamp":"2026-09-06T10:33:44.321658Z","level":"warning","event":"Valid config keys have changed in V2:\n* 'allow_population_by_field_name' has been renamed to 'validate_by_name'","category":"UserWarning","filename":"/home/airflow/.local/lib/python3.13/site-packages/pydantic/_internal/_config.py","lineno":383,"logger":"py.warnings"}
{"timestamp":"2026-09-06T10:33:44.321724Z","level":"warning","event":"Using Variable.set from `airflow.models` is deprecated.Please use `set` on Variable from sdk(`airflow.sdk.Variable`) instead","category":"UserWarning","filename":"/home/airflow/.local/lib/python3.13/site-packages/airflow/models/variable.py","lineno":218,"logger":"py.warnings"}
{"timestamp":"2026-09-06T10:34:15.275098Z","level":"info","event":"Filling up the DagBag from /opt/airflow/dags/verdanta_stores.py","logger":"airflow.dag_processing.dagbag.BundleDagBag","filename":"dagbag.py","lineno":469}
{"timestamp":"2026-09-06T10:34:15.351494Z","level":"info","event":"::group::Cosmos DAG parsing logs","logger":"cosmos.converter","filename":"converter.py","lineno":321}
{"timestamp":"2026-09-06T10:34:15.355671Z","level":"info","event":"Cosmos cache dir resolved to /tmp/cosmos/verdanta_stores__dbt_stores","logger":"cosmos.converter","filename":"converter.py","lineno":346}
{"timestamp":"2026-09-06T10:34:15.355904Z","level":"info","event":"Trying to parse the dbt project using dbt ls cache cosmos_cache__verdanta_stores__dbt_stores...","logger":"cosmos.dbt.graph","filename":"graph.py","lineno":869}
{"timestamp":"2026-09-06T10:34:15.501133Z","level":"info","event":"Cosmos performance: time to calculate cache identifier cosmos_cache__verdanta_stores__dbt_stores for current version: 0.1277935980000393","logger":"cosmos.cache","filename":"cache.py","lineno":401}
{"timestamp":"2026-09-06T10:34:15.501330Z","level":"info","event":"Cosmos performance: Cache miss for cosmos_cache__verdanta_stores__dbt_stores - skipped","logger":"cosmos.dbt.graph","filename":"graph.py","lineno":900}
{"timestamp":"2026-09-06T10:34:15.501544Z","level":"info","event":"Trying to parse the dbt project in `/opt/airflow/dbt/verdanta_project` using dbt ls...","logger":"cosmos.dbt.graph","filename":"graph.py","lineno":983}
{"timestamp":"2026-09-06T10:34:15.516215Z","level":"info","event":"Partial parse is enabled and the latest partial parse file is /tmp/cosmos/verdanta_stores__dbt_stores/target/partial_parse.msgpack","logger":"cosmos.dbt.graph","filename":"graph.py","lineno":1002}
{"timestamp":"2026-09-06T10:34:15.546691Z","level":"info","event":"Profile caching is enable.","logger":"cosmos.config","filename":"config.py","lineno":399}
{"timestamp":"2026-09-06T10:34:15.547081Z","level":"info","event":"Profile found in cache using profile: /tmp/cosmos/profile/88b0aa12559803c5b3e8b5b0cefa363d35d21cc93574699baf5727c52eda1f13/profiles.yml.","logger":"cosmos.config","filename":"config.py","lineno":379}
{"timestamp":"2026-09-06T10:34:17.326382Z","level":"info","event":"Running command with dbt Runner: `/home/airflow/.local/bin/dbt deps --project-dir /tmp/tmpb9f9x5aj --profiles-dir /tmp/cosmos/profile/88b0aa12559803c5b3e8b5b0cefa363d35d21cc93574699baf5727c52eda1f13 --profile verdanta_project --target dev`","logger":"cosmos.dbt.graph","filename":"graph.py","lineno":361}
{"timestamp":"2026-09-06T10:34:17.326780Z","level":"info","event":"Trying to run dbtRunner with:\n ['deps', '--project-dir', '/tmp/tmpb9f9x5aj', '--profiles-dir', '/tmp/cosmos/profile/88b0aa12559803c5b3e8b5b0cefa363d35d21cc93574699baf5727c52eda1f13', '--profile', 'verdanta_project', '--target', 'dev']\n in /tmp/tmpb9f9x5aj","logger":"cosmos.dbt.runner","filename":"runner.py","lineno":95}
{"timestamp":"2026-09-06T10:34:17.423757Z","level":"info","event":"\u001b[0m10:34:17  Running with dbt=1.12.0","logger":"task.stdout"}
{"timestamp":"2026-09-06T10:34:17.751021Z","level":"info","event":"\u001b[0m10:34:17  Installing dbt-labs/dbt_utils","logger":"task.stdout"}
{"timestamp":"2026-09-06T10:34:18.693589Z","level":"info","event":"\u001b[0m10:34:18  Installed from version 1.4.1","logger":"task.stdout"}
{"timestamp":"2026-09-06T10:34:18.700439Z","level":"info","event":"\u001b[0m10:34:18  Up to date!","logger":"task.stdout"}
{"timestamp":"2026-09-06T10:34:20.406246Z","level":"info","event":"Running command with dbt Runner: `/home/airflow/.local/bin/dbt ls --output json --output-keys name unique_id resource_type depends_on original_file_path tags config freshness fqn --project-dir /tmp/tmpb9f9x5aj --profiles-dir /tmp/cosmos/profile/88b0aa12559803c5b3e8b5b0cefa363d35d21cc93574699baf5727c52eda1f13 --profile verdanta_project --target dev --select stg_reference_stores+`","logger":"cosmos.dbt.graph","filename":"graph.py","lineno":361}
{"timestamp":"2026-09-06T10:34:20.406743Z","level":"info","event":"Trying to run dbtRunner with:\n ['ls', '--output', 'json', '--output-keys', 'name', 'unique_id', 'resource_type', 'depends_on', 'original_file_path', 'tags', 'config', 'freshness', 'fqn', '--project-dir', '/tmp/tmpb9f9x5aj', '--profiles-dir', '/tmp/cosmos/profile/88b0aa12559803c5b3e8b5b0cefa363d35d21cc93574699baf5727c52eda1f13', '--profile', 'verdanta_project', '--target', 'dev', '--select', 'stg_reference_stores+']\n in /tmp/tmpb9f9x5aj","logger":"cosmos.dbt.runner","filename":"runner.py","lineno":95}
{"timestamp":"2026-09-06T10:34:20.420973Z","level":"info","event":"\u001b[0m10:34:20  Running with dbt=1.12.0","logger":"task.stdout"}
{"timestamp":"2026-09-06T10:34:22.105749Z","level":"info","event":"\u001b[0m10:34:22  Registered adapter: databricks=1.10.9","logger":"task.stdout"}
{"timestamp":"2026-09-06T10:34:23.287644Z","level":"info","event":"\u001b[0m10:34:23  Found 22 models, 96 data tests, 3 seeds, 2 snapshots, 8 sources, 844 macros","logger":"task.stdout"}
{"timestamp":"2026-09-06T10:34:23.294821Z","level":"info","event":"\u001b[0m10:34:23  [\u001b[33mWARNING\u001b[0m]: The selection criterion 'stg_reference_stores+' does not match any enabled nodes","logger":"task.stdout"}
{"timestamp":"2026-09-06T10:34:23.295160Z","level":"info","event":"\u001b[0m10:34:23  [\u001b[33mWARNING\u001b[0m]: No nodes selected!","logger":"task.stdout"}
{"timestamp":"2026-09-06T10:34:24.739282Z","level":"info","event":"Cosmos performance: time to calculate cache identifier cosmos_cache__verdanta_stores__dbt_stores for current version: 0.1261689049999859","logger":"cosmos.cache","filename":"cache.py","lineno":401}
{"timestamp":"2026-09-06T10:34:24.780346Z","level":"info","event":"Total nodes: 0","logger":"cosmos.dbt.graph","filename":"graph.py","lineno":799}
{"timestamp":"2026-09-06T10:34:24.780531Z","level":"info","event":"Total filtered nodes: 0","logger":"cosmos.dbt.graph","filename":"graph.py","lineno":800}
{"timestamp":"2026-09-06T10:34:24.780636Z","level":"info","event":"Cosmos performance (verdanta_stores__dbt_stores) - [4daed8617553|323]: It took 9.42s to parse the dbt project for DAG using LoadMode.DBT_LS","logger":"cosmos.converter","filename":"converter.py","lineno":371}
{"timestamp":"2026-09-06T10:34:24.782601Z","level":"info","event":"Cosmos performance (verdanta_stores__dbt_stores) - [4daed8617553|323]: It took 0.00195s to build the Airflow DAG.","logger":"cosmos.converter","filename":"converter.py","lineno":423}
{"timestamp":"2026-09-06T10:34:24.782692Z","level":"info","event":"::endgroup::Cosmos DAG parsing logs","logger":"cosmos.converter","filename":"converter.py","lineno":430}
{"timestamp":"2026-09-06T10:34:24.783306Z","level":"warning","event":"Using Variable.get from `airflow.models` is deprecated.Please use `get` on Variable from sdk(`airflow.sdk.Variable`) instead","category":"UserWarning","filename":"/home/airflow/.local/lib/python3.13/site-packages/airflow/models/variable.py","lineno":158,"logger":"py.warnings"}
{"timestamp":"2026-09-06T10:34:24.783384Z","level":"warning","event":"Valid config keys have changed in V2:\n* 'allow_population_by_field_name' has been renamed to 'validate_by_name'","category":"UserWarning","filename":"/home/airflow/.local/lib/python3.13/site-packages/pydantic/_internal/_config.py","lineno":383,"logger":"py.warnings"}
{"timestamp":"2026-09-06T10:34:24.783445Z","level":"warning","event":"Using Variable.set from `airflow.models` is deprecated.Please use `set` on Variable from sdk(`airflow.sdk.Variable`) instead","category":"UserWarning","filename":"/home/airflow/.local/lib/python3.13/site-packages/airflow/models/variable.py","lineno":218,"logger":"py.warnings"}
{"timestamp":"2026-09-06T10:34:55.351811Z","level":"info","event":"Filling up the DagBag from /opt/airflow/dags/verdanta_stores.py","logger":"airflow.dag_processing.dagbag.BundleDagBag","filename":"dagbag.py","lineno":469}
{"timestamp":"2026-09-06T10:34:55.418480Z","level":"info","event":"::group::Cosmos DAG parsing logs","logger":"cosmos.converter","filename":"converter.py","lineno":321}
{"timestamp":"2026-09-06T10:34:55.421780Z","level":"info","event":"Cosmos cache dir resolved to /tmp/cosmos/verdanta_stores__dbt_stores","logger":"cosmos.converter","filename":"converter.py","lineno":346}
{"timestamp":"2026-09-06T10:34:55.421999Z","level":"info","event":"Trying to parse the dbt project using dbt ls cache cosmos_cache__verdanta_stores__dbt_stores...","logger":"cosmos.dbt.graph","filename":"graph.py","lineno":869}
{"timestamp":"2026-09-06T10:34:55.562333Z","level":"info","event":"Cosmos performance: time to calculate cache identifier cosmos_cache__verdanta_stores__dbt_stores for current version: 0.12548084299999118","logger":"cosmos.cache","filename":"cache.py","lineno":401}
{"timestamp":"2026-09-06T10:34:55.562525Z","level":"info","event":"Cosmos performance: Cache miss for cosmos_cache__verdanta_stores__dbt_stores - skipped","logger":"cosmos.dbt.graph","filename":"graph.py","lineno":900}
{"timestamp":"2026-09-06T10:34:55.562670Z","level":"info","event":"Trying to parse the dbt project in `/opt/airflow/dbt/verdanta_project` using dbt ls...","logger":"cosmos.dbt.graph","filename":"graph.py","lineno":983}
{"timestamp":"2026-09-06T10:34:55.575624Z","level":"info","event":"Partial parse is enabled and the latest partial parse file is /tmp/cosmos/verdanta_stores__dbt_stores/target/partial_parse.msgpack","logger":"cosmos.dbt.graph","filename":"graph.py","lineno":1002}
{"timestamp":"2026-09-06T10:34:55.604551Z","level":"info","event":"Profile caching is enable.","logger":"cosmos.config","filename":"config.py","lineno":399}
{"timestamp":"2026-09-06T10:34:55.604951Z","level":"info","event":"Profile found in cache using profile: /tmp/cosmos/profile/88b0aa12559803c5b3e8b5b0cefa363d35d21cc93574699baf5727c52eda1f13/profiles.yml.","logger":"cosmos.config","filename":"config.py","lineno":379}
{"timestamp":"2026-09-06T10:34:57.331238Z","level":"info","event":"Running command with dbt Runner: `/home/airflow/.local/bin/dbt deps --project-dir /tmp/tmp4azh1oy2 --profiles-dir /tmp/cosmos/profile/88b0aa12559803c5b3e8b5b0cefa363d35d21cc93574699baf5727c52eda1f13 --profile verdanta_project --target dev`","logger":"cosmos.dbt.graph","filename":"graph.py","lineno":361}
{"timestamp":"2026-09-06T10:34:57.331677Z","level":"info","event":"Trying to run dbtRunner with:\n ['deps', '--project-dir', '/tmp/tmp4azh1oy2', '--profiles-dir', '/tmp/cosmos/profile/88b0aa12559803c5b3e8b5b0cefa363d35d21cc93574699baf5727c52eda1f13', '--profile', 'verdanta_project', '--target', 'dev']\n in /tmp/tmp4azh1oy2","logger":"cosmos.dbt.runner","filename":"runner.py","lineno":95}
{"timestamp":"2026-09-06T10:34:57.436382Z","level":"info","event":"\u001b[0m10:34:57  Running with dbt=1.12.0","logger":"task.stdout"}
{"timestamp":"2026-09-06T10:34:57.884581Z","level":"info","event":"\u001b[0m10:34:57  Installing dbt-labs/dbt_utils","logger":"task.stdout"}
{"timestamp":"2026-09-06T10:34:58.351916Z","level":"info","event":"\u001b[0m10:34:58  Installed from version 1.4.1","logger":"task.stdout"}
{"timestamp":"2026-09-06T10:34:58.364613Z","level":"info","event":"\u001b[0m10:34:58  Up to date!","logger":"task.stdout"}
{"timestamp":"2026-09-06T10:34:59.057233Z","level":"info","event":"Running command with dbt Runner: `/home/airflow/.local/bin/dbt ls --output json --output-keys name unique_id resource_type depends_on original_file_path tags config freshness fqn --project-dir /tmp/tmp4azh1oy2 --profiles-dir /tmp/cosmos/profile/88b0aa12559803c5b3e8b5b0cefa363d35d21cc93574699baf5727c52eda1f13 --profile verdanta_project --target dev --select stg_reference_stores+`","logger":"cosmos.dbt.graph","filename":"graph.py","lineno":361}
{"timestamp":"2026-09-06T10:34:59.057586Z","level":"info","event":"Trying to run dbtRunner with:\n ['ls', '--output', 'json', '--output-keys', 'name', 'unique_id', 'resource_type', 'depends_on', 'original_file_path', 'tags', 'config', 'freshness', 'fqn', '--project-dir', '/tmp/tmp4azh1oy2', '--profiles-dir', '/tmp/cosmos/profile/88b0aa12559803c5b3e8b5b0cefa363d35d21cc93574699baf5727c52eda1f13', '--profile', 'verdanta_project', '--target', 'dev', '--select', 'stg_reference_stores+']\n in /tmp/tmp4azh1oy2","logger":"cosmos.dbt.runner","filename":"runner.py","lineno":95}
{"timestamp":"2026-09-06T10:34:59.070356Z","level":"info","event":"\u001b[0m10:34:59  Running with dbt=1.12.0","logger":"task.stdout"}
{"timestamp":"2026-09-06T10:35:00.739407Z","level":"info","event":"\u001b[0m10:35:00  Registered adapter: databricks=1.10.9","logger":"task.stdout"}
{"timestamp":"2026-09-06T10:35:01.942348Z","level":"info","event":"\u001b[0m10:35:01  Found 22 models, 96 data tests, 3 seeds, 2 snapshots, 8 sources, 844 macros","logger":"task.stdout"}
{"timestamp":"2026-09-06T10:35:01.951860Z","level":"info","event":"\u001b[0m10:35:01  [\u001b[33mWARNING\u001b[0m]: The selection criterion 'stg_reference_stores+' does not match any enabled nodes","logger":"task.stdout"}
{"timestamp":"2026-09-06T10:35:01.952256Z","level":"info","event":"\u001b[0m10:35:01  [\u001b[33mWARNING\u001b[0m]: No nodes selected!","logger":"task.stdout"}
{"timestamp":"2026-09-06T10:35:02.909645Z","level":"info","event":"Cosmos performance: time to calculate cache identifier cosmos_cache__verdanta_stores__dbt_stores for current version: 0.12358786499999042","logger":"cosmos.cache","filename":"cache.py","lineno":401}
{"timestamp":"2026-09-06T10:35:02.949301Z","level":"info","event":"Total nodes: 0","logger":"cosmos.dbt.graph","filename":"graph.py","lineno":799}
{"timestamp":"2026-09-06T10:35:02.949496Z","level":"info","event":"Total filtered nodes: 0","logger":"cosmos.dbt.graph","filename":"graph.py","lineno":800}
{"timestamp":"2026-09-06T10:35:02.949636Z","level":"info","event":"Cosmos performance (verdanta_stores__dbt_stores) - [4daed8617553|362]: It took 7.53s to parse the dbt project for DAG using LoadMode.DBT_LS","logger":"cosmos.converter","filename":"converter.py","lineno":371}
{"timestamp":"2026-09-06T10:35:02.951615Z","level":"info","event":"Cosmos performance (verdanta_stores__dbt_stores) - [4daed8617553|362]: It took 0.00198s to build the Airflow DAG.","logger":"cosmos.converter","filename":"converter.py","lineno":423}
{"timestamp":"2026-09-06T10:35:02.951710Z","level":"info","event":"::endgroup::Cosmos DAG parsing logs","logger":"cosmos.converter","filename":"converter.py","lineno":430}
{"timestamp":"2026-09-06T10:35:02.952577Z","level":"warning","event":"Using Variable.get from `airflow.models` is deprecated.Please use `get` on Variable from sdk(`airflow.sdk.Variable`) instead","category":"UserWarning","filename":"/home/airflow/.local/lib/python3.13/site-packages/airflow/models/variable.py","lineno":158,"logger":"py.warnings"}
{"timestamp":"2026-09-06T10:35:02.952672Z","level":"warning","event":"Valid config keys have changed in V2:\n* 'allow_population_by_field_name' has been renamed to 'validate_by_name'","category":"UserWarning","filename":"/home/airflow/.local/lib/python3.13/site-packages/pydantic/_internal/_config.py","lineno":383,"logger":"py.warnings"}
{"timestamp":"2026-09-06T10:35:02.952735Z","level":"warning","event":"Using Variable.set from `airflow.models` is deprecated.Please use `set` on Variable from sdk(`airflow.sdk.Variable`) instead","category":"UserWarning","filename":"/home/airflow/.local/lib/python3.13/site-packages/airflow/models/variable.py","lineno":218,"logger":"py.warnings"}
{"timestamp":"2026-09-06T10:35:33.984182Z","level":"info","event":"Filling up the DagBag from /opt/airflow/dags/verdanta_stores.py","logger":"airflow.dag_processing.dagbag.BundleDagBag","filename":"dagbag.py","lineno":469}
{"timestamp":"2026-09-06T10:35:34.049657Z","level":"info","event":"::group::Cosmos DAG parsing logs","logger":"cosmos.converter","filename":"converter.py","lineno":321}
{"timestamp":"2026-09-06T10:35:34.053050Z","level":"info","event":"Cosmos cache dir resolved to /tmp/cosmos/verdanta_stores__dbt_stores","logger":"cosmos.converter","filename":"converter.py","lineno":346}
{"timestamp":"2026-09-06T10:35:34.053268Z","level":"info","event":"Trying to parse the dbt project using dbt ls cache cosmos_cache__verdanta_stores__dbt_stores...","logger":"cosmos.dbt.graph","filename":"graph.py","lineno":869}
{"timestamp":"2026-09-06T10:35:34.193326Z","level":"info","event":"Cosmos performance: time to calculate cache identifier cosmos_cache__verdanta_stores__dbt_stores for current version: 0.12401609500000177","logger":"cosmos.cache","filename":"cache.py","lineno":401}
{"timestamp":"2026-09-06T10:35:34.193511Z","level":"info","event":"Cosmos performance: Cache miss for cosmos_cache__verdanta_stores__dbt_stores - skipped","logger":"cosmos.dbt.graph","filename":"graph.py","lineno":900}
{"timestamp":"2026-09-06T10:35:34.193659Z","level":"info","event":"Trying to parse the dbt project in `/opt/airflow/dbt/verdanta_project` using dbt ls...","logger":"cosmos.dbt.graph","filename":"graph.py","lineno":983}
{"timestamp":"2026-09-06T10:35:34.207676Z","level":"info","event":"Partial parse is enabled and the latest partial parse file is /tmp/cosmos/verdanta_stores__dbt_stores/target/partial_parse.msgpack","logger":"cosmos.dbt.graph","filename":"graph.py","lineno":1002}
{"timestamp":"2026-09-06T10:35:34.238479Z","level":"info","event":"Profile caching is enable.","logger":"cosmos.config","filename":"config.py","lineno":399}
{"timestamp":"2026-09-06T10:35:34.238820Z","level":"info","event":"Profile found in cache using profile: /tmp/cosmos/profile/88b0aa12559803c5b3e8b5b0cefa363d35d21cc93574699baf5727c52eda1f13/profiles.yml.","logger":"cosmos.config","filename":"config.py","lineno":379}
{"timestamp":"2026-09-06T10:35:35.942799Z","level":"info","event":"Running command with dbt Runner: `/home/airflow/.local/bin/dbt deps --project-dir /tmp/tmph2_ysz0v --profiles-dir /tmp/cosmos/profile/88b0aa12559803c5b3e8b5b0cefa363d35d21cc93574699baf5727c52eda1f13 --profile verdanta_project --target dev`","logger":"cosmos.dbt.graph","filename":"graph.py","lineno":361}
{"timestamp":"2026-09-06T10:35:35.943231Z","level":"info","event":"Trying to run dbtRunner with:\n ['deps', '--project-dir', '/tmp/tmph2_ysz0v', '--profiles-dir', '/tmp/cosmos/profile/88b0aa12559803c5b3e8b5b0cefa363d35d21cc93574699baf5727c52eda1f13', '--profile', 'verdanta_project', '--target', 'dev']\n in /tmp/tmph2_ysz0v","logger":"cosmos.dbt.runner","filename":"runner.py","lineno":95}
{"timestamp":"2026-09-06T10:35:36.035612Z","level":"info","event":"\u001b[0m10:35:36  Running with dbt=1.12.0","logger":"task.stdout"}
{"timestamp":"2026-09-06T10:35:36.334173Z","level":"info","event":"\u001b[0m10:35:36  Installing dbt-labs/dbt_utils","logger":"task.stdout"}
{"timestamp":"2026-09-06T10:35:36.772130Z","level":"info","event":"\u001b[0m10:35:36  Installed from version 1.4.1","logger":"task.stdout"}
{"timestamp":"2026-09-06T10:35:36.779308Z","level":"info","event":"\u001b[0m10:35:36  Up to date!","logger":"task.stdout"}
{"timestamp":"2026-09-06T10:35:37.543738Z","level":"info","event":"Running command with dbt Runner: `/home/airflow/.local/bin/dbt ls --output json --output-keys name unique_id resource_type depends_on original_file_path tags config freshness fqn --project-dir /tmp/tmph2_ysz0v --profiles-dir /tmp/cosmos/profile/88b0aa12559803c5b3e8b5b0cefa363d35d21cc93574699baf5727c52eda1f13 --profile verdanta_project --target dev --select stg_reference_stores+`","logger":"cosmos.dbt.graph","filename":"graph.py","lineno":361}
{"timestamp":"2026-09-06T10:35:37.544129Z","level":"info","event":"Trying to run dbtRunner with:\n ['ls', '--output', 'json', '--output-keys', 'name', 'unique_id', 'resource_type', 'depends_on', 'original_file_path', 'tags', 'config', 'freshness', 'fqn', '--project-dir', '/tmp/tmph2_ysz0v', '--profiles-dir', '/tmp/cosmos/profile/88b0aa12559803c5b3e8b5b0cefa363d35d21cc93574699baf5727c52eda1f13', '--profile', 'verdanta_project', '--target', 'dev', '--select', 'stg_reference_stores+']\n in /tmp/tmph2_ysz0v","logger":"cosmos.dbt.runner","filename":"runner.py","lineno":95}
{"timestamp":"2026-09-06T10:35:37.559669Z","level":"info","event":"\u001b[0m10:35:37  Running with dbt=1.12.0","logger":"task.stdout"}
{"timestamp":"2026-09-06T10:35:39.419041Z","level":"info","event":"\u001b[0m10:35:39  Registered adapter: databricks=1.10.9","logger":"task.stdout"}
{"timestamp":"2026-09-06T10:35:40.574386Z","level":"info","event":"\u001b[0m10:35:40  Found 22 models, 96 data tests, 3 seeds, 2 snapshots, 8 sources, 844 macros","logger":"task.stdout"}
{"timestamp":"2026-09-06T10:35:40.581419Z","level":"info","event":"\u001b[0m10:35:40  [\u001b[33mWARNING\u001b[0m]: The selection criterion 'stg_reference_stores+' does not match any enabled nodes","logger":"task.stdout"}
{"timestamp":"2026-09-06T10:35:40.581763Z","level":"info","event":"\u001b[0m10:35:40  [\u001b[33mWARNING\u001b[0m]: No nodes selected!","logger":"task.stdout"}
{"timestamp":"2026-09-06T10:35:41.456231Z","level":"info","event":"Cosmos performance: time to calculate cache identifier cosmos_cache__verdanta_stores__dbt_stores for current version: 0.12734818699993866","logger":"cosmos.cache","filename":"cache.py","lineno":401}
{"timestamp":"2026-09-06T10:35:41.495689Z","level":"info","event":"Total nodes: 0","logger":"cosmos.dbt.graph","filename":"graph.py","lineno":799}
{"timestamp":"2026-09-06T10:35:41.495881Z","level":"info","event":"Total filtered nodes: 0","logger":"cosmos.dbt.graph","filename":"graph.py","lineno":800}
{"timestamp":"2026-09-06T10:35:41.495991Z","level":"info","event":"Cosmos performance (verdanta_stores__dbt_stores) - [4daed8617553|398]: It took 7.44s to parse the dbt project for DAG using LoadMode.DBT_LS","logger":"cosmos.converter","filename":"converter.py","lineno":371}
{"timestamp":"2026-09-06T10:35:41.498072Z","level":"info","event":"Cosmos performance (verdanta_stores__dbt_stores) - [4daed8617553|398]: It took 0.00207s to build the Airflow DAG.","logger":"cosmos.converter","filename":"converter.py","lineno":423}
{"timestamp":"2026-09-06T10:35:41.498166Z","level":"info","event":"::endgroup::Cosmos DAG parsing logs","logger":"cosmos.converter","filename":"converter.py","lineno":430}
{"timestamp":"2026-09-06T10:35:41.498824Z","level":"warning","event":"Using Variable.get from `airflow.models` is deprecated.Please use `get` on Variable from sdk(`airflow.sdk.Variable`) instead","category":"UserWarning","filename":"/home/airflow/.local/lib/python3.13/site-packages/airflow/models/variable.py","lineno":158,"logger":"py.warnings"}
{"timestamp":"2026-09-06T10:35:41.498916Z","level":"warning","event":"Valid config keys have changed in V2:\n* 'allow_population_by_field_name' has been renamed to 'validate_by_name'","category":"UserWarning","filename":"/home/airflow/.local/lib/python3.13/site-packages/pydantic/_internal/_config.py","lineno":383,"logger":"py.warnings"}
{"timestamp":"2026-09-06T10:35:41.498979Z","level":"warning","event":"Using Variable.set from `airflow.models` is deprecated.Please use `set` on Variable from sdk(`airflow.sdk.Variable`) instead","category":"UserWarning","filename":"/home/airflow/.local/lib/python3.13/site-packages/airflow/models/variable.py","lineno":218,"logger":"py.warnings"}
{"timestamp":"2026-09-06T10:36:12.543360Z","level":"info","event":"Filling up the DagBag from /opt/airflow/dags/verdanta_stores.py","logger":"airflow.dag_processing.dagbag.BundleDagBag","filename":"dagbag.py","lineno":469}
{"timestamp":"2026-09-06T10:36:12.605040Z","level":"info","event":"::group::Cosmos DAG parsing logs","logger":"cosmos.converter","filename":"converter.py","lineno":321}
{"timestamp":"2026-09-06T10:36:12.608262Z","level":"info","event":"Cosmos cache dir resolved to /tmp/cosmos/verdanta_stores__dbt_stores","logger":"cosmos.converter","filename":"converter.py","lineno":346}
{"timestamp":"2026-09-06T10:36:12.608497Z","level":"info","event":"Trying to parse the dbt project using dbt ls cache cosmos_cache__verdanta_stores__dbt_stores...","logger":"cosmos.dbt.graph","filename":"graph.py","lineno":869}
{"timestamp":"2026-09-06T10:36:12.746128Z","level":"info","event":"Cosmos performance: time to calculate cache identifier cosmos_cache__verdanta_stores__dbt_stores for current version: 0.12278471599995555","logger":"cosmos.cache","filename":"cache.py","lineno":401}
{"timestamp":"2026-09-06T10:36:12.746309Z","level":"info","event":"Cosmos performance: Cache miss for cosmos_cache__verdanta_stores__dbt_stores - skipped","logger":"cosmos.dbt.graph","filename":"graph.py","lineno":900}
{"timestamp":"2026-09-06T10:36:12.746465Z","level":"info","event":"Trying to parse the dbt project in `/opt/airflow/dbt/verdanta_project` using dbt ls...","logger":"cosmos.dbt.graph","filename":"graph.py","lineno":983}
{"timestamp":"2026-09-06T10:36:12.759023Z","level":"info","event":"Partial parse is enabled and the latest partial parse file is /tmp/cosmos/verdanta_stores__dbt_stores/target/partial_parse.msgpack","logger":"cosmos.dbt.graph","filename":"graph.py","lineno":1002}
{"timestamp":"2026-09-06T10:36:12.782733Z","level":"info","event":"Profile caching is enable.","logger":"cosmos.config","filename":"config.py","lineno":399}
{"timestamp":"2026-09-06T10:36:12.783088Z","level":"info","event":"Profile found in cache using profile: /tmp/cosmos/profile/88b0aa12559803c5b3e8b5b0cefa363d35d21cc93574699baf5727c52eda1f13/profiles.yml.","logger":"cosmos.config","filename":"config.py","lineno":379}
{"timestamp":"2026-09-06T10:36:14.374517Z","level":"info","event":"Running command with dbt Runner: `/home/airflow/.local/bin/dbt deps --project-dir /tmp/tmp77q8mvc1 --profiles-dir /tmp/cosmos/profile/88b0aa12559803c5b3e8b5b0cefa363d35d21cc93574699baf5727c52eda1f13 --profile verdanta_project --target dev`","logger":"cosmos.dbt.graph","filename":"graph.py","lineno":361}
{"timestamp":"2026-09-06T10:36:14.374982Z","level":"info","event":"Trying to run dbtRunner with:\n ['deps', '--project-dir', '/tmp/tmp77q8mvc1', '--profiles-dir', '/tmp/cosmos/profile/88b0aa12559803c5b3e8b5b0cefa363d35d21cc93574699baf5727c52eda1f13', '--profile', 'verdanta_project', '--target', 'dev']\n in /tmp/tmp77q8mvc1","logger":"cosmos.dbt.runner","filename":"runner.py","lineno":95}
{"timestamp":"2026-09-06T10:36:14.464454Z","level":"info","event":"\u001b[0m10:36:14  Running with dbt=1.12.0","logger":"task.stdout"}
{"timestamp":"2026-09-06T10:36:14.929060Z","level":"info","event":"\u001b[0m10:36:14  Installing dbt-labs/dbt_utils","logger":"task.stdout"}
{"timestamp":"2026-09-06T10:36:15.375610Z","level":"info","event":"\u001b[0m10:36:15  Installed from version 1.4.1","logger":"task.stdout"}
{"timestamp":"2026-09-06T10:36:15.382625Z","level":"info","event":"\u001b[0m10:36:15  Up to date!","logger":"task.stdout"}
{"timestamp":"2026-09-06T10:36:16.060093Z","level":"info","event":"Running command with dbt Runner: `/home/airflow/.local/bin/dbt ls --output json --output-keys name unique_id resource_type depends_on original_file_path tags config freshness fqn --project-dir /tmp/tmp77q8mvc1 --profiles-dir /tmp/cosmos/profile/88b0aa12559803c5b3e8b5b0cefa363d35d21cc93574699baf5727c52eda1f13 --profile verdanta_project --target dev --select stg_reference_stores+`","logger":"cosmos.dbt.graph","filename":"graph.py","lineno":361}
{"timestamp":"2026-09-06T10:36:16.060398Z","level":"info","event":"Trying to run dbtRunner with:\n ['ls', '--output', 'json', '--output-keys', 'name', 'unique_id', 'resource_type', 'depends_on', 'original_file_path', 'tags', 'config', 'freshness', 'fqn', '--project-dir', '/tmp/tmp77q8mvc1', '--profiles-dir', '/tmp/cosmos/profile/88b0aa12559803c5b3e8b5b0cefa363d35d21cc93574699baf5727c52eda1f13', '--profile', 'verdanta_project', '--target', 'dev', '--select', 'stg_reference_stores+']\n in /tmp/tmp77q8mvc1","logger":"cosmos.dbt.runner","filename":"runner.py","lineno":95}
{"timestamp":"2026-09-06T10:36:16.072781Z","level":"info","event":"\u001b[0m10:36:16  Running with dbt=1.12.0","logger":"task.stdout"}
{"timestamp":"2026-09-06T10:36:17.810573Z","level":"info","event":"\u001b[0m10:36:17  Registered adapter: databricks=1.10.9","logger":"task.stdout"}
{"timestamp":"2026-09-06T10:36:18.908974Z","level":"info","event":"\u001b[0m10:36:18  Found 22 models, 96 data tests, 3 seeds, 2 snapshots, 8 sources, 844 macros","logger":"task.stdout"}
{"timestamp":"2026-09-06T10:36:18.917727Z","level":"info","event":"\u001b[0m10:36:18  [\u001b[33mWARNING\u001b[0m]: The selection criterion 'stg_reference_stores+' does not match any enabled nodes","logger":"task.stdout"}
{"timestamp":"2026-09-06T10:36:18.918032Z","level":"info","event":"\u001b[0m10:36:18  [\u001b[33mWARNING\u001b[0m]: No nodes selected!","logger":"task.stdout"}
{"timestamp":"2026-09-06T10:36:19.822747Z","level":"info","event":"Cosmos performance: time to calculate cache identifier cosmos_cache__verdanta_stores__dbt_stores for current version: 0.14600452199999836","logger":"cosmos.cache","filename":"cache.py","lineno":401}
{"timestamp":"2026-09-06T10:36:19.859679Z","level":"info","event":"Total nodes: 0","logger":"cosmos.dbt.graph","filename":"graph.py","lineno":799}
{"timestamp":"2026-09-06T10:36:19.859849Z","level":"info","event":"Total filtered nodes: 0","logger":"cosmos.dbt.graph","filename":"graph.py","lineno":800}
{"timestamp":"2026-09-06T10:36:19.859947Z","level":"info","event":"Cosmos performance (verdanta_stores__dbt_stores) - [4daed8617553|442]: It took 7.25s to parse the dbt project for DAG using LoadMode.DBT_LS","logger":"cosmos.converter","filename":"converter.py","lineno":371}
{"timestamp":"2026-09-06T10:36:19.862084Z","level":"info","event":"Cosmos performance (verdanta_stores__dbt_stores) - [4daed8617553|442]: It took 0.00211s to build the Airflow DAG.","logger":"cosmos.converter","filename":"converter.py","lineno":423}
{"timestamp":"2026-09-06T10:36:19.862183Z","level":"info","event":"::endgroup::Cosmos DAG parsing logs","logger":"cosmos.converter","filename":"converter.py","lineno":430}
{"timestamp":"2026-09-06T10:36:19.862878Z","level":"warning","event":"Using Variable.get from `airflow.models` is deprecated.Please use `get` on Variable from sdk(`airflow.sdk.Variable`) instead","category":"UserWarning","filename":"/home/airflow/.local/lib/python3.13/site-packages/airflow/models/variable.py","lineno":158,"logger":"py.warnings"}
{"timestamp":"2026-09-06T10:36:19.862962Z","level":"warning","event":"Valid config keys have changed in V2:\n* 'allow_population_by_field_name' has been renamed to 'validate_by_name'","category":"UserWarning","filename":"/home/airflow/.local/lib/python3.13/site-packages/pydantic/_internal/_config.py","lineno":383,"logger":"py.warnings"}
{"timestamp":"2026-09-06T10:36:19.863023Z","level":"warning","event":"Using Variable.set from `airflow.models` is deprecated.Please use `set` on Variable from sdk(`airflow.sdk.Variable`) instead","category":"UserWarning","filename":"/home/airflow/.local/lib/python3.13/site-packages/airflow/models/variable.py","lineno":218,"logger":"py.warnings"}
{"timestamp":"2026-09-06T10:36:50.857975Z","level":"info","event":"Filling up the DagBag from /opt/airflow/dags/verdanta_stores.py","logger":"airflow.dag_processing.dagbag.BundleDagBag","filename":"dagbag.py","lineno":469}
{"timestamp":"2026-09-06T10:36:50.921389Z","level":"info","event":"::group::Cosmos DAG parsing logs","logger":"cosmos.converter","filename":"converter.py","lineno":321}
{"timestamp":"2026-09-06T10:36:50.924570Z","level":"info","event":"Cosmos cache dir resolved to /tmp/cosmos/verdanta_stores__dbt_stores","logger":"cosmos.converter","filename":"converter.py","lineno":346}
{"timestamp":"2026-09-06T10:36:50.924781Z","level":"info","event":"Trying to parse the dbt project using dbt ls cache cosmos_cache__verdanta_stores__dbt_stores...","logger":"cosmos.dbt.graph","filename":"graph.py","lineno":869}
{"timestamp":"2026-09-06T10:36:51.059157Z","level":"info","event":"Cosmos performance: time to calculate cache identifier cosmos_cache__verdanta_stores__dbt_stores for current version: 0.12126784200006568","logger":"cosmos.cache","filename":"cache.py","lineno":401}
{"timestamp":"2026-09-06T10:36:51.059332Z","level":"info","event":"Cosmos performance: Cache miss for cosmos_cache__verdanta_stores__dbt_stores - skipped","logger":"cosmos.dbt.graph","filename":"graph.py","lineno":900}
{"timestamp":"2026-09-06T10:36:51.059481Z","level":"info","event":"Trying to parse the dbt project in `/opt/airflow/dbt/verdanta_project` using dbt ls...","logger":"cosmos.dbt.graph","filename":"graph.py","lineno":983}
{"timestamp":"2026-09-06T10:36:51.072953Z","level":"info","event":"Partial parse is enabled and the latest partial parse file is /tmp/cosmos/verdanta_stores__dbt_stores/target/partial_parse.msgpack","logger":"cosmos.dbt.graph","filename":"graph.py","lineno":1002}
{"timestamp":"2026-09-06T10:36:51.097255Z","level":"info","event":"Profile caching is enable.","logger":"cosmos.config","filename":"config.py","lineno":399}
{"timestamp":"2026-09-06T10:36:51.097593Z","level":"info","event":"Profile found in cache using profile: /tmp/cosmos/profile/88b0aa12559803c5b3e8b5b0cefa363d35d21cc93574699baf5727c52eda1f13/profiles.yml.","logger":"cosmos.config","filename":"config.py","lineno":379}
{"timestamp":"2026-09-06T10:36:52.686127Z","level":"info","event":"Running command with dbt Runner: `/home/airflow/.local/bin/dbt deps --project-dir /tmp/tmp1xwp_593 --profiles-dir /tmp/cosmos/profile/88b0aa12559803c5b3e8b5b0cefa363d35d21cc93574699baf5727c52eda1f13 --profile verdanta_project --target dev`","logger":"cosmos.dbt.graph","filename":"graph.py","lineno":361}
{"timestamp":"2026-09-06T10:36:52.686485Z","level":"info","event":"Trying to run dbtRunner with:\n ['deps', '--project-dir', '/tmp/tmp1xwp_593', '--profiles-dir', '/tmp/cosmos/profile/88b0aa12559803c5b3e8b5b0cefa363d35d21cc93574699baf5727c52eda1f13', '--profile', 'verdanta_project', '--target', 'dev']\n in /tmp/tmp1xwp_593","logger":"cosmos.dbt.runner","filename":"runner.py","lineno":95}
{"timestamp":"2026-09-06T10:36:52.773751Z","level":"info","event":"\u001b[0m10:36:52  Running with dbt=1.12.0","logger":"task.stdout"}
{"timestamp":"2026-09-06T10:36:53.109208Z","level":"info","event":"\u001b[0m10:36:53  Installing dbt-labs/dbt_utils","logger":"task.stdout"}
{"timestamp":"2026-09-06T10:36:53.582778Z","level":"info","event":"\u001b[0m10:36:53  Installed from version 1.4.1","logger":"task.stdout"}
{"timestamp":"2026-09-06T10:36:53.596225Z","level":"info","event":"\u001b[0m10:36:53  Up to date!","logger":"task.stdout"}
{"timestamp":"2026-09-06T10:36:54.261060Z","level":"info","event":"Running command with dbt Runner: `/home/airflow/.local/bin/dbt ls --output json --output-keys name unique_id resource_type depends_on original_file_path tags config freshness fqn --project-dir /tmp/tmp1xwp_593 --profiles-dir /tmp/cosmos/profile/88b0aa12559803c5b3e8b5b0cefa363d35d21cc93574699baf5727c52eda1f13 --profile verdanta_project --target dev --select stg_reference_stores+`","logger":"cosmos.dbt.graph","filename":"graph.py","lineno":361}
{"timestamp":"2026-09-06T10:36:54.261341Z","level":"info","event":"Trying to run dbtRunner with:\n ['ls', '--output', 'json', '--output-keys', 'name', 'unique_id', 'resource_type', 'depends_on', 'original_file_path', 'tags', 'config', 'freshness', 'fqn', '--project-dir', '/tmp/tmp1xwp_593', '--profiles-dir', '/tmp/cosmos/profile/88b0aa12559803c5b3e8b5b0cefa363d35d21cc93574699baf5727c52eda1f13', '--profile', 'verdanta_project', '--target', 'dev', '--select', 'stg_reference_stores+']\n in /tmp/tmp1xwp_593","logger":"cosmos.dbt.runner","filename":"runner.py","lineno":95}
{"timestamp":"2026-09-06T10:36:54.274194Z","level":"info","event":"\u001b[0m10:36:54  Running with dbt=1.12.0","logger":"task.stdout"}
{"timestamp":"2026-09-06T10:36:55.882102Z","level":"info","event":"\u001b[0m10:36:55  Registered adapter: databricks=1.10.9","logger":"task.stdout"}
{"timestamp":"2026-09-06T10:36:56.919790Z","level":"info","event":"\u001b[0m10:36:56  Found 22 models, 96 data tests, 3 seeds, 2 snapshots, 8 sources, 844 macros","logger":"task.stdout"}
{"timestamp":"2026-09-06T10:36:56.926417Z","level":"info","event":"\u001b[0m10:36:56  [\u001b[33mWARNING\u001b[0m]: The selection criterion 'stg_reference_stores+' does not match any enabled nodes","logger":"task.stdout"}
{"timestamp":"2026-09-06T10:36:56.926741Z","level":"info","event":"\u001b[0m10:36:56  [\u001b[33mWARNING\u001b[0m]: No nodes selected!","logger":"task.stdout"}
{"timestamp":"2026-09-06T10:36:57.764450Z","level":"info","event":"Cosmos performance: time to calculate cache identifier cosmos_cache__verdanta_stores__dbt_stores for current version: 0.1188632470000357","logger":"cosmos.cache","filename":"cache.py","lineno":401}
{"timestamp":"2026-09-06T10:36:57.800479Z","level":"info","event":"Total nodes: 0","logger":"cosmos.dbt.graph","filename":"graph.py","lineno":799}
{"timestamp":"2026-09-06T10:36:57.800687Z","level":"info","event":"Total filtered nodes: 0","logger":"cosmos.dbt.graph","filename":"graph.py","lineno":800}
{"timestamp":"2026-09-06T10:36:57.800787Z","level":"info","event":"Cosmos performance (verdanta_stores__dbt_stores) - [4daed8617553|484]: It took 6.88s to parse the dbt project for DAG using LoadMode.DBT_LS","logger":"cosmos.converter","filename":"converter.py","lineno":371}
{"timestamp":"2026-09-06T10:36:57.802693Z","level":"info","event":"Cosmos performance (verdanta_stores__dbt_stores) - [4daed8617553|484]: It took 0.00186s to build the Airflow DAG.","logger":"cosmos.converter","filename":"converter.py","lineno":423}
{"timestamp":"2026-09-06T10:36:57.802792Z","level":"info","event":"::endgroup::Cosmos DAG parsing logs","logger":"cosmos.converter","filename":"converter.py","lineno":430}
{"timestamp":"2026-09-06T10:36:57.803451Z","level":"warning","event":"Using Variable.get from `airflow.models` is deprecated.Please use `get` on Variable from sdk(`airflow.sdk.Variable`) instead","category":"UserWarning","filename":"/home/airflow/.local/lib/python3.13/site-packages/airflow/models/variable.py","lineno":158,"logger":"py.warnings"}
{"timestamp":"2026-09-06T10:36:57.803543Z","level":"warning","event":"Valid config keys have changed in V2:\n* 'allow_population_by_field_name' has been renamed to 'validate_by_name'","category":"UserWarning","filename":"/home/airflow/.local/lib/python3.13/site-packages/pydantic/_internal/_config.py","lineno":383,"logger":"py.warnings"}
{"timestamp":"2026-09-06T10:36:57.803605Z","level":"warning","event":"Using Variable.set from `airflow.models` is deprecated.Please use `set` on Variable from sdk(`airflow.sdk.Variable`) instead","category":"UserWarning","filename":"/home/airflow/.local/lib/python3.13/site-packages/airflow/models/variable.py","lineno":218,"logger":"py.warnings"}
{"timestamp":"2026-09-06T10:37:27.928670Z","level":"info","event":"Filling up the DagBag from /opt/airflow/dags/verdanta_stores.py","logger":"airflow.dag_processing.dagbag.BundleDagBag","filename":"dagbag.py","lineno":469}
{"timestamp":"2026-09-06T10:37:27.990789Z","level":"info","event":"::group::Cosmos DAG parsing logs","logger":"cosmos.converter","filename":"converter.py","lineno":321}
{"timestamp":"2026-09-06T10:37:27.993894Z","level":"info","event":"Cosmos cache dir resolved to /tmp/cosmos/verdanta_stores__dbt_stores","logger":"cosmos.converter","filename":"converter.py","lineno":346}
{"timestamp":"2026-09-06T10:37:27.994126Z","level":"info","event":"Trying to parse the dbt project using dbt ls cache cosmos_cache__verdanta_stores__dbt_stores...","logger":"cosmos.dbt.graph","filename":"graph.py","lineno":869}
{"timestamp":"2026-09-06T10:37:28.128431Z","level":"info","event":"Cosmos performance: time to calculate cache identifier cosmos_cache__verdanta_stores__dbt_stores for current version: 0.12022236400002839","logger":"cosmos.cache","filename":"cache.py","lineno":401}
{"timestamp":"2026-09-06T10:37:28.128613Z","level":"info","event":"Cosmos performance: Cache miss for cosmos_cache__verdanta_stores__dbt_stores - skipped","logger":"cosmos.dbt.graph","filename":"graph.py","lineno":900}
{"timestamp":"2026-09-06T10:37:28.128755Z","level":"info","event":"Trying to parse the dbt project in `/opt/airflow/dbt/verdanta_project` using dbt ls...","logger":"cosmos.dbt.graph","filename":"graph.py","lineno":983}
{"timestamp":"2026-09-06T10:37:28.141453Z","level":"info","event":"Partial parse is enabled and the latest partial parse file is /tmp/cosmos/verdanta_stores__dbt_stores/target/partial_parse.msgpack","logger":"cosmos.dbt.graph","filename":"graph.py","lineno":1002}
{"timestamp":"2026-09-06T10:37:28.166779Z","level":"info","event":"Profile caching is enable.","logger":"cosmos.config","filename":"config.py","lineno":399}
{"timestamp":"2026-09-06T10:37:28.167162Z","level":"info","event":"Profile found in cache using profile: /tmp/cosmos/profile/88b0aa12559803c5b3e8b5b0cefa363d35d21cc93574699baf5727c52eda1f13/profiles.yml.","logger":"cosmos.config","filename":"config.py","lineno":379}
{"timestamp":"2026-09-06T10:37:29.799794Z","level":"info","event":"Running command with dbt Runner: `/home/airflow/.local/bin/dbt deps --project-dir /tmp/tmpat75d40o --profiles-dir /tmp/cosmos/profile/88b0aa12559803c5b3e8b5b0cefa363d35d21cc93574699baf5727c52eda1f13 --profile verdanta_project --target dev`","logger":"cosmos.dbt.graph","filename":"graph.py","lineno":361}
{"timestamp":"2026-09-06T10:37:29.800258Z","level":"info","event":"Trying to run dbtRunner with:\n ['deps', '--project-dir', '/tmp/tmpat75d40o', '--profiles-dir', '/tmp/cosmos/profile/88b0aa12559803c5b3e8b5b0cefa363d35d21cc93574699baf5727c52eda1f13', '--profile', 'verdanta_project', '--target', 'dev']\n in /tmp/tmpat75d40o","logger":"cosmos.dbt.runner","filename":"runner.py","lineno":95}
{"timestamp":"2026-09-06T10:37:29.893166Z","level":"info","event":"\u001b[0m10:37:29  Running with dbt=1.12.0","logger":"task.stdout"}
{"timestamp":"2026-09-06T10:37:30.258591Z","level":"info","event":"\u001b[0m10:37:30  Installing dbt-labs/dbt_utils","logger":"task.stdout"}
{"timestamp":"2026-09-06T10:37:30.726410Z","level":"info","event":"\u001b[0m10:37:30  Installed from version 1.4.1","logger":"task.stdout"}
{"timestamp":"2026-09-06T10:37:30.733391Z","level":"info","event":"\u001b[0m10:37:30  Up to date!","logger":"task.stdout"}
{"timestamp":"2026-09-06T10:37:31.405094Z","level":"info","event":"Running command with dbt Runner: `/home/airflow/.local/bin/dbt ls --output json --output-keys name unique_id resource_type depends_on original_file_path tags config freshness fqn --project-dir /tmp/tmpat75d40o --profiles-dir /tmp/cosmos/profile/88b0aa12559803c5b3e8b5b0cefa363d35d21cc93574699baf5727c52eda1f13 --profile verdanta_project --target dev --select stg_reference_stores+`","logger":"cosmos.dbt.graph","filename":"graph.py","lineno":361}
{"timestamp":"2026-09-06T10:37:31.405393Z","level":"info","event":"Trying to run dbtRunner with:\n ['ls', '--output', 'json', '--output-keys', 'name', 'unique_id', 'resource_type', 'depends_on', 'original_file_path', 'tags', 'config', 'freshness', 'fqn', '--project-dir', '/tmp/tmpat75d40o', '--profiles-dir', '/tmp/cosmos/profile/88b0aa12559803c5b3e8b5b0cefa363d35d21cc93574699baf5727c52eda1f13', '--profile', 'verdanta_project', '--target', 'dev', '--select', 'stg_reference_stores+']\n in /tmp/tmpat75d40o","logger":"cosmos.dbt.runner","filename":"runner.py","lineno":95}
{"timestamp":"2026-09-06T10:37:31.417650Z","level":"info","event":"\u001b[0m10:37:31  Running with dbt=1.12.0","logger":"task.stdout"}
{"timestamp":"2026-09-06T10:37:33.002005Z","level":"info","event":"\u001b[0m10:37:33  Registered adapter: databricks=1.10.9","logger":"task.stdout"}
{"timestamp":"2026-09-06T10:37:34.030815Z","level":"info","event":"\u001b[0m10:37:34  Found 22 models, 96 data tests, 3 seeds, 2 snapshots, 8 sources, 844 macros","logger":"task.stdout"}
{"timestamp":"2026-09-06T10:37:34.037863Z","level":"info","event":"\u001b[0m10:37:34  [\u001b[33mWARNING\u001b[0m]: The selection criterion 'stg_reference_stores+' does not match any enabled nodes","logger":"task.stdout"}
{"timestamp":"2026-09-06T10:37:34.038141Z","level":"info","event":"\u001b[0m10:37:34  [\u001b[33mWARNING\u001b[0m]: No nodes selected!","logger":"task.stdout"}
{"timestamp":"2026-09-06T10:37:34.882374Z","level":"info","event":"Cosmos performance: time to calculate cache identifier cosmos_cache__verdanta_stores__dbt_stores for current version: 0.11971483900003932","logger":"cosmos.cache","filename":"cache.py","lineno":401}
{"timestamp":"2026-09-06T10:37:34.927841Z","level":"info","event":"Total nodes: 0","logger":"cosmos.dbt.graph","filename":"graph.py","lineno":799}
{"timestamp":"2026-09-06T10:37:34.928009Z","level":"info","event":"Total filtered nodes: 0","logger":"cosmos.dbt.graph","filename":"graph.py","lineno":800}
{"timestamp":"2026-09-06T10:37:34.928107Z","level":"info","event":"Cosmos performance (verdanta_stores__dbt_stores) - [4daed8617553|520]: It took 6.93s to parse the dbt project for DAG using LoadMode.DBT_LS","logger":"cosmos.converter","filename":"converter.py","lineno":371}
{"timestamp":"2026-09-06T10:37:34.929955Z","level":"info","event":"Cosmos performance (verdanta_stores__dbt_stores) - [4daed8617553|520]: It took 0.00184s to build the Airflow DAG.","logger":"cosmos.converter","filename":"converter.py","lineno":423}
{"timestamp":"2026-09-06T10:37:34.930090Z","level":"info","event":"::endgroup::Cosmos DAG parsing logs","logger":"cosmos.converter","filename":"converter.py","lineno":430}
{"timestamp":"2026-09-06T10:37:34.930775Z","level":"warning","event":"Using Variable.get from `airflow.models` is deprecated.Please use `get` on Variable from sdk(`airflow.sdk.Variable`) instead","category":"UserWarning","filename":"/home/airflow/.local/lib/python3.13/site-packages/airflow/models/variable.py","lineno":158,"logger":"py.warnings"}
{"timestamp":"2026-09-06T10:37:34.930861Z","level":"warning","event":"Valid config keys have changed in V2:\n* 'allow_population_by_field_name' has been renamed to 'validate_by_name'","category":"UserWarning","filename":"/home/airflow/.local/lib/python3.13/site-packages/pydantic/_internal/_config.py","lineno":383,"logger":"py.warnings"}
{"timestamp":"2026-09-06T10:37:34.930923Z","level":"warning","event":"Using Variable.set from `airflow.models` is deprecated.Please use `set` on Variable from sdk(`airflow.sdk.Variable`) instead","category":"UserWarning","filename":"/home/airflow/.local/lib/python3.13/site-packages/airflow/models/variable.py","lineno":218,"logger":"py.warnings"}
{"timestamp":"2026-09-06T10:38:05.961362Z","level":"info","event":"Filling up the DagBag from /opt/airflow/dags/verdanta_stores.py","logger":"airflow.dag_processing.dagbag.BundleDagBag","filename":"dagbag.py","lineno":469}
{"timestamp":"2026-09-06T10:38:06.026917Z","level":"info","event":"::group::Cosmos DAG parsing logs","logger":"cosmos.converter","filename":"converter.py","lineno":321}
{"timestamp":"2026-09-06T10:38:06.030103Z","level":"info","event":"Cosmos cache dir resolved to /tmp/cosmos/verdanta_stores__dbt_stores","logger":"cosmos.converter","filename":"converter.py","lineno":346}
{"timestamp":"2026-09-06T10:38:06.030297Z","level":"info","event":"Trying to parse the dbt project using dbt ls cache cosmos_cache__verdanta_stores__dbt_stores...","logger":"cosmos.dbt.graph","filename":"graph.py","lineno":869}
{"timestamp":"2026-09-06T10:38:06.163496Z","level":"info","event":"Cosmos performance: time to calculate cache identifier cosmos_cache__verdanta_stores__dbt_stores for current version: 0.11896805599997151","logger":"cosmos.cache","filename":"cache.py","lineno":401}
{"timestamp":"2026-09-06T10:38:06.163674Z","level":"info","event":"Cosmos performance: Cache miss for cosmos_cache__verdanta_stores__dbt_stores - skipped","logger":"cosmos.dbt.graph","filename":"graph.py","lineno":900}
{"timestamp":"2026-09-06T10:38:06.163812Z","level":"info","event":"Trying to parse the dbt project in `/opt/airflow/dbt/verdanta_project` using dbt ls...","logger":"cosmos.dbt.graph","filename":"graph.py","lineno":983}
{"timestamp":"2026-09-06T10:38:06.176532Z","level":"info","event":"Partial parse is enabled and the latest partial parse file is /tmp/cosmos/verdanta_stores__dbt_stores/target/partial_parse.msgpack","logger":"cosmos.dbt.graph","filename":"graph.py","lineno":1002}
{"timestamp":"2026-09-06T10:38:06.200954Z","level":"info","event":"Profile caching is enable.","logger":"cosmos.config","filename":"config.py","lineno":399}
{"timestamp":"2026-09-06T10:38:06.201349Z","level":"info","event":"Profile found in cache using profile: /tmp/cosmos/profile/88b0aa12559803c5b3e8b5b0cefa363d35d21cc93574699baf5727c52eda1f13/profiles.yml.","logger":"cosmos.config","filename":"config.py","lineno":379}
{"timestamp":"2026-09-06T10:38:07.793988Z","level":"info","event":"Running command with dbt Runner: `/home/airflow/.local/bin/dbt deps --project-dir /tmp/tmp266_t716 --profiles-dir /tmp/cosmos/profile/88b0aa12559803c5b3e8b5b0cefa363d35d21cc93574699baf5727c52eda1f13 --profile verdanta_project --target dev`","logger":"cosmos.dbt.graph","filename":"graph.py","lineno":361}
{"timestamp":"2026-09-06T10:38:07.794329Z","level":"info","event":"Trying to run dbtRunner with:\n ['deps', '--project-dir', '/tmp/tmp266_t716', '--profiles-dir', '/tmp/cosmos/profile/88b0aa12559803c5b3e8b5b0cefa363d35d21cc93574699baf5727c52eda1f13', '--profile', 'verdanta_project', '--target', 'dev']\n in /tmp/tmp266_t716","logger":"cosmos.dbt.runner","filename":"runner.py","lineno":95}
{"timestamp":"2026-09-06T10:38:07.884463Z","level":"info","event":"\u001b[0m10:38:07  Running with dbt=1.12.0","logger":"task.stdout"}
{"timestamp":"2026-09-06T10:38:08.211730Z","level":"info","event":"\u001b[0m10:38:08  Installing dbt-labs/dbt_utils","logger":"task.stdout"}
{"timestamp":"2026-09-06T10:38:08.671220Z","level":"info","event":"\u001b[0m10:38:08  Installed from version 1.4.1","logger":"task.stdout"}
{"timestamp":"2026-09-06T10:38:08.678113Z","level":"info","event":"\u001b[0m10:38:08  Up to date!","logger":"task.stdout"}
{"timestamp":"2026-09-06T10:38:09.360440Z","level":"info","event":"Running command with dbt Runner: `/home/airflow/.local/bin/dbt ls --output json --output-keys name unique_id resource_type depends_on original_file_path tags config freshness fqn --project-dir /tmp/tmp266_t716 --profiles-dir /tmp/cosmos/profile/88b0aa12559803c5b3e8b5b0cefa363d35d21cc93574699baf5727c52eda1f13 --profile verdanta_project --target dev --select stg_reference_stores+`","logger":"cosmos.dbt.graph","filename":"graph.py","lineno":361}
{"timestamp":"2026-09-06T10:38:09.360833Z","level":"info","event":"Trying to run dbtRunner with:\n ['ls', '--output', 'json', '--output-keys', 'name', 'unique_id', 'resource_type', 'depends_on', 'original_file_path', 'tags', 'config', 'freshness', 'fqn', '--project-dir', '/tmp/tmp266_t716', '--profiles-dir', '/tmp/cosmos/profile/88b0aa12559803c5b3e8b5b0cefa363d35d21cc93574699baf5727c52eda1f13', '--profile', 'verdanta_project', '--target', 'dev', '--select', 'stg_reference_stores+']\n in /tmp/tmp266_t716","logger":"cosmos.dbt.runner","filename":"runner.py","lineno":95}
{"timestamp":"2026-09-06T10:38:09.372865Z","level":"info","event":"\u001b[0m10:38:09  Running with dbt=1.12.0","logger":"task.stdout"}
{"timestamp":"2026-09-06T10:38:10.940941Z","level":"info","event":"\u001b[0m10:38:10  Registered adapter: databricks=1.10.9","logger":"task.stdout"}
{"timestamp":"2026-09-06T10:38:12.008895Z","level":"info","event":"\u001b[0m10:38:12  Found 22 models, 96 data tests, 3 seeds, 2 snapshots, 8 sources, 844 macros","logger":"task.stdout"}
{"timestamp":"2026-09-06T10:38:12.016387Z","level":"info","event":"\u001b[0m10:38:12  [\u001b[33mWARNING\u001b[0m]: The selection criterion 'stg_reference_stores+' does not match any enabled nodes","logger":"task.stdout"}
{"timestamp":"2026-09-06T10:38:12.016704Z","level":"info","event":"\u001b[0m10:38:12  [\u001b[33mWARNING\u001b[0m]: No nodes selected!","logger":"task.stdout"}
{"timestamp":"2026-09-06T10:38:12.849387Z","level":"info","event":"Cosmos performance: time to calculate cache identifier cosmos_cache__verdanta_stores__dbt_stores for current version: 0.11933678499997313","logger":"cosmos.cache","filename":"cache.py","lineno":401}
{"timestamp":"2026-09-06T10:38:12.885222Z","level":"info","event":"Total nodes: 0","logger":"cosmos.dbt.graph","filename":"graph.py","lineno":799}
{"timestamp":"2026-09-06T10:38:12.885391Z","level":"info","event":"Total filtered nodes: 0","logger":"cosmos.dbt.graph","filename":"graph.py","lineno":800}
{"timestamp":"2026-09-06T10:38:12.885491Z","level":"info","event":"Cosmos performance (verdanta_stores__dbt_stores) - [4daed8617553|556]: It took 6.86s to parse the dbt project for DAG using LoadMode.DBT_LS","logger":"cosmos.converter","filename":"converter.py","lineno":371}
{"timestamp":"2026-09-06T10:38:12.887423Z","level":"info","event":"Cosmos performance (verdanta_stores__dbt_stores) - [4daed8617553|556]: It took 0.00192s to build the Airflow DAG.","logger":"cosmos.converter","filename":"converter.py","lineno":423}
{"timestamp":"2026-09-06T10:38:12.887513Z","level":"info","event":"::endgroup::Cosmos DAG parsing logs","logger":"cosmos.converter","filename":"converter.py","lineno":430}
{"timestamp":"2026-09-06T10:38:12.888112Z","level":"warning","event":"Using Variable.get from `airflow.models` is deprecated.Please use `get` on Variable from sdk(`airflow.sdk.Variable`) instead","category":"UserWarning","filename":"/home/airflow/.local/lib/python3.13/site-packages/airflow/models/variable.py","lineno":158,"logger":"py.warnings"}
{"timestamp":"2026-09-06T10:38:12.888197Z","level":"warning","event":"Valid config keys have changed in V2:\n* 'allow_population_by_field_name' has been renamed to 'validate_by_name'","category":"UserWarning","filename":"/home/airflow/.local/lib/python3.13/site-packages/pydantic/_internal/_config.py","lineno":383,"logger":"py.warnings"}
{"timestamp":"2026-09-06T10:38:12.888259Z","level":"warning","event":"Using Variable.set from `airflow.models` is deprecated.Please use `set` on Variable from sdk(`airflow.sdk.Variable`) instead","category":"UserWarning","filename":"/home/airflow/.local/lib/python3.13/site-packages/airflow/models/variable.py","lineno":218,"logger":"py.warnings"}
{"timestamp":"2026-09-06T10:38:43.929726Z","level":"info","event":"Filling up the DagBag from /opt/airflow/dags/verdanta_stores.py","logger":"airflow.dag_processing.dagbag.BundleDagBag","filename":"dagbag.py","lineno":469}
{"timestamp":"2026-09-06T10:38:43.995566Z","level":"info","event":"::group::Cosmos DAG parsing logs","logger":"cosmos.converter","filename":"converter.py","lineno":321}
{"timestamp":"2026-09-06T10:38:43.998863Z","level":"info","event":"Cosmos cache dir resolved to /tmp/cosmos/verdanta_stores__dbt_stores","logger":"cosmos.converter","filename":"converter.py","lineno":346}
{"timestamp":"2026-09-06T10:38:43.999161Z","level":"info","event":"Trying to parse the dbt project using dbt ls cache cosmos_cache__verdanta_stores__dbt_stores...","logger":"cosmos.dbt.graph","filename":"graph.py","lineno":869}
{"timestamp":"2026-09-06T10:38:44.143934Z","level":"info","event":"Cosmos performance: time to calculate cache identifier cosmos_cache__verdanta_stores__dbt_stores for current version: 0.12895197600005304","logger":"cosmos.cache","filename":"cache.py","lineno":401}
{"timestamp":"2026-09-06T10:38:44.144138Z","level":"info","event":"Cosmos performance: Cache miss for cosmos_cache__verdanta_stores__dbt_stores - skipped","logger":"cosmos.dbt.graph","filename":"graph.py","lineno":900}
{"timestamp":"2026-09-06T10:38:44.144315Z","level":"info","event":"Trying to parse the dbt project in `/opt/airflow/dbt/verdanta_project` using dbt ls...","logger":"cosmos.dbt.graph","filename":"graph.py","lineno":983}
{"timestamp":"2026-09-06T10:38:44.158341Z","level":"info","event":"Partial parse is enabled and the latest partial parse file is /tmp/cosmos/verdanta_stores__dbt_stores/target/partial_parse.msgpack","logger":"cosmos.dbt.graph","filename":"graph.py","lineno":1002}
{"timestamp":"2026-09-06T10:38:44.187503Z","level":"info","event":"Profile caching is enable.","logger":"cosmos.config","filename":"config.py","lineno":399}
{"timestamp":"2026-09-06T10:38:44.187907Z","level":"info","event":"Profile found in cache using profile: /tmp/cosmos/profile/88b0aa12559803c5b3e8b5b0cefa363d35d21cc93574699baf5727c52eda1f13/profiles.yml.","logger":"cosmos.config","filename":"config.py","lineno":379}
{"timestamp":"2026-09-06T10:38:45.955062Z","level":"info","event":"Running command with dbt Runner: `/home/airflow/.local/bin/dbt deps --project-dir /tmp/tmpe67dfj55 --profiles-dir /tmp/cosmos/profile/88b0aa12559803c5b3e8b5b0cefa363d35d21cc93574699baf5727c52eda1f13 --profile verdanta_project --target dev`","logger":"cosmos.dbt.graph","filename":"graph.py","lineno":361}
{"timestamp":"2026-09-06T10:38:45.955472Z","level":"info","event":"Trying to run dbtRunner with:\n ['deps', '--project-dir', '/tmp/tmpe67dfj55', '--profiles-dir', '/tmp/cosmos/profile/88b0aa12559803c5b3e8b5b0cefa363d35d21cc93574699baf5727c52eda1f13', '--profile', 'verdanta_project', '--target', 'dev']\n in /tmp/tmpe67dfj55","logger":"cosmos.dbt.runner","filename":"runner.py","lineno":95}
{"timestamp":"2026-09-06T10:38:46.050504Z","level":"info","event":"\u001b[0m10:38:46  Running with dbt=1.12.0","logger":"task.stdout"}
{"timestamp":"2026-09-06T10:38:46.456226Z","level":"info","event":"\u001b[0m10:38:46  Installing dbt-labs/dbt_utils","logger":"task.stdout"}
{"timestamp":"2026-09-06T10:38:46.921640Z","level":"info","event":"\u001b[0m10:38:46  Installed from version 1.4.1","logger":"task.stdout"}
{"timestamp":"2026-09-06T10:38:46.940320Z","level":"info","event":"\u001b[0m10:38:46  Up to date!","logger":"task.stdout"}
{"timestamp":"2026-09-06T10:38:47.637370Z","level":"info","event":"Running command with dbt Runner: `/home/airflow/.local/bin/dbt ls --output json --output-keys name unique_id resource_type depends_on original_file_path tags config freshness fqn --project-dir /tmp/tmpe67dfj55 --profiles-dir /tmp/cosmos/profile/88b0aa12559803c5b3e8b5b0cefa363d35d21cc93574699baf5727c52eda1f13 --profile verdanta_project --target dev --select stg_reference_stores+`","logger":"cosmos.dbt.graph","filename":"graph.py","lineno":361}
{"timestamp":"2026-09-06T10:38:47.637668Z","level":"info","event":"Trying to run dbtRunner with:\n ['ls', '--output', 'json', '--output-keys', 'name', 'unique_id', 'resource_type', 'depends_on', 'original_file_path', 'tags', 'config', 'freshness', 'fqn', '--project-dir', '/tmp/tmpe67dfj55', '--profiles-dir', '/tmp/cosmos/profile/88b0aa12559803c5b3e8b5b0cefa363d35d21cc93574699baf5727c52eda1f13', '--profile', 'verdanta_project', '--target', 'dev', '--select', 'stg_reference_stores+']\n in /tmp/tmpe67dfj55","logger":"cosmos.dbt.runner","filename":"runner.py","lineno":95}
{"timestamp":"2026-09-06T10:38:47.651824Z","level":"info","event":"\u001b[0m10:38:47  Running with dbt=1.12.0","logger":"task.stdout"}
{"timestamp":"2026-09-06T10:38:49.404069Z","level":"info","event":"\u001b[0m10:38:49  Registered adapter: databricks=1.10.9","logger":"task.stdout"}
{"timestamp":"2026-09-06T10:38:50.689090Z","level":"info","event":"\u001b[0m10:38:50  Found 22 models, 96 data tests, 3 seeds, 2 snapshots, 8 sources, 844 macros","logger":"task.stdout"}
{"timestamp":"2026-09-06T10:38:50.696430Z","level":"info","event":"\u001b[0m10:38:50  [\u001b[33mWARNING\u001b[0m]: The selection criterion 'stg_reference_stores+' does not match any enabled nodes","logger":"task.stdout"}
{"timestamp":"2026-09-06T10:38:50.696774Z","level":"info","event":"\u001b[0m10:38:50  [\u001b[33mWARNING\u001b[0m]: No nodes selected!","logger":"task.stdout"}
{"timestamp":"2026-09-06T10:38:51.589381Z","level":"info","event":"Cosmos performance: time to calculate cache identifier cosmos_cache__verdanta_stores__dbt_stores for current version: 0.1298870220000481","logger":"cosmos.cache","filename":"cache.py","lineno":401}
{"timestamp":"2026-09-06T10:38:51.627645Z","level":"info","event":"Total nodes: 0","logger":"cosmos.dbt.graph","filename":"graph.py","lineno":799}
{"timestamp":"2026-09-06T10:38:51.627821Z","level":"info","event":"Total filtered nodes: 0","logger":"cosmos.dbt.graph","filename":"graph.py","lineno":800}
{"timestamp":"2026-09-06T10:38:51.627922Z","level":"info","event":"Cosmos performance (verdanta_stores__dbt_stores) - [4daed8617553|592]: It took 7.63s to parse the dbt project for DAG using LoadMode.DBT_LS","logger":"cosmos.converter","filename":"converter.py","lineno":371}
{"timestamp":"2026-09-06T10:38:51.629814Z","level":"info","event":"Cosmos performance (verdanta_stores__dbt_stores) - [4daed8617553|592]: It took 0.00188s to build the Airflow DAG.","logger":"cosmos.converter","filename":"converter.py","lineno":423}
{"timestamp":"2026-09-06T10:38:51.629913Z","level":"info","event":"::endgroup::Cosmos DAG parsing logs","logger":"cosmos.converter","filename":"converter.py","lineno":430}
{"timestamp":"2026-09-06T10:38:51.630812Z","level":"warning","event":"Using Variable.get from `airflow.models` is deprecated.Please use `get` on Variable from sdk(`airflow.sdk.Variable`) instead","category":"UserWarning","filename":"/home/airflow/.local/lib/python3.13/site-packages/airflow/models/variable.py","lineno":158,"logger":"py.warnings"}
{"timestamp":"2026-09-06T10:38:51.630926Z","level":"warning","event":"Valid config keys have changed in V2:\n* 'allow_population_by_field_name' has been renamed to 'validate_by_name'","category":"UserWarning","filename":"/home/airflow/.local/lib/python3.13/site-packages/pydantic/_internal/_config.py","lineno":383,"logger":"py.warnings"}
{"timestamp":"2026-09-06T10:38:51.631113Z","level":"warning","event":"Using Variable.set from `airflow.models` is deprecated.Please use `set` on Variable from sdk(`airflow.sdk.Variable`) instead","category":"UserWarning","filename":"/home/airflow/.local/lib/python3.13/site-packages/airflow/models/variable.py","lineno":218,"logger":"py.warnings"}
{"timestamp":"2026-09-06T10:39:21.795009Z","level":"info","event":"Filling up the DagBag from /opt/airflow/dags/verdanta_stores.py","logger":"airflow.dag_processing.dagbag.BundleDagBag","filename":"dagbag.py","lineno":469}
{"timestamp":"2026-09-06T10:39:21.860417Z","level":"info","event":"::group::Cosmos DAG parsing logs","logger":"cosmos.converter","filename":"converter.py","lineno":321}
{"timestamp":"2026-09-06T10:39:21.864895Z","level":"info","event":"Cosmos cache dir resolved to /tmp/cosmos/verdanta_stores__dbt_stores","logger":"cosmos.converter","filename":"converter.py","lineno":346}
{"timestamp":"2026-09-06T10:39:21.865234Z","level":"info","event":"Trying to parse the dbt project using dbt ls cache cosmos_cache__verdanta_stores__dbt_stores...","logger":"cosmos.dbt.graph","filename":"graph.py","lineno":869}
{"timestamp":"2026-09-06T10:39:22.018783Z","level":"info","event":"Cosmos performance: time to calculate cache identifier cosmos_cache__verdanta_stores__dbt_stores for current version: 0.13160005899999305","logger":"cosmos.cache","filename":"cache.py","lineno":401}
{"timestamp":"2026-09-06T10:39:22.018979Z","level":"info","event":"Cosmos performance: Cache miss for cosmos_cache__verdanta_stores__dbt_stores - skipped","logger":"cosmos.dbt.graph","filename":"graph.py","lineno":900}
{"timestamp":"2026-09-06T10:39:22.019141Z","level":"info","event":"Trying to parse the dbt project in `/opt/airflow/dbt/verdanta_project` using dbt ls...","logger":"cosmos.dbt.graph","filename":"graph.py","lineno":983}
{"timestamp":"2026-09-06T10:39:22.033117Z","level":"info","event":"Partial parse is enabled and the latest partial parse file is /tmp/cosmos/verdanta_stores__dbt_stores/target/partial_parse.msgpack","logger":"cosmos.dbt.graph","filename":"graph.py","lineno":1002}
{"timestamp":"2026-09-06T10:39:22.062957Z","level":"info","event":"Profile caching is enable.","logger":"cosmos.config","filename":"config.py","lineno":399}
{"timestamp":"2026-09-06T10:39:22.063383Z","level":"info","event":"Profile found in cache using profile: /tmp/cosmos/profile/88b0aa12559803c5b3e8b5b0cefa363d35d21cc93574699baf5727c52eda1f13/profiles.yml.","logger":"cosmos.config","filename":"config.py","lineno":379}
{"timestamp":"2026-09-06T10:39:23.817965Z","level":"info","event":"Running command with dbt Runner: `/home/airflow/.local/bin/dbt deps --project-dir /tmp/tmpc732td2t --profiles-dir /tmp/cosmos/profile/88b0aa12559803c5b3e8b5b0cefa363d35d21cc93574699baf5727c52eda1f13 --profile verdanta_project --target dev`","logger":"cosmos.dbt.graph","filename":"graph.py","lineno":361}
{"timestamp":"2026-09-06T10:39:23.818383Z","level":"info","event":"Trying to run dbtRunner with:\n ['deps', '--project-dir', '/tmp/tmpc732td2t', '--profiles-dir', '/tmp/cosmos/profile/88b0aa12559803c5b3e8b5b0cefa363d35d21cc93574699baf5727c52eda1f13', '--profile', 'verdanta_project', '--target', 'dev']\n in /tmp/tmpc732td2t","logger":"cosmos.dbt.runner","filename":"runner.py","lineno":95}
{"timestamp":"2026-09-06T10:39:23.916224Z","level":"info","event":"\u001b[0m10:39:23  Running with dbt=1.12.0","logger":"task.stdout"}
{"timestamp":"2026-09-06T10:39:24.202542Z","level":"info","event":"\u001b[0m10:39:24  Installing dbt-labs/dbt_utils","logger":"task.stdout"}
{"timestamp":"2026-09-06T10:39:24.678790Z","level":"info","event":"\u001b[0m10:39:24  Installed from version 1.4.1","logger":"task.stdout"}
{"timestamp":"2026-09-06T10:39:24.686458Z","level":"info","event":"\u001b[0m10:39:24  Up to date!","logger":"task.stdout"}
{"timestamp":"2026-09-06T10:39:25.384921Z","level":"info","event":"Running command with dbt Runner: `/home/airflow/.local/bin/dbt ls --output json --output-keys name unique_id resource_type depends_on original_file_path tags config freshness fqn --project-dir /tmp/tmpc732td2t --profiles-dir /tmp/cosmos/profile/88b0aa12559803c5b3e8b5b0cefa363d35d21cc93574699baf5727c52eda1f13 --profile verdanta_project --target dev --select stg_reference_stores+`","logger":"cosmos.dbt.graph","filename":"graph.py","lineno":361}
{"timestamp":"2026-09-06T10:39:25.385278Z","level":"info","event":"Trying to run dbtRunner with:\n ['ls', '--output', 'json', '--output-keys', 'name', 'unique_id', 'resource_type', 'depends_on', 'original_file_path', 'tags', 'config', 'freshness', 'fqn', '--project-dir', '/tmp/tmpc732td2t', '--profiles-dir', '/tmp/cosmos/profile/88b0aa12559803c5b3e8b5b0cefa363d35d21cc93574699baf5727c52eda1f13', '--profile', 'verdanta_project', '--target', 'dev', '--select', 'stg_reference_stores+']\n in /tmp/tmpc732td2t","logger":"cosmos.dbt.runner","filename":"runner.py","lineno":95}
{"timestamp":"2026-09-06T10:39:25.398006Z","level":"info","event":"\u001b[0m10:39:25  Running with dbt=1.12.0","logger":"task.stdout"}
{"timestamp":"2026-09-06T10:39:27.291306Z","level":"info","event":"\u001b[0m10:39:27  Registered adapter: databricks=1.10.9","logger":"task.stdout"}
{"timestamp":"2026-09-06T10:39:28.593296Z","level":"info","event":"\u001b[0m10:39:28  Found 22 models, 96 data tests, 3 seeds, 2 snapshots, 8 sources, 844 macros","logger":"task.stdout"}
{"timestamp":"2026-09-06T10:39:28.601579Z","level":"info","event":"\u001b[0m10:39:28  [\u001b[33mWARNING\u001b[0m]: The selection criterion 'stg_reference_stores+' does not match any enabled nodes","logger":"task.stdout"}
{"timestamp":"2026-09-06T10:39:28.601915Z","level":"info","event":"\u001b[0m10:39:28  [\u001b[33mWARNING\u001b[0m]: No nodes selected!","logger":"task.stdout"}
{"timestamp":"2026-09-06T10:39:29.490364Z","level":"info","event":"Cosmos performance: time to calculate cache identifier cosmos_cache__verdanta_stores__dbt_stores for current version: 0.12691043099994204","logger":"cosmos.cache","filename":"cache.py","lineno":401}
{"timestamp":"2026-09-06T10:39:29.527306Z","level":"info","event":"Total nodes: 0","logger":"cosmos.dbt.graph","filename":"graph.py","lineno":799}
{"timestamp":"2026-09-06T10:39:29.527482Z","level":"info","event":"Total filtered nodes: 0","logger":"cosmos.dbt.graph","filename":"graph.py","lineno":800}
{"timestamp":"2026-09-06T10:39:29.527581Z","level":"info","event":"Cosmos performance (verdanta_stores__dbt_stores) - [4daed8617553|631]: It took 7.66s to parse the dbt project for DAG using LoadMode.DBT_LS","logger":"cosmos.converter","filename":"converter.py","lineno":371}
{"timestamp":"2026-09-06T10:39:29.529694Z","level":"info","event":"Cosmos performance (verdanta_stores__dbt_stores) - [4daed8617553|631]: It took 0.0021s to build the Airflow DAG.","logger":"cosmos.converter","filename":"converter.py","lineno":423}
{"timestamp":"2026-09-06T10:39:29.529787Z","level":"info","event":"::endgroup::Cosmos DAG parsing logs","logger":"cosmos.converter","filename":"converter.py","lineno":430}
{"timestamp":"2026-09-06T10:39:29.530422Z","level":"warning","event":"Using Variable.get from `airflow.models` is deprecated.Please use `get` on Variable from sdk(`airflow.sdk.Variable`) instead","category":"UserWarning","filename":"/home/airflow/.local/lib/python3.13/site-packages/airflow/models/variable.py","lineno":158,"logger":"py.warnings"}
{"timestamp":"2026-09-06T10:39:29.530513Z","level":"warning","event":"Valid config keys have changed in V2:\n* 'allow_population_by_field_name' has been renamed to 'validate_by_name'","category":"UserWarning","filename":"/home/airflow/.local/lib/python3.13/site-packages/pydantic/_internal/_config.py","lineno":383,"logger":"py.warnings"}
{"timestamp":"2026-09-06T10:39:29.530592Z","level":"warning","event":"Using Variable.set from `airflow.models` is deprecated.Please use `set` on Variable from sdk(`airflow.sdk.Variable`) instead","category":"UserWarning","filename":"/home/airflow/.local/lib/python3.13/site-packages/airflow/models/variable.py","lineno":218,"logger":"py.warnings"}
{"timestamp":"2026-09-06T10:39:59.698188Z","level":"info","event":"Filling up the DagBag from /opt/airflow/dags/verdanta_stores.py","logger":"airflow.dag_processing.dagbag.BundleDagBag","filename":"dagbag.py","lineno":469}
{"timestamp":"2026-09-06T10:39:59.781295Z","level":"info","event":"::group::Cosmos DAG parsing logs","logger":"cosmos.converter","filename":"converter.py","lineno":321}
{"timestamp":"2026-09-06T10:39:59.787324Z","level":"info","event":"Cosmos cache dir resolved to /tmp/cosmos/verdanta_stores__dbt_stores","logger":"cosmos.converter","filename":"converter.py","lineno":346}
{"timestamp":"2026-09-06T10:39:59.787697Z","level":"info","event":"Trying to parse the dbt project using dbt ls cache cosmos_cache__verdanta_stores__dbt_stores...","logger":"cosmos.dbt.graph","filename":"graph.py","lineno":869}
{"timestamp":"2026-09-06T10:40:00.004335Z","level":"info","event":"Cosmos performance: time to calculate cache identifier cosmos_cache__verdanta_stores__dbt_stores for current version: 0.19536666299995886","logger":"cosmos.cache","filename":"cache.py","lineno":401}
{"timestamp":"2026-09-06T10:40:00.004602Z","level":"info","event":"Cosmos performance: Cache miss for cosmos_cache__verdanta_stores__dbt_stores - skipped","logger":"cosmos.dbt.graph","filename":"graph.py","lineno":900}
{"timestamp":"2026-09-06T10:40:00.004823Z","level":"info","event":"Trying to parse the dbt project in `/opt/airflow/dbt/verdanta_project` using dbt ls...","logger":"cosmos.dbt.graph","filename":"graph.py","lineno":983}
{"timestamp":"2026-09-06T10:40:00.022343Z","level":"info","event":"Partial parse is enabled and the latest partial parse file is /tmp/cosmos/verdanta_stores__dbt_stores/target/partial_parse.msgpack","logger":"cosmos.dbt.graph","filename":"graph.py","lineno":1002}
{"timestamp":"2026-09-06T10:40:00.066085Z","level":"info","event":"Profile caching is enable.","logger":"cosmos.config","filename":"config.py","lineno":399}
{"timestamp":"2026-09-06T10:40:00.066622Z","level":"info","event":"Profile found in cache using profile: /tmp/cosmos/profile/88b0aa12559803c5b3e8b5b0cefa363d35d21cc93574699baf5727c52eda1f13/profiles.yml.","logger":"cosmos.config","filename":"config.py","lineno":379}
{"timestamp":"2026-09-06T10:40:02.007838Z","level":"info","event":"Running command with dbt Runner: `/home/airflow/.local/bin/dbt deps --project-dir /tmp/tmpxwaauyzq --profiles-dir /tmp/cosmos/profile/88b0aa12559803c5b3e8b5b0cefa363d35d21cc93574699baf5727c52eda1f13 --profile verdanta_project --target dev`","logger":"cosmos.dbt.graph","filename":"graph.py","lineno":361}
{"timestamp":"2026-09-06T10:40:02.008287Z","level":"info","event":"Trying to run dbtRunner with:\n ['deps', '--project-dir', '/tmp/tmpxwaauyzq', '--profiles-dir', '/tmp/cosmos/profile/88b0aa12559803c5b3e8b5b0cefa363d35d21cc93574699baf5727c52eda1f13', '--profile', 'verdanta_project', '--target', 'dev']\n in /tmp/tmpxwaauyzq","logger":"cosmos.dbt.runner","filename":"runner.py","lineno":95}
{"timestamp":"2026-09-06T10:40:02.100861Z","level":"info","event":"\u001b[0m10:40:02  Running with dbt=1.12.0","logger":"task.stdout"}
{"timestamp":"2026-09-06T10:40:02.528537Z","level":"info","event":"\u001b[0m10:40:02  Installing dbt-labs/dbt_utils","logger":"task.stdout"}
{"timestamp":"2026-09-06T10:40:02.953010Z","level":"info","event":"\u001b[0m10:40:02  Installed from version 1.4.1","logger":"task.stdout"}
{"timestamp":"2026-09-06T10:40:02.960495Z","level":"info","event":"\u001b[0m10:40:02  Up to date!","logger":"task.stdout"}
{"timestamp":"2026-09-06T10:40:03.604030Z","level":"info","event":"Running command with dbt Runner: `/home/airflow/.local/bin/dbt ls --output json --output-keys name unique_id resource_type depends_on original_file_path tags config freshness fqn --project-dir /tmp/tmpxwaauyzq --profiles-dir /tmp/cosmos/profile/88b0aa12559803c5b3e8b5b0cefa363d35d21cc93574699baf5727c52eda1f13 --profile verdanta_project --target dev --select stg_reference_stores+`","logger":"cosmos.dbt.graph","filename":"graph.py","lineno":361}
{"timestamp":"2026-09-06T10:40:03.604341Z","level":"info","event":"Trying to run dbtRunner with:\n ['ls', '--output', 'json', '--output-keys', 'name', 'unique_id', 'resource_type', 'depends_on', 'original_file_path', 'tags', 'config', 'freshness', 'fqn', '--project-dir', '/tmp/tmpxwaauyzq', '--profiles-dir', '/tmp/cosmos/profile/88b0aa12559803c5b3e8b5b0cefa363d35d21cc93574699baf5727c52eda1f13', '--profile', 'verdanta_project', '--target', 'dev', '--select', 'stg_reference_stores+']\n in /tmp/tmpxwaauyzq","logger":"cosmos.dbt.runner","filename":"runner.py","lineno":95}
{"timestamp":"2026-09-06T10:40:03.617694Z","level":"info","event":"\u001b[0m10:40:03  Running with dbt=1.12.0","logger":"task.stdout"}
{"timestamp":"2026-09-06T10:40:05.237801Z","level":"info","event":"\u001b[0m10:40:05  Registered adapter: databricks=1.10.9","logger":"task.stdout"}
{"timestamp":"2026-09-06T10:40:06.320580Z","level":"info","event":"\u001b[0m10:40:06  Found 22 models, 96 data tests, 3 seeds, 2 snapshots, 8 sources, 844 macros","logger":"task.stdout"}
{"timestamp":"2026-09-06T10:40:06.327503Z","level":"info","event":"\u001b[0m10:40:06  [\u001b[33mWARNING\u001b[0m]: The selection criterion 'stg_reference_stores+' does not match any enabled nodes","logger":"task.stdout"}
{"timestamp":"2026-09-06T10:40:06.327809Z","level":"info","event":"\u001b[0m10:40:06  [\u001b[33mWARNING\u001b[0m]: No nodes selected!","logger":"task.stdout"}
{"timestamp":"2026-09-06T10:40:07.164736Z","level":"info","event":"Cosmos performance: time to calculate cache identifier cosmos_cache__verdanta_stores__dbt_stores for current version: 0.12106571499998608","logger":"cosmos.cache","filename":"cache.py","lineno":401}
{"timestamp":"2026-09-06T10:40:07.203685Z","level":"info","event":"Total nodes: 0","logger":"cosmos.dbt.graph","filename":"graph.py","lineno":799}
{"timestamp":"2026-09-06T10:40:07.203854Z","level":"info","event":"Total filtered nodes: 0","logger":"cosmos.dbt.graph","filename":"graph.py","lineno":800}
{"timestamp":"2026-09-06T10:40:07.203952Z","level":"info","event":"Cosmos performance (verdanta_stores__dbt_stores) - [4daed8617553|677]: It took 7.42s to parse the dbt project for DAG using LoadMode.DBT_LS","logger":"cosmos.converter","filename":"converter.py","lineno":371}
{"timestamp":"2026-09-06T10:40:07.205943Z","level":"info","event":"Cosmos performance (verdanta_stores__dbt_stores) - [4daed8617553|677]: It took 0.00198s to build the Airflow DAG.","logger":"cosmos.converter","filename":"converter.py","lineno":423}
{"timestamp":"2026-09-06T10:40:07.206032Z","level":"info","event":"::endgroup::Cosmos DAG parsing logs","logger":"cosmos.converter","filename":"converter.py","lineno":430}
{"timestamp":"2026-09-06T10:40:07.206778Z","level":"warning","event":"Using Variable.get from `airflow.models` is deprecated.Please use `get` on Variable from sdk(`airflow.sdk.Variable`) instead","category":"UserWarning","filename":"/home/airflow/.local/lib/python3.13/site-packages/airflow/models/variable.py","lineno":158,"logger":"py.warnings"}
{"timestamp":"2026-09-06T10:40:07.206867Z","level":"warning","event":"Valid config keys have changed in V2:\n* 'allow_population_by_field_name' has been renamed to 'validate_by_name'","category":"UserWarning","filename":"/home/airflow/.local/lib/python3.13/site-packages/pydantic/_internal/_config.py","lineno":383,"logger":"py.warnings"}
{"timestamp":"2026-09-06T10:40:07.206930Z","level":"warning","event":"Using Variable.set from `airflow.models` is deprecated.Please use `set` on Variable from sdk(`airflow.sdk.Variable`) instead","category":"UserWarning","filename":"/home/airflow/.local/lib/python3.13/site-packages/airflow/models/variable.py","lineno":218,"logger":"py.warnings"}
{"timestamp":"2026-09-06T10:40:37.395397Z","level":"info","event":"Filling up the DagBag from /opt/airflow/dags/verdanta_stores.py","logger":"airflow.dag_processing.dagbag.BundleDagBag","filename":"dagbag.py","lineno":469}
{"timestamp":"2026-09-06T10:40:37.466555Z","level":"info","event":"::group::Cosmos DAG parsing logs","logger":"cosmos.converter","filename":"converter.py","lineno":321}
{"timestamp":"2026-09-06T10:40:37.469810Z","level":"info","event":"Cosmos cache dir resolved to /tmp/cosmos/verdanta_stores__dbt_stores","logger":"cosmos.converter","filename":"converter.py","lineno":346}
{"timestamp":"2026-09-06T10:40:37.470050Z","level":"info","event":"Trying to parse the dbt project using dbt ls cache cosmos_cache__verdanta_stores__dbt_stores...","logger":"cosmos.dbt.graph","filename":"graph.py","lineno":869}
{"timestamp":"2026-09-06T10:40:37.623692Z","level":"info","event":"Cosmos performance: time to calculate cache identifier cosmos_cache__verdanta_stores__dbt_stores for current version: 0.13627174699990974","logger":"cosmos.cache","filename":"cache.py","lineno":401}
{"timestamp":"2026-09-06T10:40:37.623896Z","level":"info","event":"Cosmos performance: Cache miss for cosmos_cache__verdanta_stores__dbt_stores - skipped","logger":"cosmos.dbt.graph","filename":"graph.py","lineno":900}
{"timestamp":"2026-09-06T10:40:37.624072Z","level":"info","event":"Trying to parse the dbt project in `/opt/airflow/dbt/verdanta_project` using dbt ls...","logger":"cosmos.dbt.graph","filename":"graph.py","lineno":983}
{"timestamp":"2026-09-06T10:40:37.638398Z","level":"info","event":"Partial parse is enabled and the latest partial parse file is /tmp/cosmos/verdanta_stores__dbt_stores/target/partial_parse.msgpack","logger":"cosmos.dbt.graph","filename":"graph.py","lineno":1002}
{"timestamp":"2026-09-06T10:40:37.667847Z","level":"info","event":"Profile caching is enable.","logger":"cosmos.config","filename":"config.py","lineno":399}
{"timestamp":"2026-09-06T10:40:37.668199Z","level":"info","event":"Profile found in cache using profile: /tmp/cosmos/profile/88b0aa12559803c5b3e8b5b0cefa363d35d21cc93574699baf5727c52eda1f13/profiles.yml.","logger":"cosmos.config","filename":"config.py","lineno":379}
{"timestamp":"2026-09-06T10:40:39.428833Z","level":"info","event":"Running command with dbt Runner: `/home/airflow/.local/bin/dbt deps --project-dir /tmp/tmpuron0iwu --profiles-dir /tmp/cosmos/profile/88b0aa12559803c5b3e8b5b0cefa363d35d21cc93574699baf5727c52eda1f13 --profile verdanta_project --target dev`","logger":"cosmos.dbt.graph","filename":"graph.py","lineno":361}
{"timestamp":"2026-09-06T10:40:39.429265Z","level":"info","event":"Trying to run dbtRunner with:\n ['deps', '--project-dir', '/tmp/tmpuron0iwu', '--profiles-dir', '/tmp/cosmos/profile/88b0aa12559803c5b3e8b5b0cefa363d35d21cc93574699baf5727c52eda1f13', '--profile', 'verdanta_project', '--target', 'dev']\n in /tmp/tmpuron0iwu","logger":"cosmos.dbt.runner","filename":"runner.py","lineno":95}
{"timestamp":"2026-09-06T10:40:39.518238Z","level":"info","event":"\u001b[0m10:40:39  Running with dbt=1.12.0","logger":"task.stdout"}
{"timestamp":"2026-09-06T10:40:39.941613Z","level":"info","event":"\u001b[0m10:40:39  Installing dbt-labs/dbt_utils","logger":"task.stdout"}
{"timestamp":"2026-09-06T10:40:40.406066Z","level":"info","event":"\u001b[0m10:40:40  Installed from version 1.4.1","logger":"task.stdout"}
{"timestamp":"2026-09-06T10:40:40.415159Z","level":"info","event":"\u001b[0m10:40:40  Up to date!","logger":"task.stdout"}
{"timestamp":"2026-09-06T10:40:41.126066Z","level":"info","event":"Running command with dbt Runner: `/home/airflow/.local/bin/dbt ls --output json --output-keys name unique_id resource_type depends_on original_file_path tags config freshness fqn --project-dir /tmp/tmpuron0iwu --profiles-dir /tmp/cosmos/profile/88b0aa12559803c5b3e8b5b0cefa363d35d21cc93574699baf5727c52eda1f13 --profile verdanta_project --target dev --select stg_reference_stores+`","logger":"cosmos.dbt.graph","filename":"graph.py","lineno":361}
{"timestamp":"2026-09-06T10:40:41.126386Z","level":"info","event":"Trying to run dbtRunner with:\n ['ls', '--output', 'json', '--output-keys', 'name', 'unique_id', 'resource_type', 'depends_on', 'original_file_path', 'tags', 'config', 'freshness', 'fqn', '--project-dir', '/tmp/tmpuron0iwu', '--profiles-dir', '/tmp/cosmos/profile/88b0aa12559803c5b3e8b5b0cefa363d35d21cc93574699baf5727c52eda1f13', '--profile', 'verdanta_project', '--target', 'dev', '--select', 'stg_reference_stores+']\n in /tmp/tmpuron0iwu","logger":"cosmos.dbt.runner","filename":"runner.py","lineno":95}
{"timestamp":"2026-09-06T10:40:41.138997Z","level":"info","event":"\u001b[0m10:40:41  Running with dbt=1.12.0","logger":"task.stdout"}
{"timestamp":"2026-09-06T10:40:42.784842Z","level":"info","event":"\u001b[0m10:40:42  Registered adapter: databricks=1.10.9","logger":"task.stdout"}
{"timestamp":"2026-09-06T10:40:43.985954Z","level":"info","event":"\u001b[0m10:40:43  Found 22 models, 96 data tests, 3 seeds, 2 snapshots, 8 sources, 844 macros","logger":"task.stdout"}
{"timestamp":"2026-09-06T10:40:43.994136Z","level":"info","event":"\u001b[0m10:40:43  [\u001b[33mWARNING\u001b[0m]: The selection criterion 'stg_reference_stores+' does not match any enabled nodes","logger":"task.stdout"}
{"timestamp":"2026-09-06T10:40:43.994439Z","level":"info","event":"\u001b[0m10:40:43  [\u001b[33mWARNING\u001b[0m]: No nodes selected!","logger":"task.stdout"}
{"timestamp":"2026-09-06T10:40:44.909552Z","level":"info","event":"Cosmos performance: time to calculate cache identifier cosmos_cache__verdanta_stores__dbt_stores for current version: 0.13558365699987007","logger":"cosmos.cache","filename":"cache.py","lineno":401}
{"timestamp":"2026-09-06T10:40:44.948389Z","level":"info","event":"Total nodes: 0","logger":"cosmos.dbt.graph","filename":"graph.py","lineno":799}
{"timestamp":"2026-09-06T10:40:44.948571Z","level":"info","event":"Total filtered nodes: 0","logger":"cosmos.dbt.graph","filename":"graph.py","lineno":800}
{"timestamp":"2026-09-06T10:40:44.948671Z","level":"info","event":"Cosmos performance (verdanta_stores__dbt_stores) - [4daed8617553|714]: It took 7.48s to parse the dbt project for DAG using LoadMode.DBT_LS","logger":"cosmos.converter","filename":"converter.py","lineno":371}
{"timestamp":"2026-09-06T10:40:44.950612Z","level":"info","event":"Cosmos performance (verdanta_stores__dbt_stores) - [4daed8617553|714]: It took 0.00193s to build the Airflow DAG.","logger":"cosmos.converter","filename":"converter.py","lineno":423}
{"timestamp":"2026-09-06T10:40:44.950702Z","level":"info","event":"::endgroup::Cosmos DAG parsing logs","logger":"cosmos.converter","filename":"converter.py","lineno":430}
{"timestamp":"2026-09-06T10:40:44.951352Z","level":"warning","event":"Using Variable.get from `airflow.models` is deprecated.Please use `get` on Variable from sdk(`airflow.sdk.Variable`) instead","category":"UserWarning","filename":"/home/airflow/.local/lib/python3.13/site-packages/airflow/models/variable.py","lineno":158,"logger":"py.warnings"}
{"timestamp":"2026-09-06T10:40:44.951457Z","level":"warning","event":"Valid config keys have changed in V2:\n* 'allow_population_by_field_name' has been renamed to 'validate_by_name'","category":"UserWarning","filename":"/home/airflow/.local/lib/python3.13/site-packages/pydantic/_internal/_config.py","lineno":383,"logger":"py.warnings"}
{"timestamp":"2026-09-06T10:40:44.951524Z","level":"warning","event":"Using Variable.set from `airflow.models` is deprecated.Please use `set` on Variable from sdk(`airflow.sdk.Variable`) instead","category":"UserWarning","filename":"/home/airflow/.local/lib/python3.13/site-packages/airflow/models/variable.py","lineno":218,"logger":"py.warnings"}
{"timestamp":"2026-09-06T10:41:15.999253Z","level":"info","event":"Filling up the DagBag from /opt/airflow/dags/verdanta_stores.py","logger":"airflow.dag_processing.dagbag.BundleDagBag","filename":"dagbag.py","lineno":469}
{"timestamp":"2026-09-06T10:41:16.073677Z","level":"info","event":"::group::Cosmos DAG parsing logs","logger":"cosmos.converter","filename":"converter.py","lineno":321}
{"timestamp":"2026-09-06T10:41:16.076961Z","level":"info","event":"Cosmos cache dir resolved to /tmp/cosmos/verdanta_stores__dbt_stores","logger":"cosmos.converter","filename":"converter.py","lineno":346}
{"timestamp":"2026-09-06T10:41:16.077181Z","level":"info","event":"Trying to parse the dbt project using dbt ls cache cosmos_cache__verdanta_stores__dbt_stores...","logger":"cosmos.dbt.graph","filename":"graph.py","lineno":869}
{"timestamp":"2026-09-06T10:41:16.226211Z","level":"info","event":"Cosmos performance: time to calculate cache identifier cosmos_cache__verdanta_stores__dbt_stores for current version: 0.12789007200012747","logger":"cosmos.cache","filename":"cache.py","lineno":401}
{"timestamp":"2026-09-06T10:41:16.226397Z","level":"info","event":"Cosmos performance: Cache miss for cosmos_cache__verdanta_stores__dbt_stores - skipped","logger":"cosmos.dbt.graph","filename":"graph.py","lineno":900}
{"timestamp":"2026-09-06T10:41:16.226547Z","level":"info","event":"Trying to parse the dbt project in `/opt/airflow/dbt/verdanta_project` using dbt ls...","logger":"cosmos.dbt.graph","filename":"graph.py","lineno":983}
{"timestamp":"2026-09-06T10:41:16.239704Z","level":"info","event":"Partial parse is enabled and the latest partial parse file is /tmp/cosmos/verdanta_stores__dbt_stores/target/partial_parse.msgpack","logger":"cosmos.dbt.graph","filename":"graph.py","lineno":1002}
{"timestamp":"2026-09-06T10:41:16.272562Z","level":"info","event":"Profile caching is enable.","logger":"cosmos.config","filename":"config.py","lineno":399}
{"timestamp":"2026-09-06T10:41:16.272990Z","level":"info","event":"Profile found in cache using profile: /tmp/cosmos/profile/88b0aa12559803c5b3e8b5b0cefa363d35d21cc93574699baf5727c52eda1f13/profiles.yml.","logger":"cosmos.config","filename":"config.py","lineno":379}
{"timestamp":"2026-09-06T10:41:17.909177Z","level":"info","event":"Running command with dbt Runner: `/home/airflow/.local/bin/dbt deps --project-dir /tmp/tmp07l9fm3_ --profiles-dir /tmp/cosmos/profile/88b0aa12559803c5b3e8b5b0cefa363d35d21cc93574699baf5727c52eda1f13 --profile verdanta_project --target dev`","logger":"cosmos.dbt.graph","filename":"graph.py","lineno":361}
{"timestamp":"2026-09-06T10:41:17.909552Z","level":"info","event":"Trying to run dbtRunner with:\n ['deps', '--project-dir', '/tmp/tmp07l9fm3_', '--profiles-dir', '/tmp/cosmos/profile/88b0aa12559803c5b3e8b5b0cefa363d35d21cc93574699baf5727c52eda1f13', '--profile', 'verdanta_project', '--target', 'dev']\n in /tmp/tmp07l9fm3_","logger":"cosmos.dbt.runner","filename":"runner.py","lineno":95}
{"timestamp":"2026-09-06T10:41:17.996469Z","level":"info","event":"\u001b[0m10:41:17  Running with dbt=1.12.0","logger":"task.stdout"}
{"timestamp":"2026-09-06T10:41:18.388686Z","level":"info","event":"\u001b[0m10:41:18  Installing dbt-labs/dbt_utils","logger":"task.stdout"}
{"timestamp":"2026-09-06T10:41:18.843185Z","level":"info","event":"\u001b[0m10:41:18  Installed from version 1.4.1","logger":"task.stdout"}
{"timestamp":"2026-09-06T10:41:18.851003Z","level":"info","event":"\u001b[0m10:41:18  Up to date!","logger":"task.stdout"}
{"timestamp":"2026-09-06T10:41:19.523331Z","level":"info","event":"Running command with dbt Runner: `/home/airflow/.local/bin/dbt ls --output json --output-keys name unique_id resource_type depends_on original_file_path tags config freshness fqn --project-dir /tmp/tmp07l9fm3_ --profiles-dir /tmp/cosmos/profile/88b0aa12559803c5b3e8b5b0cefa363d35d21cc93574699baf5727c52eda1f13 --profile verdanta_project --target dev --select stg_reference_stores+`","logger":"cosmos.dbt.graph","filename":"graph.py","lineno":361}
{"timestamp":"2026-09-06T10:41:19.523667Z","level":"info","event":"Trying to run dbtRunner with:\n ['ls', '--output', 'json', '--output-keys', 'name', 'unique_id', 'resource_type', 'depends_on', 'original_file_path', 'tags', 'config', 'freshness', 'fqn', '--project-dir', '/tmp/tmp07l9fm3_', '--profiles-dir', '/tmp/cosmos/profile/88b0aa12559803c5b3e8b5b0cefa363d35d21cc93574699baf5727c52eda1f13', '--profile', 'verdanta_project', '--target', 'dev', '--select', 'stg_reference_stores+']\n in /tmp/tmp07l9fm3_","logger":"cosmos.dbt.runner","filename":"runner.py","lineno":95}
{"timestamp":"2026-09-06T10:41:19.537406Z","level":"info","event":"\u001b[0m10:41:19  Running with dbt=1.12.0","logger":"task.stdout"}
{"timestamp":"2026-09-06T10:41:21.228427Z","level":"info","event":"\u001b[0m10:41:21  Registered adapter: databricks=1.10.9","logger":"task.stdout"}
{"timestamp":"2026-09-06T10:41:22.290379Z","level":"info","event":"\u001b[0m10:41:22  Found 22 models, 96 data tests, 3 seeds, 2 snapshots, 8 sources, 844 macros","logger":"task.stdout"}
{"timestamp":"2026-09-06T10:41:22.297858Z","level":"info","event":"\u001b[0m10:41:22  [\u001b[33mWARNING\u001b[0m]: The selection criterion 'stg_reference_stores+' does not match any enabled nodes","logger":"task.stdout"}
{"timestamp":"2026-09-06T10:41:22.298199Z","level":"info","event":"\u001b[0m10:41:22  [\u001b[33mWARNING\u001b[0m]: No nodes selected!","logger":"task.stdout"}
{"timestamp":"2026-09-06T10:41:23.149939Z","level":"info","event":"Cosmos performance: time to calculate cache identifier cosmos_cache__verdanta_stores__dbt_stores for current version: 0.12190694400010216","logger":"cosmos.cache","filename":"cache.py","lineno":401}
{"timestamp":"2026-09-06T10:41:23.224680Z","level":"info","event":"Total nodes: 0","logger":"cosmos.dbt.graph","filename":"graph.py","lineno":799}
{"timestamp":"2026-09-06T10:41:23.224860Z","level":"info","event":"Total filtered nodes: 0","logger":"cosmos.dbt.graph","filename":"graph.py","lineno":800}
{"timestamp":"2026-09-06T10:41:23.224991Z","level":"info","event":"Cosmos performance (verdanta_stores__dbt_stores) - [4daed8617553|750]: It took 7.15s to parse the dbt project for DAG using LoadMode.DBT_LS","logger":"cosmos.converter","filename":"converter.py","lineno":371}
{"timestamp":"2026-09-06T10:41:23.226812Z","level":"info","event":"Cosmos performance (verdanta_stores__dbt_stores) - [4daed8617553|750]: It took 0.00183s to build the Airflow DAG.","logger":"cosmos.converter","filename":"converter.py","lineno":423}
{"timestamp":"2026-09-06T10:41:23.226909Z","level":"info","event":"::endgroup::Cosmos DAG parsing logs","logger":"cosmos.converter","filename":"converter.py","lineno":430}
{"timestamp":"2026-09-06T10:41:23.227571Z","level":"warning","event":"Using Variable.get from `airflow.models` is deprecated.Please use `get` on Variable from sdk(`airflow.sdk.Variable`) instead","category":"UserWarning","filename":"/home/airflow/.local/lib/python3.13/site-packages/airflow/models/variable.py","lineno":158,"logger":"py.warnings"}
{"timestamp":"2026-09-06T10:41:23.227678Z","level":"warning","event":"Valid config keys have changed in V2:\n* 'allow_population_by_field_name' has been renamed to 'validate_by_name'","category":"UserWarning","filename":"/home/airflow/.local/lib/python3.13/site-packages/pydantic/_internal/_config.py","lineno":383,"logger":"py.warnings"}
{"timestamp":"2026-09-06T10:41:23.227755Z","level":"warning","event":"Using Variable.set from `airflow.models` is deprecated.Please use `set` on Variable from sdk(`airflow.sdk.Variable`) instead","category":"UserWarning","filename":"/home/airflow/.local/lib/python3.13/site-packages/airflow/models/variable.py","lineno":218,"logger":"py.warnings"}
{"timestamp":"2026-09-06T10:41:53.712594Z","level":"info","event":"Filling up the DagBag from /opt/airflow/dags/verdanta_stores.py","logger":"airflow.dag_processing.dagbag.BundleDagBag","filename":"dagbag.py","lineno":469}
{"timestamp":"2026-09-06T10:41:53.787036Z","level":"info","event":"::group::Cosmos DAG parsing logs","logger":"cosmos.converter","filename":"converter.py","lineno":321}
{"timestamp":"2026-09-06T10:41:53.790879Z","level":"info","event":"Cosmos cache dir resolved to /tmp/cosmos/verdanta_stores__dbt_stores","logger":"cosmos.converter","filename":"converter.py","lineno":346}
{"timestamp":"2026-09-06T10:41:53.791097Z","level":"info","event":"Trying to parse the dbt project using dbt ls cache cosmos_cache__verdanta_stores__dbt_stores...","logger":"cosmos.dbt.graph","filename":"graph.py","lineno":869}
{"timestamp":"2026-09-06T10:41:53.937724Z","level":"info","event":"Cosmos performance: time to calculate cache identifier cosmos_cache__verdanta_stores__dbt_stores for current version: 0.1270925050000642","logger":"cosmos.cache","filename":"cache.py","lineno":401}
{"timestamp":"2026-09-06T10:41:53.937928Z","level":"info","event":"Cosmos performance: Cache miss for cosmos_cache__verdanta_stores__dbt_stores - skipped","logger":"cosmos.dbt.graph","filename":"graph.py","lineno":900}
{"timestamp":"2026-09-06T10:41:53.938103Z","level":"info","event":"Trying to parse the dbt project in `/opt/airflow/dbt/verdanta_project` using dbt ls...","logger":"cosmos.dbt.graph","filename":"graph.py","lineno":983}
{"timestamp":"2026-09-06T10:41:53.950408Z","level":"info","event":"Partial parse is enabled and the latest partial parse file is /tmp/cosmos/verdanta_stores__dbt_stores/target/partial_parse.msgpack","logger":"cosmos.dbt.graph","filename":"graph.py","lineno":1002}
{"timestamp":"2026-09-06T10:41:53.980109Z","level":"info","event":"Profile caching is enable.","logger":"cosmos.config","filename":"config.py","lineno":399}
{"timestamp":"2026-09-06T10:41:53.980631Z","level":"info","event":"Profile found in cache using profile: /tmp/cosmos/profile/88b0aa12559803c5b3e8b5b0cefa363d35d21cc93574699baf5727c52eda1f13/profiles.yml.","logger":"cosmos.config","filename":"config.py","lineno":379}
{"timestamp":"2026-09-06T10:41:55.431644Z","level":"info","event":"Running command with dbt Runner: `/home/airflow/.local/bin/dbt deps --project-dir /tmp/tmpcomvufs7 --profiles-dir /tmp/cosmos/profile/88b0aa12559803c5b3e8b5b0cefa363d35d21cc93574699baf5727c52eda1f13 --profile verdanta_project --target dev`","logger":"cosmos.dbt.graph","filename":"graph.py","lineno":361}
{"timestamp":"2026-09-06T10:41:55.432056Z","level":"info","event":"Trying to run dbtRunner with:\n ['deps', '--project-dir', '/tmp/tmpcomvufs7', '--profiles-dir', '/tmp/cosmos/profile/88b0aa12559803c5b3e8b5b0cefa363d35d21cc93574699baf5727c52eda1f13', '--profile', 'verdanta_project', '--target', 'dev']\n in /tmp/tmpcomvufs7","logger":"cosmos.dbt.runner","filename":"runner.py","lineno":95}
{"timestamp":"2026-09-06T10:41:55.523743Z","level":"info","event":"\u001b[0m10:41:55  Running with dbt=1.12.0","logger":"task.stdout"}
{"timestamp":"2026-09-06T10:41:55.884948Z","level":"info","event":"\u001b[0m10:41:55  Installing dbt-labs/dbt_utils","logger":"task.stdout"}
{"timestamp":"2026-09-06T10:41:56.339191Z","level":"info","event":"\u001b[0m10:41:56  Installed from version 1.4.1","logger":"task.stdout"}
{"timestamp":"2026-09-06T10:41:56.346266Z","level":"info","event":"\u001b[0m10:41:56  Up to date!","logger":"task.stdout"}
{"timestamp":"2026-09-06T10:41:57.081047Z","level":"info","event":"Running command with dbt Runner: `/home/airflow/.local/bin/dbt ls --output json --output-keys name unique_id resource_type depends_on original_file_path tags config freshness fqn --project-dir /tmp/tmpcomvufs7 --profiles-dir /tmp/cosmos/profile/88b0aa12559803c5b3e8b5b0cefa363d35d21cc93574699baf5727c52eda1f13 --profile verdanta_project --target dev --select stg_reference_stores+`","logger":"cosmos.dbt.graph","filename":"graph.py","lineno":361}
{"timestamp":"2026-09-06T10:41:57.081325Z","level":"info","event":"Trying to run dbtRunner with:\n ['ls', '--output', 'json', '--output-keys', 'name', 'unique_id', 'resource_type', 'depends_on', 'original_file_path', 'tags', 'config', 'freshness', 'fqn', '--project-dir', '/tmp/tmpcomvufs7', '--profiles-dir', '/tmp/cosmos/profile/88b0aa12559803c5b3e8b5b0cefa363d35d21cc93574699baf5727c52eda1f13', '--profile', 'verdanta_project', '--target', 'dev', '--select', 'stg_reference_stores+']\n in /tmp/tmpcomvufs7","logger":"cosmos.dbt.runner","filename":"runner.py","lineno":95}
{"timestamp":"2026-09-06T10:41:57.095283Z","level":"info","event":"\u001b[0m10:41:57  Running with dbt=1.12.0","logger":"task.stdout"}
{"timestamp":"2026-09-06T10:41:58.735811Z","level":"info","event":"\u001b[0m10:41:58  Registered adapter: databricks=1.10.9","logger":"task.stdout"}
{"timestamp":"2026-09-06T10:41:59.831700Z","level":"info","event":"\u001b[0m10:41:59  Found 22 models, 96 data tests, 3 seeds, 2 snapshots, 8 sources, 844 macros","logger":"task.stdout"}
{"timestamp":"2026-09-06T10:41:59.839419Z","level":"info","event":"\u001b[0m10:41:59  [\u001b[33mWARNING\u001b[0m]: The selection criterion 'stg_reference_stores+' does not match any enabled nodes","logger":"task.stdout"}
{"timestamp":"2026-09-06T10:41:59.839720Z","level":"info","event":"\u001b[0m10:41:59  [\u001b[33mWARNING\u001b[0m]: No nodes selected!","logger":"task.stdout"}
{"timestamp":"2026-09-06T10:42:00.730257Z","level":"info","event":"Cosmos performance: time to calculate cache identifier cosmos_cache__verdanta_stores__dbt_stores for current version: 0.12348757300014768","logger":"cosmos.cache","filename":"cache.py","lineno":401}
{"timestamp":"2026-09-06T10:42:00.767460Z","level":"info","event":"Total nodes: 0","logger":"cosmos.dbt.graph","filename":"graph.py","lineno":799}
{"timestamp":"2026-09-06T10:42:00.767647Z","level":"info","event":"Total filtered nodes: 0","logger":"cosmos.dbt.graph","filename":"graph.py","lineno":800}
{"timestamp":"2026-09-06T10:42:00.767751Z","level":"info","event":"Cosmos performance (verdanta_stores__dbt_stores) - [4daed8617553|786]: It took 6.98s to parse the dbt project for DAG using LoadMode.DBT_LS","logger":"cosmos.converter","filename":"converter.py","lineno":371}
{"timestamp":"2026-09-06T10:42:00.769649Z","level":"info","event":"Cosmos performance (verdanta_stores__dbt_stores) - [4daed8617553|786]: It took 0.00188s to build the Airflow DAG.","logger":"cosmos.converter","filename":"converter.py","lineno":423}
{"timestamp":"2026-09-06T10:42:00.769746Z","level":"info","event":"::endgroup::Cosmos DAG parsing logs","logger":"cosmos.converter","filename":"converter.py","lineno":430}
{"timestamp":"2026-09-06T10:42:00.770382Z","level":"warning","event":"Using Variable.get from `airflow.models` is deprecated.Please use `get` on Variable from sdk(`airflow.sdk.Variable`) instead","category":"UserWarning","filename":"/home/airflow/.local/lib/python3.13/site-packages/airflow/models/variable.py","lineno":158,"logger":"py.warnings"}
{"timestamp":"2026-09-06T10:42:00.770470Z","level":"warning","event":"Valid config keys have changed in V2:\n* 'allow_population_by_field_name' has been renamed to 'validate_by_name'","category":"UserWarning","filename":"/home/airflow/.local/lib/python3.13/site-packages/pydantic/_internal/_config.py","lineno":383,"logger":"py.warnings"}
{"timestamp":"2026-09-06T10:42:00.770532Z","level":"warning","event":"Using Variable.set from `airflow.models` is deprecated.Please use `set` on Variable from sdk(`airflow.sdk.Variable`) instead","category":"UserWarning","filename":"/home/airflow/.local/lib/python3.13/site-packages/airflow/models/variable.py","lineno":218,"logger":"py.warnings"}
{"timestamp":"2026-09-06T10:42:30.957626Z","level":"info","event":"Filling up the DagBag from /opt/airflow/dags/verdanta_stores.py","logger":"airflow.dag_processing.dagbag.BundleDagBag","filename":"dagbag.py","lineno":469}
{"timestamp":"2026-09-06T10:42:31.023048Z","level":"info","event":"::group::Cosmos DAG parsing logs","logger":"cosmos.converter","filename":"converter.py","lineno":321}
{"timestamp":"2026-09-06T10:42:31.026223Z","level":"info","event":"Cosmos cache dir resolved to /tmp/cosmos/verdanta_stores__dbt_stores","logger":"cosmos.converter","filename":"converter.py","lineno":346}
{"timestamp":"2026-09-06T10:42:31.026451Z","level":"info","event":"Trying to parse the dbt project using dbt ls cache cosmos_cache__verdanta_stores__dbt_stores...","logger":"cosmos.dbt.graph","filename":"graph.py","lineno":869}
{"timestamp":"2026-09-06T10:42:31.165583Z","level":"info","event":"Cosmos performance: time to calculate cache identifier cosmos_cache__verdanta_stores__dbt_stores for current version: 0.12447641099993234","logger":"cosmos.cache","filename":"cache.py","lineno":401}
{"timestamp":"2026-09-06T10:42:31.165767Z","level":"info","event":"Cosmos performance: Cache miss for cosmos_cache__verdanta_stores__dbt_stores - skipped","logger":"cosmos.dbt.graph","filename":"graph.py","lineno":900}
{"timestamp":"2026-09-06T10:42:31.165910Z","level":"info","event":"Trying to parse the dbt project in `/opt/airflow/dbt/verdanta_project` using dbt ls...","logger":"cosmos.dbt.graph","filename":"graph.py","lineno":983}
{"timestamp":"2026-09-06T10:42:31.178823Z","level":"info","event":"Partial parse is enabled and the latest partial parse file is /tmp/cosmos/verdanta_stores__dbt_stores/target/partial_parse.msgpack","logger":"cosmos.dbt.graph","filename":"graph.py","lineno":1002}
{"timestamp":"2026-09-06T10:42:31.206407Z","level":"info","event":"Profile caching is enable.","logger":"cosmos.config","filename":"config.py","lineno":399}
{"timestamp":"2026-09-06T10:42:31.206886Z","level":"info","event":"Profile found in cache using profile: /tmp/cosmos/profile/88b0aa12559803c5b3e8b5b0cefa363d35d21cc93574699baf5727c52eda1f13/profiles.yml.","logger":"cosmos.config","filename":"config.py","lineno":379}
{"timestamp":"2026-09-06T10:42:32.712006Z","level":"info","event":"Running command with dbt Runner: `/home/airflow/.local/bin/dbt deps --project-dir /tmp/tmpvlzmvb0y --profiles-dir /tmp/cosmos/profile/88b0aa12559803c5b3e8b5b0cefa363d35d21cc93574699baf5727c52eda1f13 --profile verdanta_project --target dev`","logger":"cosmos.dbt.graph","filename":"graph.py","lineno":361}
{"timestamp":"2026-09-06T10:42:32.712387Z","level":"info","event":"Trying to run dbtRunner with:\n ['deps', '--project-dir', '/tmp/tmpvlzmvb0y', '--profiles-dir', '/tmp/cosmos/profile/88b0aa12559803c5b3e8b5b0cefa363d35d21cc93574699baf5727c52eda1f13', '--profile', 'verdanta_project', '--target', 'dev']\n in /tmp/tmpvlzmvb0y","logger":"cosmos.dbt.runner","filename":"runner.py","lineno":95}
{"timestamp":"2026-09-06T10:42:32.802296Z","level":"info","event":"\u001b[0m10:42:32  Running with dbt=1.12.0","logger":"task.stdout"}
{"timestamp":"2026-09-06T10:42:33.175358Z","level":"info","event":"\u001b[0m10:42:33  Installing dbt-labs/dbt_utils","logger":"task.stdout"}
{"timestamp":"2026-09-06T10:42:33.644142Z","level":"info","event":"\u001b[0m10:42:33  Installed from version 1.4.1","logger":"task.stdout"}
{"timestamp":"2026-09-06T10:42:33.651279Z","level":"info","event":"\u001b[0m10:42:33  Up to date!","logger":"task.stdout"}
{"timestamp":"2026-09-06T10:42:34.392572Z","level":"info","event":"Running command with dbt Runner: `/home/airflow/.local/bin/dbt ls --output json --output-keys name unique_id resource_type depends_on original_file_path tags config freshness fqn --project-dir /tmp/tmpvlzmvb0y --profiles-dir /tmp/cosmos/profile/88b0aa12559803c5b3e8b5b0cefa363d35d21cc93574699baf5727c52eda1f13 --profile verdanta_project --target dev --select stg_reference_stores+`","logger":"cosmos.dbt.graph","filename":"graph.py","lineno":361}
{"timestamp":"2026-09-06T10:42:34.392905Z","level":"info","event":"Trying to run dbtRunner with:\n ['ls', '--output', 'json', '--output-keys', 'name', 'unique_id', 'resource_type', 'depends_on', 'original_file_path', 'tags', 'config', 'freshness', 'fqn', '--project-dir', '/tmp/tmpvlzmvb0y', '--profiles-dir', '/tmp/cosmos/profile/88b0aa12559803c5b3e8b5b0cefa363d35d21cc93574699baf5727c52eda1f13', '--profile', 'verdanta_project', '--target', 'dev', '--select', 'stg_reference_stores+']\n in /tmp/tmpvlzmvb0y","logger":"cosmos.dbt.runner","filename":"runner.py","lineno":95}
{"timestamp":"2026-09-06T10:42:34.404989Z","level":"info","event":"\u001b[0m10:42:34  Running with dbt=1.12.0","logger":"task.stdout"}
{"timestamp":"2026-09-06T10:42:36.088024Z","level":"info","event":"\u001b[0m10:42:36  Registered adapter: databricks=1.10.9","logger":"task.stdout"}
{"timestamp":"2026-09-06T10:42:37.168924Z","level":"info","event":"\u001b[0m10:42:37  Found 22 models, 96 data tests, 3 seeds, 2 snapshots, 8 sources, 844 macros","logger":"task.stdout"}
{"timestamp":"2026-09-06T10:42:37.176087Z","level":"info","event":"\u001b[0m10:42:37  [\u001b[33mWARNING\u001b[0m]: The selection criterion 'stg_reference_stores+' does not match any enabled nodes","logger":"task.stdout"}
{"timestamp":"2026-09-06T10:42:37.176379Z","level":"info","event":"\u001b[0m10:42:37  [\u001b[33mWARNING\u001b[0m]: No nodes selected!","logger":"task.stdout"}
{"timestamp":"2026-09-06T10:42:38.037275Z","level":"info","event":"Cosmos performance: time to calculate cache identifier cosmos_cache__verdanta_stores__dbt_stores for current version: 0.12295622500005265","logger":"cosmos.cache","filename":"cache.py","lineno":401}
{"timestamp":"2026-09-06T10:42:38.082715Z","level":"info","event":"Total nodes: 0","logger":"cosmos.dbt.graph","filename":"graph.py","lineno":799}
{"timestamp":"2026-09-06T10:42:38.082949Z","level":"info","event":"Total filtered nodes: 0","logger":"cosmos.dbt.graph","filename":"graph.py","lineno":800}
{"timestamp":"2026-09-06T10:42:38.083074Z","level":"info","event":"Cosmos performance (verdanta_stores__dbt_stores) - [4daed8617553|828]: It took 7.06s to parse the dbt project for DAG using LoadMode.DBT_LS","logger":"cosmos.converter","filename":"converter.py","lineno":371}
{"timestamp":"2026-09-06T10:42:38.084932Z","level":"info","event":"Cosmos performance (verdanta_stores__dbt_stores) - [4daed8617553|828]: It took 0.00185s to build the Airflow DAG.","logger":"cosmos.converter","filename":"converter.py","lineno":423}
{"timestamp":"2026-09-06T10:42:38.085022Z","level":"info","event":"::endgroup::Cosmos DAG parsing logs","logger":"cosmos.converter","filename":"converter.py","lineno":430}
{"timestamp":"2026-09-06T10:42:38.085654Z","level":"warning","event":"Using Variable.get from `airflow.models` is deprecated.Please use `get` on Variable from sdk(`airflow.sdk.Variable`) instead","category":"UserWarning","filename":"/home/airflow/.local/lib/python3.13/site-packages/airflow/models/variable.py","lineno":158,"logger":"py.warnings"}
{"timestamp":"2026-09-06T10:42:38.085740Z","level":"warning","event":"Valid config keys have changed in V2:\n* 'allow_population_by_field_name' has been renamed to 'validate_by_name'","category":"UserWarning","filename":"/home/airflow/.local/lib/python3.13/site-packages/pydantic/_internal/_config.py","lineno":383,"logger":"py.warnings"}
{"timestamp":"2026-09-06T10:42:38.085802Z","level":"warning","event":"Using Variable.set from `airflow.models` is deprecated.Please use `set` on Variable from sdk(`airflow.sdk.Variable`) instead","category":"UserWarning","filename":"/home/airflow/.local/lib/python3.13/site-packages/airflow/models/variable.py","lineno":218,"logger":"py.warnings"}
{"timestamp":"2026-09-06T10:43:09.132111Z","level":"info","event":"Filling up the DagBag from /opt/airflow/dags/verdanta_stores.py","logger":"airflow.dag_processing.dagbag.BundleDagBag","filename":"dagbag.py","lineno":469}
{"timestamp":"2026-09-06T10:43:09.197369Z","level":"info","event":"::group::Cosmos DAG parsing logs","logger":"cosmos.converter","filename":"converter.py","lineno":321}
{"timestamp":"2026-09-06T10:43:09.200652Z","level":"info","event":"Cosmos cache dir resolved to /tmp/cosmos/verdanta_stores__dbt_stores","logger":"cosmos.converter","filename":"converter.py","lineno":346}
{"timestamp":"2026-09-06T10:43:09.200902Z","level":"info","event":"Trying to parse the dbt project using dbt ls cache cosmos_cache__verdanta_stores__dbt_stores...","logger":"cosmos.dbt.graph","filename":"graph.py","lineno":869}
{"timestamp":"2026-09-06T10:43:09.348800Z","level":"info","event":"Cosmos performance: time to calculate cache identifier cosmos_cache__verdanta_stores__dbt_stores for current version: 0.13163379999991776","logger":"cosmos.cache","filename":"cache.py","lineno":401}
{"timestamp":"2026-09-06T10:43:09.348995Z","level":"info","event":"Cosmos performance: Cache miss for cosmos_cache__verdanta_stores__dbt_stores - skipped","logger":"cosmos.dbt.graph","filename":"graph.py","lineno":900}
{"timestamp":"2026-09-06T10:43:09.349149Z","level":"info","event":"Trying to parse the dbt project in `/opt/airflow/dbt/verdanta_project` using dbt ls...","logger":"cosmos.dbt.graph","filename":"graph.py","lineno":983}
{"timestamp":"2026-09-06T10:43:09.362913Z","level":"info","event":"Partial parse is enabled and the latest partial parse file is /tmp/cosmos/verdanta_stores__dbt_stores/target/partial_parse.msgpack","logger":"cosmos.dbt.graph","filename":"graph.py","lineno":1002}
{"timestamp":"2026-09-06T10:43:09.389327Z","level":"info","event":"Profile caching is enable.","logger":"cosmos.config","filename":"config.py","lineno":399}
{"timestamp":"2026-09-06T10:43:09.389716Z","level":"info","event":"Profile found in cache using profile: /tmp/cosmos/profile/88b0aa12559803c5b3e8b5b0cefa363d35d21cc93574699baf5727c52eda1f13/profiles.yml.","logger":"cosmos.config","filename":"config.py","lineno":379}
{"timestamp":"2026-09-06T10:43:10.905559Z","level":"info","event":"Running command with dbt Runner: `/home/airflow/.local/bin/dbt deps --project-dir /tmp/tmpjkqzv33m --profiles-dir /tmp/cosmos/profile/88b0aa12559803c5b3e8b5b0cefa363d35d21cc93574699baf5727c52eda1f13 --profile verdanta_project --target dev`","logger":"cosmos.dbt.graph","filename":"graph.py","lineno":361}
{"timestamp":"2026-09-06T10:43:10.905946Z","level":"info","event":"Trying to run dbtRunner with:\n ['deps', '--project-dir', '/tmp/tmpjkqzv33m', '--profiles-dir', '/tmp/cosmos/profile/88b0aa12559803c5b3e8b5b0cefa363d35d21cc93574699baf5727c52eda1f13', '--profile', 'verdanta_project', '--target', 'dev']\n in /tmp/tmpjkqzv33m","logger":"cosmos.dbt.runner","filename":"runner.py","lineno":95}
{"timestamp":"2026-09-06T10:43:11.012602Z","level":"info","event":"\u001b[0m10:43:11  Running with dbt=1.12.0","logger":"task.stdout"}
{"timestamp":"2026-09-06T10:43:11.410793Z","level":"info","event":"\u001b[0m10:43:11  Installing dbt-labs/dbt_utils","logger":"task.stdout"}
{"timestamp":"2026-09-06T10:43:11.868493Z","level":"info","event":"\u001b[0m10:43:11  Installed from version 1.4.1","logger":"task.stdout"}
{"timestamp":"2026-09-06T10:43:11.876054Z","level":"info","event":"\u001b[0m10:43:11  Up to date!","logger":"task.stdout"}
{"timestamp":"2026-09-06T10:43:12.635593Z","level":"info","event":"Running command with dbt Runner: `/home/airflow/.local/bin/dbt ls --output json --output-keys name unique_id resource_type depends_on original_file_path tags config freshness fqn --project-dir /tmp/tmpjkqzv33m --profiles-dir /tmp/cosmos/profile/88b0aa12559803c5b3e8b5b0cefa363d35d21cc93574699baf5727c52eda1f13 --profile verdanta_project --target dev --select stg_reference_stores+`","logger":"cosmos.dbt.graph","filename":"graph.py","lineno":361}
{"timestamp":"2026-09-06T10:43:12.635871Z","level":"info","event":"Trying to run dbtRunner with:\n ['ls', '--output', 'json', '--output-keys', 'name', 'unique_id', 'resource_type', 'depends_on', 'original_file_path', 'tags', 'config', 'freshness', 'fqn', '--project-dir', '/tmp/tmpjkqzv33m', '--profiles-dir', '/tmp/cosmos/profile/88b0aa12559803c5b3e8b5b0cefa363d35d21cc93574699baf5727c52eda1f13', '--profile', 'verdanta_project', '--target', 'dev', '--select', 'stg_reference_stores+']\n in /tmp/tmpjkqzv33m","logger":"cosmos.dbt.runner","filename":"runner.py","lineno":95}
{"timestamp":"2026-09-06T10:43:12.643691Z","level":"info","event":"\u001b[0m10:43:12  Running with dbt=1.12.0","logger":"task.stdout"}
{"timestamp":"2026-09-06T10:43:14.243680Z","level":"info","event":"\u001b[0m10:43:14  Registered adapter: databricks=1.10.9","logger":"task.stdout"}
{"timestamp":"2026-09-06T10:43:15.372061Z","level":"info","event":"\u001b[0m10:43:15  Found 22 models, 96 data tests, 3 seeds, 2 snapshots, 8 sources, 844 macros","logger":"task.stdout"}
{"timestamp":"2026-09-06T10:43:15.378366Z","level":"info","event":"\u001b[0m10:43:15  [\u001b[33mWARNING\u001b[0m]: The selection criterion 'stg_reference_stores+' does not match any enabled nodes","logger":"task.stdout"}
{"timestamp":"2026-09-06T10:43:15.378689Z","level":"info","event":"\u001b[0m10:43:15  [\u001b[33mWARNING\u001b[0m]: No nodes selected!","logger":"task.stdout"}
{"timestamp":"2026-09-06T10:43:16.288177Z","level":"info","event":"Cosmos performance: time to calculate cache identifier cosmos_cache__verdanta_stores__dbt_stores for current version: 0.13213593599994056","logger":"cosmos.cache","filename":"cache.py","lineno":401}
{"timestamp":"2026-09-06T10:43:16.326228Z","level":"info","event":"Total nodes: 0","logger":"cosmos.dbt.graph","filename":"graph.py","lineno":799}
{"timestamp":"2026-09-06T10:43:16.326422Z","level":"info","event":"Total filtered nodes: 0","logger":"cosmos.dbt.graph","filename":"graph.py","lineno":800}
{"timestamp":"2026-09-06T10:43:16.326528Z","level":"info","event":"Cosmos performance (verdanta_stores__dbt_stores) - [4daed8617553|864]: It took 7.13s to parse the dbt project for DAG using LoadMode.DBT_LS","logger":"cosmos.converter","filename":"converter.py","lineno":371}
{"timestamp":"2026-09-06T10:43:16.329116Z","level":"info","event":"Cosmos performance (verdanta_stores__dbt_stores) - [4daed8617553|864]: It took 0.00257s to build the Airflow DAG.","logger":"cosmos.converter","filename":"converter.py","lineno":423}
{"timestamp":"2026-09-06T10:43:16.329219Z","level":"info","event":"::endgroup::Cosmos DAG parsing logs","logger":"cosmos.converter","filename":"converter.py","lineno":430}
{"timestamp":"2026-09-06T10:43:16.329933Z","level":"warning","event":"Using Variable.get from `airflow.models` is deprecated.Please use `get` on Variable from sdk(`airflow.sdk.Variable`) instead","category":"UserWarning","filename":"/home/airflow/.local/lib/python3.13/site-packages/airflow/models/variable.py","lineno":158,"logger":"py.warnings"}
{"timestamp":"2026-09-06T10:43:16.330028Z","level":"warning","event":"Valid config keys have changed in V2:\n* 'allow_population_by_field_name' has been renamed to 'validate_by_name'","category":"UserWarning","filename":"/home/airflow/.local/lib/python3.13/site-packages/pydantic/_internal/_config.py","lineno":383,"logger":"py.warnings"}
{"timestamp":"2026-09-06T10:43:16.330093Z","level":"warning","event":"Using Variable.set from `airflow.models` is deprecated.Please use `set` on Variable from sdk(`airflow.sdk.Variable`) instead","category":"UserWarning","filename":"/home/airflow/.local/lib/python3.13/site-packages/airflow/models/variable.py","lineno":218,"logger":"py.warnings"}
{"timestamp":"2026-09-06T10:43:47.371005Z","level":"info","event":"Filling up the DagBag from /opt/airflow/dags/verdanta_stores.py","logger":"airflow.dag_processing.dagbag.BundleDagBag","filename":"dagbag.py","lineno":469}
{"timestamp":"2026-09-06T10:43:47.433563Z","level":"info","event":"::group::Cosmos DAG parsing logs","logger":"cosmos.converter","filename":"converter.py","lineno":321}
{"timestamp":"2026-09-06T10:43:47.436804Z","level":"info","event":"Cosmos cache dir resolved to /tmp/cosmos/verdanta_stores__dbt_stores","logger":"cosmos.converter","filename":"converter.py","lineno":346}
{"timestamp":"2026-09-06T10:43:47.437038Z","level":"info","event":"Trying to parse the dbt project using dbt ls cache cosmos_cache__verdanta_stores__dbt_stores...","logger":"cosmos.dbt.graph","filename":"graph.py","lineno":869}
{"timestamp":"2026-09-06T10:43:47.572713Z","level":"info","event":"Cosmos performance: time to calculate cache identifier cosmos_cache__verdanta_stores__dbt_stores for current version: 0.12136034500008464","logger":"cosmos.cache","filename":"cache.py","lineno":401}
{"timestamp":"2026-09-06T10:43:47.572895Z","level":"info","event":"Cosmos performance: Cache miss for cosmos_cache__verdanta_stores__dbt_stores - skipped","logger":"cosmos.dbt.graph","filename":"graph.py","lineno":900}
{"timestamp":"2026-09-06T10:43:47.573069Z","level":"info","event":"Trying to parse the dbt project in `/opt/airflow/dbt/verdanta_project` using dbt ls...","logger":"cosmos.dbt.graph","filename":"graph.py","lineno":983}
{"timestamp":"2026-09-06T10:43:47.585922Z","level":"info","event":"Partial parse is enabled and the latest partial parse file is /tmp/cosmos/verdanta_stores__dbt_stores/target/partial_parse.msgpack","logger":"cosmos.dbt.graph","filename":"graph.py","lineno":1002}
{"timestamp":"2026-09-06T10:43:47.610750Z","level":"info","event":"Profile caching is enable.","logger":"cosmos.config","filename":"config.py","lineno":399}
{"timestamp":"2026-09-06T10:43:47.611123Z","level":"info","event":"Profile found in cache using profile: /tmp/cosmos/profile/88b0aa12559803c5b3e8b5b0cefa363d35d21cc93574699baf5727c52eda1f13/profiles.yml.","logger":"cosmos.config","filename":"config.py","lineno":379}
{"timestamp":"2026-09-06T10:43:49.073231Z","level":"info","event":"Running command with dbt Runner: `/home/airflow/.local/bin/dbt deps --project-dir /tmp/tmpagzmql9i --profiles-dir /tmp/cosmos/profile/88b0aa12559803c5b3e8b5b0cefa363d35d21cc93574699baf5727c52eda1f13 --profile verdanta_project --target dev`","logger":"cosmos.dbt.graph","filename":"graph.py","lineno":361}
{"timestamp":"2026-09-06T10:43:49.073665Z","level":"info","event":"Trying to run dbtRunner with:\n ['deps', '--project-dir', '/tmp/tmpagzmql9i', '--profiles-dir', '/tmp/cosmos/profile/88b0aa12559803c5b3e8b5b0cefa363d35d21cc93574699baf5727c52eda1f13', '--profile', 'verdanta_project', '--target', 'dev']\n in /tmp/tmpagzmql9i","logger":"cosmos.dbt.runner","filename":"runner.py","lineno":95}
{"timestamp":"2026-09-06T10:43:49.181799Z","level":"info","event":"\u001b[0m10:43:49  Running with dbt=1.12.0","logger":"task.stdout"}
{"timestamp":"2026-09-06T10:43:49.616429Z","level":"info","event":"\u001b[0m10:43:49  Installing dbt-labs/dbt_utils","logger":"task.stdout"}
{"timestamp":"2026-09-06T10:43:50.468804Z","level":"info","event":"\u001b[0m10:43:50  Installed from version 1.4.1","logger":"task.stdout"}
{"timestamp":"2026-09-06T10:43:50.485317Z","level":"info","event":"\u001b[0m10:43:50  Up to date!","logger":"task.stdout"}
{"timestamp":"2026-09-06T10:43:51.229589Z","level":"info","event":"Running command with dbt Runner: `/home/airflow/.local/bin/dbt ls --output json --output-keys name unique_id resource_type depends_on original_file_path tags config freshness fqn --project-dir /tmp/tmpagzmql9i --profiles-dir /tmp/cosmos/profile/88b0aa12559803c5b3e8b5b0cefa363d35d21cc93574699baf5727c52eda1f13 --profile verdanta_project --target dev --select stg_reference_stores+`","logger":"cosmos.dbt.graph","filename":"graph.py","lineno":361}
{"timestamp":"2026-09-06T10:43:51.229915Z","level":"info","event":"Trying to run dbtRunner with:\n ['ls', '--output', 'json', '--output-keys', 'name', 'unique_id', 'resource_type', 'depends_on', 'original_file_path', 'tags', 'config', 'freshness', 'fqn', '--project-dir', '/tmp/tmpagzmql9i', '--profiles-dir', '/tmp/cosmos/profile/88b0aa12559803c5b3e8b5b0cefa363d35d21cc93574699baf5727c52eda1f13', '--profile', 'verdanta_project', '--target', 'dev', '--select', 'stg_reference_stores+']\n in /tmp/tmpagzmql9i","logger":"cosmos.dbt.runner","filename":"runner.py","lineno":95}
{"timestamp":"2026-09-06T10:43:51.239993Z","level":"info","event":"\u001b[0m10:43:51  Running with dbt=1.12.0","logger":"task.stdout"}
{"timestamp":"2026-09-06T10:43:53.045435Z","level":"info","event":"\u001b[0m10:43:53  Registered adapter: databricks=1.10.9","logger":"task.stdout"}
{"timestamp":"2026-09-06T10:43:54.155414Z","level":"info","event":"\u001b[0m10:43:54  Found 22 models, 96 data tests, 3 seeds, 2 snapshots, 8 sources, 844 macros","logger":"task.stdout"}
{"timestamp":"2026-09-06T10:43:54.163797Z","level":"info","event":"\u001b[0m10:43:54  [\u001b[33mWARNING\u001b[0m]: The selection criterion 'stg_reference_stores+' does not match any enabled nodes","logger":"task.stdout"}
{"timestamp":"2026-09-06T10:43:54.164090Z","level":"info","event":"\u001b[0m10:43:54  [\u001b[33mWARNING\u001b[0m]: No nodes selected!","logger":"task.stdout"}
{"timestamp":"2026-09-06T10:43:55.048427Z","level":"info","event":"Cosmos performance: time to calculate cache identifier cosmos_cache__verdanta_stores__dbt_stores for current version: 0.1276603429998886","logger":"cosmos.cache","filename":"cache.py","lineno":401}
{"timestamp":"2026-09-06T10:43:55.086434Z","level":"info","event":"Total nodes: 0","logger":"cosmos.dbt.graph","filename":"graph.py","lineno":799}
{"timestamp":"2026-09-06T10:43:55.086641Z","level":"info","event":"Total filtered nodes: 0","logger":"cosmos.dbt.graph","filename":"graph.py","lineno":800}
{"timestamp":"2026-09-06T10:43:55.086755Z","level":"info","event":"Cosmos performance (verdanta_stores__dbt_stores) - [4daed8617553|900]: It took 7.65s to parse the dbt project for DAG using LoadMode.DBT_LS","logger":"cosmos.converter","filename":"converter.py","lineno":371}
{"timestamp":"2026-09-06T10:43:55.088960Z","level":"info","event":"Cosmos performance (verdanta_stores__dbt_stores) - [4daed8617553|900]: It took 0.00218s to build the Airflow DAG.","logger":"cosmos.converter","filename":"converter.py","lineno":423}
{"timestamp":"2026-09-06T10:43:55.089076Z","level":"info","event":"::endgroup::Cosmos DAG parsing logs","logger":"cosmos.converter","filename":"converter.py","lineno":430}
{"timestamp":"2026-09-06T10:43:55.089848Z","level":"warning","event":"Using Variable.get from `airflow.models` is deprecated.Please use `get` on Variable from sdk(`airflow.sdk.Variable`) instead","category":"UserWarning","filename":"/home/airflow/.local/lib/python3.13/site-packages/airflow/models/variable.py","lineno":158,"logger":"py.warnings"}
{"timestamp":"2026-09-06T10:43:55.089965Z","level":"warning","event":"Valid config keys have changed in V2:\n* 'allow_population_by_field_name' has been renamed to 'validate_by_name'","category":"UserWarning","filename":"/home/airflow/.local/lib/python3.13/site-packages/pydantic/_internal/_config.py","lineno":383,"logger":"py.warnings"}
{"timestamp":"2026-09-06T10:43:55.090039Z","level":"warning","event":"Using Variable.set from `airflow.models` is deprecated.Please use `set` on Variable from sdk(`airflow.sdk.Variable`) instead","category":"UserWarning","filename":"/home/airflow/.local/lib/python3.13/site-packages/airflow/models/variable.py","lineno":218,"logger":"py.warnings"}
{"timestamp":"2026-09-06T10:44:25.254240Z","level":"info","event":"Filling up the DagBag from /opt/airflow/dags/verdanta_stores.py","logger":"airflow.dag_processing.dagbag.BundleDagBag","filename":"dagbag.py","lineno":469}
{"timestamp":"2026-09-06T10:44:25.337425Z","level":"info","event":"::group::Cosmos DAG parsing logs","logger":"cosmos.converter","filename":"converter.py","lineno":321}
{"timestamp":"2026-09-06T10:44:25.341495Z","level":"info","event":"Cosmos cache dir resolved to /tmp/cosmos/verdanta_stores__dbt_stores","logger":"cosmos.converter","filename":"converter.py","lineno":346}
{"timestamp":"2026-09-06T10:44:25.341757Z","level":"info","event":"Trying to parse the dbt project using dbt ls cache cosmos_cache__verdanta_stores__dbt_stores...","logger":"cosmos.dbt.graph","filename":"graph.py","lineno":869}
{"timestamp":"2026-09-06T10:44:25.492326Z","level":"info","event":"Cosmos performance: time to calculate cache identifier cosmos_cache__verdanta_stores__dbt_stores for current version: 0.13367562999997062","logger":"cosmos.cache","filename":"cache.py","lineno":401}
{"timestamp":"2026-09-06T10:44:25.492514Z","level":"info","event":"Cosmos performance: Cache miss for cosmos_cache__verdanta_stores__dbt_stores - skipped","logger":"cosmos.dbt.graph","filename":"graph.py","lineno":900}
{"timestamp":"2026-09-06T10:44:25.492684Z","level":"info","event":"Trying to parse the dbt project in `/opt/airflow/dbt/verdanta_project` using dbt ls...","logger":"cosmos.dbt.graph","filename":"graph.py","lineno":983}
{"timestamp":"2026-09-06T10:44:25.508526Z","level":"info","event":"Partial parse is enabled and the latest partial parse file is /tmp/cosmos/verdanta_stores__dbt_stores/target/partial_parse.msgpack","logger":"cosmos.dbt.graph","filename":"graph.py","lineno":1002}
{"timestamp":"2026-09-06T10:44:25.535500Z","level":"info","event":"Profile caching is enable.","logger":"cosmos.config","filename":"config.py","lineno":399}
{"timestamp":"2026-09-06T10:44:25.535919Z","level":"info","event":"Profile found in cache using profile: /tmp/cosmos/profile/88b0aa12559803c5b3e8b5b0cefa363d35d21cc93574699baf5727c52eda1f13/profiles.yml.","logger":"cosmos.config","filename":"config.py","lineno":379}
{"timestamp":"2026-09-06T10:44:27.099586Z","level":"info","event":"Running command with dbt Runner: `/home/airflow/.local/bin/dbt deps --project-dir /tmp/tmp_5nu6zt3 --profiles-dir /tmp/cosmos/profile/88b0aa12559803c5b3e8b5b0cefa363d35d21cc93574699baf5727c52eda1f13 --profile verdanta_project --target dev`","logger":"cosmos.dbt.graph","filename":"graph.py","lineno":361}
{"timestamp":"2026-09-06T10:44:27.099955Z","level":"info","event":"Trying to run dbtRunner with:\n ['deps', '--project-dir', '/tmp/tmp_5nu6zt3', '--profiles-dir', '/tmp/cosmos/profile/88b0aa12559803c5b3e8b5b0cefa363d35d21cc93574699baf5727c52eda1f13', '--profile', 'verdanta_project', '--target', 'dev']\n in /tmp/tmp_5nu6zt3","logger":"cosmos.dbt.runner","filename":"runner.py","lineno":95}
{"timestamp":"2026-09-06T10:44:27.191863Z","level":"info","event":"\u001b[0m10:44:27  Running with dbt=1.12.0","logger":"task.stdout"}
{"timestamp":"2026-09-06T10:44:27.482607Z","level":"info","event":"\u001b[0m10:44:27  Installing dbt-labs/dbt_utils","logger":"task.stdout"}
{"timestamp":"2026-09-06T10:44:27.940004Z","level":"info","event":"\u001b[0m10:44:27  Installed from version 1.4.1","logger":"task.stdout"}
{"timestamp":"2026-09-06T10:44:27.946852Z","level":"info","event":"\u001b[0m10:44:27  Up to date!","logger":"task.stdout"}
{"timestamp":"2026-09-06T10:44:28.666148Z","level":"info","event":"Running command with dbt Runner: `/home/airflow/.local/bin/dbt ls --output json --output-keys name unique_id resource_type depends_on original_file_path tags config freshness fqn --project-dir /tmp/tmp_5nu6zt3 --profiles-dir /tmp/cosmos/profile/88b0aa12559803c5b3e8b5b0cefa363d35d21cc93574699baf5727c52eda1f13 --profile verdanta_project --target dev --select stg_reference_stores+`","logger":"cosmos.dbt.graph","filename":"graph.py","lineno":361}
{"timestamp":"2026-09-06T10:44:28.666422Z","level":"info","event":"Trying to run dbtRunner with:\n ['ls', '--output', 'json', '--output-keys', 'name', 'unique_id', 'resource_type', 'depends_on', 'original_file_path', 'tags', 'config', 'freshness', 'fqn', '--project-dir', '/tmp/tmp_5nu6zt3', '--profiles-dir', '/tmp/cosmos/profile/88b0aa12559803c5b3e8b5b0cefa363d35d21cc93574699baf5727c52eda1f13', '--profile', 'verdanta_project', '--target', 'dev', '--select', 'stg_reference_stores+']\n in /tmp/tmp_5nu6zt3","logger":"cosmos.dbt.runner","filename":"runner.py","lineno":95}
{"timestamp":"2026-09-06T10:44:28.678378Z","level":"info","event":"\u001b[0m10:44:28  Running with dbt=1.12.0","logger":"task.stdout"}
{"timestamp":"2026-09-06T10:44:30.311655Z","level":"info","event":"\u001b[0m10:44:30  Registered adapter: databricks=1.10.9","logger":"task.stdout"}
{"timestamp":"2026-09-06T10:44:31.421939Z","level":"info","event":"\u001b[0m10:44:31  Found 22 models, 96 data tests, 3 seeds, 2 snapshots, 8 sources, 844 macros","logger":"task.stdout"}
{"timestamp":"2026-09-06T10:44:31.428854Z","level":"info","event":"\u001b[0m10:44:31  [\u001b[33mWARNING\u001b[0m]: The selection criterion 'stg_reference_stores+' does not match any enabled nodes","logger":"task.stdout"}
{"timestamp":"2026-09-06T10:44:31.429233Z","level":"info","event":"\u001b[0m10:44:31  [\u001b[33mWARNING\u001b[0m]: No nodes selected!","logger":"task.stdout"}
{"timestamp":"2026-09-06T10:44:32.287554Z","level":"info","event":"Cosmos performance: time to calculate cache identifier cosmos_cache__verdanta_stores__dbt_stores for current version: 0.1261477030000151","logger":"cosmos.cache","filename":"cache.py","lineno":401}
{"timestamp":"2026-09-06T10:44:32.333504Z","level":"info","event":"Total nodes: 0","logger":"cosmos.dbt.graph","filename":"graph.py","lineno":799}
{"timestamp":"2026-09-06T10:44:32.333678Z","level":"info","event":"Total filtered nodes: 0","logger":"cosmos.dbt.graph","filename":"graph.py","lineno":800}
{"timestamp":"2026-09-06T10:44:32.333792Z","level":"info","event":"Cosmos performance (verdanta_stores__dbt_stores) - [4daed8617553|944]: It took 6.99s to parse the dbt project for DAG using LoadMode.DBT_LS","logger":"cosmos.converter","filename":"converter.py","lineno":371}
{"timestamp":"2026-09-06T10:44:32.335683Z","level":"info","event":"Cosmos performance (verdanta_stores__dbt_stores) - [4daed8617553|944]: It took 0.00189s to build the Airflow DAG.","logger":"cosmos.converter","filename":"converter.py","lineno":423}
{"timestamp":"2026-09-06T10:44:32.335770Z","level":"info","event":"::endgroup::Cosmos DAG parsing logs","logger":"cosmos.converter","filename":"converter.py","lineno":430}
{"timestamp":"2026-09-06T10:44:32.336354Z","level":"warning","event":"Using Variable.get from `airflow.models` is deprecated.Please use `get` on Variable from sdk(`airflow.sdk.Variable`) instead","category":"UserWarning","filename":"/home/airflow/.local/lib/python3.13/site-packages/airflow/models/variable.py","lineno":158,"logger":"py.warnings"}
{"timestamp":"2026-09-06T10:44:32.336441Z","level":"warning","event":"Valid config keys have changed in V2:\n* 'allow_population_by_field_name' has been renamed to 'validate_by_name'","category":"UserWarning","filename":"/home/airflow/.local/lib/python3.13/site-packages/pydantic/_internal/_config.py","lineno":383,"logger":"py.warnings"}
{"timestamp":"2026-09-06T10:44:32.336504Z","level":"warning","event":"Using Variable.set from `airflow.models` is deprecated.Please use `set` on Variable from sdk(`airflow.sdk.Variable`) instead","category":"UserWarning","filename":"/home/airflow/.local/lib/python3.13/site-packages/airflow/models/variable.py","lineno":218,"logger":"py.warnings"}
{"timestamp":"2026-09-06T10:45:02.502799Z","level":"info","event":"Filling up the DagBag from /opt/airflow/dags/verdanta_stores.py","logger":"airflow.dag_processing.dagbag.BundleDagBag","filename":"dagbag.py","lineno":469}
{"timestamp":"2026-09-06T10:45:02.572850Z","level":"info","event":"::group::Cosmos DAG parsing logs","logger":"cosmos.converter","filename":"converter.py","lineno":321}
{"timestamp":"2026-09-06T10:45:02.576428Z","level":"info","event":"Cosmos cache dir resolved to /tmp/cosmos/verdanta_stores__dbt_stores","logger":"cosmos.converter","filename":"converter.py","lineno":346}
{"timestamp":"2026-09-06T10:45:02.576708Z","level":"info","event":"Trying to parse the dbt project using dbt ls cache cosmos_cache__verdanta_stores__dbt_stores...","logger":"cosmos.dbt.graph","filename":"graph.py","lineno":869}
{"timestamp":"2026-09-06T10:45:02.727680Z","level":"info","event":"Cosmos performance: time to calculate cache identifier cosmos_cache__verdanta_stores__dbt_stores for current version: 0.13397756499989555","logger":"cosmos.cache","filename":"cache.py","lineno":401}
{"timestamp":"2026-09-06T10:45:02.727899Z","level":"info","event":"Cosmos performance: Cache miss for cosmos_cache__verdanta_stores__dbt_stores - skipped","logger":"cosmos.dbt.graph","filename":"graph.py","lineno":900}
{"timestamp":"2026-09-06T10:45:02.728090Z","level":"info","event":"Trying to parse the dbt project in `/opt/airflow/dbt/verdanta_project` using dbt ls...","logger":"cosmos.dbt.graph","filename":"graph.py","lineno":983}
{"timestamp":"2026-09-06T10:45:02.740995Z","level":"info","event":"Partial parse is enabled and the latest partial parse file is /tmp/cosmos/verdanta_stores__dbt_stores/target/partial_parse.msgpack","logger":"cosmos.dbt.graph","filename":"graph.py","lineno":1002}
{"timestamp":"2026-09-06T10:45:02.768167Z","level":"info","event":"Profile caching is enable.","logger":"cosmos.config","filename":"config.py","lineno":399}
{"timestamp":"2026-09-06T10:45:02.768519Z","level":"info","event":"Profile found in cache using profile: /tmp/cosmos/profile/88b0aa12559803c5b3e8b5b0cefa363d35d21cc93574699baf5727c52eda1f13/profiles.yml.","logger":"cosmos.config","filename":"config.py","lineno":379}
{"timestamp":"2026-09-06T10:45:04.302065Z","level":"info","event":"Running command with dbt Runner: `/home/airflow/.local/bin/dbt deps --project-dir /tmp/tmpkjnd8efu --profiles-dir /tmp/cosmos/profile/88b0aa12559803c5b3e8b5b0cefa363d35d21cc93574699baf5727c52eda1f13 --profile verdanta_project --target dev`","logger":"cosmos.dbt.graph","filename":"graph.py","lineno":361}
{"timestamp":"2026-09-06T10:45:04.302476Z","level":"info","event":"Trying to run dbtRunner with:\n ['deps', '--project-dir', '/tmp/tmpkjnd8efu', '--profiles-dir', '/tmp/cosmos/profile/88b0aa12559803c5b3e8b5b0cefa363d35d21cc93574699baf5727c52eda1f13', '--profile', 'verdanta_project', '--target', 'dev']\n in /tmp/tmpkjnd8efu","logger":"cosmos.dbt.runner","filename":"runner.py","lineno":95}
{"timestamp":"2026-09-06T10:45:04.392165Z","level":"info","event":"\u001b[0m10:45:04  Running with dbt=1.12.0","logger":"task.stdout"}
{"timestamp":"2026-09-06T10:45:04.814671Z","level":"info","event":"\u001b[0m10:45:04  Installing dbt-labs/dbt_utils","logger":"task.stdout"}
{"timestamp":"2026-09-06T10:45:05.284772Z","level":"info","event":"\u001b[0m10:45:05  Installed from version 1.4.1","logger":"task.stdout"}
{"timestamp":"2026-09-06T10:45:05.291898Z","level":"info","event":"\u001b[0m10:45:05  Up to date!","logger":"task.stdout"}
{"timestamp":"2026-09-06T10:45:06.057359Z","level":"info","event":"Running command with dbt Runner: `/home/airflow/.local/bin/dbt ls --output json --output-keys name unique_id resource_type depends_on original_file_path tags config freshness fqn --project-dir /tmp/tmpkjnd8efu --profiles-dir /tmp/cosmos/profile/88b0aa12559803c5b3e8b5b0cefa363d35d21cc93574699baf5727c52eda1f13 --profile verdanta_project --target dev --select stg_reference_stores+`","logger":"cosmos.dbt.graph","filename":"graph.py","lineno":361}
{"timestamp":"2026-09-06T10:45:06.057704Z","level":"info","event":"Trying to run dbtRunner with:\n ['ls', '--output', 'json', '--output-keys', 'name', 'unique_id', 'resource_type', 'depends_on', 'original_file_path', 'tags', 'config', 'freshness', 'fqn', '--project-dir', '/tmp/tmpkjnd8efu', '--profiles-dir', '/tmp/cosmos/profile/88b0aa12559803c5b3e8b5b0cefa363d35d21cc93574699baf5727c52eda1f13', '--profile', 'verdanta_project', '--target', 'dev', '--select', 'stg_reference_stores+']\n in /tmp/tmpkjnd8efu","logger":"cosmos.dbt.runner","filename":"runner.py","lineno":95}
{"timestamp":"2026-09-06T10:45:06.072728Z","level":"info","event":"\u001b[0m10:45:06  Running with dbt=1.12.0","logger":"task.stdout"}
{"timestamp":"2026-09-06T10:45:07.747443Z","level":"info","event":"\u001b[0m10:45:07  Registered adapter: databricks=1.10.9","logger":"task.stdout"}
{"timestamp":"2026-09-06T10:45:08.826153Z","level":"info","event":"\u001b[0m10:45:08  Found 22 models, 96 data tests, 3 seeds, 2 snapshots, 8 sources, 844 macros","logger":"task.stdout"}
{"timestamp":"2026-09-06T10:45:08.839129Z","level":"info","event":"\u001b[0m10:45:08  [\u001b[33mWARNING\u001b[0m]: The selection criterion 'stg_reference_stores+' does not match any enabled nodes","logger":"task.stdout"}
{"timestamp":"2026-09-06T10:45:08.839425Z","level":"info","event":"\u001b[0m10:45:08  [\u001b[33mWARNING\u001b[0m]: No nodes selected!","logger":"task.stdout"}
{"timestamp":"2026-09-06T10:45:09.718841Z","level":"info","event":"Cosmos performance: time to calculate cache identifier cosmos_cache__verdanta_stores__dbt_stores for current version: 0.13946414499991988","logger":"cosmos.cache","filename":"cache.py","lineno":401}
{"timestamp":"2026-09-06T10:45:09.763056Z","level":"info","event":"Total nodes: 0","logger":"cosmos.dbt.graph","filename":"graph.py","lineno":799}
{"timestamp":"2026-09-06T10:45:09.763262Z","level":"info","event":"Total filtered nodes: 0","logger":"cosmos.dbt.graph","filename":"graph.py","lineno":800}
{"timestamp":"2026-09-06T10:45:09.763376Z","level":"info","event":"Cosmos performance (verdanta_stores__dbt_stores) - [4daed8617553|983]: It took 7.19s to parse the dbt project for DAG using LoadMode.DBT_LS","logger":"cosmos.converter","filename":"converter.py","lineno":371}
{"timestamp":"2026-09-06T10:45:09.765490Z","level":"info","event":"Cosmos performance (verdanta_stores__dbt_stores) - [4daed8617553|983]: It took 0.00209s to build the Airflow DAG.","logger":"cosmos.converter","filename":"converter.py","lineno":423}
{"timestamp":"2026-09-06T10:45:09.765598Z","level":"info","event":"::endgroup::Cosmos DAG parsing logs","logger":"cosmos.converter","filename":"converter.py","lineno":430}
{"timestamp":"2026-09-06T10:45:09.766332Z","level":"warning","event":"Using Variable.get from `airflow.models` is deprecated.Please use `get` on Variable from sdk(`airflow.sdk.Variable`) instead","category":"UserWarning","filename":"/home/airflow/.local/lib/python3.13/site-packages/airflow/models/variable.py","lineno":158,"logger":"py.warnings"}
{"timestamp":"2026-09-06T10:45:09.766442Z","level":"warning","event":"Valid config keys have changed in V2:\n* 'allow_population_by_field_name' has been renamed to 'validate_by_name'","category":"UserWarning","filename":"/home/airflow/.local/lib/python3.13/site-packages/pydantic/_internal/_config.py","lineno":383,"logger":"py.warnings"}
{"timestamp":"2026-09-06T10:45:09.766517Z","level":"warning","event":"Using Variable.set from `airflow.models` is deprecated.Please use `set` on Variable from sdk(`airflow.sdk.Variable`) instead","category":"UserWarning","filename":"/home/airflow/.local/lib/python3.13/site-packages/airflow/models/variable.py","lineno":218,"logger":"py.warnings"}
{"timestamp":"2026-09-06T10:45:39.884931Z","level":"info","event":"Filling up the DagBag from /opt/airflow/dags/verdanta_stores.py","logger":"airflow.dag_processing.dagbag.BundleDagBag","filename":"dagbag.py","lineno":469}
{"timestamp":"2026-09-06T10:45:39.949013Z","level":"info","event":"::group::Cosmos DAG parsing logs","logger":"cosmos.converter","filename":"converter.py","lineno":321}
{"timestamp":"2026-09-06T10:45:39.952061Z","level":"info","event":"Cosmos cache dir resolved to /tmp/cosmos/verdanta_stores__dbt_stores","logger":"cosmos.converter","filename":"converter.py","lineno":346}
{"timestamp":"2026-09-06T10:45:39.952302Z","level":"info","event":"Trying to parse the dbt project using dbt ls cache cosmos_cache__verdanta_stores__dbt_stores...","logger":"cosmos.dbt.graph","filename":"graph.py","lineno":869}
{"timestamp":"2026-09-06T10:45:40.109731Z","level":"info","event":"Cosmos performance: time to calculate cache identifier cosmos_cache__verdanta_stores__dbt_stores for current version: 0.14240243299991562","logger":"cosmos.cache","filename":"cache.py","lineno":401}
{"timestamp":"2026-09-06T10:45:40.109956Z","level":"info","event":"Cosmos performance: Cache miss for cosmos_cache__verdanta_stores__dbt_stores - skipped","logger":"cosmos.dbt.graph","filename":"graph.py","lineno":900}
{"timestamp":"2026-09-06T10:45:40.110144Z","level":"info","event":"Trying to parse the dbt project in `/opt/airflow/dbt/verdanta_project` using dbt ls...","logger":"cosmos.dbt.graph","filename":"graph.py","lineno":983}
{"timestamp":"2026-09-06T10:45:40.126907Z","level":"info","event":"Partial parse is enabled and the latest partial parse file is /tmp/cosmos/verdanta_stores__dbt_stores/target/partial_parse.msgpack","logger":"cosmos.dbt.graph","filename":"graph.py","lineno":1002}
{"timestamp":"2026-09-06T10:45:40.156817Z","level":"info","event":"Profile caching is enable.","logger":"cosmos.config","filename":"config.py","lineno":399}
{"timestamp":"2026-09-06T10:45:40.157306Z","level":"info","event":"Profile found in cache using profile: /tmp/cosmos/profile/88b0aa12559803c5b3e8b5b0cefa363d35d21cc93574699baf5727c52eda1f13/profiles.yml.","logger":"cosmos.config","filename":"config.py","lineno":379}
{"timestamp":"2026-09-06T10:45:41.651776Z","level":"info","event":"Running command with dbt Runner: `/home/airflow/.local/bin/dbt deps --project-dir /tmp/tmpktcjxm85 --profiles-dir /tmp/cosmos/profile/88b0aa12559803c5b3e8b5b0cefa363d35d21cc93574699baf5727c52eda1f13 --profile verdanta_project --target dev`","logger":"cosmos.dbt.graph","filename":"graph.py","lineno":361}
{"timestamp":"2026-09-06T10:45:41.652269Z","level":"info","event":"Trying to run dbtRunner with:\n ['deps', '--project-dir', '/tmp/tmpktcjxm85', '--profiles-dir', '/tmp/cosmos/profile/88b0aa12559803c5b3e8b5b0cefa363d35d21cc93574699baf5727c52eda1f13', '--profile', 'verdanta_project', '--target', 'dev']\n in /tmp/tmpktcjxm85","logger":"cosmos.dbt.runner","filename":"runner.py","lineno":95}
{"timestamp":"2026-09-06T10:45:41.743405Z","level":"info","event":"\u001b[0m10:45:41  Running with dbt=1.12.0","logger":"task.stdout"}
{"timestamp":"2026-09-06T10:45:42.069142Z","level":"info","event":"\u001b[0m10:45:42  Installing dbt-labs/dbt_utils","logger":"task.stdout"}
{"timestamp":"2026-09-06T10:45:42.498718Z","level":"info","event":"\u001b[0m10:45:42  Installed from version 1.4.1","logger":"task.stdout"}
{"timestamp":"2026-09-06T10:45:42.505981Z","level":"info","event":"\u001b[0m10:45:42  Up to date!","logger":"task.stdout"}
{"timestamp":"2026-09-06T10:45:43.235758Z","level":"info","event":"Running command with dbt Runner: `/home/airflow/.local/bin/dbt ls --output json --output-keys name unique_id resource_type depends_on original_file_path tags config freshness fqn --project-dir /tmp/tmpktcjxm85 --profiles-dir /tmp/cosmos/profile/88b0aa12559803c5b3e8b5b0cefa363d35d21cc93574699baf5727c52eda1f13 --profile verdanta_project --target dev --select stg_reference_stores+`","logger":"cosmos.dbt.graph","filename":"graph.py","lineno":361}
{"timestamp":"2026-09-06T10:45:43.236033Z","level":"info","event":"Trying to run dbtRunner with:\n ['ls', '--output', 'json', '--output-keys', 'name', 'unique_id', 'resource_type', 'depends_on', 'original_file_path', 'tags', 'config', 'freshness', 'fqn', '--project-dir', '/tmp/tmpktcjxm85', '--profiles-dir', '/tmp/cosmos/profile/88b0aa12559803c5b3e8b5b0cefa363d35d21cc93574699baf5727c52eda1f13', '--profile', 'verdanta_project', '--target', 'dev', '--select', 'stg_reference_stores+']\n in /tmp/tmpktcjxm85","logger":"cosmos.dbt.runner","filename":"runner.py","lineno":95}
{"timestamp":"2026-09-06T10:45:43.248274Z","level":"info","event":"\u001b[0m10:45:43  Running with dbt=1.12.0","logger":"task.stdout"}
{"timestamp":"2026-09-06T10:45:45.069426Z","level":"info","event":"\u001b[0m10:45:45  Registered adapter: databricks=1.10.9","logger":"task.stdout"}
{"timestamp":"2026-09-06T10:45:46.187744Z","level":"info","event":"\u001b[0m10:45:46  Found 22 models, 96 data tests, 3 seeds, 2 snapshots, 8 sources, 844 macros","logger":"task.stdout"}
{"timestamp":"2026-09-06T10:45:46.194543Z","level":"info","event":"\u001b[0m10:45:46  [\u001b[33mWARNING\u001b[0m]: The selection criterion 'stg_reference_stores+' does not match any enabled nodes","logger":"task.stdout"}
{"timestamp":"2026-09-06T10:45:46.194870Z","level":"info","event":"\u001b[0m10:45:46  [\u001b[33mWARNING\u001b[0m]: No nodes selected!","logger":"task.stdout"}
{"timestamp":"2026-09-06T10:45:47.095972Z","level":"info","event":"Cosmos performance: time to calculate cache identifier cosmos_cache__verdanta_stores__dbt_stores for current version: 0.12541102799991677","logger":"cosmos.cache","filename":"cache.py","lineno":401}
{"timestamp":"2026-09-06T10:45:47.135300Z","level":"info","event":"Total nodes: 0","logger":"cosmos.dbt.graph","filename":"graph.py","lineno":799}
{"timestamp":"2026-09-06T10:45:47.135507Z","level":"info","event":"Total filtered nodes: 0","logger":"cosmos.dbt.graph","filename":"graph.py","lineno":800}
{"timestamp":"2026-09-06T10:45:47.135641Z","level":"info","event":"Cosmos performance (verdanta_stores__dbt_stores) - [4daed8617553|1022]: It took 7.18s to parse the dbt project for DAG using LoadMode.DBT_LS","logger":"cosmos.converter","filename":"converter.py","lineno":371}
{"timestamp":"2026-09-06T10:45:47.137743Z","level":"info","event":"Cosmos performance (verdanta_stores__dbt_stores) - [4daed8617553|1022]: It took 0.00207s to build the Airflow DAG.","logger":"cosmos.converter","filename":"converter.py","lineno":423}
{"timestamp":"2026-09-06T10:45:47.137871Z","level":"info","event":"::endgroup::Cosmos DAG parsing logs","logger":"cosmos.converter","filename":"converter.py","lineno":430}
{"timestamp":"2026-09-06T10:45:47.138585Z","level":"warning","event":"Using Variable.get from `airflow.models` is deprecated.Please use `get` on Variable from sdk(`airflow.sdk.Variable`) instead","category":"UserWarning","filename":"/home/airflow/.local/lib/python3.13/site-packages/airflow/models/variable.py","lineno":158,"logger":"py.warnings"}
{"timestamp":"2026-09-06T10:45:47.138684Z","level":"warning","event":"Valid config keys have changed in V2:\n* 'allow_population_by_field_name' has been renamed to 'validate_by_name'","category":"UserWarning","filename":"/home/airflow/.local/lib/python3.13/site-packages/pydantic/_internal/_config.py","lineno":383,"logger":"py.warnings"}
{"timestamp":"2026-09-06T10:45:47.138749Z","level":"warning","event":"Using Variable.set from `airflow.models` is deprecated.Please use `set` on Variable from sdk(`airflow.sdk.Variable`) instead","category":"UserWarning","filename":"/home/airflow/.local/lib/python3.13/site-packages/airflow/models/variable.py","lineno":218,"logger":"py.warnings"}
{"timestamp":"2026-09-06T10:46:11.259008Z","level":"info","event":"Filling up the DagBag from /opt/airflow/dags/verdanta_stores.py","logger":"airflow.dag_processing.dagbag.BundleDagBag","filename":"dagbag.py","lineno":469}
{"timestamp":"2026-09-06T10:46:11.341041Z","level":"info","event":"::group::Cosmos DAG parsing logs","logger":"cosmos.converter","filename":"converter.py","lineno":321}
{"timestamp":"2026-09-06T10:46:11.344557Z","level":"info","event":"Cosmos cache dir resolved to /tmp/cosmos/verdanta_stores__dbt_stores","logger":"cosmos.converter","filename":"converter.py","lineno":346}
{"timestamp":"2026-09-06T10:46:11.344795Z","level":"info","event":"Trying to parse the dbt project using dbt ls cache cosmos_cache__verdanta_stores__dbt_stores...","logger":"cosmos.dbt.graph","filename":"graph.py","lineno":869}
{"timestamp":"2026-09-06T10:46:11.487251Z","level":"info","event":"Cosmos performance: time to calculate cache identifier cosmos_cache__verdanta_stores__dbt_stores for current version: 0.12664641399987886","logger":"cosmos.cache","filename":"cache.py","lineno":401}
{"timestamp":"2026-09-06T10:46:11.487435Z","level":"info","event":"Cosmos performance: Cache miss for cosmos_cache__verdanta_stores__dbt_stores - skipped","logger":"cosmos.dbt.graph","filename":"graph.py","lineno":900}
{"timestamp":"2026-09-06T10:46:11.487584Z","level":"info","event":"Trying to parse the dbt project in `/opt/airflow/dbt/verdanta_project` using dbt ls...","logger":"cosmos.dbt.graph","filename":"graph.py","lineno":983}
{"timestamp":"2026-09-06T10:46:11.500933Z","level":"info","event":"Partial parse is enabled and the latest partial parse file is /tmp/cosmos/verdanta_stores__dbt_stores/target/partial_parse.msgpack","logger":"cosmos.dbt.graph","filename":"graph.py","lineno":1002}
{"timestamp":"2026-09-06T10:46:11.528967Z","level":"info","event":"Profile caching is enable.","logger":"cosmos.config","filename":"config.py","lineno":399}
{"timestamp":"2026-09-06T10:46:11.529629Z","level":"info","event":"Profile found in cache using profile: /tmp/cosmos/profile/88b0aa12559803c5b3e8b5b0cefa363d35d21cc93574699baf5727c52eda1f13/profiles.yml.","logger":"cosmos.config","filename":"config.py","lineno":379}
{"timestamp":"2026-09-06T10:46:13.140904Z","level":"info","event":"Running command with dbt Runner: `/home/airflow/.local/bin/dbt deps --project-dir /tmp/tmp4tpeznw3 --profiles-dir /tmp/cosmos/profile/88b0aa12559803c5b3e8b5b0cefa363d35d21cc93574699baf5727c52eda1f13 --profile verdanta_project --target dev`","logger":"cosmos.dbt.graph","filename":"graph.py","lineno":361}
{"timestamp":"2026-09-06T10:46:13.141301Z","level":"info","event":"Trying to run dbtRunner with:\n ['deps', '--project-dir', '/tmp/tmp4tpeznw3', '--profiles-dir', '/tmp/cosmos/profile/88b0aa12559803c5b3e8b5b0cefa363d35d21cc93574699baf5727c52eda1f13', '--profile', 'verdanta_project', '--target', 'dev']\n in /tmp/tmp4tpeznw3","logger":"cosmos.dbt.runner","filename":"runner.py","lineno":95}
{"timestamp":"2026-09-06T10:46:13.237215Z","level":"info","event":"\u001b[0m10:46:13  Running with dbt=1.12.0","logger":"task.stdout"}
{"timestamp":"2026-09-06T10:46:13.645839Z","level":"info","event":"\u001b[0m10:46:13  Installing dbt-labs/dbt_utils","logger":"task.stdout"}
{"timestamp":"2026-09-06T10:46:14.131418Z","level":"info","event":"\u001b[0m10:46:14  Installed from version 1.4.1","logger":"task.stdout"}
{"timestamp":"2026-09-06T10:46:14.139009Z","level":"info","event":"\u001b[0m10:46:14  Up to date!","logger":"task.stdout"}
{"timestamp":"2026-09-06T10:46:14.900827Z","level":"info","event":"Running command with dbt Runner: `/home/airflow/.local/bin/dbt ls --output json --output-keys name unique_id resource_type depends_on original_file_path tags config freshness fqn --project-dir /tmp/tmp4tpeznw3 --profiles-dir /tmp/cosmos/profile/88b0aa12559803c5b3e8b5b0cefa363d35d21cc93574699baf5727c52eda1f13 --profile verdanta_project --target dev --select stg_reference__stores+`","logger":"cosmos.dbt.graph","filename":"graph.py","lineno":361}
{"timestamp":"2026-09-06T10:46:14.901191Z","level":"info","event":"Trying to run dbtRunner with:\n ['ls', '--output', 'json', '--output-keys', 'name', 'unique_id', 'resource_type', 'depends_on', 'original_file_path', 'tags', 'config', 'freshness', 'fqn', '--project-dir', '/tmp/tmp4tpeznw3', '--profiles-dir', '/tmp/cosmos/profile/88b0aa12559803c5b3e8b5b0cefa363d35d21cc93574699baf5727c52eda1f13', '--profile', 'verdanta_project', '--target', 'dev', '--select', 'stg_reference__stores+']\n in /tmp/tmp4tpeznw3","logger":"cosmos.dbt.runner","filename":"runner.py","lineno":95}
{"timestamp":"2026-09-06T10:46:14.914695Z","level":"info","event":"\u001b[0m10:46:14  Running with dbt=1.12.0","logger":"task.stdout"}
{"timestamp":"2026-09-06T10:46:16.585343Z","level":"info","event":"\u001b[0m10:46:16  Registered adapter: databricks=1.10.9","logger":"task.stdout"}
{"timestamp":"2026-09-06T10:46:17.751116Z","level":"info","event":"\u001b[0m10:46:17  Found 22 models, 96 data tests, 3 seeds, 2 snapshots, 8 sources, 844 macros","logger":"task.stdout"}
{"timestamp":"2026-09-06T10:46:17.761603Z","level":"info","event":"{\"name\": \"dim_store\", \"unique_id\": \"model.verdanta_project.dim_store\", \"resource_type\": \"model\", \"depends_on\": {\"macros\": [\"macro.dbt_utils.generate_surrogate_key\"], \"nodes\": [\"model.verdanta_project.stg_reference__stores\"]}, \"original_file_path\": \"models/marts/dim_store.sql\", \"tags\": [], \"config\": {\"enabled\": true, \"alias\": null, \"schema\": \"gold\", \"database\": null, \"tags\": [], \"meta\": {}, \"group\": null, \"static_analysis\": null, \"materialized\": \"table\", \"incremental_strategy\": null, \"batch_size\": null, \"lookback\": 1, \"begin\": null, \"persist_docs\": {}, \"post-hook\": [], \"pre-hook\": [], \"quoting\": {}, \"column_types\": {}, \"full_refresh\": null, \"unique_key\": null, \"on_schema_change\": \"ignore\", \"on_configuration_change\": \"apply\", \"grants\": {}, \"packages\": [], \"docs\": {\"show\": true, \"node_color\": null}, \"contract\": {\"enforced\": false, \"alias_types\": true}, \"event_time\": null, \"concurrent_batches\": null, \"access\": \"protected\", \"freshness\": null, \"on_error\": null, \"latest_version_pointer\": {\"enabled\": null, \"alias\": null}}, \"fqn\": [\"verdanta_project\", \"marts\", \"dim_store\"]}","logger":"task.stdout"}
{"timestamp":"2026-09-06T10:46:17.761910Z","level":"info","event":"{\"name\": \"fct_order_item\", \"unique_id\": \"model.verdanta_project.fct_order_item\", \"resource_type\": \"model\", \"depends_on\": {\"macros\": [\"macro.dbt_utils.generate_surrogate_key\", \"macro.dbt.is_incremental\"], \"nodes\": [\"model.verdanta_project.int_order_items_fx\", \"model.verdanta_project.dim_customer\", \"model.verdanta_project.dim_product\", \"model.verdanta_project.dim_store\", \"model.verdanta_project.dim_employee\", \"model.verdanta_project.dim_country\", \"model.verdanta_project.dim_date\"]}, \"original_file_path\": \"models/marts/fct_order_item.sql\", \"tags\": [], \"config\": {\"enabled\": true, \"alias\": null, \"schema\": \"gold\", \"database\": null, \"tags\": [], \"meta\": {}, \"group\": null, \"static_analysis\": null, \"materialized\": \"incremental\", \"incremental_strategy\": \"merge\", \"batch_size\": null, \"lookback\": 1, \"begin\": null, \"persist_docs\": {}, \"post-hook\": [], \"pre-hook\": [], \"quoting\": {}, \"column_types\": {}, \"full_refresh\": null, \"unique_key\": \"order_item_id\", \"on_schema_change\": \"append_new_columns\", \"on_configuration_change\": \"apply\", \"grants\": {}, \"packages\": [], \"docs\": {\"show\": true, \"node_color\": null}, \"contract\": {\"enforced\": false, \"alias_types\": true}, \"event_time\": null, \"concurrent_batches\": null, \"access\": \"protected\", \"freshness\": null, \"on_error\": null, \"latest_version_pointer\": {\"enabled\": null, \"alias\": null}}, \"fqn\": [\"verdanta_project\", \"marts\", \"fct_order_item\"]}","logger":"task.stdout"}
{"timestamp":"2026-09-06T10:46:17.762258Z","level":"info","event":"{\"name\": \"fct_return\", \"unique_id\": \"model.verdanta_project.fct_return\", \"resource_type\": \"model\", \"depends_on\": {\"macros\": [\"macro.dbt_utils.generate_surrogate_key\", \"macro.dbt.is_incremental\"], \"nodes\": [\"model.verdanta_project.int_returns_fx\", \"model.verdanta_project.dim_customer\", \"model.verdanta_project.dim_product\", \"model.verdanta_project.dim_store\", \"model.verdanta_project.dim_country\", \"model.verdanta_project.dim_date\"]}, \"original_file_path\": \"models/marts/fct_return.sql\", \"tags\": [], \"config\": {\"enabled\": true, \"alias\": null, \"schema\": \"gold\", \"database\": null, \"tags\": [], \"meta\": {}, \"group\": null, \"static_analysis\": null, \"materialized\": \"incremental\", \"incremental_strategy\": \"merge\", \"batch_size\": null, \"lookback\": 1, \"begin\": null, \"persist_docs\": {}, \"post-hook\": [], \"pre-hook\": [], \"quoting\": {}, \"column_types\": {}, \"full_refresh\": null, \"unique_key\": \"return_id\", \"on_schema_change\": \"append_new_columns\", \"on_configuration_change\": \"apply\", \"grants\": {}, \"packages\": [], \"docs\": {\"show\": true, \"node_color\": null}, \"contract\": {\"enforced\": false, \"alias_types\": true}, \"event_time\": null, \"concurrent_batches\": null, \"access\": \"protected\", \"freshness\": null, \"on_error\": null, \"latest_version_pointer\": {\"enabled\": null, \"alias\": null}}, \"fqn\": [\"verdanta_project\", \"marts\", \"fct_return\"]}","logger":"task.stdout"}
{"timestamp":"2026-09-06T10:46:17.771494Z","level":"info","event":"{\"name\": \"stg_reference__stores\", \"unique_id\": \"model.verdanta_project.stg_reference__stores\", \"resource_type\": \"model\", \"depends_on\": {\"macros\": [], \"nodes\": [\"source.verdanta_project.bronze.reference_stores\"]}, \"original_file_path\": \"models/staging/stg_reference__stores.sql\", \"tags\": [], \"config\": {\"enabled\": true, \"alias\": null, \"schema\": \"silver\", \"database\": null, \"tags\": [], \"meta\": {}, \"group\": null, \"static_analysis\": null, \"materialized\": \"view\", \"incremental_strategy\": null, \"batch_size\": null, \"lookback\": 1, \"begin\": null, \"persist_docs\": {}, \"post-hook\": [], \"pre-hook\": [], \"quoting\": {}, \"column_types\": {}, \"full_refresh\": null, \"unique_key\": null, \"on_schema_change\": \"ignore\", \"on_configuration_change\": \"apply\", \"grants\": {}, \"packages\": [], \"docs\": {\"show\": true, \"node_color\": null}, \"contract\": {\"enforced\": false, \"alias_types\": true}, \"event_time\": null, \"concurrent_batches\": null, \"access\": \"protected\", \"freshness\": null, \"on_error\": null, \"latest_version_pointer\": {\"enabled\": null, \"alias\": null}}, \"fqn\": [\"verdanta_project\", \"staging\", \"stg_reference__stores\"]}","logger":"task.stdout"}
{"timestamp":"2026-09-06T10:46:17.771905Z","level":"info","event":"{\"name\": \"accepted_values_dim_store_store_status__OPEN__CLOSED__UNKNOWN\", \"unique_id\": \"test.verdanta_project.accepted_values_dim_store_store_status__OPEN__CLOSED__UNKNOWN.286ced7cd4\", \"resource_type\": \"test\", \"depends_on\": {\"macros\": [\"macro.dbt.test_accepted_values\", \"macro.dbt.get_where_subquery\"], \"nodes\": [\"model.verdanta_project.dim_store\"]}, \"original_file_path\": \"models/marts/properties.yml\", \"tags\": [], \"config\": {\"enabled\": true, \"alias\": null, \"schema\": \"dbt_test__audit\", \"database\": null, \"tags\": [], \"meta\": {}, \"group\": null, \"static_analysis\": null, \"materialized\": \"test\", \"severity\": \"ERROR\", \"store_failures\": null, \"store_failures_as\": null, \"sql_header\": null, \"where\": null, \"limit\": null, \"fail_calc\": \"count(*)\", \"warn_if\": \"!= 0\", \"error_if\": \"!= 0\"}, \"fqn\": [\"verdanta_project\", \"marts\", \"accepted_values_dim_store_store_status__OPEN__CLOSED__UNKNOWN\"]}","logger":"task.stdout"}
{"timestamp":"2026-09-06T10:46:17.772273Z","level":"info","event":"{\"name\": \"accepted_values_stg_reference__stores_store_status__OPEN__CLOSED\", \"unique_id\": \"test.verdanta_project.accepted_values_stg_reference__stores_store_status__OPEN__CLOSED.d6c8ff6952\", \"resource_type\": \"test\", \"depends_on\": {\"macros\": [\"macro.dbt.test_accepted_values\", \"macro.dbt.get_where_subquery\"], \"nodes\": [\"model.verdanta_project.stg_reference__stores\"]}, \"original_file_path\": \"models/staging/properties.yml\", \"tags\": [], \"config\": {\"enabled\": true, \"alias\": \"accepted_values_stg_reference__e42ef22c8e33dbfefe162c1d9c14aa56\", \"schema\": \"dbt_test__audit\", \"database\": null, \"tags\": [], \"meta\": {}, \"group\": null, \"static_analysis\": null, \"materialized\": \"test\", \"severity\": \"ERROR\", \"store_failures\": null, \"store_failures_as\": null, \"sql_header\": null, \"where\": null, \"limit\": null, \"fail_calc\": \"count(*)\", \"warn_if\": \"!= 0\", \"error_if\": \"!= 0\"}, \"fqn\": [\"verdanta_project\", \"staging\", \"accepted_values_stg_reference__stores_store_status__OPEN__CLOSED\"]}","logger":"task.stdout"}
{"timestamp":"2026-09-06T10:46:17.772537Z","level":"info","event":"{\"name\": \"not_null_dim_store_store_id\", \"unique_id\": \"test.verdanta_project.not_null_dim_store_store_id.8cb7c6ace0\", \"resource_type\": \"test\", \"depends_on\": {\"macros\": [\"macro.dbt.test_not_null\"], \"nodes\": [\"model.verdanta_project.dim_store\"]}, \"original_file_path\": \"models/marts/properties.yml\", \"tags\": [], \"config\": {\"enabled\": true, \"alias\": null, \"schema\": \"dbt_test__audit\", \"database\": null, \"tags\": [], \"meta\": {}, \"group\": null, \"static_analysis\": null, \"materialized\": \"test\", \"severity\": \"ERROR\", \"store_failures\": null, \"store_failures_as\": null, \"sql_header\": null, \"where\": null, \"limit\": null, \"fail_calc\": \"count(*)\", \"warn_if\": \"!= 0\", \"error_if\": \"!= 0\"}, \"fqn\": [\"verdanta_project\", \"marts\", \"not_null_dim_store_store_id\"]}","logger":"task.stdout"}
{"timestamp":"2026-09-06T10:46:17.778760Z","level":"info","event":"{\"name\": \"not_null_dim_store_store_sk\", \"unique_id\": \"test.verdanta_project.not_null_dim_store_store_sk.f7183740f3\", \"resource_type\": \"test\", \"depends_on\": {\"macros\": [\"macro.dbt.test_not_null\"], \"nodes\": [\"model.verdanta_project.dim_store\"]}, \"original_file_path\": \"models/marts/properties.yml\", \"tags\": [], \"config\": {\"enabled\": true, \"alias\": null, \"schema\": \"dbt_test__audit\", \"database\": null, \"tags\": [], \"meta\": {}, \"group\": null, \"static_analysis\": null, \"materialized\": \"test\", \"severity\": \"ERROR\", \"store_failures\": null, \"store_failures_as\": null, \"sql_header\": null, \"where\": null, \"limit\": null, \"fail_calc\": \"count(*)\", \"warn_if\": \"!= 0\", \"error_if\": \"!= 0\"}, \"fqn\": [\"verdanta_project\", \"marts\", \"not_null_dim_store_store_sk\"]}","logger":"task.stdout"}
{"timestamp":"2026-09-06T10:46:17.779037Z","level":"info","event":"{\"name\": \"not_null_fct_order_item_customer_sk\", \"unique_id\": \"test.verdanta_project.not_null_fct_order_item_customer_sk.04b5ba5e1c\", \"resource_type\": \"test\", \"depends_on\": {\"macros\": [\"macro.dbt.test_not_null\"], \"nodes\": [\"model.verdanta_project.fct_order_item\"]}, \"original_file_path\": \"models/marts/properties.yml\", \"tags\": [], \"config\": {\"enabled\": true, \"alias\": null, \"schema\": \"dbt_test__audit\", \"database\": null, \"tags\": [], \"meta\": {}, \"group\": null, \"static_analysis\": null, \"materialized\": \"test\", \"severity\": \"ERROR\", \"store_failures\": null, \"store_failures_as\": null, \"sql_header\": null, \"where\": null, \"limit\": null, \"fail_calc\": \"count(*)\", \"warn_if\": \"!= 0\", \"error_if\": \"!= 0\"}, \"fqn\": [\"verdanta_project\", \"marts\", \"not_null_fct_order_item_customer_sk\"]}","logger":"task.stdout"}
{"timestamp":"2026-09-06T10:46:17.779261Z","level":"info","event":"{\"name\": \"not_null_fct_order_item_date_sk\", \"unique_id\": \"test.verdanta_project.not_null_fct_order_item_date_sk.209b1b52c3\", \"resource_type\": \"test\", \"depends_on\": {\"macros\": [\"macro.dbt.test_not_null\"], \"nodes\": [\"model.verdanta_project.fct_order_item\"]}, \"original_file_path\": \"models/marts/properties.yml\", \"tags\": [], \"config\": {\"enabled\": true, \"alias\": null, \"schema\": \"dbt_test__audit\", \"database\": null, \"tags\": [], \"meta\": {}, \"group\": null, \"static_analysis\": null, \"materialized\": \"test\", \"severity\": \"ERROR\", \"store_failures\": null, \"store_failures_as\": null, \"sql_header\": null, \"where\": null, \"limit\": null, \"fail_calc\": \"count(*)\", \"warn_if\": \"!= 0\", \"error_if\": \"!= 0\"}, \"fqn\": [\"verdanta_project\", \"marts\", \"not_null_fct_order_item_date_sk\"]}","logger":"task.stdout"}
{"timestamp":"2026-09-06T10:46:17.779460Z","level":"info","event":"{\"name\": \"not_null_fct_order_item_employee_sk\", \"unique_id\": \"test.verdanta_project.not_null_fct_order_item_employee_sk.0f8811ed72\", \"resource_type\": \"test\", \"depends_on\": {\"macros\": [\"macro.dbt.test_not_null\"], \"nodes\": [\"model.verdanta_project.fct_order_item\"]}, \"original_file_path\": \"models/marts/properties.yml\", \"tags\": [], \"config\": {\"enabled\": true, \"alias\": null, \"schema\": \"dbt_test__audit\", \"database\": null, \"tags\": [], \"meta\": {}, \"group\": null, \"static_analysis\": null, \"materialized\": \"test\", \"severity\": \"ERROR\", \"store_failures\": null, \"store_failures_as\": null, \"sql_header\": null, \"where\": null, \"limit\": null, \"fail_calc\": \"count(*)\", \"warn_if\": \"!= 0\", \"error_if\": \"!= 0\"}, \"fqn\": [\"verdanta_project\", \"marts\", \"not_null_fct_order_item_employee_sk\"]}","logger":"task.stdout"}
{"timestamp":"2026-09-06T10:46:17.779695Z","level":"info","event":"{\"name\": \"not_null_fct_order_item_order_item_id\", \"unique_id\": \"test.verdanta_project.not_null_fct_order_item_order_item_id.1c4e67471d\", \"resource_type\": \"test\", \"depends_on\": {\"macros\": [\"macro.dbt.test_not_null\"], \"nodes\": [\"model.verdanta_project.fct_order_item\"]}, \"original_file_path\": \"models/marts/properties.yml\", \"tags\": [], \"config\": {\"enabled\": true, \"alias\": null, \"schema\": \"dbt_test__audit\", \"database\": null, \"tags\": [], \"meta\": {}, \"group\": null, \"static_analysis\": null, \"materialized\": \"test\", \"severity\": \"ERROR\", \"store_failures\": null, \"store_failures_as\": null, \"sql_header\": null, \"where\": null, \"limit\": null, \"fail_calc\": \"count(*)\", \"warn_if\": \"!= 0\", \"error_if\": \"!= 0\"}, \"fqn\": [\"verdanta_project\", \"marts\", \"not_null_fct_order_item_order_item_id\"]}","logger":"task.stdout"}
{"timestamp":"2026-09-06T10:46:17.779919Z","level":"info","event":"{\"name\": \"not_null_fct_order_item_product_sk\", \"unique_id\": \"test.verdanta_project.not_null_fct_order_item_product_sk.4b785d70c8\", \"resource_type\": \"test\", \"depends_on\": {\"macros\": [\"macro.dbt.test_not_null\"], \"nodes\": [\"model.verdanta_project.fct_order_item\"]}, \"original_file_path\": \"models/marts/properties.yml\", \"tags\": [], \"config\": {\"enabled\": true, \"alias\": null, \"schema\": \"dbt_test__audit\", \"database\": null, \"tags\": [], \"meta\": {}, \"group\": null, \"static_analysis\": null, \"materialized\": \"test\", \"severity\": \"ERROR\", \"store_failures\": null, \"store_failures_as\": null, \"sql_header\": null, \"where\": null, \"limit\": null, \"fail_calc\": \"count(*)\", \"warn_if\": \"!= 0\", \"error_if\": \"!= 0\"}, \"fqn\": [\"verdanta_project\", \"marts\", \"not_null_fct_order_item_product_sk\"]}","logger":"task.stdout"}
{"timestamp":"2026-09-06T10:46:17.785607Z","level":"info","event":"{\"name\": \"not_null_fct_order_item_store_sk\", \"unique_id\": \"test.verdanta_project.not_null_fct_order_item_store_sk.8f9601b157\", \"resource_type\": \"test\", \"depends_on\": {\"macros\": [\"macro.dbt.test_not_null\"], \"nodes\": [\"model.verdanta_project.fct_order_item\"]}, \"original_file_path\": \"models/marts/properties.yml\", \"tags\": [], \"config\": {\"enabled\": true, \"alias\": null, \"schema\": \"dbt_test__audit\", \"database\": null, \"tags\": [], \"meta\": {}, \"group\": null, \"static_analysis\": null, \"materialized\": \"test\", \"severity\": \"ERROR\", \"store_failures\": null, \"store_failures_as\": null, \"sql_header\": null, \"where\": null, \"limit\": null, \"fail_calc\": \"count(*)\", \"warn_if\": \"!= 0\", \"error_if\": \"!= 0\"}, \"fqn\": [\"verdanta_project\", \"marts\", \"not_null_fct_order_item_store_sk\"]}","logger":"task.stdout"}
{"timestamp":"2026-09-06T10:46:17.785888Z","level":"info","event":"{\"name\": \"not_null_fct_return_customer_sk\", \"unique_id\": \"test.verdanta_project.not_null_fct_return_customer_sk.212122054e\", \"resource_type\": \"test\", \"depends_on\": {\"macros\": [\"macro.dbt.test_not_null\"], \"nodes\": [\"model.verdanta_project.fct_return\"]}, \"original_file_path\": \"models/marts/properties.yml\", \"tags\": [], \"config\": {\"enabled\": true, \"alias\": null, \"schema\": \"dbt_test__audit\", \"database\": null, \"tags\": [], \"meta\": {}, \"group\": null, \"static_analysis\": null, \"materialized\": \"test\", \"severity\": \"ERROR\", \"store_failures\": null, \"store_failures_as\": null, \"sql_header\": null, \"where\": null, \"limit\": null, \"fail_calc\": \"count(*)\", \"warn_if\": \"!= 0\", \"error_if\": \"!= 0\"}, \"fqn\": [\"verdanta_project\", \"marts\", \"not_null_fct_return_customer_sk\"]}","logger":"task.stdout"}
{"timestamp":"2026-09-06T10:46:17.786171Z","level":"info","event":"{\"name\": \"not_null_fct_return_date_sk\", \"unique_id\": \"test.verdanta_project.not_null_fct_return_date_sk.c346c83338\", \"resource_type\": \"test\", \"depends_on\": {\"macros\": [\"macro.dbt.test_not_null\"], \"nodes\": [\"model.verdanta_project.fct_return\"]}, \"original_file_path\": \"models/marts/properties.yml\", \"tags\": [], \"config\": {\"enabled\": true, \"alias\": null, \"schema\": \"dbt_test__audit\", \"database\": null, \"tags\": [], \"meta\": {}, \"group\": null, \"static_analysis\": null, \"materialized\": \"test\", \"severity\": \"ERROR\", \"store_failures\": null, \"store_failures_as\": null, \"sql_header\": null, \"where\": null, \"limit\": null, \"fail_calc\": \"count(*)\", \"warn_if\": \"!= 0\", \"error_if\": \"!= 0\"}, \"fqn\": [\"verdanta_project\", \"marts\", \"not_null_fct_return_date_sk\"]}","logger":"task.stdout"}
{"timestamp":"2026-09-06T10:46:17.786445Z","level":"info","event":"{\"name\": \"not_null_fct_return_product_sk\", \"unique_id\": \"test.verdanta_project.not_null_fct_return_product_sk.5928c7f8c8\", \"resource_type\": \"test\", \"depends_on\": {\"macros\": [\"macro.dbt.test_not_null\"], \"nodes\": [\"model.verdanta_project.fct_return\"]}, \"original_file_path\": \"models/marts/properties.yml\", \"tags\": [], \"config\": {\"enabled\": true, \"alias\": null, \"schema\": \"dbt_test__audit\", \"database\": null, \"tags\": [], \"meta\": {}, \"group\": null, \"static_analysis\": null, \"materialized\": \"test\", \"severity\": \"ERROR\", \"store_failures\": null, \"store_failures_as\": null, \"sql_header\": null, \"where\": null, \"limit\": null, \"fail_calc\": \"count(*)\", \"warn_if\": \"!= 0\", \"error_if\": \"!= 0\"}, \"fqn\": [\"verdanta_project\", \"marts\", \"not_null_fct_return_product_sk\"]}","logger":"task.stdout"}
{"timestamp":"2026-09-06T10:46:17.786690Z","level":"info","event":"{\"name\": \"not_null_fct_return_return_id\", \"unique_id\": \"test.verdanta_project.not_null_fct_return_return_id.00fd0747f0\", \"resource_type\": \"test\", \"depends_on\": {\"macros\": [\"macro.dbt.test_not_null\"], \"nodes\": [\"model.verdanta_project.fct_return\"]}, \"original_file_path\": \"models/marts/properties.yml\", \"tags\": [], \"config\": {\"enabled\": true, \"alias\": null, \"schema\": \"dbt_test__audit\", \"database\": null, \"tags\": [], \"meta\": {}, \"group\": null, \"static_analysis\": null, \"materialized\": \"test\", \"severity\": \"ERROR\", \"store_failures\": null, \"store_failures_as\": null, \"sql_header\": null, \"where\": null, \"limit\": null, \"fail_calc\": \"count(*)\", \"warn_if\": \"!= 0\", \"error_if\": \"!= 0\"}, \"fqn\": [\"verdanta_project\", \"marts\", \"not_null_fct_return_return_id\"]}","logger":"task.stdout"}
{"timestamp":"2026-09-06T10:46:17.793114Z","level":"info","event":"{\"name\": \"not_null_fct_return_store_sk\", \"unique_id\": \"test.verdanta_project.not_null_fct_return_store_sk.a9da03fd41\", \"resource_type\": \"test\", \"depends_on\": {\"macros\": [\"macro.dbt.test_not_null\"], \"nodes\": [\"model.verdanta_project.fct_return\"]}, \"original_file_path\": \"models/marts/properties.yml\", \"tags\": [], \"config\": {\"enabled\": true, \"alias\": null, \"schema\": \"dbt_test__audit\", \"database\": null, \"tags\": [], \"meta\": {}, \"group\": null, \"static_analysis\": null, \"materialized\": \"test\", \"severity\": \"ERROR\", \"store_failures\": null, \"store_failures_as\": null, \"sql_header\": null, \"where\": null, \"limit\": null, \"fail_calc\": \"count(*)\", \"warn_if\": \"!= 0\", \"error_if\": \"!= 0\"}, \"fqn\": [\"verdanta_project\", \"marts\", \"not_null_fct_return_store_sk\"]}","logger":"task.stdout"}
{"timestamp":"2026-09-06T10:46:17.793370Z","level":"info","event":"{\"name\": \"not_null_stg_reference__stores_store_id\", \"unique_id\": \"test.verdanta_project.not_null_stg_reference__stores_store_id.7448322aac\", \"resource_type\": \"test\", \"depends_on\": {\"macros\": [\"macro.dbt.test_not_null\"], \"nodes\": [\"model.verdanta_project.stg_reference__stores\"]}, \"original_file_path\": \"models/staging/properties.yml\", \"tags\": [], \"config\": {\"enabled\": true, \"alias\": null, \"schema\": \"dbt_test__audit\", \"database\": null, \"tags\": [], \"meta\": {}, \"group\": null, \"static_analysis\": null, \"materialized\": \"test\", \"severity\": \"ERROR\", \"store_failures\": null, \"store_failures_as\": null, \"sql_header\": null, \"where\": null, \"limit\": null, \"fail_calc\": \"count(*)\", \"warn_if\": \"!= 0\", \"error_if\": \"!= 0\"}, \"fqn\": [\"verdanta_project\", \"staging\", \"not_null_stg_reference__stores_store_id\"]}","logger":"task.stdout"}
{"timestamp":"2026-09-06T10:46:17.793590Z","level":"info","event":"{\"name\": \"relationships_stg_erp__orders_store_id__store_id__ref_stg_reference__stores_\", \"unique_id\": \"test.verdanta_project.relationships_stg_erp__orders_store_id__store_id__ref_stg_reference__stores_.15faeb04bc\", \"resource_type\": \"test\", \"depends_on\": {\"macros\": [\"macro.dbt.test_relationships\", \"macro.dbt.get_where_subquery\"], \"nodes\": [\"model.verdanta_project.stg_reference__stores\", \"model.verdanta_project.stg_erp__orders\"]}, \"original_file_path\": \"models/staging/properties.yml\", \"tags\": [], \"config\": {\"enabled\": true, \"alias\": \"relationships_stg_erp__orders_c7da591d49e0469eb534fb179680fa11\", \"schema\": \"dbt_test__audit\", \"database\": null, \"tags\": [], \"meta\": {}, \"group\": null, \"static_analysis\": null, \"materialized\": \"test\", \"severity\": \"warn\", \"store_failures\": null, \"store_failures_as\": null, \"sql_header\": null, \"where\": null, \"limit\": null, \"fail_calc\": \"count(*)\", \"warn_if\": \"!= 0\", \"error_if\": \"!= 0\"}, \"fqn\": [\"verdanta_project\", \"staging\", \"relationships_stg_erp__orders_store_id__store_id__ref_stg_reference__stores_\"]}","logger":"task.stdout"}
{"timestamp":"2026-09-06T10:46:17.793824Z","level":"info","event":"{\"name\": \"relationships_stg_hr__employees_store_id__store_id__ref_stg_reference__stores_\", \"unique_id\": \"test.verdanta_project.relationships_stg_hr__employees_store_id__store_id__ref_stg_reference__stores_.09c8dbcb50\", \"resource_type\": \"test\", \"depends_on\": {\"macros\": [\"macro.dbt.test_relationships\", \"macro.dbt.get_where_subquery\"], \"nodes\": [\"model.verdanta_project.stg_reference__stores\", \"model.verdanta_project.stg_hr__employees\"]}, \"original_file_path\": \"models/staging/properties.yml\", \"tags\": [], \"config\": {\"enabled\": true, \"alias\": \"relationships_stg_hr__employee_4acd640d2f9397a43bc8a82e8f217313\", \"schema\": \"dbt_test__audit\", \"database\": null, \"tags\": [], \"meta\": {}, \"group\": null, \"static_analysis\": null, \"materialized\": \"test\", \"severity\": \"warn\", \"store_failures\": null, \"store_failures_as\": null, \"sql_header\": null, \"where\": null, \"limit\": null, \"fail_calc\": \"count(*)\", \"warn_if\": \"!= 0\", \"error_if\": \"!= 0\"}, \"fqn\": [\"verdanta_project\", \"staging\", \"relationships_stg_hr__employees_store_id__store_id__ref_stg_reference__stores_\"]}","logger":"task.stdout"}
{"timestamp":"2026-09-06T10:46:17.799468Z","level":"info","event":"{\"name\": \"relationships_stg_reference__stores_country_code__country_code__ref_seed_countries_\", \"unique_id\": \"test.verdanta_project.relationships_stg_reference__stores_country_code__country_code__ref_seed_countries_.025e798da4\", \"resource_type\": \"test\", \"depends_on\": {\"macros\": [\"macro.dbt.test_relationships\", \"macro.dbt.get_where_subquery\"], \"nodes\": [\"seed.verdanta_project.seed_countries\", \"model.verdanta_project.stg_reference__stores\"]}, \"original_file_path\": \"models/staging/properties.yml\", \"tags\": [], \"config\": {\"enabled\": true, \"alias\": \"relationships_stg_reference__s_b02ae63f35e09daa3aab1fb9959ff6e3\", \"schema\": \"dbt_test__audit\", \"database\": null, \"tags\": [], \"meta\": {}, \"group\": null, \"static_analysis\": null, \"materialized\": \"test\", \"severity\": \"ERROR\", \"store_failures\": null, \"store_failures_as\": null, \"sql_header\": null, \"where\": null, \"limit\": null, \"fail_calc\": \"count(*)\", \"warn_if\": \"!= 0\", \"error_if\": \"!= 0\"}, \"fqn\": [\"verdanta_project\", \"staging\", \"relationships_stg_reference__stores_country_code__country_code__ref_seed_countries_\"]}","logger":"task.stdout"}
{"timestamp":"2026-09-06T10:46:17.799700Z","level":"info","event":"{\"name\": \"unique_dim_store_store_sk\", \"unique_id\": \"test.verdanta_project.unique_dim_store_store_sk.dd33e909cc\", \"resource_type\": \"test\", \"depends_on\": {\"macros\": [\"macro.dbt.test_unique\"], \"nodes\": [\"model.verdanta_project.dim_store\"]}, \"original_file_path\": \"models/marts/properties.yml\", \"tags\": [], \"config\": {\"enabled\": true, \"alias\": null, \"schema\": \"dbt_test__audit\", \"database\": null, \"tags\": [], \"meta\": {}, \"group\": null, \"static_analysis\": null, \"materialized\": \"test\", \"severity\": \"ERROR\", \"store_failures\": null, \"store_failures_as\": null, \"sql_header\": null, \"where\": null, \"limit\": null, \"fail_calc\": \"count(*)\", \"warn_if\": \"!= 0\", \"error_if\": \"!= 0\"}, \"fqn\": [\"verdanta_project\", \"marts\", \"unique_dim_store_store_sk\"]}","logger":"task.stdout"}
{"timestamp":"2026-09-06T10:46:17.799920Z","level":"info","event":"{\"name\": \"unique_fct_order_item_order_item_id\", \"unique_id\": \"test.verdanta_project.unique_fct_order_item_order_item_id.d64647f3bc\", \"resource_type\": \"test\", \"depends_on\": {\"macros\": [\"macro.dbt.test_unique\"], \"nodes\": [\"model.verdanta_project.fct_order_item\"]}, \"original_file_path\": \"models/marts/properties.yml\", \"tags\": [], \"config\": {\"enabled\": true, \"alias\": null, \"schema\": \"dbt_test__audit\", \"database\": null, \"tags\": [], \"meta\": {}, \"group\": null, \"static_analysis\": null, \"materialized\": \"test\", \"severity\": \"ERROR\", \"store_failures\": null, \"store_failures_as\": null, \"sql_header\": null, \"where\": null, \"limit\": null, \"fail_calc\": \"count(*)\", \"warn_if\": \"!= 0\", \"error_if\": \"!= 0\"}, \"fqn\": [\"verdanta_project\", \"marts\", \"unique_fct_order_item_order_item_id\"]}","logger":"task.stdout"}
{"timestamp":"2026-09-06T10:46:17.800141Z","level":"info","event":"{\"name\": \"unique_fct_return_return_id\", \"unique_id\": \"test.verdanta_project.unique_fct_return_return_id.249ac8a765\", \"resource_type\": \"test\", \"depends_on\": {\"macros\": [\"macro.dbt.test_unique\"], \"nodes\": [\"model.verdanta_project.fct_return\"]}, \"original_file_path\": \"models/marts/properties.yml\", \"tags\": [], \"config\": {\"enabled\": true, \"alias\": null, \"schema\": \"dbt_test__audit\", \"database\": null, \"tags\": [], \"meta\": {}, \"group\": null, \"static_analysis\": null, \"materialized\": \"test\", \"severity\": \"ERROR\", \"store_failures\": null, \"store_failures_as\": null, \"sql_header\": null, \"where\": null, \"limit\": null, \"fail_calc\": \"count(*)\", \"warn_if\": \"!= 0\", \"error_if\": \"!= 0\"}, \"fqn\": [\"verdanta_project\", \"marts\", \"unique_fct_return_return_id\"]}","logger":"task.stdout"}
{"timestamp":"2026-09-06T10:46:17.800393Z","level":"info","event":"{\"name\": \"unique_stg_reference__stores_store_id\", \"unique_id\": \"test.verdanta_project.unique_stg_reference__stores_store_id.6d4bb6e4b3\", \"resource_type\": \"test\", \"depends_on\": {\"macros\": [\"macro.dbt.test_unique\"], \"nodes\": [\"model.verdanta_project.stg_reference__stores\"]}, \"original_file_path\": \"models/staging/properties.yml\", \"tags\": [], \"config\": {\"enabled\": true, \"alias\": null, \"schema\": \"dbt_test__audit\", \"database\": null, \"tags\": [], \"meta\": {}, \"group\": null, \"static_analysis\": null, \"materialized\": \"test\", \"severity\": \"ERROR\", \"store_failures\": null, \"store_failures_as\": null, \"sql_header\": null, \"where\": null, \"limit\": null, \"fail_calc\": \"count(*)\", \"warn_if\": \"!= 0\", \"error_if\": \"!= 0\"}, \"fqn\": [\"verdanta_project\", \"staging\", \"unique_stg_reference__stores_store_id\"]}","logger":"task.stdout"}
{"timestamp":"2026-09-06T10:46:18.677674Z","level":"info","event":"Cosmos performance: time to calculate cache identifier cosmos_cache__verdanta_stores__dbt_stores for current version: 0.1413235119998717","logger":"cosmos.cache","filename":"cache.py","lineno":401}
{"timestamp":"2026-09-06T10:46:18.718444Z","level":"info","event":"Total nodes: 27","logger":"cosmos.dbt.graph","filename":"graph.py","lineno":799}
{"timestamp":"2026-09-06T10:46:18.718620Z","level":"info","event":"Total filtered nodes: 27","logger":"cosmos.dbt.graph","filename":"graph.py","lineno":800}
{"timestamp":"2026-09-06T10:46:18.718743Z","level":"info","event":"Cosmos performance (verdanta_stores__dbt_stores) - [4daed8617553|1058]: It took 7.37s to parse the dbt project for DAG using LoadMode.DBT_LS","logger":"cosmos.converter","filename":"converter.py","lineno":371}
{"timestamp":"2026-09-06T10:46:18.739466Z","level":"info","event":"Cosmos performance (verdanta_stores__dbt_stores) - [4daed8617553|1058]: It took 0.0207s to build the Airflow DAG.","logger":"cosmos.converter","filename":"converter.py","lineno":423}
{"timestamp":"2026-09-06T10:46:18.739673Z","level":"info","event":"::endgroup::Cosmos DAG parsing logs","logger":"cosmos.converter","filename":"converter.py","lineno":430}
{"timestamp":"2026-09-06T10:46:18.740181Z","level":"warning","event":"Using Variable.get from `airflow.models` is deprecated.Please use `get` on Variable from sdk(`airflow.sdk.Variable`) instead","category":"UserWarning","filename":"/home/airflow/.local/lib/python3.13/site-packages/airflow/models/variable.py","lineno":158,"logger":"py.warnings"}
{"timestamp":"2026-09-06T10:46:18.740270Z","level":"warning","event":"Valid config keys have changed in V2:\n* 'allow_population_by_field_name' has been renamed to 'validate_by_name'","category":"UserWarning","filename":"/home/airflow/.local/lib/python3.13/site-packages/pydantic/_internal/_config.py","lineno":383,"logger":"py.warnings"}
{"timestamp":"2026-09-06T10:46:18.740332Z","level":"warning","event":"Using Variable.set from `airflow.models` is deprecated.Please use `set` on Variable from sdk(`airflow.sdk.Variable`) instead","category":"UserWarning","filename":"/home/airflow/.local/lib/python3.13/site-packages/airflow/models/variable.py","lineno":218,"logger":"py.warnings"}
{"timestamp":"2026-09-06T10:46:48.867900Z","level":"info","event":"Filling up the DagBag from /opt/airflow/dags/verdanta_stores.py","logger":"airflow.dag_processing.dagbag.BundleDagBag","filename":"dagbag.py","lineno":469}
{"timestamp":"2026-09-06T10:46:48.941599Z","level":"info","event":"::group::Cosmos DAG parsing logs","logger":"cosmos.converter","filename":"converter.py","lineno":321}
{"timestamp":"2026-09-06T10:46:48.944702Z","level":"info","event":"Cosmos cache dir resolved to /tmp/cosmos/verdanta_stores__dbt_stores","logger":"cosmos.converter","filename":"converter.py","lineno":346}
{"timestamp":"2026-09-06T10:46:48.944935Z","level":"info","event":"Trying to parse the dbt project using dbt ls cache cosmos_cache__verdanta_stores__dbt_stores...","logger":"cosmos.dbt.graph","filename":"graph.py","lineno":869}
{"timestamp":"2026-09-06T10:46:49.088181Z","level":"info","event":"Cosmos performance: time to calculate cache identifier cosmos_cache__verdanta_stores__dbt_stores for current version: 0.12735433800003193","logger":"cosmos.cache","filename":"cache.py","lineno":401}
{"timestamp":"2026-09-06T10:46:49.088493Z","level":"info","event":"Cosmos performance [4daed8617553|1094]: The cache size for cosmos_cache__verdanta_stores__dbt_stores is 23579","logger":"cosmos.dbt.graph","filename":"graph.py","lineno":886}
{"timestamp":"2026-09-06T10:46:49.089476Z","level":"info","event":"Cosmos performance: Cache hit for cosmos_cache__verdanta_stores__dbt_stores - cec7d2b2130ad93ca8be26282ae433fd,288b6c4dd2d40c82d311ae7941a536c1","logger":"cosmos.dbt.graph","filename":"graph.py","lineno":898}
{"timestamp":"2026-09-06T10:46:49.089617Z","level":"info","event":"Total nodes: 27","logger":"cosmos.dbt.graph","filename":"graph.py","lineno":799}
{"timestamp":"2026-09-06T10:46:49.089681Z","level":"info","event":"Total filtered nodes: 27","logger":"cosmos.dbt.graph","filename":"graph.py","lineno":800}
{"timestamp":"2026-09-06T10:46:49.089745Z","level":"info","event":"Cosmos performance (verdanta_stores__dbt_stores) - [4daed8617553|1094]: It took 0.145s to parse the dbt project for DAG using LoadMode.DBT_LS_CACHE","logger":"cosmos.converter","filename":"converter.py","lineno":371}
{"timestamp":"2026-09-06T10:46:49.110822Z","level":"info","event":"Cosmos performance (verdanta_stores__dbt_stores) - [4daed8617553|1094]: It took 0.021s to build the Airflow DAG.","logger":"cosmos.converter","filename":"converter.py","lineno":423}
{"timestamp":"2026-09-06T10:46:49.111024Z","level":"info","event":"::endgroup::Cosmos DAG parsing logs","logger":"cosmos.converter","filename":"converter.py","lineno":430}
{"timestamp":"2026-09-06T10:46:49.111518Z","level":"warning","event":"Using Variable.get from `airflow.models` is deprecated.Please use `get` on Variable from sdk(`airflow.sdk.Variable`) instead","category":"UserWarning","filename":"/home/airflow/.local/lib/python3.13/site-packages/airflow/models/variable.py","lineno":158,"logger":"py.warnings"}
{"timestamp":"2026-09-06T10:46:53.234567Z","level":"info","event":"Filling up the DagBag from /opt/airflow/dags/verdanta_stores.py","logger":"airflow.dag_processing.dagbag.BundleDagBag","filename":"dagbag.py","lineno":469}
{"timestamp":"2026-09-06T10:46:53.310646Z","level":"info","event":"::group::Cosmos DAG parsing logs","logger":"cosmos.converter","filename":"converter.py","lineno":321}
{"timestamp":"2026-09-06T10:46:53.313898Z","level":"info","event":"Cosmos cache dir resolved to /tmp/cosmos/verdanta_stores__dbt_stores","logger":"cosmos.converter","filename":"converter.py","lineno":346}
{"timestamp":"2026-09-06T10:46:53.314128Z","level":"info","event":"Trying to parse the dbt project using dbt ls cache cosmos_cache__verdanta_stores__dbt_stores...","logger":"cosmos.dbt.graph","filename":"graph.py","lineno":869}
{"timestamp":"2026-09-06T10:46:53.475420Z","level":"info","event":"Cosmos performance: time to calculate cache identifier cosmos_cache__verdanta_stores__dbt_stores for current version: 0.14119660500000464","logger":"cosmos.cache","filename":"cache.py","lineno":401}
{"timestamp":"2026-09-06T10:46:53.475704Z","level":"info","event":"Cosmos performance [4daed8617553|1097]: The cache size for cosmos_cache__verdanta_stores__dbt_stores is 23579","logger":"cosmos.dbt.graph","filename":"graph.py","lineno":886}
{"timestamp":"2026-09-06T10:46:53.477932Z","level":"info","event":"Cosmos performance: Cache hit for cosmos_cache__verdanta_stores__dbt_stores - cec7d2b2130ad93ca8be26282ae433fd,288b6c4dd2d40c82d311ae7941a536c1","logger":"cosmos.dbt.graph","filename":"graph.py","lineno":898}
{"timestamp":"2026-09-06T10:46:53.478165Z","level":"info","event":"Total nodes: 27","logger":"cosmos.dbt.graph","filename":"graph.py","lineno":799}
{"timestamp":"2026-09-06T10:46:53.478253Z","level":"info","event":"Total filtered nodes: 27","logger":"cosmos.dbt.graph","filename":"graph.py","lineno":800}
{"timestamp":"2026-09-06T10:46:53.478381Z","level":"info","event":"Cosmos performance (verdanta_stores__dbt_stores) - [4daed8617553|1097]: It took 0.164s to parse the dbt project for DAG using LoadMode.DBT_LS_CACHE","logger":"cosmos.converter","filename":"converter.py","lineno":371}
{"timestamp":"2026-09-06T10:46:53.509295Z","level":"info","event":"Cosmos performance (verdanta_stores__dbt_stores) - [4daed8617553|1097]: It took 0.0307s to build the Airflow DAG.","logger":"cosmos.converter","filename":"converter.py","lineno":423}
{"timestamp":"2026-09-06T10:46:53.509691Z","level":"info","event":"::endgroup::Cosmos DAG parsing logs","logger":"cosmos.converter","filename":"converter.py","lineno":430}
{"timestamp":"2026-09-06T10:46:53.510666Z","level":"warning","event":"Using Variable.get from `airflow.models` is deprecated.Please use `get` on Variable from sdk(`airflow.sdk.Variable`) instead","category":"UserWarning","filename":"/home/airflow/.local/lib/python3.13/site-packages/airflow/models/variable.py","lineno":158,"logger":"py.warnings"}
{"timestamp":"2026-09-06T10:47:23.611088Z","level":"info","event":"Filling up the DagBag from /opt/airflow/dags/verdanta_stores.py","logger":"airflow.dag_processing.dagbag.BundleDagBag","filename":"dagbag.py","lineno":469}
{"timestamp":"2026-09-06T10:47:23.686810Z","level":"info","event":"::group::Cosmos DAG parsing logs","logger":"cosmos.converter","filename":"converter.py","lineno":321}
{"timestamp":"2026-09-06T10:47:23.691171Z","level":"info","event":"Cosmos cache dir resolved to /tmp/cosmos/verdanta_stores__dbt_stores","logger":"cosmos.converter","filename":"converter.py","lineno":346}
{"timestamp":"2026-09-06T10:47:23.691411Z","level":"info","event":"Trying to parse the dbt project using dbt ls cache cosmos_cache__verdanta_stores__dbt_stores...","logger":"cosmos.dbt.graph","filename":"graph.py","lineno":869}
{"timestamp":"2026-09-06T10:47:23.839874Z","level":"info","event":"Cosmos performance: time to calculate cache identifier cosmos_cache__verdanta_stores__dbt_stores for current version: 0.13250860500011186","logger":"cosmos.cache","filename":"cache.py","lineno":401}
{"timestamp":"2026-09-06T10:47:23.840125Z","level":"info","event":"Cosmos performance [4daed8617553|1114]: The cache size for cosmos_cache__verdanta_stores__dbt_stores is 23579","logger":"cosmos.dbt.graph","filename":"graph.py","lineno":886}
{"timestamp":"2026-09-06T10:47:23.841219Z","level":"info","event":"Cosmos performance: Cache hit for cosmos_cache__verdanta_stores__dbt_stores - cec7d2b2130ad93ca8be26282ae433fd,288b6c4dd2d40c82d311ae7941a536c1","logger":"cosmos.dbt.graph","filename":"graph.py","lineno":898}
{"timestamp":"2026-09-06T10:47:23.841365Z","level":"info","event":"Total nodes: 27","logger":"cosmos.dbt.graph","filename":"graph.py","lineno":799}
{"timestamp":"2026-09-06T10:47:23.841462Z","level":"info","event":"Total filtered nodes: 27","logger":"cosmos.dbt.graph","filename":"graph.py","lineno":800}
{"timestamp":"2026-09-06T10:47:23.841570Z","level":"info","event":"Cosmos performance (verdanta_stores__dbt_stores) - [4daed8617553|1114]: It took 0.15s to parse the dbt project for DAG using LoadMode.DBT_LS_CACHE","logger":"cosmos.converter","filename":"converter.py","lineno":371}
{"timestamp":"2026-09-06T10:47:23.863950Z","level":"info","event":"Cosmos performance (verdanta_stores__dbt_stores) - [4daed8617553|1114]: It took 0.0223s to build the Airflow DAG.","logger":"cosmos.converter","filename":"converter.py","lineno":423}
{"timestamp":"2026-09-06T10:47:23.864108Z","level":"info","event":"::endgroup::Cosmos DAG parsing logs","logger":"cosmos.converter","filename":"converter.py","lineno":430}
{"timestamp":"2026-09-06T10:47:23.864652Z","level":"warning","event":"Using Variable.get from `airflow.models` is deprecated.Please use `get` on Variable from sdk(`airflow.sdk.Variable`) instead","category":"UserWarning","filename":"/home/airflow/.local/lib/python3.13/site-packages/airflow/models/variable.py","lineno":158,"logger":"py.warnings"}
{"timestamp":"2026-09-06T10:47:53.959806Z","level":"info","event":"Filling up the DagBag from /opt/airflow/dags/verdanta_stores.py","logger":"airflow.dag_processing.dagbag.BundleDagBag","filename":"dagbag.py","lineno":469}
{"timestamp":"2026-09-06T10:47:54.026680Z","level":"info","event":"::group::Cosmos DAG parsing logs","logger":"cosmos.converter","filename":"converter.py","lineno":321}
{"timestamp":"2026-09-06T10:47:54.029847Z","level":"info","event":"Cosmos cache dir resolved to /tmp/cosmos/verdanta_stores__dbt_stores","logger":"cosmos.converter","filename":"converter.py","lineno":346}
{"timestamp":"2026-09-06T10:47:54.030094Z","level":"info","event":"Trying to parse the dbt project using dbt ls cache cosmos_cache__verdanta_stores__dbt_stores...","logger":"cosmos.dbt.graph","filename":"graph.py","lineno":869}
{"timestamp":"2026-09-06T10:47:54.175789Z","level":"info","event":"Cosmos performance: time to calculate cache identifier cosmos_cache__verdanta_stores__dbt_stores for current version: 0.12848241199981203","logger":"cosmos.cache","filename":"cache.py","lineno":401}
{"timestamp":"2026-09-06T10:47:54.176076Z","level":"info","event":"Cosmos performance [4daed8617553|1131]: The cache size for cosmos_cache__verdanta_stores__dbt_stores is 23579","logger":"cosmos.dbt.graph","filename":"graph.py","lineno":886}
{"timestamp":"2026-09-06T10:47:54.176876Z","level":"info","event":"Cosmos performance: Cache hit for cosmos_cache__verdanta_stores__dbt_stores - cec7d2b2130ad93ca8be26282ae433fd,288b6c4dd2d40c82d311ae7941a536c1","logger":"cosmos.dbt.graph","filename":"graph.py","lineno":898}
{"timestamp":"2026-09-06T10:47:54.176999Z","level":"info","event":"Total nodes: 27","logger":"cosmos.dbt.graph","filename":"graph.py","lineno":799}
{"timestamp":"2026-09-06T10:47:54.177057Z","level":"info","event":"Total filtered nodes: 27","logger":"cosmos.dbt.graph","filename":"graph.py","lineno":800}
{"timestamp":"2026-09-06T10:47:54.177120Z","level":"info","event":"Cosmos performance (verdanta_stores__dbt_stores) - [4daed8617553|1131]: It took 0.147s to parse the dbt project for DAG using LoadMode.DBT_LS_CACHE","logger":"cosmos.converter","filename":"converter.py","lineno":371}
{"timestamp":"2026-09-06T10:47:54.201617Z","level":"info","event":"Cosmos performance (verdanta_stores__dbt_stores) - [4daed8617553|1131]: It took 0.0244s to build the Airflow DAG.","logger":"cosmos.converter","filename":"converter.py","lineno":423}
{"timestamp":"2026-09-06T10:47:54.201778Z","level":"info","event":"::endgroup::Cosmos DAG parsing logs","logger":"cosmos.converter","filename":"converter.py","lineno":430}
{"timestamp":"2026-09-06T10:47:54.202450Z","level":"warning","event":"Using Variable.get from `airflow.models` is deprecated.Please use `get` on Variable from sdk(`airflow.sdk.Variable`) instead","category":"UserWarning","filename":"/home/airflow/.local/lib/python3.13/site-packages/airflow/models/variable.py","lineno":158,"logger":"py.warnings"}
{"timestamp":"2026-09-06T10:48:24.387195Z","level":"info","event":"Filling up the DagBag from /opt/airflow/dags/verdanta_stores.py","logger":"airflow.dag_processing.dagbag.BundleDagBag","filename":"dagbag.py","lineno":469}
{"timestamp":"2026-09-06T10:48:24.462547Z","level":"info","event":"::group::Cosmos DAG parsing logs","logger":"cosmos.converter","filename":"converter.py","lineno":321}
{"timestamp":"2026-09-06T10:48:24.467396Z","level":"info","event":"Cosmos cache dir resolved to /tmp/cosmos/verdanta_stores__dbt_stores","logger":"cosmos.converter","filename":"converter.py","lineno":346}
{"timestamp":"2026-09-06T10:48:24.467705Z","level":"info","event":"Trying to parse the dbt project using dbt ls cache cosmos_cache__verdanta_stores__dbt_stores...","logger":"cosmos.dbt.graph","filename":"graph.py","lineno":869}
{"timestamp":"2026-09-06T10:48:24.620344Z","level":"info","event":"Cosmos performance: time to calculate cache identifier cosmos_cache__verdanta_stores__dbt_stores for current version: 0.13633329800018146","logger":"cosmos.cache","filename":"cache.py","lineno":401}
{"timestamp":"2026-09-06T10:48:24.620569Z","level":"info","event":"Cosmos performance [4daed8617553|1148]: The cache size for cosmos_cache__verdanta_stores__dbt_stores is 23579","logger":"cosmos.dbt.graph","filename":"graph.py","lineno":886}
{"timestamp":"2026-09-06T10:48:24.621627Z","level":"info","event":"Cosmos performance: Cache hit for cosmos_cache__verdanta_stores__dbt_stores - cec7d2b2130ad93ca8be26282ae433fd,288b6c4dd2d40c82d311ae7941a536c1","logger":"cosmos.dbt.graph","filename":"graph.py","lineno":898}
{"timestamp":"2026-09-06T10:48:24.621791Z","level":"info","event":"Total nodes: 27","logger":"cosmos.dbt.graph","filename":"graph.py","lineno":799}
{"timestamp":"2026-09-06T10:48:24.621864Z","level":"info","event":"Total filtered nodes: 27","logger":"cosmos.dbt.graph","filename":"graph.py","lineno":800}
{"timestamp":"2026-09-06T10:48:24.621933Z","level":"info","event":"Cosmos performance (verdanta_stores__dbt_stores) - [4daed8617553|1148]: It took 0.154s to parse the dbt project for DAG using LoadMode.DBT_LS_CACHE","logger":"cosmos.converter","filename":"converter.py","lineno":371}
{"timestamp":"2026-09-06T10:48:24.643722Z","level":"info","event":"Cosmos performance (verdanta_stores__dbt_stores) - [4daed8617553|1148]: It took 0.0217s to build the Airflow DAG.","logger":"cosmos.converter","filename":"converter.py","lineno":423}
{"timestamp":"2026-09-06T10:48:24.643879Z","level":"info","event":"::endgroup::Cosmos DAG parsing logs","logger":"cosmos.converter","filename":"converter.py","lineno":430}
{"timestamp":"2026-09-06T10:48:24.644419Z","level":"warning","event":"Using Variable.get from `airflow.models` is deprecated.Please use `get` on Variable from sdk(`airflow.sdk.Variable`) instead","category":"UserWarning","filename":"/home/airflow/.local/lib/python3.13/site-packages/airflow/models/variable.py","lineno":158,"logger":"py.warnings"}
{"timestamp":"2026-09-06T10:48:44.668451Z","level":"info","event":"Filling up the DagBag from /opt/airflow/dags/verdanta_stores.py","logger":"airflow.dag_processing.dagbag.BundleDagBag","filename":"dagbag.py","lineno":469}
{"timestamp":"2026-09-06T10:48:44.746262Z","level":"info","event":"::group::Cosmos DAG parsing logs","logger":"cosmos.converter","filename":"converter.py","lineno":321}
{"timestamp":"2026-09-06T10:48:44.750323Z","level":"info","event":"Cosmos cache dir resolved to /tmp/cosmos/verdanta_stores__dbt_stores","logger":"cosmos.converter","filename":"converter.py","lineno":346}
{"timestamp":"2026-09-06T10:48:44.750583Z","level":"info","event":"Trying to parse the dbt project using dbt ls cache cosmos_cache__verdanta_stores__dbt_stores...","logger":"cosmos.dbt.graph","filename":"graph.py","lineno":869}
{"timestamp":"2026-09-06T10:48:44.896924Z","level":"info","event":"Cosmos performance: time to calculate cache identifier cosmos_cache__verdanta_stores__dbt_stores for current version: 0.1283165160000408","logger":"cosmos.cache","filename":"cache.py","lineno":401}
{"timestamp":"2026-09-06T10:48:44.897208Z","level":"info","event":"Cosmos performance [4daed8617553|1157]: The cache size for cosmos_cache__verdanta_stores__dbt_stores is 23579","logger":"cosmos.dbt.graph","filename":"graph.py","lineno":886}
{"timestamp":"2026-09-06T10:48:44.898070Z","level":"info","event":"Cosmos performance: Cache hit for cosmos_cache__verdanta_stores__dbt_stores - cec7d2b2130ad93ca8be26282ae433fd,288b6c4dd2d40c82d311ae7941a536c1","logger":"cosmos.dbt.graph","filename":"graph.py","lineno":898}
{"timestamp":"2026-09-06T10:48:44.898212Z","level":"info","event":"Total nodes: 27","logger":"cosmos.dbt.graph","filename":"graph.py","lineno":799}
{"timestamp":"2026-09-06T10:48:44.898335Z","level":"info","event":"Total filtered nodes: 27","logger":"cosmos.dbt.graph","filename":"graph.py","lineno":800}
{"timestamp":"2026-09-06T10:48:44.898410Z","level":"info","event":"Cosmos performance (verdanta_stores__dbt_stores) - [4daed8617553|1157]: It took 0.148s to parse the dbt project for DAG using LoadMode.DBT_LS_CACHE","logger":"cosmos.converter","filename":"converter.py","lineno":371}
{"timestamp":"2026-09-06T10:48:44.920993Z","level":"info","event":"Cosmos performance (verdanta_stores__dbt_stores) - [4daed8617553|1157]: It took 0.0225s to build the Airflow DAG.","logger":"cosmos.converter","filename":"converter.py","lineno":423}
{"timestamp":"2026-09-06T10:48:44.921186Z","level":"info","event":"::endgroup::Cosmos DAG parsing logs","logger":"cosmos.converter","filename":"converter.py","lineno":430}
{"timestamp":"2026-09-06T10:48:44.921877Z","level":"warning","event":"Using Variable.get from `airflow.models` is deprecated.Please use `get` on Variable from sdk(`airflow.sdk.Variable`) instead","category":"UserWarning","filename":"/home/airflow/.local/lib/python3.13/site-packages/airflow/models/variable.py","lineno":158,"logger":"py.warnings"}
{"timestamp":"2026-09-06T10:48:57.097111Z","level":"info","event":"Filling up the DagBag from /opt/airflow/dags/verdanta_stores.py","logger":"airflow.dag_processing.dagbag.BundleDagBag","filename":"dagbag.py","lineno":469}
{"timestamp":"2026-09-06T10:48:57.174439Z","level":"info","event":"::group::Cosmos DAG parsing logs","logger":"cosmos.converter","filename":"converter.py","lineno":321}
{"timestamp":"2026-09-06T10:48:57.177728Z","level":"info","event":"Cosmos cache dir resolved to /tmp/cosmos/verdanta_stores__dbt_stores","logger":"cosmos.converter","filename":"converter.py","lineno":346}
{"timestamp":"2026-09-06T10:48:57.177965Z","level":"info","event":"Trying to parse the dbt project using dbt ls cache cosmos_cache__verdanta_stores__dbt_stores...","logger":"cosmos.dbt.graph","filename":"graph.py","lineno":869}
{"timestamp":"2026-09-06T10:48:57.322206Z","level":"info","event":"Cosmos performance: time to calculate cache identifier cosmos_cache__verdanta_stores__dbt_stores for current version: 0.12790665099987564","logger":"cosmos.cache","filename":"cache.py","lineno":401}
{"timestamp":"2026-09-06T10:48:57.322452Z","level":"info","event":"Cosmos performance [4daed8617553|1168]: The cache size for cosmos_cache__verdanta_stores__dbt_stores is 23579","logger":"cosmos.dbt.graph","filename":"graph.py","lineno":886}
{"timestamp":"2026-09-06T10:48:57.323320Z","level":"info","event":"Cosmos performance: Cache hit for cosmos_cache__verdanta_stores__dbt_stores - cec7d2b2130ad93ca8be26282ae433fd,288b6c4dd2d40c82d311ae7941a536c1","logger":"cosmos.dbt.graph","filename":"graph.py","lineno":898}
{"timestamp":"2026-09-06T10:48:57.323459Z","level":"info","event":"Total nodes: 27","logger":"cosmos.dbt.graph","filename":"graph.py","lineno":799}
{"timestamp":"2026-09-06T10:48:57.323520Z","level":"info","event":"Total filtered nodes: 27","logger":"cosmos.dbt.graph","filename":"graph.py","lineno":800}
{"timestamp":"2026-09-06T10:48:57.323583Z","level":"info","event":"Cosmos performance (verdanta_stores__dbt_stores) - [4daed8617553|1168]: It took 0.146s to parse the dbt project for DAG using LoadMode.DBT_LS_CACHE","logger":"cosmos.converter","filename":"converter.py","lineno":371}
{"timestamp":"2026-09-06T10:48:57.344383Z","level":"info","event":"Cosmos performance (verdanta_stores__dbt_stores) - [4daed8617553|1168]: It took 0.0207s to build the Airflow DAG.","logger":"cosmos.converter","filename":"converter.py","lineno":423}
{"timestamp":"2026-09-06T10:48:57.344551Z","level":"info","event":"::endgroup::Cosmos DAG parsing logs","logger":"cosmos.converter","filename":"converter.py","lineno":430}
{"timestamp":"2026-09-06T10:48:57.345078Z","level":"warning","event":"Using Variable.get from `airflow.models` is deprecated.Please use `get` on Variable from sdk(`airflow.sdk.Variable`) instead","category":"UserWarning","filename":"/home/airflow/.local/lib/python3.13/site-packages/airflow/models/variable.py","lineno":158,"logger":"py.warnings"}
{"timestamp":"2026-09-06T10:49:27.452499Z","level":"info","event":"Filling up the DagBag from /opt/airflow/dags/verdanta_stores.py","logger":"airflow.dag_processing.dagbag.BundleDagBag","filename":"dagbag.py","lineno":469}
{"timestamp":"2026-09-06T10:49:27.524513Z","level":"info","event":"::group::Cosmos DAG parsing logs","logger":"cosmos.converter","filename":"converter.py","lineno":321}
{"timestamp":"2026-09-06T10:49:27.527675Z","level":"info","event":"Cosmos cache dir resolved to /tmp/cosmos/verdanta_stores__dbt_stores","logger":"cosmos.converter","filename":"converter.py","lineno":346}
{"timestamp":"2026-09-06T10:49:27.527959Z","level":"info","event":"Trying to parse the dbt project using dbt ls cache cosmos_cache__verdanta_stores__dbt_stores...","logger":"cosmos.dbt.graph","filename":"graph.py","lineno":869}
{"timestamp":"2026-09-06T10:49:27.669872Z","level":"info","event":"Cosmos performance: time to calculate cache identifier cosmos_cache__verdanta_stores__dbt_stores for current version: 0.1271359739998843","logger":"cosmos.cache","filename":"cache.py","lineno":401}
{"timestamp":"2026-09-06T10:49:27.670110Z","level":"info","event":"Cosmos performance [4daed8617553|1185]: The cache size for cosmos_cache__verdanta_stores__dbt_stores is 23579","logger":"cosmos.dbt.graph","filename":"graph.py","lineno":886}
{"timestamp":"2026-09-06T10:49:27.671005Z","level":"info","event":"Cosmos performance: Cache hit for cosmos_cache__verdanta_stores__dbt_stores - cec7d2b2130ad93ca8be26282ae433fd,288b6c4dd2d40c82d311ae7941a536c1","logger":"cosmos.dbt.graph","filename":"graph.py","lineno":898}
{"timestamp":"2026-09-06T10:49:27.671134Z","level":"info","event":"Total nodes: 27","logger":"cosmos.dbt.graph","filename":"graph.py","lineno":799}
{"timestamp":"2026-09-06T10:49:27.671217Z","level":"info","event":"Total filtered nodes: 27","logger":"cosmos.dbt.graph","filename":"graph.py","lineno":800}
{"timestamp":"2026-09-06T10:49:27.671291Z","level":"info","event":"Cosmos performance (verdanta_stores__dbt_stores) - [4daed8617553|1185]: It took 0.145s to parse the dbt project for DAG using LoadMode.DBT_LS_CACHE","logger":"cosmos.converter","filename":"converter.py","lineno":371}
{"timestamp":"2026-09-06T10:49:27.691413Z","level":"info","event":"Cosmos performance (verdanta_stores__dbt_stores) - [4daed8617553|1185]: It took 0.0201s to build the Airflow DAG.","logger":"cosmos.converter","filename":"converter.py","lineno":423}
{"timestamp":"2026-09-06T10:49:27.691557Z","level":"info","event":"::endgroup::Cosmos DAG parsing logs","logger":"cosmos.converter","filename":"converter.py","lineno":430}
{"timestamp":"2026-09-06T10:49:27.692018Z","level":"warning","event":"Using Variable.get from `airflow.models` is deprecated.Please use `get` on Variable from sdk(`airflow.sdk.Variable`) instead","category":"UserWarning","filename":"/home/airflow/.local/lib/python3.13/site-packages/airflow/models/variable.py","lineno":158,"logger":"py.warnings"}
{"timestamp":"2026-09-06T10:49:29.778500Z","level":"info","event":"Filling up the DagBag from /opt/airflow/dags/verdanta_stores.py","logger":"airflow.dag_processing.dagbag.BundleDagBag","filename":"dagbag.py","lineno":469}
{"timestamp":"2026-09-06T10:49:29.855211Z","level":"info","event":"::group::Cosmos DAG parsing logs","logger":"cosmos.converter","filename":"converter.py","lineno":321}
{"timestamp":"2026-09-06T10:49:29.858757Z","level":"info","event":"Cosmos cache dir resolved to /tmp/cosmos/verdanta_stores__dbt_stores","logger":"cosmos.converter","filename":"converter.py","lineno":346}
{"timestamp":"2026-09-06T10:49:29.858967Z","level":"info","event":"Trying to parse the dbt project using dbt ls cache cosmos_cache__verdanta_stores__dbt_stores...","logger":"cosmos.dbt.graph","filename":"graph.py","lineno":869}
{"timestamp":"2026-09-06T10:49:29.998625Z","level":"info","event":"Cosmos performance: time to calculate cache identifier cosmos_cache__verdanta_stores__dbt_stores for current version: 0.12437089699983517","logger":"cosmos.cache","filename":"cache.py","lineno":401}
{"timestamp":"2026-09-06T10:49:29.998929Z","level":"info","event":"Cosmos performance [4daed8617553|1188]: The cache size for cosmos_cache__verdanta_stores__dbt_stores is 23579","logger":"cosmos.dbt.graph","filename":"graph.py","lineno":886}
{"timestamp":"2026-09-06T10:49:29.999808Z","level":"info","event":"Cosmos performance: Cache hit for cosmos_cache__verdanta_stores__dbt_stores - cec7d2b2130ad93ca8be26282ae433fd,288b6c4dd2d40c82d311ae7941a536c1","logger":"cosmos.dbt.graph","filename":"graph.py","lineno":898}
{"timestamp":"2026-09-06T10:49:29.999931Z","level":"info","event":"Total nodes: 27","logger":"cosmos.dbt.graph","filename":"graph.py","lineno":799}
{"timestamp":"2026-09-06T10:49:29.999989Z","level":"info","event":"Total filtered nodes: 27","logger":"cosmos.dbt.graph","filename":"graph.py","lineno":800}
{"timestamp":"2026-09-06T10:49:30.000106Z","level":"info","event":"Cosmos performance (verdanta_stores__dbt_stores) - [4daed8617553|1188]: It took 0.141s to parse the dbt project for DAG using LoadMode.DBT_LS_CACHE","logger":"cosmos.converter","filename":"converter.py","lineno":371}
{"timestamp":"2026-09-06T10:49:30.020411Z","level":"info","event":"Cosmos performance (verdanta_stores__dbt_stores) - [4daed8617553|1188]: It took 0.0203s to build the Airflow DAG.","logger":"cosmos.converter","filename":"converter.py","lineno":423}
{"timestamp":"2026-09-06T10:49:30.020581Z","level":"info","event":"::endgroup::Cosmos DAG parsing logs","logger":"cosmos.converter","filename":"converter.py","lineno":430}
{"timestamp":"2026-09-06T10:49:30.021043Z","level":"warning","event":"Using Variable.get from `airflow.models` is deprecated.Please use `get` on Variable from sdk(`airflow.sdk.Variable`) instead","category":"UserWarning","filename":"/home/airflow/.local/lib/python3.13/site-packages/airflow/models/variable.py","lineno":158,"logger":"py.warnings"}
{"timestamp":"2026-09-06T10:50:00.110221Z","level":"info","event":"Filling up the DagBag from /opt/airflow/dags/verdanta_stores.py","logger":"airflow.dag_processing.dagbag.BundleDagBag","filename":"dagbag.py","lineno":469}
{"timestamp":"2026-09-06T10:50:00.178072Z","level":"info","event":"::group::Cosmos DAG parsing logs","logger":"cosmos.converter","filename":"converter.py","lineno":321}
{"timestamp":"2026-09-06T10:50:00.181348Z","level":"info","event":"Cosmos cache dir resolved to /tmp/cosmos/verdanta_stores__dbt_stores","logger":"cosmos.converter","filename":"converter.py","lineno":346}
{"timestamp":"2026-09-06T10:50:00.181605Z","level":"info","event":"Trying to parse the dbt project using dbt ls cache cosmos_cache__verdanta_stores__dbt_stores...","logger":"cosmos.dbt.graph","filename":"graph.py","lineno":869}
{"timestamp":"2026-09-06T10:50:00.372751Z","level":"info","event":"Cosmos performance: time to calculate cache identifier cosmos_cache__verdanta_stores__dbt_stores for current version: 0.17516740199994274","logger":"cosmos.cache","filename":"cache.py","lineno":401}
{"timestamp":"2026-09-06T10:50:00.373025Z","level":"info","event":"Cosmos performance [4daed8617553|1205]: The cache size for cosmos_cache__verdanta_stores__dbt_stores is 23579","logger":"cosmos.dbt.graph","filename":"graph.py","lineno":886}
{"timestamp":"2026-09-06T10:50:00.374002Z","level":"info","event":"Cosmos performance: Cache hit for cosmos_cache__verdanta_stores__dbt_stores - cec7d2b2130ad93ca8be26282ae433fd,288b6c4dd2d40c82d311ae7941a536c1","logger":"cosmos.dbt.graph","filename":"graph.py","lineno":898}
{"timestamp":"2026-09-06T10:50:00.374137Z","level":"info","event":"Total nodes: 27","logger":"cosmos.dbt.graph","filename":"graph.py","lineno":799}
{"timestamp":"2026-09-06T10:50:00.374200Z","level":"info","event":"Total filtered nodes: 27","logger":"cosmos.dbt.graph","filename":"graph.py","lineno":800}
{"timestamp":"2026-09-06T10:50:00.374268Z","level":"info","event":"Cosmos performance (verdanta_stores__dbt_stores) - [4daed8617553|1205]: It took 0.193s to parse the dbt project for DAG using LoadMode.DBT_LS_CACHE","logger":"cosmos.converter","filename":"converter.py","lineno":371}
{"timestamp":"2026-09-06T10:50:00.398301Z","level":"info","event":"Cosmos performance (verdanta_stores__dbt_stores) - [4daed8617553|1205]: It took 0.024s to build the Airflow DAG.","logger":"cosmos.converter","filename":"converter.py","lineno":423}
{"timestamp":"2026-09-06T10:50:00.398484Z","level":"info","event":"::endgroup::Cosmos DAG parsing logs","logger":"cosmos.converter","filename":"converter.py","lineno":430}
{"timestamp":"2026-09-06T10:50:00.399060Z","level":"warning","event":"Using Variable.get from `airflow.models` is deprecated.Please use `get` on Variable from sdk(`airflow.sdk.Variable`) instead","category":"UserWarning","filename":"/home/airflow/.local/lib/python3.13/site-packages/airflow/models/variable.py","lineno":158,"logger":"py.warnings"}
{"timestamp":"2026-09-06T10:50:30.512165Z","level":"info","event":"Filling up the DagBag from /opt/airflow/dags/verdanta_stores.py","logger":"airflow.dag_processing.dagbag.BundleDagBag","filename":"dagbag.py","lineno":469}
{"timestamp":"2026-09-06T10:50:30.586294Z","level":"info","event":"::group::Cosmos DAG parsing logs","logger":"cosmos.converter","filename":"converter.py","lineno":321}
{"timestamp":"2026-09-06T10:50:30.590204Z","level":"info","event":"Cosmos cache dir resolved to /tmp/cosmos/verdanta_stores__dbt_stores","logger":"cosmos.converter","filename":"converter.py","lineno":346}
{"timestamp":"2026-09-06T10:50:30.590469Z","level":"info","event":"Trying to parse the dbt project using dbt ls cache cosmos_cache__verdanta_stores__dbt_stores...","logger":"cosmos.dbt.graph","filename":"graph.py","lineno":869}
{"timestamp":"2026-09-06T10:50:30.728247Z","level":"info","event":"Cosmos performance: time to calculate cache identifier cosmos_cache__verdanta_stores__dbt_stores for current version: 0.12343836500008365","logger":"cosmos.cache","filename":"cache.py","lineno":401}
{"timestamp":"2026-09-06T10:50:30.728475Z","level":"info","event":"Cosmos performance [4daed8617553|1222]: The cache size for cosmos_cache__verdanta_stores__dbt_stores is 23579","logger":"cosmos.dbt.graph","filename":"graph.py","lineno":886}
{"timestamp":"2026-09-06T10:50:30.729441Z","level":"info","event":"Cosmos performance: Cache hit for cosmos_cache__verdanta_stores__dbt_stores - cec7d2b2130ad93ca8be26282ae433fd,288b6c4dd2d40c82d311ae7941a536c1","logger":"cosmos.dbt.graph","filename":"graph.py","lineno":898}
{"timestamp":"2026-09-06T10:50:30.729578Z","level":"info","event":"Total nodes: 27","logger":"cosmos.dbt.graph","filename":"graph.py","lineno":799}
{"timestamp":"2026-09-06T10:50:30.729640Z","level":"info","event":"Total filtered nodes: 27","logger":"cosmos.dbt.graph","filename":"graph.py","lineno":800}
{"timestamp":"2026-09-06T10:50:30.729705Z","level":"info","event":"Cosmos performance (verdanta_stores__dbt_stores) - [4daed8617553|1222]: It took 0.139s to parse the dbt project for DAG using LoadMode.DBT_LS_CACHE","logger":"cosmos.converter","filename":"converter.py","lineno":371}
{"timestamp":"2026-09-06T10:50:30.751102Z","level":"info","event":"Cosmos performance (verdanta_stores__dbt_stores) - [4daed8617553|1222]: It took 0.0213s to build the Airflow DAG.","logger":"cosmos.converter","filename":"converter.py","lineno":423}
{"timestamp":"2026-09-06T10:50:30.751263Z","level":"info","event":"::endgroup::Cosmos DAG parsing logs","logger":"cosmos.converter","filename":"converter.py","lineno":430}
{"timestamp":"2026-09-06T10:50:30.751817Z","level":"warning","event":"Using Variable.get from `airflow.models` is deprecated.Please use `get` on Variable from sdk(`airflow.sdk.Variable`) instead","category":"UserWarning","filename":"/home/airflow/.local/lib/python3.13/site-packages/airflow/models/variable.py","lineno":158,"logger":"py.warnings"}
{"timestamp":"2026-09-06T10:51:00.845083Z","level":"info","event":"Filling up the DagBag from /opt/airflow/dags/verdanta_stores.py","logger":"airflow.dag_processing.dagbag.BundleDagBag","filename":"dagbag.py","lineno":469}
{"timestamp":"2026-09-06T10:51:00.914808Z","level":"info","event":"::group::Cosmos DAG parsing logs","logger":"cosmos.converter","filename":"converter.py","lineno":321}
{"timestamp":"2026-09-06T10:51:00.917927Z","level":"info","event":"Cosmos cache dir resolved to /tmp/cosmos/verdanta_stores__dbt_stores","logger":"cosmos.converter","filename":"converter.py","lineno":346}
{"timestamp":"2026-09-06T10:51:00.918143Z","level":"info","event":"Trying to parse the dbt project using dbt ls cache cosmos_cache__verdanta_stores__dbt_stores...","logger":"cosmos.dbt.graph","filename":"graph.py","lineno":869}
{"timestamp":"2026-09-06T10:51:01.060496Z","level":"info","event":"Cosmos performance: time to calculate cache identifier cosmos_cache__verdanta_stores__dbt_stores for current version: 0.12655223599995225","logger":"cosmos.cache","filename":"cache.py","lineno":401}
{"timestamp":"2026-09-06T10:51:01.060718Z","level":"info","event":"Cosmos performance [4daed8617553|1239]: The cache size for cosmos_cache__verdanta_stores__dbt_stores is 23579","logger":"cosmos.dbt.graph","filename":"graph.py","lineno":886}
{"timestamp":"2026-09-06T10:51:01.061504Z","level":"info","event":"Cosmos performance: Cache hit for cosmos_cache__verdanta_stores__dbt_stores - cec7d2b2130ad93ca8be26282ae433fd,288b6c4dd2d40c82d311ae7941a536c1","logger":"cosmos.dbt.graph","filename":"graph.py","lineno":898}
{"timestamp":"2026-09-06T10:51:01.061628Z","level":"info","event":"Total nodes: 27","logger":"cosmos.dbt.graph","filename":"graph.py","lineno":799}
{"timestamp":"2026-09-06T10:51:01.061688Z","level":"info","event":"Total filtered nodes: 27","logger":"cosmos.dbt.graph","filename":"graph.py","lineno":800}
{"timestamp":"2026-09-06T10:51:01.061752Z","level":"info","event":"Cosmos performance (verdanta_stores__dbt_stores) - [4daed8617553|1239]: It took 0.144s to parse the dbt project for DAG using LoadMode.DBT_LS_CACHE","logger":"cosmos.converter","filename":"converter.py","lineno":371}
{"timestamp":"2026-09-06T10:51:01.085303Z","level":"info","event":"Cosmos performance (verdanta_stores__dbt_stores) - [4daed8617553|1239]: It took 0.0235s to build the Airflow DAG.","logger":"cosmos.converter","filename":"converter.py","lineno":423}
{"timestamp":"2026-09-06T10:51:01.085479Z","level":"info","event":"::endgroup::Cosmos DAG parsing logs","logger":"cosmos.converter","filename":"converter.py","lineno":430}
{"timestamp":"2026-09-06T10:51:01.086040Z","level":"warning","event":"Using Variable.get from `airflow.models` is deprecated.Please use `get` on Variable from sdk(`airflow.sdk.Variable`) instead","category":"UserWarning","filename":"/home/airflow/.local/lib/python3.13/site-packages/airflow/models/variable.py","lineno":158,"logger":"py.warnings"}
{"timestamp":"2026-09-06T10:51:31.204913Z","level":"info","event":"Filling up the DagBag from /opt/airflow/dags/verdanta_stores.py","logger":"airflow.dag_processing.dagbag.BundleDagBag","filename":"dagbag.py","lineno":469}
{"timestamp":"2026-09-06T10:51:31.282443Z","level":"info","event":"::group::Cosmos DAG parsing logs","logger":"cosmos.converter","filename":"converter.py","lineno":321}
{"timestamp":"2026-09-06T10:51:31.286293Z","level":"info","event":"Cosmos cache dir resolved to /tmp/cosmos/verdanta_stores__dbt_stores","logger":"cosmos.converter","filename":"converter.py","lineno":346}
{"timestamp":"2026-09-06T10:51:31.286512Z","level":"info","event":"Trying to parse the dbt project using dbt ls cache cosmos_cache__verdanta_stores__dbt_stores...","logger":"cosmos.dbt.graph","filename":"graph.py","lineno":869}
{"timestamp":"2026-09-06T10:51:31.441331Z","level":"info","event":"Cosmos performance: time to calculate cache identifier cosmos_cache__verdanta_stores__dbt_stores for current version: 0.13873054200007573","logger":"cosmos.cache","filename":"cache.py","lineno":401}
{"timestamp":"2026-09-06T10:51:31.441555Z","level":"info","event":"Cosmos performance [4daed8617553|1255]: The cache size for cosmos_cache__verdanta_stores__dbt_stores is 23579","logger":"cosmos.dbt.graph","filename":"graph.py","lineno":886}
{"timestamp":"2026-09-06T10:51:31.442401Z","level":"info","event":"Cosmos performance: Cache hit for cosmos_cache__verdanta_stores__dbt_stores - cec7d2b2130ad93ca8be26282ae433fd,288b6c4dd2d40c82d311ae7941a536c1","logger":"cosmos.dbt.graph","filename":"graph.py","lineno":898}
{"timestamp":"2026-09-06T10:51:31.442537Z","level":"info","event":"Total nodes: 27","logger":"cosmos.dbt.graph","filename":"graph.py","lineno":799}
{"timestamp":"2026-09-06T10:51:31.442599Z","level":"info","event":"Total filtered nodes: 27","logger":"cosmos.dbt.graph","filename":"graph.py","lineno":800}
{"timestamp":"2026-09-06T10:51:31.442664Z","level":"info","event":"Cosmos performance (verdanta_stores__dbt_stores) - [4daed8617553|1255]: It took 0.156s to parse the dbt project for DAG using LoadMode.DBT_LS_CACHE","logger":"cosmos.converter","filename":"converter.py","lineno":371}
{"timestamp":"2026-09-06T10:51:31.464849Z","level":"info","event":"Cosmos performance (verdanta_stores__dbt_stores) - [4daed8617553|1255]: It took 0.0221s to build the Airflow DAG.","logger":"cosmos.converter","filename":"converter.py","lineno":423}
{"timestamp":"2026-09-06T10:51:31.465006Z","level":"info","event":"::endgroup::Cosmos DAG parsing logs","logger":"cosmos.converter","filename":"converter.py","lineno":430}
{"timestamp":"2026-09-06T10:51:31.465528Z","level":"warning","event":"Using Variable.get from `airflow.models` is deprecated.Please use `get` on Variable from sdk(`airflow.sdk.Variable`) instead","category":"UserWarning","filename":"/home/airflow/.local/lib/python3.13/site-packages/airflow/models/variable.py","lineno":158,"logger":"py.warnings"}
{"timestamp":"2026-09-06T10:52:01.597026Z","level":"info","event":"Filling up the DagBag from /opt/airflow/dags/verdanta_stores.py","logger":"airflow.dag_processing.dagbag.BundleDagBag","filename":"dagbag.py","lineno":469}
{"timestamp":"2026-09-06T10:52:01.663976Z","level":"info","event":"::group::Cosmos DAG parsing logs","logger":"cosmos.converter","filename":"converter.py","lineno":321}
{"timestamp":"2026-09-06T10:52:01.667977Z","level":"info","event":"Cosmos cache dir resolved to /tmp/cosmos/verdanta_stores__dbt_stores","logger":"cosmos.converter","filename":"converter.py","lineno":346}
{"timestamp":"2026-09-06T10:52:01.668189Z","level":"info","event":"Trying to parse the dbt project using dbt ls cache cosmos_cache__verdanta_stores__dbt_stores...","logger":"cosmos.dbt.graph","filename":"graph.py","lineno":869}
{"timestamp":"2026-09-06T10:52:01.809920Z","level":"info","event":"Cosmos performance: time to calculate cache identifier cosmos_cache__verdanta_stores__dbt_stores for current version: 0.12633867399995324","logger":"cosmos.cache","filename":"cache.py","lineno":401}
{"timestamp":"2026-09-06T10:52:01.810168Z","level":"info","event":"Cosmos performance [4daed8617553|1265]: The cache size for cosmos_cache__verdanta_stores__dbt_stores is 23579","logger":"cosmos.dbt.graph","filename":"graph.py","lineno":886}
{"timestamp":"2026-09-06T10:52:01.811177Z","level":"info","event":"Cosmos performance: Cache hit for cosmos_cache__verdanta_stores__dbt_stores - cec7d2b2130ad93ca8be26282ae433fd,288b6c4dd2d40c82d311ae7941a536c1","logger":"cosmos.dbt.graph","filename":"graph.py","lineno":898}
{"timestamp":"2026-09-06T10:52:01.811387Z","level":"info","event":"Total nodes: 27","logger":"cosmos.dbt.graph","filename":"graph.py","lineno":799}
{"timestamp":"2026-09-06T10:52:01.811459Z","level":"info","event":"Total filtered nodes: 27","logger":"cosmos.dbt.graph","filename":"graph.py","lineno":800}
{"timestamp":"2026-09-06T10:52:01.811530Z","level":"info","event":"Cosmos performance (verdanta_stores__dbt_stores) - [4daed8617553|1265]: It took 0.143s to parse the dbt project for DAG using LoadMode.DBT_LS_CACHE","logger":"cosmos.converter","filename":"converter.py","lineno":371}
{"timestamp":"2026-09-06T10:52:01.833501Z","level":"info","event":"Cosmos performance (verdanta_stores__dbt_stores) - [4daed8617553|1265]: It took 0.0219s to build the Airflow DAG.","logger":"cosmos.converter","filename":"converter.py","lineno":423}
{"timestamp":"2026-09-06T10:52:01.833651Z","level":"info","event":"::endgroup::Cosmos DAG parsing logs","logger":"cosmos.converter","filename":"converter.py","lineno":430}
{"timestamp":"2026-09-06T10:52:01.834206Z","level":"warning","event":"Using Variable.get from `airflow.models` is deprecated.Please use `get` on Variable from sdk(`airflow.sdk.Variable`) instead","category":"UserWarning","filename":"/home/airflow/.local/lib/python3.13/site-packages/airflow/models/variable.py","lineno":158,"logger":"py.warnings"}
{"timestamp":"2026-09-06T10:52:31.956397Z","level":"info","event":"Filling up the DagBag from /opt/airflow/dags/verdanta_stores.py","logger":"airflow.dag_processing.dagbag.BundleDagBag","filename":"dagbag.py","lineno":469}
{"timestamp":"2026-09-06T10:52:32.037775Z","level":"info","event":"::group::Cosmos DAG parsing logs","logger":"cosmos.converter","filename":"converter.py","lineno":321}
{"timestamp":"2026-09-06T10:52:32.041649Z","level":"info","event":"Cosmos cache dir resolved to /tmp/cosmos/verdanta_stores__dbt_stores","logger":"cosmos.converter","filename":"converter.py","lineno":346}
{"timestamp":"2026-09-06T10:52:32.041868Z","level":"info","event":"Trying to parse the dbt project using dbt ls cache cosmos_cache__verdanta_stores__dbt_stores...","logger":"cosmos.dbt.graph","filename":"graph.py","lineno":869}
{"timestamp":"2026-09-06T10:52:32.181772Z","level":"info","event":"Cosmos performance: time to calculate cache identifier cosmos_cache__verdanta_stores__dbt_stores for current version: 0.12355577199991785","logger":"cosmos.cache","filename":"cache.py","lineno":401}
{"timestamp":"2026-09-06T10:52:32.182013Z","level":"info","event":"Cosmos performance [4daed8617553|1282]: The cache size for cosmos_cache__verdanta_stores__dbt_stores is 23579","logger":"cosmos.dbt.graph","filename":"graph.py","lineno":886}
{"timestamp":"2026-09-06T10:52:32.183478Z","level":"info","event":"Cosmos performance: Cache hit for cosmos_cache__verdanta_stores__dbt_stores - cec7d2b2130ad93ca8be26282ae433fd,288b6c4dd2d40c82d311ae7941a536c1","logger":"cosmos.dbt.graph","filename":"graph.py","lineno":898}
{"timestamp":"2026-09-06T10:52:32.183643Z","level":"info","event":"Total nodes: 27","logger":"cosmos.dbt.graph","filename":"graph.py","lineno":799}
{"timestamp":"2026-09-06T10:52:32.183709Z","level":"info","event":"Total filtered nodes: 27","logger":"cosmos.dbt.graph","filename":"graph.py","lineno":800}
{"timestamp":"2026-09-06T10:52:32.183780Z","level":"info","event":"Cosmos performance (verdanta_stores__dbt_stores) - [4daed8617553|1282]: It took 0.142s to parse the dbt project for DAG using LoadMode.DBT_LS_CACHE","logger":"cosmos.converter","filename":"converter.py","lineno":371}
{"timestamp":"2026-09-06T10:52:32.207298Z","level":"info","event":"Cosmos performance (verdanta_stores__dbt_stores) - [4daed8617553|1282]: It took 0.0235s to build the Airflow DAG.","logger":"cosmos.converter","filename":"converter.py","lineno":423}
{"timestamp":"2026-09-06T10:52:32.207463Z","level":"info","event":"::endgroup::Cosmos DAG parsing logs","logger":"cosmos.converter","filename":"converter.py","lineno":430}
{"timestamp":"2026-09-06T10:52:32.208078Z","level":"warning","event":"Using Variable.get from `airflow.models` is deprecated.Please use `get` on Variable from sdk(`airflow.sdk.Variable`) instead","category":"UserWarning","filename":"/home/airflow/.local/lib/python3.13/site-packages/airflow/models/variable.py","lineno":158,"logger":"py.warnings"}
{"timestamp":"2026-09-06T10:53:02.340210Z","level":"info","event":"Filling up the DagBag from /opt/airflow/dags/verdanta_stores.py","logger":"airflow.dag_processing.dagbag.BundleDagBag","filename":"dagbag.py","lineno":469}
{"timestamp":"2026-09-06T10:53:02.417120Z","level":"info","event":"::group::Cosmos DAG parsing logs","logger":"cosmos.converter","filename":"converter.py","lineno":321}
{"timestamp":"2026-09-06T10:53:02.421288Z","level":"info","event":"Cosmos cache dir resolved to /tmp/cosmos/verdanta_stores__dbt_stores","logger":"cosmos.converter","filename":"converter.py","lineno":346}
{"timestamp":"2026-09-06T10:53:02.421544Z","level":"info","event":"Trying to parse the dbt project using dbt ls cache cosmos_cache__verdanta_stores__dbt_stores...","logger":"cosmos.dbt.graph","filename":"graph.py","lineno":869}
{"timestamp":"2026-09-06T10:53:02.573878Z","level":"info","event":"Cosmos performance: time to calculate cache identifier cosmos_cache__verdanta_stores__dbt_stores for current version: 0.1359433860000081","logger":"cosmos.cache","filename":"cache.py","lineno":401}
{"timestamp":"2026-09-06T10:53:02.574105Z","level":"info","event":"Cosmos performance [4daed8617553|1299]: The cache size for cosmos_cache__verdanta_stores__dbt_stores is 23579","logger":"cosmos.dbt.graph","filename":"graph.py","lineno":886}
{"timestamp":"2026-09-06T10:53:02.574940Z","level":"info","event":"Cosmos performance: Cache hit for cosmos_cache__verdanta_stores__dbt_stores - cec7d2b2130ad93ca8be26282ae433fd,288b6c4dd2d40c82d311ae7941a536c1","logger":"cosmos.dbt.graph","filename":"graph.py","lineno":898}
{"timestamp":"2026-09-06T10:53:02.575074Z","level":"info","event":"Total nodes: 27","logger":"cosmos.dbt.graph","filename":"graph.py","lineno":799}
{"timestamp":"2026-09-06T10:53:02.575138Z","level":"info","event":"Total filtered nodes: 27","logger":"cosmos.dbt.graph","filename":"graph.py","lineno":800}
{"timestamp":"2026-09-06T10:53:02.575205Z","level":"info","event":"Cosmos performance (verdanta_stores__dbt_stores) - [4daed8617553|1299]: It took 0.154s to parse the dbt project for DAG using LoadMode.DBT_LS_CACHE","logger":"cosmos.converter","filename":"converter.py","lineno":371}
{"timestamp":"2026-09-06T10:53:02.598293Z","level":"info","event":"Cosmos performance (verdanta_stores__dbt_stores) - [4daed8617553|1299]: It took 0.023s to build the Airflow DAG.","logger":"cosmos.converter","filename":"converter.py","lineno":423}
{"timestamp":"2026-09-06T10:53:02.598493Z","level":"info","event":"::endgroup::Cosmos DAG parsing logs","logger":"cosmos.converter","filename":"converter.py","lineno":430}
{"timestamp":"2026-09-06T10:53:02.598996Z","level":"warning","event":"Using Variable.get from `airflow.models` is deprecated.Please use `get` on Variable from sdk(`airflow.sdk.Variable`) instead","category":"UserWarning","filename":"/home/airflow/.local/lib/python3.13/site-packages/airflow/models/variable.py","lineno":158,"logger":"py.warnings"}
{"timestamp":"2026-09-06T10:53:32.752608Z","level":"info","event":"Filling up the DagBag from /opt/airflow/dags/verdanta_stores.py","logger":"airflow.dag_processing.dagbag.BundleDagBag","filename":"dagbag.py","lineno":469}
{"timestamp":"2026-09-06T10:53:32.851825Z","level":"info","event":"::group::Cosmos DAG parsing logs","logger":"cosmos.converter","filename":"converter.py","lineno":321}
{"timestamp":"2026-09-06T10:53:32.857800Z","level":"info","event":"Cosmos cache dir resolved to /tmp/cosmos/verdanta_stores__dbt_stores","logger":"cosmos.converter","filename":"converter.py","lineno":346}
{"timestamp":"2026-09-06T10:53:32.858036Z","level":"info","event":"Trying to parse the dbt project using dbt ls cache cosmos_cache__verdanta_stores__dbt_stores...","logger":"cosmos.dbt.graph","filename":"graph.py","lineno":869}
{"timestamp":"2026-09-06T10:53:33.004691Z","level":"info","event":"Cosmos performance: time to calculate cache identifier cosmos_cache__verdanta_stores__dbt_stores for current version: 0.13298964999989948","logger":"cosmos.cache","filename":"cache.py","lineno":401}
{"timestamp":"2026-09-06T10:53:33.004950Z","level":"info","event":"Cosmos performance [4daed8617553|1316]: The cache size for cosmos_cache__verdanta_stores__dbt_stores is 23579","logger":"cosmos.dbt.graph","filename":"graph.py","lineno":886}
{"timestamp":"2026-09-06T10:53:33.005858Z","level":"info","event":"Cosmos performance: Cache hit for cosmos_cache__verdanta_stores__dbt_stores - cec7d2b2130ad93ca8be26282ae433fd,288b6c4dd2d40c82d311ae7941a536c1","logger":"cosmos.dbt.graph","filename":"graph.py","lineno":898}
{"timestamp":"2026-09-06T10:53:33.005990Z","level":"info","event":"Total nodes: 27","logger":"cosmos.dbt.graph","filename":"graph.py","lineno":799}
{"timestamp":"2026-09-06T10:53:33.006051Z","level":"info","event":"Total filtered nodes: 27","logger":"cosmos.dbt.graph","filename":"graph.py","lineno":800}
{"timestamp":"2026-09-06T10:53:33.006118Z","level":"info","event":"Cosmos performance (verdanta_stores__dbt_stores) - [4daed8617553|1316]: It took 0.148s to parse the dbt project for DAG using LoadMode.DBT_LS_CACHE","logger":"cosmos.converter","filename":"converter.py","lineno":371}
{"timestamp":"2026-09-06T10:53:33.028108Z","level":"info","event":"Cosmos performance (verdanta_stores__dbt_stores) - [4daed8617553|1316]: It took 0.0219s to build the Airflow DAG.","logger":"cosmos.converter","filename":"converter.py","lineno":423}
{"timestamp":"2026-09-06T10:53:33.028271Z","level":"info","event":"::endgroup::Cosmos DAG parsing logs","logger":"cosmos.converter","filename":"converter.py","lineno":430}
{"timestamp":"2026-09-06T10:53:33.028754Z","level":"warning","event":"Using Variable.get from `airflow.models` is deprecated.Please use `get` on Variable from sdk(`airflow.sdk.Variable`) instead","category":"UserWarning","filename":"/home/airflow/.local/lib/python3.13/site-packages/airflow/models/variable.py","lineno":158,"logger":"py.warnings"}
{"timestamp":"2026-09-06T10:54:03.157509Z","level":"info","event":"Filling up the DagBag from /opt/airflow/dags/verdanta_stores.py","logger":"airflow.dag_processing.dagbag.BundleDagBag","filename":"dagbag.py","lineno":469}
{"timestamp":"2026-09-06T10:54:03.236027Z","level":"info","event":"::group::Cosmos DAG parsing logs","logger":"cosmos.converter","filename":"converter.py","lineno":321}
{"timestamp":"2026-09-06T10:54:03.239695Z","level":"info","event":"Cosmos cache dir resolved to /tmp/cosmos/verdanta_stores__dbt_stores","logger":"cosmos.converter","filename":"converter.py","lineno":346}
{"timestamp":"2026-09-06T10:54:03.239934Z","level":"info","event":"Trying to parse the dbt project using dbt ls cache cosmos_cache__verdanta_stores__dbt_stores...","logger":"cosmos.dbt.graph","filename":"graph.py","lineno":869}
{"timestamp":"2026-09-06T10:54:03.380856Z","level":"info","event":"Cosmos performance: time to calculate cache identifier cosmos_cache__verdanta_stores__dbt_stores for current version: 0.12534874400012086","logger":"cosmos.cache","filename":"cache.py","lineno":401}
{"timestamp":"2026-09-06T10:54:03.381142Z","level":"info","event":"Cosmos performance [4daed8617553|1333]: The cache size for cosmos_cache__verdanta_stores__dbt_stores is 23579","logger":"cosmos.dbt.graph","filename":"graph.py","lineno":886}
{"timestamp":"2026-09-06T10:54:03.382008Z","level":"info","event":"Cosmos performance: Cache hit for cosmos_cache__verdanta_stores__dbt_stores - cec7d2b2130ad93ca8be26282ae433fd,288b6c4dd2d40c82d311ae7941a536c1","logger":"cosmos.dbt.graph","filename":"graph.py","lineno":898}
{"timestamp":"2026-09-06T10:54:03.382139Z","level":"info","event":"Total nodes: 27","logger":"cosmos.dbt.graph","filename":"graph.py","lineno":799}
{"timestamp":"2026-09-06T10:54:03.382275Z","level":"info","event":"Total filtered nodes: 27","logger":"cosmos.dbt.graph","filename":"graph.py","lineno":800}
{"timestamp":"2026-09-06T10:54:03.382358Z","level":"info","event":"Cosmos performance (verdanta_stores__dbt_stores) - [4daed8617553|1333]: It took 0.143s to parse the dbt project for DAG using LoadMode.DBT_LS_CACHE","logger":"cosmos.converter","filename":"converter.py","lineno":371}
{"timestamp":"2026-09-06T10:54:03.403216Z","level":"info","event":"Cosmos performance (verdanta_stores__dbt_stores) - [4daed8617553|1333]: It took 0.0208s to build the Airflow DAG.","logger":"cosmos.converter","filename":"converter.py","lineno":423}
{"timestamp":"2026-09-06T10:54:03.403416Z","level":"info","event":"::endgroup::Cosmos DAG parsing logs","logger":"cosmos.converter","filename":"converter.py","lineno":430}
{"timestamp":"2026-09-06T10:54:03.403957Z","level":"warning","event":"Using Variable.get from `airflow.models` is deprecated.Please use `get` on Variable from sdk(`airflow.sdk.Variable`) instead","category":"UserWarning","filename":"/home/airflow/.local/lib/python3.13/site-packages/airflow/models/variable.py","lineno":158,"logger":"py.warnings"}
{"timestamp":"2026-09-06T10:54:34.441336Z","level":"info","event":"Filling up the DagBag from /opt/airflow/dags/verdanta_stores.py","logger":"airflow.dag_processing.dagbag.BundleDagBag","filename":"dagbag.py","lineno":469}
{"timestamp":"2026-09-06T10:54:34.517282Z","level":"info","event":"::group::Cosmos DAG parsing logs","logger":"cosmos.converter","filename":"converter.py","lineno":321}
{"timestamp":"2026-09-06T10:54:34.521327Z","level":"info","event":"Cosmos cache dir resolved to /tmp/cosmos/verdanta_stores__dbt_stores","logger":"cosmos.converter","filename":"converter.py","lineno":346}
{"timestamp":"2026-09-06T10:54:34.521545Z","level":"info","event":"Trying to parse the dbt project using dbt ls cache cosmos_cache__verdanta_stores__dbt_stores...","logger":"cosmos.dbt.graph","filename":"graph.py","lineno":869}
{"timestamp":"2026-09-06T10:54:34.663068Z","level":"info","event":"Cosmos performance: time to calculate cache identifier cosmos_cache__verdanta_stores__dbt_stores for current version: 0.12608897099994465","logger":"cosmos.cache","filename":"cache.py","lineno":401}
{"timestamp":"2026-09-06T10:54:34.663430Z","level":"info","event":"Cosmos performance [4daed8617553|1350]: The cache size for cosmos_cache__verdanta_stores__dbt_stores is 23579","logger":"cosmos.dbt.graph","filename":"graph.py","lineno":886}
{"timestamp":"2026-09-06T10:54:34.664424Z","level":"info","event":"Cosmos performance: Cache hit for cosmos_cache__verdanta_stores__dbt_stores - cec7d2b2130ad93ca8be26282ae433fd,288b6c4dd2d40c82d311ae7941a536c1","logger":"cosmos.dbt.graph","filename":"graph.py","lineno":898}
{"timestamp":"2026-09-06T10:54:34.664573Z","level":"info","event":"Total nodes: 27","logger":"cosmos.dbt.graph","filename":"graph.py","lineno":799}
{"timestamp":"2026-09-06T10:54:34.664681Z","level":"info","event":"Total filtered nodes: 27","logger":"cosmos.dbt.graph","filename":"graph.py","lineno":800}
{"timestamp":"2026-09-06T10:54:34.664781Z","level":"info","event":"Cosmos performance (verdanta_stores__dbt_stores) - [4daed8617553|1350]: It took 0.143s to parse the dbt project for DAG using LoadMode.DBT_LS_CACHE","logger":"cosmos.converter","filename":"converter.py","lineno":371}
{"timestamp":"2026-09-06T10:54:34.687908Z","level":"info","event":"Cosmos performance (verdanta_stores__dbt_stores) - [4daed8617553|1350]: It took 0.0231s to build the Airflow DAG.","logger":"cosmos.converter","filename":"converter.py","lineno":423}
{"timestamp":"2026-09-06T10:54:34.688078Z","level":"info","event":"::endgroup::Cosmos DAG parsing logs","logger":"cosmos.converter","filename":"converter.py","lineno":430}
{"timestamp":"2026-09-06T10:54:34.688680Z","level":"warning","event":"Using Variable.get from `airflow.models` is deprecated.Please use `get` on Variable from sdk(`airflow.sdk.Variable`) instead","category":"UserWarning","filename":"/home/airflow/.local/lib/python3.13/site-packages/airflow/models/variable.py","lineno":158,"logger":"py.warnings"}
{"timestamp":"2026-09-06T10:55:04.773468Z","level":"info","event":"Filling up the DagBag from /opt/airflow/dags/verdanta_stores.py","logger":"airflow.dag_processing.dagbag.BundleDagBag","filename":"dagbag.py","lineno":469}
{"timestamp":"2026-09-06T10:55:04.840082Z","level":"info","event":"::group::Cosmos DAG parsing logs","logger":"cosmos.converter","filename":"converter.py","lineno":321}
{"timestamp":"2026-09-06T10:55:04.843494Z","level":"info","event":"Cosmos cache dir resolved to /tmp/cosmos/verdanta_stores__dbt_stores","logger":"cosmos.converter","filename":"converter.py","lineno":346}
{"timestamp":"2026-09-06T10:55:04.843735Z","level":"info","event":"Trying to parse the dbt project using dbt ls cache cosmos_cache__verdanta_stores__dbt_stores...","logger":"cosmos.dbt.graph","filename":"graph.py","lineno":869}
{"timestamp":"2026-09-06T10:55:04.983651Z","level":"info","event":"Cosmos performance: time to calculate cache identifier cosmos_cache__verdanta_stores__dbt_stores for current version: 0.12469315199996345","logger":"cosmos.cache","filename":"cache.py","lineno":401}
{"timestamp":"2026-09-06T10:55:04.983896Z","level":"info","event":"Cosmos performance [4daed8617553|1367]: The cache size for cosmos_cache__verdanta_stores__dbt_stores is 23579","logger":"cosmos.dbt.graph","filename":"graph.py","lineno":886}
{"timestamp":"2026-09-06T10:55:04.984801Z","level":"info","event":"Cosmos performance: Cache hit for cosmos_cache__verdanta_stores__dbt_stores - cec7d2b2130ad93ca8be26282ae433fd,288b6c4dd2d40c82d311ae7941a536c1","logger":"cosmos.dbt.graph","filename":"graph.py","lineno":898}
{"timestamp":"2026-09-06T10:55:04.984942Z","level":"info","event":"Total nodes: 27","logger":"cosmos.dbt.graph","filename":"graph.py","lineno":799}
{"timestamp":"2026-09-06T10:55:04.985003Z","level":"info","event":"Total filtered nodes: 27","logger":"cosmos.dbt.graph","filename":"graph.py","lineno":800}
{"timestamp":"2026-09-06T10:55:04.985069Z","level":"info","event":"Cosmos performance (verdanta_stores__dbt_stores) - [4daed8617553|1367]: It took 0.141s to parse the dbt project for DAG using LoadMode.DBT_LS_CACHE","logger":"cosmos.converter","filename":"converter.py","lineno":371}
{"timestamp":"2026-09-06T10:55:05.005280Z","level":"info","event":"Cosmos performance (verdanta_stores__dbt_stores) - [4daed8617553|1367]: It took 0.0202s to build the Airflow DAG.","logger":"cosmos.converter","filename":"converter.py","lineno":423}
{"timestamp":"2026-09-06T10:55:05.005446Z","level":"info","event":"::endgroup::Cosmos DAG parsing logs","logger":"cosmos.converter","filename":"converter.py","lineno":430}
{"timestamp":"2026-09-06T10:55:05.005965Z","level":"warning","event":"Using Variable.get from `airflow.models` is deprecated.Please use `get` on Variable from sdk(`airflow.sdk.Variable`) instead","category":"UserWarning","filename":"/home/airflow/.local/lib/python3.13/site-packages/airflow/models/variable.py","lineno":158,"logger":"py.warnings"}
{"timestamp":"2026-09-06T10:55:35.116583Z","level":"info","event":"Filling up the DagBag from /opt/airflow/dags/verdanta_stores.py","logger":"airflow.dag_processing.dagbag.BundleDagBag","filename":"dagbag.py","lineno":469}
{"timestamp":"2026-09-06T10:55:35.184002Z","level":"info","event":"::group::Cosmos DAG parsing logs","logger":"cosmos.converter","filename":"converter.py","lineno":321}
{"timestamp":"2026-09-06T10:55:35.187852Z","level":"info","event":"Cosmos cache dir resolved to /tmp/cosmos/verdanta_stores__dbt_stores","logger":"cosmos.converter","filename":"converter.py","lineno":346}
{"timestamp":"2026-09-06T10:55:35.188076Z","level":"info","event":"Trying to parse the dbt project using dbt ls cache cosmos_cache__verdanta_stores__dbt_stores...","logger":"cosmos.dbt.graph","filename":"graph.py","lineno":869}
{"timestamp":"2026-09-06T10:55:35.328733Z","level":"info","event":"Cosmos performance: time to calculate cache identifier cosmos_cache__verdanta_stores__dbt_stores for current version: 0.12595100299995465","logger":"cosmos.cache","filename":"cache.py","lineno":401}
{"timestamp":"2026-09-06T10:55:35.328966Z","level":"info","event":"Cosmos performance [4daed8617553|1384]: The cache size for cosmos_cache__verdanta_stores__dbt_stores is 23579","logger":"cosmos.dbt.graph","filename":"graph.py","lineno":886}
{"timestamp":"2026-09-06T10:55:35.329741Z","level":"info","event":"Cosmos performance: Cache hit for cosmos_cache__verdanta_stores__dbt_stores - cec7d2b2130ad93ca8be26282ae433fd,288b6c4dd2d40c82d311ae7941a536c1","logger":"cosmos.dbt.graph","filename":"graph.py","lineno":898}
{"timestamp":"2026-09-06T10:55:35.329864Z","level":"info","event":"Total nodes: 27","logger":"cosmos.dbt.graph","filename":"graph.py","lineno":799}
{"timestamp":"2026-09-06T10:55:35.329921Z","level":"info","event":"Total filtered nodes: 27","logger":"cosmos.dbt.graph","filename":"graph.py","lineno":800}
{"timestamp":"2026-09-06T10:55:35.329987Z","level":"info","event":"Cosmos performance (verdanta_stores__dbt_stores) - [4daed8617553|1384]: It took 0.142s to parse the dbt project for DAG using LoadMode.DBT_LS_CACHE","logger":"cosmos.converter","filename":"converter.py","lineno":371}
{"timestamp":"2026-09-06T10:55:35.350070Z","level":"info","event":"Cosmos performance (verdanta_stores__dbt_stores) - [4daed8617553|1384]: It took 0.02s to build the Airflow DAG.","logger":"cosmos.converter","filename":"converter.py","lineno":423}
{"timestamp":"2026-09-06T10:55:35.350224Z","level":"info","event":"::endgroup::Cosmos DAG parsing logs","logger":"cosmos.converter","filename":"converter.py","lineno":430}
{"timestamp":"2026-09-06T10:55:35.350746Z","level":"warning","event":"Using Variable.get from `airflow.models` is deprecated.Please use `get` on Variable from sdk(`airflow.sdk.Variable`) instead","category":"UserWarning","filename":"/home/airflow/.local/lib/python3.13/site-packages/airflow/models/variable.py","lineno":158,"logger":"py.warnings"}
{"timestamp":"2026-09-06T10:56:06.356446Z","level":"info","event":"Filling up the DagBag from /opt/airflow/dags/verdanta_stores.py","logger":"airflow.dag_processing.dagbag.BundleDagBag","filename":"dagbag.py","lineno":469}
{"timestamp":"2026-09-06T10:56:06.420987Z","level":"info","event":"::group::Cosmos DAG parsing logs","logger":"cosmos.converter","filename":"converter.py","lineno":321}
{"timestamp":"2026-09-06T10:56:06.424456Z","level":"info","event":"Cosmos cache dir resolved to /tmp/cosmos/verdanta_stores__dbt_stores","logger":"cosmos.converter","filename":"converter.py","lineno":346}
{"timestamp":"2026-09-06T10:56:06.424637Z","level":"info","event":"Trying to parse the dbt project using dbt ls cache cosmos_cache__verdanta_stores__dbt_stores...","logger":"cosmos.dbt.graph","filename":"graph.py","lineno":869}
{"timestamp":"2026-09-06T10:56:06.559846Z","level":"info","event":"Cosmos performance: time to calculate cache identifier cosmos_cache__verdanta_stores__dbt_stores for current version: 0.12071790400023019","logger":"cosmos.cache","filename":"cache.py","lineno":401}
{"timestamp":"2026-09-06T10:56:06.560079Z","level":"info","event":"Cosmos performance [4daed8617553|1401]: The cache size for cosmos_cache__verdanta_stores__dbt_stores is 23579","logger":"cosmos.dbt.graph","filename":"graph.py","lineno":886}
{"timestamp":"2026-09-06T10:56:06.561006Z","level":"info","event":"Cosmos performance: Cache hit for cosmos_cache__verdanta_stores__dbt_stores - cec7d2b2130ad93ca8be26282ae433fd,288b6c4dd2d40c82d311ae7941a536c1","logger":"cosmos.dbt.graph","filename":"graph.py","lineno":898}
{"timestamp":"2026-09-06T10:56:06.561137Z","level":"info","event":"Total nodes: 27","logger":"cosmos.dbt.graph","filename":"graph.py","lineno":799}
{"timestamp":"2026-09-06T10:56:06.561198Z","level":"info","event":"Total filtered nodes: 27","logger":"cosmos.dbt.graph","filename":"graph.py","lineno":800}
{"timestamp":"2026-09-06T10:56:06.561263Z","level":"info","event":"Cosmos performance (verdanta_stores__dbt_stores) - [4daed8617553|1401]: It took 0.137s to parse the dbt project for DAG using LoadMode.DBT_LS_CACHE","logger":"cosmos.converter","filename":"converter.py","lineno":371}
{"timestamp":"2026-09-06T10:56:06.581789Z","level":"info","event":"Cosmos performance (verdanta_stores__dbt_stores) - [4daed8617553|1401]: It took 0.0205s to build the Airflow DAG.","logger":"cosmos.converter","filename":"converter.py","lineno":423}
{"timestamp":"2026-09-06T10:56:06.581932Z","level":"info","event":"::endgroup::Cosmos DAG parsing logs","logger":"cosmos.converter","filename":"converter.py","lineno":430}
{"timestamp":"2026-09-06T10:56:06.582445Z","level":"warning","event":"Using Variable.get from `airflow.models` is deprecated.Please use `get` on Variable from sdk(`airflow.sdk.Variable`) instead","category":"UserWarning","filename":"/home/airflow/.local/lib/python3.13/site-packages/airflow/models/variable.py","lineno":158,"logger":"py.warnings"}
{"timestamp":"2026-09-06T10:56:37.582019Z","level":"info","event":"Filling up the DagBag from /opt/airflow/dags/verdanta_stores.py","logger":"airflow.dag_processing.dagbag.BundleDagBag","filename":"dagbag.py","lineno":469}
{"timestamp":"2026-09-06T10:56:37.647846Z","level":"info","event":"::group::Cosmos DAG parsing logs","logger":"cosmos.converter","filename":"converter.py","lineno":321}
{"timestamp":"2026-09-06T10:56:37.651674Z","level":"info","event":"Cosmos cache dir resolved to /tmp/cosmos/verdanta_stores__dbt_stores","logger":"cosmos.converter","filename":"converter.py","lineno":346}
{"timestamp":"2026-09-06T10:56:37.651874Z","level":"info","event":"Trying to parse the dbt project using dbt ls cache cosmos_cache__verdanta_stores__dbt_stores...","logger":"cosmos.dbt.graph","filename":"graph.py","lineno":869}
{"timestamp":"2026-09-06T10:56:37.787878Z","level":"info","event":"Cosmos performance: time to calculate cache identifier cosmos_cache__verdanta_stores__dbt_stores for current version: 0.12279997699988598","logger":"cosmos.cache","filename":"cache.py","lineno":401}
{"timestamp":"2026-09-06T10:56:37.788099Z","level":"info","event":"Cosmos performance [4daed8617553|1418]: The cache size for cosmos_cache__verdanta_stores__dbt_stores is 23579","logger":"cosmos.dbt.graph","filename":"graph.py","lineno":886}
{"timestamp":"2026-09-06T10:56:37.788958Z","level":"info","event":"Cosmos performance: Cache hit for cosmos_cache__verdanta_stores__dbt_stores - cec7d2b2130ad93ca8be26282ae433fd,288b6c4dd2d40c82d311ae7941a536c1","logger":"cosmos.dbt.graph","filename":"graph.py","lineno":898}
{"timestamp":"2026-09-06T10:56:37.789088Z","level":"info","event":"Total nodes: 27","logger":"cosmos.dbt.graph","filename":"graph.py","lineno":799}
{"timestamp":"2026-09-06T10:56:37.789148Z","level":"info","event":"Total filtered nodes: 27","logger":"cosmos.dbt.graph","filename":"graph.py","lineno":800}
{"timestamp":"2026-09-06T10:56:37.789235Z","level":"info","event":"Cosmos performance (verdanta_stores__dbt_stores) - [4daed8617553|1418]: It took 0.137s to parse the dbt project for DAG using LoadMode.DBT_LS_CACHE","logger":"cosmos.converter","filename":"converter.py","lineno":371}
{"timestamp":"2026-09-06T10:56:37.809000Z","level":"info","event":"Cosmos performance (verdanta_stores__dbt_stores) - [4daed8617553|1418]: It took 0.0197s to build the Airflow DAG.","logger":"cosmos.converter","filename":"converter.py","lineno":423}
{"timestamp":"2026-09-06T10:56:37.809146Z","level":"info","event":"::endgroup::Cosmos DAG parsing logs","logger":"cosmos.converter","filename":"converter.py","lineno":430}
{"timestamp":"2026-09-06T10:56:37.809588Z","level":"warning","event":"Using Variable.get from `airflow.models` is deprecated.Please use `get` on Variable from sdk(`airflow.sdk.Variable`) instead","category":"UserWarning","filename":"/home/airflow/.local/lib/python3.13/site-packages/airflow/models/variable.py","lineno":158,"logger":"py.warnings"}
{"timestamp":"2026-09-06T10:57:08.805834Z","level":"info","event":"Filling up the DagBag from /opt/airflow/dags/verdanta_stores.py","logger":"airflow.dag_processing.dagbag.BundleDagBag","filename":"dagbag.py","lineno":469}
{"timestamp":"2026-09-06T10:57:08.869821Z","level":"info","event":"::group::Cosmos DAG parsing logs","logger":"cosmos.converter","filename":"converter.py","lineno":321}
{"timestamp":"2026-09-06T10:57:08.872970Z","level":"info","event":"Cosmos cache dir resolved to /tmp/cosmos/verdanta_stores__dbt_stores","logger":"cosmos.converter","filename":"converter.py","lineno":346}
{"timestamp":"2026-09-06T10:57:08.873170Z","level":"info","event":"Trying to parse the dbt project using dbt ls cache cosmos_cache__verdanta_stores__dbt_stores...","logger":"cosmos.dbt.graph","filename":"graph.py","lineno":869}
{"timestamp":"2026-09-06T10:57:09.010979Z","level":"info","event":"Cosmos performance: time to calculate cache identifier cosmos_cache__verdanta_stores__dbt_stores for current version: 0.12325100699990799","logger":"cosmos.cache","filename":"cache.py","lineno":401}
{"timestamp":"2026-09-06T10:57:09.011202Z","level":"info","event":"Cosmos performance [4daed8617553|1435]: The cache size for cosmos_cache__verdanta_stores__dbt_stores is 23579","logger":"cosmos.dbt.graph","filename":"graph.py","lineno":886}
{"timestamp":"2026-09-06T10:57:09.012060Z","level":"info","event":"Cosmos performance: Cache hit for cosmos_cache__verdanta_stores__dbt_stores - cec7d2b2130ad93ca8be26282ae433fd,288b6c4dd2d40c82d311ae7941a536c1","logger":"cosmos.dbt.graph","filename":"graph.py","lineno":898}
{"timestamp":"2026-09-06T10:57:09.012197Z","level":"info","event":"Total nodes: 27","logger":"cosmos.dbt.graph","filename":"graph.py","lineno":799}
{"timestamp":"2026-09-06T10:57:09.012256Z","level":"info","event":"Total filtered nodes: 27","logger":"cosmos.dbt.graph","filename":"graph.py","lineno":800}
{"timestamp":"2026-09-06T10:57:09.012319Z","level":"info","event":"Cosmos performance (verdanta_stores__dbt_stores) - [4daed8617553|1435]: It took 0.139s to parse the dbt project for DAG using LoadMode.DBT_LS_CACHE","logger":"cosmos.converter","filename":"converter.py","lineno":371}
{"timestamp":"2026-09-06T10:57:09.031999Z","level":"info","event":"Cosmos performance (verdanta_stores__dbt_stores) - [4daed8617553|1435]: It took 0.0196s to build the Airflow DAG.","logger":"cosmos.converter","filename":"converter.py","lineno":423}
{"timestamp":"2026-09-06T10:57:09.032138Z","level":"info","event":"::endgroup::Cosmos DAG parsing logs","logger":"cosmos.converter","filename":"converter.py","lineno":430}
{"timestamp":"2026-09-06T10:57:09.032558Z","level":"warning","event":"Using Variable.get from `airflow.models` is deprecated.Please use `get` on Variable from sdk(`airflow.sdk.Variable`) instead","category":"UserWarning","filename":"/home/airflow/.local/lib/python3.13/site-packages/airflow/models/variable.py","lineno":158,"logger":"py.warnings"}
{"timestamp":"2026-09-06T10:57:40.035512Z","level":"info","event":"Filling up the DagBag from /opt/airflow/dags/verdanta_stores.py","logger":"airflow.dag_processing.dagbag.BundleDagBag","filename":"dagbag.py","lineno":469}
{"timestamp":"2026-09-06T10:57:40.102720Z","level":"info","event":"::group::Cosmos DAG parsing logs","logger":"cosmos.converter","filename":"converter.py","lineno":321}
{"timestamp":"2026-09-06T10:57:40.105875Z","level":"info","event":"Cosmos cache dir resolved to /tmp/cosmos/verdanta_stores__dbt_stores","logger":"cosmos.converter","filename":"converter.py","lineno":346}
{"timestamp":"2026-09-06T10:57:40.106107Z","level":"info","event":"Trying to parse the dbt project using dbt ls cache cosmos_cache__verdanta_stores__dbt_stores...","logger":"cosmos.dbt.graph","filename":"graph.py","lineno":869}
{"timestamp":"2026-09-06T10:57:40.254440Z","level":"info","event":"Cosmos performance: time to calculate cache identifier cosmos_cache__verdanta_stores__dbt_stores for current version: 0.1332872910002152","logger":"cosmos.cache","filename":"cache.py","lineno":401}
{"timestamp":"2026-09-06T10:57:40.254668Z","level":"info","event":"Cosmos performance [4daed8617553|1452]: The cache size for cosmos_cache__verdanta_stores__dbt_stores is 23579","logger":"cosmos.dbt.graph","filename":"graph.py","lineno":886}
{"timestamp":"2026-09-06T10:57:40.255454Z","level":"info","event":"Cosmos performance: Cache hit for cosmos_cache__verdanta_stores__dbt_stores - cec7d2b2130ad93ca8be26282ae433fd,288b6c4dd2d40c82d311ae7941a536c1","logger":"cosmos.dbt.graph","filename":"graph.py","lineno":898}
{"timestamp":"2026-09-06T10:57:40.255577Z","level":"info","event":"Total nodes: 27","logger":"cosmos.dbt.graph","filename":"graph.py","lineno":799}
{"timestamp":"2026-09-06T10:57:40.255635Z","level":"info","event":"Total filtered nodes: 27","logger":"cosmos.dbt.graph","filename":"graph.py","lineno":800}
{"timestamp":"2026-09-06T10:57:40.255697Z","level":"info","event":"Cosmos performance (verdanta_stores__dbt_stores) - [4daed8617553|1452]: It took 0.15s to parse the dbt project for DAG using LoadMode.DBT_LS_CACHE","logger":"cosmos.converter","filename":"converter.py","lineno":371}
{"timestamp":"2026-09-06T10:57:40.275894Z","level":"info","event":"Cosmos performance (verdanta_stores__dbt_stores) - [4daed8617553|1452]: It took 0.0202s to build the Airflow DAG.","logger":"cosmos.converter","filename":"converter.py","lineno":423}
{"timestamp":"2026-09-06T10:57:40.276038Z","level":"info","event":"::endgroup::Cosmos DAG parsing logs","logger":"cosmos.converter","filename":"converter.py","lineno":430}
{"timestamp":"2026-09-06T10:57:40.276566Z","level":"warning","event":"Using Variable.get from `airflow.models` is deprecated.Please use `get` on Variable from sdk(`airflow.sdk.Variable`) instead","category":"UserWarning","filename":"/home/airflow/.local/lib/python3.13/site-packages/airflow/models/variable.py","lineno":158,"logger":"py.warnings"}
{"timestamp":"2026-09-06T10:58:11.293738Z","level":"info","event":"Filling up the DagBag from /opt/airflow/dags/verdanta_stores.py","logger":"airflow.dag_processing.dagbag.BundleDagBag","filename":"dagbag.py","lineno":469}
{"timestamp":"2026-09-06T10:58:11.364993Z","level":"info","event":"::group::Cosmos DAG parsing logs","logger":"cosmos.converter","filename":"converter.py","lineno":321}
{"timestamp":"2026-09-06T10:58:11.368264Z","level":"info","event":"Cosmos cache dir resolved to /tmp/cosmos/verdanta_stores__dbt_stores","logger":"cosmos.converter","filename":"converter.py","lineno":346}
{"timestamp":"2026-09-06T10:58:11.368475Z","level":"info","event":"Trying to parse the dbt project using dbt ls cache cosmos_cache__verdanta_stores__dbt_stores...","logger":"cosmos.dbt.graph","filename":"graph.py","lineno":869}
{"timestamp":"2026-09-06T10:58:11.612959Z","level":"info","event":"Cosmos performance: time to calculate cache identifier cosmos_cache__verdanta_stores__dbt_stores for current version: 0.23009344899992357","logger":"cosmos.cache","filename":"cache.py","lineno":401}
{"timestamp":"2026-09-06T10:58:11.613212Z","level":"info","event":"Cosmos performance [4daed8617553|1469]: The cache size for cosmos_cache__verdanta_stores__dbt_stores is 23579","logger":"cosmos.dbt.graph","filename":"graph.py","lineno":886}
{"timestamp":"2026-09-06T10:58:11.614162Z","level":"info","event":"Cosmos performance: Cache hit for cosmos_cache__verdanta_stores__dbt_stores - cec7d2b2130ad93ca8be26282ae433fd,288b6c4dd2d40c82d311ae7941a536c1","logger":"cosmos.dbt.graph","filename":"graph.py","lineno":898}
{"timestamp":"2026-09-06T10:58:11.614308Z","level":"info","event":"Total nodes: 27","logger":"cosmos.dbt.graph","filename":"graph.py","lineno":799}
{"timestamp":"2026-09-06T10:58:11.614386Z","level":"info","event":"Total filtered nodes: 27","logger":"cosmos.dbt.graph","filename":"graph.py","lineno":800}
{"timestamp":"2026-09-06T10:58:11.614453Z","level":"info","event":"Cosmos performance (verdanta_stores__dbt_stores) - [4daed8617553|1469]: It took 0.246s to parse the dbt project for DAG using LoadMode.DBT_LS_CACHE","logger":"cosmos.converter","filename":"converter.py","lineno":371}
{"timestamp":"2026-09-06T10:58:11.634353Z","level":"info","event":"Cosmos performance (verdanta_stores__dbt_stores) - [4daed8617553|1469]: It took 0.0199s to build the Airflow DAG.","logger":"cosmos.converter","filename":"converter.py","lineno":423}
{"timestamp":"2026-09-06T10:58:11.634496Z","level":"info","event":"::endgroup::Cosmos DAG parsing logs","logger":"cosmos.converter","filename":"converter.py","lineno":430}
{"timestamp":"2026-09-06T10:58:11.634953Z","level":"warning","event":"Using Variable.get from `airflow.models` is deprecated.Please use `get` on Variable from sdk(`airflow.sdk.Variable`) instead","category":"UserWarning","filename":"/home/airflow/.local/lib/python3.13/site-packages/airflow/models/variable.py","lineno":158,"logger":"py.warnings"}
{"timestamp":"2026-09-06T10:58:41.704300Z","level":"info","event":"Filling up the DagBag from /opt/airflow/dags/verdanta_stores.py","logger":"airflow.dag_processing.dagbag.BundleDagBag","filename":"dagbag.py","lineno":469}
{"timestamp":"2026-09-06T10:58:41.768923Z","level":"info","event":"::group::Cosmos DAG parsing logs","logger":"cosmos.converter","filename":"converter.py","lineno":321}
{"timestamp":"2026-09-06T10:58:41.772153Z","level":"info","event":"Cosmos cache dir resolved to /tmp/cosmos/verdanta_stores__dbt_stores","logger":"cosmos.converter","filename":"converter.py","lineno":346}
{"timestamp":"2026-09-06T10:58:41.772402Z","level":"info","event":"Trying to parse the dbt project using dbt ls cache cosmos_cache__verdanta_stores__dbt_stores...","logger":"cosmos.dbt.graph","filename":"graph.py","lineno":869}
{"timestamp":"2026-09-06T10:58:41.909718Z","level":"info","event":"Cosmos performance: time to calculate cache identifier cosmos_cache__verdanta_stores__dbt_stores for current version: 0.12262440699987565","logger":"cosmos.cache","filename":"cache.py","lineno":401}
{"timestamp":"2026-09-06T10:58:41.909948Z","level":"info","event":"Cosmos performance [4daed8617553|1486]: The cache size for cosmos_cache__verdanta_stores__dbt_stores is 23579","logger":"cosmos.dbt.graph","filename":"graph.py","lineno":886}
{"timestamp":"2026-09-06T10:58:41.910792Z","level":"info","event":"Cosmos performance: Cache hit for cosmos_cache__verdanta_stores__dbt_stores - cec7d2b2130ad93ca8be26282ae433fd,288b6c4dd2d40c82d311ae7941a536c1","logger":"cosmos.dbt.graph","filename":"graph.py","lineno":898}
{"timestamp":"2026-09-06T10:58:41.910916Z","level":"info","event":"Total nodes: 27","logger":"cosmos.dbt.graph","filename":"graph.py","lineno":799}
{"timestamp":"2026-09-06T10:58:41.910976Z","level":"info","event":"Total filtered nodes: 27","logger":"cosmos.dbt.graph","filename":"graph.py","lineno":800}
{"timestamp":"2026-09-06T10:58:41.911040Z","level":"info","event":"Cosmos performance (verdanta_stores__dbt_stores) - [4daed8617553|1486]: It took 0.139s to parse the dbt project for DAG using LoadMode.DBT_LS_CACHE","logger":"cosmos.converter","filename":"converter.py","lineno":371}
{"timestamp":"2026-09-06T10:58:41.931892Z","level":"info","event":"Cosmos performance (verdanta_stores__dbt_stores) - [4daed8617553|1486]: It took 0.0208s to build the Airflow DAG.","logger":"cosmos.converter","filename":"converter.py","lineno":423}
{"timestamp":"2026-09-06T10:58:41.932048Z","level":"info","event":"::endgroup::Cosmos DAG parsing logs","logger":"cosmos.converter","filename":"converter.py","lineno":430}
{"timestamp":"2026-09-06T10:58:41.932515Z","level":"warning","event":"Using Variable.get from `airflow.models` is deprecated.Please use `get` on Variable from sdk(`airflow.sdk.Variable`) instead","category":"UserWarning","filename":"/home/airflow/.local/lib/python3.13/site-packages/airflow/models/variable.py","lineno":158,"logger":"py.warnings"}
{"timestamp":"2026-09-06T10:59:12.049638Z","level":"info","event":"Filling up the DagBag from /opt/airflow/dags/verdanta_stores.py","logger":"airflow.dag_processing.dagbag.BundleDagBag","filename":"dagbag.py","lineno":469}
{"timestamp":"2026-09-06T10:59:12.131315Z","level":"info","event":"::group::Cosmos DAG parsing logs","logger":"cosmos.converter","filename":"converter.py","lineno":321}
{"timestamp":"2026-09-06T10:59:12.135212Z","level":"info","event":"Cosmos cache dir resolved to /tmp/cosmos/verdanta_stores__dbt_stores","logger":"cosmos.converter","filename":"converter.py","lineno":346}
{"timestamp":"2026-09-06T10:59:12.135455Z","level":"info","event":"Trying to parse the dbt project using dbt ls cache cosmos_cache__verdanta_stores__dbt_stores...","logger":"cosmos.dbt.graph","filename":"graph.py","lineno":869}
{"timestamp":"2026-09-06T10:59:12.290138Z","level":"info","event":"Cosmos performance: time to calculate cache identifier cosmos_cache__verdanta_stores__dbt_stores for current version: 0.13892040800010363","logger":"cosmos.cache","filename":"cache.py","lineno":401}
{"timestamp":"2026-09-06T10:59:12.290368Z","level":"info","event":"Cosmos performance [4daed8617553|1502]: The cache size for cosmos_cache__verdanta_stores__dbt_stores is 23579","logger":"cosmos.dbt.graph","filename":"graph.py","lineno":886}
{"timestamp":"2026-09-06T10:59:12.291203Z","level":"info","event":"Cosmos performance: Cache hit for cosmos_cache__verdanta_stores__dbt_stores - cec7d2b2130ad93ca8be26282ae433fd,288b6c4dd2d40c82d311ae7941a536c1","logger":"cosmos.dbt.graph","filename":"graph.py","lineno":898}
{"timestamp":"2026-09-06T10:59:12.291340Z","level":"info","event":"Total nodes: 27","logger":"cosmos.dbt.graph","filename":"graph.py","lineno":799}
{"timestamp":"2026-09-06T10:59:12.291407Z","level":"info","event":"Total filtered nodes: 27","logger":"cosmos.dbt.graph","filename":"graph.py","lineno":800}
{"timestamp":"2026-09-06T10:59:12.291475Z","level":"info","event":"Cosmos performance (verdanta_stores__dbt_stores) - [4daed8617553|1502]: It took 0.156s to parse the dbt project for DAG using LoadMode.DBT_LS_CACHE","logger":"cosmos.converter","filename":"converter.py","lineno":371}
{"timestamp":"2026-09-06T10:59:12.313109Z","level":"info","event":"Cosmos performance (verdanta_stores__dbt_stores) - [4daed8617553|1502]: It took 0.0216s to build the Airflow DAG.","logger":"cosmos.converter","filename":"converter.py","lineno":423}
{"timestamp":"2026-09-06T10:59:12.313280Z","level":"info","event":"::endgroup::Cosmos DAG parsing logs","logger":"cosmos.converter","filename":"converter.py","lineno":430}
{"timestamp":"2026-09-06T10:59:12.313850Z","level":"warning","event":"Using Variable.get from `airflow.models` is deprecated.Please use `get` on Variable from sdk(`airflow.sdk.Variable`) instead","category":"UserWarning","filename":"/home/airflow/.local/lib/python3.13/site-packages/airflow/models/variable.py","lineno":158,"logger":"py.warnings"}
{"timestamp":"2026-09-06T10:59:42.402112Z","level":"info","event":"Filling up the DagBag from /opt/airflow/dags/verdanta_stores.py","logger":"airflow.dag_processing.dagbag.BundleDagBag","filename":"dagbag.py","lineno":469}
{"timestamp":"2026-09-06T10:59:42.464794Z","level":"info","event":"::group::Cosmos DAG parsing logs","logger":"cosmos.converter","filename":"converter.py","lineno":321}
{"timestamp":"2026-09-06T10:59:42.468158Z","level":"info","event":"Cosmos cache dir resolved to /tmp/cosmos/verdanta_stores__dbt_stores","logger":"cosmos.converter","filename":"converter.py","lineno":346}
{"timestamp":"2026-09-06T10:59:42.468403Z","level":"info","event":"Trying to parse the dbt project using dbt ls cache cosmos_cache__verdanta_stores__dbt_stores...","logger":"cosmos.dbt.graph","filename":"graph.py","lineno":869}
{"timestamp":"2026-09-06T10:59:42.613497Z","level":"info","event":"Cosmos performance: time to calculate cache identifier cosmos_cache__verdanta_stores__dbt_stores for current version: 0.13036398799977178","logger":"cosmos.cache","filename":"cache.py","lineno":401}
{"timestamp":"2026-09-06T10:59:42.613731Z","level":"info","event":"Cosmos performance [4daed8617553|1512]: The cache size for cosmos_cache__verdanta_stores__dbt_stores is 23579","logger":"cosmos.dbt.graph","filename":"graph.py","lineno":886}
{"timestamp":"2026-09-06T10:59:42.614524Z","level":"info","event":"Cosmos performance: Cache hit for cosmos_cache__verdanta_stores__dbt_stores - cec7d2b2130ad93ca8be26282ae433fd,288b6c4dd2d40c82d311ae7941a536c1","logger":"cosmos.dbt.graph","filename":"graph.py","lineno":898}
{"timestamp":"2026-09-06T10:59:42.614640Z","level":"info","event":"Total nodes: 27","logger":"cosmos.dbt.graph","filename":"graph.py","lineno":799}
{"timestamp":"2026-09-06T10:59:42.614697Z","level":"info","event":"Total filtered nodes: 27","logger":"cosmos.dbt.graph","filename":"graph.py","lineno":800}
{"timestamp":"2026-09-06T10:59:42.614760Z","level":"info","event":"Cosmos performance (verdanta_stores__dbt_stores) - [4daed8617553|1512]: It took 0.146s to parse the dbt project for DAG using LoadMode.DBT_LS_CACHE","logger":"cosmos.converter","filename":"converter.py","lineno":371}
{"timestamp":"2026-09-06T10:59:42.635366Z","level":"info","event":"Cosmos performance (verdanta_stores__dbt_stores) - [4daed8617553|1512]: It took 0.0206s to build the Airflow DAG.","logger":"cosmos.converter","filename":"converter.py","lineno":423}
{"timestamp":"2026-09-06T10:59:42.635507Z","level":"info","event":"::endgroup::Cosmos DAG parsing logs","logger":"cosmos.converter","filename":"converter.py","lineno":430}
{"timestamp":"2026-09-06T10:59:42.636012Z","level":"warning","event":"Using Variable.get from `airflow.models` is deprecated.Please use `get` on Variable from sdk(`airflow.sdk.Variable`) instead","category":"UserWarning","filename":"/home/airflow/.local/lib/python3.13/site-packages/airflow/models/variable.py","lineno":158,"logger":"py.warnings"}
{"timestamp":"2026-09-06T11:00:12.837957Z","level":"info","event":"Filling up the DagBag from /opt/airflow/dags/verdanta_stores.py","logger":"airflow.dag_processing.dagbag.BundleDagBag","filename":"dagbag.py","lineno":469}
{"timestamp":"2026-09-06T11:00:12.905357Z","level":"info","event":"::group::Cosmos DAG parsing logs","logger":"cosmos.converter","filename":"converter.py","lineno":321}
{"timestamp":"2026-09-06T11:00:12.908911Z","level":"info","event":"Cosmos cache dir resolved to /tmp/cosmos/verdanta_stores__dbt_stores","logger":"cosmos.converter","filename":"converter.py","lineno":346}
{"timestamp":"2026-09-06T11:00:12.909126Z","level":"info","event":"Trying to parse the dbt project using dbt ls cache cosmos_cache__verdanta_stores__dbt_stores...","logger":"cosmos.dbt.graph","filename":"graph.py","lineno":869}
{"timestamp":"2026-09-06T11:00:13.050968Z","level":"info","event":"Cosmos performance: time to calculate cache identifier cosmos_cache__verdanta_stores__dbt_stores for current version: 0.12528468800019255","logger":"cosmos.cache","filename":"cache.py","lineno":401}
{"timestamp":"2026-09-06T11:00:13.051186Z","level":"info","event":"Cosmos performance [4daed8617553|1529]: The cache size for cosmos_cache__verdanta_stores__dbt_stores is 23579","logger":"cosmos.dbt.graph","filename":"graph.py","lineno":886}
{"timestamp":"2026-09-06T11:00:13.052040Z","level":"info","event":"Cosmos performance: Cache hit for cosmos_cache__verdanta_stores__dbt_stores - cec7d2b2130ad93ca8be26282ae433fd,288b6c4dd2d40c82d311ae7941a536c1","logger":"cosmos.dbt.graph","filename":"graph.py","lineno":898}
{"timestamp":"2026-09-06T11:00:13.052166Z","level":"info","event":"Total nodes: 27","logger":"cosmos.dbt.graph","filename":"graph.py","lineno":799}
{"timestamp":"2026-09-06T11:00:13.052227Z","level":"info","event":"Total filtered nodes: 27","logger":"cosmos.dbt.graph","filename":"graph.py","lineno":800}
{"timestamp":"2026-09-06T11:00:13.052291Z","level":"info","event":"Cosmos performance (verdanta_stores__dbt_stores) - [4daed8617553|1529]: It took 0.143s to parse the dbt project for DAG using LoadMode.DBT_LS_CACHE","logger":"cosmos.converter","filename":"converter.py","lineno":371}
{"timestamp":"2026-09-06T11:00:13.073149Z","level":"info","event":"Cosmos performance (verdanta_stores__dbt_stores) - [4daed8617553|1529]: It took 0.0208s to build the Airflow DAG.","logger":"cosmos.converter","filename":"converter.py","lineno":423}
{"timestamp":"2026-09-06T11:00:13.073307Z","level":"info","event":"::endgroup::Cosmos DAG parsing logs","logger":"cosmos.converter","filename":"converter.py","lineno":430}
{"timestamp":"2026-09-06T11:00:13.073785Z","level":"warning","event":"Using Variable.get from `airflow.models` is deprecated.Please use `get` on Variable from sdk(`airflow.sdk.Variable`) instead","category":"UserWarning","filename":"/home/airflow/.local/lib/python3.13/site-packages/airflow/models/variable.py","lineno":158,"logger":"py.warnings"}
{"timestamp":"2026-09-06T11:00:44.118899Z","level":"info","event":"Filling up the DagBag from /opt/airflow/dags/verdanta_stores.py","logger":"airflow.dag_processing.dagbag.BundleDagBag","filename":"dagbag.py","lineno":469}
{"timestamp":"2026-09-06T11:00:44.193856Z","level":"info","event":"::group::Cosmos DAG parsing logs","logger":"cosmos.converter","filename":"converter.py","lineno":321}
{"timestamp":"2026-09-06T11:00:44.197331Z","level":"info","event":"Cosmos cache dir resolved to /tmp/cosmos/verdanta_stores__dbt_stores","logger":"cosmos.converter","filename":"converter.py","lineno":346}
{"timestamp":"2026-09-06T11:00:44.197556Z","level":"info","event":"Trying to parse the dbt project using dbt ls cache cosmos_cache__verdanta_stores__dbt_stores...","logger":"cosmos.dbt.graph","filename":"graph.py","lineno":869}
{"timestamp":"2026-09-06T11:00:44.338705Z","level":"info","event":"Cosmos performance: time to calculate cache identifier cosmos_cache__verdanta_stores__dbt_stores for current version: 0.12475183800006562","logger":"cosmos.cache","filename":"cache.py","lineno":401}
{"timestamp":"2026-09-06T11:00:44.338942Z","level":"info","event":"Cosmos performance [4daed8617553|1546]: The cache size for cosmos_cache__verdanta_stores__dbt_stores is 23579","logger":"cosmos.dbt.graph","filename":"graph.py","lineno":886}
{"timestamp":"2026-09-06T11:00:44.339753Z","level":"info","event":"Cosmos performance: Cache hit for cosmos_cache__verdanta_stores__dbt_stores - cec7d2b2130ad93ca8be26282ae433fd,288b6c4dd2d40c82d311ae7941a536c1","logger":"cosmos.dbt.graph","filename":"graph.py","lineno":898}
{"timestamp":"2026-09-06T11:00:44.339875Z","level":"info","event":"Total nodes: 27","logger":"cosmos.dbt.graph","filename":"graph.py","lineno":799}
{"timestamp":"2026-09-06T11:00:44.339935Z","level":"info","event":"Total filtered nodes: 27","logger":"cosmos.dbt.graph","filename":"graph.py","lineno":800}
{"timestamp":"2026-09-06T11:00:44.339999Z","level":"info","event":"Cosmos performance (verdanta_stores__dbt_stores) - [4daed8617553|1546]: It took 0.143s to parse the dbt project for DAG using LoadMode.DBT_LS_CACHE","logger":"cosmos.converter","filename":"converter.py","lineno":371}
{"timestamp":"2026-09-06T11:00:44.360021Z","level":"info","event":"Cosmos performance (verdanta_stores__dbt_stores) - [4daed8617553|1546]: It took 0.02s to build the Airflow DAG.","logger":"cosmos.converter","filename":"converter.py","lineno":423}
{"timestamp":"2026-09-06T11:00:44.360163Z","level":"info","event":"::endgroup::Cosmos DAG parsing logs","logger":"cosmos.converter","filename":"converter.py","lineno":430}
{"timestamp":"2026-09-06T11:00:44.360585Z","level":"warning","event":"Using Variable.get from `airflow.models` is deprecated.Please use `get` on Variable from sdk(`airflow.sdk.Variable`) instead","category":"UserWarning","filename":"/home/airflow/.local/lib/python3.13/site-packages/airflow/models/variable.py","lineno":158,"logger":"py.warnings"}
{"timestamp":"2026-09-06T11:01:15.346474Z","level":"info","event":"Filling up the DagBag from /opt/airflow/dags/verdanta_stores.py","logger":"airflow.dag_processing.dagbag.BundleDagBag","filename":"dagbag.py","lineno":469}
{"timestamp":"2026-09-06T11:01:15.410472Z","level":"info","event":"::group::Cosmos DAG parsing logs","logger":"cosmos.converter","filename":"converter.py","lineno":321}
{"timestamp":"2026-09-06T11:01:15.413597Z","level":"info","event":"Cosmos cache dir resolved to /tmp/cosmos/verdanta_stores__dbt_stores","logger":"cosmos.converter","filename":"converter.py","lineno":346}
{"timestamp":"2026-09-06T11:01:15.413797Z","level":"info","event":"Trying to parse the dbt project using dbt ls cache cosmos_cache__verdanta_stores__dbt_stores...","logger":"cosmos.dbt.graph","filename":"graph.py","lineno":869}
{"timestamp":"2026-09-06T11:01:15.552606Z","level":"info","event":"Cosmos performance: time to calculate cache identifier cosmos_cache__verdanta_stores__dbt_stores for current version: 0.12397601600014241","logger":"cosmos.cache","filename":"cache.py","lineno":401}
{"timestamp":"2026-09-06T11:01:15.552828Z","level":"info","event":"Cosmos performance [4daed8617553|1563]: The cache size for cosmos_cache__verdanta_stores__dbt_stores is 23579","logger":"cosmos.dbt.graph","filename":"graph.py","lineno":886}
{"timestamp":"2026-09-06T11:01:15.553633Z","level":"info","event":"Cosmos performance: Cache hit for cosmos_cache__verdanta_stores__dbt_stores - cec7d2b2130ad93ca8be26282ae433fd,288b6c4dd2d40c82d311ae7941a536c1","logger":"cosmos.dbt.graph","filename":"graph.py","lineno":898}
{"timestamp":"2026-09-06T11:01:15.553773Z","level":"info","event":"Total nodes: 27","logger":"cosmos.dbt.graph","filename":"graph.py","lineno":799}
{"timestamp":"2026-09-06T11:01:15.553834Z","level":"info","event":"Total filtered nodes: 27","logger":"cosmos.dbt.graph","filename":"graph.py","lineno":800}
{"timestamp":"2026-09-06T11:01:15.553896Z","level":"info","event":"Cosmos performance (verdanta_stores__dbt_stores) - [4daed8617553|1563]: It took 0.14s to parse the dbt project for DAG using LoadMode.DBT_LS_CACHE","logger":"cosmos.converter","filename":"converter.py","lineno":371}
{"timestamp":"2026-09-06T11:01:15.573166Z","level":"info","event":"Cosmos performance (verdanta_stores__dbt_stores) - [4daed8617553|1563]: It took 0.0192s to build the Airflow DAG.","logger":"cosmos.converter","filename":"converter.py","lineno":423}
{"timestamp":"2026-09-06T11:01:15.573301Z","level":"info","event":"::endgroup::Cosmos DAG parsing logs","logger":"cosmos.converter","filename":"converter.py","lineno":430}
{"timestamp":"2026-09-06T11:01:15.573768Z","level":"warning","event":"Using Variable.get from `airflow.models` is deprecated.Please use `get` on Variable from sdk(`airflow.sdk.Variable`) instead","category":"UserWarning","filename":"/home/airflow/.local/lib/python3.13/site-packages/airflow/models/variable.py","lineno":158,"logger":"py.warnings"}
{"timestamp":"2026-09-06T11:01:46.566568Z","level":"info","event":"Filling up the DagBag from /opt/airflow/dags/verdanta_stores.py","logger":"airflow.dag_processing.dagbag.BundleDagBag","filename":"dagbag.py","lineno":469}
{"timestamp":"2026-09-06T11:01:46.629692Z","level":"info","event":"::group::Cosmos DAG parsing logs","logger":"cosmos.converter","filename":"converter.py","lineno":321}
{"timestamp":"2026-09-06T11:01:46.632735Z","level":"info","event":"Cosmos cache dir resolved to /tmp/cosmos/verdanta_stores__dbt_stores","logger":"cosmos.converter","filename":"converter.py","lineno":346}
{"timestamp":"2026-09-06T11:01:46.632920Z","level":"info","event":"Trying to parse the dbt project using dbt ls cache cosmos_cache__verdanta_stores__dbt_stores...","logger":"cosmos.dbt.graph","filename":"graph.py","lineno":869}
{"timestamp":"2026-09-06T11:01:46.769792Z","level":"info","event":"Cosmos performance: time to calculate cache identifier cosmos_cache__verdanta_stores__dbt_stores for current version: 0.12235662900002353","logger":"cosmos.cache","filename":"cache.py","lineno":401}
{"timestamp":"2026-09-06T11:01:46.770014Z","level":"info","event":"Cosmos performance [4daed8617553|1580]: The cache size for cosmos_cache__verdanta_stores__dbt_stores is 23579","logger":"cosmos.dbt.graph","filename":"graph.py","lineno":886}
{"timestamp":"2026-09-06T11:01:46.770815Z","level":"info","event":"Cosmos performance: Cache hit for cosmos_cache__verdanta_stores__dbt_stores - cec7d2b2130ad93ca8be26282ae433fd,288b6c4dd2d40c82d311ae7941a536c1","logger":"cosmos.dbt.graph","filename":"graph.py","lineno":898}
{"timestamp":"2026-09-06T11:01:46.770935Z","level":"info","event":"Total nodes: 27","logger":"cosmos.dbt.graph","filename":"graph.py","lineno":799}
{"timestamp":"2026-09-06T11:01:46.770991Z","level":"info","event":"Total filtered nodes: 27","logger":"cosmos.dbt.graph","filename":"graph.py","lineno":800}
{"timestamp":"2026-09-06T11:01:46.771051Z","level":"info","event":"Cosmos performance (verdanta_stores__dbt_stores) - [4daed8617553|1580]: It took 0.138s to parse the dbt project for DAG using LoadMode.DBT_LS_CACHE","logger":"cosmos.converter","filename":"converter.py","lineno":371}
{"timestamp":"2026-09-06T11:01:46.790845Z","level":"info","event":"Cosmos performance (verdanta_stores__dbt_stores) - [4daed8617553|1580]: It took 0.0197s to build the Airflow DAG.","logger":"cosmos.converter","filename":"converter.py","lineno":423}
{"timestamp":"2026-09-06T11:01:46.790981Z","level":"info","event":"::endgroup::Cosmos DAG parsing logs","logger":"cosmos.converter","filename":"converter.py","lineno":430}
{"timestamp":"2026-09-06T11:01:46.791392Z","level":"warning","event":"Using Variable.get from `airflow.models` is deprecated.Please use `get` on Variable from sdk(`airflow.sdk.Variable`) instead","category":"UserWarning","filename":"/home/airflow/.local/lib/python3.13/site-packages/airflow/models/variable.py","lineno":158,"logger":"py.warnings"}
{"timestamp":"2026-09-06T11:02:17.779452Z","level":"info","event":"Filling up the DagBag from /opt/airflow/dags/verdanta_stores.py","logger":"airflow.dag_processing.dagbag.BundleDagBag","filename":"dagbag.py","lineno":469}
{"timestamp":"2026-09-06T11:02:17.844031Z","level":"info","event":"::group::Cosmos DAG parsing logs","logger":"cosmos.converter","filename":"converter.py","lineno":321}
{"timestamp":"2026-09-06T11:02:17.847028Z","level":"info","event":"Cosmos cache dir resolved to /tmp/cosmos/verdanta_stores__dbt_stores","logger":"cosmos.converter","filename":"converter.py","lineno":346}
{"timestamp":"2026-09-06T11:02:17.847259Z","level":"info","event":"Trying to parse the dbt project using dbt ls cache cosmos_cache__verdanta_stores__dbt_stores...","logger":"cosmos.dbt.graph","filename":"graph.py","lineno":869}
{"timestamp":"2026-09-06T11:02:17.983028Z","level":"info","event":"Cosmos performance: time to calculate cache identifier cosmos_cache__verdanta_stores__dbt_stores for current version: 0.1210879099999147","logger":"cosmos.cache","filename":"cache.py","lineno":401}
{"timestamp":"2026-09-06T11:02:17.983253Z","level":"info","event":"Cosmos performance [4daed8617553|1597]: The cache size for cosmos_cache__verdanta_stores__dbt_stores is 23579","logger":"cosmos.dbt.graph","filename":"graph.py","lineno":886}
{"timestamp":"2026-09-06T11:02:17.984113Z","level":"info","event":"Cosmos performance: Cache hit for cosmos_cache__verdanta_stores__dbt_stores - cec7d2b2130ad93ca8be26282ae433fd,288b6c4dd2d40c82d311ae7941a536c1","logger":"cosmos.dbt.graph","filename":"graph.py","lineno":898}
{"timestamp":"2026-09-06T11:02:17.984250Z","level":"info","event":"Total nodes: 27","logger":"cosmos.dbt.graph","filename":"graph.py","lineno":799}
{"timestamp":"2026-09-06T11:02:17.984308Z","level":"info","event":"Total filtered nodes: 27","logger":"cosmos.dbt.graph","filename":"graph.py","lineno":800}
{"timestamp":"2026-09-06T11:02:17.984371Z","level":"info","event":"Cosmos performance (verdanta_stores__dbt_stores) - [4daed8617553|1597]: It took 0.137s to parse the dbt project for DAG using LoadMode.DBT_LS_CACHE","logger":"cosmos.converter","filename":"converter.py","lineno":371}
{"timestamp":"2026-09-06T11:02:18.003881Z","level":"info","event":"Cosmos performance (verdanta_stores__dbt_stores) - [4daed8617553|1597]: It took 0.0195s to build the Airflow DAG.","logger":"cosmos.converter","filename":"converter.py","lineno":423}
{"timestamp":"2026-09-06T11:02:18.004039Z","level":"info","event":"::endgroup::Cosmos DAG parsing logs","logger":"cosmos.converter","filename":"converter.py","lineno":430}
{"timestamp":"2026-09-06T11:02:18.004488Z","level":"warning","event":"Using Variable.get from `airflow.models` is deprecated.Please use `get` on Variable from sdk(`airflow.sdk.Variable`) instead","category":"UserWarning","filename":"/home/airflow/.local/lib/python3.13/site-packages/airflow/models/variable.py","lineno":158,"logger":"py.warnings"}
{"timestamp":"2026-09-06T11:02:49.017320Z","level":"info","event":"Filling up the DagBag from /opt/airflow/dags/verdanta_stores.py","logger":"airflow.dag_processing.dagbag.BundleDagBag","filename":"dagbag.py","lineno":469}
{"timestamp":"2026-09-06T11:02:49.081610Z","level":"info","event":"::group::Cosmos DAG parsing logs","logger":"cosmos.converter","filename":"converter.py","lineno":321}
{"timestamp":"2026-09-06T11:02:49.084840Z","level":"info","event":"Cosmos cache dir resolved to /tmp/cosmos/verdanta_stores__dbt_stores","logger":"cosmos.converter","filename":"converter.py","lineno":346}
{"timestamp":"2026-09-06T11:02:49.085056Z","level":"info","event":"Trying to parse the dbt project using dbt ls cache cosmos_cache__verdanta_stores__dbt_stores...","logger":"cosmos.dbt.graph","filename":"graph.py","lineno":869}
{"timestamp":"2026-09-06T11:02:49.220840Z","level":"info","event":"Cosmos performance: time to calculate cache identifier cosmos_cache__verdanta_stores__dbt_stores for current version: 0.12120665399970676","logger":"cosmos.cache","filename":"cache.py","lineno":401}
{"timestamp":"2026-09-06T11:02:49.221077Z","level":"info","event":"Cosmos performance [4daed8617553|1614]: The cache size for cosmos_cache__verdanta_stores__dbt_stores is 23579","logger":"cosmos.dbt.graph","filename":"graph.py","lineno":886}
{"timestamp":"2026-09-06T11:02:49.221905Z","level":"info","event":"Cosmos performance: Cache hit for cosmos_cache__verdanta_stores__dbt_stores - cec7d2b2130ad93ca8be26282ae433fd,288b6c4dd2d40c82d311ae7941a536c1","logger":"cosmos.dbt.graph","filename":"graph.py","lineno":898}
{"timestamp":"2026-09-06T11:02:49.222043Z","level":"info","event":"Total nodes: 27","logger":"cosmos.dbt.graph","filename":"graph.py","lineno":799}
{"timestamp":"2026-09-06T11:02:49.222102Z","level":"info","event":"Total filtered nodes: 27","logger":"cosmos.dbt.graph","filename":"graph.py","lineno":800}
{"timestamp":"2026-09-06T11:02:49.222167Z","level":"info","event":"Cosmos performance (verdanta_stores__dbt_stores) - [4daed8617553|1614]: It took 0.137s to parse the dbt project for DAG using LoadMode.DBT_LS_CACHE","logger":"cosmos.converter","filename":"converter.py","lineno":371}
{"timestamp":"2026-09-06T11:02:49.241435Z","level":"info","event":"Cosmos performance (verdanta_stores__dbt_stores) - [4daed8617553|1614]: It took 0.0192s to build the Airflow DAG.","logger":"cosmos.converter","filename":"converter.py","lineno":423}
{"timestamp":"2026-09-06T11:02:49.241567Z","level":"info","event":"::endgroup::Cosmos DAG parsing logs","logger":"cosmos.converter","filename":"converter.py","lineno":430}
{"timestamp":"2026-09-06T11:02:49.241949Z","level":"warning","event":"Using Variable.get from `airflow.models` is deprecated.Please use `get` on Variable from sdk(`airflow.sdk.Variable`) instead","category":"UserWarning","filename":"/home/airflow/.local/lib/python3.13/site-packages/airflow/models/variable.py","lineno":158,"logger":"py.warnings"}
{"timestamp":"2026-09-06T11:03:20.241328Z","level":"info","event":"Filling up the DagBag from /opt/airflow/dags/verdanta_stores.py","logger":"airflow.dag_processing.dagbag.BundleDagBag","filename":"dagbag.py","lineno":469}
{"timestamp":"2026-09-06T11:03:20.315242Z","level":"info","event":"::group::Cosmos DAG parsing logs","logger":"cosmos.converter","filename":"converter.py","lineno":321}
{"timestamp":"2026-09-06T11:03:20.319021Z","level":"info","event":"Cosmos cache dir resolved to /tmp/cosmos/verdanta_stores__dbt_stores","logger":"cosmos.converter","filename":"converter.py","lineno":346}
{"timestamp":"2026-09-06T11:03:20.319223Z","level":"info","event":"Trying to parse the dbt project using dbt ls cache cosmos_cache__verdanta_stores__dbt_stores...","logger":"cosmos.dbt.graph","filename":"graph.py","lineno":869}
{"timestamp":"2026-09-06T11:03:20.460653Z","level":"info","event":"Cosmos performance: time to calculate cache identifier cosmos_cache__verdanta_stores__dbt_stores for current version: 0.1267512379999971","logger":"cosmos.cache","filename":"cache.py","lineno":401}
{"timestamp":"2026-09-06T11:03:20.460925Z","level":"info","event":"Cosmos performance [4daed8617553|1631]: The cache size for cosmos_cache__verdanta_stores__dbt_stores is 23579","logger":"cosmos.dbt.graph","filename":"graph.py","lineno":886}
{"timestamp":"2026-09-06T11:03:20.461774Z","level":"info","event":"Cosmos performance: Cache hit for cosmos_cache__verdanta_stores__dbt_stores - cec7d2b2130ad93ca8be26282ae433fd,288b6c4dd2d40c82d311ae7941a536c1","logger":"cosmos.dbt.graph","filename":"graph.py","lineno":898}
{"timestamp":"2026-09-06T11:03:20.461907Z","level":"info","event":"Total nodes: 27","logger":"cosmos.dbt.graph","filename":"graph.py","lineno":799}
{"timestamp":"2026-09-06T11:03:20.461968Z","level":"info","event":"Total filtered nodes: 27","logger":"cosmos.dbt.graph","filename":"graph.py","lineno":800}
{"timestamp":"2026-09-06T11:03:20.462032Z","level":"info","event":"Cosmos performance (verdanta_stores__dbt_stores) - [4daed8617553|1631]: It took 0.143s to parse the dbt project for DAG using LoadMode.DBT_LS_CACHE","logger":"cosmos.converter","filename":"converter.py","lineno":371}
{"timestamp":"2026-09-06T11:03:20.483440Z","level":"info","event":"Cosmos performance (verdanta_stores__dbt_stores) - [4daed8617553|1631]: It took 0.0214s to build the Airflow DAG.","logger":"cosmos.converter","filename":"converter.py","lineno":423}
{"timestamp":"2026-09-06T11:03:20.483593Z","level":"info","event":"::endgroup::Cosmos DAG parsing logs","logger":"cosmos.converter","filename":"converter.py","lineno":430}
{"timestamp":"2026-09-06T11:03:20.484184Z","level":"warning","event":"Using Variable.get from `airflow.models` is deprecated.Please use `get` on Variable from sdk(`airflow.sdk.Variable`) instead","category":"UserWarning","filename":"/home/airflow/.local/lib/python3.13/site-packages/airflow/models/variable.py","lineno":158,"logger":"py.warnings"}
{"timestamp":"2026-09-06T11:03:51.493788Z","level":"info","event":"Filling up the DagBag from /opt/airflow/dags/verdanta_stores.py","logger":"airflow.dag_processing.dagbag.BundleDagBag","filename":"dagbag.py","lineno":469}
{"timestamp":"2026-09-06T11:03:51.563157Z","level":"info","event":"::group::Cosmos DAG parsing logs","logger":"cosmos.converter","filename":"converter.py","lineno":321}
{"timestamp":"2026-09-06T11:03:51.566891Z","level":"info","event":"Cosmos cache dir resolved to /tmp/cosmos/verdanta_stores__dbt_stores","logger":"cosmos.converter","filename":"converter.py","lineno":346}
{"timestamp":"2026-09-06T11:03:51.567071Z","level":"info","event":"Trying to parse the dbt project using dbt ls cache cosmos_cache__verdanta_stores__dbt_stores...","logger":"cosmos.dbt.graph","filename":"graph.py","lineno":869}
{"timestamp":"2026-09-06T11:03:51.714520Z","level":"info","event":"Cosmos performance: time to calculate cache identifier cosmos_cache__verdanta_stores__dbt_stores for current version: 0.13202805800028727","logger":"cosmos.cache","filename":"cache.py","lineno":401}
{"timestamp":"2026-09-06T11:03:51.714759Z","level":"info","event":"Cosmos performance [4daed8617553|1648]: The cache size for cosmos_cache__verdanta_stores__dbt_stores is 23579","logger":"cosmos.dbt.graph","filename":"graph.py","lineno":886}
{"timestamp":"2026-09-06T11:03:51.715622Z","level":"info","event":"Cosmos performance: Cache hit for cosmos_cache__verdanta_stores__dbt_stores - cec7d2b2130ad93ca8be26282ae433fd,288b6c4dd2d40c82d311ae7941a536c1","logger":"cosmos.dbt.graph","filename":"graph.py","lineno":898}
{"timestamp":"2026-09-06T11:03:51.715757Z","level":"info","event":"Total nodes: 27","logger":"cosmos.dbt.graph","filename":"graph.py","lineno":799}
{"timestamp":"2026-09-06T11:03:51.715817Z","level":"info","event":"Total filtered nodes: 27","logger":"cosmos.dbt.graph","filename":"graph.py","lineno":800}
{"timestamp":"2026-09-06T11:03:51.715884Z","level":"info","event":"Cosmos performance (verdanta_stores__dbt_stores) - [4daed8617553|1648]: It took 0.149s to parse the dbt project for DAG using LoadMode.DBT_LS_CACHE","logger":"cosmos.converter","filename":"converter.py","lineno":371}
{"timestamp":"2026-09-06T11:03:51.737205Z","level":"info","event":"Cosmos performance (verdanta_stores__dbt_stores) - [4daed8617553|1648]: It took 0.0213s to build the Airflow DAG.","logger":"cosmos.converter","filename":"converter.py","lineno":423}
{"timestamp":"2026-09-06T11:03:51.737364Z","level":"info","event":"::endgroup::Cosmos DAG parsing logs","logger":"cosmos.converter","filename":"converter.py","lineno":430}
{"timestamp":"2026-09-06T11:03:51.737823Z","level":"warning","event":"Using Variable.get from `airflow.models` is deprecated.Please use `get` on Variable from sdk(`airflow.sdk.Variable`) instead","category":"UserWarning","filename":"/home/airflow/.local/lib/python3.13/site-packages/airflow/models/variable.py","lineno":158,"logger":"py.warnings"}
{"timestamp":"2026-09-06T11:04:22.735649Z","level":"info","event":"Filling up the DagBag from /opt/airflow/dags/verdanta_stores.py","logger":"airflow.dag_processing.dagbag.BundleDagBag","filename":"dagbag.py","lineno":469}
{"timestamp":"2026-09-06T11:04:22.804313Z","level":"info","event":"::group::Cosmos DAG parsing logs","logger":"cosmos.converter","filename":"converter.py","lineno":321}
{"timestamp":"2026-09-06T11:04:22.807624Z","level":"info","event":"Cosmos cache dir resolved to /tmp/cosmos/verdanta_stores__dbt_stores","logger":"cosmos.converter","filename":"converter.py","lineno":346}
{"timestamp":"2026-09-06T11:04:22.807859Z","level":"info","event":"Trying to parse the dbt project using dbt ls cache cosmos_cache__verdanta_stores__dbt_stores...","logger":"cosmos.dbt.graph","filename":"graph.py","lineno":869}
{"timestamp":"2026-09-06T11:04:22.948619Z","level":"info","event":"Cosmos performance: time to calculate cache identifier cosmos_cache__verdanta_stores__dbt_stores for current version: 0.124608735000038","logger":"cosmos.cache","filename":"cache.py","lineno":401}
{"timestamp":"2026-09-06T11:04:22.948899Z","level":"info","event":"Cosmos performance [4daed8617553|1665]: The cache size for cosmos_cache__verdanta_stores__dbt_stores is 23579","logger":"cosmos.dbt.graph","filename":"graph.py","lineno":886}
{"timestamp":"2026-09-06T11:04:22.949857Z","level":"info","event":"Cosmos performance: Cache hit for cosmos_cache__verdanta_stores__dbt_stores - cec7d2b2130ad93ca8be26282ae433fd,288b6c4dd2d40c82d311ae7941a536c1","logger":"cosmos.dbt.graph","filename":"graph.py","lineno":898}
{"timestamp":"2026-09-06T11:04:22.949984Z","level":"info","event":"Total nodes: 27","logger":"cosmos.dbt.graph","filename":"graph.py","lineno":799}
{"timestamp":"2026-09-06T11:04:22.950043Z","level":"info","event":"Total filtered nodes: 27","logger":"cosmos.dbt.graph","filename":"graph.py","lineno":800}
{"timestamp":"2026-09-06T11:04:22.950107Z","level":"info","event":"Cosmos performance (verdanta_stores__dbt_stores) - [4daed8617553|1665]: It took 0.142s to parse the dbt project for DAG using LoadMode.DBT_LS_CACHE","logger":"cosmos.converter","filename":"converter.py","lineno":371}
{"timestamp":"2026-09-06T11:04:22.970398Z","level":"info","event":"Cosmos performance (verdanta_stores__dbt_stores) - [4daed8617553|1665]: It took 0.0203s to build the Airflow DAG.","logger":"cosmos.converter","filename":"converter.py","lineno":423}
{"timestamp":"2026-09-06T11:04:22.970539Z","level":"info","event":"::endgroup::Cosmos DAG parsing logs","logger":"cosmos.converter","filename":"converter.py","lineno":430}
{"timestamp":"2026-09-06T11:04:22.971073Z","level":"warning","event":"Using Variable.get from `airflow.models` is deprecated.Please use `get` on Variable from sdk(`airflow.sdk.Variable`) instead","category":"UserWarning","filename":"/home/airflow/.local/lib/python3.13/site-packages/airflow/models/variable.py","lineno":158,"logger":"py.warnings"}
{"timestamp":"2026-09-06T11:04:53.078590Z","level":"info","event":"Filling up the DagBag from /opt/airflow/dags/verdanta_stores.py","logger":"airflow.dag_processing.dagbag.BundleDagBag","filename":"dagbag.py","lineno":469}
{"timestamp":"2026-09-06T11:04:53.147501Z","level":"info","event":"::group::Cosmos DAG parsing logs","logger":"cosmos.converter","filename":"converter.py","lineno":321}
{"timestamp":"2026-09-06T11:04:53.150719Z","level":"info","event":"Cosmos cache dir resolved to /tmp/cosmos/verdanta_stores__dbt_stores","logger":"cosmos.converter","filename":"converter.py","lineno":346}
{"timestamp":"2026-09-06T11:04:53.150944Z","level":"info","event":"Trying to parse the dbt project using dbt ls cache cosmos_cache__verdanta_stores__dbt_stores...","logger":"cosmos.dbt.graph","filename":"graph.py","lineno":869}
{"timestamp":"2026-09-06T11:04:53.289613Z","level":"info","event":"Cosmos performance: time to calculate cache identifier cosmos_cache__verdanta_stores__dbt_stores for current version: 0.12287034400014818","logger":"cosmos.cache","filename":"cache.py","lineno":401}
{"timestamp":"2026-09-06T11:04:53.289842Z","level":"info","event":"Cosmos performance [4daed8617553|1682]: The cache size for cosmos_cache__verdanta_stores__dbt_stores is 23579","logger":"cosmos.dbt.graph","filename":"graph.py","lineno":886}
{"timestamp":"2026-09-06T11:04:53.290791Z","level":"info","event":"Cosmos performance: Cache hit for cosmos_cache__verdanta_stores__dbt_stores - cec7d2b2130ad93ca8be26282ae433fd,288b6c4dd2d40c82d311ae7941a536c1","logger":"cosmos.dbt.graph","filename":"graph.py","lineno":898}
{"timestamp":"2026-09-06T11:04:53.291286Z","level":"info","event":"Total nodes: 27","logger":"cosmos.dbt.graph","filename":"graph.py","lineno":799}
{"timestamp":"2026-09-06T11:04:53.291371Z","level":"info","event":"Total filtered nodes: 27","logger":"cosmos.dbt.graph","filename":"graph.py","lineno":800}
{"timestamp":"2026-09-06T11:04:53.291443Z","level":"info","event":"Cosmos performance (verdanta_stores__dbt_stores) - [4daed8617553|1682]: It took 0.141s to parse the dbt project for DAG using LoadMode.DBT_LS_CACHE","logger":"cosmos.converter","filename":"converter.py","lineno":371}
{"timestamp":"2026-09-06T11:04:53.311273Z","level":"info","event":"Cosmos performance (verdanta_stores__dbt_stores) - [4daed8617553|1682]: It took 0.0198s to build the Airflow DAG.","logger":"cosmos.converter","filename":"converter.py","lineno":423}
{"timestamp":"2026-09-06T11:04:53.311417Z","level":"info","event":"::endgroup::Cosmos DAG parsing logs","logger":"cosmos.converter","filename":"converter.py","lineno":430}
{"timestamp":"2026-09-06T11:04:53.311845Z","level":"warning","event":"Using Variable.get from `airflow.models` is deprecated.Please use `get` on Variable from sdk(`airflow.sdk.Variable`) instead","category":"UserWarning","filename":"/home/airflow/.local/lib/python3.13/site-packages/airflow/models/variable.py","lineno":158,"logger":"py.warnings"}
{"timestamp":"2026-09-06T11:05:23.428728Z","level":"info","event":"Filling up the DagBag from /opt/airflow/dags/verdanta_stores.py","logger":"airflow.dag_processing.dagbag.BundleDagBag","filename":"dagbag.py","lineno":469}
{"timestamp":"2026-09-06T11:05:23.493128Z","level":"info","event":"::group::Cosmos DAG parsing logs","logger":"cosmos.converter","filename":"converter.py","lineno":321}
{"timestamp":"2026-09-06T11:05:23.496307Z","level":"info","event":"Cosmos cache dir resolved to /tmp/cosmos/verdanta_stores__dbt_stores","logger":"cosmos.converter","filename":"converter.py","lineno":346}
{"timestamp":"2026-09-06T11:05:23.496519Z","level":"info","event":"Trying to parse the dbt project using dbt ls cache cosmos_cache__verdanta_stores__dbt_stores...","logger":"cosmos.dbt.graph","filename":"graph.py","lineno":869}
{"timestamp":"2026-09-06T11:05:23.635533Z","level":"info","event":"Cosmos performance: time to calculate cache identifier cosmos_cache__verdanta_stores__dbt_stores for current version: 0.12434984899982737","logger":"cosmos.cache","filename":"cache.py","lineno":401}
{"timestamp":"2026-09-06T11:05:23.635778Z","level":"info","event":"Cosmos performance [4daed8617553|1699]: The cache size for cosmos_cache__verdanta_stores__dbt_stores is 23579","logger":"cosmos.dbt.graph","filename":"graph.py","lineno":886}
{"timestamp":"2026-09-06T11:05:23.636619Z","level":"info","event":"Cosmos performance: Cache hit for cosmos_cache__verdanta_stores__dbt_stores - cec7d2b2130ad93ca8be26282ae433fd,288b6c4dd2d40c82d311ae7941a536c1","logger":"cosmos.dbt.graph","filename":"graph.py","lineno":898}
{"timestamp":"2026-09-06T11:05:23.636755Z","level":"info","event":"Total nodes: 27","logger":"cosmos.dbt.graph","filename":"graph.py","lineno":799}
{"timestamp":"2026-09-06T11:05:23.636817Z","level":"info","event":"Total filtered nodes: 27","logger":"cosmos.dbt.graph","filename":"graph.py","lineno":800}
{"timestamp":"2026-09-06T11:05:23.636881Z","level":"info","event":"Cosmos performance (verdanta_stores__dbt_stores) - [4daed8617553|1699]: It took 0.14s to parse the dbt project for DAG using LoadMode.DBT_LS_CACHE","logger":"cosmos.converter","filename":"converter.py","lineno":371}
{"timestamp":"2026-09-06T11:05:23.657456Z","level":"info","event":"Cosmos performance (verdanta_stores__dbt_stores) - [4daed8617553|1699]: It took 0.0205s to build the Airflow DAG.","logger":"cosmos.converter","filename":"converter.py","lineno":423}
{"timestamp":"2026-09-06T11:05:23.657719Z","level":"info","event":"::endgroup::Cosmos DAG parsing logs","logger":"cosmos.converter","filename":"converter.py","lineno":430}
{"timestamp":"2026-09-06T11:05:23.658238Z","level":"warning","event":"Using Variable.get from `airflow.models` is deprecated.Please use `get` on Variable from sdk(`airflow.sdk.Variable`) instead","category":"UserWarning","filename":"/home/airflow/.local/lib/python3.13/site-packages/airflow/models/variable.py","lineno":158,"logger":"py.warnings"}
{"timestamp":"2026-09-06T11:05:53.786168Z","level":"info","event":"Filling up the DagBag from /opt/airflow/dags/verdanta_stores.py","logger":"airflow.dag_processing.dagbag.BundleDagBag","filename":"dagbag.py","lineno":469}
{"timestamp":"2026-09-06T11:05:53.851303Z","level":"info","event":"::group::Cosmos DAG parsing logs","logger":"cosmos.converter","filename":"converter.py","lineno":321}
{"timestamp":"2026-09-06T11:05:53.855208Z","level":"info","event":"Cosmos cache dir resolved to /tmp/cosmos/verdanta_stores__dbt_stores","logger":"cosmos.converter","filename":"converter.py","lineno":346}
{"timestamp":"2026-09-06T11:05:53.855405Z","level":"info","event":"Trying to parse the dbt project using dbt ls cache cosmos_cache__verdanta_stores__dbt_stores...","logger":"cosmos.dbt.graph","filename":"graph.py","lineno":869}
{"timestamp":"2026-09-06T11:05:53.992594Z","level":"info","event":"Cosmos performance: time to calculate cache identifier cosmos_cache__verdanta_stores__dbt_stores for current version: 0.12375234699993598","logger":"cosmos.cache","filename":"cache.py","lineno":401}
{"timestamp":"2026-09-06T11:05:53.992827Z","level":"info","event":"Cosmos performance [4daed8617553|1716]: The cache size for cosmos_cache__verdanta_stores__dbt_stores is 23579","logger":"cosmos.dbt.graph","filename":"graph.py","lineno":886}
{"timestamp":"2026-09-06T11:05:53.993626Z","level":"info","event":"Cosmos performance: Cache hit for cosmos_cache__verdanta_stores__dbt_stores - cec7d2b2130ad93ca8be26282ae433fd,288b6c4dd2d40c82d311ae7941a536c1","logger":"cosmos.dbt.graph","filename":"graph.py","lineno":898}
{"timestamp":"2026-09-06T11:05:53.993751Z","level":"info","event":"Total nodes: 27","logger":"cosmos.dbt.graph","filename":"graph.py","lineno":799}
{"timestamp":"2026-09-06T11:05:53.993808Z","level":"info","event":"Total filtered nodes: 27","logger":"cosmos.dbt.graph","filename":"graph.py","lineno":800}
{"timestamp":"2026-09-06T11:05:53.993872Z","level":"info","event":"Cosmos performance (verdanta_stores__dbt_stores) - [4daed8617553|1716]: It took 0.139s to parse the dbt project for DAG using LoadMode.DBT_LS_CACHE","logger":"cosmos.converter","filename":"converter.py","lineno":371}
{"timestamp":"2026-09-06T11:05:54.013547Z","level":"info","event":"Cosmos performance (verdanta_stores__dbt_stores) - [4daed8617553|1716]: It took 0.0196s to build the Airflow DAG.","logger":"cosmos.converter","filename":"converter.py","lineno":423}
{"timestamp":"2026-09-06T11:05:54.013716Z","level":"info","event":"::endgroup::Cosmos DAG parsing logs","logger":"cosmos.converter","filename":"converter.py","lineno":430}
{"timestamp":"2026-09-06T11:05:54.014193Z","level":"warning","event":"Using Variable.get from `airflow.models` is deprecated.Please use `get` on Variable from sdk(`airflow.sdk.Variable`) instead","category":"UserWarning","filename":"/home/airflow/.local/lib/python3.13/site-packages/airflow/models/variable.py","lineno":158,"logger":"py.warnings"}
{"timestamp":"2026-09-06T11:06:25.024665Z","level":"info","event":"Filling up the DagBag from /opt/airflow/dags/verdanta_stores.py","logger":"airflow.dag_processing.dagbag.BundleDagBag","filename":"dagbag.py","lineno":469}
{"timestamp":"2026-09-06T11:06:25.086370Z","level":"info","event":"::group::Cosmos DAG parsing logs","logger":"cosmos.converter","filename":"converter.py","lineno":321}
{"timestamp":"2026-09-06T11:06:25.089444Z","level":"info","event":"Cosmos cache dir resolved to /tmp/cosmos/verdanta_stores__dbt_stores","logger":"cosmos.converter","filename":"converter.py","lineno":346}
{"timestamp":"2026-09-06T11:06:25.089640Z","level":"info","event":"Trying to parse the dbt project using dbt ls cache cosmos_cache__verdanta_stores__dbt_stores...","logger":"cosmos.dbt.graph","filename":"graph.py","lineno":869}
{"timestamp":"2026-09-06T11:06:25.227322Z","level":"info","event":"Cosmos performance: time to calculate cache identifier cosmos_cache__verdanta_stores__dbt_stores for current version: 0.12337329799993313","logger":"cosmos.cache","filename":"cache.py","lineno":401}
{"timestamp":"2026-09-06T11:06:25.227604Z","level":"info","event":"Cosmos performance [4daed8617553|1733]: The cache size for cosmos_cache__verdanta_stores__dbt_stores is 23579","logger":"cosmos.dbt.graph","filename":"graph.py","lineno":886}
{"timestamp":"2026-09-06T11:06:25.228493Z","level":"info","event":"Cosmos performance: Cache hit for cosmos_cache__verdanta_stores__dbt_stores - cec7d2b2130ad93ca8be26282ae433fd,288b6c4dd2d40c82d311ae7941a536c1","logger":"cosmos.dbt.graph","filename":"graph.py","lineno":898}
{"timestamp":"2026-09-06T11:06:25.228627Z","level":"info","event":"Total nodes: 27","logger":"cosmos.dbt.graph","filename":"graph.py","lineno":799}
{"timestamp":"2026-09-06T11:06:25.228688Z","level":"info","event":"Total filtered nodes: 27","logger":"cosmos.dbt.graph","filename":"graph.py","lineno":800}
{"timestamp":"2026-09-06T11:06:25.228752Z","level":"info","event":"Cosmos performance (verdanta_stores__dbt_stores) - [4daed8617553|1733]: It took 0.139s to parse the dbt project for DAG using LoadMode.DBT_LS_CACHE","logger":"cosmos.converter","filename":"converter.py","lineno":371}
{"timestamp":"2026-09-06T11:06:25.248319Z","level":"info","event":"Cosmos performance (verdanta_stores__dbt_stores) - [4daed8617553|1733]: It took 0.0195s to build the Airflow DAG.","logger":"cosmos.converter","filename":"converter.py","lineno":423}
{"timestamp":"2026-09-06T11:06:25.248457Z","level":"info","event":"::endgroup::Cosmos DAG parsing logs","logger":"cosmos.converter","filename":"converter.py","lineno":430}
{"timestamp":"2026-09-06T11:06:25.249243Z","level":"warning","event":"Using Variable.get from `airflow.models` is deprecated.Please use `get` on Variable from sdk(`airflow.sdk.Variable`) instead","category":"UserWarning","filename":"/home/airflow/.local/lib/python3.13/site-packages/airflow/models/variable.py","lineno":158,"logger":"py.warnings"}
{"timestamp":"2026-09-06T11:06:56.236478Z","level":"info","event":"Filling up the DagBag from /opt/airflow/dags/verdanta_stores.py","logger":"airflow.dag_processing.dagbag.BundleDagBag","filename":"dagbag.py","lineno":469}
{"timestamp":"2026-09-06T11:06:56.303084Z","level":"info","event":"::group::Cosmos DAG parsing logs","logger":"cosmos.converter","filename":"converter.py","lineno":321}
{"timestamp":"2026-09-06T11:06:56.306159Z","level":"info","event":"Cosmos cache dir resolved to /tmp/cosmos/verdanta_stores__dbt_stores","logger":"cosmos.converter","filename":"converter.py","lineno":346}
{"timestamp":"2026-09-06T11:06:56.306347Z","level":"info","event":"Trying to parse the dbt project using dbt ls cache cosmos_cache__verdanta_stores__dbt_stores...","logger":"cosmos.dbt.graph","filename":"graph.py","lineno":869}
{"timestamp":"2026-09-06T11:06:56.442043Z","level":"info","event":"Cosmos performance: time to calculate cache identifier cosmos_cache__verdanta_stores__dbt_stores for current version: 0.12113224300037473","logger":"cosmos.cache","filename":"cache.py","lineno":401}
{"timestamp":"2026-09-06T11:06:56.442270Z","level":"info","event":"Cosmos performance [4daed8617553|1750]: The cache size for cosmos_cache__verdanta_stores__dbt_stores is 23579","logger":"cosmos.dbt.graph","filename":"graph.py","lineno":886}
{"timestamp":"2026-09-06T11:06:56.443138Z","level":"info","event":"Cosmos performance: Cache hit for cosmos_cache__verdanta_stores__dbt_stores - cec7d2b2130ad93ca8be26282ae433fd,288b6c4dd2d40c82d311ae7941a536c1","logger":"cosmos.dbt.graph","filename":"graph.py","lineno":898}
{"timestamp":"2026-09-06T11:06:56.443266Z","level":"info","event":"Total nodes: 27","logger":"cosmos.dbt.graph","filename":"graph.py","lineno":799}
{"timestamp":"2026-09-06T11:06:56.443355Z","level":"info","event":"Total filtered nodes: 27","logger":"cosmos.dbt.graph","filename":"graph.py","lineno":800}
{"timestamp":"2026-09-06T11:06:56.443434Z","level":"info","event":"Cosmos performance (verdanta_stores__dbt_stores) - [4daed8617553|1750]: It took 0.137s to parse the dbt project for DAG using LoadMode.DBT_LS_CACHE","logger":"cosmos.converter","filename":"converter.py","lineno":371}
{"timestamp":"2026-09-06T11:06:56.463402Z","level":"info","event":"Cosmos performance (verdanta_stores__dbt_stores) - [4daed8617553|1750]: It took 0.0199s to build the Airflow DAG.","logger":"cosmos.converter","filename":"converter.py","lineno":423}
{"timestamp":"2026-09-06T11:06:56.463554Z","level":"info","event":"::endgroup::Cosmos DAG parsing logs","logger":"cosmos.converter","filename":"converter.py","lineno":430}
{"timestamp":"2026-09-06T11:06:56.464020Z","level":"warning","event":"Using Variable.get from `airflow.models` is deprecated.Please use `get` on Variable from sdk(`airflow.sdk.Variable`) instead","category":"UserWarning","filename":"/home/airflow/.local/lib/python3.13/site-packages/airflow/models/variable.py","lineno":158,"logger":"py.warnings"}
{"timestamp":"2026-09-06T11:07:27.454391Z","level":"info","event":"Filling up the DagBag from /opt/airflow/dags/verdanta_stores.py","logger":"airflow.dag_processing.dagbag.BundleDagBag","filename":"dagbag.py","lineno":469}
{"timestamp":"2026-09-06T11:07:27.520317Z","level":"info","event":"::group::Cosmos DAG parsing logs","logger":"cosmos.converter","filename":"converter.py","lineno":321}
{"timestamp":"2026-09-06T11:07:27.524066Z","level":"info","event":"Cosmos cache dir resolved to /tmp/cosmos/verdanta_stores__dbt_stores","logger":"cosmos.converter","filename":"converter.py","lineno":346}
{"timestamp":"2026-09-06T11:07:27.524320Z","level":"info","event":"Trying to parse the dbt project using dbt ls cache cosmos_cache__verdanta_stores__dbt_stores...","logger":"cosmos.dbt.graph","filename":"graph.py","lineno":869}
{"timestamp":"2026-09-06T11:07:27.670492Z","level":"info","event":"Cosmos performance: time to calculate cache identifier cosmos_cache__verdanta_stores__dbt_stores for current version: 0.1286023849997946","logger":"cosmos.cache","filename":"cache.py","lineno":401}
{"timestamp":"2026-09-06T11:07:27.670750Z","level":"info","event":"Cosmos performance [4daed8617553|1767]: The cache size for cosmos_cache__verdanta_stores__dbt_stores is 23579","logger":"cosmos.dbt.graph","filename":"graph.py","lineno":886}
{"timestamp":"2026-09-06T11:07:27.671664Z","level":"info","event":"Cosmos performance: Cache hit for cosmos_cache__verdanta_stores__dbt_stores - cec7d2b2130ad93ca8be26282ae433fd,288b6c4dd2d40c82d311ae7941a536c1","logger":"cosmos.dbt.graph","filename":"graph.py","lineno":898}
{"timestamp":"2026-09-06T11:07:27.671824Z","level":"info","event":"Total nodes: 27","logger":"cosmos.dbt.graph","filename":"graph.py","lineno":799}
{"timestamp":"2026-09-06T11:07:27.671897Z","level":"info","event":"Total filtered nodes: 27","logger":"cosmos.dbt.graph","filename":"graph.py","lineno":800}
{"timestamp":"2026-09-06T11:07:27.671969Z","level":"info","event":"Cosmos performance (verdanta_stores__dbt_stores) - [4daed8617553|1767]: It took 0.148s to parse the dbt project for DAG using LoadMode.DBT_LS_CACHE","logger":"cosmos.converter","filename":"converter.py","lineno":371}
{"timestamp":"2026-09-06T11:07:27.693385Z","level":"info","event":"Cosmos performance (verdanta_stores__dbt_stores) - [4daed8617553|1767]: It took 0.0214s to build the Airflow DAG.","logger":"cosmos.converter","filename":"converter.py","lineno":423}
{"timestamp":"2026-09-06T11:07:27.693570Z","level":"info","event":"::endgroup::Cosmos DAG parsing logs","logger":"cosmos.converter","filename":"converter.py","lineno":430}
{"timestamp":"2026-09-06T11:07:27.694814Z","level":"warning","event":"Using Variable.get from `airflow.models` is deprecated.Please use `get` on Variable from sdk(`airflow.sdk.Variable`) instead","category":"UserWarning","filename":"/home/airflow/.local/lib/python3.13/site-packages/airflow/models/variable.py","lineno":158,"logger":"py.warnings"}
{"timestamp":"2026-09-06T11:07:58.708025Z","level":"info","event":"Filling up the DagBag from /opt/airflow/dags/verdanta_stores.py","logger":"airflow.dag_processing.dagbag.BundleDagBag","filename":"dagbag.py","lineno":469}
{"timestamp":"2026-09-06T11:07:58.772199Z","level":"info","event":"::group::Cosmos DAG parsing logs","logger":"cosmos.converter","filename":"converter.py","lineno":321}
{"timestamp":"2026-09-06T11:07:58.775489Z","level":"info","event":"Cosmos cache dir resolved to /tmp/cosmos/verdanta_stores__dbt_stores","logger":"cosmos.converter","filename":"converter.py","lineno":346}
{"timestamp":"2026-09-06T11:07:58.775694Z","level":"info","event":"Trying to parse the dbt project using dbt ls cache cosmos_cache__verdanta_stores__dbt_stores...","logger":"cosmos.dbt.graph","filename":"graph.py","lineno":869}
{"timestamp":"2026-09-06T11:07:58.913644Z","level":"info","event":"Cosmos performance: time to calculate cache identifier cosmos_cache__verdanta_stores__dbt_stores for current version: 0.12351639999997133","logger":"cosmos.cache","filename":"cache.py","lineno":401}
{"timestamp":"2026-09-06T11:07:58.913870Z","level":"info","event":"Cosmos performance [4daed8617553|1784]: The cache size for cosmos_cache__verdanta_stores__dbt_stores is 23579","logger":"cosmos.dbt.graph","filename":"graph.py","lineno":886}
{"timestamp":"2026-09-06T11:07:58.914680Z","level":"info","event":"Cosmos performance: Cache hit for cosmos_cache__verdanta_stores__dbt_stores - cec7d2b2130ad93ca8be26282ae433fd,288b6c4dd2d40c82d311ae7941a536c1","logger":"cosmos.dbt.graph","filename":"graph.py","lineno":898}
{"timestamp":"2026-09-06T11:07:58.914904Z","level":"info","event":"Total nodes: 27","logger":"cosmos.dbt.graph","filename":"graph.py","lineno":799}
{"timestamp":"2026-09-06T11:07:58.914994Z","level":"info","event":"Total filtered nodes: 27","logger":"cosmos.dbt.graph","filename":"graph.py","lineno":800}
{"timestamp":"2026-09-06T11:07:58.915066Z","level":"info","event":"Cosmos performance (verdanta_stores__dbt_stores) - [4daed8617553|1784]: It took 0.139s to parse the dbt project for DAG using LoadMode.DBT_LS_CACHE","logger":"cosmos.converter","filename":"converter.py","lineno":371}
{"timestamp":"2026-09-06T11:07:58.935991Z","level":"info","event":"Cosmos performance (verdanta_stores__dbt_stores) - [4daed8617553|1784]: It took 0.0208s to build the Airflow DAG.","logger":"cosmos.converter","filename":"converter.py","lineno":423}
{"timestamp":"2026-09-06T11:07:58.936161Z","level":"info","event":"::endgroup::Cosmos DAG parsing logs","logger":"cosmos.converter","filename":"converter.py","lineno":430}
{"timestamp":"2026-09-06T11:07:58.936603Z","level":"warning","event":"Using Variable.get from `airflow.models` is deprecated.Please use `get` on Variable from sdk(`airflow.sdk.Variable`) instead","category":"UserWarning","filename":"/home/airflow/.local/lib/python3.13/site-packages/airflow/models/variable.py","lineno":158,"logger":"py.warnings"}
{"timestamp":"2026-09-06T11:08:29.940412Z","level":"info","event":"Filling up the DagBag from /opt/airflow/dags/verdanta_stores.py","logger":"airflow.dag_processing.dagbag.BundleDagBag","filename":"dagbag.py","lineno":469}
{"timestamp":"2026-09-06T11:08:30.031121Z","level":"info","event":"::group::Cosmos DAG parsing logs","logger":"cosmos.converter","filename":"converter.py","lineno":321}
{"timestamp":"2026-09-06T11:08:30.034978Z","level":"info","event":"Cosmos cache dir resolved to /tmp/cosmos/verdanta_stores__dbt_stores","logger":"cosmos.converter","filename":"converter.py","lineno":346}
{"timestamp":"2026-09-06T11:08:30.035243Z","level":"info","event":"Trying to parse the dbt project using dbt ls cache cosmos_cache__verdanta_stores__dbt_stores...","logger":"cosmos.dbt.graph","filename":"graph.py","lineno":869}
{"timestamp":"2026-09-06T11:08:30.180037Z","level":"info","event":"Cosmos performance: time to calculate cache identifier cosmos_cache__verdanta_stores__dbt_stores for current version: 0.12936047299990605","logger":"cosmos.cache","filename":"cache.py","lineno":401}
{"timestamp":"2026-09-06T11:08:30.180258Z","level":"info","event":"Cosmos performance [4daed8617553|1800]: The cache size for cosmos_cache__verdanta_stores__dbt_stores is 23579","logger":"cosmos.dbt.graph","filename":"graph.py","lineno":886}
{"timestamp":"2026-09-06T11:08:30.181218Z","level":"info","event":"Cosmos performance: Cache hit for cosmos_cache__verdanta_stores__dbt_stores - cec7d2b2130ad93ca8be26282ae433fd,288b6c4dd2d40c82d311ae7941a536c1","logger":"cosmos.dbt.graph","filename":"graph.py","lineno":898}
{"timestamp":"2026-09-06T11:08:30.181355Z","level":"info","event":"Total nodes: 27","logger":"cosmos.dbt.graph","filename":"graph.py","lineno":799}
{"timestamp":"2026-09-06T11:08:30.181419Z","level":"info","event":"Total filtered nodes: 27","logger":"cosmos.dbt.graph","filename":"graph.py","lineno":800}
{"timestamp":"2026-09-06T11:08:30.181485Z","level":"info","event":"Cosmos performance (verdanta_stores__dbt_stores) - [4daed8617553|1800]: It took 0.146s to parse the dbt project for DAG using LoadMode.DBT_LS_CACHE","logger":"cosmos.converter","filename":"converter.py","lineno":371}
{"timestamp":"2026-09-06T11:08:30.203876Z","level":"info","event":"Cosmos performance (verdanta_stores__dbt_stores) - [4daed8617553|1800]: It took 0.0223s to build the Airflow DAG.","logger":"cosmos.converter","filename":"converter.py","lineno":423}
{"timestamp":"2026-09-06T11:08:30.204046Z","level":"info","event":"::endgroup::Cosmos DAG parsing logs","logger":"cosmos.converter","filename":"converter.py","lineno":430}
{"timestamp":"2026-09-06T11:08:30.204990Z","level":"warning","event":"Using Variable.get from `airflow.models` is deprecated.Please use `get` on Variable from sdk(`airflow.sdk.Variable`) instead","category":"UserWarning","filename":"/home/airflow/.local/lib/python3.13/site-packages/airflow/models/variable.py","lineno":158,"logger":"py.warnings"}
{"timestamp":"2026-09-06T11:09:01.229805Z","level":"info","event":"Filling up the DagBag from /opt/airflow/dags/verdanta_stores.py","logger":"airflow.dag_processing.dagbag.BundleDagBag","filename":"dagbag.py","lineno":469}
{"timestamp":"2026-09-06T11:09:01.307427Z","level":"info","event":"::group::Cosmos DAG parsing logs","logger":"cosmos.converter","filename":"converter.py","lineno":321}
{"timestamp":"2026-09-06T11:09:01.311479Z","level":"info","event":"Cosmos cache dir resolved to /tmp/cosmos/verdanta_stores__dbt_stores","logger":"cosmos.converter","filename":"converter.py","lineno":346}
{"timestamp":"2026-09-06T11:09:01.311775Z","level":"info","event":"Trying to parse the dbt project using dbt ls cache cosmos_cache__verdanta_stores__dbt_stores...","logger":"cosmos.dbt.graph","filename":"graph.py","lineno":869}
{"timestamp":"2026-09-06T11:09:01.456539Z","level":"info","event":"Cosmos performance: time to calculate cache identifier cosmos_cache__verdanta_stores__dbt_stores for current version: 0.12925175100008346","logger":"cosmos.cache","filename":"cache.py","lineno":401}
{"timestamp":"2026-09-06T11:09:01.456763Z","level":"info","event":"Cosmos performance [4daed8617553|1817]: The cache size for cosmos_cache__verdanta_stores__dbt_stores is 23579","logger":"cosmos.dbt.graph","filename":"graph.py","lineno":886}
{"timestamp":"2026-09-06T11:09:01.457820Z","level":"info","event":"Cosmos performance: Cache hit for cosmos_cache__verdanta_stores__dbt_stores - cec7d2b2130ad93ca8be26282ae433fd,288b6c4dd2d40c82d311ae7941a536c1","logger":"cosmos.dbt.graph","filename":"graph.py","lineno":898}
{"timestamp":"2026-09-06T11:09:01.457972Z","level":"info","event":"Total nodes: 27","logger":"cosmos.dbt.graph","filename":"graph.py","lineno":799}
{"timestamp":"2026-09-06T11:09:01.458041Z","level":"info","event":"Total filtered nodes: 27","logger":"cosmos.dbt.graph","filename":"graph.py","lineno":800}
{"timestamp":"2026-09-06T11:09:01.458109Z","level":"info","event":"Cosmos performance (verdanta_stores__dbt_stores) - [4daed8617553|1817]: It took 0.146s to parse the dbt project for DAG using LoadMode.DBT_LS_CACHE","logger":"cosmos.converter","filename":"converter.py","lineno":371}
{"timestamp":"2026-09-06T11:09:01.479968Z","level":"info","event":"Cosmos performance (verdanta_stores__dbt_stores) - [4daed8617553|1817]: It took 0.0218s to build the Airflow DAG.","logger":"cosmos.converter","filename":"converter.py","lineno":423}
{"timestamp":"2026-09-06T11:09:01.480146Z","level":"info","event":"::endgroup::Cosmos DAG parsing logs","logger":"cosmos.converter","filename":"converter.py","lineno":430}
{"timestamp":"2026-09-06T11:09:01.481046Z","level":"warning","event":"Using Variable.get from `airflow.models` is deprecated.Please use `get` on Variable from sdk(`airflow.sdk.Variable`) instead","category":"UserWarning","filename":"/home/airflow/.local/lib/python3.13/site-packages/airflow/models/variable.py","lineno":158,"logger":"py.warnings"}
{"timestamp":"2026-09-06T11:09:32.491927Z","level":"info","event":"Filling up the DagBag from /opt/airflow/dags/verdanta_stores.py","logger":"airflow.dag_processing.dagbag.BundleDagBag","filename":"dagbag.py","lineno":469}
{"timestamp":"2026-09-06T11:09:32.556169Z","level":"info","event":"::group::Cosmos DAG parsing logs","logger":"cosmos.converter","filename":"converter.py","lineno":321}
{"timestamp":"2026-09-06T11:09:32.559329Z","level":"info","event":"Cosmos cache dir resolved to /tmp/cosmos/verdanta_stores__dbt_stores","logger":"cosmos.converter","filename":"converter.py","lineno":346}
{"timestamp":"2026-09-06T11:09:32.559516Z","level":"info","event":"Trying to parse the dbt project using dbt ls cache cosmos_cache__verdanta_stores__dbt_stores...","logger":"cosmos.dbt.graph","filename":"graph.py","lineno":869}
{"timestamp":"2026-09-06T11:09:32.694418Z","level":"info","event":"Cosmos performance: time to calculate cache identifier cosmos_cache__verdanta_stores__dbt_stores for current version: 0.12088552699970023","logger":"cosmos.cache","filename":"cache.py","lineno":401}
{"timestamp":"2026-09-06T11:09:32.694658Z","level":"info","event":"Cosmos performance [4daed8617553|1827]: The cache size for cosmos_cache__verdanta_stores__dbt_stores is 23579","logger":"cosmos.dbt.graph","filename":"graph.py","lineno":886}
{"timestamp":"2026-09-06T11:09:32.695468Z","level":"info","event":"Cosmos performance: Cache hit for cosmos_cache__verdanta_stores__dbt_stores - cec7d2b2130ad93ca8be26282ae433fd,288b6c4dd2d40c82d311ae7941a536c1","logger":"cosmos.dbt.graph","filename":"graph.py","lineno":898}
{"timestamp":"2026-09-06T11:09:32.695590Z","level":"info","event":"Total nodes: 27","logger":"cosmos.dbt.graph","filename":"graph.py","lineno":799}
{"timestamp":"2026-09-06T11:09:32.695648Z","level":"info","event":"Total filtered nodes: 27","logger":"cosmos.dbt.graph","filename":"graph.py","lineno":800}
{"timestamp":"2026-09-06T11:09:32.695711Z","level":"info","event":"Cosmos performance (verdanta_stores__dbt_stores) - [4daed8617553|1827]: It took 0.136s to parse the dbt project for DAG using LoadMode.DBT_LS_CACHE","logger":"cosmos.converter","filename":"converter.py","lineno":371}
{"timestamp":"2026-09-06T11:09:32.715425Z","level":"info","event":"Cosmos performance (verdanta_stores__dbt_stores) - [4daed8617553|1827]: It took 0.0197s to build the Airflow DAG.","logger":"cosmos.converter","filename":"converter.py","lineno":423}
{"timestamp":"2026-09-06T11:09:32.715574Z","level":"info","event":"::endgroup::Cosmos DAG parsing logs","logger":"cosmos.converter","filename":"converter.py","lineno":430}
{"timestamp":"2026-09-06T11:09:32.716330Z","level":"warning","event":"Using Variable.get from `airflow.models` is deprecated.Please use `get` on Variable from sdk(`airflow.sdk.Variable`) instead","category":"UserWarning","filename":"/home/airflow/.local/lib/python3.13/site-packages/airflow/models/variable.py","lineno":158,"logger":"py.warnings"}
{"timestamp":"2026-09-06T11:10:02.796483Z","level":"info","event":"Filling up the DagBag from /opt/airflow/dags/verdanta_stores.py","logger":"airflow.dag_processing.dagbag.BundleDagBag","filename":"dagbag.py","lineno":469}
{"timestamp":"2026-09-06T11:10:02.860957Z","level":"info","event":"::group::Cosmos DAG parsing logs","logger":"cosmos.converter","filename":"converter.py","lineno":321}
{"timestamp":"2026-09-06T11:10:02.864150Z","level":"info","event":"Cosmos cache dir resolved to /tmp/cosmos/verdanta_stores__dbt_stores","logger":"cosmos.converter","filename":"converter.py","lineno":346}
{"timestamp":"2026-09-06T11:10:02.864360Z","level":"info","event":"Trying to parse the dbt project using dbt ls cache cosmos_cache__verdanta_stores__dbt_stores...","logger":"cosmos.dbt.graph","filename":"graph.py","lineno":869}
{"timestamp":"2026-09-06T11:10:03.003835Z","level":"info","event":"Cosmos performance: time to calculate cache identifier cosmos_cache__verdanta_stores__dbt_stores for current version: 0.1252408559998912","logger":"cosmos.cache","filename":"cache.py","lineno":401}
{"timestamp":"2026-09-06T11:10:03.004048Z","level":"info","event":"Cosmos performance [4daed8617553|1844]: The cache size for cosmos_cache__verdanta_stores__dbt_stores is 23579","logger":"cosmos.dbt.graph","filename":"graph.py","lineno":886}
{"timestamp":"2026-09-06T11:10:03.004802Z","level":"info","event":"Cosmos performance: Cache hit for cosmos_cache__verdanta_stores__dbt_stores - cec7d2b2130ad93ca8be26282ae433fd,288b6c4dd2d40c82d311ae7941a536c1","logger":"cosmos.dbt.graph","filename":"graph.py","lineno":898}
{"timestamp":"2026-09-06T11:10:03.004914Z","level":"info","event":"Total nodes: 27","logger":"cosmos.dbt.graph","filename":"graph.py","lineno":799}
{"timestamp":"2026-09-06T11:10:03.004969Z","level":"info","event":"Total filtered nodes: 27","logger":"cosmos.dbt.graph","filename":"graph.py","lineno":800}
{"timestamp":"2026-09-06T11:10:03.005031Z","level":"info","event":"Cosmos performance (verdanta_stores__dbt_stores) - [4daed8617553|1844]: It took 0.141s to parse the dbt project for DAG using LoadMode.DBT_LS_CACHE","logger":"cosmos.converter","filename":"converter.py","lineno":371}
{"timestamp":"2026-09-06T11:10:03.024800Z","level":"info","event":"Cosmos performance (verdanta_stores__dbt_stores) - [4daed8617553|1844]: It took 0.0197s to build the Airflow DAG.","logger":"cosmos.converter","filename":"converter.py","lineno":423}
{"timestamp":"2026-09-06T11:10:03.024984Z","level":"info","event":"::endgroup::Cosmos DAG parsing logs","logger":"cosmos.converter","filename":"converter.py","lineno":430}
{"timestamp":"2026-09-06T11:10:03.026112Z","level":"warning","event":"Using Variable.get from `airflow.models` is deprecated.Please use `get` on Variable from sdk(`airflow.sdk.Variable`) instead","category":"UserWarning","filename":"/home/airflow/.local/lib/python3.13/site-packages/airflow/models/variable.py","lineno":158,"logger":"py.warnings"}
{"timestamp":"2026-09-06T11:10:33.108334Z","level":"info","event":"Filling up the DagBag from /opt/airflow/dags/verdanta_stores.py","logger":"airflow.dag_processing.dagbag.BundleDagBag","filename":"dagbag.py","lineno":469}
{"timestamp":"2026-09-06T11:10:33.175236Z","level":"info","event":"::group::Cosmos DAG parsing logs","logger":"cosmos.converter","filename":"converter.py","lineno":321}
{"timestamp":"2026-09-06T11:10:33.178375Z","level":"info","event":"Cosmos cache dir resolved to /tmp/cosmos/verdanta_stores__dbt_stores","logger":"cosmos.converter","filename":"converter.py","lineno":346}
{"timestamp":"2026-09-06T11:10:33.178606Z","level":"info","event":"Trying to parse the dbt project using dbt ls cache cosmos_cache__verdanta_stores__dbt_stores...","logger":"cosmos.dbt.graph","filename":"graph.py","lineno":869}
{"timestamp":"2026-09-06T11:10:33.320992Z","level":"info","event":"Cosmos performance: time to calculate cache identifier cosmos_cache__verdanta_stores__dbt_stores for current version: 0.12797307900018495","logger":"cosmos.cache","filename":"cache.py","lineno":401}
{"timestamp":"2026-09-06T11:10:33.321233Z","level":"info","event":"Cosmos performance [4daed8617553|1861]: The cache size for cosmos_cache__verdanta_stores__dbt_stores is 23579","logger":"cosmos.dbt.graph","filename":"graph.py","lineno":886}
{"timestamp":"2026-09-06T11:10:33.322238Z","level":"info","event":"Cosmos performance: Cache hit for cosmos_cache__verdanta_stores__dbt_stores - cec7d2b2130ad93ca8be26282ae433fd,288b6c4dd2d40c82d311ae7941a536c1","logger":"cosmos.dbt.graph","filename":"graph.py","lineno":898}
{"timestamp":"2026-09-06T11:10:33.322384Z","level":"info","event":"Total nodes: 27","logger":"cosmos.dbt.graph","filename":"graph.py","lineno":799}
{"timestamp":"2026-09-06T11:10:33.322446Z","level":"info","event":"Total filtered nodes: 27","logger":"cosmos.dbt.graph","filename":"graph.py","lineno":800}
{"timestamp":"2026-09-06T11:10:33.322512Z","level":"info","event":"Cosmos performance (verdanta_stores__dbt_stores) - [4daed8617553|1861]: It took 0.144s to parse the dbt project for DAG using LoadMode.DBT_LS_CACHE","logger":"cosmos.converter","filename":"converter.py","lineno":371}
{"timestamp":"2026-09-06T11:10:33.342331Z","level":"info","event":"Cosmos performance (verdanta_stores__dbt_stores) - [4daed8617553|1861]: It took 0.0198s to build the Airflow DAG.","logger":"cosmos.converter","filename":"converter.py","lineno":423}
{"timestamp":"2026-09-06T11:10:33.342495Z","level":"info","event":"::endgroup::Cosmos DAG parsing logs","logger":"cosmos.converter","filename":"converter.py","lineno":430}
{"timestamp":"2026-09-06T11:10:33.342965Z","level":"warning","event":"Using Variable.get from `airflow.models` is deprecated.Please use `get` on Variable from sdk(`airflow.sdk.Variable`) instead","category":"UserWarning","filename":"/home/airflow/.local/lib/python3.13/site-packages/airflow/models/variable.py","lineno":158,"logger":"py.warnings"}
{"timestamp":"2026-09-06T11:11:04.369133Z","level":"info","event":"Filling up the DagBag from /opt/airflow/dags/verdanta_stores.py","logger":"airflow.dag_processing.dagbag.BundleDagBag","filename":"dagbag.py","lineno":469}
{"timestamp":"2026-09-06T11:11:04.435849Z","level":"info","event":"::group::Cosmos DAG parsing logs","logger":"cosmos.converter","filename":"converter.py","lineno":321}
{"timestamp":"2026-09-06T11:11:04.439895Z","level":"info","event":"Cosmos cache dir resolved to /tmp/cosmos/verdanta_stores__dbt_stores","logger":"cosmos.converter","filename":"converter.py","lineno":346}
{"timestamp":"2026-09-06T11:11:04.440119Z","level":"info","event":"Trying to parse the dbt project using dbt ls cache cosmos_cache__verdanta_stores__dbt_stores...","logger":"cosmos.dbt.graph","filename":"graph.py","lineno":869}
{"timestamp":"2026-09-06T11:11:04.578276Z","level":"info","event":"Cosmos performance: time to calculate cache identifier cosmos_cache__verdanta_stores__dbt_stores for current version: 0.12321564300009413","logger":"cosmos.cache","filename":"cache.py","lineno":401}
{"timestamp":"2026-09-06T11:11:04.578507Z","level":"info","event":"Cosmos performance [4daed8617553|1878]: The cache size for cosmos_cache__verdanta_stores__dbt_stores is 23579","logger":"cosmos.dbt.graph","filename":"graph.py","lineno":886}
{"timestamp":"2026-09-06T11:11:04.579523Z","level":"info","event":"Cosmos performance: Cache hit for cosmos_cache__verdanta_stores__dbt_stores - cec7d2b2130ad93ca8be26282ae433fd,288b6c4dd2d40c82d311ae7941a536c1","logger":"cosmos.dbt.graph","filename":"graph.py","lineno":898}
{"timestamp":"2026-09-06T11:11:04.579653Z","level":"info","event":"Total nodes: 27","logger":"cosmos.dbt.graph","filename":"graph.py","lineno":799}
{"timestamp":"2026-09-06T11:11:04.579712Z","level":"info","event":"Total filtered nodes: 27","logger":"cosmos.dbt.graph","filename":"graph.py","lineno":800}
{"timestamp":"2026-09-06T11:11:04.579777Z","level":"info","event":"Cosmos performance (verdanta_stores__dbt_stores) - [4daed8617553|1878]: It took 0.14s to parse the dbt project for DAG using LoadMode.DBT_LS_CACHE","logger":"cosmos.converter","filename":"converter.py","lineno":371}
{"timestamp":"2026-09-06T11:11:04.599792Z","level":"info","event":"Cosmos performance (verdanta_stores__dbt_stores) - [4daed8617553|1878]: It took 0.02s to build the Airflow DAG.","logger":"cosmos.converter","filename":"converter.py","lineno":423}
{"timestamp":"2026-09-06T11:11:04.599941Z","level":"info","event":"::endgroup::Cosmos DAG parsing logs","logger":"cosmos.converter","filename":"converter.py","lineno":430}
{"timestamp":"2026-09-06T11:11:04.600523Z","level":"warning","event":"Using Variable.get from `airflow.models` is deprecated.Please use `get` on Variable from sdk(`airflow.sdk.Variable`) instead","category":"UserWarning","filename":"/home/airflow/.local/lib/python3.13/site-packages/airflow/models/variable.py","lineno":158,"logger":"py.warnings"}
{"timestamp":"2026-09-06T11:11:35.586945Z","level":"info","event":"Filling up the DagBag from /opt/airflow/dags/verdanta_stores.py","logger":"airflow.dag_processing.dagbag.BundleDagBag","filename":"dagbag.py","lineno":469}
{"timestamp":"2026-09-06T11:11:35.653173Z","level":"info","event":"::group::Cosmos DAG parsing logs","logger":"cosmos.converter","filename":"converter.py","lineno":321}
{"timestamp":"2026-09-06T11:11:35.656979Z","level":"info","event":"Cosmos cache dir resolved to /tmp/cosmos/verdanta_stores__dbt_stores","logger":"cosmos.converter","filename":"converter.py","lineno":346}
{"timestamp":"2026-09-06T11:11:35.657162Z","level":"info","event":"Trying to parse the dbt project using dbt ls cache cosmos_cache__verdanta_stores__dbt_stores...","logger":"cosmos.dbt.graph","filename":"graph.py","lineno":869}
{"timestamp":"2026-09-06T11:11:35.794465Z","level":"info","event":"Cosmos performance: time to calculate cache identifier cosmos_cache__verdanta_stores__dbt_stores for current version: 0.12482634700018025","logger":"cosmos.cache","filename":"cache.py","lineno":401}
{"timestamp":"2026-09-06T11:11:35.794772Z","level":"info","event":"Cosmos performance [4daed8617553|1895]: The cache size for cosmos_cache__verdanta_stores__dbt_stores is 23579","logger":"cosmos.dbt.graph","filename":"graph.py","lineno":886}
{"timestamp":"2026-09-06T11:11:35.795627Z","level":"info","event":"Cosmos performance: Cache hit for cosmos_cache__verdanta_stores__dbt_stores - cec7d2b2130ad93ca8be26282ae433fd,288b6c4dd2d40c82d311ae7941a536c1","logger":"cosmos.dbt.graph","filename":"graph.py","lineno":898}
{"timestamp":"2026-09-06T11:11:35.795759Z","level":"info","event":"Total nodes: 27","logger":"cosmos.dbt.graph","filename":"graph.py","lineno":799}
{"timestamp":"2026-09-06T11:11:35.795820Z","level":"info","event":"Total filtered nodes: 27","logger":"cosmos.dbt.graph","filename":"graph.py","lineno":800}
{"timestamp":"2026-09-06T11:11:35.795885Z","level":"info","event":"Cosmos performance (verdanta_stores__dbt_stores) - [4daed8617553|1895]: It took 0.139s to parse the dbt project for DAG using LoadMode.DBT_LS_CACHE","logger":"cosmos.converter","filename":"converter.py","lineno":371}
{"timestamp":"2026-09-06T11:11:35.816247Z","level":"info","event":"Cosmos performance (verdanta_stores__dbt_stores) - [4daed8617553|1895]: It took 0.0203s to build the Airflow DAG.","logger":"cosmos.converter","filename":"converter.py","lineno":423}
{"timestamp":"2026-09-06T11:11:35.816403Z","level":"info","event":"::endgroup::Cosmos DAG parsing logs","logger":"cosmos.converter","filename":"converter.py","lineno":430}
{"timestamp":"2026-09-06T11:11:35.816903Z","level":"warning","event":"Using Variable.get from `airflow.models` is deprecated.Please use `get` on Variable from sdk(`airflow.sdk.Variable`) instead","category":"UserWarning","filename":"/home/airflow/.local/lib/python3.13/site-packages/airflow/models/variable.py","lineno":158,"logger":"py.warnings"}
{"timestamp":"2026-09-06T11:12:05.923322Z","level":"info","event":"Filling up the DagBag from /opt/airflow/dags/verdanta_stores.py","logger":"airflow.dag_processing.dagbag.BundleDagBag","filename":"dagbag.py","lineno":469}
{"timestamp":"2026-09-06T11:12:05.994608Z","level":"info","event":"::group::Cosmos DAG parsing logs","logger":"cosmos.converter","filename":"converter.py","lineno":321}
{"timestamp":"2026-09-06T11:12:05.998687Z","level":"info","event":"Cosmos cache dir resolved to /tmp/cosmos/verdanta_stores__dbt_stores","logger":"cosmos.converter","filename":"converter.py","lineno":346}
{"timestamp":"2026-09-06T11:12:05.998932Z","level":"info","event":"Trying to parse the dbt project using dbt ls cache cosmos_cache__verdanta_stores__dbt_stores...","logger":"cosmos.dbt.graph","filename":"graph.py","lineno":869}
{"timestamp":"2026-09-06T11:12:06.146556Z","level":"info","event":"Cosmos performance: time to calculate cache identifier cosmos_cache__verdanta_stores__dbt_stores for current version: 0.1288874339998074","logger":"cosmos.cache","filename":"cache.py","lineno":401}
{"timestamp":"2026-09-06T11:12:06.146835Z","level":"info","event":"Cosmos performance [4daed8617553|1912]: The cache size for cosmos_cache__verdanta_stores__dbt_stores is 23579","logger":"cosmos.dbt.graph","filename":"graph.py","lineno":886}
{"timestamp":"2026-09-06T11:12:06.147916Z","level":"info","event":"Cosmos performance: Cache hit for cosmos_cache__verdanta_stores__dbt_stores - cec7d2b2130ad93ca8be26282ae433fd,288b6c4dd2d40c82d311ae7941a536c1","logger":"cosmos.dbt.graph","filename":"graph.py","lineno":898}
{"timestamp":"2026-09-06T11:12:06.148070Z","level":"info","event":"Total nodes: 27","logger":"cosmos.dbt.graph","filename":"graph.py","lineno":799}
{"timestamp":"2026-09-06T11:12:06.148182Z","level":"info","event":"Total filtered nodes: 27","logger":"cosmos.dbt.graph","filename":"graph.py","lineno":800}
{"timestamp":"2026-09-06T11:12:06.148282Z","level":"info","event":"Cosmos performance (verdanta_stores__dbt_stores) - [4daed8617553|1912]: It took 0.149s to parse the dbt project for DAG using LoadMode.DBT_LS_CACHE","logger":"cosmos.converter","filename":"converter.py","lineno":371}
{"timestamp":"2026-09-06T11:12:06.170852Z","level":"info","event":"Cosmos performance (verdanta_stores__dbt_stores) - [4daed8617553|1912]: It took 0.0225s to build the Airflow DAG.","logger":"cosmos.converter","filename":"converter.py","lineno":423}
{"timestamp":"2026-09-06T11:12:06.171027Z","level":"info","event":"::endgroup::Cosmos DAG parsing logs","logger":"cosmos.converter","filename":"converter.py","lineno":430}
{"timestamp":"2026-09-06T11:12:06.171641Z","level":"warning","event":"Using Variable.get from `airflow.models` is deprecated.Please use `get` on Variable from sdk(`airflow.sdk.Variable`) instead","category":"UserWarning","filename":"/home/airflow/.local/lib/python3.13/site-packages/airflow/models/variable.py","lineno":158,"logger":"py.warnings"}
{"timestamp":"2026-09-06T11:12:36.293286Z","level":"info","event":"Filling up the DagBag from /opt/airflow/dags/verdanta_stores.py","logger":"airflow.dag_processing.dagbag.BundleDagBag","filename":"dagbag.py","lineno":469}
{"timestamp":"2026-09-06T11:12:36.364491Z","level":"info","event":"::group::Cosmos DAG parsing logs","logger":"cosmos.converter","filename":"converter.py","lineno":321}
{"timestamp":"2026-09-06T11:12:36.367976Z","level":"info","event":"Cosmos cache dir resolved to /tmp/cosmos/verdanta_stores__dbt_stores","logger":"cosmos.converter","filename":"converter.py","lineno":346}
{"timestamp":"2026-09-06T11:12:36.368198Z","level":"info","event":"Trying to parse the dbt project using dbt ls cache cosmos_cache__verdanta_stores__dbt_stores...","logger":"cosmos.dbt.graph","filename":"graph.py","lineno":869}
{"timestamp":"2026-09-06T11:12:36.514986Z","level":"info","event":"Cosmos performance: time to calculate cache identifier cosmos_cache__verdanta_stores__dbt_stores for current version: 0.12909128000001147","logger":"cosmos.cache","filename":"cache.py","lineno":401}
{"timestamp":"2026-09-06T11:12:36.515347Z","level":"info","event":"Cosmos performance [4daed8617553|1929]: The cache size for cosmos_cache__verdanta_stores__dbt_stores is 23579","logger":"cosmos.dbt.graph","filename":"graph.py","lineno":886}
{"timestamp":"2026-09-06T11:12:36.516683Z","level":"info","event":"Cosmos performance: Cache hit for cosmos_cache__verdanta_stores__dbt_stores - cec7d2b2130ad93ca8be26282ae433fd,288b6c4dd2d40c82d311ae7941a536c1","logger":"cosmos.dbt.graph","filename":"graph.py","lineno":898}
{"timestamp":"2026-09-06T11:12:36.516887Z","level":"info","event":"Total nodes: 27","logger":"cosmos.dbt.graph","filename":"graph.py","lineno":799}
{"timestamp":"2026-09-06T11:12:36.516994Z","level":"info","event":"Total filtered nodes: 27","logger":"cosmos.dbt.graph","filename":"graph.py","lineno":800}
{"timestamp":"2026-09-06T11:12:36.517096Z","level":"info","event":"Cosmos performance (verdanta_stores__dbt_stores) - [4daed8617553|1929]: It took 0.149s to parse the dbt project for DAG using LoadMode.DBT_LS_CACHE","logger":"cosmos.converter","filename":"converter.py","lineno":371}
{"timestamp":"2026-09-06T11:12:36.544684Z","level":"info","event":"Cosmos performance (verdanta_stores__dbt_stores) - [4daed8617553|1929]: It took 0.0275s to build the Airflow DAG.","logger":"cosmos.converter","filename":"converter.py","lineno":423}
{"timestamp":"2026-09-06T11:12:36.544917Z","level":"info","event":"::endgroup::Cosmos DAG parsing logs","logger":"cosmos.converter","filename":"converter.py","lineno":430}
{"timestamp":"2026-09-06T11:12:36.545507Z","level":"warning","event":"Using Variable.get from `airflow.models` is deprecated.Please use `get` on Variable from sdk(`airflow.sdk.Variable`) instead","category":"UserWarning","filename":"/home/airflow/.local/lib/python3.13/site-packages/airflow/models/variable.py","lineno":158,"logger":"py.warnings"}
{"timestamp":"2026-09-06T11:13:06.648719Z","level":"info","event":"Filling up the DagBag from /opt/airflow/dags/verdanta_stores.py","logger":"airflow.dag_processing.dagbag.BundleDagBag","filename":"dagbag.py","lineno":469}
{"timestamp":"2026-09-06T11:13:06.729799Z","level":"info","event":"::group::Cosmos DAG parsing logs","logger":"cosmos.converter","filename":"converter.py","lineno":321}
{"timestamp":"2026-09-06T11:13:06.733718Z","level":"info","event":"Cosmos cache dir resolved to /tmp/cosmos/verdanta_stores__dbt_stores","logger":"cosmos.converter","filename":"converter.py","lineno":346}
{"timestamp":"2026-09-06T11:13:06.733975Z","level":"info","event":"Trying to parse the dbt project using dbt ls cache cosmos_cache__verdanta_stores__dbt_stores...","logger":"cosmos.dbt.graph","filename":"graph.py","lineno":869}
{"timestamp":"2026-09-06T11:13:06.883889Z","level":"info","event":"Cosmos performance: time to calculate cache identifier cosmos_cache__verdanta_stores__dbt_stores for current version: 0.12753948999989007","logger":"cosmos.cache","filename":"cache.py","lineno":401}
{"timestamp":"2026-09-06T11:13:06.884138Z","level":"info","event":"Cosmos performance [4daed8617553|1946]: The cache size for cosmos_cache__verdanta_stores__dbt_stores is 23579","logger":"cosmos.dbt.graph","filename":"graph.py","lineno":886}
{"timestamp":"2026-09-06T11:13:06.884965Z","level":"info","event":"Cosmos performance: Cache hit for cosmos_cache__verdanta_stores__dbt_stores - cec7d2b2130ad93ca8be26282ae433fd,288b6c4dd2d40c82d311ae7941a536c1","logger":"cosmos.dbt.graph","filename":"graph.py","lineno":898}
{"timestamp":"2026-09-06T11:13:06.885106Z","level":"info","event":"Total nodes: 27","logger":"cosmos.dbt.graph","filename":"graph.py","lineno":799}
{"timestamp":"2026-09-06T11:13:06.885167Z","level":"info","event":"Total filtered nodes: 27","logger":"cosmos.dbt.graph","filename":"graph.py","lineno":800}
{"timestamp":"2026-09-06T11:13:06.885232Z","level":"info","event":"Cosmos performance (verdanta_stores__dbt_stores) - [4daed8617553|1946]: It took 0.151s to parse the dbt project for DAG using LoadMode.DBT_LS_CACHE","logger":"cosmos.converter","filename":"converter.py","lineno":371}
{"timestamp":"2026-09-06T11:13:06.906212Z","level":"info","event":"Cosmos performance (verdanta_stores__dbt_stores) - [4daed8617553|1946]: It took 0.0209s to build the Airflow DAG.","logger":"cosmos.converter","filename":"converter.py","lineno":423}
{"timestamp":"2026-09-06T11:13:06.906378Z","level":"info","event":"::endgroup::Cosmos DAG parsing logs","logger":"cosmos.converter","filename":"converter.py","lineno":430}
{"timestamp":"2026-09-06T11:13:06.906895Z","level":"warning","event":"Using Variable.get from `airflow.models` is deprecated.Please use `get` on Variable from sdk(`airflow.sdk.Variable`) instead","category":"UserWarning","filename":"/home/airflow/.local/lib/python3.13/site-packages/airflow/models/variable.py","lineno":158,"logger":"py.warnings"}
{"timestamp":"2026-09-06T11:13:37.090711Z","level":"info","event":"Filling up the DagBag from /opt/airflow/dags/verdanta_stores.py","logger":"airflow.dag_processing.dagbag.BundleDagBag","filename":"dagbag.py","lineno":469}
{"timestamp":"2026-09-06T11:13:37.169114Z","level":"info","event":"::group::Cosmos DAG parsing logs","logger":"cosmos.converter","filename":"converter.py","lineno":321}
{"timestamp":"2026-09-06T11:13:37.173015Z","level":"info","event":"Cosmos cache dir resolved to /tmp/cosmos/verdanta_stores__dbt_stores","logger":"cosmos.converter","filename":"converter.py","lineno":346}
{"timestamp":"2026-09-06T11:13:37.173283Z","level":"info","event":"Trying to parse the dbt project using dbt ls cache cosmos_cache__verdanta_stores__dbt_stores...","logger":"cosmos.dbt.graph","filename":"graph.py","lineno":869}
{"timestamp":"2026-09-06T11:13:37.315907Z","level":"info","event":"Cosmos performance: time to calculate cache identifier cosmos_cache__verdanta_stores__dbt_stores for current version: 0.12776529999973718","logger":"cosmos.cache","filename":"cache.py","lineno":401}
{"timestamp":"2026-09-06T11:13:37.316194Z","level":"info","event":"Cosmos performance [4daed8617553|1963]: The cache size for cosmos_cache__verdanta_stores__dbt_stores is 23579","logger":"cosmos.dbt.graph","filename":"graph.py","lineno":886}
{"timestamp":"2026-09-06T11:13:37.317079Z","level":"info","event":"Cosmos performance: Cache hit for cosmos_cache__verdanta_stores__dbt_stores - cec7d2b2130ad93ca8be26282ae433fd,288b6c4dd2d40c82d311ae7941a536c1","logger":"cosmos.dbt.graph","filename":"graph.py","lineno":898}
{"timestamp":"2026-09-06T11:13:37.317218Z","level":"info","event":"Total nodes: 27","logger":"cosmos.dbt.graph","filename":"graph.py","lineno":799}
{"timestamp":"2026-09-06T11:13:37.317279Z","level":"info","event":"Total filtered nodes: 27","logger":"cosmos.dbt.graph","filename":"graph.py","lineno":800}
{"timestamp":"2026-09-06T11:13:37.317347Z","level":"info","event":"Cosmos performance (verdanta_stores__dbt_stores) - [4daed8617553|1963]: It took 0.144s to parse the dbt project for DAG using LoadMode.DBT_LS_CACHE","logger":"cosmos.converter","filename":"converter.py","lineno":371}
{"timestamp":"2026-09-06T11:13:37.339470Z","level":"info","event":"Cosmos performance (verdanta_stores__dbt_stores) - [4daed8617553|1963]: It took 0.0221s to build the Airflow DAG.","logger":"cosmos.converter","filename":"converter.py","lineno":423}
{"timestamp":"2026-09-06T11:13:37.339631Z","level":"info","event":"::endgroup::Cosmos DAG parsing logs","logger":"cosmos.converter","filename":"converter.py","lineno":430}
{"timestamp":"2026-09-06T11:13:37.340234Z","level":"warning","event":"Using Variable.get from `airflow.models` is deprecated.Please use `get` on Variable from sdk(`airflow.sdk.Variable`) instead","category":"UserWarning","filename":"/home/airflow/.local/lib/python3.13/site-packages/airflow/models/variable.py","lineno":158,"logger":"py.warnings"}
{"timestamp":"2026-09-06T11:14:07.427441Z","level":"info","event":"Filling up the DagBag from /opt/airflow/dags/verdanta_stores.py","logger":"airflow.dag_processing.dagbag.BundleDagBag","filename":"dagbag.py","lineno":469}
{"timestamp":"2026-09-06T11:14:07.498958Z","level":"info","event":"::group::Cosmos DAG parsing logs","logger":"cosmos.converter","filename":"converter.py","lineno":321}
{"timestamp":"2026-09-06T11:14:07.502792Z","level":"info","event":"Cosmos cache dir resolved to /tmp/cosmos/verdanta_stores__dbt_stores","logger":"cosmos.converter","filename":"converter.py","lineno":346}
{"timestamp":"2026-09-06T11:14:07.503041Z","level":"info","event":"Trying to parse the dbt project using dbt ls cache cosmos_cache__verdanta_stores__dbt_stores...","logger":"cosmos.dbt.graph","filename":"graph.py","lineno":869}
{"timestamp":"2026-09-06T11:14:07.646309Z","level":"info","event":"Cosmos performance: time to calculate cache identifier cosmos_cache__verdanta_stores__dbt_stores for current version: 0.1282718779998504","logger":"cosmos.cache","filename":"cache.py","lineno":401}
{"timestamp":"2026-09-06T11:14:07.646546Z","level":"info","event":"Cosmos performance [4daed8617553|1980]: The cache size for cosmos_cache__verdanta_stores__dbt_stores is 23579","logger":"cosmos.dbt.graph","filename":"graph.py","lineno":886}
{"timestamp":"2026-09-06T11:14:07.647481Z","level":"info","event":"Cosmos performance: Cache hit for cosmos_cache__verdanta_stores__dbt_stores - cec7d2b2130ad93ca8be26282ae433fd,288b6c4dd2d40c82d311ae7941a536c1","logger":"cosmos.dbt.graph","filename":"graph.py","lineno":898}
{"timestamp":"2026-09-06T11:14:07.647612Z","level":"info","event":"Total nodes: 27","logger":"cosmos.dbt.graph","filename":"graph.py","lineno":799}
{"timestamp":"2026-09-06T11:14:07.647674Z","level":"info","event":"Total filtered nodes: 27","logger":"cosmos.dbt.graph","filename":"graph.py","lineno":800}
{"timestamp":"2026-09-06T11:14:07.647740Z","level":"info","event":"Cosmos performance (verdanta_stores__dbt_stores) - [4daed8617553|1980]: It took 0.145s to parse the dbt project for DAG using LoadMode.DBT_LS_CACHE","logger":"cosmos.converter","filename":"converter.py","lineno":371}
{"timestamp":"2026-09-06T11:14:07.668135Z","level":"info","event":"Cosmos performance (verdanta_stores__dbt_stores) - [4daed8617553|1980]: It took 0.0203s to build the Airflow DAG.","logger":"cosmos.converter","filename":"converter.py","lineno":423}
{"timestamp":"2026-09-06T11:14:07.668292Z","level":"info","event":"::endgroup::Cosmos DAG parsing logs","logger":"cosmos.converter","filename":"converter.py","lineno":430}
{"timestamp":"2026-09-06T11:14:07.668835Z","level":"warning","event":"Using Variable.get from `airflow.models` is deprecated.Please use `get` on Variable from sdk(`airflow.sdk.Variable`) instead","category":"UserWarning","filename":"/home/airflow/.local/lib/python3.13/site-packages/airflow/models/variable.py","lineno":158,"logger":"py.warnings"}
{"timestamp":"2026-09-06T11:14:38.703132Z","level":"info","event":"Filling up the DagBag from /opt/airflow/dags/verdanta_stores.py","logger":"airflow.dag_processing.dagbag.BundleDagBag","filename":"dagbag.py","lineno":469}
{"timestamp":"2026-09-06T11:14:38.769043Z","level":"info","event":"::group::Cosmos DAG parsing logs","logger":"cosmos.converter","filename":"converter.py","lineno":321}
{"timestamp":"2026-09-06T11:14:38.772583Z","level":"info","event":"Cosmos cache dir resolved to /tmp/cosmos/verdanta_stores__dbt_stores","logger":"cosmos.converter","filename":"converter.py","lineno":346}
{"timestamp":"2026-09-06T11:14:38.772861Z","level":"info","event":"Trying to parse the dbt project using dbt ls cache cosmos_cache__verdanta_stores__dbt_stores...","logger":"cosmos.dbt.graph","filename":"graph.py","lineno":869}
{"timestamp":"2026-09-06T11:14:38.910498Z","level":"info","event":"Cosmos performance: time to calculate cache identifier cosmos_cache__verdanta_stores__dbt_stores for current version: 0.12347374499995567","logger":"cosmos.cache","filename":"cache.py","lineno":401}
{"timestamp":"2026-09-06T11:14:38.910745Z","level":"info","event":"Cosmos performance [4daed8617553|1997]: The cache size for cosmos_cache__verdanta_stores__dbt_stores is 23579","logger":"cosmos.dbt.graph","filename":"graph.py","lineno":886}
{"timestamp":"2026-09-06T11:14:38.911627Z","level":"info","event":"Cosmos performance: Cache hit for cosmos_cache__verdanta_stores__dbt_stores - cec7d2b2130ad93ca8be26282ae433fd,288b6c4dd2d40c82d311ae7941a536c1","logger":"cosmos.dbt.graph","filename":"graph.py","lineno":898}
{"timestamp":"2026-09-06T11:14:38.911752Z","level":"info","event":"Total nodes: 27","logger":"cosmos.dbt.graph","filename":"graph.py","lineno":799}
{"timestamp":"2026-09-06T11:14:38.911811Z","level":"info","event":"Total filtered nodes: 27","logger":"cosmos.dbt.graph","filename":"graph.py","lineno":800}
{"timestamp":"2026-09-06T11:14:38.911877Z","level":"info","event":"Cosmos performance (verdanta_stores__dbt_stores) - [4daed8617553|1997]: It took 0.139s to parse the dbt project for DAG using LoadMode.DBT_LS_CACHE","logger":"cosmos.converter","filename":"converter.py","lineno":371}
{"timestamp":"2026-09-06T11:14:38.932432Z","level":"info","event":"Cosmos performance (verdanta_stores__dbt_stores) - [4daed8617553|1997]: It took 0.0205s to build the Airflow DAG.","logger":"cosmos.converter","filename":"converter.py","lineno":423}
{"timestamp":"2026-09-06T11:14:38.932594Z","level":"info","event":"::endgroup::Cosmos DAG parsing logs","logger":"cosmos.converter","filename":"converter.py","lineno":430}
{"timestamp":"2026-09-06T11:14:38.933129Z","level":"warning","event":"Using Variable.get from `airflow.models` is deprecated.Please use `get` on Variable from sdk(`airflow.sdk.Variable`) instead","category":"UserWarning","filename":"/home/airflow/.local/lib/python3.13/site-packages/airflow/models/variable.py","lineno":158,"logger":"py.warnings"}
{"timestamp":"2026-09-06T11:15:09.009952Z","level":"info","event":"Filling up the DagBag from /opt/airflow/dags/verdanta_stores.py","logger":"airflow.dag_processing.dagbag.BundleDagBag","filename":"dagbag.py","lineno":469}
{"timestamp":"2026-09-06T11:15:09.075574Z","level":"info","event":"::group::Cosmos DAG parsing logs","logger":"cosmos.converter","filename":"converter.py","lineno":321}
{"timestamp":"2026-09-06T11:15:09.078827Z","level":"info","event":"Cosmos cache dir resolved to /tmp/cosmos/verdanta_stores__dbt_stores","logger":"cosmos.converter","filename":"converter.py","lineno":346}
{"timestamp":"2026-09-06T11:15:09.079042Z","level":"info","event":"Trying to parse the dbt project using dbt ls cache cosmos_cache__verdanta_stores__dbt_stores...","logger":"cosmos.dbt.graph","filename":"graph.py","lineno":869}
{"timestamp":"2026-09-06T11:15:09.219837Z","level":"info","event":"Cosmos performance: time to calculate cache identifier cosmos_cache__verdanta_stores__dbt_stores for current version: 0.12589589999970485","logger":"cosmos.cache","filename":"cache.py","lineno":401}
{"timestamp":"2026-09-06T11:15:09.220076Z","level":"info","event":"Cosmos performance [4daed8617553|2014]: The cache size for cosmos_cache__verdanta_stores__dbt_stores is 23579","logger":"cosmos.dbt.graph","filename":"graph.py","lineno":886}
{"timestamp":"2026-09-06T11:15:09.220991Z","level":"info","event":"Cosmos performance: Cache hit for cosmos_cache__verdanta_stores__dbt_stores - cec7d2b2130ad93ca8be26282ae433fd,288b6c4dd2d40c82d311ae7941a536c1","logger":"cosmos.dbt.graph","filename":"graph.py","lineno":898}
{"timestamp":"2026-09-06T11:15:09.221126Z","level":"info","event":"Total nodes: 27","logger":"cosmos.dbt.graph","filename":"graph.py","lineno":799}
{"timestamp":"2026-09-06T11:15:09.221185Z","level":"info","event":"Total filtered nodes: 27","logger":"cosmos.dbt.graph","filename":"graph.py","lineno":800}
{"timestamp":"2026-09-06T11:15:09.221248Z","level":"info","event":"Cosmos performance (verdanta_stores__dbt_stores) - [4daed8617553|2014]: It took 0.142s to parse the dbt project for DAG using LoadMode.DBT_LS_CACHE","logger":"cosmos.converter","filename":"converter.py","lineno":371}
{"timestamp":"2026-09-06T11:15:09.240724Z","level":"info","event":"Cosmos performance (verdanta_stores__dbt_stores) - [4daed8617553|2014]: It took 0.0194s to build the Airflow DAG.","logger":"cosmos.converter","filename":"converter.py","lineno":423}
{"timestamp":"2026-09-06T11:15:09.240872Z","level":"info","event":"::endgroup::Cosmos DAG parsing logs","logger":"cosmos.converter","filename":"converter.py","lineno":430}
{"timestamp":"2026-09-06T11:15:09.241391Z","level":"warning","event":"Using Variable.get from `airflow.models` is deprecated.Please use `get` on Variable from sdk(`airflow.sdk.Variable`) instead","category":"UserWarning","filename":"/home/airflow/.local/lib/python3.13/site-packages/airflow/models/variable.py","lineno":158,"logger":"py.warnings"}
{"timestamp":"2026-09-06T11:15:39.410666Z","level":"info","event":"Filling up the DagBag from /opt/airflow/dags/verdanta_stores.py","logger":"airflow.dag_processing.dagbag.BundleDagBag","filename":"dagbag.py","lineno":469}
{"timestamp":"2026-09-06T11:15:39.477877Z","level":"info","event":"::group::Cosmos DAG parsing logs","logger":"cosmos.converter","filename":"converter.py","lineno":321}
{"timestamp":"2026-09-06T11:15:39.481172Z","level":"info","event":"Cosmos cache dir resolved to /tmp/cosmos/verdanta_stores__dbt_stores","logger":"cosmos.converter","filename":"converter.py","lineno":346}
{"timestamp":"2026-09-06T11:15:39.481345Z","level":"info","event":"Trying to parse the dbt project using dbt ls cache cosmos_cache__verdanta_stores__dbt_stores...","logger":"cosmos.dbt.graph","filename":"graph.py","lineno":869}
{"timestamp":"2026-09-06T11:15:39.622391Z","level":"info","event":"Cosmos performance: time to calculate cache identifier cosmos_cache__verdanta_stores__dbt_stores for current version: 0.12550636800006032","logger":"cosmos.cache","filename":"cache.py","lineno":401}
{"timestamp":"2026-09-06T11:15:39.622615Z","level":"info","event":"Cosmos performance [4daed8617553|2031]: The cache size for cosmos_cache__verdanta_stores__dbt_stores is 23579","logger":"cosmos.dbt.graph","filename":"graph.py","lineno":886}
{"timestamp":"2026-09-06T11:15:39.623455Z","level":"info","event":"Cosmos performance: Cache hit for cosmos_cache__verdanta_stores__dbt_stores - cec7d2b2130ad93ca8be26282ae433fd,288b6c4dd2d40c82d311ae7941a536c1","logger":"cosmos.dbt.graph","filename":"graph.py","lineno":898}
{"timestamp":"2026-09-06T11:15:39.623583Z","level":"info","event":"Total nodes: 27","logger":"cosmos.dbt.graph","filename":"graph.py","lineno":799}
{"timestamp":"2026-09-06T11:15:39.623643Z","level":"info","event":"Total filtered nodes: 27","logger":"cosmos.dbt.graph","filename":"graph.py","lineno":800}
{"timestamp":"2026-09-06T11:15:39.623709Z","level":"info","event":"Cosmos performance (verdanta_stores__dbt_stores) - [4daed8617553|2031]: It took 0.142s to parse the dbt project for DAG using LoadMode.DBT_LS_CACHE","logger":"cosmos.converter","filename":"converter.py","lineno":371}
{"timestamp":"2026-09-06T11:15:39.643637Z","level":"info","event":"Cosmos performance (verdanta_stores__dbt_stores) - [4daed8617553|2031]: It took 0.0199s to build the Airflow DAG.","logger":"cosmos.converter","filename":"converter.py","lineno":423}
{"timestamp":"2026-09-06T11:15:39.643845Z","level":"info","event":"::endgroup::Cosmos DAG parsing logs","logger":"cosmos.converter","filename":"converter.py","lineno":430}
{"timestamp":"2026-09-06T11:15:39.644318Z","level":"warning","event":"Using Variable.get from `airflow.models` is deprecated.Please use `get` on Variable from sdk(`airflow.sdk.Variable`) instead","category":"UserWarning","filename":"/home/airflow/.local/lib/python3.13/site-packages/airflow/models/variable.py","lineno":158,"logger":"py.warnings"}
{"timestamp":"2026-09-06T11:16:09.759177Z","level":"info","event":"Filling up the DagBag from /opt/airflow/dags/verdanta_stores.py","logger":"airflow.dag_processing.dagbag.BundleDagBag","filename":"dagbag.py","lineno":469}
{"timestamp":"2026-09-06T11:16:09.827704Z","level":"info","event":"::group::Cosmos DAG parsing logs","logger":"cosmos.converter","filename":"converter.py","lineno":321}
{"timestamp":"2026-09-06T11:16:09.831150Z","level":"info","event":"Cosmos cache dir resolved to /tmp/cosmos/verdanta_stores__dbt_stores","logger":"cosmos.converter","filename":"converter.py","lineno":346}
{"timestamp":"2026-09-06T11:16:09.831430Z","level":"info","event":"Trying to parse the dbt project using dbt ls cache cosmos_cache__verdanta_stores__dbt_stores...","logger":"cosmos.dbt.graph","filename":"graph.py","lineno":869}
{"timestamp":"2026-09-06T11:16:09.981993Z","level":"info","event":"Cosmos performance: time to calculate cache identifier cosmos_cache__verdanta_stores__dbt_stores for current version: 0.1322134649999498","logger":"cosmos.cache","filename":"cache.py","lineno":401}
{"timestamp":"2026-09-06T11:16:09.982245Z","level":"info","event":"Cosmos performance [4daed8617553|2048]: The cache size for cosmos_cache__verdanta_stores__dbt_stores is 23579","logger":"cosmos.dbt.graph","filename":"graph.py","lineno":886}
{"timestamp":"2026-09-06T11:16:09.983122Z","level":"info","event":"Cosmos performance: Cache hit for cosmos_cache__verdanta_stores__dbt_stores - cec7d2b2130ad93ca8be26282ae433fd,288b6c4dd2d40c82d311ae7941a536c1","logger":"cosmos.dbt.graph","filename":"graph.py","lineno":898}
{"timestamp":"2026-09-06T11:16:09.983287Z","level":"info","event":"Total nodes: 27","logger":"cosmos.dbt.graph","filename":"graph.py","lineno":799}
{"timestamp":"2026-09-06T11:16:09.983353Z","level":"info","event":"Total filtered nodes: 27","logger":"cosmos.dbt.graph","filename":"graph.py","lineno":800}
{"timestamp":"2026-09-06T11:16:09.983422Z","level":"info","event":"Cosmos performance (verdanta_stores__dbt_stores) - [4daed8617553|2048]: It took 0.152s to parse the dbt project for DAG using LoadMode.DBT_LS_CACHE","logger":"cosmos.converter","filename":"converter.py","lineno":371}
{"timestamp":"2026-09-06T11:16:10.004292Z","level":"info","event":"Cosmos performance (verdanta_stores__dbt_stores) - [4daed8617553|2048]: It took 0.0208s to build the Airflow DAG.","logger":"cosmos.converter","filename":"converter.py","lineno":423}
{"timestamp":"2026-09-06T11:16:10.004465Z","level":"info","event":"::endgroup::Cosmos DAG parsing logs","logger":"cosmos.converter","filename":"converter.py","lineno":430}
{"timestamp":"2026-09-06T11:16:10.005029Z","level":"warning","event":"Using Variable.get from `airflow.models` is deprecated.Please use `get` on Variable from sdk(`airflow.sdk.Variable`) instead","category":"UserWarning","filename":"/home/airflow/.local/lib/python3.13/site-packages/airflow/models/variable.py","lineno":158,"logger":"py.warnings"}
{"timestamp":"2026-09-06T11:16:40.124706Z","level":"info","event":"Filling up the DagBag from /opt/airflow/dags/verdanta_stores.py","logger":"airflow.dag_processing.dagbag.BundleDagBag","filename":"dagbag.py","lineno":469}
{"timestamp":"2026-09-06T11:16:40.203965Z","level":"info","event":"::group::Cosmos DAG parsing logs","logger":"cosmos.converter","filename":"converter.py","lineno":321}
{"timestamp":"2026-09-06T11:16:40.207911Z","level":"info","event":"Cosmos cache dir resolved to /tmp/cosmos/verdanta_stores__dbt_stores","logger":"cosmos.converter","filename":"converter.py","lineno":346}
{"timestamp":"2026-09-06T11:16:40.208186Z","level":"info","event":"Trying to parse the dbt project using dbt ls cache cosmos_cache__verdanta_stores__dbt_stores...","logger":"cosmos.dbt.graph","filename":"graph.py","lineno":869}
{"timestamp":"2026-09-06T11:16:40.364229Z","level":"info","event":"Cosmos performance: time to calculate cache identifier cosmos_cache__verdanta_stores__dbt_stores for current version: 0.13928775000022142","logger":"cosmos.cache","filename":"cache.py","lineno":401}
{"timestamp":"2026-09-06T11:16:40.364440Z","level":"info","event":"Cosmos performance [4daed8617553|2064]: The cache size for cosmos_cache__verdanta_stores__dbt_stores is 23579","logger":"cosmos.dbt.graph","filename":"graph.py","lineno":886}
{"timestamp":"2026-09-06T11:16:40.365313Z","level":"info","event":"Cosmos performance: Cache hit for cosmos_cache__verdanta_stores__dbt_stores - cec7d2b2130ad93ca8be26282ae433fd,288b6c4dd2d40c82d311ae7941a536c1","logger":"cosmos.dbt.graph","filename":"graph.py","lineno":898}
{"timestamp":"2026-09-06T11:16:40.365543Z","level":"info","event":"Total nodes: 27","logger":"cosmos.dbt.graph","filename":"graph.py","lineno":799}
{"timestamp":"2026-09-06T11:16:40.365621Z","level":"info","event":"Total filtered nodes: 27","logger":"cosmos.dbt.graph","filename":"graph.py","lineno":800}
{"timestamp":"2026-09-06T11:16:40.365688Z","level":"info","event":"Cosmos performance (verdanta_stores__dbt_stores) - [4daed8617553|2064]: It took 0.158s to parse the dbt project for DAG using LoadMode.DBT_LS_CACHE","logger":"cosmos.converter","filename":"converter.py","lineno":371}
{"timestamp":"2026-09-06T11:16:40.387921Z","level":"info","event":"Cosmos performance (verdanta_stores__dbt_stores) - [4daed8617553|2064]: It took 0.0222s to build the Airflow DAG.","logger":"cosmos.converter","filename":"converter.py","lineno":423}
{"timestamp":"2026-09-06T11:16:40.388083Z","level":"info","event":"::endgroup::Cosmos DAG parsing logs","logger":"cosmos.converter","filename":"converter.py","lineno":430}
{"timestamp":"2026-09-06T11:16:40.388656Z","level":"warning","event":"Using Variable.get from `airflow.models` is deprecated.Please use `get` on Variable from sdk(`airflow.sdk.Variable`) instead","category":"UserWarning","filename":"/home/airflow/.local/lib/python3.13/site-packages/airflow/models/variable.py","lineno":158,"logger":"py.warnings"}
{"timestamp":"2026-09-06T11:17:10.493606Z","level":"info","event":"Filling up the DagBag from /opt/airflow/dags/verdanta_stores.py","logger":"airflow.dag_processing.dagbag.BundleDagBag","filename":"dagbag.py","lineno":469}
{"timestamp":"2026-09-06T11:17:10.558144Z","level":"info","event":"::group::Cosmos DAG parsing logs","logger":"cosmos.converter","filename":"converter.py","lineno":321}
{"timestamp":"2026-09-06T11:17:10.561786Z","level":"info","event":"Cosmos cache dir resolved to /tmp/cosmos/verdanta_stores__dbt_stores","logger":"cosmos.converter","filename":"converter.py","lineno":346}
{"timestamp":"2026-09-06T11:17:10.562001Z","level":"info","event":"Trying to parse the dbt project using dbt ls cache cosmos_cache__verdanta_stores__dbt_stores...","logger":"cosmos.dbt.graph","filename":"graph.py","lineno":869}
{"timestamp":"2026-09-06T11:17:10.704130Z","level":"info","event":"Cosmos performance: time to calculate cache identifier cosmos_cache__verdanta_stores__dbt_stores for current version: 0.12759878299993943","logger":"cosmos.cache","filename":"cache.py","lineno":401}
{"timestamp":"2026-09-06T11:17:10.704396Z","level":"info","event":"Cosmos performance [4daed8617553|2074]: The cache size for cosmos_cache__verdanta_stores__dbt_stores is 23579","logger":"cosmos.dbt.graph","filename":"graph.py","lineno":886}
{"timestamp":"2026-09-06T11:17:10.705226Z","level":"info","event":"Cosmos performance: Cache hit for cosmos_cache__verdanta_stores__dbt_stores - cec7d2b2130ad93ca8be26282ae433fd,288b6c4dd2d40c82d311ae7941a536c1","logger":"cosmos.dbt.graph","filename":"graph.py","lineno":898}
{"timestamp":"2026-09-06T11:17:10.705365Z","level":"info","event":"Total nodes: 27","logger":"cosmos.dbt.graph","filename":"graph.py","lineno":799}
{"timestamp":"2026-09-06T11:17:10.705425Z","level":"info","event":"Total filtered nodes: 27","logger":"cosmos.dbt.graph","filename":"graph.py","lineno":800}
{"timestamp":"2026-09-06T11:17:10.705491Z","level":"info","event":"Cosmos performance (verdanta_stores__dbt_stores) - [4daed8617553|2074]: It took 0.144s to parse the dbt project for DAG using LoadMode.DBT_LS_CACHE","logger":"cosmos.converter","filename":"converter.py","lineno":371}
{"timestamp":"2026-09-06T11:17:10.725551Z","level":"info","event":"Cosmos performance (verdanta_stores__dbt_stores) - [4daed8617553|2074]: It took 0.02s to build the Airflow DAG.","logger":"cosmos.converter","filename":"converter.py","lineno":423}
{"timestamp":"2026-09-06T11:17:10.725709Z","level":"info","event":"::endgroup::Cosmos DAG parsing logs","logger":"cosmos.converter","filename":"converter.py","lineno":430}
{"timestamp":"2026-09-06T11:17:10.726177Z","level":"warning","event":"Using Variable.get from `airflow.models` is deprecated.Please use `get` on Variable from sdk(`airflow.sdk.Variable`) instead","category":"UserWarning","filename":"/home/airflow/.local/lib/python3.13/site-packages/airflow/models/variable.py","lineno":158,"logger":"py.warnings"}
{"timestamp":"2026-09-06T11:17:41.386563Z","level":"info","event":"Filling up the DagBag from /opt/airflow/dags/verdanta_stores.py","logger":"airflow.dag_processing.dagbag.BundleDagBag","filename":"dagbag.py","lineno":469}
{"timestamp":"2026-09-06T11:17:41.463736Z","level":"info","event":"::group::Cosmos DAG parsing logs","logger":"cosmos.converter","filename":"converter.py","lineno":321}
{"timestamp":"2026-09-06T11:17:41.468152Z","level":"info","event":"Cosmos cache dir resolved to /tmp/cosmos/verdanta_stores__dbt_stores","logger":"cosmos.converter","filename":"converter.py","lineno":346}
{"timestamp":"2026-09-06T11:17:41.468414Z","level":"info","event":"Trying to parse the dbt project using dbt ls cache cosmos_cache__verdanta_stores__dbt_stores...","logger":"cosmos.dbt.graph","filename":"graph.py","lineno":869}
{"timestamp":"2026-09-06T11:17:41.635563Z","level":"info","event":"Cosmos performance: time to calculate cache identifier cosmos_cache__verdanta_stores__dbt_stores for current version: 0.15101662699998997","logger":"cosmos.cache","filename":"cache.py","lineno":401}
{"timestamp":"2026-09-06T11:17:41.635866Z","level":"info","event":"Cosmos performance [4daed8617553|2088]: The cache size for cosmos_cache__verdanta_stores__dbt_stores is 23579","logger":"cosmos.dbt.graph","filename":"graph.py","lineno":886}
{"timestamp":"2026-09-06T11:17:41.637353Z","level":"info","event":"Cosmos performance: Cache hit for cosmos_cache__verdanta_stores__dbt_stores - cec7d2b2130ad93ca8be26282ae433fd,288b6c4dd2d40c82d311ae7941a536c1","logger":"cosmos.dbt.graph","filename":"graph.py","lineno":898}
{"timestamp":"2026-09-06T11:17:41.637622Z","level":"info","event":"Total nodes: 27","logger":"cosmos.dbt.graph","filename":"graph.py","lineno":799}
{"timestamp":"2026-09-06T11:17:41.637764Z","level":"info","event":"Total filtered nodes: 27","logger":"cosmos.dbt.graph","filename":"graph.py","lineno":800}
{"timestamp":"2026-09-06T11:17:41.637892Z","level":"info","event":"Cosmos performance (verdanta_stores__dbt_stores) - [4daed8617553|2088]: It took 0.17s to parse the dbt project for DAG using LoadMode.DBT_LS_CACHE","logger":"cosmos.converter","filename":"converter.py","lineno":371}
{"timestamp":"2026-09-06T11:17:41.662127Z","level":"info","event":"Cosmos performance (verdanta_stores__dbt_stores) - [4daed8617553|2088]: It took 0.0242s to build the Airflow DAG.","logger":"cosmos.converter","filename":"converter.py","lineno":423}
{"timestamp":"2026-09-06T11:17:41.662276Z","level":"info","event":"::endgroup::Cosmos DAG parsing logs","logger":"cosmos.converter","filename":"converter.py","lineno":430}
{"timestamp":"2026-09-06T11:17:41.662768Z","level":"warning","event":"Using Variable.get from `airflow.models` is deprecated.Please use `get` on Variable from sdk(`airflow.sdk.Variable`) instead","category":"UserWarning","filename":"/home/airflow/.local/lib/python3.13/site-packages/airflow/models/variable.py","lineno":158,"logger":"py.warnings"}
{"timestamp":"2026-09-06T11:18:12.452376Z","level":"info","event":"Filling up the DagBag from /opt/airflow/dags/verdanta_stores.py","logger":"airflow.dag_processing.dagbag.BundleDagBag","filename":"dagbag.py","lineno":469}
{"timestamp":"2026-09-06T11:18:12.529628Z","level":"info","event":"::group::Cosmos DAG parsing logs","logger":"cosmos.converter","filename":"converter.py","lineno":321}
{"timestamp":"2026-09-06T11:18:12.533510Z","level":"info","event":"Cosmos cache dir resolved to /tmp/cosmos/verdanta_stores__dbt_stores","logger":"cosmos.converter","filename":"converter.py","lineno":346}
{"timestamp":"2026-09-06T11:18:12.533883Z","level":"info","event":"Trying to parse the dbt project using dbt ls cache cosmos_cache__verdanta_stores__dbt_stores...","logger":"cosmos.dbt.graph","filename":"graph.py","lineno":869}
{"timestamp":"2026-09-06T11:18:12.681226Z","level":"info","event":"Cosmos performance: time to calculate cache identifier cosmos_cache__verdanta_stores__dbt_stores for current version: 0.1295763549996991","logger":"cosmos.cache","filename":"cache.py","lineno":401}
{"timestamp":"2026-09-06T11:18:12.681464Z","level":"info","event":"Cosmos performance [4daed8617553|2105]: The cache size for cosmos_cache__verdanta_stores__dbt_stores is 23579","logger":"cosmos.dbt.graph","filename":"graph.py","lineno":886}
{"timestamp":"2026-09-06T11:18:12.682506Z","level":"info","event":"Cosmos performance: Cache hit for cosmos_cache__verdanta_stores__dbt_stores - cec7d2b2130ad93ca8be26282ae433fd,288b6c4dd2d40c82d311ae7941a536c1","logger":"cosmos.dbt.graph","filename":"graph.py","lineno":898}
{"timestamp":"2026-09-06T11:18:12.682650Z","level":"info","event":"Total nodes: 27","logger":"cosmos.dbt.graph","filename":"graph.py","lineno":799}
{"timestamp":"2026-09-06T11:18:12.682722Z","level":"info","event":"Total filtered nodes: 27","logger":"cosmos.dbt.graph","filename":"graph.py","lineno":800}
{"timestamp":"2026-09-06T11:18:12.682807Z","level":"info","event":"Cosmos performance (verdanta_stores__dbt_stores) - [4daed8617553|2105]: It took 0.149s to parse the dbt project for DAG using LoadMode.DBT_LS_CACHE","logger":"cosmos.converter","filename":"converter.py","lineno":371}
{"timestamp":"2026-09-06T11:18:12.704831Z","level":"info","event":"Cosmos performance (verdanta_stores__dbt_stores) - [4daed8617553|2105]: It took 0.022s to build the Airflow DAG.","logger":"cosmos.converter","filename":"converter.py","lineno":423}
{"timestamp":"2026-09-06T11:18:12.704984Z","level":"info","event":"::endgroup::Cosmos DAG parsing logs","logger":"cosmos.converter","filename":"converter.py","lineno":430}
{"timestamp":"2026-09-06T11:18:12.705587Z","level":"warning","event":"Using Variable.get from `airflow.models` is deprecated.Please use `get` on Variable from sdk(`airflow.sdk.Variable`) instead","category":"UserWarning","filename":"/home/airflow/.local/lib/python3.13/site-packages/airflow/models/variable.py","lineno":158,"logger":"py.warnings"}
{"timestamp":"2026-09-06T11:18:43.461404Z","level":"info","event":"Filling up the DagBag from /opt/airflow/dags/verdanta_stores.py","logger":"airflow.dag_processing.dagbag.BundleDagBag","filename":"dagbag.py","lineno":469}
{"timestamp":"2026-09-06T11:18:43.548473Z","level":"info","event":"::group::Cosmos DAG parsing logs","logger":"cosmos.converter","filename":"converter.py","lineno":321}
{"timestamp":"2026-09-06T11:18:43.553036Z","level":"info","event":"Cosmos cache dir resolved to /tmp/cosmos/verdanta_stores__dbt_stores","logger":"cosmos.converter","filename":"converter.py","lineno":346}
{"timestamp":"2026-09-06T11:18:43.553240Z","level":"info","event":"Trying to parse the dbt project using dbt ls cache cosmos_cache__verdanta_stores__dbt_stores...","logger":"cosmos.dbt.graph","filename":"graph.py","lineno":869}
{"timestamp":"2026-09-06T11:18:43.697843Z","level":"info","event":"Cosmos performance: time to calculate cache identifier cosmos_cache__verdanta_stores__dbt_stores for current version: 0.1295548329999292","logger":"cosmos.cache","filename":"cache.py","lineno":401}
{"timestamp":"2026-09-06T11:18:43.698121Z","level":"info","event":"Cosmos performance [4daed8617553|2122]: The cache size for cosmos_cache__verdanta_stores__dbt_stores is 23579","logger":"cosmos.dbt.graph","filename":"graph.py","lineno":886}
{"timestamp":"2026-09-06T11:18:43.699310Z","level":"info","event":"Cosmos performance: Cache hit for cosmos_cache__verdanta_stores__dbt_stores - cec7d2b2130ad93ca8be26282ae433fd,288b6c4dd2d40c82d311ae7941a536c1","logger":"cosmos.dbt.graph","filename":"graph.py","lineno":898}
{"timestamp":"2026-09-06T11:18:43.699468Z","level":"info","event":"Total nodes: 27","logger":"cosmos.dbt.graph","filename":"graph.py","lineno":799}
{"timestamp":"2026-09-06T11:18:43.699588Z","level":"info","event":"Total filtered nodes: 27","logger":"cosmos.dbt.graph","filename":"graph.py","lineno":800}
{"timestamp":"2026-09-06T11:18:43.699676Z","level":"info","event":"Cosmos performance (verdanta_stores__dbt_stores) - [4daed8617553|2122]: It took 0.146s to parse the dbt project for DAG using LoadMode.DBT_LS_CACHE","logger":"cosmos.converter","filename":"converter.py","lineno":371}
{"timestamp":"2026-09-06T11:18:43.723574Z","level":"info","event":"Cosmos performance (verdanta_stores__dbt_stores) - [4daed8617553|2122]: It took 0.0239s to build the Airflow DAG.","logger":"cosmos.converter","filename":"converter.py","lineno":423}
{"timestamp":"2026-09-06T11:18:43.723759Z","level":"info","event":"::endgroup::Cosmos DAG parsing logs","logger":"cosmos.converter","filename":"converter.py","lineno":430}
{"timestamp":"2026-09-06T11:18:43.724517Z","level":"warning","event":"Using Variable.get from `airflow.models` is deprecated.Please use `get` on Variable from sdk(`airflow.sdk.Variable`) instead","category":"UserWarning","filename":"/home/airflow/.local/lib/python3.13/site-packages/airflow/models/variable.py","lineno":158,"logger":"py.warnings"}
{"timestamp":"2026-09-06T11:19:14.457782Z","level":"info","event":"Filling up the DagBag from /opt/airflow/dags/verdanta_stores.py","logger":"airflow.dag_processing.dagbag.BundleDagBag","filename":"dagbag.py","lineno":469}
{"timestamp":"2026-09-06T11:19:14.534507Z","level":"info","event":"::group::Cosmos DAG parsing logs","logger":"cosmos.converter","filename":"converter.py","lineno":321}
{"timestamp":"2026-09-06T11:19:14.539753Z","level":"info","event":"Cosmos cache dir resolved to /tmp/cosmos/verdanta_stores__dbt_stores","logger":"cosmos.converter","filename":"converter.py","lineno":346}
{"timestamp":"2026-09-06T11:19:14.540084Z","level":"info","event":"Trying to parse the dbt project using dbt ls cache cosmos_cache__verdanta_stores__dbt_stores...","logger":"cosmos.dbt.graph","filename":"graph.py","lineno":869}
{"timestamp":"2026-09-06T11:19:14.686650Z","level":"info","event":"Cosmos performance: time to calculate cache identifier cosmos_cache__verdanta_stores__dbt_stores for current version: 0.12955489200021475","logger":"cosmos.cache","filename":"cache.py","lineno":401}
{"timestamp":"2026-09-06T11:19:14.687036Z","level":"info","event":"Cosmos performance [4daed8617553|2139]: The cache size for cosmos_cache__verdanta_stores__dbt_stores is 23579","logger":"cosmos.dbt.graph","filename":"graph.py","lineno":886}
{"timestamp":"2026-09-06T11:19:14.688565Z","level":"info","event":"Cosmos performance: Cache hit for cosmos_cache__verdanta_stores__dbt_stores - cec7d2b2130ad93ca8be26282ae433fd,288b6c4dd2d40c82d311ae7941a536c1","logger":"cosmos.dbt.graph","filename":"graph.py","lineno":898}
{"timestamp":"2026-09-06T11:19:14.688765Z","level":"info","event":"Total nodes: 27","logger":"cosmos.dbt.graph","filename":"graph.py","lineno":799}
{"timestamp":"2026-09-06T11:19:14.688855Z","level":"info","event":"Total filtered nodes: 27","logger":"cosmos.dbt.graph","filename":"graph.py","lineno":800}
{"timestamp":"2026-09-06T11:19:14.688934Z","level":"info","event":"Cosmos performance (verdanta_stores__dbt_stores) - [4daed8617553|2139]: It took 0.149s to parse the dbt project for DAG using LoadMode.DBT_LS_CACHE","logger":"cosmos.converter","filename":"converter.py","lineno":371}
{"timestamp":"2026-09-06T11:19:14.711810Z","level":"info","event":"Cosmos performance (verdanta_stores__dbt_stores) - [4daed8617553|2139]: It took 0.0228s to build the Airflow DAG.","logger":"cosmos.converter","filename":"converter.py","lineno":423}
{"timestamp":"2026-09-06T11:19:14.711975Z","level":"info","event":"::endgroup::Cosmos DAG parsing logs","logger":"cosmos.converter","filename":"converter.py","lineno":430}
{"timestamp":"2026-09-06T11:19:14.712532Z","level":"warning","event":"Using Variable.get from `airflow.models` is deprecated.Please use `get` on Variable from sdk(`airflow.sdk.Variable`) instead","category":"UserWarning","filename":"/home/airflow/.local/lib/python3.13/site-packages/airflow/models/variable.py","lineno":158,"logger":"py.warnings"}
{"timestamp":"2026-09-06T11:19:45.516700Z","level":"info","event":"Filling up the DagBag from /opt/airflow/dags/verdanta_stores.py","logger":"airflow.dag_processing.dagbag.BundleDagBag","filename":"dagbag.py","lineno":469}
{"timestamp":"2026-09-06T11:19:45.615429Z","level":"info","event":"::group::Cosmos DAG parsing logs","logger":"cosmos.converter","filename":"converter.py","lineno":321}
{"timestamp":"2026-09-06T11:19:45.621788Z","level":"info","event":"Cosmos cache dir resolved to /tmp/cosmos/verdanta_stores__dbt_stores","logger":"cosmos.converter","filename":"converter.py","lineno":346}
{"timestamp":"2026-09-06T11:19:45.622044Z","level":"info","event":"Trying to parse the dbt project using dbt ls cache cosmos_cache__verdanta_stores__dbt_stores...","logger":"cosmos.dbt.graph","filename":"graph.py","lineno":869}
{"timestamp":"2026-09-06T11:19:45.771441Z","level":"info","event":"Cosmos performance: time to calculate cache identifier cosmos_cache__verdanta_stores__dbt_stores for current version: 0.13228179699990505","logger":"cosmos.cache","filename":"cache.py","lineno":401}
{"timestamp":"2026-09-06T11:19:45.771698Z","level":"info","event":"Cosmos performance [4daed8617553|2156]: The cache size for cosmos_cache__verdanta_stores__dbt_stores is 23579","logger":"cosmos.dbt.graph","filename":"graph.py","lineno":886}
{"timestamp":"2026-09-06T11:19:45.772816Z","level":"info","event":"Cosmos performance: Cache hit for cosmos_cache__verdanta_stores__dbt_stores - cec7d2b2130ad93ca8be26282ae433fd,288b6c4dd2d40c82d311ae7941a536c1","logger":"cosmos.dbt.graph","filename":"graph.py","lineno":898}
{"timestamp":"2026-09-06T11:19:45.772966Z","level":"info","event":"Total nodes: 27","logger":"cosmos.dbt.graph","filename":"graph.py","lineno":799}
{"timestamp":"2026-09-06T11:19:45.773030Z","level":"info","event":"Total filtered nodes: 27","logger":"cosmos.dbt.graph","filename":"graph.py","lineno":800}
{"timestamp":"2026-09-06T11:19:45.773109Z","level":"info","event":"Cosmos performance (verdanta_stores__dbt_stores) - [4daed8617553|2156]: It took 0.151s to parse the dbt project for DAG using LoadMode.DBT_LS_CACHE","logger":"cosmos.converter","filename":"converter.py","lineno":371}
{"timestamp":"2026-09-06T11:19:45.796611Z","level":"info","event":"Cosmos performance (verdanta_stores__dbt_stores) - [4daed8617553|2156]: It took 0.0234s to build the Airflow DAG.","logger":"cosmos.converter","filename":"converter.py","lineno":423}
{"timestamp":"2026-09-06T11:19:45.796798Z","level":"info","event":"::endgroup::Cosmos DAG parsing logs","logger":"cosmos.converter","filename":"converter.py","lineno":430}
{"timestamp":"2026-09-06T11:19:45.797385Z","level":"warning","event":"Using Variable.get from `airflow.models` is deprecated.Please use `get` on Variable from sdk(`airflow.sdk.Variable`) instead","category":"UserWarning","filename":"/home/airflow/.local/lib/python3.13/site-packages/airflow/models/variable.py","lineno":158,"logger":"py.warnings"}
{"timestamp":"2026-09-06T11:20:16.544613Z","level":"info","event":"Filling up the DagBag from /opt/airflow/dags/verdanta_stores.py","logger":"airflow.dag_processing.dagbag.BundleDagBag","filename":"dagbag.py","lineno":469}
{"timestamp":"2026-09-06T11:20:16.626948Z","level":"info","event":"::group::Cosmos DAG parsing logs","logger":"cosmos.converter","filename":"converter.py","lineno":321}
{"timestamp":"2026-09-06T11:20:16.631738Z","level":"info","event":"Cosmos cache dir resolved to /tmp/cosmos/verdanta_stores__dbt_stores","logger":"cosmos.converter","filename":"converter.py","lineno":346}
{"timestamp":"2026-09-06T11:20:16.632002Z","level":"info","event":"Trying to parse the dbt project using dbt ls cache cosmos_cache__verdanta_stores__dbt_stores...","logger":"cosmos.dbt.graph","filename":"graph.py","lineno":869}
{"timestamp":"2026-09-06T11:20:16.776888Z","level":"info","event":"Cosmos performance: time to calculate cache identifier cosmos_cache__verdanta_stores__dbt_stores for current version: 0.1288364269998965","logger":"cosmos.cache","filename":"cache.py","lineno":401}
{"timestamp":"2026-09-06T11:20:16.777146Z","level":"info","event":"Cosmos performance [4daed8617553|2173]: The cache size for cosmos_cache__verdanta_stores__dbt_stores is 23579","logger":"cosmos.dbt.graph","filename":"graph.py","lineno":886}
{"timestamp":"2026-09-06T11:20:16.778102Z","level":"info","event":"Cosmos performance: Cache hit for cosmos_cache__verdanta_stores__dbt_stores - cec7d2b2130ad93ca8be26282ae433fd,288b6c4dd2d40c82d311ae7941a536c1","logger":"cosmos.dbt.graph","filename":"graph.py","lineno":898}
{"timestamp":"2026-09-06T11:20:16.778289Z","level":"info","event":"Total nodes: 27","logger":"cosmos.dbt.graph","filename":"graph.py","lineno":799}
{"timestamp":"2026-09-06T11:20:16.778365Z","level":"info","event":"Total filtered nodes: 27","logger":"cosmos.dbt.graph","filename":"graph.py","lineno":800}
{"timestamp":"2026-09-06T11:20:16.778435Z","level":"info","event":"Cosmos performance (verdanta_stores__dbt_stores) - [4daed8617553|2173]: It took 0.147s to parse the dbt project for DAG using LoadMode.DBT_LS_CACHE","logger":"cosmos.converter","filename":"converter.py","lineno":371}
{"timestamp":"2026-09-06T11:20:16.801209Z","level":"info","event":"Cosmos performance (verdanta_stores__dbt_stores) - [4daed8617553|2173]: It took 0.0227s to build the Airflow DAG.","logger":"cosmos.converter","filename":"converter.py","lineno":423}
{"timestamp":"2026-09-06T11:20:16.801345Z","level":"info","event":"::endgroup::Cosmos DAG parsing logs","logger":"cosmos.converter","filename":"converter.py","lineno":430}
{"timestamp":"2026-09-06T11:20:16.801881Z","level":"warning","event":"Using Variable.get from `airflow.models` is deprecated.Please use `get` on Variable from sdk(`airflow.sdk.Variable`) instead","category":"UserWarning","filename":"/home/airflow/.local/lib/python3.13/site-packages/airflow/models/variable.py","lineno":158,"logger":"py.warnings"}
{"timestamp":"2026-09-06T11:20:47.612927Z","level":"info","event":"Filling up the DagBag from /opt/airflow/dags/verdanta_stores.py","logger":"airflow.dag_processing.dagbag.BundleDagBag","filename":"dagbag.py","lineno":469}
{"timestamp":"2026-09-06T11:20:47.712571Z","level":"info","event":"::group::Cosmos DAG parsing logs","logger":"cosmos.converter","filename":"converter.py","lineno":321}
{"timestamp":"2026-09-06T11:20:47.718128Z","level":"info","event":"Cosmos cache dir resolved to /tmp/cosmos/verdanta_stores__dbt_stores","logger":"cosmos.converter","filename":"converter.py","lineno":346}
{"timestamp":"2026-09-06T11:20:47.718382Z","level":"info","event":"Trying to parse the dbt project using dbt ls cache cosmos_cache__verdanta_stores__dbt_stores...","logger":"cosmos.dbt.graph","filename":"graph.py","lineno":869}
{"timestamp":"2026-09-06T11:20:47.891903Z","level":"info","event":"Cosmos performance: time to calculate cache identifier cosmos_cache__verdanta_stores__dbt_stores for current version: 0.15411920299993653","logger":"cosmos.cache","filename":"cache.py","lineno":401}
{"timestamp":"2026-09-06T11:20:47.892157Z","level":"info","event":"Cosmos performance [4daed8617553|2190]: The cache size for cosmos_cache__verdanta_stores__dbt_stores is 23579","logger":"cosmos.dbt.graph","filename":"graph.py","lineno":886}
{"timestamp":"2026-09-06T11:20:47.893129Z","level":"info","event":"Cosmos performance: Cache hit for cosmos_cache__verdanta_stores__dbt_stores - cec7d2b2130ad93ca8be26282ae433fd,288b6c4dd2d40c82d311ae7941a536c1","logger":"cosmos.dbt.graph","filename":"graph.py","lineno":898}
{"timestamp":"2026-09-06T11:20:47.893282Z","level":"info","event":"Total nodes: 27","logger":"cosmos.dbt.graph","filename":"graph.py","lineno":799}
{"timestamp":"2026-09-06T11:20:47.893369Z","level":"info","event":"Total filtered nodes: 27","logger":"cosmos.dbt.graph","filename":"graph.py","lineno":800}
{"timestamp":"2026-09-06T11:20:47.893477Z","level":"info","event":"Cosmos performance (verdanta_stores__dbt_stores) - [4daed8617553|2190]: It took 0.175s to parse the dbt project for DAG using LoadMode.DBT_LS_CACHE","logger":"cosmos.converter","filename":"converter.py","lineno":371}
{"timestamp":"2026-09-06T11:20:47.917411Z","level":"info","event":"Cosmos performance (verdanta_stores__dbt_stores) - [4daed8617553|2190]: It took 0.0239s to build the Airflow DAG.","logger":"cosmos.converter","filename":"converter.py","lineno":423}
{"timestamp":"2026-09-06T11:20:47.917584Z","level":"info","event":"::endgroup::Cosmos DAG parsing logs","logger":"cosmos.converter","filename":"converter.py","lineno":430}
{"timestamp":"2026-09-06T11:20:47.918142Z","level":"warning","event":"Using Variable.get from `airflow.models` is deprecated.Please use `get` on Variable from sdk(`airflow.sdk.Variable`) instead","category":"UserWarning","filename":"/home/airflow/.local/lib/python3.13/site-packages/airflow/models/variable.py","lineno":158,"logger":"py.warnings"}
