{"timestamp":"2026-08-28T11:23:40.101515Z","level":"info","event":"Filling up the DagBag from /opt/airflow/dags/verdanta_daily.py","logger":"airflow.dag_processing.dagbag.BundleDagBag","filename":"dagbag.py","lineno":469}
{"timestamp":"2026-08-28T11:23:43.391168Z","level":"warning","event":"Skipping masking for a secret as it's too short (<5 chars)","logger":"airflow.sdk._shared.secrets_masker.secrets_masker","filename":"secrets_masker.py","lineno":577}
{"timestamp":"2026-08-28T11:23:43.414882Z","level":"info","event":"::group::Cosmos DAG parsing logs","logger":"cosmos.converter","filename":"converter.py","lineno":321}
{"timestamp":"2026-08-28T11:23:43.423368Z","level":"info","event":"Cosmos cache dir resolved to /tmp/cosmos/verdanta_daily__dbt_daily","logger":"cosmos.converter","filename":"converter.py","lineno":346}
{"timestamp":"2026-08-28T11:23:43.423660Z","level":"info","event":"Trying to parse the dbt project using dbt ls cache cosmos_cache__verdanta_daily__dbt_daily...","logger":"cosmos.dbt.graph","filename":"graph.py","lineno":869}
{"timestamp":"2026-08-28T11:23:43.644538Z","level":"info","event":"Cosmos performance: time to calculate cache identifier cosmos_cache__verdanta_daily__dbt_daily for current version: 0.19615357200001426","logger":"cosmos.cache","filename":"cache.py","lineno":401}
{"timestamp":"2026-08-28T11:23:43.644942Z","level":"info","event":"Cosmos performance [46e70e30ac03|32]: The cache size for cosmos_cache__verdanta_daily__dbt_daily is 81421","logger":"cosmos.dbt.graph","filename":"graph.py","lineno":886}
{"timestamp":"2026-08-28T11:23:43.648798Z","level":"info","event":"Cosmos performance: Cache hit for cosmos_cache__verdanta_daily__dbt_daily - 7ef252dbf94f4e7f8dda113986a456cc,ff67f1985ea8a9c639de2e1985ae4cf7","logger":"cosmos.dbt.graph","filename":"graph.py","lineno":898}
{"timestamp":"2026-08-28T11:23:43.649237Z","level":"info","event":"Total nodes: 91","logger":"cosmos.dbt.graph","filename":"graph.py","lineno":799}
{"timestamp":"2026-08-28T11:23:43.649392Z","level":"info","event":"Total filtered nodes: 91","logger":"cosmos.dbt.graph","filename":"graph.py","lineno":800}
{"timestamp":"2026-08-28T11:23:43.649554Z","level":"info","event":"Cosmos performance (verdanta_daily__dbt_daily) - [46e70e30ac03|32]: It took 0.226s to parse the dbt project for DAG using LoadMode.DBT_LS_CACHE","logger":"cosmos.converter","filename":"converter.py","lineno":371}
{"timestamp":"2026-08-28T11:23:43.763547Z","level":"info","event":"Cosmos performance (verdanta_daily__dbt_daily) - [46e70e30ac03|32]: It took 0.114s to build the Airflow DAG.","logger":"cosmos.converter","filename":"converter.py","lineno":423}
{"timestamp":"2026-08-28T11:23:43.763691Z","level":"info","event":"::endgroup::Cosmos DAG parsing logs","logger":"cosmos.converter","filename":"converter.py","lineno":430}
{"timestamp":"2026-08-28T11:23:43.764558Z","level":"warning","event":"Using Variable.get from `airflow.models` is deprecated.Please use `get` on Variable from sdk(`airflow.sdk.Variable`) instead","category":"UserWarning","filename":"/home/airflow/.local/lib/python3.13/site-packages/airflow/models/variable.py","lineno":158,"logger":"py.warnings"}
{"timestamp":"2026-08-28T11:24:14.441849Z","level":"info","event":"Filling up the DagBag from /opt/airflow/dags/verdanta_daily.py","logger":"airflow.dag_processing.dagbag.BundleDagBag","filename":"dagbag.py","lineno":469}
{"timestamp":"2026-08-28T11:24:14.614991Z","level":"info","event":"::group::Cosmos DAG parsing logs","logger":"cosmos.converter","filename":"converter.py","lineno":321}
{"timestamp":"2026-08-28T11:24:14.629094Z","level":"info","event":"Cosmos cache dir resolved to /tmp/cosmos/verdanta_daily__dbt_daily","logger":"cosmos.converter","filename":"converter.py","lineno":346}
{"timestamp":"2026-08-28T11:24:14.629600Z","level":"info","event":"Trying to parse the dbt project using dbt ls cache cosmos_cache__verdanta_daily__dbt_daily...","logger":"cosmos.dbt.graph","filename":"graph.py","lineno":869}
{"timestamp":"2026-08-28T11:24:14.846315Z","level":"info","event":"Cosmos performance: time to calculate cache identifier cosmos_cache__verdanta_daily__dbt_daily for current version: 0.18929769499999338","logger":"cosmos.cache","filename":"cache.py","lineno":401}
{"timestamp":"2026-08-28T11:24:14.846697Z","level":"info","event":"Cosmos performance [46e70e30ac03|83]: The cache size for cosmos_cache__verdanta_daily__dbt_daily is 81421","logger":"cosmos.dbt.graph","filename":"graph.py","lineno":886}
{"timestamp":"2026-08-28T11:24:14.850355Z","level":"info","event":"Cosmos performance: Cache hit for cosmos_cache__verdanta_daily__dbt_daily - 7ef252dbf94f4e7f8dda113986a456cc,ff67f1985ea8a9c639de2e1985ae4cf7","logger":"cosmos.dbt.graph","filename":"graph.py","lineno":898}
{"timestamp":"2026-08-28T11:24:14.850596Z","level":"info","event":"Total nodes: 91","logger":"cosmos.dbt.graph","filename":"graph.py","lineno":799}
{"timestamp":"2026-08-28T11:24:14.850697Z","level":"info","event":"Total filtered nodes: 91","logger":"cosmos.dbt.graph","filename":"graph.py","lineno":800}
{"timestamp":"2026-08-28T11:24:14.850776Z","level":"info","event":"Cosmos performance (verdanta_daily__dbt_daily) - [46e70e30ac03|83]: It took 0.221s to parse the dbt project for DAG using LoadMode.DBT_LS_CACHE","logger":"cosmos.converter","filename":"converter.py","lineno":371}
{"timestamp":"2026-08-28T11:24:14.966122Z","level":"info","event":"Cosmos performance (verdanta_daily__dbt_daily) - [46e70e30ac03|83]: It took 0.115s to build the Airflow DAG.","logger":"cosmos.converter","filename":"converter.py","lineno":423}
{"timestamp":"2026-08-28T11:24:14.966304Z","level":"info","event":"::endgroup::Cosmos DAG parsing logs","logger":"cosmos.converter","filename":"converter.py","lineno":430}
{"timestamp":"2026-08-28T11:24:14.967137Z","level":"warning","event":"Using Variable.get from `airflow.models` is deprecated.Please use `get` on Variable from sdk(`airflow.sdk.Variable`) instead","category":"UserWarning","filename":"/home/airflow/.local/lib/python3.13/site-packages/airflow/models/variable.py","lineno":158,"logger":"py.warnings"}
{"timestamp":"2026-08-28T11:24:45.311211Z","level":"info","event":"Filling up the DagBag from /opt/airflow/dags/verdanta_daily.py","logger":"airflow.dag_processing.dagbag.BundleDagBag","filename":"dagbag.py","lineno":469}
{"timestamp":"2026-08-28T11:24:45.379424Z","level":"info","event":"::group::Cosmos DAG parsing logs","logger":"cosmos.converter","filename":"converter.py","lineno":321}
{"timestamp":"2026-08-28T11:24:45.382779Z","level":"info","event":"Cosmos cache dir resolved to /tmp/cosmos/verdanta_daily__dbt_daily","logger":"cosmos.converter","filename":"converter.py","lineno":346}
{"timestamp":"2026-08-28T11:24:45.382986Z","level":"info","event":"Trying to parse the dbt project using dbt ls cache cosmos_cache__verdanta_daily__dbt_daily...","logger":"cosmos.dbt.graph","filename":"graph.py","lineno":869}
{"timestamp":"2026-08-28T11:24:45.527784Z","level":"info","event":"Cosmos performance: time to calculate cache identifier cosmos_cache__verdanta_daily__dbt_daily for current version: 0.12663596200002303","logger":"cosmos.cache","filename":"cache.py","lineno":401}
{"timestamp":"2026-08-28T11:24:45.528055Z","level":"info","event":"Cosmos performance [46e70e30ac03|112]: The cache size for cosmos_cache__verdanta_daily__dbt_daily is 81421","logger":"cosmos.dbt.graph","filename":"graph.py","lineno":886}
{"timestamp":"2026-08-28T11:24:45.530769Z","level":"info","event":"Cosmos performance: Cache hit for cosmos_cache__verdanta_daily__dbt_daily - 7ef252dbf94f4e7f8dda113986a456cc,ff67f1985ea8a9c639de2e1985ae4cf7","logger":"cosmos.dbt.graph","filename":"graph.py","lineno":898}
{"timestamp":"2026-08-28T11:24:45.530948Z","level":"info","event":"Total nodes: 91","logger":"cosmos.dbt.graph","filename":"graph.py","lineno":799}
{"timestamp":"2026-08-28T11:24:45.531011Z","level":"info","event":"Total filtered nodes: 91","logger":"cosmos.dbt.graph","filename":"graph.py","lineno":800}
{"timestamp":"2026-08-28T11:24:45.531075Z","level":"info","event":"Cosmos performance (verdanta_daily__dbt_daily) - [46e70e30ac03|112]: It took 0.148s to parse the dbt project for DAG using LoadMode.DBT_LS_CACHE","logger":"cosmos.converter","filename":"converter.py","lineno":371}
{"timestamp":"2026-08-28T11:24:45.606632Z","level":"info","event":"Cosmos performance (verdanta_daily__dbt_daily) - [46e70e30ac03|112]: It took 0.0755s to build the Airflow DAG.","logger":"cosmos.converter","filename":"converter.py","lineno":423}
{"timestamp":"2026-08-28T11:24:45.606839Z","level":"info","event":"::endgroup::Cosmos DAG parsing logs","logger":"cosmos.converter","filename":"converter.py","lineno":430}
{"timestamp":"2026-08-28T11:24:45.607433Z","level":"warning","event":"Using Variable.get from `airflow.models` is deprecated.Please use `get` on Variable from sdk(`airflow.sdk.Variable`) instead","category":"UserWarning","filename":"/home/airflow/.local/lib/python3.13/site-packages/airflow/models/variable.py","lineno":158,"logger":"py.warnings"}
{"timestamp":"2026-08-28T11:25:15.884353Z","level":"info","event":"Filling up the DagBag from /opt/airflow/dags/verdanta_daily.py","logger":"airflow.dag_processing.dagbag.BundleDagBag","filename":"dagbag.py","lineno":469}
{"timestamp":"2026-08-28T11:25:15.976029Z","level":"info","event":"::group::Cosmos DAG parsing logs","logger":"cosmos.converter","filename":"converter.py","lineno":321}
{"timestamp":"2026-08-28T11:25:15.981096Z","level":"info","event":"Cosmos cache dir resolved to /tmp/cosmos/verdanta_daily__dbt_daily","logger":"cosmos.converter","filename":"converter.py","lineno":346}
{"timestamp":"2026-08-28T11:25:15.981376Z","level":"info","event":"Trying to parse the dbt project using dbt ls cache cosmos_cache__verdanta_daily__dbt_daily...","logger":"cosmos.dbt.graph","filename":"graph.py","lineno":869}
{"timestamp":"2026-08-28T11:25:16.126495Z","level":"info","event":"Cosmos performance: time to calculate cache identifier cosmos_cache__verdanta_daily__dbt_daily for current version: 0.13118658999997024","logger":"cosmos.cache","filename":"cache.py","lineno":401}
{"timestamp":"2026-08-28T11:25:16.126810Z","level":"info","event":"Cosmos performance [46e70e30ac03|130]: The cache size for cosmos_cache__verdanta_daily__dbt_daily is 81421","logger":"cosmos.dbt.graph","filename":"graph.py","lineno":886}
{"timestamp":"2026-08-28T11:25:16.130951Z","level":"info","event":"Cosmos performance: Cache hit for cosmos_cache__verdanta_daily__dbt_daily - 7ef252dbf94f4e7f8dda113986a456cc,ff67f1985ea8a9c639de2e1985ae4cf7","logger":"cosmos.dbt.graph","filename":"graph.py","lineno":898}
{"timestamp":"2026-08-28T11:25:16.131244Z","level":"info","event":"Total nodes: 91","logger":"cosmos.dbt.graph","filename":"graph.py","lineno":799}
{"timestamp":"2026-08-28T11:25:16.131328Z","level":"info","event":"Total filtered nodes: 91","logger":"cosmos.dbt.graph","filename":"graph.py","lineno":800}
{"timestamp":"2026-08-28T11:25:16.131421Z","level":"info","event":"Cosmos performance (verdanta_daily__dbt_daily) - [46e70e30ac03|130]: It took 0.15s to parse the dbt project for DAG using LoadMode.DBT_LS_CACHE","logger":"cosmos.converter","filename":"converter.py","lineno":371}
{"timestamp":"2026-08-28T11:25:16.213019Z","level":"info","event":"Cosmos performance (verdanta_daily__dbt_daily) - [46e70e30ac03|130]: It took 0.0815s to build the Airflow DAG.","logger":"cosmos.converter","filename":"converter.py","lineno":423}
{"timestamp":"2026-08-28T11:25:16.213188Z","level":"info","event":"::endgroup::Cosmos DAG parsing logs","logger":"cosmos.converter","filename":"converter.py","lineno":430}
{"timestamp":"2026-08-28T11:25:16.213867Z","level":"warning","event":"Using Variable.get from `airflow.models` is deprecated.Please use `get` on Variable from sdk(`airflow.sdk.Variable`) instead","category":"UserWarning","filename":"/home/airflow/.local/lib/python3.13/site-packages/airflow/models/variable.py","lineno":158,"logger":"py.warnings"}
{"timestamp":"2026-08-28T11:25:46.541125Z","level":"info","event":"Filling up the DagBag from /opt/airflow/dags/verdanta_daily.py","logger":"airflow.dag_processing.dagbag.BundleDagBag","filename":"dagbag.py","lineno":469}
{"timestamp":"2026-08-28T11:25:46.617132Z","level":"info","event":"::group::Cosmos DAG parsing logs","logger":"cosmos.converter","filename":"converter.py","lineno":321}
{"timestamp":"2026-08-28T11:25:46.620641Z","level":"info","event":"Cosmos cache dir resolved to /tmp/cosmos/verdanta_daily__dbt_daily","logger":"cosmos.converter","filename":"converter.py","lineno":346}
{"timestamp":"2026-08-28T11:25:46.620886Z","level":"info","event":"Trying to parse the dbt project using dbt ls cache cosmos_cache__verdanta_daily__dbt_daily...","logger":"cosmos.dbt.graph","filename":"graph.py","lineno":869}
{"timestamp":"2026-08-28T11:25:46.806046Z","level":"info","event":"Cosmos performance: time to calculate cache identifier cosmos_cache__verdanta_daily__dbt_daily for current version: 0.16528494599998567","logger":"cosmos.cache","filename":"cache.py","lineno":401}
{"timestamp":"2026-08-28T11:25:46.806292Z","level":"info","event":"Cosmos performance [46e70e30ac03|162]: The cache size for cosmos_cache__verdanta_daily__dbt_daily is 81421","logger":"cosmos.dbt.graph","filename":"graph.py","lineno":886}
{"timestamp":"2026-08-28T11:25:46.809393Z","level":"info","event":"Cosmos performance: Cache hit for cosmos_cache__verdanta_daily__dbt_daily - 7ef252dbf94f4e7f8dda113986a456cc,ff67f1985ea8a9c639de2e1985ae4cf7","logger":"cosmos.dbt.graph","filename":"graph.py","lineno":898}
{"timestamp":"2026-08-28T11:25:46.809647Z","level":"info","event":"Total nodes: 91","logger":"cosmos.dbt.graph","filename":"graph.py","lineno":799}
{"timestamp":"2026-08-28T11:25:46.809722Z","level":"info","event":"Total filtered nodes: 91","logger":"cosmos.dbt.graph","filename":"graph.py","lineno":800}
{"timestamp":"2026-08-28T11:25:46.809801Z","level":"info","event":"Cosmos performance (verdanta_daily__dbt_daily) - [46e70e30ac03|162]: It took 0.189s to parse the dbt project for DAG using LoadMode.DBT_LS_CACHE","logger":"cosmos.converter","filename":"converter.py","lineno":371}
{"timestamp":"2026-08-28T11:25:46.906734Z","level":"info","event":"Cosmos performance (verdanta_daily__dbt_daily) - [46e70e30ac03|162]: It took 0.0969s to build the Airflow DAG.","logger":"cosmos.converter","filename":"converter.py","lineno":423}
{"timestamp":"2026-08-28T11:25:46.906999Z","level":"info","event":"::endgroup::Cosmos DAG parsing logs","logger":"cosmos.converter","filename":"converter.py","lineno":430}
{"timestamp":"2026-08-28T11:25:46.907600Z","level":"warning","event":"Using Variable.get from `airflow.models` is deprecated.Please use `get` on Variable from sdk(`airflow.sdk.Variable`) instead","category":"UserWarning","filename":"/home/airflow/.local/lib/python3.13/site-packages/airflow/models/variable.py","lineno":158,"logger":"py.warnings"}
{"timestamp":"2026-08-28T11:26:17.621837Z","level":"info","event":"Filling up the DagBag from /opt/airflow/dags/verdanta_daily.py","logger":"airflow.dag_processing.dagbag.BundleDagBag","filename":"dagbag.py","lineno":469}
{"timestamp":"2026-08-28T11:26:17.695596Z","level":"info","event":"::group::Cosmos DAG parsing logs","logger":"cosmos.converter","filename":"converter.py","lineno":321}
{"timestamp":"2026-08-28T11:26:17.699051Z","level":"info","event":"Cosmos cache dir resolved to /tmp/cosmos/verdanta_daily__dbt_daily","logger":"cosmos.converter","filename":"converter.py","lineno":346}
{"timestamp":"2026-08-28T11:26:17.699277Z","level":"info","event":"Trying to parse the dbt project using dbt ls cache cosmos_cache__verdanta_daily__dbt_daily...","logger":"cosmos.dbt.graph","filename":"graph.py","lineno":869}
{"timestamp":"2026-08-28T11:26:17.851975Z","level":"info","event":"Cosmos performance: time to calculate cache identifier cosmos_cache__verdanta_daily__dbt_daily for current version: 0.1341351140000029","logger":"cosmos.cache","filename":"cache.py","lineno":401}
{"timestamp":"2026-08-28T11:26:17.852207Z","level":"info","event":"Cosmos performance [46e70e30ac03|198]: The cache size for cosmos_cache__verdanta_daily__dbt_daily is 81421","logger":"cosmos.dbt.graph","filename":"graph.py","lineno":886}
{"timestamp":"2026-08-28T11:26:17.854600Z","level":"info","event":"Cosmos performance: Cache hit for cosmos_cache__verdanta_daily__dbt_daily - 7ef252dbf94f4e7f8dda113986a456cc,ff67f1985ea8a9c639de2e1985ae4cf7","logger":"cosmos.dbt.graph","filename":"graph.py","lineno":898}
{"timestamp":"2026-08-28T11:26:17.854998Z","level":"info","event":"Total nodes: 91","logger":"cosmos.dbt.graph","filename":"graph.py","lineno":799}
{"timestamp":"2026-08-28T11:26:17.855069Z","level":"info","event":"Total filtered nodes: 91","logger":"cosmos.dbt.graph","filename":"graph.py","lineno":800}
{"timestamp":"2026-08-28T11:26:17.855137Z","level":"info","event":"Cosmos performance (verdanta_daily__dbt_daily) - [46e70e30ac03|198]: It took 0.156s to parse the dbt project for DAG using LoadMode.DBT_LS_CACHE","logger":"cosmos.converter","filename":"converter.py","lineno":371}
{"timestamp":"2026-08-28T11:26:17.931837Z","level":"info","event":"Cosmos performance (verdanta_daily__dbt_daily) - [46e70e30ac03|198]: It took 0.0766s to build the Airflow DAG.","logger":"cosmos.converter","filename":"converter.py","lineno":423}
{"timestamp":"2026-08-28T11:26:17.932017Z","level":"info","event":"::endgroup::Cosmos DAG parsing logs","logger":"cosmos.converter","filename":"converter.py","lineno":430}
{"timestamp":"2026-08-28T11:26:17.932626Z","level":"warning","event":"Using Variable.get from `airflow.models` is deprecated.Please use `get` on Variable from sdk(`airflow.sdk.Variable`) instead","category":"UserWarning","filename":"/home/airflow/.local/lib/python3.13/site-packages/airflow/models/variable.py","lineno":158,"logger":"py.warnings"}
{"timestamp":"2026-08-28T11:26:48.604543Z","level":"info","event":"Filling up the DagBag from /opt/airflow/dags/verdanta_daily.py","logger":"airflow.dag_processing.dagbag.BundleDagBag","filename":"dagbag.py","lineno":469}
{"timestamp":"2026-08-28T11:26:48.677818Z","level":"info","event":"::group::Cosmos DAG parsing logs","logger":"cosmos.converter","filename":"converter.py","lineno":321}
{"timestamp":"2026-08-28T11:26:48.681817Z","level":"info","event":"Cosmos cache dir resolved to /tmp/cosmos/verdanta_daily__dbt_daily","logger":"cosmos.converter","filename":"converter.py","lineno":346}
{"timestamp":"2026-08-28T11:26:48.682073Z","level":"info","event":"Trying to parse the dbt project using dbt ls cache cosmos_cache__verdanta_daily__dbt_daily...","logger":"cosmos.dbt.graph","filename":"graph.py","lineno":869}
{"timestamp":"2026-08-28T11:26:48.831927Z","level":"info","event":"Cosmos performance: time to calculate cache identifier cosmos_cache__verdanta_daily__dbt_daily for current version: 0.13223852800001623","logger":"cosmos.cache","filename":"cache.py","lineno":401}
{"timestamp":"2026-08-28T11:26:48.832214Z","level":"info","event":"Cosmos performance [46e70e30ac03|234]: The cache size for cosmos_cache__verdanta_daily__dbt_daily is 81421","logger":"cosmos.dbt.graph","filename":"graph.py","lineno":886}
{"timestamp":"2026-08-28T11:26:48.834486Z","level":"info","event":"Cosmos performance: Cache hit for cosmos_cache__verdanta_daily__dbt_daily - 7ef252dbf94f4e7f8dda113986a456cc,ff67f1985ea8a9c639de2e1985ae4cf7","logger":"cosmos.dbt.graph","filename":"graph.py","lineno":898}
{"timestamp":"2026-08-28T11:26:48.834675Z","level":"info","event":"Total nodes: 91","logger":"cosmos.dbt.graph","filename":"graph.py","lineno":799}
{"timestamp":"2026-08-28T11:26:48.834739Z","level":"info","event":"Total filtered nodes: 91","logger":"cosmos.dbt.graph","filename":"graph.py","lineno":800}
{"timestamp":"2026-08-28T11:26:48.834808Z","level":"info","event":"Cosmos performance (verdanta_daily__dbt_daily) - [46e70e30ac03|234]: It took 0.153s to parse the dbt project for DAG using LoadMode.DBT_LS_CACHE","logger":"cosmos.converter","filename":"converter.py","lineno":371}
{"timestamp":"2026-08-28T11:26:48.920698Z","level":"info","event":"Cosmos performance (verdanta_daily__dbt_daily) - [46e70e30ac03|234]: It took 0.0858s to build the Airflow DAG.","logger":"cosmos.converter","filename":"converter.py","lineno":423}
{"timestamp":"2026-08-28T11:26:48.920889Z","level":"info","event":"::endgroup::Cosmos DAG parsing logs","logger":"cosmos.converter","filename":"converter.py","lineno":430}
{"timestamp":"2026-08-28T11:26:48.921651Z","level":"warning","event":"Using Variable.get from `airflow.models` is deprecated.Please use `get` on Variable from sdk(`airflow.sdk.Variable`) instead","category":"UserWarning","filename":"/home/airflow/.local/lib/python3.13/site-packages/airflow/models/variable.py","lineno":158,"logger":"py.warnings"}
{"timestamp":"2026-08-28T11:27:19.919790Z","level":"info","event":"Filling up the DagBag from /opt/airflow/dags/verdanta_daily.py","logger":"airflow.dag_processing.dagbag.BundleDagBag","filename":"dagbag.py","lineno":469}
{"timestamp":"2026-08-28T11:27:19.992127Z","level":"info","event":"::group::Cosmos DAG parsing logs","logger":"cosmos.converter","filename":"converter.py","lineno":321}
{"timestamp":"2026-08-28T11:27:19.995258Z","level":"info","event":"Cosmos cache dir resolved to /tmp/cosmos/verdanta_daily__dbt_daily","logger":"cosmos.converter","filename":"converter.py","lineno":346}
{"timestamp":"2026-08-28T11:27:19.995542Z","level":"info","event":"Trying to parse the dbt project using dbt ls cache cosmos_cache__verdanta_daily__dbt_daily...","logger":"cosmos.dbt.graph","filename":"graph.py","lineno":869}
{"timestamp":"2026-08-28T11:27:20.136016Z","level":"info","event":"Cosmos performance: time to calculate cache identifier cosmos_cache__verdanta_daily__dbt_daily for current version: 0.1256009870000412","logger":"cosmos.cache","filename":"cache.py","lineno":401}
{"timestamp":"2026-08-28T11:27:20.136320Z","level":"info","event":"Cosmos performance [46e70e30ac03|270]: The cache size for cosmos_cache__verdanta_daily__dbt_daily is 81421","logger":"cosmos.dbt.graph","filename":"graph.py","lineno":886}
{"timestamp":"2026-08-28T11:27:20.138665Z","level":"info","event":"Cosmos performance: Cache hit for cosmos_cache__verdanta_daily__dbt_daily - 7ef252dbf94f4e7f8dda113986a456cc,ff67f1985ea8a9c639de2e1985ae4cf7","logger":"cosmos.dbt.graph","filename":"graph.py","lineno":898}
{"timestamp":"2026-08-28T11:27:20.138915Z","level":"info","event":"Total nodes: 91","logger":"cosmos.dbt.graph","filename":"graph.py","lineno":799}
{"timestamp":"2026-08-28T11:27:20.138991Z","level":"info","event":"Total filtered nodes: 91","logger":"cosmos.dbt.graph","filename":"graph.py","lineno":800}
{"timestamp":"2026-08-28T11:27:20.139129Z","level":"info","event":"Cosmos performance (verdanta_daily__dbt_daily) - [46e70e30ac03|270]: It took 0.144s to parse the dbt project for DAG using LoadMode.DBT_LS_CACHE","logger":"cosmos.converter","filename":"converter.py","lineno":371}
{"timestamp":"2026-08-28T11:27:20.210937Z","level":"info","event":"Cosmos performance (verdanta_daily__dbt_daily) - [46e70e30ac03|270]: It took 0.0718s to build the Airflow DAG.","logger":"cosmos.converter","filename":"converter.py","lineno":423}
{"timestamp":"2026-08-28T11:27:20.211107Z","level":"info","event":"::endgroup::Cosmos DAG parsing logs","logger":"cosmos.converter","filename":"converter.py","lineno":430}
{"timestamp":"2026-08-28T11:27:20.211670Z","level":"warning","event":"Using Variable.get from `airflow.models` is deprecated.Please use `get` on Variable from sdk(`airflow.sdk.Variable`) instead","category":"UserWarning","filename":"/home/airflow/.local/lib/python3.13/site-packages/airflow/models/variable.py","lineno":158,"logger":"py.warnings"}
{"timestamp":"2026-08-28T11:27:50.699998Z","level":"info","event":"Filling up the DagBag from /opt/airflow/dags/verdanta_daily.py","logger":"airflow.dag_processing.dagbag.BundleDagBag","filename":"dagbag.py","lineno":469}
{"timestamp":"2026-08-28T11:27:50.769688Z","level":"info","event":"::group::Cosmos DAG parsing logs","logger":"cosmos.converter","filename":"converter.py","lineno":321}
{"timestamp":"2026-08-28T11:27:50.773209Z","level":"info","event":"Cosmos cache dir resolved to /tmp/cosmos/verdanta_daily__dbt_daily","logger":"cosmos.converter","filename":"converter.py","lineno":346}
{"timestamp":"2026-08-28T11:27:50.773466Z","level":"info","event":"Trying to parse the dbt project using dbt ls cache cosmos_cache__verdanta_daily__dbt_daily...","logger":"cosmos.dbt.graph","filename":"graph.py","lineno":869}
{"timestamp":"2026-08-28T11:27:50.929378Z","level":"info","event":"Cosmos performance: time to calculate cache identifier cosmos_cache__verdanta_daily__dbt_daily for current version: 0.13705998400001818","logger":"cosmos.cache","filename":"cache.py","lineno":401}
{"timestamp":"2026-08-28T11:27:50.929610Z","level":"info","event":"Cosmos performance [46e70e30ac03|288]: The cache size for cosmos_cache__verdanta_daily__dbt_daily is 81421","logger":"cosmos.dbt.graph","filename":"graph.py","lineno":886}
{"timestamp":"2026-08-28T11:27:50.932084Z","level":"info","event":"Cosmos performance: Cache hit for cosmos_cache__verdanta_daily__dbt_daily - 7ef252dbf94f4e7f8dda113986a456cc,ff67f1985ea8a9c639de2e1985ae4cf7","logger":"cosmos.dbt.graph","filename":"graph.py","lineno":898}
{"timestamp":"2026-08-28T11:27:50.932305Z","level":"info","event":"Total nodes: 91","logger":"cosmos.dbt.graph","filename":"graph.py","lineno":799}
{"timestamp":"2026-08-28T11:27:50.932370Z","level":"info","event":"Total filtered nodes: 91","logger":"cosmos.dbt.graph","filename":"graph.py","lineno":800}
{"timestamp":"2026-08-28T11:27:50.932435Z","level":"info","event":"Cosmos performance (verdanta_daily__dbt_daily) - [46e70e30ac03|288]: It took 0.159s to parse the dbt project for DAG using LoadMode.DBT_LS_CACHE","logger":"cosmos.converter","filename":"converter.py","lineno":371}
{"timestamp":"2026-08-28T11:27:51.018132Z","level":"info","event":"Cosmos performance (verdanta_daily__dbt_daily) - [46e70e30ac03|288]: It took 0.0855s to build the Airflow DAG.","logger":"cosmos.converter","filename":"converter.py","lineno":423}
{"timestamp":"2026-08-28T11:27:51.018508Z","level":"info","event":"::endgroup::Cosmos DAG parsing logs","logger":"cosmos.converter","filename":"converter.py","lineno":430}
{"timestamp":"2026-08-28T11:27:51.019650Z","level":"warning","event":"Using Variable.get from `airflow.models` is deprecated.Please use `get` on Variable from sdk(`airflow.sdk.Variable`) instead","category":"UserWarning","filename":"/home/airflow/.local/lib/python3.13/site-packages/airflow/models/variable.py","lineno":158,"logger":"py.warnings"}
{"timestamp":"2026-08-28T11:28:21.739784Z","level":"info","event":"Filling up the DagBag from /opt/airflow/dags/verdanta_daily.py","logger":"airflow.dag_processing.dagbag.BundleDagBag","filename":"dagbag.py","lineno":469}
{"timestamp":"2026-08-28T11:28:21.812528Z","level":"info","event":"::group::Cosmos DAG parsing logs","logger":"cosmos.converter","filename":"converter.py","lineno":321}
{"timestamp":"2026-08-28T11:28:21.815793Z","level":"info","event":"Cosmos cache dir resolved to /tmp/cosmos/verdanta_daily__dbt_daily","logger":"cosmos.converter","filename":"converter.py","lineno":346}
{"timestamp":"2026-08-28T11:28:21.816022Z","level":"info","event":"Trying to parse the dbt project using dbt ls cache cosmos_cache__verdanta_daily__dbt_daily...","logger":"cosmos.dbt.graph","filename":"graph.py","lineno":869}
{"timestamp":"2026-08-28T11:28:21.966882Z","level":"info","event":"Cosmos performance: time to calculate cache identifier cosmos_cache__verdanta_daily__dbt_daily for current version: 0.132565576999923","logger":"cosmos.cache","filename":"cache.py","lineno":401}
{"timestamp":"2026-08-28T11:28:21.967196Z","level":"info","event":"Cosmos performance [46e70e30ac03|320]: The cache size for cosmos_cache__verdanta_daily__dbt_daily is 81421","logger":"cosmos.dbt.graph","filename":"graph.py","lineno":886}
{"timestamp":"2026-08-28T11:28:21.970181Z","level":"info","event":"Cosmos performance: Cache hit for cosmos_cache__verdanta_daily__dbt_daily - 7ef252dbf94f4e7f8dda113986a456cc,ff67f1985ea8a9c639de2e1985ae4cf7","logger":"cosmos.dbt.graph","filename":"graph.py","lineno":898}
{"timestamp":"2026-08-28T11:28:21.970556Z","level":"info","event":"Total nodes: 91","logger":"cosmos.dbt.graph","filename":"graph.py","lineno":799}
{"timestamp":"2026-08-28T11:28:21.970668Z","level":"info","event":"Total filtered nodes: 91","logger":"cosmos.dbt.graph","filename":"graph.py","lineno":800}
{"timestamp":"2026-08-28T11:28:21.970762Z","level":"info","event":"Cosmos performance (verdanta_daily__dbt_daily) - [46e70e30ac03|320]: It took 0.155s to parse the dbt project for DAG using LoadMode.DBT_LS_CACHE","logger":"cosmos.converter","filename":"converter.py","lineno":371}
{"timestamp":"2026-08-28T11:28:22.048084Z","level":"info","event":"Cosmos performance (verdanta_daily__dbt_daily) - [46e70e30ac03|320]: It took 0.0773s to build the Airflow DAG.","logger":"cosmos.converter","filename":"converter.py","lineno":423}
{"timestamp":"2026-08-28T11:28:22.048288Z","level":"info","event":"::endgroup::Cosmos DAG parsing logs","logger":"cosmos.converter","filename":"converter.py","lineno":430}
{"timestamp":"2026-08-28T11:28:22.048908Z","level":"warning","event":"Using Variable.get from `airflow.models` is deprecated.Please use `get` on Variable from sdk(`airflow.sdk.Variable`) instead","category":"UserWarning","filename":"/home/airflow/.local/lib/python3.13/site-packages/airflow/models/variable.py","lineno":158,"logger":"py.warnings"}
{"timestamp":"2026-08-28T11:28:52.201853Z","level":"info","event":"Filling up the DagBag from /opt/airflow/dags/verdanta_daily.py","logger":"airflow.dag_processing.dagbag.BundleDagBag","filename":"dagbag.py","lineno":469}
{"timestamp":"2026-08-28T11:28:52.268118Z","level":"info","event":"::group::Cosmos DAG parsing logs","logger":"cosmos.converter","filename":"converter.py","lineno":321}
{"timestamp":"2026-08-28T11:28:52.271386Z","level":"info","event":"Cosmos cache dir resolved to /tmp/cosmos/verdanta_daily__dbt_daily","logger":"cosmos.converter","filename":"converter.py","lineno":346}
{"timestamp":"2026-08-28T11:28:52.271646Z","level":"info","event":"Trying to parse the dbt project using dbt ls cache cosmos_cache__verdanta_daily__dbt_daily...","logger":"cosmos.dbt.graph","filename":"graph.py","lineno":869}
{"timestamp":"2026-08-28T11:28:52.417555Z","level":"info","event":"Cosmos performance: time to calculate cache identifier cosmos_cache__verdanta_daily__dbt_daily for current version: 0.1288794270000153","logger":"cosmos.cache","filename":"cache.py","lineno":401}
{"timestamp":"2026-08-28T11:28:52.417786Z","level":"info","event":"Cosmos performance [46e70e30ac03|356]: The cache size for cosmos_cache__verdanta_daily__dbt_daily is 81421","logger":"cosmos.dbt.graph","filename":"graph.py","lineno":886}
{"timestamp":"2026-08-28T11:28:52.420248Z","level":"info","event":"Cosmos performance: Cache hit for cosmos_cache__verdanta_daily__dbt_daily - 7ef252dbf94f4e7f8dda113986a456cc,ff67f1985ea8a9c639de2e1985ae4cf7","logger":"cosmos.dbt.graph","filename":"graph.py","lineno":898}
{"timestamp":"2026-08-28T11:28:52.420514Z","level":"info","event":"Total nodes: 91","logger":"cosmos.dbt.graph","filename":"graph.py","lineno":799}
{"timestamp":"2026-08-28T11:28:52.420580Z","level":"info","event":"Total filtered nodes: 91","logger":"cosmos.dbt.graph","filename":"graph.py","lineno":800}
{"timestamp":"2026-08-28T11:28:52.420657Z","level":"info","event":"Cosmos performance (verdanta_daily__dbt_daily) - [46e70e30ac03|356]: It took 0.149s to parse the dbt project for DAG using LoadMode.DBT_LS_CACHE","logger":"cosmos.converter","filename":"converter.py","lineno":371}
{"timestamp":"2026-08-28T11:28:52.492403Z","level":"info","event":"Cosmos performance (verdanta_daily__dbt_daily) - [46e70e30ac03|356]: It took 0.0717s to build the Airflow DAG.","logger":"cosmos.converter","filename":"converter.py","lineno":423}
{"timestamp":"2026-08-28T11:28:52.492575Z","level":"info","event":"::endgroup::Cosmos DAG parsing logs","logger":"cosmos.converter","filename":"converter.py","lineno":430}
{"timestamp":"2026-08-28T11:28:52.493153Z","level":"warning","event":"Using Variable.get from `airflow.models` is deprecated.Please use `get` on Variable from sdk(`airflow.sdk.Variable`) instead","category":"UserWarning","filename":"/home/airflow/.local/lib/python3.13/site-packages/airflow/models/variable.py","lineno":158,"logger":"py.warnings"}
{"timestamp":"2026-08-28T11:29:22.666664Z","level":"info","event":"Filling up the DagBag from /opt/airflow/dags/verdanta_daily.py","logger":"airflow.dag_processing.dagbag.BundleDagBag","filename":"dagbag.py","lineno":469}
{"timestamp":"2026-08-28T11:29:22.741146Z","level":"info","event":"::group::Cosmos DAG parsing logs","logger":"cosmos.converter","filename":"converter.py","lineno":321}
{"timestamp":"2026-08-28T11:29:22.745373Z","level":"info","event":"Cosmos cache dir resolved to /tmp/cosmos/verdanta_daily__dbt_daily","logger":"cosmos.converter","filename":"converter.py","lineno":346}
{"timestamp":"2026-08-28T11:29:22.745692Z","level":"info","event":"Trying to parse the dbt project using dbt ls cache cosmos_cache__verdanta_daily__dbt_daily...","logger":"cosmos.dbt.graph","filename":"graph.py","lineno":869}
{"timestamp":"2026-08-28T11:29:22.893034Z","level":"info","event":"Cosmos performance: time to calculate cache identifier cosmos_cache__verdanta_daily__dbt_daily for current version: 0.1306208290000086","logger":"cosmos.cache","filename":"cache.py","lineno":401}
{"timestamp":"2026-08-28T11:29:22.893273Z","level":"info","event":"Cosmos performance [46e70e30ac03|392]: The cache size for cosmos_cache__verdanta_daily__dbt_daily is 81421","logger":"cosmos.dbt.graph","filename":"graph.py","lineno":886}
{"timestamp":"2026-08-28T11:29:22.895822Z","level":"info","event":"Cosmos performance: Cache hit for cosmos_cache__verdanta_daily__dbt_daily - 7ef252dbf94f4e7f8dda113986a456cc,ff67f1985ea8a9c639de2e1985ae4cf7","logger":"cosmos.dbt.graph","filename":"graph.py","lineno":898}
{"timestamp":"2026-08-28T11:29:22.896132Z","level":"info","event":"Total nodes: 91","logger":"cosmos.dbt.graph","filename":"graph.py","lineno":799}
{"timestamp":"2026-08-28T11:29:22.896240Z","level":"info","event":"Total filtered nodes: 91","logger":"cosmos.dbt.graph","filename":"graph.py","lineno":800}
{"timestamp":"2026-08-28T11:29:22.896389Z","level":"info","event":"Cosmos performance (verdanta_daily__dbt_daily) - [46e70e30ac03|392]: It took 0.151s to parse the dbt project for DAG using LoadMode.DBT_LS_CACHE","logger":"cosmos.converter","filename":"converter.py","lineno":371}
{"timestamp":"2026-08-28T11:29:22.972515Z","level":"info","event":"Cosmos performance (verdanta_daily__dbt_daily) - [46e70e30ac03|392]: It took 0.0761s to build the Airflow DAG.","logger":"cosmos.converter","filename":"converter.py","lineno":423}
{"timestamp":"2026-08-28T11:29:22.972689Z","level":"info","event":"::endgroup::Cosmos DAG parsing logs","logger":"cosmos.converter","filename":"converter.py","lineno":430}
{"timestamp":"2026-08-28T11:29:22.973236Z","level":"warning","event":"Using Variable.get from `airflow.models` is deprecated.Please use `get` on Variable from sdk(`airflow.sdk.Variable`) instead","category":"UserWarning","filename":"/home/airflow/.local/lib/python3.13/site-packages/airflow/models/variable.py","lineno":158,"logger":"py.warnings"}
{"timestamp":"2026-08-28T11:29:53.736519Z","level":"info","event":"Filling up the DagBag from /opt/airflow/dags/verdanta_daily.py","logger":"airflow.dag_processing.dagbag.BundleDagBag","filename":"dagbag.py","lineno":469}
{"timestamp":"2026-08-28T11:29:53.808460Z","level":"info","event":"::group::Cosmos DAG parsing logs","logger":"cosmos.converter","filename":"converter.py","lineno":321}
{"timestamp":"2026-08-28T11:29:53.812308Z","level":"info","event":"Cosmos cache dir resolved to /tmp/cosmos/verdanta_daily__dbt_daily","logger":"cosmos.converter","filename":"converter.py","lineno":346}
{"timestamp":"2026-08-28T11:29:53.812577Z","level":"info","event":"Trying to parse the dbt project using dbt ls cache cosmos_cache__verdanta_daily__dbt_daily...","logger":"cosmos.dbt.graph","filename":"graph.py","lineno":869}
{"timestamp":"2026-08-28T11:29:53.961659Z","level":"info","event":"Cosmos performance: time to calculate cache identifier cosmos_cache__verdanta_daily__dbt_daily for current version: 0.13135102700005064","logger":"cosmos.cache","filename":"cache.py","lineno":401}
{"timestamp":"2026-08-28T11:29:53.962039Z","level":"info","event":"Cosmos performance [46e70e30ac03|428]: The cache size for cosmos_cache__verdanta_daily__dbt_daily is 81421","logger":"cosmos.dbt.graph","filename":"graph.py","lineno":886}
{"timestamp":"2026-08-28T11:29:53.964469Z","level":"info","event":"Cosmos performance: Cache hit for cosmos_cache__verdanta_daily__dbt_daily - 7ef252dbf94f4e7f8dda113986a456cc,ff67f1985ea8a9c639de2e1985ae4cf7","logger":"cosmos.dbt.graph","filename":"graph.py","lineno":898}
{"timestamp":"2026-08-28T11:29:53.964769Z","level":"info","event":"Total nodes: 91","logger":"cosmos.dbt.graph","filename":"graph.py","lineno":799}
{"timestamp":"2026-08-28T11:29:53.964859Z","level":"info","event":"Total filtered nodes: 91","logger":"cosmos.dbt.graph","filename":"graph.py","lineno":800}
{"timestamp":"2026-08-28T11:29:53.964973Z","level":"info","event":"Cosmos performance (verdanta_daily__dbt_daily) - [46e70e30ac03|428]: It took 0.152s to parse the dbt project for DAG using LoadMode.DBT_LS_CACHE","logger":"cosmos.converter","filename":"converter.py","lineno":371}
{"timestamp":"2026-08-28T11:29:54.044384Z","level":"info","event":"Cosmos performance (verdanta_daily__dbt_daily) - [46e70e30ac03|428]: It took 0.0794s to build the Airflow DAG.","logger":"cosmos.converter","filename":"converter.py","lineno":423}
{"timestamp":"2026-08-28T11:29:54.044670Z","level":"info","event":"::endgroup::Cosmos DAG parsing logs","logger":"cosmos.converter","filename":"converter.py","lineno":430}
{"timestamp":"2026-08-28T11:29:54.045561Z","level":"warning","event":"Using Variable.get from `airflow.models` is deprecated.Please use `get` on Variable from sdk(`airflow.sdk.Variable`) instead","category":"UserWarning","filename":"/home/airflow/.local/lib/python3.13/site-packages/airflow/models/variable.py","lineno":158,"logger":"py.warnings"}
{"timestamp":"2026-08-28T11:30:24.595296Z","level":"info","event":"Filling up the DagBag from /opt/airflow/dags/verdanta_daily.py","logger":"airflow.dag_processing.dagbag.BundleDagBag","filename":"dagbag.py","lineno":469}
{"timestamp":"2026-08-28T11:30:24.669863Z","level":"info","event":"::group::Cosmos DAG parsing logs","logger":"cosmos.converter","filename":"converter.py","lineno":321}
{"timestamp":"2026-08-28T11:30:24.673727Z","level":"info","event":"Cosmos cache dir resolved to /tmp/cosmos/verdanta_daily__dbt_daily","logger":"cosmos.converter","filename":"converter.py","lineno":346}
{"timestamp":"2026-08-28T11:30:24.673992Z","level":"info","event":"Trying to parse the dbt project using dbt ls cache cosmos_cache__verdanta_daily__dbt_daily...","logger":"cosmos.dbt.graph","filename":"graph.py","lineno":869}
{"timestamp":"2026-08-28T11:30:24.830240Z","level":"info","event":"Cosmos performance: time to calculate cache identifier cosmos_cache__verdanta_daily__dbt_daily for current version: 0.13399742800004333","logger":"cosmos.cache","filename":"cache.py","lineno":401}
{"timestamp":"2026-08-28T11:30:24.830479Z","level":"info","event":"Cosmos performance [46e70e30ac03|446]: The cache size for cosmos_cache__verdanta_daily__dbt_daily is 81421","logger":"cosmos.dbt.graph","filename":"graph.py","lineno":886}
{"timestamp":"2026-08-28T11:30:24.833054Z","level":"info","event":"Cosmos performance: Cache hit for cosmos_cache__verdanta_daily__dbt_daily - 7ef252dbf94f4e7f8dda113986a456cc,ff67f1985ea8a9c639de2e1985ae4cf7","logger":"cosmos.dbt.graph","filename":"graph.py","lineno":898}
{"timestamp":"2026-08-28T11:30:24.833264Z","level":"info","event":"Total nodes: 91","logger":"cosmos.dbt.graph","filename":"graph.py","lineno":799}
{"timestamp":"2026-08-28T11:30:24.833332Z","level":"info","event":"Total filtered nodes: 91","logger":"cosmos.dbt.graph","filename":"graph.py","lineno":800}
{"timestamp":"2026-08-28T11:30:24.833404Z","level":"info","event":"Cosmos performance (verdanta_daily__dbt_daily) - [46e70e30ac03|446]: It took 0.16s to parse the dbt project for DAG using LoadMode.DBT_LS_CACHE","logger":"cosmos.converter","filename":"converter.py","lineno":371}
{"timestamp":"2026-08-28T11:30:24.912103Z","level":"info","event":"Cosmos performance (verdanta_daily__dbt_daily) - [46e70e30ac03|446]: It took 0.0786s to build the Airflow DAG.","logger":"cosmos.converter","filename":"converter.py","lineno":423}
{"timestamp":"2026-08-28T11:30:24.912313Z","level":"info","event":"::endgroup::Cosmos DAG parsing logs","logger":"cosmos.converter","filename":"converter.py","lineno":430}
{"timestamp":"2026-08-28T11:30:24.913051Z","level":"warning","event":"Using Variable.get from `airflow.models` is deprecated.Please use `get` on Variable from sdk(`airflow.sdk.Variable`) instead","category":"UserWarning","filename":"/home/airflow/.local/lib/python3.13/site-packages/airflow/models/variable.py","lineno":158,"logger":"py.warnings"}
{"timestamp":"2026-08-28T11:30:55.752824Z","level":"info","event":"Filling up the DagBag from /opt/airflow/dags/verdanta_daily.py","logger":"airflow.dag_processing.dagbag.BundleDagBag","filename":"dagbag.py","lineno":469}
{"timestamp":"2026-08-28T11:30:55.824446Z","level":"info","event":"::group::Cosmos DAG parsing logs","logger":"cosmos.converter","filename":"converter.py","lineno":321}
{"timestamp":"2026-08-28T11:30:55.828365Z","level":"info","event":"Cosmos cache dir resolved to /tmp/cosmos/verdanta_daily__dbt_daily","logger":"cosmos.converter","filename":"converter.py","lineno":346}
{"timestamp":"2026-08-28T11:30:55.828611Z","level":"info","event":"Trying to parse the dbt project using dbt ls cache cosmos_cache__verdanta_daily__dbt_daily...","logger":"cosmos.dbt.graph","filename":"graph.py","lineno":869}
{"timestamp":"2026-08-28T11:30:55.973055Z","level":"info","event":"Cosmos performance: time to calculate cache identifier cosmos_cache__verdanta_daily__dbt_daily for current version: 0.12782163800000035","logger":"cosmos.cache","filename":"cache.py","lineno":401}
{"timestamp":"2026-08-28T11:30:55.973400Z","level":"info","event":"Cosmos performance [46e70e30ac03|478]: The cache size for cosmos_cache__verdanta_daily__dbt_daily is 81421","logger":"cosmos.dbt.graph","filename":"graph.py","lineno":886}
{"timestamp":"2026-08-28T11:30:55.976561Z","level":"info","event":"Cosmos performance: Cache hit for cosmos_cache__verdanta_daily__dbt_daily - 7ef252dbf94f4e7f8dda113986a456cc,ff67f1985ea8a9c639de2e1985ae4cf7","logger":"cosmos.dbt.graph","filename":"graph.py","lineno":898}
{"timestamp":"2026-08-28T11:30:55.976857Z","level":"info","event":"Total nodes: 91","logger":"cosmos.dbt.graph","filename":"graph.py","lineno":799}
{"timestamp":"2026-08-28T11:30:55.976935Z","level":"info","event":"Total filtered nodes: 91","logger":"cosmos.dbt.graph","filename":"graph.py","lineno":800}
{"timestamp":"2026-08-28T11:30:55.977007Z","level":"info","event":"Cosmos performance (verdanta_daily__dbt_daily) - [46e70e30ac03|478]: It took 0.148s to parse the dbt project for DAG using LoadMode.DBT_LS_CACHE","logger":"cosmos.converter","filename":"converter.py","lineno":371}
{"timestamp":"2026-08-28T11:30:56.052189Z","level":"info","event":"Cosmos performance (verdanta_daily__dbt_daily) - [46e70e30ac03|478]: It took 0.0751s to build the Airflow DAG.","logger":"cosmos.converter","filename":"converter.py","lineno":423}
{"timestamp":"2026-08-28T11:30:56.052367Z","level":"info","event":"::endgroup::Cosmos DAG parsing logs","logger":"cosmos.converter","filename":"converter.py","lineno":430}
{"timestamp":"2026-08-28T11:30:56.052911Z","level":"warning","event":"Using Variable.get from `airflow.models` is deprecated.Please use `get` on Variable from sdk(`airflow.sdk.Variable`) instead","category":"UserWarning","filename":"/home/airflow/.local/lib/python3.13/site-packages/airflow/models/variable.py","lineno":158,"logger":"py.warnings"}
{"timestamp":"2026-08-28T11:31:26.994454Z","level":"info","event":"Filling up the DagBag from /opt/airflow/dags/verdanta_daily.py","logger":"airflow.dag_processing.dagbag.BundleDagBag","filename":"dagbag.py","lineno":469}
{"timestamp":"2026-08-28T11:31:27.107096Z","level":"info","event":"::group::Cosmos DAG parsing logs","logger":"cosmos.converter","filename":"converter.py","lineno":321}
{"timestamp":"2026-08-28T11:31:27.114159Z","level":"info","event":"Cosmos cache dir resolved to /tmp/cosmos/verdanta_daily__dbt_daily","logger":"cosmos.converter","filename":"converter.py","lineno":346}
{"timestamp":"2026-08-28T11:31:27.114573Z","level":"info","event":"Trying to parse the dbt project using dbt ls cache cosmos_cache__verdanta_daily__dbt_daily...","logger":"cosmos.dbt.graph","filename":"graph.py","lineno":869}
{"timestamp":"2026-08-28T11:31:27.286765Z","level":"info","event":"Cosmos performance: time to calculate cache identifier cosmos_cache__verdanta_daily__dbt_daily for current version: 0.14794950999998946","logger":"cosmos.cache","filename":"cache.py","lineno":401}
{"timestamp":"2026-08-28T11:31:27.287026Z","level":"info","event":"Cosmos performance [46e70e30ac03|514]: The cache size for cosmos_cache__verdanta_daily__dbt_daily is 81421","logger":"cosmos.dbt.graph","filename":"graph.py","lineno":886}
{"timestamp":"2026-08-28T11:31:27.290050Z","level":"info","event":"Cosmos performance: Cache hit for cosmos_cache__verdanta_daily__dbt_daily - 7ef252dbf94f4e7f8dda113986a456cc,ff67f1985ea8a9c639de2e1985ae4cf7","logger":"cosmos.dbt.graph","filename":"graph.py","lineno":898}
{"timestamp":"2026-08-28T11:31:27.290441Z","level":"info","event":"Total nodes: 91","logger":"cosmos.dbt.graph","filename":"graph.py","lineno":799}
{"timestamp":"2026-08-28T11:31:27.290561Z","level":"info","event":"Total filtered nodes: 91","logger":"cosmos.dbt.graph","filename":"graph.py","lineno":800}
{"timestamp":"2026-08-28T11:31:27.290661Z","level":"info","event":"Cosmos performance (verdanta_daily__dbt_daily) - [46e70e30ac03|514]: It took 0.176s to parse the dbt project for DAG using LoadMode.DBT_LS_CACHE","logger":"cosmos.converter","filename":"converter.py","lineno":371}
{"timestamp":"2026-08-28T11:31:27.377958Z","level":"info","event":"Cosmos performance (verdanta_daily__dbt_daily) - [46e70e30ac03|514]: It took 0.0872s to build the Airflow DAG.","logger":"cosmos.converter","filename":"converter.py","lineno":423}
{"timestamp":"2026-08-28T11:31:27.378169Z","level":"info","event":"::endgroup::Cosmos DAG parsing logs","logger":"cosmos.converter","filename":"converter.py","lineno":430}
{"timestamp":"2026-08-28T11:31:27.378793Z","level":"warning","event":"Using Variable.get from `airflow.models` is deprecated.Please use `get` on Variable from sdk(`airflow.sdk.Variable`) instead","category":"UserWarning","filename":"/home/airflow/.local/lib/python3.13/site-packages/airflow/models/variable.py","lineno":158,"logger":"py.warnings"}
{"timestamp":"2026-08-28T11:31:57.818293Z","level":"info","event":"Filling up the DagBag from /opt/airflow/dags/verdanta_daily.py","logger":"airflow.dag_processing.dagbag.BundleDagBag","filename":"dagbag.py","lineno":469}
{"timestamp":"2026-08-28T11:31:57.891370Z","level":"info","event":"::group::Cosmos DAG parsing logs","logger":"cosmos.converter","filename":"converter.py","lineno":321}
{"timestamp":"2026-08-28T11:31:57.894683Z","level":"info","event":"Cosmos cache dir resolved to /tmp/cosmos/verdanta_daily__dbt_daily","logger":"cosmos.converter","filename":"converter.py","lineno":346}
{"timestamp":"2026-08-28T11:31:57.894946Z","level":"info","event":"Trying to parse the dbt project using dbt ls cache cosmos_cache__verdanta_daily__dbt_daily...","logger":"cosmos.dbt.graph","filename":"graph.py","lineno":869}
{"timestamp":"2026-08-28T11:31:58.054545Z","level":"info","event":"Cosmos performance: time to calculate cache identifier cosmos_cache__verdanta_daily__dbt_daily for current version: 0.14137115200003336","logger":"cosmos.cache","filename":"cache.py","lineno":401}
{"timestamp":"2026-08-28T11:31:58.054789Z","level":"info","event":"Cosmos performance [46e70e30ac03|549]: The cache size for cosmos_cache__verdanta_daily__dbt_daily is 81421","logger":"cosmos.dbt.graph","filename":"graph.py","lineno":886}
{"timestamp":"2026-08-28T11:31:58.057045Z","level":"info","event":"Cosmos performance: Cache hit for cosmos_cache__verdanta_daily__dbt_daily - 7ef252dbf94f4e7f8dda113986a456cc,ff67f1985ea8a9c639de2e1985ae4cf7","logger":"cosmos.dbt.graph","filename":"graph.py","lineno":898}
{"timestamp":"2026-08-28T11:31:58.057295Z","level":"info","event":"Total nodes: 91","logger":"cosmos.dbt.graph","filename":"graph.py","lineno":799}
{"timestamp":"2026-08-28T11:31:58.057373Z","level":"info","event":"Total filtered nodes: 91","logger":"cosmos.dbt.graph","filename":"graph.py","lineno":800}
{"timestamp":"2026-08-28T11:31:58.057446Z","level":"info","event":"Cosmos performance (verdanta_daily__dbt_daily) - [46e70e30ac03|549]: It took 0.163s to parse the dbt project for DAG using LoadMode.DBT_LS_CACHE","logger":"cosmos.converter","filename":"converter.py","lineno":371}
{"timestamp":"2026-08-28T11:31:58.154902Z","level":"info","event":"Cosmos performance (verdanta_daily__dbt_daily) - [46e70e30ac03|549]: It took 0.0974s to build the Airflow DAG.","logger":"cosmos.converter","filename":"converter.py","lineno":423}
{"timestamp":"2026-08-28T11:31:58.155150Z","level":"info","event":"::endgroup::Cosmos DAG parsing logs","logger":"cosmos.converter","filename":"converter.py","lineno":430}
{"timestamp":"2026-08-28T11:31:58.156165Z","level":"warning","event":"Using Variable.get from `airflow.models` is deprecated.Please use `get` on Variable from sdk(`airflow.sdk.Variable`) instead","category":"UserWarning","filename":"/home/airflow/.local/lib/python3.13/site-packages/airflow/models/variable.py","lineno":158,"logger":"py.warnings"}
{"timestamp":"2026-08-28T11:32:28.410716Z","level":"info","event":"Filling up the DagBag from /opt/airflow/dags/verdanta_daily.py","logger":"airflow.dag_processing.dagbag.BundleDagBag","filename":"dagbag.py","lineno":469}
{"timestamp":"2026-08-28T11:32:28.481036Z","level":"info","event":"::group::Cosmos DAG parsing logs","logger":"cosmos.converter","filename":"converter.py","lineno":321}
{"timestamp":"2026-08-28T11:32:28.487247Z","level":"info","event":"Cosmos cache dir resolved to /tmp/cosmos/verdanta_daily__dbt_daily","logger":"cosmos.converter","filename":"converter.py","lineno":346}
{"timestamp":"2026-08-28T11:32:28.487487Z","level":"info","event":"Trying to parse the dbt project using dbt ls cache cosmos_cache__verdanta_daily__dbt_daily...","logger":"cosmos.dbt.graph","filename":"graph.py","lineno":869}
{"timestamp":"2026-08-28T11:32:28.631136Z","level":"info","event":"Cosmos performance: time to calculate cache identifier cosmos_cache__verdanta_daily__dbt_daily for current version: 0.12876435800001218","logger":"cosmos.cache","filename":"cache.py","lineno":401}
{"timestamp":"2026-08-28T11:32:28.631385Z","level":"info","event":"Cosmos performance [46e70e30ac03|578]: The cache size for cosmos_cache__verdanta_daily__dbt_daily is 81421","logger":"cosmos.dbt.graph","filename":"graph.py","lineno":886}
{"timestamp":"2026-08-28T11:32:28.633695Z","level":"info","event":"Cosmos performance: Cache hit for cosmos_cache__verdanta_daily__dbt_daily - 7ef252dbf94f4e7f8dda113986a456cc,ff67f1985ea8a9c639de2e1985ae4cf7","logger":"cosmos.dbt.graph","filename":"graph.py","lineno":898}
{"timestamp":"2026-08-28T11:32:28.633939Z","level":"info","event":"Total nodes: 91","logger":"cosmos.dbt.graph","filename":"graph.py","lineno":799}
{"timestamp":"2026-08-28T11:32:28.634009Z","level":"info","event":"Total filtered nodes: 91","logger":"cosmos.dbt.graph","filename":"graph.py","lineno":800}
{"timestamp":"2026-08-28T11:32:28.634078Z","level":"info","event":"Cosmos performance (verdanta_daily__dbt_daily) - [46e70e30ac03|578]: It took 0.147s to parse the dbt project for DAG using LoadMode.DBT_LS_CACHE","logger":"cosmos.converter","filename":"converter.py","lineno":371}
{"timestamp":"2026-08-28T11:32:28.711743Z","level":"info","event":"Cosmos performance (verdanta_daily__dbt_daily) - [46e70e30ac03|578]: It took 0.0776s to build the Airflow DAG.","logger":"cosmos.converter","filename":"converter.py","lineno":423}
{"timestamp":"2026-08-28T11:32:28.711918Z","level":"info","event":"::endgroup::Cosmos DAG parsing logs","logger":"cosmos.converter","filename":"converter.py","lineno":430}
{"timestamp":"2026-08-28T11:32:28.712493Z","level":"warning","event":"Using Variable.get from `airflow.models` is deprecated.Please use `get` on Variable from sdk(`airflow.sdk.Variable`) instead","category":"UserWarning","filename":"/home/airflow/.local/lib/python3.13/site-packages/airflow/models/variable.py","lineno":158,"logger":"py.warnings"}
{"timestamp":"2026-08-28T11:32:59.448633Z","level":"info","event":"Filling up the DagBag from /opt/airflow/dags/verdanta_daily.py","logger":"airflow.dag_processing.dagbag.BundleDagBag","filename":"dagbag.py","lineno":469}
{"timestamp":"2026-08-28T11:32:59.525810Z","level":"info","event":"::group::Cosmos DAG parsing logs","logger":"cosmos.converter","filename":"converter.py","lineno":321}
{"timestamp":"2026-08-28T11:32:59.529696Z","level":"info","event":"Cosmos cache dir resolved to /tmp/cosmos/verdanta_daily__dbt_daily","logger":"cosmos.converter","filename":"converter.py","lineno":346}
{"timestamp":"2026-08-28T11:32:59.529937Z","level":"info","event":"Trying to parse the dbt project using dbt ls cache cosmos_cache__verdanta_daily__dbt_daily...","logger":"cosmos.dbt.graph","filename":"graph.py","lineno":869}
{"timestamp":"2026-08-28T11:32:59.677948Z","level":"info","event":"Cosmos performance: time to calculate cache identifier cosmos_cache__verdanta_daily__dbt_daily for current version: 0.1316522030000442","logger":"cosmos.cache","filename":"cache.py","lineno":401}
{"timestamp":"2026-08-28T11:32:59.678175Z","level":"info","event":"Cosmos performance [46e70e30ac03|613]: The cache size for cosmos_cache__verdanta_daily__dbt_daily is 81421","logger":"cosmos.dbt.graph","filename":"graph.py","lineno":886}
{"timestamp":"2026-08-28T11:32:59.681171Z","level":"info","event":"Cosmos performance: Cache hit for cosmos_cache__verdanta_daily__dbt_daily - 7ef252dbf94f4e7f8dda113986a456cc,ff67f1985ea8a9c639de2e1985ae4cf7","logger":"cosmos.dbt.graph","filename":"graph.py","lineno":898}
{"timestamp":"2026-08-28T11:32:59.681393Z","level":"info","event":"Total nodes: 91","logger":"cosmos.dbt.graph","filename":"graph.py","lineno":799}
{"timestamp":"2026-08-28T11:32:59.681467Z","level":"info","event":"Total filtered nodes: 91","logger":"cosmos.dbt.graph","filename":"graph.py","lineno":800}
{"timestamp":"2026-08-28T11:32:59.681587Z","level":"info","event":"Cosmos performance (verdanta_daily__dbt_daily) - [46e70e30ac03|613]: It took 0.152s to parse the dbt project for DAG using LoadMode.DBT_LS_CACHE","logger":"cosmos.converter","filename":"converter.py","lineno":371}
{"timestamp":"2026-08-28T11:32:59.759316Z","level":"info","event":"Cosmos performance (verdanta_daily__dbt_daily) - [46e70e30ac03|613]: It took 0.0777s to build the Airflow DAG.","logger":"cosmos.converter","filename":"converter.py","lineno":423}
{"timestamp":"2026-08-28T11:32:59.759485Z","level":"info","event":"::endgroup::Cosmos DAG parsing logs","logger":"cosmos.converter","filename":"converter.py","lineno":430}
{"timestamp":"2026-08-28T11:32:59.760124Z","level":"warning","event":"Using Variable.get from `airflow.models` is deprecated.Please use `get` on Variable from sdk(`airflow.sdk.Variable`) instead","category":"UserWarning","filename":"/home/airflow/.local/lib/python3.13/site-packages/airflow/models/variable.py","lineno":158,"logger":"py.warnings"}
{"timestamp":"2026-08-28T11:33:29.892410Z","level":"info","event":"Filling up the DagBag from /opt/airflow/dags/verdanta_daily.py","logger":"airflow.dag_processing.dagbag.BundleDagBag","filename":"dagbag.py","lineno":469}
{"timestamp":"2026-08-28T11:33:29.971093Z","level":"info","event":"::group::Cosmos DAG parsing logs","logger":"cosmos.converter","filename":"converter.py","lineno":321}
{"timestamp":"2026-08-28T11:33:29.975037Z","level":"info","event":"Cosmos cache dir resolved to /tmp/cosmos/verdanta_daily__dbt_daily","logger":"cosmos.converter","filename":"converter.py","lineno":346}
{"timestamp":"2026-08-28T11:33:29.975287Z","level":"info","event":"Trying to parse the dbt project using dbt ls cache cosmos_cache__verdanta_daily__dbt_daily...","logger":"cosmos.dbt.graph","filename":"graph.py","lineno":869}
{"timestamp":"2026-08-28T11:33:30.120188Z","level":"info","event":"Cosmos performance: time to calculate cache identifier cosmos_cache__verdanta_daily__dbt_daily for current version: 0.1277565099999265","logger":"cosmos.cache","filename":"cache.py","lineno":401}
{"timestamp":"2026-08-28T11:33:30.120479Z","level":"info","event":"Cosmos performance [46e70e30ac03|628]: The cache size for cosmos_cache__verdanta_daily__dbt_daily is 81421","logger":"cosmos.dbt.graph","filename":"graph.py","lineno":886}
{"timestamp":"2026-08-28T11:33:30.123311Z","level":"info","event":"Cosmos performance: Cache hit for cosmos_cache__verdanta_daily__dbt_daily - 7ef252dbf94f4e7f8dda113986a456cc,ff67f1985ea8a9c639de2e1985ae4cf7","logger":"cosmos.dbt.graph","filename":"graph.py","lineno":898}
{"timestamp":"2026-08-28T11:33:30.123510Z","level":"info","event":"Total nodes: 91","logger":"cosmos.dbt.graph","filename":"graph.py","lineno":799}
{"timestamp":"2026-08-28T11:33:30.123575Z","level":"info","event":"Total filtered nodes: 91","logger":"cosmos.dbt.graph","filename":"graph.py","lineno":800}
{"timestamp":"2026-08-28T11:33:30.123641Z","level":"info","event":"Cosmos performance (verdanta_daily__dbt_daily) - [46e70e30ac03|628]: It took 0.148s to parse the dbt project for DAG using LoadMode.DBT_LS_CACHE","logger":"cosmos.converter","filename":"converter.py","lineno":371}
{"timestamp":"2026-08-28T11:33:30.199526Z","level":"info","event":"Cosmos performance (verdanta_daily__dbt_daily) - [46e70e30ac03|628]: It took 0.0758s to build the Airflow DAG.","logger":"cosmos.converter","filename":"converter.py","lineno":423}
{"timestamp":"2026-08-28T11:33:30.199729Z","level":"info","event":"::endgroup::Cosmos DAG parsing logs","logger":"cosmos.converter","filename":"converter.py","lineno":430}
{"timestamp":"2026-08-28T11:33:30.200608Z","level":"warning","event":"Using Variable.get from `airflow.models` is deprecated.Please use `get` on Variable from sdk(`airflow.sdk.Variable`) instead","category":"UserWarning","filename":"/home/airflow/.local/lib/python3.13/site-packages/airflow/models/variable.py","lineno":158,"logger":"py.warnings"}
{"timestamp":"2026-08-28T11:34:01.010593Z","level":"info","event":"Filling up the DagBag from /opt/airflow/dags/verdanta_daily.py","logger":"airflow.dag_processing.dagbag.BundleDagBag","filename":"dagbag.py","lineno":469}
{"timestamp":"2026-08-28T11:34:01.087676Z","level":"info","event":"::group::Cosmos DAG parsing logs","logger":"cosmos.converter","filename":"converter.py","lineno":321}
{"timestamp":"2026-08-28T11:34:01.091547Z","level":"info","event":"Cosmos cache dir resolved to /tmp/cosmos/verdanta_daily__dbt_daily","logger":"cosmos.converter","filename":"converter.py","lineno":346}
{"timestamp":"2026-08-28T11:34:01.091771Z","level":"info","event":"Trying to parse the dbt project using dbt ls cache cosmos_cache__verdanta_daily__dbt_daily...","logger":"cosmos.dbt.graph","filename":"graph.py","lineno":869}
{"timestamp":"2026-08-28T11:34:01.238125Z","level":"info","event":"Cosmos performance: time to calculate cache identifier cosmos_cache__verdanta_daily__dbt_daily for current version: 0.12992783799995777","logger":"cosmos.cache","filename":"cache.py","lineno":401}
{"timestamp":"2026-08-28T11:34:01.238410Z","level":"info","event":"Cosmos performance [46e70e30ac03|664]: The cache size for cosmos_cache__verdanta_daily__dbt_daily is 81421","logger":"cosmos.dbt.graph","filename":"graph.py","lineno":886}
{"timestamp":"2026-08-28T11:34:01.241238Z","level":"info","event":"Cosmos performance: Cache hit for cosmos_cache__verdanta_daily__dbt_daily - 7ef252dbf94f4e7f8dda113986a456cc,ff67f1985ea8a9c639de2e1985ae4cf7","logger":"cosmos.dbt.graph","filename":"graph.py","lineno":898}
{"timestamp":"2026-08-28T11:34:01.241457Z","level":"info","event":"Total nodes: 91","logger":"cosmos.dbt.graph","filename":"graph.py","lineno":799}
{"timestamp":"2026-08-28T11:34:01.241521Z","level":"info","event":"Total filtered nodes: 91","logger":"cosmos.dbt.graph","filename":"graph.py","lineno":800}
{"timestamp":"2026-08-28T11:34:01.241586Z","level":"info","event":"Cosmos performance (verdanta_daily__dbt_daily) - [46e70e30ac03|664]: It took 0.15s to parse the dbt project for DAG using LoadMode.DBT_LS_CACHE","logger":"cosmos.converter","filename":"converter.py","lineno":371}
{"timestamp":"2026-08-28T11:34:01.316202Z","level":"info","event":"Cosmos performance (verdanta_daily__dbt_daily) - [46e70e30ac03|664]: It took 0.0746s to build the Airflow DAG.","logger":"cosmos.converter","filename":"converter.py","lineno":423}
{"timestamp":"2026-08-28T11:34:01.316378Z","level":"info","event":"::endgroup::Cosmos DAG parsing logs","logger":"cosmos.converter","filename":"converter.py","lineno":430}
{"timestamp":"2026-08-28T11:34:01.317211Z","level":"warning","event":"Using Variable.get from `airflow.models` is deprecated.Please use `get` on Variable from sdk(`airflow.sdk.Variable`) instead","category":"UserWarning","filename":"/home/airflow/.local/lib/python3.13/site-packages/airflow/models/variable.py","lineno":158,"logger":"py.warnings"}
{"timestamp":"2026-08-28T11:34:31.681421Z","level":"info","event":"Filling up the DagBag from /opt/airflow/dags/verdanta_daily.py","logger":"airflow.dag_processing.dagbag.BundleDagBag","filename":"dagbag.py","lineno":469}
{"timestamp":"2026-08-28T11:34:31.749731Z","level":"info","event":"::group::Cosmos DAG parsing logs","logger":"cosmos.converter","filename":"converter.py","lineno":321}
{"timestamp":"2026-08-28T11:34:31.753641Z","level":"info","event":"Cosmos cache dir resolved to /tmp/cosmos/verdanta_daily__dbt_daily","logger":"cosmos.converter","filename":"converter.py","lineno":346}
{"timestamp":"2026-08-28T11:34:31.753848Z","level":"info","event":"Trying to parse the dbt project using dbt ls cache cosmos_cache__verdanta_daily__dbt_daily...","logger":"cosmos.dbt.graph","filename":"graph.py","lineno":869}
{"timestamp":"2026-08-28T11:34:31.899275Z","level":"info","event":"Cosmos performance: time to calculate cache identifier cosmos_cache__verdanta_daily__dbt_daily for current version: 0.12770972700002403","logger":"cosmos.cache","filename":"cache.py","lineno":401}
{"timestamp":"2026-08-28T11:34:31.899511Z","level":"info","event":"Cosmos performance [46e70e30ac03|700]: The cache size for cosmos_cache__verdanta_daily__dbt_daily is 81421","logger":"cosmos.dbt.graph","filename":"graph.py","lineno":886}
{"timestamp":"2026-08-28T11:34:31.901660Z","level":"info","event":"Cosmos performance: Cache hit for cosmos_cache__verdanta_daily__dbt_daily - 7ef252dbf94f4e7f8dda113986a456cc,ff67f1985ea8a9c639de2e1985ae4cf7","logger":"cosmos.dbt.graph","filename":"graph.py","lineno":898}
{"timestamp":"2026-08-28T11:34:31.901901Z","level":"info","event":"Total nodes: 91","logger":"cosmos.dbt.graph","filename":"graph.py","lineno":799}
{"timestamp":"2026-08-28T11:34:31.901982Z","level":"info","event":"Total filtered nodes: 91","logger":"cosmos.dbt.graph","filename":"graph.py","lineno":800}
{"timestamp":"2026-08-28T11:34:31.902050Z","level":"info","event":"Cosmos performance (verdanta_daily__dbt_daily) - [46e70e30ac03|700]: It took 0.148s to parse the dbt project for DAG using LoadMode.DBT_LS_CACHE","logger":"cosmos.converter","filename":"converter.py","lineno":371}
{"timestamp":"2026-08-28T11:34:31.974099Z","level":"info","event":"Cosmos performance (verdanta_daily__dbt_daily) - [46e70e30ac03|700]: It took 0.072s to build the Airflow DAG.","logger":"cosmos.converter","filename":"converter.py","lineno":423}
{"timestamp":"2026-08-28T11:34:31.974270Z","level":"info","event":"::endgroup::Cosmos DAG parsing logs","logger":"cosmos.converter","filename":"converter.py","lineno":430}
{"timestamp":"2026-08-28T11:34:31.974816Z","level":"warning","event":"Using Variable.get from `airflow.models` is deprecated.Please use `get` on Variable from sdk(`airflow.sdk.Variable`) instead","category":"UserWarning","filename":"/home/airflow/.local/lib/python3.13/site-packages/airflow/models/variable.py","lineno":158,"logger":"py.warnings"}
{"timestamp":"2026-08-28T11:35:02.107787Z","level":"info","event":"Filling up the DagBag from /opt/airflow/dags/verdanta_daily.py","logger":"airflow.dag_processing.dagbag.BundleDagBag","filename":"dagbag.py","lineno":469}
{"timestamp":"2026-08-28T11:35:02.175516Z","level":"info","event":"::group::Cosmos DAG parsing logs","logger":"cosmos.converter","filename":"converter.py","lineno":321}
{"timestamp":"2026-08-28T11:35:02.179094Z","level":"info","event":"Cosmos cache dir resolved to /tmp/cosmos/verdanta_daily__dbt_daily","logger":"cosmos.converter","filename":"converter.py","lineno":346}
{"timestamp":"2026-08-28T11:35:02.179314Z","level":"info","event":"Trying to parse the dbt project using dbt ls cache cosmos_cache__verdanta_daily__dbt_daily...","logger":"cosmos.dbt.graph","filename":"graph.py","lineno":869}
{"timestamp":"2026-08-28T11:35:02.329661Z","level":"info","event":"Cosmos performance: time to calculate cache identifier cosmos_cache__verdanta_daily__dbt_daily for current version: 0.13224783299995124","logger":"cosmos.cache","filename":"cache.py","lineno":401}
{"timestamp":"2026-08-28T11:35:02.329917Z","level":"info","event":"Cosmos performance [46e70e30ac03|736]: The cache size for cosmos_cache__verdanta_daily__dbt_daily is 81421","logger":"cosmos.dbt.graph","filename":"graph.py","lineno":886}
{"timestamp":"2026-08-28T11:35:02.332788Z","level":"info","event":"Cosmos performance: Cache hit for cosmos_cache__verdanta_daily__dbt_daily - 7ef252dbf94f4e7f8dda113986a456cc,ff67f1985ea8a9c639de2e1985ae4cf7","logger":"cosmos.dbt.graph","filename":"graph.py","lineno":898}
{"timestamp":"2026-08-28T11:35:02.333074Z","level":"info","event":"Total nodes: 91","logger":"cosmos.dbt.graph","filename":"graph.py","lineno":799}
{"timestamp":"2026-08-28T11:35:02.333145Z","level":"info","event":"Total filtered nodes: 91","logger":"cosmos.dbt.graph","filename":"graph.py","lineno":800}
{"timestamp":"2026-08-28T11:35:02.333250Z","level":"info","event":"Cosmos performance (verdanta_daily__dbt_daily) - [46e70e30ac03|736]: It took 0.154s to parse the dbt project for DAG using LoadMode.DBT_LS_CACHE","logger":"cosmos.converter","filename":"converter.py","lineno":371}
{"timestamp":"2026-08-28T11:35:02.409571Z","level":"info","event":"Cosmos performance (verdanta_daily__dbt_daily) - [46e70e30ac03|736]: It took 0.0763s to build the Airflow DAG.","logger":"cosmos.converter","filename":"converter.py","lineno":423}
{"timestamp":"2026-08-28T11:35:02.409787Z","level":"info","event":"::endgroup::Cosmos DAG parsing logs","logger":"cosmos.converter","filename":"converter.py","lineno":430}
{"timestamp":"2026-08-28T11:35:02.410472Z","level":"warning","event":"Using Variable.get from `airflow.models` is deprecated.Please use `get` on Variable from sdk(`airflow.sdk.Variable`) instead","category":"UserWarning","filename":"/home/airflow/.local/lib/python3.13/site-packages/airflow/models/variable.py","lineno":158,"logger":"py.warnings"}
{"timestamp":"2026-08-28T11:35:32.703808Z","level":"info","event":"Filling up the DagBag from /opt/airflow/dags/verdanta_daily.py","logger":"airflow.dag_processing.dagbag.BundleDagBag","filename":"dagbag.py","lineno":469}
{"timestamp":"2026-08-28T11:35:32.779276Z","level":"info","event":"::group::Cosmos DAG parsing logs","logger":"cosmos.converter","filename":"converter.py","lineno":321}
{"timestamp":"2026-08-28T11:35:32.783135Z","level":"info","event":"Cosmos cache dir resolved to /tmp/cosmos/verdanta_daily__dbt_daily","logger":"cosmos.converter","filename":"converter.py","lineno":346}
{"timestamp":"2026-08-28T11:35:32.783387Z","level":"info","event":"Trying to parse the dbt project using dbt ls cache cosmos_cache__verdanta_daily__dbt_daily...","logger":"cosmos.dbt.graph","filename":"graph.py","lineno":869}
{"timestamp":"2026-08-28T11:35:32.934776Z","level":"info","event":"Cosmos performance: time to calculate cache identifier cosmos_cache__verdanta_daily__dbt_daily for current version: 0.13387927700000546","logger":"cosmos.cache","filename":"cache.py","lineno":401}
{"timestamp":"2026-08-28T11:35:32.935021Z","level":"info","event":"Cosmos performance [46e70e30ac03|769]: The cache size for cosmos_cache__verdanta_daily__dbt_daily is 81421","logger":"cosmos.dbt.graph","filename":"graph.py","lineno":886}
{"timestamp":"2026-08-28T11:35:32.937613Z","level":"info","event":"Cosmos performance: Cache hit for cosmos_cache__verdanta_daily__dbt_daily - 7ef252dbf94f4e7f8dda113986a456cc,ff67f1985ea8a9c639de2e1985ae4cf7","logger":"cosmos.dbt.graph","filename":"graph.py","lineno":898}
{"timestamp":"2026-08-28T11:35:32.937826Z","level":"info","event":"Total nodes: 91","logger":"cosmos.dbt.graph","filename":"graph.py","lineno":799}
{"timestamp":"2026-08-28T11:35:32.937893Z","level":"info","event":"Total filtered nodes: 91","logger":"cosmos.dbt.graph","filename":"graph.py","lineno":800}
{"timestamp":"2026-08-28T11:35:32.937961Z","level":"info","event":"Cosmos performance (verdanta_daily__dbt_daily) - [46e70e30ac03|769]: It took 0.155s to parse the dbt project for DAG using LoadMode.DBT_LS_CACHE","logger":"cosmos.converter","filename":"converter.py","lineno":371}
{"timestamp":"2026-08-28T11:35:33.016000Z","level":"info","event":"Cosmos performance (verdanta_daily__dbt_daily) - [46e70e30ac03|769]: It took 0.0779s to build the Airflow DAG.","logger":"cosmos.converter","filename":"converter.py","lineno":423}
{"timestamp":"2026-08-28T11:35:33.016182Z","level":"info","event":"::endgroup::Cosmos DAG parsing logs","logger":"cosmos.converter","filename":"converter.py","lineno":430}
{"timestamp":"2026-08-28T11:35:33.016772Z","level":"warning","event":"Using Variable.get from `airflow.models` is deprecated.Please use `get` on Variable from sdk(`airflow.sdk.Variable`) instead","category":"UserWarning","filename":"/home/airflow/.local/lib/python3.13/site-packages/airflow/models/variable.py","lineno":158,"logger":"py.warnings"}
{"timestamp":"2026-08-28T11:36:03.640030Z","level":"info","event":"Filling up the DagBag from /opt/airflow/dags/verdanta_daily.py","logger":"airflow.dag_processing.dagbag.BundleDagBag","filename":"dagbag.py","lineno":469}
{"timestamp":"2026-08-28T11:36:03.710111Z","level":"info","event":"::group::Cosmos DAG parsing logs","logger":"cosmos.converter","filename":"converter.py","lineno":321}
{"timestamp":"2026-08-28T11:36:03.713445Z","level":"info","event":"Cosmos cache dir resolved to /tmp/cosmos/verdanta_daily__dbt_daily","logger":"cosmos.converter","filename":"converter.py","lineno":346}
{"timestamp":"2026-08-28T11:36:03.713688Z","level":"info","event":"Trying to parse the dbt project using dbt ls cache cosmos_cache__verdanta_daily__dbt_daily...","logger":"cosmos.dbt.graph","filename":"graph.py","lineno":869}
{"timestamp":"2026-08-28T11:36:03.863292Z","level":"info","event":"Cosmos performance: time to calculate cache identifier cosmos_cache__verdanta_daily__dbt_daily for current version: 0.1303134909999244","logger":"cosmos.cache","filename":"cache.py","lineno":401}
{"timestamp":"2026-08-28T11:36:03.863541Z","level":"info","event":"Cosmos performance [46e70e30ac03|786]: The cache size for cosmos_cache__verdanta_daily__dbt_daily is 81421","logger":"cosmos.dbt.graph","filename":"graph.py","lineno":886}
{"timestamp":"2026-08-28T11:36:04.057117Z","level":"info","event":"Cosmos performance: Cache hit for cosmos_cache__verdanta_daily__dbt_daily - 7ef252dbf94f4e7f8dda113986a456cc,ff67f1985ea8a9c639de2e1985ae4cf7","logger":"cosmos.dbt.graph","filename":"graph.py","lineno":898}
{"timestamp":"2026-08-28T11:36:04.057441Z","level":"info","event":"Total nodes: 91","logger":"cosmos.dbt.graph","filename":"graph.py","lineno":799}
{"timestamp":"2026-08-28T11:36:04.057512Z","level":"info","event":"Total filtered nodes: 91","logger":"cosmos.dbt.graph","filename":"graph.py","lineno":800}
{"timestamp":"2026-08-28T11:36:04.057593Z","level":"info","event":"Cosmos performance (verdanta_daily__dbt_daily) - [46e70e30ac03|786]: It took 0.344s to parse the dbt project for DAG using LoadMode.DBT_LS_CACHE","logger":"cosmos.converter","filename":"converter.py","lineno":371}
{"timestamp":"2026-08-28T11:36:04.131668Z","level":"info","event":"Cosmos performance (verdanta_daily__dbt_daily) - [46e70e30ac03|786]: It took 0.074s to build the Airflow DAG.","logger":"cosmos.converter","filename":"converter.py","lineno":423}
{"timestamp":"2026-08-28T11:36:04.131838Z","level":"info","event":"::endgroup::Cosmos DAG parsing logs","logger":"cosmos.converter","filename":"converter.py","lineno":430}
{"timestamp":"2026-08-28T11:36:04.132352Z","level":"warning","event":"Using Variable.get from `airflow.models` is deprecated.Please use `get` on Variable from sdk(`airflow.sdk.Variable`) instead","category":"UserWarning","filename":"/home/airflow/.local/lib/python3.13/site-packages/airflow/models/variable.py","lineno":158,"logger":"py.warnings"}
{"timestamp":"2026-08-28T11:36:34.427977Z","level":"info","event":"Filling up the DagBag from /opt/airflow/dags/verdanta_daily.py","logger":"airflow.dag_processing.dagbag.BundleDagBag","filename":"dagbag.py","lineno":469}
{"timestamp":"2026-08-28T11:36:34.494512Z","level":"info","event":"::group::Cosmos DAG parsing logs","logger":"cosmos.converter","filename":"converter.py","lineno":321}
{"timestamp":"2026-08-28T11:36:34.497591Z","level":"info","event":"Cosmos cache dir resolved to /tmp/cosmos/verdanta_daily__dbt_daily","logger":"cosmos.converter","filename":"converter.py","lineno":346}
{"timestamp":"2026-08-28T11:36:34.497854Z","level":"info","event":"Trying to parse the dbt project using dbt ls cache cosmos_cache__verdanta_daily__dbt_daily...","logger":"cosmos.dbt.graph","filename":"graph.py","lineno":869}
{"timestamp":"2026-08-28T11:36:34.643283Z","level":"info","event":"Cosmos performance: time to calculate cache identifier cosmos_cache__verdanta_daily__dbt_daily for current version: 0.12904443800005083","logger":"cosmos.cache","filename":"cache.py","lineno":401}
{"timestamp":"2026-08-28T11:36:34.643530Z","level":"info","event":"Cosmos performance [46e70e30ac03|822]: The cache size for cosmos_cache__verdanta_daily__dbt_daily is 81421","logger":"cosmos.dbt.graph","filename":"graph.py","lineno":886}
{"timestamp":"2026-08-28T11:36:34.646480Z","level":"info","event":"Cosmos performance: Cache hit for cosmos_cache__verdanta_daily__dbt_daily - 7ef252dbf94f4e7f8dda113986a456cc,ff67f1985ea8a9c639de2e1985ae4cf7","logger":"cosmos.dbt.graph","filename":"graph.py","lineno":898}
{"timestamp":"2026-08-28T11:36:34.646709Z","level":"info","event":"Total nodes: 91","logger":"cosmos.dbt.graph","filename":"graph.py","lineno":799}
{"timestamp":"2026-08-28T11:36:34.646782Z","level":"info","event":"Total filtered nodes: 91","logger":"cosmos.dbt.graph","filename":"graph.py","lineno":800}
{"timestamp":"2026-08-28T11:36:34.646879Z","level":"info","event":"Cosmos performance (verdanta_daily__dbt_daily) - [46e70e30ac03|822]: It took 0.149s to parse the dbt project for DAG using LoadMode.DBT_LS_CACHE","logger":"cosmos.converter","filename":"converter.py","lineno":371}
{"timestamp":"2026-08-28T11:36:34.720813Z","level":"info","event":"Cosmos performance (verdanta_daily__dbt_daily) - [46e70e30ac03|822]: It took 0.0739s to build the Airflow DAG.","logger":"cosmos.converter","filename":"converter.py","lineno":423}
{"timestamp":"2026-08-28T11:36:34.721068Z","level":"info","event":"::endgroup::Cosmos DAG parsing logs","logger":"cosmos.converter","filename":"converter.py","lineno":430}
{"timestamp":"2026-08-28T11:36:34.721739Z","level":"warning","event":"Using Variable.get from `airflow.models` is deprecated.Please use `get` on Variable from sdk(`airflow.sdk.Variable`) instead","category":"UserWarning","filename":"/home/airflow/.local/lib/python3.13/site-packages/airflow/models/variable.py","lineno":158,"logger":"py.warnings"}
{"timestamp":"2026-08-28T11:37:05.679645Z","level":"info","event":"Filling up the DagBag from /opt/airflow/dags/verdanta_daily.py","logger":"airflow.dag_processing.dagbag.BundleDagBag","filename":"dagbag.py","lineno":469}
{"timestamp":"2026-08-28T11:37:05.747578Z","level":"info","event":"::group::Cosmos DAG parsing logs","logger":"cosmos.converter","filename":"converter.py","lineno":321}
{"timestamp":"2026-08-28T11:37:05.750786Z","level":"info","event":"Cosmos cache dir resolved to /tmp/cosmos/verdanta_daily__dbt_daily","logger":"cosmos.converter","filename":"converter.py","lineno":346}
{"timestamp":"2026-08-28T11:37:05.751006Z","level":"info","event":"Trying to parse the dbt project using dbt ls cache cosmos_cache__verdanta_daily__dbt_daily...","logger":"cosmos.dbt.graph","filename":"graph.py","lineno":869}
{"timestamp":"2026-08-28T11:37:05.896775Z","level":"info","event":"Cosmos performance: time to calculate cache identifier cosmos_cache__verdanta_daily__dbt_daily for current version: 0.12899373799996283","logger":"cosmos.cache","filename":"cache.py","lineno":401}
{"timestamp":"2026-08-28T11:37:05.897084Z","level":"info","event":"Cosmos performance [46e70e30ac03|858]: The cache size for cosmos_cache__verdanta_daily__dbt_daily is 81421","logger":"cosmos.dbt.graph","filename":"graph.py","lineno":886}
{"timestamp":"2026-08-28T11:37:05.900139Z","level":"info","event":"Cosmos performance: Cache hit for cosmos_cache__verdanta_daily__dbt_daily - 7ef252dbf94f4e7f8dda113986a456cc,ff67f1985ea8a9c639de2e1985ae4cf7","logger":"cosmos.dbt.graph","filename":"graph.py","lineno":898}
{"timestamp":"2026-08-28T11:37:05.900387Z","level":"info","event":"Total nodes: 91","logger":"cosmos.dbt.graph","filename":"graph.py","lineno":799}
{"timestamp":"2026-08-28T11:37:05.900470Z","level":"info","event":"Total filtered nodes: 91","logger":"cosmos.dbt.graph","filename":"graph.py","lineno":800}
{"timestamp":"2026-08-28T11:37:05.900540Z","level":"info","event":"Cosmos performance (verdanta_daily__dbt_daily) - [46e70e30ac03|858]: It took 0.15s to parse the dbt project for DAG using LoadMode.DBT_LS_CACHE","logger":"cosmos.converter","filename":"converter.py","lineno":371}
{"timestamp":"2026-08-28T11:37:05.973309Z","level":"info","event":"Cosmos performance (verdanta_daily__dbt_daily) - [46e70e30ac03|858]: It took 0.0727s to build the Airflow DAG.","logger":"cosmos.converter","filename":"converter.py","lineno":423}
{"timestamp":"2026-08-28T11:37:05.973480Z","level":"info","event":"::endgroup::Cosmos DAG parsing logs","logger":"cosmos.converter","filename":"converter.py","lineno":430}
{"timestamp":"2026-08-28T11:37:05.974088Z","level":"warning","event":"Using Variable.get from `airflow.models` is deprecated.Please use `get` on Variable from sdk(`airflow.sdk.Variable`) instead","category":"UserWarning","filename":"/home/airflow/.local/lib/python3.13/site-packages/airflow/models/variable.py","lineno":158,"logger":"py.warnings"}
{"timestamp":"2026-08-28T11:37:36.140755Z","level":"info","event":"Filling up the DagBag from /opt/airflow/dags/verdanta_daily.py","logger":"airflow.dag_processing.dagbag.BundleDagBag","filename":"dagbag.py","lineno":469}
{"timestamp":"2026-08-28T11:37:36.211023Z","level":"info","event":"::group::Cosmos DAG parsing logs","logger":"cosmos.converter","filename":"converter.py","lineno":321}
{"timestamp":"2026-08-28T11:37:36.214212Z","level":"info","event":"Cosmos cache dir resolved to /tmp/cosmos/verdanta_daily__dbt_daily","logger":"cosmos.converter","filename":"converter.py","lineno":346}
{"timestamp":"2026-08-28T11:37:36.214476Z","level":"info","event":"Trying to parse the dbt project using dbt ls cache cosmos_cache__verdanta_daily__dbt_daily...","logger":"cosmos.dbt.graph","filename":"graph.py","lineno":869}
{"timestamp":"2026-08-28T11:37:36.360160Z","level":"info","event":"Cosmos performance: time to calculate cache identifier cosmos_cache__verdanta_daily__dbt_daily for current version: 0.12856375700016542","logger":"cosmos.cache","filename":"cache.py","lineno":401}
{"timestamp":"2026-08-28T11:37:36.360500Z","level":"info","event":"Cosmos performance [46e70e30ac03|894]: The cache size for cosmos_cache__verdanta_daily__dbt_daily is 81421","logger":"cosmos.dbt.graph","filename":"graph.py","lineno":886}
{"timestamp":"2026-08-28T11:37:36.365850Z","level":"info","event":"Cosmos performance: Cache hit for cosmos_cache__verdanta_daily__dbt_daily - 7ef252dbf94f4e7f8dda113986a456cc,ff67f1985ea8a9c639de2e1985ae4cf7","logger":"cosmos.dbt.graph","filename":"graph.py","lineno":898}
{"timestamp":"2026-08-28T11:37:36.366049Z","level":"info","event":"Total nodes: 91","logger":"cosmos.dbt.graph","filename":"graph.py","lineno":799}
{"timestamp":"2026-08-28T11:37:36.366122Z","level":"info","event":"Total filtered nodes: 91","logger":"cosmos.dbt.graph","filename":"graph.py","lineno":800}
{"timestamp":"2026-08-28T11:37:36.366188Z","level":"info","event":"Cosmos performance (verdanta_daily__dbt_daily) - [46e70e30ac03|894]: It took 0.152s to parse the dbt project for DAG using LoadMode.DBT_LS_CACHE","logger":"cosmos.converter","filename":"converter.py","lineno":371}
{"timestamp":"2026-08-28T11:37:36.439805Z","level":"info","event":"Cosmos performance (verdanta_daily__dbt_daily) - [46e70e30ac03|894]: It took 0.0736s to build the Airflow DAG.","logger":"cosmos.converter","filename":"converter.py","lineno":423}
{"timestamp":"2026-08-28T11:37:36.439980Z","level":"info","event":"::endgroup::Cosmos DAG parsing logs","logger":"cosmos.converter","filename":"converter.py","lineno":430}
{"timestamp":"2026-08-28T11:37:36.440574Z","level":"warning","event":"Using Variable.get from `airflow.models` is deprecated.Please use `get` on Variable from sdk(`airflow.sdk.Variable`) instead","category":"UserWarning","filename":"/home/airflow/.local/lib/python3.13/site-packages/airflow/models/variable.py","lineno":158,"logger":"py.warnings"}
{"timestamp":"2026-08-28T11:38:06.529149Z","level":"info","event":"Filling up the DagBag from /opt/airflow/dags/verdanta_daily.py","logger":"airflow.dag_processing.dagbag.BundleDagBag","filename":"dagbag.py","lineno":469}
{"timestamp":"2026-08-28T11:38:06.640572Z","level":"info","event":"::group::Cosmos DAG parsing logs","logger":"cosmos.converter","filename":"converter.py","lineno":321}
{"timestamp":"2026-08-28T11:38:06.643974Z","level":"info","event":"Cosmos cache dir resolved to /tmp/cosmos/verdanta_daily__dbt_daily","logger":"cosmos.converter","filename":"converter.py","lineno":346}
{"timestamp":"2026-08-28T11:38:06.644224Z","level":"info","event":"Trying to parse the dbt project using dbt ls cache cosmos_cache__verdanta_daily__dbt_daily...","logger":"cosmos.dbt.graph","filename":"graph.py","lineno":869}
{"timestamp":"2026-08-28T11:38:06.793026Z","level":"info","event":"Cosmos performance: time to calculate cache identifier cosmos_cache__verdanta_daily__dbt_daily for current version: 0.13113540799986367","logger":"cosmos.cache","filename":"cache.py","lineno":401}
{"timestamp":"2026-08-28T11:38:06.793276Z","level":"info","event":"Cosmos performance [46e70e30ac03|930]: The cache size for cosmos_cache__verdanta_daily__dbt_daily is 81421","logger":"cosmos.dbt.graph","filename":"graph.py","lineno":886}
{"timestamp":"2026-08-28T11:38:06.796352Z","level":"info","event":"Cosmos performance: Cache hit for cosmos_cache__verdanta_daily__dbt_daily - 7ef252dbf94f4e7f8dda113986a456cc,ff67f1985ea8a9c639de2e1985ae4cf7","logger":"cosmos.dbt.graph","filename":"graph.py","lineno":898}
{"timestamp":"2026-08-28T11:38:06.796555Z","level":"info","event":"Total nodes: 91","logger":"cosmos.dbt.graph","filename":"graph.py","lineno":799}
{"timestamp":"2026-08-28T11:38:06.796655Z","level":"info","event":"Total filtered nodes: 91","logger":"cosmos.dbt.graph","filename":"graph.py","lineno":800}
{"timestamp":"2026-08-28T11:38:06.796732Z","level":"info","event":"Cosmos performance (verdanta_daily__dbt_daily) - [46e70e30ac03|930]: It took 0.153s to parse the dbt project for DAG using LoadMode.DBT_LS_CACHE","logger":"cosmos.converter","filename":"converter.py","lineno":371}
{"timestamp":"2026-08-28T11:38:06.874171Z","level":"info","event":"Cosmos performance (verdanta_daily__dbt_daily) - [46e70e30ac03|930]: It took 0.0774s to build the Airflow DAG.","logger":"cosmos.converter","filename":"converter.py","lineno":423}
{"timestamp":"2026-08-28T11:38:06.874372Z","level":"info","event":"::endgroup::Cosmos DAG parsing logs","logger":"cosmos.converter","filename":"converter.py","lineno":430}
{"timestamp":"2026-08-28T11:38:06.874886Z","level":"warning","event":"Using Variable.get from `airflow.models` is deprecated.Please use `get` on Variable from sdk(`airflow.sdk.Variable`) instead","category":"UserWarning","filename":"/home/airflow/.local/lib/python3.13/site-packages/airflow/models/variable.py","lineno":158,"logger":"py.warnings"}
{"timestamp":"2026-08-28T11:38:37.573306Z","level":"info","event":"Filling up the DagBag from /opt/airflow/dags/verdanta_daily.py","logger":"airflow.dag_processing.dagbag.BundleDagBag","filename":"dagbag.py","lineno":469}
{"timestamp":"2026-08-28T11:38:37.656825Z","level":"info","event":"::group::Cosmos DAG parsing logs","logger":"cosmos.converter","filename":"converter.py","lineno":321}
{"timestamp":"2026-08-28T11:38:37.662054Z","level":"info","event":"Cosmos cache dir resolved to /tmp/cosmos/verdanta_daily__dbt_daily","logger":"cosmos.converter","filename":"converter.py","lineno":346}
{"timestamp":"2026-08-28T11:38:37.662305Z","level":"info","event":"Trying to parse the dbt project using dbt ls cache cosmos_cache__verdanta_daily__dbt_daily...","logger":"cosmos.dbt.graph","filename":"graph.py","lineno":869}
{"timestamp":"2026-08-28T11:38:37.818224Z","level":"info","event":"Cosmos performance: time to calculate cache identifier cosmos_cache__verdanta_daily__dbt_daily for current version: 0.13451755699998103","logger":"cosmos.cache","filename":"cache.py","lineno":401}
{"timestamp":"2026-08-28T11:38:37.818483Z","level":"info","event":"Cosmos performance [46e70e30ac03|944]: The cache size for cosmos_cache__verdanta_daily__dbt_daily is 81421","logger":"cosmos.dbt.graph","filename":"graph.py","lineno":886}
{"timestamp":"2026-08-28T11:38:37.821437Z","level":"info","event":"Cosmos performance: Cache hit for cosmos_cache__verdanta_daily__dbt_daily - 7ef252dbf94f4e7f8dda113986a456cc,ff67f1985ea8a9c639de2e1985ae4cf7","logger":"cosmos.dbt.graph","filename":"graph.py","lineno":898}
{"timestamp":"2026-08-28T11:38:37.821657Z","level":"info","event":"Total nodes: 91","logger":"cosmos.dbt.graph","filename":"graph.py","lineno":799}
{"timestamp":"2026-08-28T11:38:37.821739Z","level":"info","event":"Total filtered nodes: 91","logger":"cosmos.dbt.graph","filename":"graph.py","lineno":800}
{"timestamp":"2026-08-28T11:38:37.821816Z","level":"info","event":"Cosmos performance (verdanta_daily__dbt_daily) - [46e70e30ac03|944]: It took 0.16s to parse the dbt project for DAG using LoadMode.DBT_LS_CACHE","logger":"cosmos.converter","filename":"converter.py","lineno":371}
{"timestamp":"2026-08-28T11:38:37.916816Z","level":"info","event":"Cosmos performance (verdanta_daily__dbt_daily) - [46e70e30ac03|944]: It took 0.0949s to build the Airflow DAG.","logger":"cosmos.converter","filename":"converter.py","lineno":423}
{"timestamp":"2026-08-28T11:38:37.917145Z","level":"info","event":"::endgroup::Cosmos DAG parsing logs","logger":"cosmos.converter","filename":"converter.py","lineno":430}
{"timestamp":"2026-08-28T11:38:37.917870Z","level":"warning","event":"Using Variable.get from `airflow.models` is deprecated.Please use `get` on Variable from sdk(`airflow.sdk.Variable`) instead","category":"UserWarning","filename":"/home/airflow/.local/lib/python3.13/site-packages/airflow/models/variable.py","lineno":158,"logger":"py.warnings"}
{"timestamp":"2026-08-28T11:39:08.298002Z","level":"info","event":"Filling up the DagBag from /opt/airflow/dags/verdanta_daily.py","logger":"airflow.dag_processing.dagbag.BundleDagBag","filename":"dagbag.py","lineno":469}
{"timestamp":"2026-08-28T11:39:08.369773Z","level":"info","event":"::group::Cosmos DAG parsing logs","logger":"cosmos.converter","filename":"converter.py","lineno":321}
{"timestamp":"2026-08-28T11:39:08.374039Z","level":"info","event":"Cosmos cache dir resolved to /tmp/cosmos/verdanta_daily__dbt_daily","logger":"cosmos.converter","filename":"converter.py","lineno":346}
{"timestamp":"2026-08-28T11:39:08.374264Z","level":"info","event":"Trying to parse the dbt project using dbt ls cache cosmos_cache__verdanta_daily__dbt_daily...","logger":"cosmos.dbt.graph","filename":"graph.py","lineno":869}
{"timestamp":"2026-08-28T11:39:08.546252Z","level":"info","event":"Cosmos performance: time to calculate cache identifier cosmos_cache__verdanta_daily__dbt_daily for current version: 0.15163170100004209","logger":"cosmos.cache","filename":"cache.py","lineno":401}
{"timestamp":"2026-08-28T11:39:08.546479Z","level":"info","event":"Cosmos performance [46e70e30ac03|979]: The cache size for cosmos_cache__verdanta_daily__dbt_daily is 81421","logger":"cosmos.dbt.graph","filename":"graph.py","lineno":886}
{"timestamp":"2026-08-28T11:39:08.548878Z","level":"info","event":"Cosmos performance: Cache hit for cosmos_cache__verdanta_daily__dbt_daily - 7ef252dbf94f4e7f8dda113986a456cc,ff67f1985ea8a9c639de2e1985ae4cf7","logger":"cosmos.dbt.graph","filename":"graph.py","lineno":898}
{"timestamp":"2026-08-28T11:39:08.549188Z","level":"info","event":"Total nodes: 91","logger":"cosmos.dbt.graph","filename":"graph.py","lineno":799}
{"timestamp":"2026-08-28T11:39:08.549272Z","level":"info","event":"Total filtered nodes: 91","logger":"cosmos.dbt.graph","filename":"graph.py","lineno":800}
{"timestamp":"2026-08-28T11:39:08.549396Z","level":"info","event":"Cosmos performance (verdanta_daily__dbt_daily) - [46e70e30ac03|979]: It took 0.175s to parse the dbt project for DAG using LoadMode.DBT_LS_CACHE","logger":"cosmos.converter","filename":"converter.py","lineno":371}
{"timestamp":"2026-08-28T11:39:08.632547Z","level":"info","event":"Cosmos performance (verdanta_daily__dbt_daily) - [46e70e30ac03|979]: It took 0.0831s to build the Airflow DAG.","logger":"cosmos.converter","filename":"converter.py","lineno":423}
{"timestamp":"2026-08-28T11:39:08.632735Z","level":"info","event":"::endgroup::Cosmos DAG parsing logs","logger":"cosmos.converter","filename":"converter.py","lineno":430}
{"timestamp":"2026-08-28T11:39:08.633324Z","level":"warning","event":"Using Variable.get from `airflow.models` is deprecated.Please use `get` on Variable from sdk(`airflow.sdk.Variable`) instead","category":"UserWarning","filename":"/home/airflow/.local/lib/python3.13/site-packages/airflow/models/variable.py","lineno":158,"logger":"py.warnings"}
{"timestamp":"2026-08-28T11:39:38.750956Z","level":"info","event":"Filling up the DagBag from /opt/airflow/dags/verdanta_daily.py","logger":"airflow.dag_processing.dagbag.BundleDagBag","filename":"dagbag.py","lineno":469}
{"timestamp":"2026-08-28T11:39:38.829259Z","level":"info","event":"::group::Cosmos DAG parsing logs","logger":"cosmos.converter","filename":"converter.py","lineno":321}
{"timestamp":"2026-08-28T11:39:38.833617Z","level":"info","event":"Cosmos cache dir resolved to /tmp/cosmos/verdanta_daily__dbt_daily","logger":"cosmos.converter","filename":"converter.py","lineno":346}
{"timestamp":"2026-08-28T11:39:38.833819Z","level":"info","event":"Trying to parse the dbt project using dbt ls cache cosmos_cache__verdanta_daily__dbt_daily...","logger":"cosmos.dbt.graph","filename":"graph.py","lineno":869}
{"timestamp":"2026-08-28T11:39:38.984908Z","level":"info","event":"Cosmos performance: time to calculate cache identifier cosmos_cache__verdanta_daily__dbt_daily for current version: 0.13441564899994773","logger":"cosmos.cache","filename":"cache.py","lineno":401}
{"timestamp":"2026-08-28T11:39:38.985154Z","level":"info","event":"Cosmos performance [46e70e30ac03|1008]: The cache size for cosmos_cache__verdanta_daily__dbt_daily is 81421","logger":"cosmos.dbt.graph","filename":"graph.py","lineno":886}
{"timestamp":"2026-08-28T11:39:38.987854Z","level":"info","event":"Cosmos performance: Cache hit for cosmos_cache__verdanta_daily__dbt_daily - 7ef252dbf94f4e7f8dda113986a456cc,ff67f1985ea8a9c639de2e1985ae4cf7","logger":"cosmos.dbt.graph","filename":"graph.py","lineno":898}
{"timestamp":"2026-08-28T11:39:38.988108Z","level":"info","event":"Total nodes: 91","logger":"cosmos.dbt.graph","filename":"graph.py","lineno":799}
{"timestamp":"2026-08-28T11:39:38.988187Z","level":"info","event":"Total filtered nodes: 91","logger":"cosmos.dbt.graph","filename":"graph.py","lineno":800}
{"timestamp":"2026-08-28T11:39:38.988259Z","level":"info","event":"Cosmos performance (verdanta_daily__dbt_daily) - [46e70e30ac03|1008]: It took 0.155s to parse the dbt project for DAG using LoadMode.DBT_LS_CACHE","logger":"cosmos.converter","filename":"converter.py","lineno":371}
{"timestamp":"2026-08-28T11:39:39.069996Z","level":"info","event":"Cosmos performance (verdanta_daily__dbt_daily) - [46e70e30ac03|1008]: It took 0.0816s to build the Airflow DAG.","logger":"cosmos.converter","filename":"converter.py","lineno":423}
{"timestamp":"2026-08-28T11:39:39.070211Z","level":"info","event":"::endgroup::Cosmos DAG parsing logs","logger":"cosmos.converter","filename":"converter.py","lineno":430}
{"timestamp":"2026-08-28T11:39:39.070988Z","level":"warning","event":"Using Variable.get from `airflow.models` is deprecated.Please use `get` on Variable from sdk(`airflow.sdk.Variable`) instead","category":"UserWarning","filename":"/home/airflow/.local/lib/python3.13/site-packages/airflow/models/variable.py","lineno":158,"logger":"py.warnings"}
{"timestamp":"2026-08-28T11:40:10.028349Z","level":"info","event":"Filling up the DagBag from /opt/airflow/dags/verdanta_daily.py","logger":"airflow.dag_processing.dagbag.BundleDagBag","filename":"dagbag.py","lineno":469}
{"timestamp":"2026-08-28T11:40:10.097973Z","level":"info","event":"::group::Cosmos DAG parsing logs","logger":"cosmos.converter","filename":"converter.py","lineno":321}
{"timestamp":"2026-08-28T11:40:10.102029Z","level":"info","event":"Cosmos cache dir resolved to /tmp/cosmos/verdanta_daily__dbt_daily","logger":"cosmos.converter","filename":"converter.py","lineno":346}
{"timestamp":"2026-08-28T11:40:10.102225Z","level":"info","event":"Trying to parse the dbt project using dbt ls cache cosmos_cache__verdanta_daily__dbt_daily...","logger":"cosmos.dbt.graph","filename":"graph.py","lineno":869}
{"timestamp":"2026-08-28T11:40:10.250939Z","level":"info","event":"Cosmos performance: time to calculate cache identifier cosmos_cache__verdanta_daily__dbt_daily for current version: 0.1321618329998273","logger":"cosmos.cache","filename":"cache.py","lineno":401}
{"timestamp":"2026-08-28T11:40:10.251173Z","level":"info","event":"Cosmos performance [46e70e30ac03|1044]: The cache size for cosmos_cache__verdanta_daily__dbt_daily is 81421","logger":"cosmos.dbt.graph","filename":"graph.py","lineno":886}
{"timestamp":"2026-08-28T11:40:10.253564Z","level":"info","event":"Cosmos performance: Cache hit for cosmos_cache__verdanta_daily__dbt_daily - 7ef252dbf94f4e7f8dda113986a456cc,ff67f1985ea8a9c639de2e1985ae4cf7","logger":"cosmos.dbt.graph","filename":"graph.py","lineno":898}
{"timestamp":"2026-08-28T11:40:10.253762Z","level":"info","event":"Total nodes: 91","logger":"cosmos.dbt.graph","filename":"graph.py","lineno":799}
{"timestamp":"2026-08-28T11:40:10.253828Z","level":"info","event":"Total filtered nodes: 91","logger":"cosmos.dbt.graph","filename":"graph.py","lineno":800}
{"timestamp":"2026-08-28T11:40:10.253897Z","level":"info","event":"Cosmos performance (verdanta_daily__dbt_daily) - [46e70e30ac03|1044]: It took 0.152s to parse the dbt project for DAG using LoadMode.DBT_LS_CACHE","logger":"cosmos.converter","filename":"converter.py","lineno":371}
{"timestamp":"2026-08-28T11:40:10.326926Z","level":"info","event":"Cosmos performance (verdanta_daily__dbt_daily) - [46e70e30ac03|1044]: It took 0.073s to build the Airflow DAG.","logger":"cosmos.converter","filename":"converter.py","lineno":423}
{"timestamp":"2026-08-28T11:40:10.327107Z","level":"info","event":"::endgroup::Cosmos DAG parsing logs","logger":"cosmos.converter","filename":"converter.py","lineno":430}
{"timestamp":"2026-08-28T11:40:10.327664Z","level":"warning","event":"Using Variable.get from `airflow.models` is deprecated.Please use `get` on Variable from sdk(`airflow.sdk.Variable`) instead","category":"UserWarning","filename":"/home/airflow/.local/lib/python3.13/site-packages/airflow/models/variable.py","lineno":158,"logger":"py.warnings"}
{"timestamp":"2026-08-28T11:40:41.104312Z","level":"info","event":"Filling up the DagBag from /opt/airflow/dags/verdanta_daily.py","logger":"airflow.dag_processing.dagbag.BundleDagBag","filename":"dagbag.py","lineno":469}
{"timestamp":"2026-08-28T11:40:41.174227Z","level":"info","event":"::group::Cosmos DAG parsing logs","logger":"cosmos.converter","filename":"converter.py","lineno":321}
{"timestamp":"2026-08-28T11:40:41.178476Z","level":"info","event":"Cosmos cache dir resolved to /tmp/cosmos/verdanta_daily__dbt_daily","logger":"cosmos.converter","filename":"converter.py","lineno":346}
{"timestamp":"2026-08-28T11:40:41.178700Z","level":"info","event":"Trying to parse the dbt project using dbt ls cache cosmos_cache__verdanta_daily__dbt_daily...","logger":"cosmos.dbt.graph","filename":"graph.py","lineno":869}
{"timestamp":"2026-08-28T11:40:41.331161Z","level":"info","event":"Cosmos performance: time to calculate cache identifier cosmos_cache__verdanta_daily__dbt_daily for current version: 0.13463325899988376","logger":"cosmos.cache","filename":"cache.py","lineno":401}
{"timestamp":"2026-08-28T11:40:41.331414Z","level":"info","event":"Cosmos performance [46e70e30ac03|1080]: The cache size for cosmos_cache__verdanta_daily__dbt_daily is 81421","logger":"cosmos.dbt.graph","filename":"graph.py","lineno":886}
{"timestamp":"2026-08-28T11:40:41.333585Z","level":"info","event":"Cosmos performance: Cache hit for cosmos_cache__verdanta_daily__dbt_daily - 7ef252dbf94f4e7f8dda113986a456cc,ff67f1985ea8a9c639de2e1985ae4cf7","logger":"cosmos.dbt.graph","filename":"graph.py","lineno":898}
{"timestamp":"2026-08-28T11:40:41.333783Z","level":"info","event":"Total nodes: 91","logger":"cosmos.dbt.graph","filename":"graph.py","lineno":799}
{"timestamp":"2026-08-28T11:40:41.333847Z","level":"info","event":"Total filtered nodes: 91","logger":"cosmos.dbt.graph","filename":"graph.py","lineno":800}
{"timestamp":"2026-08-28T11:40:41.333915Z","level":"info","event":"Cosmos performance (verdanta_daily__dbt_daily) - [46e70e30ac03|1080]: It took 0.155s to parse the dbt project for DAG using LoadMode.DBT_LS_CACHE","logger":"cosmos.converter","filename":"converter.py","lineno":371}
{"timestamp":"2026-08-28T11:40:41.407471Z","level":"info","event":"Cosmos performance (verdanta_daily__dbt_daily) - [46e70e30ac03|1080]: It took 0.0735s to build the Airflow DAG.","logger":"cosmos.converter","filename":"converter.py","lineno":423}
{"timestamp":"2026-08-28T11:40:41.407642Z","level":"info","event":"::endgroup::Cosmos DAG parsing logs","logger":"cosmos.converter","filename":"converter.py","lineno":430}
{"timestamp":"2026-08-28T11:40:41.408225Z","level":"warning","event":"Using Variable.get from `airflow.models` is deprecated.Please use `get` on Variable from sdk(`airflow.sdk.Variable`) instead","category":"UserWarning","filename":"/home/airflow/.local/lib/python3.13/site-packages/airflow/models/variable.py","lineno":158,"logger":"py.warnings"}
{"timestamp":"2026-08-28T11:41:11.982947Z","level":"info","event":"Filling up the DagBag from /opt/airflow/dags/verdanta_daily.py","logger":"airflow.dag_processing.dagbag.BundleDagBag","filename":"dagbag.py","lineno":469}
{"timestamp":"2026-08-28T11:41:12.070450Z","level":"info","event":"::group::Cosmos DAG parsing logs","logger":"cosmos.converter","filename":"converter.py","lineno":321}
{"timestamp":"2026-08-28T11:41:12.074964Z","level":"info","event":"Cosmos cache dir resolved to /tmp/cosmos/verdanta_daily__dbt_daily","logger":"cosmos.converter","filename":"converter.py","lineno":346}
{"timestamp":"2026-08-28T11:41:12.075233Z","level":"info","event":"Trying to parse the dbt project using dbt ls cache cosmos_cache__verdanta_daily__dbt_daily...","logger":"cosmos.dbt.graph","filename":"graph.py","lineno":869}
{"timestamp":"2026-08-28T11:41:12.234842Z","level":"info","event":"Cosmos performance: time to calculate cache identifier cosmos_cache__verdanta_daily__dbt_daily for current version: 0.14054835299998558","logger":"cosmos.cache","filename":"cache.py","lineno":401}
{"timestamp":"2026-08-28T11:41:12.235085Z","level":"info","event":"Cosmos performance [46e70e30ac03|1098]: The cache size for cosmos_cache__verdanta_daily__dbt_daily is 81421","logger":"cosmos.dbt.graph","filename":"graph.py","lineno":886}
{"timestamp":"2026-08-28T11:41:12.238644Z","level":"info","event":"Cosmos performance: Cache hit for cosmos_cache__verdanta_daily__dbt_daily - 7ef252dbf94f4e7f8dda113986a456cc,ff67f1985ea8a9c639de2e1985ae4cf7","logger":"cosmos.dbt.graph","filename":"graph.py","lineno":898}
{"timestamp":"2026-08-28T11:41:12.238866Z","level":"info","event":"Total nodes: 91","logger":"cosmos.dbt.graph","filename":"graph.py","lineno":799}
{"timestamp":"2026-08-28T11:41:12.238937Z","level":"info","event":"Total filtered nodes: 91","logger":"cosmos.dbt.graph","filename":"graph.py","lineno":800}
{"timestamp":"2026-08-28T11:41:12.239005Z","level":"info","event":"Cosmos performance (verdanta_daily__dbt_daily) - [46e70e30ac03|1098]: It took 0.164s to parse the dbt project for DAG using LoadMode.DBT_LS_CACHE","logger":"cosmos.converter","filename":"converter.py","lineno":371}
{"timestamp":"2026-08-28T11:41:12.340863Z","level":"info","event":"Cosmos performance (verdanta_daily__dbt_daily) - [46e70e30ac03|1098]: It took 0.102s to build the Airflow DAG.","logger":"cosmos.converter","filename":"converter.py","lineno":423}
{"timestamp":"2026-08-28T11:41:12.341090Z","level":"info","event":"::endgroup::Cosmos DAG parsing logs","logger":"cosmos.converter","filename":"converter.py","lineno":430}
{"timestamp":"2026-08-28T11:41:12.341786Z","level":"warning","event":"Using Variable.get from `airflow.models` is deprecated.Please use `get` on Variable from sdk(`airflow.sdk.Variable`) instead","category":"UserWarning","filename":"/home/airflow/.local/lib/python3.13/site-packages/airflow/models/variable.py","lineno":158,"logger":"py.warnings"}
{"timestamp":"2026-08-28T11:41:42.823490Z","level":"info","event":"Filling up the DagBag from /opt/airflow/dags/verdanta_daily.py","logger":"airflow.dag_processing.dagbag.BundleDagBag","filename":"dagbag.py","lineno":469}
{"timestamp":"2026-08-28T11:41:42.898139Z","level":"info","event":"::group::Cosmos DAG parsing logs","logger":"cosmos.converter","filename":"converter.py","lineno":321}
{"timestamp":"2026-08-28T11:41:42.902286Z","level":"info","event":"Cosmos cache dir resolved to /tmp/cosmos/verdanta_daily__dbt_daily","logger":"cosmos.converter","filename":"converter.py","lineno":346}
{"timestamp":"2026-08-28T11:41:42.902479Z","level":"info","event":"Trying to parse the dbt project using dbt ls cache cosmos_cache__verdanta_daily__dbt_daily...","logger":"cosmos.dbt.graph","filename":"graph.py","lineno":869}
{"timestamp":"2026-08-28T11:41:43.058056Z","level":"info","event":"Cosmos performance: time to calculate cache identifier cosmos_cache__verdanta_daily__dbt_daily for current version: 0.1400389829998403","logger":"cosmos.cache","filename":"cache.py","lineno":401}
{"timestamp":"2026-08-28T11:41:43.058346Z","level":"info","event":"Cosmos performance [46e70e30ac03|1130]: The cache size for cosmos_cache__verdanta_daily__dbt_daily is 81421","logger":"cosmos.dbt.graph","filename":"graph.py","lineno":886}
{"timestamp":"2026-08-28T11:41:43.061514Z","level":"info","event":"Cosmos performance: Cache hit for cosmos_cache__verdanta_daily__dbt_daily - 7ef252dbf94f4e7f8dda113986a456cc,ff67f1985ea8a9c639de2e1985ae4cf7","logger":"cosmos.dbt.graph","filename":"graph.py","lineno":898}
{"timestamp":"2026-08-28T11:41:43.061787Z","level":"info","event":"Total nodes: 91","logger":"cosmos.dbt.graph","filename":"graph.py","lineno":799}
{"timestamp":"2026-08-28T11:41:43.061863Z","level":"info","event":"Total filtered nodes: 91","logger":"cosmos.dbt.graph","filename":"graph.py","lineno":800}
{"timestamp":"2026-08-28T11:41:43.061933Z","level":"info","event":"Cosmos performance (verdanta_daily__dbt_daily) - [46e70e30ac03|1130]: It took 0.16s to parse the dbt project for DAG using LoadMode.DBT_LS_CACHE","logger":"cosmos.converter","filename":"converter.py","lineno":371}
{"timestamp":"2026-08-28T11:41:43.138499Z","level":"info","event":"Cosmos performance (verdanta_daily__dbt_daily) - [46e70e30ac03|1130]: It took 0.0765s to build the Airflow DAG.","logger":"cosmos.converter","filename":"converter.py","lineno":423}
{"timestamp":"2026-08-28T11:41:43.138684Z","level":"info","event":"::endgroup::Cosmos DAG parsing logs","logger":"cosmos.converter","filename":"converter.py","lineno":430}
{"timestamp":"2026-08-28T11:41:43.139470Z","level":"warning","event":"Using Variable.get from `airflow.models` is deprecated.Please use `get` on Variable from sdk(`airflow.sdk.Variable`) instead","category":"UserWarning","filename":"/home/airflow/.local/lib/python3.13/site-packages/airflow/models/variable.py","lineno":158,"logger":"py.warnings"}
{"timestamp":"2026-08-28T11:42:13.574932Z","level":"info","event":"Filling up the DagBag from /opt/airflow/dags/verdanta_daily.py","logger":"airflow.dag_processing.dagbag.BundleDagBag","filename":"dagbag.py","lineno":469}
{"timestamp":"2026-08-28T11:42:13.649866Z","level":"info","event":"::group::Cosmos DAG parsing logs","logger":"cosmos.converter","filename":"converter.py","lineno":321}
{"timestamp":"2026-08-28T11:42:13.653984Z","level":"info","event":"Cosmos cache dir resolved to /tmp/cosmos/verdanta_daily__dbt_daily","logger":"cosmos.converter","filename":"converter.py","lineno":346}
{"timestamp":"2026-08-28T11:42:13.654293Z","level":"info","event":"Trying to parse the dbt project using dbt ls cache cosmos_cache__verdanta_daily__dbt_daily...","logger":"cosmos.dbt.graph","filename":"graph.py","lineno":869}
{"timestamp":"2026-08-28T11:42:13.808128Z","level":"info","event":"Cosmos performance: time to calculate cache identifier cosmos_cache__verdanta_daily__dbt_daily for current version: 0.13544024699990587","logger":"cosmos.cache","filename":"cache.py","lineno":401}
{"timestamp":"2026-08-28T11:42:13.808391Z","level":"info","event":"Cosmos performance [46e70e30ac03|1166]: The cache size for cosmos_cache__verdanta_daily__dbt_daily is 81421","logger":"cosmos.dbt.graph","filename":"graph.py","lineno":886}
{"timestamp":"2026-08-28T11:42:13.810743Z","level":"info","event":"Cosmos performance: Cache hit for cosmos_cache__verdanta_daily__dbt_daily - 7ef252dbf94f4e7f8dda113986a456cc,ff67f1985ea8a9c639de2e1985ae4cf7","logger":"cosmos.dbt.graph","filename":"graph.py","lineno":898}
{"timestamp":"2026-08-28T11:42:13.810995Z","level":"info","event":"Total nodes: 91","logger":"cosmos.dbt.graph","filename":"graph.py","lineno":799}
{"timestamp":"2026-08-28T11:42:13.811070Z","level":"info","event":"Total filtered nodes: 91","logger":"cosmos.dbt.graph","filename":"graph.py","lineno":800}
{"timestamp":"2026-08-28T11:42:13.811141Z","level":"info","event":"Cosmos performance (verdanta_daily__dbt_daily) - [46e70e30ac03|1166]: It took 0.157s to parse the dbt project for DAG using LoadMode.DBT_LS_CACHE","logger":"cosmos.converter","filename":"converter.py","lineno":371}
{"timestamp":"2026-08-28T11:42:13.888933Z","level":"info","event":"Cosmos performance (verdanta_daily__dbt_daily) - [46e70e30ac03|1166]: It took 0.0777s to build the Airflow DAG.","logger":"cosmos.converter","filename":"converter.py","lineno":423}
{"timestamp":"2026-08-28T11:42:13.889121Z","level":"info","event":"::endgroup::Cosmos DAG parsing logs","logger":"cosmos.converter","filename":"converter.py","lineno":430}
{"timestamp":"2026-08-28T11:42:13.889738Z","level":"warning","event":"Using Variable.get from `airflow.models` is deprecated.Please use `get` on Variable from sdk(`airflow.sdk.Variable`) instead","category":"UserWarning","filename":"/home/airflow/.local/lib/python3.13/site-packages/airflow/models/variable.py","lineno":158,"logger":"py.warnings"}
{"timestamp":"2026-08-28T11:42:44.098371Z","level":"info","event":"Filling up the DagBag from /opt/airflow/dags/verdanta_daily.py","logger":"airflow.dag_processing.dagbag.BundleDagBag","filename":"dagbag.py","lineno":469}
{"timestamp":"2026-08-28T11:42:44.167825Z","level":"info","event":"::group::Cosmos DAG parsing logs","logger":"cosmos.converter","filename":"converter.py","lineno":321}
{"timestamp":"2026-08-28T11:42:44.174801Z","level":"info","event":"Cosmos cache dir resolved to /tmp/cosmos/verdanta_daily__dbt_daily","logger":"cosmos.converter","filename":"converter.py","lineno":346}
{"timestamp":"2026-08-28T11:42:44.175012Z","level":"info","event":"Trying to parse the dbt project using dbt ls cache cosmos_cache__verdanta_daily__dbt_daily...","logger":"cosmos.dbt.graph","filename":"graph.py","lineno":869}
{"timestamp":"2026-08-28T11:42:44.329696Z","level":"info","event":"Cosmos performance: time to calculate cache identifier cosmos_cache__verdanta_daily__dbt_daily for current version: 0.13935960700018768","logger":"cosmos.cache","filename":"cache.py","lineno":401}
{"timestamp":"2026-08-28T11:42:44.329950Z","level":"info","event":"Cosmos performance [46e70e30ac03|1202]: The cache size for cosmos_cache__verdanta_daily__dbt_daily is 81421","logger":"cosmos.dbt.graph","filename":"graph.py","lineno":886}
{"timestamp":"2026-08-28T11:42:44.334379Z","level":"info","event":"Cosmos performance: Cache hit for cosmos_cache__verdanta_daily__dbt_daily - 7ef252dbf94f4e7f8dda113986a456cc,ff67f1985ea8a9c639de2e1985ae4cf7","logger":"cosmos.dbt.graph","filename":"graph.py","lineno":898}
{"timestamp":"2026-08-28T11:42:44.334721Z","level":"info","event":"Total nodes: 91","logger":"cosmos.dbt.graph","filename":"graph.py","lineno":799}
{"timestamp":"2026-08-28T11:42:44.334908Z","level":"info","event":"Total filtered nodes: 91","logger":"cosmos.dbt.graph","filename":"graph.py","lineno":800}
{"timestamp":"2026-08-28T11:42:44.335005Z","level":"info","event":"Cosmos performance (verdanta_daily__dbt_daily) - [46e70e30ac03|1202]: It took 0.16s to parse the dbt project for DAG using LoadMode.DBT_LS_CACHE","logger":"cosmos.converter","filename":"converter.py","lineno":371}
{"timestamp":"2026-08-28T11:42:44.413160Z","level":"info","event":"Cosmos performance (verdanta_daily__dbt_daily) - [46e70e30ac03|1202]: It took 0.0781s to build the Airflow DAG.","logger":"cosmos.converter","filename":"converter.py","lineno":423}
{"timestamp":"2026-08-28T11:42:44.413331Z","level":"info","event":"::endgroup::Cosmos DAG parsing logs","logger":"cosmos.converter","filename":"converter.py","lineno":430}
{"timestamp":"2026-08-28T11:42:44.414007Z","level":"warning","event":"Using Variable.get from `airflow.models` is deprecated.Please use `get` on Variable from sdk(`airflow.sdk.Variable`) instead","category":"UserWarning","filename":"/home/airflow/.local/lib/python3.13/site-packages/airflow/models/variable.py","lineno":158,"logger":"py.warnings"}
{"timestamp":"2026-08-28T11:43:14.553321Z","level":"info","event":"Filling up the DagBag from /opt/airflow/dags/verdanta_daily.py","logger":"airflow.dag_processing.dagbag.BundleDagBag","filename":"dagbag.py","lineno":469}
{"timestamp":"2026-08-28T11:43:14.634392Z","level":"info","event":"::group::Cosmos DAG parsing logs","logger":"cosmos.converter","filename":"converter.py","lineno":321}
{"timestamp":"2026-08-28T11:43:14.638818Z","level":"info","event":"Cosmos cache dir resolved to /tmp/cosmos/verdanta_daily__dbt_daily","logger":"cosmos.converter","filename":"converter.py","lineno":346}
{"timestamp":"2026-08-28T11:43:14.639029Z","level":"info","event":"Trying to parse the dbt project using dbt ls cache cosmos_cache__verdanta_daily__dbt_daily...","logger":"cosmos.dbt.graph","filename":"graph.py","lineno":869}
{"timestamp":"2026-08-28T11:43:14.793901Z","level":"info","event":"Cosmos performance: time to calculate cache identifier cosmos_cache__verdanta_daily__dbt_daily for current version: 0.1356886379999196","logger":"cosmos.cache","filename":"cache.py","lineno":401}
{"timestamp":"2026-08-28T11:43:14.794169Z","level":"info","event":"Cosmos performance [46e70e30ac03|1238]: The cache size for cosmos_cache__verdanta_daily__dbt_daily is 81421","logger":"cosmos.dbt.graph","filename":"graph.py","lineno":886}
{"timestamp":"2026-08-28T11:43:14.796828Z","level":"info","event":"Cosmos performance: Cache hit for cosmos_cache__verdanta_daily__dbt_daily - 7ef252dbf94f4e7f8dda113986a456cc,ff67f1985ea8a9c639de2e1985ae4cf7","logger":"cosmos.dbt.graph","filename":"graph.py","lineno":898}
{"timestamp":"2026-08-28T11:43:14.797072Z","level":"info","event":"Total nodes: 91","logger":"cosmos.dbt.graph","filename":"graph.py","lineno":799}
{"timestamp":"2026-08-28T11:43:14.797203Z","level":"info","event":"Total filtered nodes: 91","logger":"cosmos.dbt.graph","filename":"graph.py","lineno":800}
{"timestamp":"2026-08-28T11:43:14.797292Z","level":"info","event":"Cosmos performance (verdanta_daily__dbt_daily) - [46e70e30ac03|1238]: It took 0.158s to parse the dbt project for DAG using LoadMode.DBT_LS_CACHE","logger":"cosmos.converter","filename":"converter.py","lineno":371}
{"timestamp":"2026-08-28T11:43:14.877880Z","level":"info","event":"Cosmos performance (verdanta_daily__dbt_daily) - [46e70e30ac03|1238]: It took 0.0805s to build the Airflow DAG.","logger":"cosmos.converter","filename":"converter.py","lineno":423}
{"timestamp":"2026-08-28T11:43:14.878062Z","level":"info","event":"::endgroup::Cosmos DAG parsing logs","logger":"cosmos.converter","filename":"converter.py","lineno":430}
{"timestamp":"2026-08-28T11:43:14.878786Z","level":"warning","event":"Using Variable.get from `airflow.models` is deprecated.Please use `get` on Variable from sdk(`airflow.sdk.Variable`) instead","category":"UserWarning","filename":"/home/airflow/.local/lib/python3.13/site-packages/airflow/models/variable.py","lineno":158,"logger":"py.warnings"}
{"timestamp":"2026-08-28T11:43:23.402991Z","level":"info","event":"Filling up the DagBag from /opt/airflow/dags/verdanta_daily.py","logger":"airflow.dag_processing.dagbag.BundleDagBag","filename":"dagbag.py","lineno":469}
{"timestamp":"2026-08-28T11:43:23.418590Z","level":"error","event":"Failed to import: /opt/airflow/dags/verdanta_daily.py","logger":"airflow.dag_processing.importers.python_importer","filename":"python_importer.py","lineno":244,"error_detail":[{"exc_type":"SyntaxError","exc_value":"invalid syntax (verdanta_daily.py, line 22)","exc_notes":[],"syntax_error":{"offset":25,"filename":"/opt/airflow/dags/verdanta_daily.py","line":"             \"http_path\": \"/sql/1.0/warehouses/6b5884a11a6d64b4\"\n","lineno":22,"msg":"invalid syntax"},"is_cause":false,"frames":[{"filename":"/home/airflow/.local/lib/python3.13/site-packages/airflow/dag_processing/importers/python_importer.py","lineno":238,"name":"parse"},{"filename":"<frozen importlib._bootstrap_external>","lineno":1019,"name":"exec_module"},{"filename":"<frozen importlib._bootstrap_external>","lineno":1157,"name":"get_code"},{"filename":"<frozen importlib._bootstrap_external>","lineno":1087,"name":"source_to_code"},{"filename":"<frozen importlib._bootstrap>","lineno":488,"name":"_call_with_frames_removed"}],"is_group":false,"exceptions":[]}]}
{"timestamp":"2026-08-28T11:43:23.420938Z","level":"error","event":"Error loading DAG from verdanta_daily.py: invalid syntax (verdanta_daily.py, line 22)","logger":"airflow.dag_processing.dagbag.BundleDagBag","filename":"dagbag.py","lineno":327}
{"timestamp":"2026-08-28T11:43:26.517227Z","level":"info","event":"Filling up the DagBag from /opt/airflow/dags/verdanta_daily.py","logger":"airflow.dag_processing.dagbag.BundleDagBag","filename":"dagbag.py","lineno":469}
{"timestamp":"2026-08-28T11:43:26.533127Z","level":"error","event":"Failed to import: /opt/airflow/dags/verdanta_daily.py","logger":"airflow.dag_processing.importers.python_importer","filename":"python_importer.py","lineno":244,"error_detail":[{"exc_type":"SyntaxError","exc_value":"invalid syntax (verdanta_daily.py, line 22)","exc_notes":[],"syntax_error":{"offset":25,"filename":"/opt/airflow/dags/verdanta_daily.py","line":"             \"http_path\": \"/sql/1.0/warehouses/6b5884a11a6d64b4\",\n","lineno":22,"msg":"invalid syntax"},"is_cause":false,"frames":[{"filename":"/home/airflow/.local/lib/python3.13/site-packages/airflow/dag_processing/importers/python_importer.py","lineno":238,"name":"parse"},{"filename":"<frozen importlib._bootstrap_external>","lineno":1019,"name":"exec_module"},{"filename":"<frozen importlib._bootstrap_external>","lineno":1157,"name":"get_code"},{"filename":"<frozen importlib._bootstrap_external>","lineno":1087,"name":"source_to_code"},{"filename":"<frozen importlib._bootstrap>","lineno":488,"name":"_call_with_frames_removed"}],"is_group":false,"exceptions":[]}]}
{"timestamp":"2026-08-28T11:43:26.534577Z","level":"error","event":"Error loading DAG from verdanta_daily.py: invalid syntax (verdanta_daily.py, line 22)","logger":"airflow.dag_processing.dagbag.BundleDagBag","filename":"dagbag.py","lineno":327}
{"timestamp":"2026-08-28T11:43:29.642302Z","level":"info","event":"Filling up the DagBag from /opt/airflow/dags/verdanta_daily.py","logger":"airflow.dag_processing.dagbag.BundleDagBag","filename":"dagbag.py","lineno":469}
{"timestamp":"2026-08-28T11:43:29.737139Z","level":"info","event":"::group::Cosmos DAG parsing logs","logger":"cosmos.converter","filename":"converter.py","lineno":321}
{"timestamp":"2026-08-28T11:43:29.740887Z","level":"info","event":"Cosmos cache dir resolved to /tmp/cosmos/verdanta_daily__dbt_daily","logger":"cosmos.converter","filename":"converter.py","lineno":346}
{"timestamp":"2026-08-28T11:43:29.741116Z","level":"info","event":"Trying to parse the dbt project using dbt ls cache cosmos_cache__verdanta_daily__dbt_daily...","logger":"cosmos.dbt.graph","filename":"graph.py","lineno":869}
{"timestamp":"2026-08-28T11:43:29.906122Z","level":"info","event":"Cosmos performance: time to calculate cache identifier cosmos_cache__verdanta_daily__dbt_daily for current version: 0.1448986140001125","logger":"cosmos.cache","filename":"cache.py","lineno":401}
{"timestamp":"2026-08-28T11:43:29.906431Z","level":"info","event":"Cosmos performance [46e70e30ac03|1246]: The cache size for cosmos_cache__verdanta_daily__dbt_daily is 81421","logger":"cosmos.dbt.graph","filename":"graph.py","lineno":886}
{"timestamp":"2026-08-28T11:43:29.910546Z","level":"info","event":"Cosmos performance: Cache hit for cosmos_cache__verdanta_daily__dbt_daily - 7ef252dbf94f4e7f8dda113986a456cc,ff67f1985ea8a9c639de2e1985ae4cf7","logger":"cosmos.dbt.graph","filename":"graph.py","lineno":898}
{"timestamp":"2026-08-28T11:43:29.910820Z","level":"info","event":"Total nodes: 91","logger":"cosmos.dbt.graph","filename":"graph.py","lineno":799}
{"timestamp":"2026-08-28T11:43:29.910895Z","level":"info","event":"Total filtered nodes: 91","logger":"cosmos.dbt.graph","filename":"graph.py","lineno":800}
{"timestamp":"2026-08-28T11:43:29.910972Z","level":"info","event":"Cosmos performance (verdanta_daily__dbt_daily) - [46e70e30ac03|1246]: It took 0.17s to parse the dbt project for DAG using LoadMode.DBT_LS_CACHE","logger":"cosmos.converter","filename":"converter.py","lineno":371}
{"timestamp":"2026-08-28T11:43:29.984331Z","level":"info","event":"Cosmos performance (verdanta_daily__dbt_daily) - [46e70e30ac03|1246]: It took 0.0733s to build the Airflow DAG.","logger":"cosmos.converter","filename":"converter.py","lineno":423}
{"timestamp":"2026-08-28T11:43:29.984505Z","level":"info","event":"::endgroup::Cosmos DAG parsing logs","logger":"cosmos.converter","filename":"converter.py","lineno":430}
{"timestamp":"2026-08-28T11:43:29.985055Z","level":"warning","event":"Using Variable.get from `airflow.models` is deprecated.Please use `get` on Variable from sdk(`airflow.sdk.Variable`) instead","category":"UserWarning","filename":"/home/airflow/.local/lib/python3.13/site-packages/airflow/models/variable.py","lineno":158,"logger":"py.warnings"}
{"timestamp":"2026-08-28T11:43:48.071334Z","level":"info","event":"Filling up the DagBag from /opt/airflow/dags/verdanta_daily.py","logger":"airflow.dag_processing.dagbag.BundleDagBag","filename":"dagbag.py","lineno":469}
{"timestamp":"2026-08-28T11:43:48.158148Z","level":"info","event":"::group::Cosmos DAG parsing logs","logger":"cosmos.converter","filename":"converter.py","lineno":321}
{"timestamp":"2026-08-28T11:43:48.162531Z","level":"info","event":"Cosmos cache dir resolved to /tmp/cosmos/verdanta_daily__dbt_daily","logger":"cosmos.converter","filename":"converter.py","lineno":346}
{"timestamp":"2026-08-28T11:43:48.162741Z","level":"info","event":"Trying to parse the dbt project using dbt ls cache cosmos_cache__verdanta_daily__dbt_daily...","logger":"cosmos.dbt.graph","filename":"graph.py","lineno":869}
{"timestamp":"2026-08-28T11:43:48.316475Z","level":"info","event":"Cosmos performance: time to calculate cache identifier cosmos_cache__verdanta_daily__dbt_daily for current version: 0.1379221189999953","logger":"cosmos.cache","filename":"cache.py","lineno":401}
{"timestamp":"2026-08-28T11:43:48.316730Z","level":"info","event":"Cosmos performance [46e70e30ac03|1281]: The cache size for cosmos_cache__verdanta_daily__dbt_daily is 81421","logger":"cosmos.dbt.graph","filename":"graph.py","lineno":886}
{"timestamp":"2026-08-28T11:43:48.320334Z","level":"info","event":"Cosmos performance: Cache hit for cosmos_cache__verdanta_daily__dbt_daily - 7ef252dbf94f4e7f8dda113986a456cc,ff67f1985ea8a9c639de2e1985ae4cf7","logger":"cosmos.dbt.graph","filename":"graph.py","lineno":898}
{"timestamp":"2026-08-28T11:43:48.320620Z","level":"info","event":"Total nodes: 91","logger":"cosmos.dbt.graph","filename":"graph.py","lineno":799}
{"timestamp":"2026-08-28T11:43:48.320697Z","level":"info","event":"Total filtered nodes: 91","logger":"cosmos.dbt.graph","filename":"graph.py","lineno":800}
{"timestamp":"2026-08-28T11:43:48.320771Z","level":"info","event":"Cosmos performance (verdanta_daily__dbt_daily) - [46e70e30ac03|1281]: It took 0.158s to parse the dbt project for DAG using LoadMode.DBT_LS_CACHE","logger":"cosmos.converter","filename":"converter.py","lineno":371}
{"timestamp":"2026-08-28T11:43:48.406999Z","level":"info","event":"Cosmos performance (verdanta_daily__dbt_daily) - [46e70e30ac03|1281]: It took 0.0861s to build the Airflow DAG.","logger":"cosmos.converter","filename":"converter.py","lineno":423}
{"timestamp":"2026-08-28T11:43:48.407212Z","level":"info","event":"::endgroup::Cosmos DAG parsing logs","logger":"cosmos.converter","filename":"converter.py","lineno":430}
{"timestamp":"2026-08-28T11:43:48.408048Z","level":"warning","event":"Using Variable.get from `airflow.models` is deprecated.Please use `get` on Variable from sdk(`airflow.sdk.Variable`) instead","category":"UserWarning","filename":"/home/airflow/.local/lib/python3.13/site-packages/airflow/models/variable.py","lineno":158,"logger":"py.warnings"}
{"timestamp":"2026-08-28T11:44:18.673584Z","level":"info","event":"Filling up the DagBag from /opt/airflow/dags/verdanta_daily.py","logger":"airflow.dag_processing.dagbag.BundleDagBag","filename":"dagbag.py","lineno":469}
{"timestamp":"2026-08-28T11:44:18.746492Z","level":"info","event":"::group::Cosmos DAG parsing logs","logger":"cosmos.converter","filename":"converter.py","lineno":321}
{"timestamp":"2026-08-28T11:44:18.750663Z","level":"info","event":"Cosmos cache dir resolved to /tmp/cosmos/verdanta_daily__dbt_daily","logger":"cosmos.converter","filename":"converter.py","lineno":346}
{"timestamp":"2026-08-28T11:44:18.751013Z","level":"info","event":"Trying to parse the dbt project using dbt ls cache cosmos_cache__verdanta_daily__dbt_daily...","logger":"cosmos.dbt.graph","filename":"graph.py","lineno":869}
{"timestamp":"2026-08-28T11:44:18.892031Z","level":"info","event":"Cosmos performance: time to calculate cache identifier cosmos_cache__verdanta_daily__dbt_daily for current version: 0.1246083619998899","logger":"cosmos.cache","filename":"cache.py","lineno":401}
{"timestamp":"2026-08-28T11:44:18.892267Z","level":"info","event":"Cosmos performance [46e70e30ac03|1296]: The cache size for cosmos_cache__verdanta_daily__dbt_daily is 81421","logger":"cosmos.dbt.graph","filename":"graph.py","lineno":886}
{"timestamp":"2026-08-28T11:44:18.895284Z","level":"info","event":"Cosmos performance: Cache hit for cosmos_cache__verdanta_daily__dbt_daily - 7ef252dbf94f4e7f8dda113986a456cc,ff67f1985ea8a9c639de2e1985ae4cf7","logger":"cosmos.dbt.graph","filename":"graph.py","lineno":898}
{"timestamp":"2026-08-28T11:44:18.895579Z","level":"info","event":"Total nodes: 91","logger":"cosmos.dbt.graph","filename":"graph.py","lineno":799}
{"timestamp":"2026-08-28T11:44:18.895656Z","level":"info","event":"Total filtered nodes: 91","logger":"cosmos.dbt.graph","filename":"graph.py","lineno":800}
{"timestamp":"2026-08-28T11:44:18.895725Z","level":"info","event":"Cosmos performance (verdanta_daily__dbt_daily) - [46e70e30ac03|1296]: It took 0.145s to parse the dbt project for DAG using LoadMode.DBT_LS_CACHE","logger":"cosmos.converter","filename":"converter.py","lineno":371}
{"timestamp":"2026-08-28T11:44:18.970991Z","level":"info","event":"Cosmos performance (verdanta_daily__dbt_daily) - [46e70e30ac03|1296]: It took 0.0751s to build the Airflow DAG.","logger":"cosmos.converter","filename":"converter.py","lineno":423}
{"timestamp":"2026-08-28T11:44:18.971168Z","level":"info","event":"::endgroup::Cosmos DAG parsing logs","logger":"cosmos.converter","filename":"converter.py","lineno":430}
{"timestamp":"2026-08-28T11:44:18.971765Z","level":"warning","event":"Using Variable.get from `airflow.models` is deprecated.Please use `get` on Variable from sdk(`airflow.sdk.Variable`) instead","category":"UserWarning","filename":"/home/airflow/.local/lib/python3.13/site-packages/airflow/models/variable.py","lineno":158,"logger":"py.warnings"}
{"timestamp":"2026-08-28T11:44:49.382433Z","level":"info","event":"Filling up the DagBag from /opt/airflow/dags/verdanta_daily.py","logger":"airflow.dag_processing.dagbag.BundleDagBag","filename":"dagbag.py","lineno":469}
{"timestamp":"2026-08-28T11:44:49.450400Z","level":"info","event":"::group::Cosmos DAG parsing logs","logger":"cosmos.converter","filename":"converter.py","lineno":321}
{"timestamp":"2026-08-28T11:44:49.453887Z","level":"info","event":"Cosmos cache dir resolved to /tmp/cosmos/verdanta_daily__dbt_daily","logger":"cosmos.converter","filename":"converter.py","lineno":346}
{"timestamp":"2026-08-28T11:44:49.454103Z","level":"info","event":"Trying to parse the dbt project using dbt ls cache cosmos_cache__verdanta_daily__dbt_daily...","logger":"cosmos.dbt.graph","filename":"graph.py","lineno":869}
{"timestamp":"2026-08-28T11:44:49.611301Z","level":"info","event":"Cosmos performance: time to calculate cache identifier cosmos_cache__verdanta_daily__dbt_daily for current version: 0.13969670799997402","logger":"cosmos.cache","filename":"cache.py","lineno":401}
{"timestamp":"2026-08-28T11:44:49.611632Z","level":"info","event":"Cosmos performance [46e70e30ac03|1332]: The cache size for cosmos_cache__verdanta_daily__dbt_daily is 81421","logger":"cosmos.dbt.graph","filename":"graph.py","lineno":886}
{"timestamp":"2026-08-28T11:44:49.614118Z","level":"info","event":"Cosmos performance: Cache hit for cosmos_cache__verdanta_daily__dbt_daily - 7ef252dbf94f4e7f8dda113986a456cc,ff67f1985ea8a9c639de2e1985ae4cf7","logger":"cosmos.dbt.graph","filename":"graph.py","lineno":898}
{"timestamp":"2026-08-28T11:44:49.614391Z","level":"info","event":"Total nodes: 91","logger":"cosmos.dbt.graph","filename":"graph.py","lineno":799}
{"timestamp":"2026-08-28T11:44:49.614487Z","level":"info","event":"Total filtered nodes: 91","logger":"cosmos.dbt.graph","filename":"graph.py","lineno":800}
{"timestamp":"2026-08-28T11:44:49.614589Z","level":"info","event":"Cosmos performance (verdanta_daily__dbt_daily) - [46e70e30ac03|1332]: It took 0.161s to parse the dbt project for DAG using LoadMode.DBT_LS_CACHE","logger":"cosmos.converter","filename":"converter.py","lineno":371}
{"timestamp":"2026-08-28T11:44:49.689654Z","level":"info","event":"Cosmos performance (verdanta_daily__dbt_daily) - [46e70e30ac03|1332]: It took 0.075s to build the Airflow DAG.","logger":"cosmos.converter","filename":"converter.py","lineno":423}
{"timestamp":"2026-08-28T11:44:49.689837Z","level":"info","event":"::endgroup::Cosmos DAG parsing logs","logger":"cosmos.converter","filename":"converter.py","lineno":430}
{"timestamp":"2026-08-28T11:44:49.690407Z","level":"warning","event":"Using Variable.get from `airflow.models` is deprecated.Please use `get` on Variable from sdk(`airflow.sdk.Variable`) instead","category":"UserWarning","filename":"/home/airflow/.local/lib/python3.13/site-packages/airflow/models/variable.py","lineno":158,"logger":"py.warnings"}
{"timestamp":"2026-08-28T11:45:19.829010Z","level":"info","event":"Filling up the DagBag from /opt/airflow/dags/verdanta_daily.py","logger":"airflow.dag_processing.dagbag.BundleDagBag","filename":"dagbag.py","lineno":469}
{"timestamp":"2026-08-28T11:45:19.904972Z","level":"info","event":"::group::Cosmos DAG parsing logs","logger":"cosmos.converter","filename":"converter.py","lineno":321}
{"timestamp":"2026-08-28T11:45:19.910026Z","level":"info","event":"Cosmos cache dir resolved to /tmp/cosmos/verdanta_daily__dbt_daily","logger":"cosmos.converter","filename":"converter.py","lineno":346}
{"timestamp":"2026-08-28T11:45:19.910297Z","level":"info","event":"Trying to parse the dbt project using dbt ls cache cosmos_cache__verdanta_daily__dbt_daily...","logger":"cosmos.dbt.graph","filename":"graph.py","lineno":869}
{"timestamp":"2026-08-28T11:45:20.066979Z","level":"info","event":"Cosmos performance: time to calculate cache identifier cosmos_cache__verdanta_daily__dbt_daily for current version: 0.13921200699996916","logger":"cosmos.cache","filename":"cache.py","lineno":401}
{"timestamp":"2026-08-28T11:45:20.067215Z","level":"info","event":"Cosmos performance [46e70e30ac03|1368]: The cache size for cosmos_cache__verdanta_daily__dbt_daily is 81421","logger":"cosmos.dbt.graph","filename":"graph.py","lineno":886}
{"timestamp":"2026-08-28T11:45:20.069520Z","level":"info","event":"Cosmos performance: Cache hit for cosmos_cache__verdanta_daily__dbt_daily - 7ef252dbf94f4e7f8dda113986a456cc,ff67f1985ea8a9c639de2e1985ae4cf7","logger":"cosmos.dbt.graph","filename":"graph.py","lineno":898}
{"timestamp":"2026-08-28T11:45:20.069732Z","level":"info","event":"Total nodes: 91","logger":"cosmos.dbt.graph","filename":"graph.py","lineno":799}
{"timestamp":"2026-08-28T11:45:20.069798Z","level":"info","event":"Total filtered nodes: 91","logger":"cosmos.dbt.graph","filename":"graph.py","lineno":800}
{"timestamp":"2026-08-28T11:45:20.069867Z","level":"info","event":"Cosmos performance (verdanta_daily__dbt_daily) - [46e70e30ac03|1368]: It took 0.16s to parse the dbt project for DAG using LoadMode.DBT_LS_CACHE","logger":"cosmos.converter","filename":"converter.py","lineno":371}
{"timestamp":"2026-08-28T11:45:20.151882Z","level":"info","event":"Cosmos performance (verdanta_daily__dbt_daily) - [46e70e30ac03|1368]: It took 0.082s to build the Airflow DAG.","logger":"cosmos.converter","filename":"converter.py","lineno":423}
{"timestamp":"2026-08-28T11:45:20.152089Z","level":"info","event":"::endgroup::Cosmos DAG parsing logs","logger":"cosmos.converter","filename":"converter.py","lineno":430}
{"timestamp":"2026-08-28T11:45:20.152851Z","level":"warning","event":"Using Variable.get from `airflow.models` is deprecated.Please use `get` on Variable from sdk(`airflow.sdk.Variable`) instead","category":"UserWarning","filename":"/home/airflow/.local/lib/python3.13/site-packages/airflow/models/variable.py","lineno":158,"logger":"py.warnings"}
{"timestamp":"2026-08-28T11:45:50.432107Z","level":"info","event":"Filling up the DagBag from /opt/airflow/dags/verdanta_daily.py","logger":"airflow.dag_processing.dagbag.BundleDagBag","filename":"dagbag.py","lineno":469}
{"timestamp":"2026-08-28T11:45:50.516357Z","level":"info","event":"::group::Cosmos DAG parsing logs","logger":"cosmos.converter","filename":"converter.py","lineno":321}
{"timestamp":"2026-08-28T11:45:50.521141Z","level":"info","event":"Cosmos cache dir resolved to /tmp/cosmos/verdanta_daily__dbt_daily","logger":"cosmos.converter","filename":"converter.py","lineno":346}
{"timestamp":"2026-08-28T11:45:50.521358Z","level":"info","event":"Trying to parse the dbt project using dbt ls cache cosmos_cache__verdanta_daily__dbt_daily...","logger":"cosmos.dbt.graph","filename":"graph.py","lineno":869}
{"timestamp":"2026-08-28T11:45:50.668383Z","level":"info","event":"Cosmos performance: time to calculate cache identifier cosmos_cache__verdanta_daily__dbt_daily for current version: 0.12897881300000336","logger":"cosmos.cache","filename":"cache.py","lineno":401}
{"timestamp":"2026-08-28T11:45:50.668607Z","level":"info","event":"Cosmos performance [46e70e30ac03|1404]: The cache size for cosmos_cache__verdanta_daily__dbt_daily is 81421","logger":"cosmos.dbt.graph","filename":"graph.py","lineno":886}
{"timestamp":"2026-08-28T11:45:50.670850Z","level":"info","event":"Cosmos performance: Cache hit for cosmos_cache__verdanta_daily__dbt_daily - 7ef252dbf94f4e7f8dda113986a456cc,ff67f1985ea8a9c639de2e1985ae4cf7","logger":"cosmos.dbt.graph","filename":"graph.py","lineno":898}
{"timestamp":"2026-08-28T11:45:50.671053Z","level":"info","event":"Total nodes: 91","logger":"cosmos.dbt.graph","filename":"graph.py","lineno":799}
{"timestamp":"2026-08-28T11:45:50.671116Z","level":"info","event":"Total filtered nodes: 91","logger":"cosmos.dbt.graph","filename":"graph.py","lineno":800}
{"timestamp":"2026-08-28T11:45:50.671187Z","level":"info","event":"Cosmos performance (verdanta_daily__dbt_daily) - [46e70e30ac03|1404]: It took 0.15s to parse the dbt project for DAG using LoadMode.DBT_LS_CACHE","logger":"cosmos.converter","filename":"converter.py","lineno":371}
{"timestamp":"2026-08-28T11:45:50.746932Z","level":"info","event":"Cosmos performance (verdanta_daily__dbt_daily) - [46e70e30ac03|1404]: It took 0.0757s to build the Airflow DAG.","logger":"cosmos.converter","filename":"converter.py","lineno":423}
{"timestamp":"2026-08-28T11:45:50.747110Z","level":"info","event":"::endgroup::Cosmos DAG parsing logs","logger":"cosmos.converter","filename":"converter.py","lineno":430}
{"timestamp":"2026-08-28T11:45:50.747782Z","level":"warning","event":"Using Variable.get from `airflow.models` is deprecated.Please use `get` on Variable from sdk(`airflow.sdk.Variable`) instead","category":"UserWarning","filename":"/home/airflow/.local/lib/python3.13/site-packages/airflow/models/variable.py","lineno":158,"logger":"py.warnings"}
{"timestamp":"2026-08-28T11:46:21.683305Z","level":"info","event":"Filling up the DagBag from /opt/airflow/dags/verdanta_daily.py","logger":"airflow.dag_processing.dagbag.BundleDagBag","filename":"dagbag.py","lineno":469}
{"timestamp":"2026-08-28T11:46:21.760980Z","level":"info","event":"::group::Cosmos DAG parsing logs","logger":"cosmos.converter","filename":"converter.py","lineno":321}
{"timestamp":"2026-08-28T11:46:21.767196Z","level":"info","event":"Cosmos cache dir resolved to /tmp/cosmos/verdanta_daily__dbt_daily","logger":"cosmos.converter","filename":"converter.py","lineno":346}
{"timestamp":"2026-08-28T11:46:21.767564Z","level":"info","event":"Trying to parse the dbt project using dbt ls cache cosmos_cache__verdanta_daily__dbt_daily...","logger":"cosmos.dbt.graph","filename":"graph.py","lineno":869}
{"timestamp":"2026-08-28T11:46:21.939660Z","level":"info","event":"Cosmos performance: time to calculate cache identifier cosmos_cache__verdanta_daily__dbt_daily for current version: 0.14785645200004183","logger":"cosmos.cache","filename":"cache.py","lineno":401}
{"timestamp":"2026-08-28T11:46:21.939963Z","level":"info","event":"Cosmos performance [46e70e30ac03|1440]: The cache size for cosmos_cache__verdanta_daily__dbt_daily is 81421","logger":"cosmos.dbt.graph","filename":"graph.py","lineno":886}
{"timestamp":"2026-08-28T11:46:21.942516Z","level":"info","event":"Cosmos performance: Cache hit for cosmos_cache__verdanta_daily__dbt_daily - 7ef252dbf94f4e7f8dda113986a456cc,ff67f1985ea8a9c639de2e1985ae4cf7","logger":"cosmos.dbt.graph","filename":"graph.py","lineno":898}
{"timestamp":"2026-08-28T11:46:21.942808Z","level":"info","event":"Total nodes: 91","logger":"cosmos.dbt.graph","filename":"graph.py","lineno":799}
{"timestamp":"2026-08-28T11:46:21.942893Z","level":"info","event":"Total filtered nodes: 91","logger":"cosmos.dbt.graph","filename":"graph.py","lineno":800}
{"timestamp":"2026-08-28T11:46:21.942967Z","level":"info","event":"Cosmos performance (verdanta_daily__dbt_daily) - [46e70e30ac03|1440]: It took 0.176s to parse the dbt project for DAG using LoadMode.DBT_LS_CACHE","logger":"cosmos.converter","filename":"converter.py","lineno":371}
{"timestamp":"2026-08-28T11:46:22.022968Z","level":"info","event":"Cosmos performance (verdanta_daily__dbt_daily) - [46e70e30ac03|1440]: It took 0.0799s to build the Airflow DAG.","logger":"cosmos.converter","filename":"converter.py","lineno":423}
{"timestamp":"2026-08-28T11:46:22.023292Z","level":"info","event":"::endgroup::Cosmos DAG parsing logs","logger":"cosmos.converter","filename":"converter.py","lineno":430}
{"timestamp":"2026-08-28T11:46:22.024046Z","level":"warning","event":"Using Variable.get from `airflow.models` is deprecated.Please use `get` on Variable from sdk(`airflow.sdk.Variable`) instead","category":"UserWarning","filename":"/home/airflow/.local/lib/python3.13/site-packages/airflow/models/variable.py","lineno":158,"logger":"py.warnings"}
{"timestamp":"2026-08-28T11:46:52.118377Z","level":"info","event":"Filling up the DagBag from /opt/airflow/dags/verdanta_daily.py","logger":"airflow.dag_processing.dagbag.BundleDagBag","filename":"dagbag.py","lineno":469}
{"timestamp":"2026-08-28T11:46:52.190453Z","level":"info","event":"::group::Cosmos DAG parsing logs","logger":"cosmos.converter","filename":"converter.py","lineno":321}
{"timestamp":"2026-08-28T11:46:52.194638Z","level":"info","event":"Cosmos cache dir resolved to /tmp/cosmos/verdanta_daily__dbt_daily","logger":"cosmos.converter","filename":"converter.py","lineno":346}
{"timestamp":"2026-08-28T11:46:52.194873Z","level":"info","event":"Trying to parse the dbt project using dbt ls cache cosmos_cache__verdanta_daily__dbt_daily...","logger":"cosmos.dbt.graph","filename":"graph.py","lineno":869}
{"timestamp":"2026-08-28T11:46:52.350999Z","level":"info","event":"Cosmos performance: time to calculate cache identifier cosmos_cache__verdanta_daily__dbt_daily for current version: 0.13870248000011998","logger":"cosmos.cache","filename":"cache.py","lineno":401}
{"timestamp":"2026-08-28T11:46:52.351261Z","level":"info","event":"Cosmos performance [46e70e30ac03|1457]: The cache size for cosmos_cache__verdanta_daily__dbt_daily is 81421","logger":"cosmos.dbt.graph","filename":"graph.py","lineno":886}
{"timestamp":"2026-08-28T11:46:52.353604Z","level":"info","event":"Cosmos performance: Cache hit for cosmos_cache__verdanta_daily__dbt_daily - 7ef252dbf94f4e7f8dda113986a456cc,ff67f1985ea8a9c639de2e1985ae4cf7","logger":"cosmos.dbt.graph","filename":"graph.py","lineno":898}
{"timestamp":"2026-08-28T11:46:52.353882Z","level":"info","event":"Total nodes: 91","logger":"cosmos.dbt.graph","filename":"graph.py","lineno":799}
{"timestamp":"2026-08-28T11:46:52.354008Z","level":"info","event":"Total filtered nodes: 91","logger":"cosmos.dbt.graph","filename":"graph.py","lineno":800}
{"timestamp":"2026-08-28T11:46:52.354160Z","level":"info","event":"Cosmos performance (verdanta_daily__dbt_daily) - [46e70e30ac03|1457]: It took 0.159s to parse the dbt project for DAG using LoadMode.DBT_LS_CACHE","logger":"cosmos.converter","filename":"converter.py","lineno":371}
{"timestamp":"2026-08-28T11:46:52.436675Z","level":"info","event":"Cosmos performance (verdanta_daily__dbt_daily) - [46e70e30ac03|1457]: It took 0.0825s to build the Airflow DAG.","logger":"cosmos.converter","filename":"converter.py","lineno":423}
{"timestamp":"2026-08-28T11:46:52.436903Z","level":"info","event":"::endgroup::Cosmos DAG parsing logs","logger":"cosmos.converter","filename":"converter.py","lineno":430}
{"timestamp":"2026-08-28T11:46:52.437727Z","level":"warning","event":"Using Variable.get from `airflow.models` is deprecated.Please use `get` on Variable from sdk(`airflow.sdk.Variable`) instead","category":"UserWarning","filename":"/home/airflow/.local/lib/python3.13/site-packages/airflow/models/variable.py","lineno":158,"logger":"py.warnings"}
{"timestamp":"2026-08-28T11:47:22.844312Z","level":"info","event":"Filling up the DagBag from /opt/airflow/dags/verdanta_daily.py","logger":"airflow.dag_processing.dagbag.BundleDagBag","filename":"dagbag.py","lineno":469}
{"timestamp":"2026-08-28T11:47:22.924476Z","level":"info","event":"::group::Cosmos DAG parsing logs","logger":"cosmos.converter","filename":"converter.py","lineno":321}
{"timestamp":"2026-08-28T11:47:22.928491Z","level":"info","event":"Cosmos cache dir resolved to /tmp/cosmos/verdanta_daily__dbt_daily","logger":"cosmos.converter","filename":"converter.py","lineno":346}
{"timestamp":"2026-08-28T11:47:22.928745Z","level":"info","event":"Trying to parse the dbt project using dbt ls cache cosmos_cache__verdanta_daily__dbt_daily...","logger":"cosmos.dbt.graph","filename":"graph.py","lineno":869}
{"timestamp":"2026-08-28T11:47:23.108438Z","level":"info","event":"Cosmos performance: time to calculate cache identifier cosmos_cache__verdanta_daily__dbt_daily for current version: 0.16206587400006356","logger":"cosmos.cache","filename":"cache.py","lineno":401}
{"timestamp":"2026-08-28T11:47:23.108669Z","level":"info","event":"Cosmos performance [46e70e30ac03|1489]: The cache size for cosmos_cache__verdanta_daily__dbt_daily is 81421","logger":"cosmos.dbt.graph","filename":"graph.py","lineno":886}
{"timestamp":"2026-08-28T11:47:23.115028Z","level":"info","event":"Cosmos performance: Cache hit for cosmos_cache__verdanta_daily__dbt_daily - 7ef252dbf94f4e7f8dda113986a456cc,ff67f1985ea8a9c639de2e1985ae4cf7","logger":"cosmos.dbt.graph","filename":"graph.py","lineno":898}
{"timestamp":"2026-08-28T11:47:23.115255Z","level":"info","event":"Total nodes: 91","logger":"cosmos.dbt.graph","filename":"graph.py","lineno":799}
{"timestamp":"2026-08-28T11:47:23.115365Z","level":"info","event":"Total filtered nodes: 91","logger":"cosmos.dbt.graph","filename":"graph.py","lineno":800}
{"timestamp":"2026-08-28T11:47:23.115455Z","level":"info","event":"Cosmos performance (verdanta_daily__dbt_daily) - [46e70e30ac03|1489]: It took 0.187s to parse the dbt project for DAG using LoadMode.DBT_LS_CACHE","logger":"cosmos.converter","filename":"converter.py","lineno":371}
{"timestamp":"2026-08-28T11:47:23.197409Z","level":"info","event":"Cosmos performance (verdanta_daily__dbt_daily) - [46e70e30ac03|1489]: It took 0.0819s to build the Airflow DAG.","logger":"cosmos.converter","filename":"converter.py","lineno":423}
{"timestamp":"2026-08-28T11:47:23.197582Z","level":"info","event":"::endgroup::Cosmos DAG parsing logs","logger":"cosmos.converter","filename":"converter.py","lineno":430}
{"timestamp":"2026-08-28T11:47:23.198166Z","level":"warning","event":"Using Variable.get from `airflow.models` is deprecated.Please use `get` on Variable from sdk(`airflow.sdk.Variable`) instead","category":"UserWarning","filename":"/home/airflow/.local/lib/python3.13/site-packages/airflow/models/variable.py","lineno":158,"logger":"py.warnings"}
{"timestamp":"2026-08-28T11:47:54.189721Z","level":"info","event":"Filling up the DagBag from /opt/airflow/dags/verdanta_daily.py","logger":"airflow.dag_processing.dagbag.BundleDagBag","filename":"dagbag.py","lineno":469}
{"timestamp":"2026-08-28T11:47:54.272847Z","level":"info","event":"::group::Cosmos DAG parsing logs","logger":"cosmos.converter","filename":"converter.py","lineno":321}
{"timestamp":"2026-08-28T11:47:54.277020Z","level":"info","event":"Cosmos cache dir resolved to /tmp/cosmos/verdanta_daily__dbt_daily","logger":"cosmos.converter","filename":"converter.py","lineno":346}
{"timestamp":"2026-08-28T11:47:54.277250Z","level":"info","event":"Trying to parse the dbt project using dbt ls cache cosmos_cache__verdanta_daily__dbt_daily...","logger":"cosmos.dbt.graph","filename":"graph.py","lineno":869}
{"timestamp":"2026-08-28T11:47:54.428457Z","level":"info","event":"Cosmos performance: time to calculate cache identifier cosmos_cache__verdanta_daily__dbt_daily for current version: 0.13475843599985637","logger":"cosmos.cache","filename":"cache.py","lineno":401}
{"timestamp":"2026-08-28T11:47:54.428686Z","level":"info","event":"Cosmos performance [46e70e30ac03|1525]: The cache size for cosmos_cache__verdanta_daily__dbt_daily is 81421","logger":"cosmos.dbt.graph","filename":"graph.py","lineno":886}
{"timestamp":"2026-08-28T11:47:54.431365Z","level":"info","event":"Cosmos performance: Cache hit for cosmos_cache__verdanta_daily__dbt_daily - 7ef252dbf94f4e7f8dda113986a456cc,ff67f1985ea8a9c639de2e1985ae4cf7","logger":"cosmos.dbt.graph","filename":"graph.py","lineno":898}
{"timestamp":"2026-08-28T11:47:54.431610Z","level":"info","event":"Total nodes: 91","logger":"cosmos.dbt.graph","filename":"graph.py","lineno":799}
{"timestamp":"2026-08-28T11:47:54.431682Z","level":"info","event":"Total filtered nodes: 91","logger":"cosmos.dbt.graph","filename":"graph.py","lineno":800}
{"timestamp":"2026-08-28T11:47:54.431751Z","level":"info","event":"Cosmos performance (verdanta_daily__dbt_daily) - [46e70e30ac03|1525]: It took 0.155s to parse the dbt project for DAG using LoadMode.DBT_LS_CACHE","logger":"cosmos.converter","filename":"converter.py","lineno":371}
{"timestamp":"2026-08-28T11:47:54.511568Z","level":"info","event":"Cosmos performance (verdanta_daily__dbt_daily) - [46e70e30ac03|1525]: It took 0.0798s to build the Airflow DAG.","logger":"cosmos.converter","filename":"converter.py","lineno":423}
{"timestamp":"2026-08-28T11:47:54.511757Z","level":"info","event":"::endgroup::Cosmos DAG parsing logs","logger":"cosmos.converter","filename":"converter.py","lineno":430}
{"timestamp":"2026-08-28T11:47:54.512392Z","level":"warning","event":"Using Variable.get from `airflow.models` is deprecated.Please use `get` on Variable from sdk(`airflow.sdk.Variable`) instead","category":"UserWarning","filename":"/home/airflow/.local/lib/python3.13/site-packages/airflow/models/variable.py","lineno":158,"logger":"py.warnings"}
{"timestamp":"2026-08-28T11:48:24.623913Z","level":"info","event":"Filling up the DagBag from /opt/airflow/dags/verdanta_daily.py","logger":"airflow.dag_processing.dagbag.BundleDagBag","filename":"dagbag.py","lineno":469}
{"timestamp":"2026-08-28T11:48:24.694630Z","level":"info","event":"::group::Cosmos DAG parsing logs","logger":"cosmos.converter","filename":"converter.py","lineno":321}
{"timestamp":"2026-08-28T11:48:24.699124Z","level":"info","event":"Cosmos cache dir resolved to /tmp/cosmos/verdanta_daily__dbt_daily","logger":"cosmos.converter","filename":"converter.py","lineno":346}
{"timestamp":"2026-08-28T11:48:24.699372Z","level":"info","event":"Trying to parse the dbt project using dbt ls cache cosmos_cache__verdanta_daily__dbt_daily...","logger":"cosmos.dbt.graph","filename":"graph.py","lineno":869}
{"timestamp":"2026-08-28T11:48:24.844284Z","level":"info","event":"Cosmos performance: time to calculate cache identifier cosmos_cache__verdanta_daily__dbt_daily for current version: 0.1283831050000117","logger":"cosmos.cache","filename":"cache.py","lineno":401}
{"timestamp":"2026-08-28T11:48:24.844528Z","level":"info","event":"Cosmos performance [46e70e30ac03|1554]: The cache size for cosmos_cache__verdanta_daily__dbt_daily is 81421","logger":"cosmos.dbt.graph","filename":"graph.py","lineno":886}
{"timestamp":"2026-08-28T11:48:24.846865Z","level":"info","event":"Cosmos performance: Cache hit for cosmos_cache__verdanta_daily__dbt_daily - 7ef252dbf94f4e7f8dda113986a456cc,ff67f1985ea8a9c639de2e1985ae4cf7","logger":"cosmos.dbt.graph","filename":"graph.py","lineno":898}
{"timestamp":"2026-08-28T11:48:24.847083Z","level":"info","event":"Total nodes: 91","logger":"cosmos.dbt.graph","filename":"graph.py","lineno":799}
{"timestamp":"2026-08-28T11:48:24.847148Z","level":"info","event":"Total filtered nodes: 91","logger":"cosmos.dbt.graph","filename":"graph.py","lineno":800}
{"timestamp":"2026-08-28T11:48:24.847224Z","level":"info","event":"Cosmos performance (verdanta_daily__dbt_daily) - [46e70e30ac03|1554]: It took 0.148s to parse the dbt project for DAG using LoadMode.DBT_LS_CACHE","logger":"cosmos.converter","filename":"converter.py","lineno":371}
{"timestamp":"2026-08-28T11:48:24.921848Z","level":"info","event":"Cosmos performance (verdanta_daily__dbt_daily) - [46e70e30ac03|1554]: It took 0.0746s to build the Airflow DAG.","logger":"cosmos.converter","filename":"converter.py","lineno":423}
{"timestamp":"2026-08-28T11:48:24.922021Z","level":"info","event":"::endgroup::Cosmos DAG parsing logs","logger":"cosmos.converter","filename":"converter.py","lineno":430}
{"timestamp":"2026-08-28T11:48:24.922685Z","level":"warning","event":"Using Variable.get from `airflow.models` is deprecated.Please use `get` on Variable from sdk(`airflow.sdk.Variable`) instead","category":"UserWarning","filename":"/home/airflow/.local/lib/python3.13/site-packages/airflow/models/variable.py","lineno":158,"logger":"py.warnings"}
{"timestamp":"2026-08-28T11:48:55.188507Z","level":"info","event":"Filling up the DagBag from /opt/airflow/dags/verdanta_daily.py","logger":"airflow.dag_processing.dagbag.BundleDagBag","filename":"dagbag.py","lineno":469}
{"timestamp":"2026-08-28T11:48:55.271435Z","level":"info","event":"::group::Cosmos DAG parsing logs","logger":"cosmos.converter","filename":"converter.py","lineno":321}
{"timestamp":"2026-08-28T11:48:55.276904Z","level":"info","event":"Cosmos cache dir resolved to /tmp/cosmos/verdanta_daily__dbt_daily","logger":"cosmos.converter","filename":"converter.py","lineno":346}
{"timestamp":"2026-08-28T11:48:55.277241Z","level":"info","event":"Trying to parse the dbt project using dbt ls cache cosmos_cache__verdanta_daily__dbt_daily...","logger":"cosmos.dbt.graph","filename":"graph.py","lineno":869}
{"timestamp":"2026-08-28T11:48:55.426857Z","level":"info","event":"Cosmos performance: time to calculate cache identifier cosmos_cache__verdanta_daily__dbt_daily for current version: 0.1323631039999782","logger":"cosmos.cache","filename":"cache.py","lineno":401}
{"timestamp":"2026-08-28T11:48:55.427274Z","level":"info","event":"Cosmos performance [46e70e30ac03|1590]: The cache size for cosmos_cache__verdanta_daily__dbt_daily is 81421","logger":"cosmos.dbt.graph","filename":"graph.py","lineno":886}
{"timestamp":"2026-08-28T11:48:55.430033Z","level":"info","event":"Cosmos performance: Cache hit for cosmos_cache__verdanta_daily__dbt_daily - 7ef252dbf94f4e7f8dda113986a456cc,ff67f1985ea8a9c639de2e1985ae4cf7","logger":"cosmos.dbt.graph","filename":"graph.py","lineno":898}
{"timestamp":"2026-08-28T11:48:55.430326Z","level":"info","event":"Total nodes: 91","logger":"cosmos.dbt.graph","filename":"graph.py","lineno":799}
{"timestamp":"2026-08-28T11:48:55.430395Z","level":"info","event":"Total filtered nodes: 91","logger":"cosmos.dbt.graph","filename":"graph.py","lineno":800}
{"timestamp":"2026-08-28T11:48:55.430530Z","level":"info","event":"Cosmos performance (verdanta_daily__dbt_daily) - [46e70e30ac03|1590]: It took 0.153s to parse the dbt project for DAG using LoadMode.DBT_LS_CACHE","logger":"cosmos.converter","filename":"converter.py","lineno":371}
{"timestamp":"2026-08-28T11:48:55.514624Z","level":"info","event":"Cosmos performance (verdanta_daily__dbt_daily) - [46e70e30ac03|1590]: It took 0.084s to build the Airflow DAG.","logger":"cosmos.converter","filename":"converter.py","lineno":423}
{"timestamp":"2026-08-28T11:48:55.515037Z","level":"info","event":"::endgroup::Cosmos DAG parsing logs","logger":"cosmos.converter","filename":"converter.py","lineno":430}
{"timestamp":"2026-08-28T11:48:55.515859Z","level":"warning","event":"Using Variable.get from `airflow.models` is deprecated.Please use `get` on Variable from sdk(`airflow.sdk.Variable`) instead","category":"UserWarning","filename":"/home/airflow/.local/lib/python3.13/site-packages/airflow/models/variable.py","lineno":158,"logger":"py.warnings"}
{"timestamp":"2026-08-28T11:49:25.647260Z","level":"info","event":"Filling up the DagBag from /opt/airflow/dags/verdanta_daily.py","logger":"airflow.dag_processing.dagbag.BundleDagBag","filename":"dagbag.py","lineno":469}
{"timestamp":"2026-08-28T11:49:25.744622Z","level":"info","event":"::group::Cosmos DAG parsing logs","logger":"cosmos.converter","filename":"converter.py","lineno":321}
{"timestamp":"2026-08-28T11:49:25.749465Z","level":"info","event":"Cosmos cache dir resolved to /tmp/cosmos/verdanta_daily__dbt_daily","logger":"cosmos.converter","filename":"converter.py","lineno":346}
{"timestamp":"2026-08-28T11:49:25.749714Z","level":"info","event":"Trying to parse the dbt project using dbt ls cache cosmos_cache__verdanta_daily__dbt_daily...","logger":"cosmos.dbt.graph","filename":"graph.py","lineno":869}
{"timestamp":"2026-08-28T11:49:25.906768Z","level":"info","event":"Cosmos performance: time to calculate cache identifier cosmos_cache__verdanta_daily__dbt_daily for current version: 0.14009657800011155","logger":"cosmos.cache","filename":"cache.py","lineno":401}
{"timestamp":"2026-08-28T11:49:25.906988Z","level":"info","event":"Cosmos performance [46e70e30ac03|1623]: The cache size for cosmos_cache__verdanta_daily__dbt_daily is 81421","logger":"cosmos.dbt.graph","filename":"graph.py","lineno":886}
{"timestamp":"2026-08-28T11:49:25.910651Z","level":"info","event":"Cosmos performance: Cache hit for cosmos_cache__verdanta_daily__dbt_daily - 7ef252dbf94f4e7f8dda113986a456cc,ff67f1985ea8a9c639de2e1985ae4cf7","logger":"cosmos.dbt.graph","filename":"graph.py","lineno":898}
{"timestamp":"2026-08-28T11:49:25.910934Z","level":"info","event":"Total nodes: 91","logger":"cosmos.dbt.graph","filename":"graph.py","lineno":799}
{"timestamp":"2026-08-28T11:49:25.911028Z","level":"info","event":"Total filtered nodes: 91","logger":"cosmos.dbt.graph","filename":"graph.py","lineno":800}
{"timestamp":"2026-08-28T11:49:25.911108Z","level":"info","event":"Cosmos performance (verdanta_daily__dbt_daily) - [46e70e30ac03|1623]: It took 0.161s to parse the dbt project for DAG using LoadMode.DBT_LS_CACHE","logger":"cosmos.converter","filename":"converter.py","lineno":371}
{"timestamp":"2026-08-28T11:49:25.991361Z","level":"info","event":"Cosmos performance (verdanta_daily__dbt_daily) - [46e70e30ac03|1623]: It took 0.0802s to build the Airflow DAG.","logger":"cosmos.converter","filename":"converter.py","lineno":423}
{"timestamp":"2026-08-28T11:49:25.991519Z","level":"info","event":"::endgroup::Cosmos DAG parsing logs","logger":"cosmos.converter","filename":"converter.py","lineno":430}
{"timestamp":"2026-08-28T11:49:25.992087Z","level":"warning","event":"Using Variable.get from `airflow.models` is deprecated.Please use `get` on Variable from sdk(`airflow.sdk.Variable`) instead","category":"UserWarning","filename":"/home/airflow/.local/lib/python3.13/site-packages/airflow/models/variable.py","lineno":158,"logger":"py.warnings"}
{"timestamp":"2026-08-28T11:49:56.287890Z","level":"info","event":"Filling up the DagBag from /opt/airflow/dags/verdanta_daily.py","logger":"airflow.dag_processing.dagbag.BundleDagBag","filename":"dagbag.py","lineno":469}
{"timestamp":"2026-08-28T11:49:56.369337Z","level":"info","event":"::group::Cosmos DAG parsing logs","logger":"cosmos.converter","filename":"converter.py","lineno":321}
{"timestamp":"2026-08-28T11:49:56.373565Z","level":"info","event":"Cosmos cache dir resolved to /tmp/cosmos/verdanta_daily__dbt_daily","logger":"cosmos.converter","filename":"converter.py","lineno":346}
{"timestamp":"2026-08-28T11:49:56.373781Z","level":"info","event":"Trying to parse the dbt project using dbt ls cache cosmos_cache__verdanta_daily__dbt_daily...","logger":"cosmos.dbt.graph","filename":"graph.py","lineno":869}
{"timestamp":"2026-08-28T11:49:56.526805Z","level":"info","event":"Cosmos performance: time to calculate cache identifier cosmos_cache__verdanta_daily__dbt_daily for current version: 0.1345305610000196","logger":"cosmos.cache","filename":"cache.py","lineno":401}
{"timestamp":"2026-08-28T11:49:56.527039Z","level":"info","event":"Cosmos performance [46e70e30ac03|1640]: The cache size for cosmos_cache__verdanta_daily__dbt_daily is 81421","logger":"cosmos.dbt.graph","filename":"graph.py","lineno":886}
{"timestamp":"2026-08-28T11:49:56.530251Z","level":"info","event":"Cosmos performance: Cache hit for cosmos_cache__verdanta_daily__dbt_daily - 7ef252dbf94f4e7f8dda113986a456cc,ff67f1985ea8a9c639de2e1985ae4cf7","logger":"cosmos.dbt.graph","filename":"graph.py","lineno":898}
{"timestamp":"2026-08-28T11:49:56.530498Z","level":"info","event":"Total nodes: 91","logger":"cosmos.dbt.graph","filename":"graph.py","lineno":799}
{"timestamp":"2026-08-28T11:49:56.530577Z","level":"info","event":"Total filtered nodes: 91","logger":"cosmos.dbt.graph","filename":"graph.py","lineno":800}
{"timestamp":"2026-08-28T11:49:56.530647Z","level":"info","event":"Cosmos performance (verdanta_daily__dbt_daily) - [46e70e30ac03|1640]: It took 0.157s to parse the dbt project for DAG using LoadMode.DBT_LS_CACHE","logger":"cosmos.converter","filename":"converter.py","lineno":371}
{"timestamp":"2026-08-28T11:49:56.608594Z","level":"info","event":"Cosmos performance (verdanta_daily__dbt_daily) - [46e70e30ac03|1640]: It took 0.0779s to build the Airflow DAG.","logger":"cosmos.converter","filename":"converter.py","lineno":423}
{"timestamp":"2026-08-28T11:49:56.608808Z","level":"info","event":"::endgroup::Cosmos DAG parsing logs","logger":"cosmos.converter","filename":"converter.py","lineno":430}
{"timestamp":"2026-08-28T11:49:56.609523Z","level":"warning","event":"Using Variable.get from `airflow.models` is deprecated.Please use `get` on Variable from sdk(`airflow.sdk.Variable`) instead","category":"UserWarning","filename":"/home/airflow/.local/lib/python3.13/site-packages/airflow/models/variable.py","lineno":158,"logger":"py.warnings"}
{"timestamp":"2026-08-28T11:50:20.431597Z","level":"info","event":"Filling up the DagBag from /opt/airflow/dags/verdanta_daily.py","logger":"airflow.dag_processing.dagbag.BundleDagBag","filename":"dagbag.py","lineno":469}
{"timestamp":"2026-08-28T11:50:20.558986Z","level":"info","event":"::group::Cosmos DAG parsing logs","logger":"cosmos.converter","filename":"converter.py","lineno":321}
{"timestamp":"2026-08-28T11:50:20.565692Z","level":"info","event":"Cosmos cache dir resolved to /tmp/cosmos/verdanta_daily__dbt_daily","logger":"cosmos.converter","filename":"converter.py","lineno":346}
{"timestamp":"2026-08-28T11:50:20.566040Z","level":"info","event":"Trying to parse the dbt project using dbt ls cache cosmos_cache__verdanta_daily__dbt_daily...","logger":"cosmos.dbt.graph","filename":"graph.py","lineno":869}
{"timestamp":"2026-08-28T11:50:20.749043Z","level":"info","event":"Cosmos performance: time to calculate cache identifier cosmos_cache__verdanta_daily__dbt_daily for current version: 0.15246020199992927","logger":"cosmos.cache","filename":"cache.py","lineno":401}
{"timestamp":"2026-08-28T11:50:20.749274Z","level":"info","event":"Cosmos performance [46e70e30ac03|1673]: The cache size for cosmos_cache__verdanta_daily__dbt_daily is 81421","logger":"cosmos.dbt.graph","filename":"graph.py","lineno":886}
{"timestamp":"2026-08-28T11:50:20.751575Z","level":"info","event":"Cosmos performance: Cache hit for cosmos_cache__verdanta_daily__dbt_daily - 7ef252dbf94f4e7f8dda113986a456cc,ff67f1985ea8a9c639de2e1985ae4cf7","logger":"cosmos.dbt.graph","filename":"graph.py","lineno":898}
{"timestamp":"2026-08-28T11:50:20.751831Z","level":"info","event":"Total nodes: 91","logger":"cosmos.dbt.graph","filename":"graph.py","lineno":799}
{"timestamp":"2026-08-28T11:50:20.751913Z","level":"info","event":"Total filtered nodes: 91","logger":"cosmos.dbt.graph","filename":"graph.py","lineno":800}
{"timestamp":"2026-08-28T11:50:20.751991Z","level":"info","event":"Cosmos performance (verdanta_daily__dbt_daily) - [46e70e30ac03|1673]: It took 0.186s to parse the dbt project for DAG using LoadMode.DBT_LS_CACHE","logger":"cosmos.converter","filename":"converter.py","lineno":371}
{"timestamp":"2026-08-28T11:50:20.831663Z","level":"info","event":"Cosmos performance (verdanta_daily__dbt_daily) - [46e70e30ac03|1673]: It took 0.0796s to build the Airflow DAG.","logger":"cosmos.converter","filename":"converter.py","lineno":423}
{"timestamp":"2026-08-28T11:50:20.831864Z","level":"info","event":"::endgroup::Cosmos DAG parsing logs","logger":"cosmos.converter","filename":"converter.py","lineno":430}
{"timestamp":"2026-08-28T11:50:20.832483Z","level":"warning","event":"Using Variable.get from `airflow.models` is deprecated.Please use `get` on Variable from sdk(`airflow.sdk.Variable`) instead","category":"UserWarning","filename":"/home/airflow/.local/lib/python3.13/site-packages/airflow/models/variable.py","lineno":158,"logger":"py.warnings"}
{"timestamp":"2026-08-28T11:50:51.667807Z","level":"info","event":"Filling up the DagBag from /opt/airflow/dags/verdanta_daily.py","logger":"airflow.dag_processing.dagbag.BundleDagBag","filename":"dagbag.py","lineno":469}
{"timestamp":"2026-08-28T11:50:51.739392Z","level":"info","event":"::group::Cosmos DAG parsing logs","logger":"cosmos.converter","filename":"converter.py","lineno":321}
{"timestamp":"2026-08-28T11:50:51.743206Z","level":"info","event":"Cosmos cache dir resolved to /tmp/cosmos/verdanta_daily__dbt_daily","logger":"cosmos.converter","filename":"converter.py","lineno":346}
{"timestamp":"2026-08-28T11:50:51.743382Z","level":"info","event":"Trying to parse the dbt project using dbt ls cache cosmos_cache__verdanta_daily__dbt_daily...","logger":"cosmos.dbt.graph","filename":"graph.py","lineno":869}
{"timestamp":"2026-08-28T11:50:51.886350Z","level":"info","event":"Cosmos performance: time to calculate cache identifier cosmos_cache__verdanta_daily__dbt_daily for current version: 0.12741227400010757","logger":"cosmos.cache","filename":"cache.py","lineno":401}
{"timestamp":"2026-08-28T11:50:51.886607Z","level":"info","event":"Cosmos performance [46e70e30ac03|1725]: The cache size for cosmos_cache__verdanta_daily__dbt_daily is 81421","logger":"cosmos.dbt.graph","filename":"graph.py","lineno":886}
{"timestamp":"2026-08-28T11:50:51.889024Z","level":"info","event":"Cosmos performance: Cache hit for cosmos_cache__verdanta_daily__dbt_daily - 7ef252dbf94f4e7f8dda113986a456cc,ff67f1985ea8a9c639de2e1985ae4cf7","logger":"cosmos.dbt.graph","filename":"graph.py","lineno":898}
{"timestamp":"2026-08-28T11:50:51.889229Z","level":"info","event":"Total nodes: 91","logger":"cosmos.dbt.graph","filename":"graph.py","lineno":799}
{"timestamp":"2026-08-28T11:50:51.889293Z","level":"info","event":"Total filtered nodes: 91","logger":"cosmos.dbt.graph","filename":"graph.py","lineno":800}
{"timestamp":"2026-08-28T11:50:51.889358Z","level":"info","event":"Cosmos performance (verdanta_daily__dbt_daily) - [46e70e30ac03|1725]: It took 0.146s to parse the dbt project for DAG using LoadMode.DBT_LS_CACHE","logger":"cosmos.converter","filename":"converter.py","lineno":371}
{"timestamp":"2026-08-28T11:50:51.960838Z","level":"info","event":"Cosmos performance (verdanta_daily__dbt_daily) - [46e70e30ac03|1725]: It took 0.0714s to build the Airflow DAG.","logger":"cosmos.converter","filename":"converter.py","lineno":423}
{"timestamp":"2026-08-28T11:50:51.961004Z","level":"info","event":"::endgroup::Cosmos DAG parsing logs","logger":"cosmos.converter","filename":"converter.py","lineno":430}
{"timestamp":"2026-08-28T11:50:51.961547Z","level":"warning","event":"Using Variable.get from `airflow.models` is deprecated.Please use `get` on Variable from sdk(`airflow.sdk.Variable`) instead","category":"UserWarning","filename":"/home/airflow/.local/lib/python3.13/site-packages/airflow/models/variable.py","lineno":158,"logger":"py.warnings"}
{"timestamp":"2026-08-28T11:51:22.679025Z","level":"info","event":"Filling up the DagBag from /opt/airflow/dags/verdanta_daily.py","logger":"airflow.dag_processing.dagbag.BundleDagBag","filename":"dagbag.py","lineno":469}
{"timestamp":"2026-08-28T11:51:22.753648Z","level":"info","event":"::group::Cosmos DAG parsing logs","logger":"cosmos.converter","filename":"converter.py","lineno":321}
{"timestamp":"2026-08-28T11:51:22.758070Z","level":"info","event":"Cosmos cache dir resolved to /tmp/cosmos/verdanta_daily__dbt_daily","logger":"cosmos.converter","filename":"converter.py","lineno":346}
{"timestamp":"2026-08-28T11:51:22.758265Z","level":"info","event":"Trying to parse the dbt project using dbt ls cache cosmos_cache__verdanta_daily__dbt_daily...","logger":"cosmos.dbt.graph","filename":"graph.py","lineno":869}
{"timestamp":"2026-08-28T11:51:22.901882Z","level":"info","event":"Cosmos performance: time to calculate cache identifier cosmos_cache__verdanta_daily__dbt_daily for current version: 0.1259165460000986","logger":"cosmos.cache","filename":"cache.py","lineno":401}
{"timestamp":"2026-08-28T11:51:22.902124Z","level":"info","event":"Cosmos performance [46e70e30ac03|1764]: The cache size for cosmos_cache__verdanta_daily__dbt_daily is 81421","logger":"cosmos.dbt.graph","filename":"graph.py","lineno":886}
{"timestamp":"2026-08-28T11:51:22.904731Z","level":"info","event":"Cosmos performance: Cache hit for cosmos_cache__verdanta_daily__dbt_daily - 7ef252dbf94f4e7f8dda113986a456cc,ff67f1985ea8a9c639de2e1985ae4cf7","logger":"cosmos.dbt.graph","filename":"graph.py","lineno":898}
{"timestamp":"2026-08-28T11:51:22.904933Z","level":"info","event":"Total nodes: 91","logger":"cosmos.dbt.graph","filename":"graph.py","lineno":799}
{"timestamp":"2026-08-28T11:51:22.904998Z","level":"info","event":"Total filtered nodes: 91","logger":"cosmos.dbt.graph","filename":"graph.py","lineno":800}
{"timestamp":"2026-08-28T11:51:22.905094Z","level":"info","event":"Cosmos performance (verdanta_daily__dbt_daily) - [46e70e30ac03|1764]: It took 0.147s to parse the dbt project for DAG using LoadMode.DBT_LS_CACHE","logger":"cosmos.converter","filename":"converter.py","lineno":371}
{"timestamp":"2026-08-28T11:51:22.985122Z","level":"info","event":"Cosmos performance (verdanta_daily__dbt_daily) - [46e70e30ac03|1764]: It took 0.08s to build the Airflow DAG.","logger":"cosmos.converter","filename":"converter.py","lineno":423}
{"timestamp":"2026-08-28T11:51:22.985295Z","level":"info","event":"::endgroup::Cosmos DAG parsing logs","logger":"cosmos.converter","filename":"converter.py","lineno":430}
{"timestamp":"2026-08-28T11:51:22.986038Z","level":"warning","event":"Using Variable.get from `airflow.models` is deprecated.Please use `get` on Variable from sdk(`airflow.sdk.Variable`) instead","category":"UserWarning","filename":"/home/airflow/.local/lib/python3.13/site-packages/airflow/models/variable.py","lineno":158,"logger":"py.warnings"}
{"timestamp":"2026-08-28T11:51:53.532465Z","level":"info","event":"Filling up the DagBag from /opt/airflow/dags/verdanta_daily.py","logger":"airflow.dag_processing.dagbag.BundleDagBag","filename":"dagbag.py","lineno":469}
{"timestamp":"2026-08-28T11:51:53.603433Z","level":"info","event":"::group::Cosmos DAG parsing logs","logger":"cosmos.converter","filename":"converter.py","lineno":321}
{"timestamp":"2026-08-28T11:51:53.606888Z","level":"info","event":"Cosmos cache dir resolved to /tmp/cosmos/verdanta_daily__dbt_daily","logger":"cosmos.converter","filename":"converter.py","lineno":346}
{"timestamp":"2026-08-28T11:51:53.607083Z","level":"info","event":"Trying to parse the dbt project using dbt ls cache cosmos_cache__verdanta_daily__dbt_daily...","logger":"cosmos.dbt.graph","filename":"graph.py","lineno":869}
{"timestamp":"2026-08-28T11:51:53.756887Z","level":"info","event":"Cosmos performance: time to calculate cache identifier cosmos_cache__verdanta_daily__dbt_daily for current version: 0.13078266900015478","logger":"cosmos.cache","filename":"cache.py","lineno":401}
{"timestamp":"2026-08-28T11:51:53.757179Z","level":"info","event":"Cosmos performance [46e70e30ac03|1800]: The cache size for cosmos_cache__verdanta_daily__dbt_daily is 81421","logger":"cosmos.dbt.graph","filename":"graph.py","lineno":886}
{"timestamp":"2026-08-28T11:51:53.760269Z","level":"info","event":"Cosmos performance: Cache hit for cosmos_cache__verdanta_daily__dbt_daily - 7ef252dbf94f4e7f8dda113986a456cc,ff67f1985ea8a9c639de2e1985ae4cf7","logger":"cosmos.dbt.graph","filename":"graph.py","lineno":898}
{"timestamp":"2026-08-28T11:51:53.760462Z","level":"info","event":"Total nodes: 91","logger":"cosmos.dbt.graph","filename":"graph.py","lineno":799}
{"timestamp":"2026-08-28T11:51:53.760527Z","level":"info","event":"Total filtered nodes: 91","logger":"cosmos.dbt.graph","filename":"graph.py","lineno":800}
{"timestamp":"2026-08-28T11:51:53.760592Z","level":"info","event":"Cosmos performance (verdanta_daily__dbt_daily) - [46e70e30ac03|1800]: It took 0.154s to parse the dbt project for DAG using LoadMode.DBT_LS_CACHE","logger":"cosmos.converter","filename":"converter.py","lineno":371}
{"timestamp":"2026-08-28T11:51:53.836193Z","level":"info","event":"Cosmos performance (verdanta_daily__dbt_daily) - [46e70e30ac03|1800]: It took 0.0755s to build the Airflow DAG.","logger":"cosmos.converter","filename":"converter.py","lineno":423}
{"timestamp":"2026-08-28T11:51:53.836369Z","level":"info","event":"::endgroup::Cosmos DAG parsing logs","logger":"cosmos.converter","filename":"converter.py","lineno":430}
{"timestamp":"2026-08-28T11:51:53.836989Z","level":"warning","event":"Using Variable.get from `airflow.models` is deprecated.Please use `get` on Variable from sdk(`airflow.sdk.Variable`) instead","category":"UserWarning","filename":"/home/airflow/.local/lib/python3.13/site-packages/airflow/models/variable.py","lineno":158,"logger":"py.warnings"}
{"timestamp":"2026-08-28T11:52:24.238618Z","level":"info","event":"Filling up the DagBag from /opt/airflow/dags/verdanta_daily.py","logger":"airflow.dag_processing.dagbag.BundleDagBag","filename":"dagbag.py","lineno":469}
{"timestamp":"2026-08-28T11:52:24.307561Z","level":"info","event":"::group::Cosmos DAG parsing logs","logger":"cosmos.converter","filename":"converter.py","lineno":321}
{"timestamp":"2026-08-28T11:52:24.311008Z","level":"info","event":"Cosmos cache dir resolved to /tmp/cosmos/verdanta_daily__dbt_daily","logger":"cosmos.converter","filename":"converter.py","lineno":346}
{"timestamp":"2026-08-28T11:52:24.311318Z","level":"info","event":"Trying to parse the dbt project using dbt ls cache cosmos_cache__verdanta_daily__dbt_daily...","logger":"cosmos.dbt.graph","filename":"graph.py","lineno":869}
{"timestamp":"2026-08-28T11:52:24.467583Z","level":"info","event":"Cosmos performance: time to calculate cache identifier cosmos_cache__verdanta_daily__dbt_daily for current version: 0.13522468800010756","logger":"cosmos.cache","filename":"cache.py","lineno":401}
{"timestamp":"2026-08-28T11:52:24.467837Z","level":"info","event":"Cosmos performance [46e70e30ac03|1835]: The cache size for cosmos_cache__verdanta_daily__dbt_daily is 81421","logger":"cosmos.dbt.graph","filename":"graph.py","lineno":886}
{"timestamp":"2026-08-28T11:52:24.470840Z","level":"info","event":"Cosmos performance: Cache hit for cosmos_cache__verdanta_daily__dbt_daily - 7ef252dbf94f4e7f8dda113986a456cc,ff67f1985ea8a9c639de2e1985ae4cf7","logger":"cosmos.dbt.graph","filename":"graph.py","lineno":898}
{"timestamp":"2026-08-28T11:52:24.471294Z","level":"info","event":"Total nodes: 91","logger":"cosmos.dbt.graph","filename":"graph.py","lineno":799}
{"timestamp":"2026-08-28T11:52:24.471417Z","level":"info","event":"Total filtered nodes: 91","logger":"cosmos.dbt.graph","filename":"graph.py","lineno":800}
{"timestamp":"2026-08-28T11:52:24.471506Z","level":"info","event":"Cosmos performance (verdanta_daily__dbt_daily) - [46e70e30ac03|1835]: It took 0.16s to parse the dbt project for DAG using LoadMode.DBT_LS_CACHE","logger":"cosmos.converter","filename":"converter.py","lineno":371}
{"timestamp":"2026-08-28T11:52:24.551867Z","level":"info","event":"Cosmos performance (verdanta_daily__dbt_daily) - [46e70e30ac03|1835]: It took 0.0803s to build the Airflow DAG.","logger":"cosmos.converter","filename":"converter.py","lineno":423}
{"timestamp":"2026-08-28T11:52:24.552060Z","level":"info","event":"::endgroup::Cosmos DAG parsing logs","logger":"cosmos.converter","filename":"converter.py","lineno":430}
{"timestamp":"2026-08-28T11:52:24.552585Z","level":"warning","event":"Using Variable.get from `airflow.models` is deprecated.Please use `get` on Variable from sdk(`airflow.sdk.Variable`) instead","category":"UserWarning","filename":"/home/airflow/.local/lib/python3.13/site-packages/airflow/models/variable.py","lineno":158,"logger":"py.warnings"}
{"timestamp":"2026-08-28T11:52:55.307309Z","level":"info","event":"Filling up the DagBag from /opt/airflow/dags/verdanta_daily.py","logger":"airflow.dag_processing.dagbag.BundleDagBag","filename":"dagbag.py","lineno":469}
{"timestamp":"2026-08-28T11:52:55.381620Z","level":"info","event":"::group::Cosmos DAG parsing logs","logger":"cosmos.converter","filename":"converter.py","lineno":321}
{"timestamp":"2026-08-28T11:52:55.385632Z","level":"info","event":"Cosmos cache dir resolved to /tmp/cosmos/verdanta_daily__dbt_daily","logger":"cosmos.converter","filename":"converter.py","lineno":346}
{"timestamp":"2026-08-28T11:52:55.385914Z","level":"info","event":"Trying to parse the dbt project using dbt ls cache cosmos_cache__verdanta_daily__dbt_daily...","logger":"cosmos.dbt.graph","filename":"graph.py","lineno":869}
{"timestamp":"2026-08-28T11:52:55.542825Z","level":"info","event":"Cosmos performance: time to calculate cache identifier cosmos_cache__verdanta_daily__dbt_daily for current version: 0.13885235300017484","logger":"cosmos.cache","filename":"cache.py","lineno":401}
{"timestamp":"2026-08-28T11:52:55.543078Z","level":"info","event":"Cosmos performance [46e70e30ac03|1853]: The cache size for cosmos_cache__verdanta_daily__dbt_daily is 81421","logger":"cosmos.dbt.graph","filename":"graph.py","lineno":886}
{"timestamp":"2026-08-28T11:52:55.546532Z","level":"info","event":"Cosmos performance: Cache hit for cosmos_cache__verdanta_daily__dbt_daily - 7ef252dbf94f4e7f8dda113986a456cc,ff67f1985ea8a9c639de2e1985ae4cf7","logger":"cosmos.dbt.graph","filename":"graph.py","lineno":898}
{"timestamp":"2026-08-28T11:52:55.546745Z","level":"info","event":"Total nodes: 91","logger":"cosmos.dbt.graph","filename":"graph.py","lineno":799}
{"timestamp":"2026-08-28T11:52:55.546818Z","level":"info","event":"Total filtered nodes: 91","logger":"cosmos.dbt.graph","filename":"graph.py","lineno":800}
{"timestamp":"2026-08-28T11:52:55.546887Z","level":"info","event":"Cosmos performance (verdanta_daily__dbt_daily) - [46e70e30ac03|1853]: It took 0.161s to parse the dbt project for DAG using LoadMode.DBT_LS_CACHE","logger":"cosmos.converter","filename":"converter.py","lineno":371}
{"timestamp":"2026-08-28T11:52:55.622804Z","level":"info","event":"Cosmos performance (verdanta_daily__dbt_daily) - [46e70e30ac03|1853]: It took 0.0759s to build the Airflow DAG.","logger":"cosmos.converter","filename":"converter.py","lineno":423}
{"timestamp":"2026-08-28T11:52:55.622978Z","level":"info","event":"::endgroup::Cosmos DAG parsing logs","logger":"cosmos.converter","filename":"converter.py","lineno":430}
{"timestamp":"2026-08-28T11:52:55.623519Z","level":"warning","event":"Using Variable.get from `airflow.models` is deprecated.Please use `get` on Variable from sdk(`airflow.sdk.Variable`) instead","category":"UserWarning","filename":"/home/airflow/.local/lib/python3.13/site-packages/airflow/models/variable.py","lineno":158,"logger":"py.warnings"}
{"timestamp":"2026-08-28T11:53:25.799899Z","level":"info","event":"Filling up the DagBag from /opt/airflow/dags/verdanta_daily.py","logger":"airflow.dag_processing.dagbag.BundleDagBag","filename":"dagbag.py","lineno":469}
{"timestamp":"2026-08-28T11:53:25.880814Z","level":"info","event":"::group::Cosmos DAG parsing logs","logger":"cosmos.converter","filename":"converter.py","lineno":321}
{"timestamp":"2026-08-28T11:53:25.884482Z","level":"info","event":"Cosmos cache dir resolved to /tmp/cosmos/verdanta_daily__dbt_daily","logger":"cosmos.converter","filename":"converter.py","lineno":346}
{"timestamp":"2026-08-28T11:53:25.884712Z","level":"info","event":"Trying to parse the dbt project using dbt ls cache cosmos_cache__verdanta_daily__dbt_daily...","logger":"cosmos.dbt.graph","filename":"graph.py","lineno":869}
{"timestamp":"2026-08-28T11:53:26.043860Z","level":"info","event":"Cosmos performance: time to calculate cache identifier cosmos_cache__verdanta_daily__dbt_daily for current version: 0.139051598000151","logger":"cosmos.cache","filename":"cache.py","lineno":401}
{"timestamp":"2026-08-28T11:53:26.044102Z","level":"info","event":"Cosmos performance [46e70e30ac03|1888]: The cache size for cosmos_cache__verdanta_daily__dbt_daily is 81421","logger":"cosmos.dbt.graph","filename":"graph.py","lineno":886}
{"timestamp":"2026-08-28T11:53:26.046592Z","level":"info","event":"Cosmos performance: Cache hit for cosmos_cache__verdanta_daily__dbt_daily - 7ef252dbf94f4e7f8dda113986a456cc,ff67f1985ea8a9c639de2e1985ae4cf7","logger":"cosmos.dbt.graph","filename":"graph.py","lineno":898}
{"timestamp":"2026-08-28T11:53:26.046829Z","level":"info","event":"Total nodes: 91","logger":"cosmos.dbt.graph","filename":"graph.py","lineno":799}
{"timestamp":"2026-08-28T11:53:26.046903Z","level":"info","event":"Total filtered nodes: 91","logger":"cosmos.dbt.graph","filename":"graph.py","lineno":800}
{"timestamp":"2026-08-28T11:53:26.046985Z","level":"info","event":"Cosmos performance (verdanta_daily__dbt_daily) - [46e70e30ac03|1888]: It took 0.162s to parse the dbt project for DAG using LoadMode.DBT_LS_CACHE","logger":"cosmos.converter","filename":"converter.py","lineno":371}
{"timestamp":"2026-08-28T11:53:26.128633Z","level":"info","event":"Cosmos performance (verdanta_daily__dbt_daily) - [46e70e30ac03|1888]: It took 0.0816s to build the Airflow DAG.","logger":"cosmos.converter","filename":"converter.py","lineno":423}
{"timestamp":"2026-08-28T11:53:26.128801Z","level":"info","event":"::endgroup::Cosmos DAG parsing logs","logger":"cosmos.converter","filename":"converter.py","lineno":430}
{"timestamp":"2026-08-28T11:53:26.129386Z","level":"warning","event":"Using Variable.get from `airflow.models` is deprecated.Please use `get` on Variable from sdk(`airflow.sdk.Variable`) instead","category":"UserWarning","filename":"/home/airflow/.local/lib/python3.13/site-packages/airflow/models/variable.py","lineno":158,"logger":"py.warnings"}
{"timestamp":"2026-08-28T11:53:56.409519Z","level":"info","event":"Filling up the DagBag from /opt/airflow/dags/verdanta_daily.py","logger":"airflow.dag_processing.dagbag.BundleDagBag","filename":"dagbag.py","lineno":469}
{"timestamp":"2026-08-28T11:53:56.483793Z","level":"info","event":"::group::Cosmos DAG parsing logs","logger":"cosmos.converter","filename":"converter.py","lineno":321}
{"timestamp":"2026-08-28T11:53:56.491612Z","level":"info","event":"Cosmos cache dir resolved to /tmp/cosmos/verdanta_daily__dbt_daily","logger":"cosmos.converter","filename":"converter.py","lineno":346}
{"timestamp":"2026-08-28T11:53:56.491892Z","level":"info","event":"Trying to parse the dbt project using dbt ls cache cosmos_cache__verdanta_daily__dbt_daily...","logger":"cosmos.dbt.graph","filename":"graph.py","lineno":869}
{"timestamp":"2026-08-28T11:53:56.635601Z","level":"info","event":"Cosmos performance: time to calculate cache identifier cosmos_cache__verdanta_daily__dbt_daily for current version: 0.12968202000001838","logger":"cosmos.cache","filename":"cache.py","lineno":401}
{"timestamp":"2026-08-28T11:53:56.635856Z","level":"info","event":"Cosmos performance [46e70e30ac03|1917]: The cache size for cosmos_cache__verdanta_daily__dbt_daily is 81421","logger":"cosmos.dbt.graph","filename":"graph.py","lineno":886}
{"timestamp":"2026-08-28T11:53:56.638542Z","level":"info","event":"Cosmos performance: Cache hit for cosmos_cache__verdanta_daily__dbt_daily - 7ef252dbf94f4e7f8dda113986a456cc,ff67f1985ea8a9c639de2e1985ae4cf7","logger":"cosmos.dbt.graph","filename":"graph.py","lineno":898}
{"timestamp":"2026-08-28T11:53:56.638789Z","level":"info","event":"Total nodes: 91","logger":"cosmos.dbt.graph","filename":"graph.py","lineno":799}
{"timestamp":"2026-08-28T11:53:56.638890Z","level":"info","event":"Total filtered nodes: 91","logger":"cosmos.dbt.graph","filename":"graph.py","lineno":800}
{"timestamp":"2026-08-28T11:53:56.638970Z","level":"info","event":"Cosmos performance (verdanta_daily__dbt_daily) - [46e70e30ac03|1917]: It took 0.147s to parse the dbt project for DAG using LoadMode.DBT_LS_CACHE","logger":"cosmos.converter","filename":"converter.py","lineno":371}
{"timestamp":"2026-08-28T11:53:56.712081Z","level":"info","event":"Cosmos performance (verdanta_daily__dbt_daily) - [46e70e30ac03|1917]: It took 0.0731s to build the Airflow DAG.","logger":"cosmos.converter","filename":"converter.py","lineno":423}
{"timestamp":"2026-08-28T11:53:56.712258Z","level":"info","event":"::endgroup::Cosmos DAG parsing logs","logger":"cosmos.converter","filename":"converter.py","lineno":430}
{"timestamp":"2026-08-28T11:53:56.712802Z","level":"warning","event":"Using Variable.get from `airflow.models` is deprecated.Please use `get` on Variable from sdk(`airflow.sdk.Variable`) instead","category":"UserWarning","filename":"/home/airflow/.local/lib/python3.13/site-packages/airflow/models/variable.py","lineno":158,"logger":"py.warnings"}
{"timestamp":"2026-08-28T11:54:27.464920Z","level":"info","event":"Filling up the DagBag from /opt/airflow/dags/verdanta_daily.py","logger":"airflow.dag_processing.dagbag.BundleDagBag","filename":"dagbag.py","lineno":469}
{"timestamp":"2026-08-28T11:54:27.548976Z","level":"info","event":"::group::Cosmos DAG parsing logs","logger":"cosmos.converter","filename":"converter.py","lineno":321}
{"timestamp":"2026-08-28T11:54:27.553256Z","level":"info","event":"Cosmos cache dir resolved to /tmp/cosmos/verdanta_daily__dbt_daily","logger":"cosmos.converter","filename":"converter.py","lineno":346}
{"timestamp":"2026-08-28T11:54:27.553542Z","level":"info","event":"Trying to parse the dbt project using dbt ls cache cosmos_cache__verdanta_daily__dbt_daily...","logger":"cosmos.dbt.graph","filename":"graph.py","lineno":869}
{"timestamp":"2026-08-28T11:54:27.707079Z","level":"info","event":"Cosmos performance: time to calculate cache identifier cosmos_cache__verdanta_daily__dbt_daily for current version: 0.1336552880002273","logger":"cosmos.cache","filename":"cache.py","lineno":401}
{"timestamp":"2026-08-28T11:54:27.707404Z","level":"info","event":"Cosmos performance [46e70e30ac03|1953]: The cache size for cosmos_cache__verdanta_daily__dbt_daily is 81421","logger":"cosmos.dbt.graph","filename":"graph.py","lineno":886}
{"timestamp":"2026-08-28T11:54:27.710051Z","level":"info","event":"Cosmos performance: Cache hit for cosmos_cache__verdanta_daily__dbt_daily - 7ef252dbf94f4e7f8dda113986a456cc,ff67f1985ea8a9c639de2e1985ae4cf7","logger":"cosmos.dbt.graph","filename":"graph.py","lineno":898}
{"timestamp":"2026-08-28T11:54:27.710358Z","level":"info","event":"Total nodes: 91","logger":"cosmos.dbt.graph","filename":"graph.py","lineno":799}
{"timestamp":"2026-08-28T11:54:27.710448Z","level":"info","event":"Total filtered nodes: 91","logger":"cosmos.dbt.graph","filename":"graph.py","lineno":800}
{"timestamp":"2026-08-28T11:54:27.710584Z","level":"info","event":"Cosmos performance (verdanta_daily__dbt_daily) - [46e70e30ac03|1953]: It took 0.157s to parse the dbt project for DAG using LoadMode.DBT_LS_CACHE","logger":"cosmos.converter","filename":"converter.py","lineno":371}
{"timestamp":"2026-08-28T11:54:27.786719Z","level":"info","event":"Cosmos performance (verdanta_daily__dbt_daily) - [46e70e30ac03|1953]: It took 0.0761s to build the Airflow DAG.","logger":"cosmos.converter","filename":"converter.py","lineno":423}
{"timestamp":"2026-08-28T11:54:27.786929Z","level":"info","event":"::endgroup::Cosmos DAG parsing logs","logger":"cosmos.converter","filename":"converter.py","lineno":430}
{"timestamp":"2026-08-28T11:54:27.787721Z","level":"warning","event":"Using Variable.get from `airflow.models` is deprecated.Please use `get` on Variable from sdk(`airflow.sdk.Variable`) instead","category":"UserWarning","filename":"/home/airflow/.local/lib/python3.13/site-packages/airflow/models/variable.py","lineno":158,"logger":"py.warnings"}
{"timestamp":"2026-08-28T11:54:57.882942Z","level":"info","event":"Filling up the DagBag from /opt/airflow/dags/verdanta_daily.py","logger":"airflow.dag_processing.dagbag.BundleDagBag","filename":"dagbag.py","lineno":469}
{"timestamp":"2026-08-28T11:54:57.952894Z","level":"info","event":"::group::Cosmos DAG parsing logs","logger":"cosmos.converter","filename":"converter.py","lineno":321}
{"timestamp":"2026-08-28T11:54:57.956189Z","level":"info","event":"Cosmos cache dir resolved to /tmp/cosmos/verdanta_daily__dbt_daily","logger":"cosmos.converter","filename":"converter.py","lineno":346}
{"timestamp":"2026-08-28T11:54:57.956418Z","level":"info","event":"Trying to parse the dbt project using dbt ls cache cosmos_cache__verdanta_daily__dbt_daily...","logger":"cosmos.dbt.graph","filename":"graph.py","lineno":869}
{"timestamp":"2026-08-28T11:54:58.131330Z","level":"info","event":"Cosmos performance: time to calculate cache identifier cosmos_cache__verdanta_daily__dbt_daily for current version: 0.15769954500001404","logger":"cosmos.cache","filename":"cache.py","lineno":401}
{"timestamp":"2026-08-28T11:54:58.131631Z","level":"info","event":"Cosmos performance [46e70e30ac03|1988]: The cache size for cosmos_cache__verdanta_daily__dbt_daily is 81421","logger":"cosmos.dbt.graph","filename":"graph.py","lineno":886}
{"timestamp":"2026-08-28T11:54:58.135963Z","level":"info","event":"Cosmos performance: Cache hit for cosmos_cache__verdanta_daily__dbt_daily - 7ef252dbf94f4e7f8dda113986a456cc,ff67f1985ea8a9c639de2e1985ae4cf7","logger":"cosmos.dbt.graph","filename":"graph.py","lineno":898}
{"timestamp":"2026-08-28T11:54:58.136230Z","level":"info","event":"Total nodes: 91","logger":"cosmos.dbt.graph","filename":"graph.py","lineno":799}
{"timestamp":"2026-08-28T11:54:58.136312Z","level":"info","event":"Total filtered nodes: 91","logger":"cosmos.dbt.graph","filename":"graph.py","lineno":800}
{"timestamp":"2026-08-28T11:54:58.136453Z","level":"info","event":"Cosmos performance (verdanta_daily__dbt_daily) - [46e70e30ac03|1988]: It took 0.18s to parse the dbt project for DAG using LoadMode.DBT_LS_CACHE","logger":"cosmos.converter","filename":"converter.py","lineno":371}
{"timestamp":"2026-08-28T11:54:58.216710Z","level":"info","event":"Cosmos performance (verdanta_daily__dbt_daily) - [46e70e30ac03|1988]: It took 0.0802s to build the Airflow DAG.","logger":"cosmos.converter","filename":"converter.py","lineno":423}
{"timestamp":"2026-08-28T11:54:58.216897Z","level":"info","event":"::endgroup::Cosmos DAG parsing logs","logger":"cosmos.converter","filename":"converter.py","lineno":430}
{"timestamp":"2026-08-28T11:54:58.217611Z","level":"warning","event":"Using Variable.get from `airflow.models` is deprecated.Please use `get` on Variable from sdk(`airflow.sdk.Variable`) instead","category":"UserWarning","filename":"/home/airflow/.local/lib/python3.13/site-packages/airflow/models/variable.py","lineno":158,"logger":"py.warnings"}
{"timestamp":"2026-08-28T11:55:28.463034Z","level":"info","event":"Filling up the DagBag from /opt/airflow/dags/verdanta_daily.py","logger":"airflow.dag_processing.dagbag.BundleDagBag","filename":"dagbag.py","lineno":469}
{"timestamp":"2026-08-28T11:55:28.531136Z","level":"info","event":"::group::Cosmos DAG parsing logs","logger":"cosmos.converter","filename":"converter.py","lineno":321}
{"timestamp":"2026-08-28T11:55:28.534693Z","level":"info","event":"Cosmos cache dir resolved to /tmp/cosmos/verdanta_daily__dbt_daily","logger":"cosmos.converter","filename":"converter.py","lineno":346}
{"timestamp":"2026-08-28T11:55:28.534910Z","level":"info","event":"Trying to parse the dbt project using dbt ls cache cosmos_cache__verdanta_daily__dbt_daily...","logger":"cosmos.dbt.graph","filename":"graph.py","lineno":869}
{"timestamp":"2026-08-28T11:55:28.678441Z","level":"info","event":"Cosmos performance: time to calculate cache identifier cosmos_cache__verdanta_daily__dbt_daily for current version: 0.1263413980000223","logger":"cosmos.cache","filename":"cache.py","lineno":401}
{"timestamp":"2026-08-28T11:55:28.678766Z","level":"info","event":"Cosmos performance [46e70e30ac03|2003]: The cache size for cosmos_cache__verdanta_daily__dbt_daily is 81421","logger":"cosmos.dbt.graph","filename":"graph.py","lineno":886}
{"timestamp":"2026-08-28T11:55:28.681497Z","level":"info","event":"Cosmos performance: Cache hit for cosmos_cache__verdanta_daily__dbt_daily - 7ef252dbf94f4e7f8dda113986a456cc,ff67f1985ea8a9c639de2e1985ae4cf7","logger":"cosmos.dbt.graph","filename":"graph.py","lineno":898}
{"timestamp":"2026-08-28T11:55:28.681890Z","level":"info","event":"Total nodes: 91","logger":"cosmos.dbt.graph","filename":"graph.py","lineno":799}
{"timestamp":"2026-08-28T11:55:28.682024Z","level":"info","event":"Total filtered nodes: 91","logger":"cosmos.dbt.graph","filename":"graph.py","lineno":800}
{"timestamp":"2026-08-28T11:55:28.682156Z","level":"info","event":"Cosmos performance (verdanta_daily__dbt_daily) - [46e70e30ac03|2003]: It took 0.147s to parse the dbt project for DAG using LoadMode.DBT_LS_CACHE","logger":"cosmos.converter","filename":"converter.py","lineno":371}
{"timestamp":"2026-08-28T11:55:28.755205Z","level":"info","event":"Cosmos performance (verdanta_daily__dbt_daily) - [46e70e30ac03|2003]: It took 0.073s to build the Airflow DAG.","logger":"cosmos.converter","filename":"converter.py","lineno":423}
{"timestamp":"2026-08-28T11:55:28.755385Z","level":"info","event":"::endgroup::Cosmos DAG parsing logs","logger":"cosmos.converter","filename":"converter.py","lineno":430}
{"timestamp":"2026-08-28T11:55:28.756029Z","level":"warning","event":"Using Variable.get from `airflow.models` is deprecated.Please use `get` on Variable from sdk(`airflow.sdk.Variable`) instead","category":"UserWarning","filename":"/home/airflow/.local/lib/python3.13/site-packages/airflow/models/variable.py","lineno":158,"logger":"py.warnings"}
{"timestamp":"2026-08-28T11:55:58.977475Z","level":"info","event":"Filling up the DagBag from /opt/airflow/dags/verdanta_daily.py","logger":"airflow.dag_processing.dagbag.BundleDagBag","filename":"dagbag.py","lineno":469}
{"timestamp":"2026-08-28T11:55:59.061104Z","level":"info","event":"::group::Cosmos DAG parsing logs","logger":"cosmos.converter","filename":"converter.py","lineno":321}
{"timestamp":"2026-08-28T11:55:59.066310Z","level":"info","event":"Cosmos cache dir resolved to /tmp/cosmos/verdanta_daily__dbt_daily","logger":"cosmos.converter","filename":"converter.py","lineno":346}
{"timestamp":"2026-08-28T11:55:59.066618Z","level":"info","event":"Trying to parse the dbt project using dbt ls cache cosmos_cache__verdanta_daily__dbt_daily...","logger":"cosmos.dbt.graph","filename":"graph.py","lineno":869}
{"timestamp":"2026-08-28T11:55:59.218828Z","level":"info","event":"Cosmos performance: time to calculate cache identifier cosmos_cache__verdanta_daily__dbt_daily for current version: 0.13596079999979338","logger":"cosmos.cache","filename":"cache.py","lineno":401}
{"timestamp":"2026-08-28T11:55:59.219069Z","level":"info","event":"Cosmos performance [46e70e30ac03|2040]: The cache size for cosmos_cache__verdanta_daily__dbt_daily is 81421","logger":"cosmos.dbt.graph","filename":"graph.py","lineno":886}
{"timestamp":"2026-08-28T11:55:59.222068Z","level":"info","event":"Cosmos performance: Cache hit for cosmos_cache__verdanta_daily__dbt_daily - 7ef252dbf94f4e7f8dda113986a456cc,ff67f1985ea8a9c639de2e1985ae4cf7","logger":"cosmos.dbt.graph","filename":"graph.py","lineno":898}
{"timestamp":"2026-08-28T11:55:59.222295Z","level":"info","event":"Total nodes: 91","logger":"cosmos.dbt.graph","filename":"graph.py","lineno":799}
{"timestamp":"2026-08-28T11:55:59.222364Z","level":"info","event":"Total filtered nodes: 91","logger":"cosmos.dbt.graph","filename":"graph.py","lineno":800}
{"timestamp":"2026-08-28T11:55:59.222463Z","level":"info","event":"Cosmos performance (verdanta_daily__dbt_daily) - [46e70e30ac03|2040]: It took 0.156s to parse the dbt project for DAG using LoadMode.DBT_LS_CACHE","logger":"cosmos.converter","filename":"converter.py","lineno":371}
{"timestamp":"2026-08-28T11:55:59.304166Z","level":"info","event":"Cosmos performance (verdanta_daily__dbt_daily) - [46e70e30ac03|2040]: It took 0.0817s to build the Airflow DAG.","logger":"cosmos.converter","filename":"converter.py","lineno":423}
{"timestamp":"2026-08-28T11:55:59.304359Z","level":"info","event":"::endgroup::Cosmos DAG parsing logs","logger":"cosmos.converter","filename":"converter.py","lineno":430}
{"timestamp":"2026-08-28T11:55:59.304963Z","level":"warning","event":"Using Variable.get from `airflow.models` is deprecated.Please use `get` on Variable from sdk(`airflow.sdk.Variable`) instead","category":"UserWarning","filename":"/home/airflow/.local/lib/python3.13/site-packages/airflow/models/variable.py","lineno":158,"logger":"py.warnings"}
{"timestamp":"2026-08-28T11:56:29.789303Z","level":"info","event":"Filling up the DagBag from /opt/airflow/dags/verdanta_daily.py","logger":"airflow.dag_processing.dagbag.BundleDagBag","filename":"dagbag.py","lineno":469}
{"timestamp":"2026-08-28T11:56:29.864075Z","level":"info","event":"::group::Cosmos DAG parsing logs","logger":"cosmos.converter","filename":"converter.py","lineno":321}
{"timestamp":"2026-08-28T11:56:29.868156Z","level":"info","event":"Cosmos cache dir resolved to /tmp/cosmos/verdanta_daily__dbt_daily","logger":"cosmos.converter","filename":"converter.py","lineno":346}
{"timestamp":"2026-08-28T11:56:29.868364Z","level":"info","event":"Trying to parse the dbt project using dbt ls cache cosmos_cache__verdanta_daily__dbt_daily...","logger":"cosmos.dbt.graph","filename":"graph.py","lineno":869}
{"timestamp":"2026-08-28T11:56:30.023447Z","level":"info","event":"Cosmos performance: time to calculate cache identifier cosmos_cache__verdanta_daily__dbt_daily for current version: 0.13585752800008777","logger":"cosmos.cache","filename":"cache.py","lineno":401}
{"timestamp":"2026-08-28T11:56:30.023762Z","level":"info","event":"Cosmos performance [46e70e30ac03|2076]: The cache size for cosmos_cache__verdanta_daily__dbt_daily is 81421","logger":"cosmos.dbt.graph","filename":"graph.py","lineno":886}
{"timestamp":"2026-08-28T11:56:30.026454Z","level":"info","event":"Cosmos performance: Cache hit for cosmos_cache__verdanta_daily__dbt_daily - 7ef252dbf94f4e7f8dda113986a456cc,ff67f1985ea8a9c639de2e1985ae4cf7","logger":"cosmos.dbt.graph","filename":"graph.py","lineno":898}
{"timestamp":"2026-08-28T11:56:30.026690Z","level":"info","event":"Total nodes: 91","logger":"cosmos.dbt.graph","filename":"graph.py","lineno":799}
{"timestamp":"2026-08-28T11:56:30.026814Z","level":"info","event":"Total filtered nodes: 91","logger":"cosmos.dbt.graph","filename":"graph.py","lineno":800}
{"timestamp":"2026-08-28T11:56:30.026908Z","level":"info","event":"Cosmos performance (verdanta_daily__dbt_daily) - [46e70e30ac03|2076]: It took 0.159s to parse the dbt project for DAG using LoadMode.DBT_LS_CACHE","logger":"cosmos.converter","filename":"converter.py","lineno":371}
{"timestamp":"2026-08-28T11:56:30.116067Z","level":"info","event":"Cosmos performance (verdanta_daily__dbt_daily) - [46e70e30ac03|2076]: It took 0.089s to build the Airflow DAG.","logger":"cosmos.converter","filename":"converter.py","lineno":423}
{"timestamp":"2026-08-28T11:56:30.116318Z","level":"info","event":"::endgroup::Cosmos DAG parsing logs","logger":"cosmos.converter","filename":"converter.py","lineno":430}
{"timestamp":"2026-08-28T11:56:30.117150Z","level":"warning","event":"Using Variable.get from `airflow.models` is deprecated.Please use `get` on Variable from sdk(`airflow.sdk.Variable`) instead","category":"UserWarning","filename":"/home/airflow/.local/lib/python3.13/site-packages/airflow/models/variable.py","lineno":158,"logger":"py.warnings"}
{"timestamp":"2026-08-28T11:57:00.296134Z","level":"info","event":"Filling up the DagBag from /opt/airflow/dags/verdanta_daily.py","logger":"airflow.dag_processing.dagbag.BundleDagBag","filename":"dagbag.py","lineno":469}
{"timestamp":"2026-08-28T11:57:00.375757Z","level":"info","event":"::group::Cosmos DAG parsing logs","logger":"cosmos.converter","filename":"converter.py","lineno":321}
{"timestamp":"2026-08-28T11:57:00.381073Z","level":"info","event":"Cosmos cache dir resolved to /tmp/cosmos/verdanta_daily__dbt_daily","logger":"cosmos.converter","filename":"converter.py","lineno":346}
{"timestamp":"2026-08-28T11:57:00.381311Z","level":"info","event":"Trying to parse the dbt project using dbt ls cache cosmos_cache__verdanta_daily__dbt_daily...","logger":"cosmos.dbt.graph","filename":"graph.py","lineno":869}
{"timestamp":"2026-08-28T11:57:00.541215Z","level":"info","event":"Cosmos performance: time to calculate cache identifier cosmos_cache__verdanta_daily__dbt_daily for current version: 0.1389324330002637","logger":"cosmos.cache","filename":"cache.py","lineno":401}
{"timestamp":"2026-08-28T11:57:00.541458Z","level":"info","event":"Cosmos performance [46e70e30ac03|2112]: The cache size for cosmos_cache__verdanta_daily__dbt_daily is 81421","logger":"cosmos.dbt.graph","filename":"graph.py","lineno":886}
{"timestamp":"2026-08-28T11:57:00.544523Z","level":"info","event":"Cosmos performance: Cache hit for cosmos_cache__verdanta_daily__dbt_daily - 7ef252dbf94f4e7f8dda113986a456cc,ff67f1985ea8a9c639de2e1985ae4cf7","logger":"cosmos.dbt.graph","filename":"graph.py","lineno":898}
{"timestamp":"2026-08-28T11:57:00.544822Z","level":"info","event":"Total nodes: 91","logger":"cosmos.dbt.graph","filename":"graph.py","lineno":799}
{"timestamp":"2026-08-28T11:57:00.544915Z","level":"info","event":"Total filtered nodes: 91","logger":"cosmos.dbt.graph","filename":"graph.py","lineno":800}
{"timestamp":"2026-08-28T11:57:00.544993Z","level":"info","event":"Cosmos performance (verdanta_daily__dbt_daily) - [46e70e30ac03|2112]: It took 0.164s to parse the dbt project for DAG using LoadMode.DBT_LS_CACHE","logger":"cosmos.converter","filename":"converter.py","lineno":371}
{"timestamp":"2026-08-28T11:57:00.623948Z","level":"info","event":"Cosmos performance (verdanta_daily__dbt_daily) - [46e70e30ac03|2112]: It took 0.0789s to build the Airflow DAG.","logger":"cosmos.converter","filename":"converter.py","lineno":423}
{"timestamp":"2026-08-28T11:57:00.624121Z","level":"info","event":"::endgroup::Cosmos DAG parsing logs","logger":"cosmos.converter","filename":"converter.py","lineno":430}
{"timestamp":"2026-08-28T11:57:00.624746Z","level":"warning","event":"Using Variable.get from `airflow.models` is deprecated.Please use `get` on Variable from sdk(`airflow.sdk.Variable`) instead","category":"UserWarning","filename":"/home/airflow/.local/lib/python3.13/site-packages/airflow/models/variable.py","lineno":158,"logger":"py.warnings"}
{"timestamp":"2026-08-28T11:57:30.750960Z","level":"info","event":"Filling up the DagBag from /opt/airflow/dags/verdanta_daily.py","logger":"airflow.dag_processing.dagbag.BundleDagBag","filename":"dagbag.py","lineno":469}
{"timestamp":"2026-08-28T11:57:30.820535Z","level":"info","event":"::group::Cosmos DAG parsing logs","logger":"cosmos.converter","filename":"converter.py","lineno":321}
{"timestamp":"2026-08-28T11:57:30.824106Z","level":"info","event":"Cosmos cache dir resolved to /tmp/cosmos/verdanta_daily__dbt_daily","logger":"cosmos.converter","filename":"converter.py","lineno":346}
{"timestamp":"2026-08-28T11:57:30.824516Z","level":"info","event":"Trying to parse the dbt project using dbt ls cache cosmos_cache__verdanta_daily__dbt_daily...","logger":"cosmos.dbt.graph","filename":"graph.py","lineno":869}
{"timestamp":"2026-08-28T11:57:30.974490Z","level":"info","event":"Cosmos performance: time to calculate cache identifier cosmos_cache__verdanta_daily__dbt_daily for current version: 0.130680355000095","logger":"cosmos.cache","filename":"cache.py","lineno":401}
{"timestamp":"2026-08-28T11:57:30.974774Z","level":"info","event":"Cosmos performance [46e70e30ac03|2148]: The cache size for cosmos_cache__verdanta_daily__dbt_daily is 81421","logger":"cosmos.dbt.graph","filename":"graph.py","lineno":886}
{"timestamp":"2026-08-28T11:57:30.977819Z","level":"info","event":"Cosmos performance: Cache hit for cosmos_cache__verdanta_daily__dbt_daily - 7ef252dbf94f4e7f8dda113986a456cc,ff67f1985ea8a9c639de2e1985ae4cf7","logger":"cosmos.dbt.graph","filename":"graph.py","lineno":898}
{"timestamp":"2026-08-28T11:57:30.978041Z","level":"info","event":"Total nodes: 91","logger":"cosmos.dbt.graph","filename":"graph.py","lineno":799}
{"timestamp":"2026-08-28T11:57:30.978114Z","level":"info","event":"Total filtered nodes: 91","logger":"cosmos.dbt.graph","filename":"graph.py","lineno":800}
{"timestamp":"2026-08-28T11:57:30.978181Z","level":"info","event":"Cosmos performance (verdanta_daily__dbt_daily) - [46e70e30ac03|2148]: It took 0.154s to parse the dbt project for DAG using LoadMode.DBT_LS_CACHE","logger":"cosmos.converter","filename":"converter.py","lineno":371}
{"timestamp":"2026-08-28T11:57:31.053675Z","level":"info","event":"Cosmos performance (verdanta_daily__dbt_daily) - [46e70e30ac03|2148]: It took 0.0754s to build the Airflow DAG.","logger":"cosmos.converter","filename":"converter.py","lineno":423}
{"timestamp":"2026-08-28T11:57:31.053971Z","level":"info","event":"::endgroup::Cosmos DAG parsing logs","logger":"cosmos.converter","filename":"converter.py","lineno":430}
{"timestamp":"2026-08-28T11:57:31.054542Z","level":"warning","event":"Using Variable.get from `airflow.models` is deprecated.Please use `get` on Variable from sdk(`airflow.sdk.Variable`) instead","category":"UserWarning","filename":"/home/airflow/.local/lib/python3.13/site-packages/airflow/models/variable.py","lineno":158,"logger":"py.warnings"}
{"timestamp":"2026-08-28T11:58:02.050692Z","level":"info","event":"Filling up the DagBag from /opt/airflow/dags/verdanta_daily.py","logger":"airflow.dag_processing.dagbag.BundleDagBag","filename":"dagbag.py","lineno":469}
{"timestamp":"2026-08-28T11:58:02.132806Z","level":"info","event":"::group::Cosmos DAG parsing logs","logger":"cosmos.converter","filename":"converter.py","lineno":321}
{"timestamp":"2026-08-28T11:58:02.137690Z","level":"info","event":"Cosmos cache dir resolved to /tmp/cosmos/verdanta_daily__dbt_daily","logger":"cosmos.converter","filename":"converter.py","lineno":346}
{"timestamp":"2026-08-28T11:58:02.137925Z","level":"info","event":"Trying to parse the dbt project using dbt ls cache cosmos_cache__verdanta_daily__dbt_daily...","logger":"cosmos.dbt.graph","filename":"graph.py","lineno":869}
{"timestamp":"2026-08-28T11:58:02.294988Z","level":"info","event":"Cosmos performance: time to calculate cache identifier cosmos_cache__verdanta_daily__dbt_daily for current version: 0.13945784999987154","logger":"cosmos.cache","filename":"cache.py","lineno":401}
{"timestamp":"2026-08-28T11:58:02.295225Z","level":"info","event":"Cosmos performance [46e70e30ac03|2165]: The cache size for cosmos_cache__verdanta_daily__dbt_daily is 81421","logger":"cosmos.dbt.graph","filename":"graph.py","lineno":886}
{"timestamp":"2026-08-28T11:58:02.297806Z","level":"info","event":"Cosmos performance: Cache hit for cosmos_cache__verdanta_daily__dbt_daily - 7ef252dbf94f4e7f8dda113986a456cc,ff67f1985ea8a9c639de2e1985ae4cf7","logger":"cosmos.dbt.graph","filename":"graph.py","lineno":898}
{"timestamp":"2026-08-28T11:58:02.298013Z","level":"info","event":"Total nodes: 91","logger":"cosmos.dbt.graph","filename":"graph.py","lineno":799}
{"timestamp":"2026-08-28T11:58:02.298077Z","level":"info","event":"Total filtered nodes: 91","logger":"cosmos.dbt.graph","filename":"graph.py","lineno":800}
{"timestamp":"2026-08-28T11:58:02.298144Z","level":"info","event":"Cosmos performance (verdanta_daily__dbt_daily) - [46e70e30ac03|2165]: It took 0.16s to parse the dbt project for DAG using LoadMode.DBT_LS_CACHE","logger":"cosmos.converter","filename":"converter.py","lineno":371}
{"timestamp":"2026-08-28T11:58:02.379403Z","level":"info","event":"Cosmos performance (verdanta_daily__dbt_daily) - [46e70e30ac03|2165]: It took 0.0812s to build the Airflow DAG.","logger":"cosmos.converter","filename":"converter.py","lineno":423}
{"timestamp":"2026-08-28T11:58:02.379581Z","level":"info","event":"::endgroup::Cosmos DAG parsing logs","logger":"cosmos.converter","filename":"converter.py","lineno":430}
{"timestamp":"2026-08-28T11:58:02.380237Z","level":"warning","event":"Using Variable.get from `airflow.models` is deprecated.Please use `get` on Variable from sdk(`airflow.sdk.Variable`) instead","category":"UserWarning","filename":"/home/airflow/.local/lib/python3.13/site-packages/airflow/models/variable.py","lineno":158,"logger":"py.warnings"}
{"timestamp":"2026-08-28T11:58:32.776884Z","level":"info","event":"Filling up the DagBag from /opt/airflow/dags/verdanta_daily.py","logger":"airflow.dag_processing.dagbag.BundleDagBag","filename":"dagbag.py","lineno":469}
{"timestamp":"2026-08-28T11:58:32.846168Z","level":"info","event":"::group::Cosmos DAG parsing logs","logger":"cosmos.converter","filename":"converter.py","lineno":321}
{"timestamp":"2026-08-28T11:58:32.849383Z","level":"info","event":"Cosmos cache dir resolved to /tmp/cosmos/verdanta_daily__dbt_daily","logger":"cosmos.converter","filename":"converter.py","lineno":346}
{"timestamp":"2026-08-28T11:58:32.849596Z","level":"info","event":"Trying to parse the dbt project using dbt ls cache cosmos_cache__verdanta_daily__dbt_daily...","logger":"cosmos.dbt.graph","filename":"graph.py","lineno":869}
{"timestamp":"2026-08-28T11:58:32.995342Z","level":"info","event":"Cosmos performance: time to calculate cache identifier cosmos_cache__verdanta_daily__dbt_daily for current version: 0.1286916949998158","logger":"cosmos.cache","filename":"cache.py","lineno":401}
{"timestamp":"2026-08-28T11:58:32.995572Z","level":"info","event":"Cosmos performance [46e70e30ac03|2198]: The cache size for cosmos_cache__verdanta_daily__dbt_daily is 81421","logger":"cosmos.dbt.graph","filename":"graph.py","lineno":886}
{"timestamp":"2026-08-28T11:58:32.998328Z","level":"info","event":"Cosmos performance: Cache hit for cosmos_cache__verdanta_daily__dbt_daily - 7ef252dbf94f4e7f8dda113986a456cc,ff67f1985ea8a9c639de2e1985ae4cf7","logger":"cosmos.dbt.graph","filename":"graph.py","lineno":898}
{"timestamp":"2026-08-28T11:58:32.998528Z","level":"info","event":"Total nodes: 91","logger":"cosmos.dbt.graph","filename":"graph.py","lineno":799}
{"timestamp":"2026-08-28T11:58:32.998601Z","level":"info","event":"Total filtered nodes: 91","logger":"cosmos.dbt.graph","filename":"graph.py","lineno":800}
{"timestamp":"2026-08-28T11:58:32.998669Z","level":"info","event":"Cosmos performance (verdanta_daily__dbt_daily) - [46e70e30ac03|2198]: It took 0.149s to parse the dbt project for DAG using LoadMode.DBT_LS_CACHE","logger":"cosmos.converter","filename":"converter.py","lineno":371}
{"timestamp":"2026-08-28T11:58:33.073186Z","level":"info","event":"Cosmos performance (verdanta_daily__dbt_daily) - [46e70e30ac03|2198]: It took 0.0745s to build the Airflow DAG.","logger":"cosmos.converter","filename":"converter.py","lineno":423}
{"timestamp":"2026-08-28T11:58:33.073382Z","level":"info","event":"::endgroup::Cosmos DAG parsing logs","logger":"cosmos.converter","filename":"converter.py","lineno":430}
{"timestamp":"2026-08-28T11:58:33.074023Z","level":"warning","event":"Using Variable.get from `airflow.models` is deprecated.Please use `get` on Variable from sdk(`airflow.sdk.Variable`) instead","category":"UserWarning","filename":"/home/airflow/.local/lib/python3.13/site-packages/airflow/models/variable.py","lineno":158,"logger":"py.warnings"}
{"timestamp":"2026-08-28T11:59:03.387865Z","level":"info","event":"Filling up the DagBag from /opt/airflow/dags/verdanta_daily.py","logger":"airflow.dag_processing.dagbag.BundleDagBag","filename":"dagbag.py","lineno":469}
{"timestamp":"2026-08-28T11:59:03.458999Z","level":"info","event":"::group::Cosmos DAG parsing logs","logger":"cosmos.converter","filename":"converter.py","lineno":321}
{"timestamp":"2026-08-28T11:59:03.462488Z","level":"info","event":"Cosmos cache dir resolved to /tmp/cosmos/verdanta_daily__dbt_daily","logger":"cosmos.converter","filename":"converter.py","lineno":346}
{"timestamp":"2026-08-28T11:59:03.462695Z","level":"info","event":"Trying to parse the dbt project using dbt ls cache cosmos_cache__verdanta_daily__dbt_daily...","logger":"cosmos.dbt.graph","filename":"graph.py","lineno":869}
{"timestamp":"2026-08-28T11:59:03.609940Z","level":"info","event":"Cosmos performance: time to calculate cache identifier cosmos_cache__verdanta_daily__dbt_daily for current version: 0.12983101100007843","logger":"cosmos.cache","filename":"cache.py","lineno":401}
{"timestamp":"2026-08-28T11:59:03.610227Z","level":"info","event":"Cosmos performance [46e70e30ac03|2234]: The cache size for cosmos_cache__verdanta_daily__dbt_daily is 81421","logger":"cosmos.dbt.graph","filename":"graph.py","lineno":886}
{"timestamp":"2026-08-28T11:59:03.612702Z","level":"info","event":"Cosmos performance: Cache hit for cosmos_cache__verdanta_daily__dbt_daily - 7ef252dbf94f4e7f8dda113986a456cc,ff67f1985ea8a9c639de2e1985ae4cf7","logger":"cosmos.dbt.graph","filename":"graph.py","lineno":898}
{"timestamp":"2026-08-28T11:59:03.612962Z","level":"info","event":"Total nodes: 91","logger":"cosmos.dbt.graph","filename":"graph.py","lineno":799}
{"timestamp":"2026-08-28T11:59:03.613035Z","level":"info","event":"Total filtered nodes: 91","logger":"cosmos.dbt.graph","filename":"graph.py","lineno":800}
{"timestamp":"2026-08-28T11:59:03.613104Z","level":"info","event":"Cosmos performance (verdanta_daily__dbt_daily) - [46e70e30ac03|2234]: It took 0.15s to parse the dbt project for DAG using LoadMode.DBT_LS_CACHE","logger":"cosmos.converter","filename":"converter.py","lineno":371}
{"timestamp":"2026-08-28T11:59:03.689609Z","level":"info","event":"Cosmos performance (verdanta_daily__dbt_daily) - [46e70e30ac03|2234]: It took 0.0764s to build the Airflow DAG.","logger":"cosmos.converter","filename":"converter.py","lineno":423}
{"timestamp":"2026-08-28T11:59:03.689801Z","level":"info","event":"::endgroup::Cosmos DAG parsing logs","logger":"cosmos.converter","filename":"converter.py","lineno":430}
{"timestamp":"2026-08-28T11:59:03.690382Z","level":"warning","event":"Using Variable.get from `airflow.models` is deprecated.Please use `get` on Variable from sdk(`airflow.sdk.Variable`) instead","category":"UserWarning","filename":"/home/airflow/.local/lib/python3.13/site-packages/airflow/models/variable.py","lineno":158,"logger":"py.warnings"}
{"timestamp":"2026-08-28T11:59:33.787154Z","level":"info","event":"Filling up the DagBag from /opt/airflow/dags/verdanta_daily.py","logger":"airflow.dag_processing.dagbag.BundleDagBag","filename":"dagbag.py","lineno":469}
{"timestamp":"2026-08-28T11:59:33.865122Z","level":"info","event":"::group::Cosmos DAG parsing logs","logger":"cosmos.converter","filename":"converter.py","lineno":321}
{"timestamp":"2026-08-28T11:59:33.870080Z","level":"info","event":"Cosmos cache dir resolved to /tmp/cosmos/verdanta_daily__dbt_daily","logger":"cosmos.converter","filename":"converter.py","lineno":346}
{"timestamp":"2026-08-28T11:59:33.870445Z","level":"info","event":"Trying to parse the dbt project using dbt ls cache cosmos_cache__verdanta_daily__dbt_daily...","logger":"cosmos.dbt.graph","filename":"graph.py","lineno":869}
{"timestamp":"2026-08-28T11:59:34.025259Z","level":"info","event":"Cosmos performance: time to calculate cache identifier cosmos_cache__verdanta_daily__dbt_daily for current version: 0.13830503200006206","logger":"cosmos.cache","filename":"cache.py","lineno":401}
{"timestamp":"2026-08-28T11:59:34.025511Z","level":"info","event":"Cosmos performance [46e70e30ac03|2270]: The cache size for cosmos_cache__verdanta_daily__dbt_daily is 81421","logger":"cosmos.dbt.graph","filename":"graph.py","lineno":886}
{"timestamp":"2026-08-28T11:59:34.027852Z","level":"info","event":"Cosmos performance: Cache hit for cosmos_cache__verdanta_daily__dbt_daily - 7ef252dbf94f4e7f8dda113986a456cc,ff67f1985ea8a9c639de2e1985ae4cf7","logger":"cosmos.dbt.graph","filename":"graph.py","lineno":898}
{"timestamp":"2026-08-28T11:59:34.028074Z","level":"info","event":"Total nodes: 91","logger":"cosmos.dbt.graph","filename":"graph.py","lineno":799}
{"timestamp":"2026-08-28T11:59:34.028141Z","level":"info","event":"Total filtered nodes: 91","logger":"cosmos.dbt.graph","filename":"graph.py","lineno":800}
{"timestamp":"2026-08-28T11:59:34.028212Z","level":"info","event":"Cosmos performance (verdanta_daily__dbt_daily) - [46e70e30ac03|2270]: It took 0.158s to parse the dbt project for DAG using LoadMode.DBT_LS_CACHE","logger":"cosmos.converter","filename":"converter.py","lineno":371}
{"timestamp":"2026-08-28T11:59:34.109264Z","level":"info","event":"Cosmos performance (verdanta_daily__dbt_daily) - [46e70e30ac03|2270]: It took 0.081s to build the Airflow DAG.","logger":"cosmos.converter","filename":"converter.py","lineno":423}
{"timestamp":"2026-08-28T11:59:34.109438Z","level":"info","event":"::endgroup::Cosmos DAG parsing logs","logger":"cosmos.converter","filename":"converter.py","lineno":430}
{"timestamp":"2026-08-28T11:59:34.110048Z","level":"warning","event":"Using Variable.get from `airflow.models` is deprecated.Please use `get` on Variable from sdk(`airflow.sdk.Variable`) instead","category":"UserWarning","filename":"/home/airflow/.local/lib/python3.13/site-packages/airflow/models/variable.py","lineno":158,"logger":"py.warnings"}
{"timestamp":"2026-08-28T12:00:04.638556Z","level":"info","event":"Filling up the DagBag from /opt/airflow/dags/verdanta_daily.py","logger":"airflow.dag_processing.dagbag.BundleDagBag","filename":"dagbag.py","lineno":469}
{"timestamp":"2026-08-28T12:00:04.709518Z","level":"info","event":"::group::Cosmos DAG parsing logs","logger":"cosmos.converter","filename":"converter.py","lineno":321}
{"timestamp":"2026-08-28T12:00:04.713480Z","level":"info","event":"Cosmos cache dir resolved to /tmp/cosmos/verdanta_daily__dbt_daily","logger":"cosmos.converter","filename":"converter.py","lineno":346}
{"timestamp":"2026-08-28T12:00:04.713771Z","level":"info","event":"Trying to parse the dbt project using dbt ls cache cosmos_cache__verdanta_daily__dbt_daily...","logger":"cosmos.dbt.graph","filename":"graph.py","lineno":869}
{"timestamp":"2026-08-28T12:00:04.859558Z","level":"info","event":"Cosmos performance: time to calculate cache identifier cosmos_cache__verdanta_daily__dbt_daily for current version: 0.1275888790000863","logger":"cosmos.cache","filename":"cache.py","lineno":401}
{"timestamp":"2026-08-28T12:00:04.859787Z","level":"info","event":"Cosmos performance [46e70e30ac03|2306]: The cache size for cosmos_cache__verdanta_daily__dbt_daily is 81421","logger":"cosmos.dbt.graph","filename":"graph.py","lineno":886}
{"timestamp":"2026-08-28T12:00:04.862009Z","level":"info","event":"Cosmos performance: Cache hit for cosmos_cache__verdanta_daily__dbt_daily - 7ef252dbf94f4e7f8dda113986a456cc,ff67f1985ea8a9c639de2e1985ae4cf7","logger":"cosmos.dbt.graph","filename":"graph.py","lineno":898}
{"timestamp":"2026-08-28T12:00:04.862228Z","level":"info","event":"Total nodes: 91","logger":"cosmos.dbt.graph","filename":"graph.py","lineno":799}
{"timestamp":"2026-08-28T12:00:04.862292Z","level":"info","event":"Total filtered nodes: 91","logger":"cosmos.dbt.graph","filename":"graph.py","lineno":800}
{"timestamp":"2026-08-28T12:00:04.862362Z","level":"info","event":"Cosmos performance (verdanta_daily__dbt_daily) - [46e70e30ac03|2306]: It took 0.149s to parse the dbt project for DAG using LoadMode.DBT_LS_CACHE","logger":"cosmos.converter","filename":"converter.py","lineno":371}
{"timestamp":"2026-08-28T12:00:04.937273Z","level":"info","event":"Cosmos performance (verdanta_daily__dbt_daily) - [46e70e30ac03|2306]: It took 0.0749s to build the Airflow DAG.","logger":"cosmos.converter","filename":"converter.py","lineno":423}
{"timestamp":"2026-08-28T12:00:04.937446Z","level":"info","event":"::endgroup::Cosmos DAG parsing logs","logger":"cosmos.converter","filename":"converter.py","lineno":430}
{"timestamp":"2026-08-28T12:00:04.938021Z","level":"warning","event":"Using Variable.get from `airflow.models` is deprecated.Please use `get` on Variable from sdk(`airflow.sdk.Variable`) instead","category":"UserWarning","filename":"/home/airflow/.local/lib/python3.13/site-packages/airflow/models/variable.py","lineno":158,"logger":"py.warnings"}
{"timestamp":"2026-08-28T12:00:35.986678Z","level":"info","event":"Filling up the DagBag from /opt/airflow/dags/verdanta_daily.py","logger":"airflow.dag_processing.dagbag.BundleDagBag","filename":"dagbag.py","lineno":469}
{"timestamp":"2026-08-28T12:00:36.061587Z","level":"info","event":"::group::Cosmos DAG parsing logs","logger":"cosmos.converter","filename":"converter.py","lineno":321}
{"timestamp":"2026-08-28T12:00:36.066710Z","level":"info","event":"Cosmos cache dir resolved to /tmp/cosmos/verdanta_daily__dbt_daily","logger":"cosmos.converter","filename":"converter.py","lineno":346}
{"timestamp":"2026-08-28T12:00:36.066972Z","level":"info","event":"Trying to parse the dbt project using dbt ls cache cosmos_cache__verdanta_daily__dbt_daily...","logger":"cosmos.dbt.graph","filename":"graph.py","lineno":869}
{"timestamp":"2026-08-28T12:00:36.222420Z","level":"info","event":"Cosmos performance: time to calculate cache identifier cosmos_cache__verdanta_daily__dbt_daily for current version: 0.1371865359997173","logger":"cosmos.cache","filename":"cache.py","lineno":401}
{"timestamp":"2026-08-28T12:00:36.222762Z","level":"info","event":"Cosmos performance [46e70e30ac03|2323]: The cache size for cosmos_cache__verdanta_daily__dbt_daily is 81421","logger":"cosmos.dbt.graph","filename":"graph.py","lineno":886}
{"timestamp":"2026-08-28T12:00:36.225377Z","level":"info","event":"Cosmos performance: Cache hit for cosmos_cache__verdanta_daily__dbt_daily - 7ef252dbf94f4e7f8dda113986a456cc,ff67f1985ea8a9c639de2e1985ae4cf7","logger":"cosmos.dbt.graph","filename":"graph.py","lineno":898}
{"timestamp":"2026-08-28T12:00:36.225602Z","level":"info","event":"Total nodes: 91","logger":"cosmos.dbt.graph","filename":"graph.py","lineno":799}
{"timestamp":"2026-08-28T12:00:36.225684Z","level":"info","event":"Total filtered nodes: 91","logger":"cosmos.dbt.graph","filename":"graph.py","lineno":800}
{"timestamp":"2026-08-28T12:00:36.225756Z","level":"info","event":"Cosmos performance (verdanta_daily__dbt_daily) - [46e70e30ac03|2323]: It took 0.159s to parse the dbt project for DAG using LoadMode.DBT_LS_CACHE","logger":"cosmos.converter","filename":"converter.py","lineno":371}
{"timestamp":"2026-08-28T12:00:36.307805Z","level":"info","event":"Cosmos performance (verdanta_daily__dbt_daily) - [46e70e30ac03|2323]: It took 0.082s to build the Airflow DAG.","logger":"cosmos.converter","filename":"converter.py","lineno":423}
{"timestamp":"2026-08-28T12:00:36.307985Z","level":"info","event":"::endgroup::Cosmos DAG parsing logs","logger":"cosmos.converter","filename":"converter.py","lineno":430}
{"timestamp":"2026-08-28T12:00:36.308522Z","level":"warning","event":"Using Variable.get from `airflow.models` is deprecated.Please use `get` on Variable from sdk(`airflow.sdk.Variable`) instead","category":"UserWarning","filename":"/home/airflow/.local/lib/python3.13/site-packages/airflow/models/variable.py","lineno":158,"logger":"py.warnings"}
{"timestamp":"2026-08-28T12:01:07.040487Z","level":"info","event":"Filling up the DagBag from /opt/airflow/dags/verdanta_daily.py","logger":"airflow.dag_processing.dagbag.BundleDagBag","filename":"dagbag.py","lineno":469}
{"timestamp":"2026-08-28T12:01:07.120080Z","level":"info","event":"::group::Cosmos DAG parsing logs","logger":"cosmos.converter","filename":"converter.py","lineno":321}
{"timestamp":"2026-08-28T12:01:07.124170Z","level":"info","event":"Cosmos cache dir resolved to /tmp/cosmos/verdanta_daily__dbt_daily","logger":"cosmos.converter","filename":"converter.py","lineno":346}
{"timestamp":"2026-08-28T12:01:07.124452Z","level":"info","event":"Trying to parse the dbt project using dbt ls cache cosmos_cache__verdanta_daily__dbt_daily...","logger":"cosmos.dbt.graph","filename":"graph.py","lineno":869}
{"timestamp":"2026-08-28T12:01:07.282687Z","level":"info","event":"Cosmos performance: time to calculate cache identifier cosmos_cache__verdanta_daily__dbt_daily for current version: 0.13939029000039227","logger":"cosmos.cache","filename":"cache.py","lineno":401}
{"timestamp":"2026-08-28T12:01:07.282943Z","level":"info","event":"Cosmos performance [46e70e30ac03|2355]: The cache size for cosmos_cache__verdanta_daily__dbt_daily is 81421","logger":"cosmos.dbt.graph","filename":"graph.py","lineno":886}
{"timestamp":"2026-08-28T12:01:07.286035Z","level":"info","event":"Cosmos performance: Cache hit for cosmos_cache__verdanta_daily__dbt_daily - 7ef252dbf94f4e7f8dda113986a456cc,ff67f1985ea8a9c639de2e1985ae4cf7","logger":"cosmos.dbt.graph","filename":"graph.py","lineno":898}
{"timestamp":"2026-08-28T12:01:07.286341Z","level":"info","event":"Total nodes: 91","logger":"cosmos.dbt.graph","filename":"graph.py","lineno":799}
{"timestamp":"2026-08-28T12:01:07.286447Z","level":"info","event":"Total filtered nodes: 91","logger":"cosmos.dbt.graph","filename":"graph.py","lineno":800}
{"timestamp":"2026-08-28T12:01:07.286577Z","level":"info","event":"Cosmos performance (verdanta_daily__dbt_daily) - [46e70e30ac03|2355]: It took 0.162s to parse the dbt project for DAG using LoadMode.DBT_LS_CACHE","logger":"cosmos.converter","filename":"converter.py","lineno":371}
{"timestamp":"2026-08-28T12:01:07.368441Z","level":"info","event":"Cosmos performance (verdanta_daily__dbt_daily) - [46e70e30ac03|2355]: It took 0.0818s to build the Airflow DAG.","logger":"cosmos.converter","filename":"converter.py","lineno":423}
{"timestamp":"2026-08-28T12:01:07.368642Z","level":"info","event":"::endgroup::Cosmos DAG parsing logs","logger":"cosmos.converter","filename":"converter.py","lineno":430}
{"timestamp":"2026-08-28T12:01:07.369268Z","level":"warning","event":"Using Variable.get from `airflow.models` is deprecated.Please use `get` on Variable from sdk(`airflow.sdk.Variable`) instead","category":"UserWarning","filename":"/home/airflow/.local/lib/python3.13/site-packages/airflow/models/variable.py","lineno":158,"logger":"py.warnings"}
{"timestamp":"2026-08-28T12:01:37.517155Z","level":"info","event":"Filling up the DagBag from /opt/airflow/dags/verdanta_daily.py","logger":"airflow.dag_processing.dagbag.BundleDagBag","filename":"dagbag.py","lineno":469}
{"timestamp":"2026-08-28T12:01:37.589787Z","level":"info","event":"::group::Cosmos DAG parsing logs","logger":"cosmos.converter","filename":"converter.py","lineno":321}
{"timestamp":"2026-08-28T12:01:37.593401Z","level":"info","event":"Cosmos cache dir resolved to /tmp/cosmos/verdanta_daily__dbt_daily","logger":"cosmos.converter","filename":"converter.py","lineno":346}
{"timestamp":"2026-08-28T12:01:37.593765Z","level":"info","event":"Trying to parse the dbt project using dbt ls cache cosmos_cache__verdanta_daily__dbt_daily...","logger":"cosmos.dbt.graph","filename":"graph.py","lineno":869}
{"timestamp":"2026-08-28T12:01:37.740763Z","level":"info","event":"Cosmos performance: time to calculate cache identifier cosmos_cache__verdanta_daily__dbt_daily for current version: 0.1281064839999999","logger":"cosmos.cache","filename":"cache.py","lineno":401}
{"timestamp":"2026-08-28T12:01:37.740992Z","level":"info","event":"Cosmos performance [46e70e30ac03|2384]: The cache size for cosmos_cache__verdanta_daily__dbt_daily is 81421","logger":"cosmos.dbt.graph","filename":"graph.py","lineno":886}
{"timestamp":"2026-08-28T12:01:37.743493Z","level":"info","event":"Cosmos performance: Cache hit for cosmos_cache__verdanta_daily__dbt_daily - 7ef252dbf94f4e7f8dda113986a456cc,ff67f1985ea8a9c639de2e1985ae4cf7","logger":"cosmos.dbt.graph","filename":"graph.py","lineno":898}
{"timestamp":"2026-08-28T12:01:37.743825Z","level":"info","event":"Total nodes: 91","logger":"cosmos.dbt.graph","filename":"graph.py","lineno":799}
{"timestamp":"2026-08-28T12:01:37.743956Z","level":"info","event":"Total filtered nodes: 91","logger":"cosmos.dbt.graph","filename":"graph.py","lineno":800}
{"timestamp":"2026-08-28T12:01:37.744075Z","level":"info","event":"Cosmos performance (verdanta_daily__dbt_daily) - [46e70e30ac03|2384]: It took 0.15s to parse the dbt project for DAG using LoadMode.DBT_LS_CACHE","logger":"cosmos.converter","filename":"converter.py","lineno":371}
{"timestamp":"2026-08-28T12:01:37.818653Z","level":"info","event":"Cosmos performance (verdanta_daily__dbt_daily) - [46e70e30ac03|2384]: It took 0.0745s to build the Airflow DAG.","logger":"cosmos.converter","filename":"converter.py","lineno":423}
{"timestamp":"2026-08-28T12:01:37.818823Z","level":"info","event":"::endgroup::Cosmos DAG parsing logs","logger":"cosmos.converter","filename":"converter.py","lineno":430}
{"timestamp":"2026-08-28T12:01:37.819367Z","level":"warning","event":"Using Variable.get from `airflow.models` is deprecated.Please use `get` on Variable from sdk(`airflow.sdk.Variable`) instead","category":"UserWarning","filename":"/home/airflow/.local/lib/python3.13/site-packages/airflow/models/variable.py","lineno":158,"logger":"py.warnings"}
{"timestamp":"2026-08-28T12:02:07.955454Z","level":"info","event":"Filling up the DagBag from /opt/airflow/dags/verdanta_daily.py","logger":"airflow.dag_processing.dagbag.BundleDagBag","filename":"dagbag.py","lineno":469}
{"timestamp":"2026-08-28T12:02:08.025307Z","level":"info","event":"::group::Cosmos DAG parsing logs","logger":"cosmos.converter","filename":"converter.py","lineno":321}
{"timestamp":"2026-08-28T12:02:08.029389Z","level":"info","event":"Cosmos cache dir resolved to /tmp/cosmos/verdanta_daily__dbt_daily","logger":"cosmos.converter","filename":"converter.py","lineno":346}
{"timestamp":"2026-08-28T12:02:08.029600Z","level":"info","event":"Trying to parse the dbt project using dbt ls cache cosmos_cache__verdanta_daily__dbt_daily...","logger":"cosmos.dbt.graph","filename":"graph.py","lineno":869}
{"timestamp":"2026-08-28T12:02:08.177919Z","level":"info","event":"Cosmos performance: time to calculate cache identifier cosmos_cache__verdanta_daily__dbt_daily for current version: 0.13194693799960078","logger":"cosmos.cache","filename":"cache.py","lineno":401}
{"timestamp":"2026-08-28T12:02:08.178168Z","level":"info","event":"Cosmos performance [46e70e30ac03|2420]: The cache size for cosmos_cache__verdanta_daily__dbt_daily is 81421","logger":"cosmos.dbt.graph","filename":"graph.py","lineno":886}
{"timestamp":"2026-08-28T12:02:08.180375Z","level":"info","event":"Cosmos performance: Cache hit for cosmos_cache__verdanta_daily__dbt_daily - 7ef252dbf94f4e7f8dda113986a456cc,ff67f1985ea8a9c639de2e1985ae4cf7","logger":"cosmos.dbt.graph","filename":"graph.py","lineno":898}
{"timestamp":"2026-08-28T12:02:08.180579Z","level":"info","event":"Total nodes: 91","logger":"cosmos.dbt.graph","filename":"graph.py","lineno":799}
{"timestamp":"2026-08-28T12:02:08.180642Z","level":"info","event":"Total filtered nodes: 91","logger":"cosmos.dbt.graph","filename":"graph.py","lineno":800}
{"timestamp":"2026-08-28T12:02:08.180716Z","level":"info","event":"Cosmos performance (verdanta_daily__dbt_daily) - [46e70e30ac03|2420]: It took 0.151s to parse the dbt project for DAG using LoadMode.DBT_LS_CACHE","logger":"cosmos.converter","filename":"converter.py","lineno":371}
{"timestamp":"2026-08-28T12:02:08.256396Z","level":"info","event":"Cosmos performance (verdanta_daily__dbt_daily) - [46e70e30ac03|2420]: It took 0.0756s to build the Airflow DAG.","logger":"cosmos.converter","filename":"converter.py","lineno":423}
{"timestamp":"2026-08-28T12:02:08.256565Z","level":"info","event":"::endgroup::Cosmos DAG parsing logs","logger":"cosmos.converter","filename":"converter.py","lineno":430}
{"timestamp":"2026-08-28T12:02:08.257135Z","level":"warning","event":"Using Variable.get from `airflow.models` is deprecated.Please use `get` on Variable from sdk(`airflow.sdk.Variable`) instead","category":"UserWarning","filename":"/home/airflow/.local/lib/python3.13/site-packages/airflow/models/variable.py","lineno":158,"logger":"py.warnings"}
{"timestamp":"2026-08-28T12:02:39.097743Z","level":"info","event":"Filling up the DagBag from /opt/airflow/dags/verdanta_daily.py","logger":"airflow.dag_processing.dagbag.BundleDagBag","filename":"dagbag.py","lineno":469}
{"timestamp":"2026-08-28T12:02:39.167379Z","level":"info","event":"::group::Cosmos DAG parsing logs","logger":"cosmos.converter","filename":"converter.py","lineno":321}
{"timestamp":"2026-08-28T12:02:39.170502Z","level":"info","event":"Cosmos cache dir resolved to /tmp/cosmos/verdanta_daily__dbt_daily","logger":"cosmos.converter","filename":"converter.py","lineno":346}
{"timestamp":"2026-08-28T12:02:39.170724Z","level":"info","event":"Trying to parse the dbt project using dbt ls cache cosmos_cache__verdanta_daily__dbt_daily...","logger":"cosmos.dbt.graph","filename":"graph.py","lineno":869}
{"timestamp":"2026-08-28T12:02:39.318337Z","level":"info","event":"Cosmos performance: time to calculate cache identifier cosmos_cache__verdanta_daily__dbt_daily for current version: 0.13133262800010925","logger":"cosmos.cache","filename":"cache.py","lineno":401}
{"timestamp":"2026-08-28T12:02:39.318572Z","level":"info","event":"Cosmos performance [46e70e30ac03|2456]: The cache size for cosmos_cache__verdanta_daily__dbt_daily is 81421","logger":"cosmos.dbt.graph","filename":"graph.py","lineno":886}
{"timestamp":"2026-08-28T12:02:39.320880Z","level":"info","event":"Cosmos performance: Cache hit for cosmos_cache__verdanta_daily__dbt_daily - 7ef252dbf94f4e7f8dda113986a456cc,ff67f1985ea8a9c639de2e1985ae4cf7","logger":"cosmos.dbt.graph","filename":"graph.py","lineno":898}
{"timestamp":"2026-08-28T12:02:39.321071Z","level":"info","event":"Total nodes: 91","logger":"cosmos.dbt.graph","filename":"graph.py","lineno":799}
{"timestamp":"2026-08-28T12:02:39.321138Z","level":"info","event":"Total filtered nodes: 91","logger":"cosmos.dbt.graph","filename":"graph.py","lineno":800}
{"timestamp":"2026-08-28T12:02:39.321206Z","level":"info","event":"Cosmos performance (verdanta_daily__dbt_daily) - [46e70e30ac03|2456]: It took 0.151s to parse the dbt project for DAG using LoadMode.DBT_LS_CACHE","logger":"cosmos.converter","filename":"converter.py","lineno":371}
{"timestamp":"2026-08-28T12:02:39.399102Z","level":"info","event":"Cosmos performance (verdanta_daily__dbt_daily) - [46e70e30ac03|2456]: It took 0.0778s to build the Airflow DAG.","logger":"cosmos.converter","filename":"converter.py","lineno":423}
{"timestamp":"2026-08-28T12:02:39.399279Z","level":"info","event":"::endgroup::Cosmos DAG parsing logs","logger":"cosmos.converter","filename":"converter.py","lineno":430}
{"timestamp":"2026-08-28T12:02:39.399902Z","level":"warning","event":"Using Variable.get from `airflow.models` is deprecated.Please use `get` on Variable from sdk(`airflow.sdk.Variable`) instead","category":"UserWarning","filename":"/home/airflow/.local/lib/python3.13/site-packages/airflow/models/variable.py","lineno":158,"logger":"py.warnings"}
{"timestamp":"2026-08-28T12:03:09.931758Z","level":"info","event":"Filling up the DagBag from /opt/airflow/dags/verdanta_daily.py","logger":"airflow.dag_processing.dagbag.BundleDagBag","filename":"dagbag.py","lineno":469}
{"timestamp":"2026-08-28T12:03:10.010527Z","level":"info","event":"::group::Cosmos DAG parsing logs","logger":"cosmos.converter","filename":"converter.py","lineno":321}
{"timestamp":"2026-08-28T12:03:10.014411Z","level":"info","event":"Cosmos cache dir resolved to /tmp/cosmos/verdanta_daily__dbt_daily","logger":"cosmos.converter","filename":"converter.py","lineno":346}
{"timestamp":"2026-08-28T12:03:10.014659Z","level":"info","event":"Trying to parse the dbt project using dbt ls cache cosmos_cache__verdanta_daily__dbt_daily...","logger":"cosmos.dbt.graph","filename":"graph.py","lineno":869}
{"timestamp":"2026-08-28T12:03:10.165914Z","level":"info","event":"Cosmos performance: time to calculate cache identifier cosmos_cache__verdanta_daily__dbt_daily for current version: 0.13441287199975704","logger":"cosmos.cache","filename":"cache.py","lineno":401}
{"timestamp":"2026-08-28T12:03:10.166178Z","level":"info","event":"Cosmos performance [46e70e30ac03|2489]: The cache size for cosmos_cache__verdanta_daily__dbt_daily is 81421","logger":"cosmos.dbt.graph","filename":"graph.py","lineno":886}
{"timestamp":"2026-08-28T12:03:10.169006Z","level":"info","event":"Cosmos performance: Cache hit for cosmos_cache__verdanta_daily__dbt_daily - 7ef252dbf94f4e7f8dda113986a456cc,ff67f1985ea8a9c639de2e1985ae4cf7","logger":"cosmos.dbt.graph","filename":"graph.py","lineno":898}
{"timestamp":"2026-08-28T12:03:10.169210Z","level":"info","event":"Total nodes: 91","logger":"cosmos.dbt.graph","filename":"graph.py","lineno":799}
{"timestamp":"2026-08-28T12:03:10.169278Z","level":"info","event":"Total filtered nodes: 91","logger":"cosmos.dbt.graph","filename":"graph.py","lineno":800}
{"timestamp":"2026-08-28T12:03:10.169347Z","level":"info","event":"Cosmos performance (verdanta_daily__dbt_daily) - [46e70e30ac03|2489]: It took 0.155s to parse the dbt project for DAG using LoadMode.DBT_LS_CACHE","logger":"cosmos.converter","filename":"converter.py","lineno":371}
{"timestamp":"2026-08-28T12:03:10.247670Z","level":"info","event":"Cosmos performance (verdanta_daily__dbt_daily) - [46e70e30ac03|2489]: It took 0.0783s to build the Airflow DAG.","logger":"cosmos.converter","filename":"converter.py","lineno":423}
{"timestamp":"2026-08-28T12:03:10.247838Z","level":"info","event":"::endgroup::Cosmos DAG parsing logs","logger":"cosmos.converter","filename":"converter.py","lineno":430}
{"timestamp":"2026-08-28T12:03:10.248472Z","level":"warning","event":"Using Variable.get from `airflow.models` is deprecated.Please use `get` on Variable from sdk(`airflow.sdk.Variable`) instead","category":"UserWarning","filename":"/home/airflow/.local/lib/python3.13/site-packages/airflow/models/variable.py","lineno":158,"logger":"py.warnings"}
{"timestamp":"2026-08-28T12:03:41.245037Z","level":"info","event":"Filling up the DagBag from /opt/airflow/dags/verdanta_daily.py","logger":"airflow.dag_processing.dagbag.BundleDagBag","filename":"dagbag.py","lineno":469}
{"timestamp":"2026-08-28T12:03:41.318673Z","level":"info","event":"::group::Cosmos DAG parsing logs","logger":"cosmos.converter","filename":"converter.py","lineno":321}
{"timestamp":"2026-08-28T12:03:41.323464Z","level":"info","event":"Cosmos cache dir resolved to /tmp/cosmos/verdanta_daily__dbt_daily","logger":"cosmos.converter","filename":"converter.py","lineno":346}
{"timestamp":"2026-08-28T12:03:41.323722Z","level":"info","event":"Trying to parse the dbt project using dbt ls cache cosmos_cache__verdanta_daily__dbt_daily...","logger":"cosmos.dbt.graph","filename":"graph.py","lineno":869}
{"timestamp":"2026-08-28T12:03:41.467757Z","level":"info","event":"Cosmos performance: time to calculate cache identifier cosmos_cache__verdanta_daily__dbt_daily for current version: 0.12868201900027998","logger":"cosmos.cache","filename":"cache.py","lineno":401}
{"timestamp":"2026-08-28T12:03:41.468018Z","level":"info","event":"Cosmos performance [46e70e30ac03|2506]: The cache size for cosmos_cache__verdanta_daily__dbt_daily is 81421","logger":"cosmos.dbt.graph","filename":"graph.py","lineno":886}
{"timestamp":"2026-08-28T12:03:41.471587Z","level":"info","event":"Cosmos performance: Cache hit for cosmos_cache__verdanta_daily__dbt_daily - 7ef252dbf94f4e7f8dda113986a456cc,ff67f1985ea8a9c639de2e1985ae4cf7","logger":"cosmos.dbt.graph","filename":"graph.py","lineno":898}
{"timestamp":"2026-08-28T12:03:41.471884Z","level":"info","event":"Total nodes: 91","logger":"cosmos.dbt.graph","filename":"graph.py","lineno":799}
{"timestamp":"2026-08-28T12:03:41.471985Z","level":"info","event":"Total filtered nodes: 91","logger":"cosmos.dbt.graph","filename":"graph.py","lineno":800}
{"timestamp":"2026-08-28T12:03:41.472150Z","level":"info","event":"Cosmos performance (verdanta_daily__dbt_daily) - [46e70e30ac03|2506]: It took 0.149s to parse the dbt project for DAG using LoadMode.DBT_LS_CACHE","logger":"cosmos.converter","filename":"converter.py","lineno":371}
{"timestamp":"2026-08-28T12:03:41.549962Z","level":"info","event":"Cosmos performance (verdanta_daily__dbt_daily) - [46e70e30ac03|2506]: It took 0.0778s to build the Airflow DAG.","logger":"cosmos.converter","filename":"converter.py","lineno":423}
{"timestamp":"2026-08-28T12:03:41.550132Z","level":"info","event":"::endgroup::Cosmos DAG parsing logs","logger":"cosmos.converter","filename":"converter.py","lineno":430}
{"timestamp":"2026-08-28T12:03:41.550742Z","level":"warning","event":"Using Variable.get from `airflow.models` is deprecated.Please use `get` on Variable from sdk(`airflow.sdk.Variable`) instead","category":"UserWarning","filename":"/home/airflow/.local/lib/python3.13/site-packages/airflow/models/variable.py","lineno":158,"logger":"py.warnings"}
{"timestamp":"2026-08-28T12:04:11.677183Z","level":"info","event":"Filling up the DagBag from /opt/airflow/dags/verdanta_daily.py","logger":"airflow.dag_processing.dagbag.BundleDagBag","filename":"dagbag.py","lineno":469}
{"timestamp":"2026-08-28T12:04:11.746311Z","level":"info","event":"::group::Cosmos DAG parsing logs","logger":"cosmos.converter","filename":"converter.py","lineno":321}
{"timestamp":"2026-08-28T12:04:11.749548Z","level":"info","event":"Cosmos cache dir resolved to /tmp/cosmos/verdanta_daily__dbt_daily","logger":"cosmos.converter","filename":"converter.py","lineno":346}
{"timestamp":"2026-08-28T12:04:11.749773Z","level":"info","event":"Trying to parse the dbt project using dbt ls cache cosmos_cache__verdanta_daily__dbt_daily...","logger":"cosmos.dbt.graph","filename":"graph.py","lineno":869}
{"timestamp":"2026-08-28T12:04:11.894621Z","level":"info","event":"Cosmos performance: time to calculate cache identifier cosmos_cache__verdanta_daily__dbt_daily for current version: 0.1281140700002652","logger":"cosmos.cache","filename":"cache.py","lineno":401}
{"timestamp":"2026-08-28T12:04:11.894873Z","level":"info","event":"Cosmos performance [46e70e30ac03|2542]: The cache size for cosmos_cache__verdanta_daily__dbt_daily is 81421","logger":"cosmos.dbt.graph","filename":"graph.py","lineno":886}
{"timestamp":"2026-08-28T12:04:11.897180Z","level":"info","event":"Cosmos performance: Cache hit for cosmos_cache__verdanta_daily__dbt_daily - 7ef252dbf94f4e7f8dda113986a456cc,ff67f1985ea8a9c639de2e1985ae4cf7","logger":"cosmos.dbt.graph","filename":"graph.py","lineno":898}
{"timestamp":"2026-08-28T12:04:11.897448Z","level":"info","event":"Total nodes: 91","logger":"cosmos.dbt.graph","filename":"graph.py","lineno":799}
{"timestamp":"2026-08-28T12:04:11.897526Z","level":"info","event":"Total filtered nodes: 91","logger":"cosmos.dbt.graph","filename":"graph.py","lineno":800}
{"timestamp":"2026-08-28T12:04:11.897597Z","level":"info","event":"Cosmos performance (verdanta_daily__dbt_daily) - [46e70e30ac03|2542]: It took 0.148s to parse the dbt project for DAG using LoadMode.DBT_LS_CACHE","logger":"cosmos.converter","filename":"converter.py","lineno":371}
{"timestamp":"2026-08-28T12:04:11.971391Z","level":"info","event":"Cosmos performance (verdanta_daily__dbt_daily) - [46e70e30ac03|2542]: It took 0.0737s to build the Airflow DAG.","logger":"cosmos.converter","filename":"converter.py","lineno":423}
{"timestamp":"2026-08-28T12:04:11.971586Z","level":"info","event":"::endgroup::Cosmos DAG parsing logs","logger":"cosmos.converter","filename":"converter.py","lineno":430}
{"timestamp":"2026-08-28T12:04:11.972198Z","level":"warning","event":"Using Variable.get from `airflow.models` is deprecated.Please use `get` on Variable from sdk(`airflow.sdk.Variable`) instead","category":"UserWarning","filename":"/home/airflow/.local/lib/python3.13/site-packages/airflow/models/variable.py","lineno":158,"logger":"py.warnings"}
{"timestamp":"2026-08-28T12:04:42.366423Z","level":"info","event":"Filling up the DagBag from /opt/airflow/dags/verdanta_daily.py","logger":"airflow.dag_processing.dagbag.BundleDagBag","filename":"dagbag.py","lineno":469}
{"timestamp":"2026-08-28T12:04:42.445448Z","level":"info","event":"::group::Cosmos DAG parsing logs","logger":"cosmos.converter","filename":"converter.py","lineno":321}
{"timestamp":"2026-08-28T12:04:42.450008Z","level":"info","event":"Cosmos cache dir resolved to /tmp/cosmos/verdanta_daily__dbt_daily","logger":"cosmos.converter","filename":"converter.py","lineno":346}
{"timestamp":"2026-08-28T12:04:42.450269Z","level":"info","event":"Trying to parse the dbt project using dbt ls cache cosmos_cache__verdanta_daily__dbt_daily...","logger":"cosmos.dbt.graph","filename":"graph.py","lineno":869}
{"timestamp":"2026-08-28T12:04:42.604162Z","level":"info","event":"Cosmos performance: time to calculate cache identifier cosmos_cache__verdanta_daily__dbt_daily for current version: 0.1364322260001245","logger":"cosmos.cache","filename":"cache.py","lineno":401}
{"timestamp":"2026-08-28T12:04:42.604465Z","level":"info","event":"Cosmos performance [46e70e30ac03|2578]: The cache size for cosmos_cache__verdanta_daily__dbt_daily is 81421","logger":"cosmos.dbt.graph","filename":"graph.py","lineno":886}
{"timestamp":"2026-08-28T12:04:42.607024Z","level":"info","event":"Cosmos performance: Cache hit for cosmos_cache__verdanta_daily__dbt_daily - 7ef252dbf94f4e7f8dda113986a456cc,ff67f1985ea8a9c639de2e1985ae4cf7","logger":"cosmos.dbt.graph","filename":"graph.py","lineno":898}
{"timestamp":"2026-08-28T12:04:42.607274Z","level":"info","event":"Total nodes: 91","logger":"cosmos.dbt.graph","filename":"graph.py","lineno":799}
{"timestamp":"2026-08-28T12:04:42.607359Z","level":"info","event":"Total filtered nodes: 91","logger":"cosmos.dbt.graph","filename":"graph.py","lineno":800}
{"timestamp":"2026-08-28T12:04:42.607437Z","level":"info","event":"Cosmos performance (verdanta_daily__dbt_daily) - [46e70e30ac03|2578]: It took 0.157s to parse the dbt project for DAG using LoadMode.DBT_LS_CACHE","logger":"cosmos.converter","filename":"converter.py","lineno":371}
{"timestamp":"2026-08-28T12:04:42.686928Z","level":"info","event":"Cosmos performance (verdanta_daily__dbt_daily) - [46e70e30ac03|2578]: It took 0.0794s to build the Airflow DAG.","logger":"cosmos.converter","filename":"converter.py","lineno":423}
{"timestamp":"2026-08-28T12:04:42.687118Z","level":"info","event":"::endgroup::Cosmos DAG parsing logs","logger":"cosmos.converter","filename":"converter.py","lineno":430}
{"timestamp":"2026-08-28T12:04:42.687695Z","level":"warning","event":"Using Variable.get from `airflow.models` is deprecated.Please use `get` on Variable from sdk(`airflow.sdk.Variable`) instead","category":"UserWarning","filename":"/home/airflow/.local/lib/python3.13/site-packages/airflow/models/variable.py","lineno":158,"logger":"py.warnings"}
{"timestamp":"2026-08-28T12:05:13.479085Z","level":"info","event":"Filling up the DagBag from /opt/airflow/dags/verdanta_daily.py","logger":"airflow.dag_processing.dagbag.BundleDagBag","filename":"dagbag.py","lineno":469}
{"timestamp":"2026-08-28T12:05:13.555795Z","level":"info","event":"::group::Cosmos DAG parsing logs","logger":"cosmos.converter","filename":"converter.py","lineno":321}
{"timestamp":"2026-08-28T12:05:13.559701Z","level":"info","event":"Cosmos cache dir resolved to /tmp/cosmos/verdanta_daily__dbt_daily","logger":"cosmos.converter","filename":"converter.py","lineno":346}
{"timestamp":"2026-08-28T12:05:13.559898Z","level":"info","event":"Trying to parse the dbt project using dbt ls cache cosmos_cache__verdanta_daily__dbt_daily...","logger":"cosmos.dbt.graph","filename":"graph.py","lineno":869}
{"timestamp":"2026-08-28T12:05:13.722528Z","level":"info","event":"Cosmos performance: time to calculate cache identifier cosmos_cache__verdanta_daily__dbt_daily for current version: 0.14727028700008304","logger":"cosmos.cache","filename":"cache.py","lineno":401}
{"timestamp":"2026-08-28T12:05:13.722921Z","level":"info","event":"Cosmos performance [46e70e30ac03|2614]: The cache size for cosmos_cache__verdanta_daily__dbt_daily is 81421","logger":"cosmos.dbt.graph","filename":"graph.py","lineno":886}
{"timestamp":"2026-08-28T12:05:13.725563Z","level":"info","event":"Cosmos performance: Cache hit for cosmos_cache__verdanta_daily__dbt_daily - 7ef252dbf94f4e7f8dda113986a456cc,ff67f1985ea8a9c639de2e1985ae4cf7","logger":"cosmos.dbt.graph","filename":"graph.py","lineno":898}
{"timestamp":"2026-08-28T12:05:13.725804Z","level":"info","event":"Total nodes: 91","logger":"cosmos.dbt.graph","filename":"graph.py","lineno":799}
{"timestamp":"2026-08-28T12:05:13.725879Z","level":"info","event":"Total filtered nodes: 91","logger":"cosmos.dbt.graph","filename":"graph.py","lineno":800}
{"timestamp":"2026-08-28T12:05:13.725954Z","level":"info","event":"Cosmos performance (verdanta_daily__dbt_daily) - [46e70e30ac03|2614]: It took 0.166s to parse the dbt project for DAG using LoadMode.DBT_LS_CACHE","logger":"cosmos.converter","filename":"converter.py","lineno":371}
{"timestamp":"2026-08-28T12:05:13.806366Z","level":"info","event":"Cosmos performance (verdanta_daily__dbt_daily) - [46e70e30ac03|2614]: It took 0.0804s to build the Airflow DAG.","logger":"cosmos.converter","filename":"converter.py","lineno":423}
{"timestamp":"2026-08-28T12:05:13.806538Z","level":"info","event":"::endgroup::Cosmos DAG parsing logs","logger":"cosmos.converter","filename":"converter.py","lineno":430}
{"timestamp":"2026-08-28T12:05:13.807172Z","level":"warning","event":"Using Variable.get from `airflow.models` is deprecated.Please use `get` on Variable from sdk(`airflow.sdk.Variable`) instead","category":"UserWarning","filename":"/home/airflow/.local/lib/python3.13/site-packages/airflow/models/variable.py","lineno":158,"logger":"py.warnings"}
{"timestamp":"2026-08-28T12:05:43.906882Z","level":"info","event":"Filling up the DagBag from /opt/airflow/dags/verdanta_daily.py","logger":"airflow.dag_processing.dagbag.BundleDagBag","filename":"dagbag.py","lineno":469}
{"timestamp":"2026-08-28T12:05:43.975868Z","level":"info","event":"::group::Cosmos DAG parsing logs","logger":"cosmos.converter","filename":"converter.py","lineno":321}
{"timestamp":"2026-08-28T12:05:43.979170Z","level":"info","event":"Cosmos cache dir resolved to /tmp/cosmos/verdanta_daily__dbt_daily","logger":"cosmos.converter","filename":"converter.py","lineno":346}
{"timestamp":"2026-08-28T12:05:43.979366Z","level":"info","event":"Trying to parse the dbt project using dbt ls cache cosmos_cache__verdanta_daily__dbt_daily...","logger":"cosmos.dbt.graph","filename":"graph.py","lineno":869}
{"timestamp":"2026-08-28T12:05:44.129935Z","level":"info","event":"Cosmos performance: time to calculate cache identifier cosmos_cache__verdanta_daily__dbt_daily for current version: 0.1308863989997917","logger":"cosmos.cache","filename":"cache.py","lineno":401}
{"timestamp":"2026-08-28T12:05:44.130228Z","level":"info","event":"Cosmos performance [46e70e30ac03|2649]: The cache size for cosmos_cache__verdanta_daily__dbt_daily is 81421","logger":"cosmos.dbt.graph","filename":"graph.py","lineno":886}
{"timestamp":"2026-08-28T12:05:44.136372Z","level":"info","event":"Cosmos performance: Cache hit for cosmos_cache__verdanta_daily__dbt_daily - 7ef252dbf94f4e7f8dda113986a456cc,ff67f1985ea8a9c639de2e1985ae4cf7","logger":"cosmos.dbt.graph","filename":"graph.py","lineno":898}
{"timestamp":"2026-08-28T12:05:44.136606Z","level":"info","event":"Total nodes: 91","logger":"cosmos.dbt.graph","filename":"graph.py","lineno":799}
{"timestamp":"2026-08-28T12:05:44.136682Z","level":"info","event":"Total filtered nodes: 91","logger":"cosmos.dbt.graph","filename":"graph.py","lineno":800}
{"timestamp":"2026-08-28T12:05:44.136759Z","level":"info","event":"Cosmos performance (verdanta_daily__dbt_daily) - [46e70e30ac03|2649]: It took 0.157s to parse the dbt project for DAG using LoadMode.DBT_LS_CACHE","logger":"cosmos.converter","filename":"converter.py","lineno":371}
{"timestamp":"2026-08-28T12:05:44.208706Z","level":"info","event":"Cosmos performance (verdanta_daily__dbt_daily) - [46e70e30ac03|2649]: It took 0.0719s to build the Airflow DAG.","logger":"cosmos.converter","filename":"converter.py","lineno":423}
{"timestamp":"2026-08-28T12:05:44.208869Z","level":"info","event":"::endgroup::Cosmos DAG parsing logs","logger":"cosmos.converter","filename":"converter.py","lineno":430}
{"timestamp":"2026-08-28T12:05:44.209398Z","level":"warning","event":"Using Variable.get from `airflow.models` is deprecated.Please use `get` on Variable from sdk(`airflow.sdk.Variable`) instead","category":"UserWarning","filename":"/home/airflow/.local/lib/python3.13/site-packages/airflow/models/variable.py","lineno":158,"logger":"py.warnings"}
{"timestamp":"2026-08-28T12:06:14.622813Z","level":"info","event":"Filling up the DagBag from /opt/airflow/dags/verdanta_daily.py","logger":"airflow.dag_processing.dagbag.BundleDagBag","filename":"dagbag.py","lineno":469}
{"timestamp":"2026-08-28T12:06:14.692567Z","level":"info","event":"::group::Cosmos DAG parsing logs","logger":"cosmos.converter","filename":"converter.py","lineno":321}
{"timestamp":"2026-08-28T12:06:14.696414Z","level":"info","event":"Cosmos cache dir resolved to /tmp/cosmos/verdanta_daily__dbt_daily","logger":"cosmos.converter","filename":"converter.py","lineno":346}
{"timestamp":"2026-08-28T12:06:14.696686Z","level":"info","event":"Trying to parse the dbt project using dbt ls cache cosmos_cache__verdanta_daily__dbt_daily...","logger":"cosmos.dbt.graph","filename":"graph.py","lineno":869}
{"timestamp":"2026-08-28T12:06:14.843268Z","level":"info","event":"Cosmos performance: time to calculate cache identifier cosmos_cache__verdanta_daily__dbt_daily for current version: 0.1303774620000695","logger":"cosmos.cache","filename":"cache.py","lineno":401}
{"timestamp":"2026-08-28T12:06:14.843575Z","level":"info","event":"Cosmos performance [46e70e30ac03|2664]: The cache size for cosmos_cache__verdanta_daily__dbt_daily is 81421","logger":"cosmos.dbt.graph","filename":"graph.py","lineno":886}
{"timestamp":"2026-08-28T12:06:14.846212Z","level":"info","event":"Cosmos performance: Cache hit for cosmos_cache__verdanta_daily__dbt_daily - 7ef252dbf94f4e7f8dda113986a456cc,ff67f1985ea8a9c639de2e1985ae4cf7","logger":"cosmos.dbt.graph","filename":"graph.py","lineno":898}
{"timestamp":"2026-08-28T12:06:14.846527Z","level":"info","event":"Total nodes: 91","logger":"cosmos.dbt.graph","filename":"graph.py","lineno":799}
{"timestamp":"2026-08-28T12:06:14.846619Z","level":"info","event":"Total filtered nodes: 91","logger":"cosmos.dbt.graph","filename":"graph.py","lineno":800}
{"timestamp":"2026-08-28T12:06:14.846697Z","level":"info","event":"Cosmos performance (verdanta_daily__dbt_daily) - [46e70e30ac03|2664]: It took 0.15s to parse the dbt project for DAG using LoadMode.DBT_LS_CACHE","logger":"cosmos.converter","filename":"converter.py","lineno":371}
{"timestamp":"2026-08-28T12:06:14.921746Z","level":"info","event":"Cosmos performance (verdanta_daily__dbt_daily) - [46e70e30ac03|2664]: It took 0.075s to build the Airflow DAG.","logger":"cosmos.converter","filename":"converter.py","lineno":423}
{"timestamp":"2026-08-28T12:06:14.921935Z","level":"info","event":"::endgroup::Cosmos DAG parsing logs","logger":"cosmos.converter","filename":"converter.py","lineno":430}
{"timestamp":"2026-08-28T12:06:14.922515Z","level":"warning","event":"Using Variable.get from `airflow.models` is deprecated.Please use `get` on Variable from sdk(`airflow.sdk.Variable`) instead","category":"UserWarning","filename":"/home/airflow/.local/lib/python3.13/site-packages/airflow/models/variable.py","lineno":158,"logger":"py.warnings"}
{"timestamp":"2026-08-28T12:06:45.413370Z","level":"info","event":"Filling up the DagBag from /opt/airflow/dags/verdanta_daily.py","logger":"airflow.dag_processing.dagbag.BundleDagBag","filename":"dagbag.py","lineno":469}
{"timestamp":"2026-08-28T12:06:45.488663Z","level":"info","event":"::group::Cosmos DAG parsing logs","logger":"cosmos.converter","filename":"converter.py","lineno":321}
{"timestamp":"2026-08-28T12:06:45.493466Z","level":"info","event":"Cosmos cache dir resolved to /tmp/cosmos/verdanta_daily__dbt_daily","logger":"cosmos.converter","filename":"converter.py","lineno":346}
{"timestamp":"2026-08-28T12:06:45.493720Z","level":"info","event":"Trying to parse the dbt project using dbt ls cache cosmos_cache__verdanta_daily__dbt_daily...","logger":"cosmos.dbt.graph","filename":"graph.py","lineno":869}
{"timestamp":"2026-08-28T12:06:45.659109Z","level":"info","event":"Cosmos performance: time to calculate cache identifier cosmos_cache__verdanta_daily__dbt_daily for current version: 0.14575333500033594","logger":"cosmos.cache","filename":"cache.py","lineno":401}
{"timestamp":"2026-08-28T12:06:45.659355Z","level":"info","event":"Cosmos performance [46e70e30ac03|2700]: The cache size for cosmos_cache__verdanta_daily__dbt_daily is 81421","logger":"cosmos.dbt.graph","filename":"graph.py","lineno":886}
{"timestamp":"2026-08-28T12:06:45.661571Z","level":"info","event":"Cosmos performance: Cache hit for cosmos_cache__verdanta_daily__dbt_daily - 7ef252dbf94f4e7f8dda113986a456cc,ff67f1985ea8a9c639de2e1985ae4cf7","logger":"cosmos.dbt.graph","filename":"graph.py","lineno":898}
{"timestamp":"2026-08-28T12:06:45.661760Z","level":"info","event":"Total nodes: 91","logger":"cosmos.dbt.graph","filename":"graph.py","lineno":799}
{"timestamp":"2026-08-28T12:06:45.661838Z","level":"info","event":"Total filtered nodes: 91","logger":"cosmos.dbt.graph","filename":"graph.py","lineno":800}
{"timestamp":"2026-08-28T12:06:45.661930Z","level":"info","event":"Cosmos performance (verdanta_daily__dbt_daily) - [46e70e30ac03|2700]: It took 0.168s to parse the dbt project for DAG using LoadMode.DBT_LS_CACHE","logger":"cosmos.converter","filename":"converter.py","lineno":371}
{"timestamp":"2026-08-28T12:06:45.747908Z","level":"info","event":"Cosmos performance (verdanta_daily__dbt_daily) - [46e70e30ac03|2700]: It took 0.0859s to build the Airflow DAG.","logger":"cosmos.converter","filename":"converter.py","lineno":423}
{"timestamp":"2026-08-28T12:06:45.748127Z","level":"info","event":"::endgroup::Cosmos DAG parsing logs","logger":"cosmos.converter","filename":"converter.py","lineno":430}
{"timestamp":"2026-08-28T12:06:45.748829Z","level":"warning","event":"Using Variable.get from `airflow.models` is deprecated.Please use `get` on Variable from sdk(`airflow.sdk.Variable`) instead","category":"UserWarning","filename":"/home/airflow/.local/lib/python3.13/site-packages/airflow/models/variable.py","lineno":158,"logger":"py.warnings"}
{"timestamp":"2026-08-28T12:07:16.765183Z","level":"info","event":"Filling up the DagBag from /opt/airflow/dags/verdanta_daily.py","logger":"airflow.dag_processing.dagbag.BundleDagBag","filename":"dagbag.py","lineno":469}
{"timestamp":"2026-08-28T12:07:16.844378Z","level":"info","event":"::group::Cosmos DAG parsing logs","logger":"cosmos.converter","filename":"converter.py","lineno":321}
{"timestamp":"2026-08-28T12:07:16.847813Z","level":"info","event":"Cosmos cache dir resolved to /tmp/cosmos/verdanta_daily__dbt_daily","logger":"cosmos.converter","filename":"converter.py","lineno":346}
{"timestamp":"2026-08-28T12:07:16.848067Z","level":"info","event":"Trying to parse the dbt project using dbt ls cache cosmos_cache__verdanta_daily__dbt_daily...","logger":"cosmos.dbt.graph","filename":"graph.py","lineno":869}
{"timestamp":"2026-08-28T12:07:16.998013Z","level":"info","event":"Cosmos performance: time to calculate cache identifier cosmos_cache__verdanta_daily__dbt_daily for current version: 0.13065695700015567","logger":"cosmos.cache","filename":"cache.py","lineno":401}
{"timestamp":"2026-08-28T12:07:16.998262Z","level":"info","event":"Cosmos performance [46e70e30ac03|2739]: The cache size for cosmos_cache__verdanta_daily__dbt_daily is 81421","logger":"cosmos.dbt.graph","filename":"graph.py","lineno":886}
{"timestamp":"2026-08-28T12:07:17.001148Z","level":"info","event":"Cosmos performance: Cache hit for cosmos_cache__verdanta_daily__dbt_daily - 7ef252dbf94f4e7f8dda113986a456cc,ff67f1985ea8a9c639de2e1985ae4cf7","logger":"cosmos.dbt.graph","filename":"graph.py","lineno":898}
{"timestamp":"2026-08-28T12:07:17.001406Z","level":"info","event":"Total nodes: 91","logger":"cosmos.dbt.graph","filename":"graph.py","lineno":799}
{"timestamp":"2026-08-28T12:07:17.001490Z","level":"info","event":"Total filtered nodes: 91","logger":"cosmos.dbt.graph","filename":"graph.py","lineno":800}
{"timestamp":"2026-08-28T12:07:17.001562Z","level":"info","event":"Cosmos performance (verdanta_daily__dbt_daily) - [46e70e30ac03|2739]: It took 0.154s to parse the dbt project for DAG using LoadMode.DBT_LS_CACHE","logger":"cosmos.converter","filename":"converter.py","lineno":371}
{"timestamp":"2026-08-28T12:07:17.083941Z","level":"info","event":"Cosmos performance (verdanta_daily__dbt_daily) - [46e70e30ac03|2739]: It took 0.0823s to build the Airflow DAG.","logger":"cosmos.converter","filename":"converter.py","lineno":423}
{"timestamp":"2026-08-28T12:07:17.084121Z","level":"info","event":"::endgroup::Cosmos DAG parsing logs","logger":"cosmos.converter","filename":"converter.py","lineno":430}
{"timestamp":"2026-08-28T12:07:17.085589Z","level":"warning","event":"Using Variable.get from `airflow.models` is deprecated.Please use `get` on Variable from sdk(`airflow.sdk.Variable`) instead","category":"UserWarning","filename":"/home/airflow/.local/lib/python3.13/site-packages/airflow/models/variable.py","lineno":158,"logger":"py.warnings"}
{"timestamp":"2026-08-28T12:07:43.266066Z","level":"info","event":"Filling up the DagBag from /opt/airflow/dags/verdanta_daily.py","logger":"airflow.dag_processing.dagbag.BundleDagBag","filename":"dagbag.py","lineno":469}
{"timestamp":"2026-08-28T12:07:43.357126Z","level":"info","event":"::group::Cosmos DAG parsing logs","logger":"cosmos.converter","filename":"converter.py","lineno":321}
{"timestamp":"2026-08-28T12:07:43.361332Z","level":"info","event":"Cosmos cache dir resolved to /tmp/cosmos/verdanta_daily__dbt_daily","logger":"cosmos.converter","filename":"converter.py","lineno":346}
{"timestamp":"2026-08-28T12:07:43.361617Z","level":"info","event":"Trying to parse the dbt project using dbt ls cache cosmos_cache__verdanta_daily__dbt_daily...","logger":"cosmos.dbt.graph","filename":"graph.py","lineno":869}
{"timestamp":"2026-08-28T12:07:43.549482Z","level":"info","event":"Cosmos performance: time to calculate cache identifier cosmos_cache__verdanta_daily__dbt_daily for current version: 0.16707906800002092","logger":"cosmos.cache","filename":"cache.py","lineno":401}
{"timestamp":"2026-08-28T12:07:43.549766Z","level":"info","event":"Cosmos performance [46e70e30ac03|2774]: The cache size for cosmos_cache__verdanta_daily__dbt_daily is 81421","logger":"cosmos.dbt.graph","filename":"graph.py","lineno":886}
{"timestamp":"2026-08-28T12:07:43.554959Z","level":"info","event":"Cosmos performance: Cache hit for cosmos_cache__verdanta_daily__dbt_daily - 7ef252dbf94f4e7f8dda113986a456cc,ff67f1985ea8a9c639de2e1985ae4cf7","logger":"cosmos.dbt.graph","filename":"graph.py","lineno":898}
{"timestamp":"2026-08-28T12:07:43.555462Z","level":"info","event":"Total nodes: 91","logger":"cosmos.dbt.graph","filename":"graph.py","lineno":799}
{"timestamp":"2026-08-28T12:07:43.555630Z","level":"info","event":"Total filtered nodes: 91","logger":"cosmos.dbt.graph","filename":"graph.py","lineno":800}
{"timestamp":"2026-08-28T12:07:43.555801Z","level":"info","event":"Cosmos performance (verdanta_daily__dbt_daily) - [46e70e30ac03|2774]: It took 0.194s to parse the dbt project for DAG using LoadMode.DBT_LS_CACHE","logger":"cosmos.converter","filename":"converter.py","lineno":371}
{"timestamp":"2026-08-28T12:07:43.652073Z","level":"info","event":"Cosmos performance (verdanta_daily__dbt_daily) - [46e70e30ac03|2774]: It took 0.0962s to build the Airflow DAG.","logger":"cosmos.converter","filename":"converter.py","lineno":423}
{"timestamp":"2026-08-28T12:07:43.652295Z","level":"info","event":"::endgroup::Cosmos DAG parsing logs","logger":"cosmos.converter","filename":"converter.py","lineno":430}
{"timestamp":"2026-08-28T12:07:43.653269Z","level":"warning","event":"Using Variable.get from `airflow.models` is deprecated.Please use `get` on Variable from sdk(`airflow.sdk.Variable`) instead","category":"UserWarning","filename":"/home/airflow/.local/lib/python3.13/site-packages/airflow/models/variable.py","lineno":158,"logger":"py.warnings"}
{"timestamp":"2026-08-28T12:07:54.091380Z","level":"info","event":"Filling up the DagBag from /opt/airflow/dags/verdanta_daily.py","logger":"airflow.dag_processing.dagbag.BundleDagBag","filename":"dagbag.py","lineno":469}
{"timestamp":"2026-08-28T12:07:54.181157Z","level":"info","event":"::group::Cosmos DAG parsing logs","logger":"cosmos.converter","filename":"converter.py","lineno":321}
{"timestamp":"2026-08-28T12:07:54.185327Z","level":"info","event":"Cosmos cache dir resolved to /tmp/cosmos/verdanta_daily__dbt_daily","logger":"cosmos.converter","filename":"converter.py","lineno":346}
{"timestamp":"2026-08-28T12:07:54.185621Z","level":"info","event":"Trying to parse the dbt project using dbt ls cache cosmos_cache__verdanta_daily__dbt_daily...","logger":"cosmos.dbt.graph","filename":"graph.py","lineno":869}
{"timestamp":"2026-08-28T12:07:54.346325Z","level":"info","event":"Cosmos performance: time to calculate cache identifier cosmos_cache__verdanta_daily__dbt_daily for current version: 0.14082431199994971","logger":"cosmos.cache","filename":"cache.py","lineno":401}
{"timestamp":"2026-08-28T12:07:54.346589Z","level":"info","event":"Cosmos performance [46e70e30ac03|2782]: The cache size for cosmos_cache__verdanta_daily__dbt_daily is 81421","logger":"cosmos.dbt.graph","filename":"graph.py","lineno":886}
{"timestamp":"2026-08-28T12:07:54.350627Z","level":"info","event":"Cosmos performance: Cache hit for cosmos_cache__verdanta_daily__dbt_daily - 7ef252dbf94f4e7f8dda113986a456cc,ff67f1985ea8a9c639de2e1985ae4cf7","logger":"cosmos.dbt.graph","filename":"graph.py","lineno":898}
{"timestamp":"2026-08-28T12:07:54.350871Z","level":"info","event":"Total nodes: 91","logger":"cosmos.dbt.graph","filename":"graph.py","lineno":799}
{"timestamp":"2026-08-28T12:07:54.350989Z","level":"info","event":"Total filtered nodes: 91","logger":"cosmos.dbt.graph","filename":"graph.py","lineno":800}
{"timestamp":"2026-08-28T12:07:54.351082Z","level":"info","event":"Cosmos performance (verdanta_daily__dbt_daily) - [46e70e30ac03|2782]: It took 0.166s to parse the dbt project for DAG using LoadMode.DBT_LS_CACHE","logger":"cosmos.converter","filename":"converter.py","lineno":371}
{"timestamp":"2026-08-28T12:07:54.431605Z","level":"info","event":"Cosmos performance (verdanta_daily__dbt_daily) - [46e70e30ac03|2782]: It took 0.0805s to build the Airflow DAG.","logger":"cosmos.converter","filename":"converter.py","lineno":423}
{"timestamp":"2026-08-28T12:07:54.431823Z","level":"info","event":"::endgroup::Cosmos DAG parsing logs","logger":"cosmos.converter","filename":"converter.py","lineno":430}
{"timestamp":"2026-08-28T12:07:54.432534Z","level":"warning","event":"Using Variable.get from `airflow.models` is deprecated.Please use `get` on Variable from sdk(`airflow.sdk.Variable`) instead","category":"UserWarning","filename":"/home/airflow/.local/lib/python3.13/site-packages/airflow/models/variable.py","lineno":158,"logger":"py.warnings"}
{"timestamp":"2026-08-28T12:08:14.139062Z","level":"info","event":"Filling up the DagBag from /opt/airflow/dags/verdanta_daily.py","logger":"airflow.dag_processing.dagbag.BundleDagBag","filename":"dagbag.py","lineno":469}
{"timestamp":"2026-08-28T12:08:14.220813Z","level":"info","event":"::group::Cosmos DAG parsing logs","logger":"cosmos.converter","filename":"converter.py","lineno":321}
{"timestamp":"2026-08-28T12:08:14.224164Z","level":"info","event":"Cosmos cache dir resolved to /tmp/cosmos/verdanta_daily__dbt_daily","logger":"cosmos.converter","filename":"converter.py","lineno":346}
{"timestamp":"2026-08-28T12:08:14.224414Z","level":"info","event":"Trying to parse the dbt project using dbt ls cache cosmos_cache__verdanta_daily__dbt_daily...","logger":"cosmos.dbt.graph","filename":"graph.py","lineno":869}
{"timestamp":"2026-08-28T12:08:14.380336Z","level":"info","event":"Cosmos performance: time to calculate cache identifier cosmos_cache__verdanta_daily__dbt_daily for current version: 0.13628049699991607","logger":"cosmos.cache","filename":"cache.py","lineno":401}
{"timestamp":"2026-08-28T12:08:14.380575Z","level":"info","event":"Cosmos performance [46e70e30ac03|2806]: The cache size for cosmos_cache__verdanta_daily__dbt_daily is 81421","logger":"cosmos.dbt.graph","filename":"graph.py","lineno":886}
{"timestamp":"2026-08-28T12:08:14.382850Z","level":"info","event":"Cosmos performance: Cache hit for cosmos_cache__verdanta_daily__dbt_daily - 7ef252dbf94f4e7f8dda113986a456cc,ff67f1985ea8a9c639de2e1985ae4cf7","logger":"cosmos.dbt.graph","filename":"graph.py","lineno":898}
{"timestamp":"2026-08-28T12:08:14.383091Z","level":"info","event":"Total nodes: 91","logger":"cosmos.dbt.graph","filename":"graph.py","lineno":799}
{"timestamp":"2026-08-28T12:08:14.383156Z","level":"info","event":"Total filtered nodes: 91","logger":"cosmos.dbt.graph","filename":"graph.py","lineno":800}
{"timestamp":"2026-08-28T12:08:14.383237Z","level":"info","event":"Cosmos performance (verdanta_daily__dbt_daily) - [46e70e30ac03|2806]: It took 0.159s to parse the dbt project for DAG using LoadMode.DBT_LS_CACHE","logger":"cosmos.converter","filename":"converter.py","lineno":371}
{"timestamp":"2026-08-28T12:08:14.463034Z","level":"info","event":"Cosmos performance (verdanta_daily__dbt_daily) - [46e70e30ac03|2806]: It took 0.0797s to build the Airflow DAG.","logger":"cosmos.converter","filename":"converter.py","lineno":423}
{"timestamp":"2026-08-28T12:08:14.463219Z","level":"info","event":"::endgroup::Cosmos DAG parsing logs","logger":"cosmos.converter","filename":"converter.py","lineno":430}
{"timestamp":"2026-08-28T12:08:14.463870Z","level":"warning","event":"Using Variable.get from `airflow.models` is deprecated.Please use `get` on Variable from sdk(`airflow.sdk.Variable`) instead","category":"UserWarning","filename":"/home/airflow/.local/lib/python3.13/site-packages/airflow/models/variable.py","lineno":158,"logger":"py.warnings"}
{"timestamp":"2026-08-28T12:08:44.593852Z","level":"info","event":"Filling up the DagBag from /opt/airflow/dags/verdanta_daily.py","logger":"airflow.dag_processing.dagbag.BundleDagBag","filename":"dagbag.py","lineno":469}
{"timestamp":"2026-08-28T12:08:44.669138Z","level":"info","event":"::group::Cosmos DAG parsing logs","logger":"cosmos.converter","filename":"converter.py","lineno":321}
{"timestamp":"2026-08-28T12:08:44.673257Z","level":"info","event":"Cosmos cache dir resolved to /tmp/cosmos/verdanta_daily__dbt_daily","logger":"cosmos.converter","filename":"converter.py","lineno":346}
{"timestamp":"2026-08-28T12:08:44.673485Z","level":"info","event":"Trying to parse the dbt project using dbt ls cache cosmos_cache__verdanta_daily__dbt_daily...","logger":"cosmos.dbt.graph","filename":"graph.py","lineno":869}
{"timestamp":"2026-08-28T12:08:44.843755Z","level":"info","event":"Cosmos performance: time to calculate cache identifier cosmos_cache__verdanta_daily__dbt_daily for current version: 0.14917246799996065","logger":"cosmos.cache","filename":"cache.py","lineno":401}
{"timestamp":"2026-08-28T12:08:44.844025Z","level":"info","event":"Cosmos performance [46e70e30ac03|2842]: The cache size for cosmos_cache__verdanta_daily__dbt_daily is 81421","logger":"cosmos.dbt.graph","filename":"graph.py","lineno":886}
{"timestamp":"2026-08-28T12:08:44.846547Z","level":"info","event":"Cosmos performance: Cache hit for cosmos_cache__verdanta_daily__dbt_daily - 7ef252dbf94f4e7f8dda113986a456cc,ff67f1985ea8a9c639de2e1985ae4cf7","logger":"cosmos.dbt.graph","filename":"graph.py","lineno":898}
{"timestamp":"2026-08-28T12:08:44.846823Z","level":"info","event":"Total nodes: 91","logger":"cosmos.dbt.graph","filename":"graph.py","lineno":799}
{"timestamp":"2026-08-28T12:08:44.846918Z","level":"info","event":"Total filtered nodes: 91","logger":"cosmos.dbt.graph","filename":"graph.py","lineno":800}
{"timestamp":"2026-08-28T12:08:44.847022Z","level":"info","event":"Cosmos performance (verdanta_daily__dbt_daily) - [46e70e30ac03|2842]: It took 0.174s to parse the dbt project for DAG using LoadMode.DBT_LS_CACHE","logger":"cosmos.converter","filename":"converter.py","lineno":371}
{"timestamp":"2026-08-28T12:08:44.964690Z","level":"info","event":"Cosmos performance (verdanta_daily__dbt_daily) - [46e70e30ac03|2842]: It took 0.118s to build the Airflow DAG.","logger":"cosmos.converter","filename":"converter.py","lineno":423}
{"timestamp":"2026-08-28T12:08:44.964890Z","level":"info","event":"::endgroup::Cosmos DAG parsing logs","logger":"cosmos.converter","filename":"converter.py","lineno":430}
{"timestamp":"2026-08-28T12:08:44.965688Z","level":"warning","event":"Using Variable.get from `airflow.models` is deprecated.Please use `get` on Variable from sdk(`airflow.sdk.Variable`) instead","category":"UserWarning","filename":"/home/airflow/.local/lib/python3.13/site-packages/airflow/models/variable.py","lineno":158,"logger":"py.warnings"}
{"timestamp":"2026-08-28T12:08:50.177264Z","level":"info","event":"Filling up the DagBag from /opt/airflow/dags/verdanta_daily.py","logger":"airflow.dag_processing.dagbag.BundleDagBag","filename":"dagbag.py","lineno":469}
{"timestamp":"2026-08-28T12:08:50.268141Z","level":"info","event":"::group::Cosmos DAG parsing logs","logger":"cosmos.converter","filename":"converter.py","lineno":321}
{"timestamp":"2026-08-28T12:08:50.273038Z","level":"info","event":"Cosmos cache dir resolved to /tmp/cosmos/verdanta_daily__dbt_daily","logger":"cosmos.converter","filename":"converter.py","lineno":346}
{"timestamp":"2026-08-28T12:08:50.273394Z","level":"info","event":"Trying to parse the dbt project using dbt ls cache cosmos_cache__verdanta_daily__dbt_daily...","logger":"cosmos.dbt.graph","filename":"graph.py","lineno":869}
{"timestamp":"2026-08-28T12:08:50.447704Z","level":"info","event":"Cosmos performance: time to calculate cache identifier cosmos_cache__verdanta_daily__dbt_daily for current version: 0.15195846300002813","logger":"cosmos.cache","filename":"cache.py","lineno":401}
{"timestamp":"2026-08-28T12:08:50.447982Z","level":"info","event":"Cosmos performance [46e70e30ac03|2852]: The cache size for cosmos_cache__verdanta_daily__dbt_daily is 81421","logger":"cosmos.dbt.graph","filename":"graph.py","lineno":886}
{"timestamp":"2026-08-28T12:08:50.450429Z","level":"info","event":"Cosmos performance: Cache hit for cosmos_cache__verdanta_daily__dbt_daily - 7ef252dbf94f4e7f8dda113986a456cc,ff67f1985ea8a9c639de2e1985ae4cf7","logger":"cosmos.dbt.graph","filename":"graph.py","lineno":898}
{"timestamp":"2026-08-28T12:08:50.450662Z","level":"info","event":"Total nodes: 91","logger":"cosmos.dbt.graph","filename":"graph.py","lineno":799}
{"timestamp":"2026-08-28T12:08:50.450728Z","level":"info","event":"Total filtered nodes: 91","logger":"cosmos.dbt.graph","filename":"graph.py","lineno":800}
{"timestamp":"2026-08-28T12:08:50.450869Z","level":"info","event":"Cosmos performance (verdanta_daily__dbt_daily) - [46e70e30ac03|2852]: It took 0.178s to parse the dbt project for DAG using LoadMode.DBT_LS_CACHE","logger":"cosmos.converter","filename":"converter.py","lineno":371}
{"timestamp":"2026-08-28T12:08:50.538917Z","level":"info","event":"Cosmos performance (verdanta_daily__dbt_daily) - [46e70e30ac03|2852]: It took 0.088s to build the Airflow DAG.","logger":"cosmos.converter","filename":"converter.py","lineno":423}
{"timestamp":"2026-08-28T12:08:50.539112Z","level":"info","event":"::endgroup::Cosmos DAG parsing logs","logger":"cosmos.converter","filename":"converter.py","lineno":430}
{"timestamp":"2026-08-28T12:08:50.539866Z","level":"warning","event":"Using Variable.get from `airflow.models` is deprecated.Please use `get` on Variable from sdk(`airflow.sdk.Variable`) instead","category":"UserWarning","filename":"/home/airflow/.local/lib/python3.13/site-packages/airflow/models/variable.py","lineno":158,"logger":"py.warnings"}
{"timestamp":"2026-08-28T12:09:21.311552Z","level":"info","event":"Filling up the DagBag from /opt/airflow/dags/verdanta_daily.py","logger":"airflow.dag_processing.dagbag.BundleDagBag","filename":"dagbag.py","lineno":469}
{"timestamp":"2026-08-28T12:09:21.388410Z","level":"info","event":"::group::Cosmos DAG parsing logs","logger":"cosmos.converter","filename":"converter.py","lineno":321}
{"timestamp":"2026-08-28T12:09:21.392203Z","level":"info","event":"Cosmos cache dir resolved to /tmp/cosmos/verdanta_daily__dbt_daily","logger":"cosmos.converter","filename":"converter.py","lineno":346}
{"timestamp":"2026-08-28T12:09:21.392507Z","level":"info","event":"Trying to parse the dbt project using dbt ls cache cosmos_cache__verdanta_daily__dbt_daily...","logger":"cosmos.dbt.graph","filename":"graph.py","lineno":869}
{"timestamp":"2026-08-28T12:09:21.548272Z","level":"info","event":"Cosmos performance: time to calculate cache identifier cosmos_cache__verdanta_daily__dbt_daily for current version: 0.13552566999987903","logger":"cosmos.cache","filename":"cache.py","lineno":401}
{"timestamp":"2026-08-28T12:09:21.548572Z","level":"info","event":"Cosmos performance [46e70e30ac03|2881]: The cache size for cosmos_cache__verdanta_daily__dbt_daily is 81421","logger":"cosmos.dbt.graph","filename":"graph.py","lineno":886}
{"timestamp":"2026-08-28T12:09:21.551206Z","level":"info","event":"Cosmos performance: Cache hit for cosmos_cache__verdanta_daily__dbt_daily - 7ef252dbf94f4e7f8dda113986a456cc,ff67f1985ea8a9c639de2e1985ae4cf7","logger":"cosmos.dbt.graph","filename":"graph.py","lineno":898}
{"timestamp":"2026-08-28T12:09:21.551418Z","level":"info","event":"Total nodes: 91","logger":"cosmos.dbt.graph","filename":"graph.py","lineno":799}
{"timestamp":"2026-08-28T12:09:21.551489Z","level":"info","event":"Total filtered nodes: 91","logger":"cosmos.dbt.graph","filename":"graph.py","lineno":800}
{"timestamp":"2026-08-28T12:09:21.551857Z","level":"info","event":"Cosmos performance (verdanta_daily__dbt_daily) - [46e70e30ac03|2881]: It took 0.159s to parse the dbt project for DAG using LoadMode.DBT_LS_CACHE","logger":"cosmos.converter","filename":"converter.py","lineno":371}
{"timestamp":"2026-08-28T12:09:21.656181Z","level":"info","event":"Cosmos performance (verdanta_daily__dbt_daily) - [46e70e30ac03|2881]: It took 0.104s to build the Airflow DAG.","logger":"cosmos.converter","filename":"converter.py","lineno":423}
{"timestamp":"2026-08-28T12:09:21.656395Z","level":"info","event":"::endgroup::Cosmos DAG parsing logs","logger":"cosmos.converter","filename":"converter.py","lineno":430}
{"timestamp":"2026-08-28T12:09:21.657072Z","level":"warning","event":"Using Variable.get from `airflow.models` is deprecated.Please use `get` on Variable from sdk(`airflow.sdk.Variable`) instead","category":"UserWarning","filename":"/home/airflow/.local/lib/python3.13/site-packages/airflow/models/variable.py","lineno":158,"logger":"py.warnings"}
{"timestamp":"2026-08-28T12:09:51.882355Z","level":"info","event":"Filling up the DagBag from /opt/airflow/dags/verdanta_daily.py","logger":"airflow.dag_processing.dagbag.BundleDagBag","filename":"dagbag.py","lineno":469}
{"timestamp":"2026-08-28T12:09:51.970229Z","level":"info","event":"::group::Cosmos DAG parsing logs","logger":"cosmos.converter","filename":"converter.py","lineno":321}
{"timestamp":"2026-08-28T12:09:51.974237Z","level":"info","event":"Cosmos cache dir resolved to /tmp/cosmos/verdanta_daily__dbt_daily","logger":"cosmos.converter","filename":"converter.py","lineno":346}
{"timestamp":"2026-08-28T12:09:51.974471Z","level":"info","event":"Trying to parse the dbt project using dbt ls cache cosmos_cache__verdanta_daily__dbt_daily...","logger":"cosmos.dbt.graph","filename":"graph.py","lineno":869}
{"timestamp":"2026-08-28T12:09:52.129926Z","level":"info","event":"Cosmos performance: time to calculate cache identifier cosmos_cache__verdanta_daily__dbt_daily for current version: 0.13694509700007984","logger":"cosmos.cache","filename":"cache.py","lineno":401}
{"timestamp":"2026-08-28T12:09:52.130171Z","level":"info","event":"Cosmos performance [46e70e30ac03|2916]: The cache size for cosmos_cache__verdanta_daily__dbt_daily is 81421","logger":"cosmos.dbt.graph","filename":"graph.py","lineno":886}
{"timestamp":"2026-08-28T12:09:52.133253Z","level":"info","event":"Cosmos performance: Cache hit for cosmos_cache__verdanta_daily__dbt_daily - 7ef252dbf94f4e7f8dda113986a456cc,ff67f1985ea8a9c639de2e1985ae4cf7","logger":"cosmos.dbt.graph","filename":"graph.py","lineno":898}
{"timestamp":"2026-08-28T12:09:52.133546Z","level":"info","event":"Total nodes: 91","logger":"cosmos.dbt.graph","filename":"graph.py","lineno":799}
{"timestamp":"2026-08-28T12:09:52.133673Z","level":"info","event":"Total filtered nodes: 91","logger":"cosmos.dbt.graph","filename":"graph.py","lineno":800}
{"timestamp":"2026-08-28T12:09:52.133779Z","level":"info","event":"Cosmos performance (verdanta_daily__dbt_daily) - [46e70e30ac03|2916]: It took 0.159s to parse the dbt project for DAG using LoadMode.DBT_LS_CACHE","logger":"cosmos.converter","filename":"converter.py","lineno":371}
{"timestamp":"2026-08-28T12:09:52.208027Z","level":"info","event":"Cosmos performance (verdanta_daily__dbt_daily) - [46e70e30ac03|2916]: It took 0.0742s to build the Airflow DAG.","logger":"cosmos.converter","filename":"converter.py","lineno":423}
{"timestamp":"2026-08-28T12:09:52.208194Z","level":"info","event":"::endgroup::Cosmos DAG parsing logs","logger":"cosmos.converter","filename":"converter.py","lineno":430}
{"timestamp":"2026-08-28T12:09:52.208733Z","level":"warning","event":"Using Variable.get from `airflow.models` is deprecated.Please use `get` on Variable from sdk(`airflow.sdk.Variable`) instead","category":"UserWarning","filename":"/home/airflow/.local/lib/python3.13/site-packages/airflow/models/variable.py","lineno":158,"logger":"py.warnings"}
{"timestamp":"2026-08-28T12:10:22.828570Z","level":"info","event":"Filling up the DagBag from /opt/airflow/dags/verdanta_daily.py","logger":"airflow.dag_processing.dagbag.BundleDagBag","filename":"dagbag.py","lineno":469}
{"timestamp":"2026-08-28T12:10:22.907946Z","level":"info","event":"::group::Cosmos DAG parsing logs","logger":"cosmos.converter","filename":"converter.py","lineno":321}
{"timestamp":"2026-08-28T12:10:22.912398Z","level":"info","event":"Cosmos cache dir resolved to /tmp/cosmos/verdanta_daily__dbt_daily","logger":"cosmos.converter","filename":"converter.py","lineno":346}
{"timestamp":"2026-08-28T12:10:22.912815Z","level":"info","event":"Trying to parse the dbt project using dbt ls cache cosmos_cache__verdanta_daily__dbt_daily...","logger":"cosmos.dbt.graph","filename":"graph.py","lineno":869}
{"timestamp":"2026-08-28T12:10:23.069400Z","level":"info","event":"Cosmos performance: time to calculate cache identifier cosmos_cache__verdanta_daily__dbt_daily for current version: 0.13395218400000886","logger":"cosmos.cache","filename":"cache.py","lineno":401}
{"timestamp":"2026-08-28T12:10:23.069695Z","level":"info","event":"Cosmos performance [46e70e30ac03|2931]: The cache size for cosmos_cache__verdanta_daily__dbt_daily is 81421","logger":"cosmos.dbt.graph","filename":"graph.py","lineno":886}
{"timestamp":"2026-08-28T12:10:23.072264Z","level":"info","event":"Cosmos performance: Cache hit for cosmos_cache__verdanta_daily__dbt_daily - 7ef252dbf94f4e7f8dda113986a456cc,ff67f1985ea8a9c639de2e1985ae4cf7","logger":"cosmos.dbt.graph","filename":"graph.py","lineno":898}
{"timestamp":"2026-08-28T12:10:23.072484Z","level":"info","event":"Total nodes: 91","logger":"cosmos.dbt.graph","filename":"graph.py","lineno":799}
{"timestamp":"2026-08-28T12:10:23.072555Z","level":"info","event":"Total filtered nodes: 91","logger":"cosmos.dbt.graph","filename":"graph.py","lineno":800}
{"timestamp":"2026-08-28T12:10:23.072639Z","level":"info","event":"Cosmos performance (verdanta_daily__dbt_daily) - [46e70e30ac03|2931]: It took 0.16s to parse the dbt project for DAG using LoadMode.DBT_LS_CACHE","logger":"cosmos.converter","filename":"converter.py","lineno":371}
{"timestamp":"2026-08-28T12:10:23.154502Z","level":"info","event":"Cosmos performance (verdanta_daily__dbt_daily) - [46e70e30ac03|2931]: It took 0.0818s to build the Airflow DAG.","logger":"cosmos.converter","filename":"converter.py","lineno":423}
{"timestamp":"2026-08-28T12:10:23.154686Z","level":"info","event":"::endgroup::Cosmos DAG parsing logs","logger":"cosmos.converter","filename":"converter.py","lineno":430}
{"timestamp":"2026-08-28T12:10:23.155296Z","level":"warning","event":"Using Variable.get from `airflow.models` is deprecated.Please use `get` on Variable from sdk(`airflow.sdk.Variable`) instead","category":"UserWarning","filename":"/home/airflow/.local/lib/python3.13/site-packages/airflow/models/variable.py","lineno":158,"logger":"py.warnings"}
{"timestamp":"2026-08-28T12:10:53.788150Z","level":"info","event":"Filling up the DagBag from /opt/airflow/dags/verdanta_daily.py","logger":"airflow.dag_processing.dagbag.BundleDagBag","filename":"dagbag.py","lineno":469}
{"timestamp":"2026-08-28T12:10:53.879668Z","level":"info","event":"::group::Cosmos DAG parsing logs","logger":"cosmos.converter","filename":"converter.py","lineno":321}
{"timestamp":"2026-08-28T12:10:53.885317Z","level":"info","event":"Cosmos cache dir resolved to /tmp/cosmos/verdanta_daily__dbt_daily","logger":"cosmos.converter","filename":"converter.py","lineno":346}
{"timestamp":"2026-08-28T12:10:53.885751Z","level":"info","event":"Trying to parse the dbt project using dbt ls cache cosmos_cache__verdanta_daily__dbt_daily...","logger":"cosmos.dbt.graph","filename":"graph.py","lineno":869}
{"timestamp":"2026-08-28T12:10:54.069573Z","level":"info","event":"Cosmos performance: time to calculate cache identifier cosmos_cache__verdanta_daily__dbt_daily for current version: 0.16239392800025598","logger":"cosmos.cache","filename":"cache.py","lineno":401}
{"timestamp":"2026-08-28T12:10:54.069870Z","level":"info","event":"Cosmos performance [46e70e30ac03|2967]: The cache size for cosmos_cache__verdanta_daily__dbt_daily is 81421","logger":"cosmos.dbt.graph","filename":"graph.py","lineno":886}
{"timestamp":"2026-08-28T12:10:54.072636Z","level":"info","event":"Cosmos performance: Cache hit for cosmos_cache__verdanta_daily__dbt_daily - 7ef252dbf94f4e7f8dda113986a456cc,ff67f1985ea8a9c639de2e1985ae4cf7","logger":"cosmos.dbt.graph","filename":"graph.py","lineno":898}
{"timestamp":"2026-08-28T12:10:54.072903Z","level":"info","event":"Total nodes: 91","logger":"cosmos.dbt.graph","filename":"graph.py","lineno":799}
{"timestamp":"2026-08-28T12:10:54.073004Z","level":"info","event":"Total filtered nodes: 91","logger":"cosmos.dbt.graph","filename":"graph.py","lineno":800}
{"timestamp":"2026-08-28T12:10:54.073100Z","level":"info","event":"Cosmos performance (verdanta_daily__dbt_daily) - [46e70e30ac03|2967]: It took 0.188s to parse the dbt project for DAG using LoadMode.DBT_LS_CACHE","logger":"cosmos.converter","filename":"converter.py","lineno":371}
{"timestamp":"2026-08-28T12:10:54.162063Z","level":"info","event":"Cosmos performance (verdanta_daily__dbt_daily) - [46e70e30ac03|2967]: It took 0.0889s to build the Airflow DAG.","logger":"cosmos.converter","filename":"converter.py","lineno":423}
{"timestamp":"2026-08-28T12:10:54.162239Z","level":"info","event":"::endgroup::Cosmos DAG parsing logs","logger":"cosmos.converter","filename":"converter.py","lineno":430}
{"timestamp":"2026-08-28T12:10:54.162886Z","level":"warning","event":"Using Variable.get from `airflow.models` is deprecated.Please use `get` on Variable from sdk(`airflow.sdk.Variable`) instead","category":"UserWarning","filename":"/home/airflow/.local/lib/python3.13/site-packages/airflow/models/variable.py","lineno":158,"logger":"py.warnings"}
{"timestamp":"2026-08-28T12:11:24.500142Z","level":"info","event":"Filling up the DagBag from /opt/airflow/dags/verdanta_daily.py","logger":"airflow.dag_processing.dagbag.BundleDagBag","filename":"dagbag.py","lineno":469}
{"timestamp":"2026-08-28T12:11:24.570849Z","level":"info","event":"::group::Cosmos DAG parsing logs","logger":"cosmos.converter","filename":"converter.py","lineno":321}
{"timestamp":"2026-08-28T12:11:24.574228Z","level":"info","event":"Cosmos cache dir resolved to /tmp/cosmos/verdanta_daily__dbt_daily","logger":"cosmos.converter","filename":"converter.py","lineno":346}
{"timestamp":"2026-08-28T12:11:24.574454Z","level":"info","event":"Trying to parse the dbt project using dbt ls cache cosmos_cache__verdanta_daily__dbt_daily...","logger":"cosmos.dbt.graph","filename":"graph.py","lineno":869}
{"timestamp":"2026-08-28T12:11:24.723353Z","level":"info","event":"Cosmos performance: time to calculate cache identifier cosmos_cache__verdanta_daily__dbt_daily for current version: 0.1318551149997802","logger":"cosmos.cache","filename":"cache.py","lineno":401}
{"timestamp":"2026-08-28T12:11:24.723604Z","level":"info","event":"Cosmos performance [46e70e30ac03|3003]: The cache size for cosmos_cache__verdanta_daily__dbt_daily is 81421","logger":"cosmos.dbt.graph","filename":"graph.py","lineno":886}
{"timestamp":"2026-08-28T12:11:24.725933Z","level":"info","event":"Cosmos performance: Cache hit for cosmos_cache__verdanta_daily__dbt_daily - 7ef252dbf94f4e7f8dda113986a456cc,ff67f1985ea8a9c639de2e1985ae4cf7","logger":"cosmos.dbt.graph","filename":"graph.py","lineno":898}
{"timestamp":"2026-08-28T12:11:24.726159Z","level":"info","event":"Total nodes: 91","logger":"cosmos.dbt.graph","filename":"graph.py","lineno":799}
{"timestamp":"2026-08-28T12:11:24.726237Z","level":"info","event":"Total filtered nodes: 91","logger":"cosmos.dbt.graph","filename":"graph.py","lineno":800}
{"timestamp":"2026-08-28T12:11:24.726322Z","level":"info","event":"Cosmos performance (verdanta_daily__dbt_daily) - [46e70e30ac03|3003]: It took 0.152s to parse the dbt project for DAG using LoadMode.DBT_LS_CACHE","logger":"cosmos.converter","filename":"converter.py","lineno":371}
{"timestamp":"2026-08-28T12:11:24.803247Z","level":"info","event":"Cosmos performance (verdanta_daily__dbt_daily) - [46e70e30ac03|3003]: It took 0.0769s to build the Airflow DAG.","logger":"cosmos.converter","filename":"converter.py","lineno":423}
{"timestamp":"2026-08-28T12:11:24.803432Z","level":"info","event":"::endgroup::Cosmos DAG parsing logs","logger":"cosmos.converter","filename":"converter.py","lineno":430}
{"timestamp":"2026-08-28T12:11:24.804032Z","level":"warning","event":"Using Variable.get from `airflow.models` is deprecated.Please use `get` on Variable from sdk(`airflow.sdk.Variable`) instead","category":"UserWarning","filename":"/home/airflow/.local/lib/python3.13/site-packages/airflow/models/variable.py","lineno":158,"logger":"py.warnings"}
{"timestamp":"2026-08-28T12:11:55.795453Z","level":"info","event":"Filling up the DagBag from /opt/airflow/dags/verdanta_daily.py","logger":"airflow.dag_processing.dagbag.BundleDagBag","filename":"dagbag.py","lineno":469}
{"timestamp":"2026-08-28T12:11:55.871471Z","level":"info","event":"::group::Cosmos DAG parsing logs","logger":"cosmos.converter","filename":"converter.py","lineno":321}
{"timestamp":"2026-08-28T12:11:55.876711Z","level":"info","event":"Cosmos cache dir resolved to /tmp/cosmos/verdanta_daily__dbt_daily","logger":"cosmos.converter","filename":"converter.py","lineno":346}
{"timestamp":"2026-08-28T12:11:55.877186Z","level":"info","event":"Trying to parse the dbt project using dbt ls cache cosmos_cache__verdanta_daily__dbt_daily...","logger":"cosmos.dbt.graph","filename":"graph.py","lineno":869}
{"timestamp":"2026-08-28T12:11:56.040159Z","level":"info","event":"Cosmos performance: time to calculate cache identifier cosmos_cache__verdanta_daily__dbt_daily for current version: 0.14146520799977225","logger":"cosmos.cache","filename":"cache.py","lineno":401}
{"timestamp":"2026-08-28T12:11:56.040396Z","level":"info","event":"Cosmos performance [46e70e30ac03|3039]: The cache size for cosmos_cache__verdanta_daily__dbt_daily is 81421","logger":"cosmos.dbt.graph","filename":"graph.py","lineno":886}
{"timestamp":"2026-08-28T12:11:56.042816Z","level":"info","event":"Cosmos performance: Cache hit for cosmos_cache__verdanta_daily__dbt_daily - 7ef252dbf94f4e7f8dda113986a456cc,ff67f1985ea8a9c639de2e1985ae4cf7","logger":"cosmos.dbt.graph","filename":"graph.py","lineno":898}
{"timestamp":"2026-08-28T12:11:56.043072Z","level":"info","event":"Total nodes: 91","logger":"cosmos.dbt.graph","filename":"graph.py","lineno":799}
{"timestamp":"2026-08-28T12:11:56.043155Z","level":"info","event":"Total filtered nodes: 91","logger":"cosmos.dbt.graph","filename":"graph.py","lineno":800}
{"timestamp":"2026-08-28T12:11:56.043252Z","level":"info","event":"Cosmos performance (verdanta_daily__dbt_daily) - [46e70e30ac03|3039]: It took 0.166s to parse the dbt project for DAG using LoadMode.DBT_LS_CACHE","logger":"cosmos.converter","filename":"converter.py","lineno":371}
{"timestamp":"2026-08-28T12:11:56.126828Z","level":"info","event":"Cosmos performance (verdanta_daily__dbt_daily) - [46e70e30ac03|3039]: It took 0.0835s to build the Airflow DAG.","logger":"cosmos.converter","filename":"converter.py","lineno":423}
{"timestamp":"2026-08-28T12:11:56.127019Z","level":"info","event":"::endgroup::Cosmos DAG parsing logs","logger":"cosmos.converter","filename":"converter.py","lineno":430}
{"timestamp":"2026-08-28T12:11:56.127625Z","level":"warning","event":"Using Variable.get from `airflow.models` is deprecated.Please use `get` on Variable from sdk(`airflow.sdk.Variable`) instead","category":"UserWarning","filename":"/home/airflow/.local/lib/python3.13/site-packages/airflow/models/variable.py","lineno":158,"logger":"py.warnings"}
{"timestamp":"2026-08-28T12:12:26.359426Z","level":"info","event":"Filling up the DagBag from /opt/airflow/dags/verdanta_daily.py","logger":"airflow.dag_processing.dagbag.BundleDagBag","filename":"dagbag.py","lineno":469}
{"timestamp":"2026-08-28T12:12:26.431058Z","level":"info","event":"::group::Cosmos DAG parsing logs","logger":"cosmos.converter","filename":"converter.py","lineno":321}
{"timestamp":"2026-08-28T12:12:26.434585Z","level":"info","event":"Cosmos cache dir resolved to /tmp/cosmos/verdanta_daily__dbt_daily","logger":"cosmos.converter","filename":"converter.py","lineno":346}
{"timestamp":"2026-08-28T12:12:26.434829Z","level":"info","event":"Trying to parse the dbt project using dbt ls cache cosmos_cache__verdanta_daily__dbt_daily...","logger":"cosmos.dbt.graph","filename":"graph.py","lineno":869}
{"timestamp":"2026-08-28T12:12:26.591417Z","level":"info","event":"Cosmos performance: time to calculate cache identifier cosmos_cache__verdanta_daily__dbt_daily for current version: 0.13765280400002666","logger":"cosmos.cache","filename":"cache.py","lineno":401}
{"timestamp":"2026-08-28T12:12:26.591656Z","level":"info","event":"Cosmos performance [46e70e30ac03|3075]: The cache size for cosmos_cache__verdanta_daily__dbt_daily is 81421","logger":"cosmos.dbt.graph","filename":"graph.py","lineno":886}
{"timestamp":"2026-08-28T12:12:26.594642Z","level":"info","event":"Cosmos performance: Cache hit for cosmos_cache__verdanta_daily__dbt_daily - 7ef252dbf94f4e7f8dda113986a456cc,ff67f1985ea8a9c639de2e1985ae4cf7","logger":"cosmos.dbt.graph","filename":"graph.py","lineno":898}
{"timestamp":"2026-08-28T12:12:26.594887Z","level":"info","event":"Total nodes: 91","logger":"cosmos.dbt.graph","filename":"graph.py","lineno":799}
{"timestamp":"2026-08-28T12:12:26.594960Z","level":"info","event":"Total filtered nodes: 91","logger":"cosmos.dbt.graph","filename":"graph.py","lineno":800}
{"timestamp":"2026-08-28T12:12:26.595041Z","level":"info","event":"Cosmos performance (verdanta_daily__dbt_daily) - [46e70e30ac03|3075]: It took 0.16s to parse the dbt project for DAG using LoadMode.DBT_LS_CACHE","logger":"cosmos.converter","filename":"converter.py","lineno":371}
{"timestamp":"2026-08-28T12:12:26.675811Z","level":"info","event":"Cosmos performance (verdanta_daily__dbt_daily) - [46e70e30ac03|3075]: It took 0.0807s to build the Airflow DAG.","logger":"cosmos.converter","filename":"converter.py","lineno":423}
{"timestamp":"2026-08-28T12:12:26.676010Z","level":"info","event":"::endgroup::Cosmos DAG parsing logs","logger":"cosmos.converter","filename":"converter.py","lineno":430}
{"timestamp":"2026-08-28T12:12:26.676575Z","level":"warning","event":"Using Variable.get from `airflow.models` is deprecated.Please use `get` on Variable from sdk(`airflow.sdk.Variable`) instead","category":"UserWarning","filename":"/home/airflow/.local/lib/python3.13/site-packages/airflow/models/variable.py","lineno":158,"logger":"py.warnings"}
{"timestamp":"2026-08-28T12:12:57.488640Z","level":"info","event":"Filling up the DagBag from /opt/airflow/dags/verdanta_daily.py","logger":"airflow.dag_processing.dagbag.BundleDagBag","filename":"dagbag.py","lineno":469}
{"timestamp":"2026-08-28T12:12:57.560767Z","level":"info","event":"::group::Cosmos DAG parsing logs","logger":"cosmos.converter","filename":"converter.py","lineno":321}
{"timestamp":"2026-08-28T12:12:57.565116Z","level":"info","event":"Cosmos cache dir resolved to /tmp/cosmos/verdanta_daily__dbt_daily","logger":"cosmos.converter","filename":"converter.py","lineno":346}
{"timestamp":"2026-08-28T12:12:57.565358Z","level":"info","event":"Trying to parse the dbt project using dbt ls cache cosmos_cache__verdanta_daily__dbt_daily...","logger":"cosmos.dbt.graph","filename":"graph.py","lineno":869}
{"timestamp":"2026-08-28T12:12:57.730894Z","level":"info","event":"Cosmos performance: time to calculate cache identifier cosmos_cache__verdanta_daily__dbt_daily for current version: 0.14687301899994054","logger":"cosmos.cache","filename":"cache.py","lineno":401}
{"timestamp":"2026-08-28T12:12:57.731161Z","level":"info","event":"Cosmos performance [46e70e30ac03|3092]: The cache size for cosmos_cache__verdanta_daily__dbt_daily is 81421","logger":"cosmos.dbt.graph","filename":"graph.py","lineno":886}
{"timestamp":"2026-08-28T12:12:57.733469Z","level":"info","event":"Cosmos performance: Cache hit for cosmos_cache__verdanta_daily__dbt_daily - 7ef252dbf94f4e7f8dda113986a456cc,ff67f1985ea8a9c639de2e1985ae4cf7","logger":"cosmos.dbt.graph","filename":"graph.py","lineno":898}
{"timestamp":"2026-08-28T12:12:57.733686Z","level":"info","event":"Total nodes: 91","logger":"cosmos.dbt.graph","filename":"graph.py","lineno":799}
{"timestamp":"2026-08-28T12:12:57.733755Z","level":"info","event":"Total filtered nodes: 91","logger":"cosmos.dbt.graph","filename":"graph.py","lineno":800}
{"timestamp":"2026-08-28T12:12:57.733823Z","level":"info","event":"Cosmos performance (verdanta_daily__dbt_daily) - [46e70e30ac03|3092]: It took 0.169s to parse the dbt project for DAG using LoadMode.DBT_LS_CACHE","logger":"cosmos.converter","filename":"converter.py","lineno":371}
{"timestamp":"2026-08-28T12:12:57.813975Z","level":"info","event":"Cosmos performance (verdanta_daily__dbt_daily) - [46e70e30ac03|3092]: It took 0.08s to build the Airflow DAG.","logger":"cosmos.converter","filename":"converter.py","lineno":423}
{"timestamp":"2026-08-28T12:12:57.814178Z","level":"info","event":"::endgroup::Cosmos DAG parsing logs","logger":"cosmos.converter","filename":"converter.py","lineno":430}
{"timestamp":"2026-08-28T12:12:57.814809Z","level":"warning","event":"Using Variable.get from `airflow.models` is deprecated.Please use `get` on Variable from sdk(`airflow.sdk.Variable`) instead","category":"UserWarning","filename":"/home/airflow/.local/lib/python3.13/site-packages/airflow/models/variable.py","lineno":158,"logger":"py.warnings"}
{"timestamp":"2026-08-28T12:13:28.517963Z","level":"info","event":"Filling up the DagBag from /opt/airflow/dags/verdanta_daily.py","logger":"airflow.dag_processing.dagbag.BundleDagBag","filename":"dagbag.py","lineno":469}
{"timestamp":"2026-08-28T12:13:28.589271Z","level":"info","event":"::group::Cosmos DAG parsing logs","logger":"cosmos.converter","filename":"converter.py","lineno":321}
{"timestamp":"2026-08-28T12:13:28.592564Z","level":"info","event":"Cosmos cache dir resolved to /tmp/cosmos/verdanta_daily__dbt_daily","logger":"cosmos.converter","filename":"converter.py","lineno":346}
{"timestamp":"2026-08-28T12:13:28.592813Z","level":"info","event":"Trying to parse the dbt project using dbt ls cache cosmos_cache__verdanta_daily__dbt_daily...","logger":"cosmos.dbt.graph","filename":"graph.py","lineno":869}
{"timestamp":"2026-08-28T12:13:28.743064Z","level":"info","event":"Cosmos performance: time to calculate cache identifier cosmos_cache__verdanta_daily__dbt_daily for current version: 0.13173058500024126","logger":"cosmos.cache","filename":"cache.py","lineno":401}
{"timestamp":"2026-08-28T12:13:28.743323Z","level":"info","event":"Cosmos performance [46e70e30ac03|3125]: The cache size for cosmos_cache__verdanta_daily__dbt_daily is 81421","logger":"cosmos.dbt.graph","filename":"graph.py","lineno":886}
{"timestamp":"2026-08-28T12:13:28.746244Z","level":"info","event":"Cosmos performance: Cache hit for cosmos_cache__verdanta_daily__dbt_daily - 7ef252dbf94f4e7f8dda113986a456cc,ff67f1985ea8a9c639de2e1985ae4cf7","logger":"cosmos.dbt.graph","filename":"graph.py","lineno":898}
{"timestamp":"2026-08-28T12:13:28.746503Z","level":"info","event":"Total nodes: 91","logger":"cosmos.dbt.graph","filename":"graph.py","lineno":799}
{"timestamp":"2026-08-28T12:13:28.746602Z","level":"info","event":"Total filtered nodes: 91","logger":"cosmos.dbt.graph","filename":"graph.py","lineno":800}
{"timestamp":"2026-08-28T12:13:28.746726Z","level":"info","event":"Cosmos performance (verdanta_daily__dbt_daily) - [46e70e30ac03|3125]: It took 0.154s to parse the dbt project for DAG using LoadMode.DBT_LS_CACHE","logger":"cosmos.converter","filename":"converter.py","lineno":371}
{"timestamp":"2026-08-28T12:13:28.823033Z","level":"info","event":"Cosmos performance (verdanta_daily__dbt_daily) - [46e70e30ac03|3125]: It took 0.0762s to build the Airflow DAG.","logger":"cosmos.converter","filename":"converter.py","lineno":423}
{"timestamp":"2026-08-28T12:13:28.823205Z","level":"info","event":"::endgroup::Cosmos DAG parsing logs","logger":"cosmos.converter","filename":"converter.py","lineno":430}
{"timestamp":"2026-08-28T12:13:28.823789Z","level":"warning","event":"Using Variable.get from `airflow.models` is deprecated.Please use `get` on Variable from sdk(`airflow.sdk.Variable`) instead","category":"UserWarning","filename":"/home/airflow/.local/lib/python3.13/site-packages/airflow/models/variable.py","lineno":158,"logger":"py.warnings"}
{"timestamp":"2026-08-28T12:13:58.944757Z","level":"info","event":"Filling up the DagBag from /opt/airflow/dags/verdanta_daily.py","logger":"airflow.dag_processing.dagbag.BundleDagBag","filename":"dagbag.py","lineno":469}
{"timestamp":"2026-08-28T12:13:59.041804Z","level":"info","event":"::group::Cosmos DAG parsing logs","logger":"cosmos.converter","filename":"converter.py","lineno":321}
{"timestamp":"2026-08-28T12:13:59.047136Z","level":"info","event":"Cosmos cache dir resolved to /tmp/cosmos/verdanta_daily__dbt_daily","logger":"cosmos.converter","filename":"converter.py","lineno":346}
{"timestamp":"2026-08-28T12:13:59.047471Z","level":"info","event":"Trying to parse the dbt project using dbt ls cache cosmos_cache__verdanta_daily__dbt_daily...","logger":"cosmos.dbt.graph","filename":"graph.py","lineno":869}
{"timestamp":"2026-08-28T12:13:59.225300Z","level":"info","event":"Cosmos performance: time to calculate cache identifier cosmos_cache__verdanta_daily__dbt_daily for current version: 0.15087981500028036","logger":"cosmos.cache","filename":"cache.py","lineno":401}
{"timestamp":"2026-08-28T12:13:59.225542Z","level":"info","event":"Cosmos performance [46e70e30ac03|3161]: The cache size for cosmos_cache__verdanta_daily__dbt_daily is 81421","logger":"cosmos.dbt.graph","filename":"graph.py","lineno":886}
{"timestamp":"2026-08-28T12:13:59.228465Z","level":"info","event":"Cosmos performance: Cache hit for cosmos_cache__verdanta_daily__dbt_daily - 7ef252dbf94f4e7f8dda113986a456cc,ff67f1985ea8a9c639de2e1985ae4cf7","logger":"cosmos.dbt.graph","filename":"graph.py","lineno":898}
{"timestamp":"2026-08-28T12:13:59.228741Z","level":"info","event":"Total nodes: 91","logger":"cosmos.dbt.graph","filename":"graph.py","lineno":799}
{"timestamp":"2026-08-28T12:13:59.228897Z","level":"info","event":"Total filtered nodes: 91","logger":"cosmos.dbt.graph","filename":"graph.py","lineno":800}
{"timestamp":"2026-08-28T12:13:59.229071Z","level":"info","event":"Cosmos performance (verdanta_daily__dbt_daily) - [46e70e30ac03|3161]: It took 0.182s to parse the dbt project for DAG using LoadMode.DBT_LS_CACHE","logger":"cosmos.converter","filename":"converter.py","lineno":371}
{"timestamp":"2026-08-28T12:13:59.307350Z","level":"info","event":"Cosmos performance (verdanta_daily__dbt_daily) - [46e70e30ac03|3161]: It took 0.0782s to build the Airflow DAG.","logger":"cosmos.converter","filename":"converter.py","lineno":423}
{"timestamp":"2026-08-28T12:13:59.307510Z","level":"info","event":"::endgroup::Cosmos DAG parsing logs","logger":"cosmos.converter","filename":"converter.py","lineno":430}
{"timestamp":"2026-08-28T12:13:59.308357Z","level":"warning","event":"Using Variable.get from `airflow.models` is deprecated.Please use `get` on Variable from sdk(`airflow.sdk.Variable`) instead","category":"UserWarning","filename":"/home/airflow/.local/lib/python3.13/site-packages/airflow/models/variable.py","lineno":158,"logger":"py.warnings"}
{"timestamp":"2026-08-28T12:14:30.037587Z","level":"info","event":"Filling up the DagBag from /opt/airflow/dags/verdanta_daily.py","logger":"airflow.dag_processing.dagbag.BundleDagBag","filename":"dagbag.py","lineno":469}
{"timestamp":"2026-08-28T12:14:30.106641Z","level":"info","event":"::group::Cosmos DAG parsing logs","logger":"cosmos.converter","filename":"converter.py","lineno":321}
{"timestamp":"2026-08-28T12:14:30.110489Z","level":"info","event":"Cosmos cache dir resolved to /tmp/cosmos/verdanta_daily__dbt_daily","logger":"cosmos.converter","filename":"converter.py","lineno":346}
{"timestamp":"2026-08-28T12:14:30.110791Z","level":"info","event":"Trying to parse the dbt project using dbt ls cache cosmos_cache__verdanta_daily__dbt_daily...","logger":"cosmos.dbt.graph","filename":"graph.py","lineno":869}
{"timestamp":"2026-08-28T12:14:30.260160Z","level":"info","event":"Cosmos performance: time to calculate cache identifier cosmos_cache__verdanta_daily__dbt_daily for current version: 0.13053223699989758","logger":"cosmos.cache","filename":"cache.py","lineno":401}
{"timestamp":"2026-08-28T12:14:30.260373Z","level":"info","event":"Cosmos performance [46e70e30ac03|3197]: The cache size for cosmos_cache__verdanta_daily__dbt_daily is 81421","logger":"cosmos.dbt.graph","filename":"graph.py","lineno":886}
{"timestamp":"2026-08-28T12:14:30.262510Z","level":"info","event":"Cosmos performance: Cache hit for cosmos_cache__verdanta_daily__dbt_daily - 7ef252dbf94f4e7f8dda113986a456cc,ff67f1985ea8a9c639de2e1985ae4cf7","logger":"cosmos.dbt.graph","filename":"graph.py","lineno":898}
{"timestamp":"2026-08-28T12:14:30.262763Z","level":"info","event":"Total nodes: 91","logger":"cosmos.dbt.graph","filename":"graph.py","lineno":799}
{"timestamp":"2026-08-28T12:14:30.262829Z","level":"info","event":"Total filtered nodes: 91","logger":"cosmos.dbt.graph","filename":"graph.py","lineno":800}
{"timestamp":"2026-08-28T12:14:30.262905Z","level":"info","event":"Cosmos performance (verdanta_daily__dbt_daily) - [46e70e30ac03|3197]: It took 0.152s to parse the dbt project for DAG using LoadMode.DBT_LS_CACHE","logger":"cosmos.converter","filename":"converter.py","lineno":371}
{"timestamp":"2026-08-28T12:14:30.341557Z","level":"info","event":"Cosmos performance (verdanta_daily__dbt_daily) - [46e70e30ac03|3197]: It took 0.0786s to build the Airflow DAG.","logger":"cosmos.converter","filename":"converter.py","lineno":423}
{"timestamp":"2026-08-28T12:14:30.341776Z","level":"info","event":"::endgroup::Cosmos DAG parsing logs","logger":"cosmos.converter","filename":"converter.py","lineno":430}
{"timestamp":"2026-08-28T12:14:30.342439Z","level":"warning","event":"Using Variable.get from `airflow.models` is deprecated.Please use `get` on Variable from sdk(`airflow.sdk.Variable`) instead","category":"UserWarning","filename":"/home/airflow/.local/lib/python3.13/site-packages/airflow/models/variable.py","lineno":158,"logger":"py.warnings"}
{"timestamp":"2026-08-28T12:15:00.622973Z","level":"info","event":"Filling up the DagBag from /opt/airflow/dags/verdanta_daily.py","logger":"airflow.dag_processing.dagbag.BundleDagBag","filename":"dagbag.py","lineno":469}
{"timestamp":"2026-08-28T12:15:00.692414Z","level":"info","event":"::group::Cosmos DAG parsing logs","logger":"cosmos.converter","filename":"converter.py","lineno":321}
{"timestamp":"2026-08-28T12:15:00.695505Z","level":"info","event":"Cosmos cache dir resolved to /tmp/cosmos/verdanta_daily__dbt_daily","logger":"cosmos.converter","filename":"converter.py","lineno":346}
{"timestamp":"2026-08-28T12:15:00.695730Z","level":"info","event":"Trying to parse the dbt project using dbt ls cache cosmos_cache__verdanta_daily__dbt_daily...","logger":"cosmos.dbt.graph","filename":"graph.py","lineno":869}
{"timestamp":"2026-08-28T12:15:00.842227Z","level":"info","event":"Cosmos performance: time to calculate cache identifier cosmos_cache__verdanta_daily__dbt_daily for current version: 0.12827050500027326","logger":"cosmos.cache","filename":"cache.py","lineno":401}
{"timestamp":"2026-08-28T12:15:00.842463Z","level":"info","event":"Cosmos performance [46e70e30ac03|3233]: The cache size for cosmos_cache__verdanta_daily__dbt_daily is 81421","logger":"cosmos.dbt.graph","filename":"graph.py","lineno":886}
{"timestamp":"2026-08-28T12:15:00.845512Z","level":"info","event":"Cosmos performance: Cache hit for cosmos_cache__verdanta_daily__dbt_daily - 7ef252dbf94f4e7f8dda113986a456cc,ff67f1985ea8a9c639de2e1985ae4cf7","logger":"cosmos.dbt.graph","filename":"graph.py","lineno":898}
{"timestamp":"2026-08-28T12:15:00.845755Z","level":"info","event":"Total nodes: 91","logger":"cosmos.dbt.graph","filename":"graph.py","lineno":799}
{"timestamp":"2026-08-28T12:15:00.845855Z","level":"info","event":"Total filtered nodes: 91","logger":"cosmos.dbt.graph","filename":"graph.py","lineno":800}
{"timestamp":"2026-08-28T12:15:00.845944Z","level":"info","event":"Cosmos performance (verdanta_daily__dbt_daily) - [46e70e30ac03|3233]: It took 0.15s to parse the dbt project for DAG using LoadMode.DBT_LS_CACHE","logger":"cosmos.converter","filename":"converter.py","lineno":371}
{"timestamp":"2026-08-28T12:15:00.918637Z","level":"info","event":"Cosmos performance (verdanta_daily__dbt_daily) - [46e70e30ac03|3233]: It took 0.0726s to build the Airflow DAG.","logger":"cosmos.converter","filename":"converter.py","lineno":423}
{"timestamp":"2026-08-28T12:15:00.918809Z","level":"info","event":"::endgroup::Cosmos DAG parsing logs","logger":"cosmos.converter","filename":"converter.py","lineno":430}
{"timestamp":"2026-08-28T12:15:00.919380Z","level":"warning","event":"Using Variable.get from `airflow.models` is deprecated.Please use `get` on Variable from sdk(`airflow.sdk.Variable`) instead","category":"UserWarning","filename":"/home/airflow/.local/lib/python3.13/site-packages/airflow/models/variable.py","lineno":158,"logger":"py.warnings"}
{"timestamp":"2026-08-28T12:15:31.303372Z","level":"info","event":"Filling up the DagBag from /opt/airflow/dags/verdanta_daily.py","logger":"airflow.dag_processing.dagbag.BundleDagBag","filename":"dagbag.py","lineno":469}
{"timestamp":"2026-08-28T12:15:31.380806Z","level":"info","event":"::group::Cosmos DAG parsing logs","logger":"cosmos.converter","filename":"converter.py","lineno":321}
{"timestamp":"2026-08-28T12:15:31.384204Z","level":"info","event":"Cosmos cache dir resolved to /tmp/cosmos/verdanta_daily__dbt_daily","logger":"cosmos.converter","filename":"converter.py","lineno":346}
{"timestamp":"2026-08-28T12:15:31.384414Z","level":"info","event":"Trying to parse the dbt project using dbt ls cache cosmos_cache__verdanta_daily__dbt_daily...","logger":"cosmos.dbt.graph","filename":"graph.py","lineno":869}
{"timestamp":"2026-08-28T12:15:31.534944Z","level":"info","event":"Cosmos performance: time to calculate cache identifier cosmos_cache__verdanta_daily__dbt_daily for current version: 0.13318965899998148","logger":"cosmos.cache","filename":"cache.py","lineno":401}
{"timestamp":"2026-08-28T12:15:31.535159Z","level":"info","event":"Cosmos performance [46e70e30ac03|3251]: The cache size for cosmos_cache__verdanta_daily__dbt_daily is 81421","logger":"cosmos.dbt.graph","filename":"graph.py","lineno":886}
{"timestamp":"2026-08-28T12:15:31.537339Z","level":"info","event":"Cosmos performance: Cache hit for cosmos_cache__verdanta_daily__dbt_daily - 7ef252dbf94f4e7f8dda113986a456cc,ff67f1985ea8a9c639de2e1985ae4cf7","logger":"cosmos.dbt.graph","filename":"graph.py","lineno":898}
{"timestamp":"2026-08-28T12:15:31.537517Z","level":"info","event":"Total nodes: 91","logger":"cosmos.dbt.graph","filename":"graph.py","lineno":799}
{"timestamp":"2026-08-28T12:15:31.537579Z","level":"info","event":"Total filtered nodes: 91","logger":"cosmos.dbt.graph","filename":"graph.py","lineno":800}
{"timestamp":"2026-08-28T12:15:31.537647Z","level":"info","event":"Cosmos performance (verdanta_daily__dbt_daily) - [46e70e30ac03|3251]: It took 0.153s to parse the dbt project for DAG using LoadMode.DBT_LS_CACHE","logger":"cosmos.converter","filename":"converter.py","lineno":371}
{"timestamp":"2026-08-28T12:15:31.616604Z","level":"info","event":"Cosmos performance (verdanta_daily__dbt_daily) - [46e70e30ac03|3251]: It took 0.0789s to build the Airflow DAG.","logger":"cosmos.converter","filename":"converter.py","lineno":423}
{"timestamp":"2026-08-28T12:15:31.616784Z","level":"info","event":"::endgroup::Cosmos DAG parsing logs","logger":"cosmos.converter","filename":"converter.py","lineno":430}
{"timestamp":"2026-08-28T12:15:31.617473Z","level":"warning","event":"Using Variable.get from `airflow.models` is deprecated.Please use `get` on Variable from sdk(`airflow.sdk.Variable`) instead","category":"UserWarning","filename":"/home/airflow/.local/lib/python3.13/site-packages/airflow/models/variable.py","lineno":158,"logger":"py.warnings"}
{"timestamp":"2026-08-28T12:16:02.566000Z","level":"info","event":"Filling up the DagBag from /opt/airflow/dags/verdanta_daily.py","logger":"airflow.dag_processing.dagbag.BundleDagBag","filename":"dagbag.py","lineno":469}
{"timestamp":"2026-08-28T12:16:02.633493Z","level":"info","event":"::group::Cosmos DAG parsing logs","logger":"cosmos.converter","filename":"converter.py","lineno":321}
{"timestamp":"2026-08-28T12:16:02.636947Z","level":"info","event":"Cosmos cache dir resolved to /tmp/cosmos/verdanta_daily__dbt_daily","logger":"cosmos.converter","filename":"converter.py","lineno":346}
{"timestamp":"2026-08-28T12:16:02.637143Z","level":"info","event":"Trying to parse the dbt project using dbt ls cache cosmos_cache__verdanta_daily__dbt_daily...","logger":"cosmos.dbt.graph","filename":"graph.py","lineno":869}
{"timestamp":"2026-08-28T12:16:02.781560Z","level":"info","event":"Cosmos performance: time to calculate cache identifier cosmos_cache__verdanta_daily__dbt_daily for current version: 0.12763098400000672","logger":"cosmos.cache","filename":"cache.py","lineno":401}
{"timestamp":"2026-08-28T12:16:02.781797Z","level":"info","event":"Cosmos performance [46e70e30ac03|3283]: The cache size for cosmos_cache__verdanta_daily__dbt_daily is 81421","logger":"cosmos.dbt.graph","filename":"graph.py","lineno":886}
{"timestamp":"2026-08-28T12:16:02.784470Z","level":"info","event":"Cosmos performance: Cache hit for cosmos_cache__verdanta_daily__dbt_daily - 7ef252dbf94f4e7f8dda113986a456cc,ff67f1985ea8a9c639de2e1985ae4cf7","logger":"cosmos.dbt.graph","filename":"graph.py","lineno":898}
{"timestamp":"2026-08-28T12:16:02.784688Z","level":"info","event":"Total nodes: 91","logger":"cosmos.dbt.graph","filename":"graph.py","lineno":799}
{"timestamp":"2026-08-28T12:16:02.784756Z","level":"info","event":"Total filtered nodes: 91","logger":"cosmos.dbt.graph","filename":"graph.py","lineno":800}
{"timestamp":"2026-08-28T12:16:02.784835Z","level":"info","event":"Cosmos performance (verdanta_daily__dbt_daily) - [46e70e30ac03|3283]: It took 0.148s to parse the dbt project for DAG using LoadMode.DBT_LS_CACHE","logger":"cosmos.converter","filename":"converter.py","lineno":371}
{"timestamp":"2026-08-28T12:16:02.865861Z","level":"info","event":"Cosmos performance (verdanta_daily__dbt_daily) - [46e70e30ac03|3283]: It took 0.081s to build the Airflow DAG.","logger":"cosmos.converter","filename":"converter.py","lineno":423}
{"timestamp":"2026-08-28T12:16:02.866053Z","level":"info","event":"::endgroup::Cosmos DAG parsing logs","logger":"cosmos.converter","filename":"converter.py","lineno":430}
{"timestamp":"2026-08-28T12:16:02.866689Z","level":"warning","event":"Using Variable.get from `airflow.models` is deprecated.Please use `get` on Variable from sdk(`airflow.sdk.Variable`) instead","category":"UserWarning","filename":"/home/airflow/.local/lib/python3.13/site-packages/airflow/models/variable.py","lineno":158,"logger":"py.warnings"}
{"timestamp":"2026-08-28T12:16:32.983893Z","level":"info","event":"Filling up the DagBag from /opt/airflow/dags/verdanta_daily.py","logger":"airflow.dag_processing.dagbag.BundleDagBag","filename":"dagbag.py","lineno":469}
{"timestamp":"2026-08-28T12:16:33.064106Z","level":"info","event":"::group::Cosmos DAG parsing logs","logger":"cosmos.converter","filename":"converter.py","lineno":321}
{"timestamp":"2026-08-28T12:16:33.067560Z","level":"info","event":"Cosmos cache dir resolved to /tmp/cosmos/verdanta_daily__dbt_daily","logger":"cosmos.converter","filename":"converter.py","lineno":346}
{"timestamp":"2026-08-28T12:16:33.067793Z","level":"info","event":"Trying to parse the dbt project using dbt ls cache cosmos_cache__verdanta_daily__dbt_daily...","logger":"cosmos.dbt.graph","filename":"graph.py","lineno":869}
{"timestamp":"2026-08-28T12:16:33.226068Z","level":"info","event":"Cosmos performance: time to calculate cache identifier cosmos_cache__verdanta_daily__dbt_daily for current version: 0.13879203600026813","logger":"cosmos.cache","filename":"cache.py","lineno":401}
{"timestamp":"2026-08-28T12:16:33.226306Z","level":"info","event":"Cosmos performance [46e70e30ac03|3318]: The cache size for cosmos_cache__verdanta_daily__dbt_daily is 81421","logger":"cosmos.dbt.graph","filename":"graph.py","lineno":886}
{"timestamp":"2026-08-28T12:16:33.228974Z","level":"info","event":"Cosmos performance: Cache hit for cosmos_cache__verdanta_daily__dbt_daily - 7ef252dbf94f4e7f8dda113986a456cc,ff67f1985ea8a9c639de2e1985ae4cf7","logger":"cosmos.dbt.graph","filename":"graph.py","lineno":898}
{"timestamp":"2026-08-28T12:16:33.229217Z","level":"info","event":"Total nodes: 91","logger":"cosmos.dbt.graph","filename":"graph.py","lineno":799}
{"timestamp":"2026-08-28T12:16:33.229297Z","level":"info","event":"Total filtered nodes: 91","logger":"cosmos.dbt.graph","filename":"graph.py","lineno":800}
{"timestamp":"2026-08-28T12:16:33.229381Z","level":"info","event":"Cosmos performance (verdanta_daily__dbt_daily) - [46e70e30ac03|3318]: It took 0.162s to parse the dbt project for DAG using LoadMode.DBT_LS_CACHE","logger":"cosmos.converter","filename":"converter.py","lineno":371}
{"timestamp":"2026-08-28T12:16:33.317818Z","level":"info","event":"Cosmos performance (verdanta_daily__dbt_daily) - [46e70e30ac03|3318]: It took 0.0883s to build the Airflow DAG.","logger":"cosmos.converter","filename":"converter.py","lineno":423}
{"timestamp":"2026-08-28T12:16:33.317990Z","level":"info","event":"::endgroup::Cosmos DAG parsing logs","logger":"cosmos.converter","filename":"converter.py","lineno":430}
{"timestamp":"2026-08-28T12:16:33.318596Z","level":"warning","event":"Using Variable.get from `airflow.models` is deprecated.Please use `get` on Variable from sdk(`airflow.sdk.Variable`) instead","category":"UserWarning","filename":"/home/airflow/.local/lib/python3.13/site-packages/airflow/models/variable.py","lineno":158,"logger":"py.warnings"}
{"timestamp":"2026-08-28T12:17:04.238734Z","level":"info","event":"Filling up the DagBag from /opt/airflow/dags/verdanta_daily.py","logger":"airflow.dag_processing.dagbag.BundleDagBag","filename":"dagbag.py","lineno":469}
{"timestamp":"2026-08-28T12:17:04.306559Z","level":"info","event":"::group::Cosmos DAG parsing logs","logger":"cosmos.converter","filename":"converter.py","lineno":321}
{"timestamp":"2026-08-28T12:17:04.310708Z","level":"info","event":"Cosmos cache dir resolved to /tmp/cosmos/verdanta_daily__dbt_daily","logger":"cosmos.converter","filename":"converter.py","lineno":346}
{"timestamp":"2026-08-28T12:17:04.310942Z","level":"info","event":"Trying to parse the dbt project using dbt ls cache cosmos_cache__verdanta_daily__dbt_daily...","logger":"cosmos.dbt.graph","filename":"graph.py","lineno":869}
{"timestamp":"2026-08-28T12:17:04.460693Z","level":"info","event":"Cosmos performance: time to calculate cache identifier cosmos_cache__verdanta_daily__dbt_daily for current version: 0.13348149300009027","logger":"cosmos.cache","filename":"cache.py","lineno":401}
{"timestamp":"2026-08-28T12:17:04.460927Z","level":"info","event":"Cosmos performance [46e70e30ac03|3347]: The cache size for cosmos_cache__verdanta_daily__dbt_daily is 81421","logger":"cosmos.dbt.graph","filename":"graph.py","lineno":886}
{"timestamp":"2026-08-28T12:17:04.463129Z","level":"info","event":"Cosmos performance: Cache hit for cosmos_cache__verdanta_daily__dbt_daily - 7ef252dbf94f4e7f8dda113986a456cc,ff67f1985ea8a9c639de2e1985ae4cf7","logger":"cosmos.dbt.graph","filename":"graph.py","lineno":898}
{"timestamp":"2026-08-28T12:17:04.463343Z","level":"info","event":"Total nodes: 91","logger":"cosmos.dbt.graph","filename":"graph.py","lineno":799}
{"timestamp":"2026-08-28T12:17:04.463412Z","level":"info","event":"Total filtered nodes: 91","logger":"cosmos.dbt.graph","filename":"graph.py","lineno":800}
{"timestamp":"2026-08-28T12:17:04.463499Z","level":"info","event":"Cosmos performance (verdanta_daily__dbt_daily) - [46e70e30ac03|3347]: It took 0.153s to parse the dbt project for DAG using LoadMode.DBT_LS_CACHE","logger":"cosmos.converter","filename":"converter.py","lineno":371}
{"timestamp":"2026-08-28T12:17:04.539279Z","level":"info","event":"Cosmos performance (verdanta_daily__dbt_daily) - [46e70e30ac03|3347]: It took 0.0757s to build the Airflow DAG.","logger":"cosmos.converter","filename":"converter.py","lineno":423}
{"timestamp":"2026-08-28T12:17:04.539449Z","level":"info","event":"::endgroup::Cosmos DAG parsing logs","logger":"cosmos.converter","filename":"converter.py","lineno":430}
{"timestamp":"2026-08-28T12:17:04.540070Z","level":"warning","event":"Using Variable.get from `airflow.models` is deprecated.Please use `get` on Variable from sdk(`airflow.sdk.Variable`) instead","category":"UserWarning","filename":"/home/airflow/.local/lib/python3.13/site-packages/airflow/models/variable.py","lineno":158,"logger":"py.warnings"}
{"timestamp":"2026-08-28T12:17:34.869344Z","level":"info","event":"Filling up the DagBag from /opt/airflow/dags/verdanta_daily.py","logger":"airflow.dag_processing.dagbag.BundleDagBag","filename":"dagbag.py","lineno":469}
{"timestamp":"2026-08-28T12:17:34.940665Z","level":"info","event":"::group::Cosmos DAG parsing logs","logger":"cosmos.converter","filename":"converter.py","lineno":321}
{"timestamp":"2026-08-28T12:17:34.944223Z","level":"info","event":"Cosmos cache dir resolved to /tmp/cosmos/verdanta_daily__dbt_daily","logger":"cosmos.converter","filename":"converter.py","lineno":346}
{"timestamp":"2026-08-28T12:17:34.944447Z","level":"info","event":"Trying to parse the dbt project using dbt ls cache cosmos_cache__verdanta_daily__dbt_daily...","logger":"cosmos.dbt.graph","filename":"graph.py","lineno":869}
{"timestamp":"2026-08-28T12:17:35.088951Z","level":"info","event":"Cosmos performance: time to calculate cache identifier cosmos_cache__verdanta_daily__dbt_daily for current version: 0.12725439699988783","logger":"cosmos.cache","filename":"cache.py","lineno":401}
{"timestamp":"2026-08-28T12:17:35.089197Z","level":"info","event":"Cosmos performance [46e70e30ac03|3383]: The cache size for cosmos_cache__verdanta_daily__dbt_daily is 81421","logger":"cosmos.dbt.graph","filename":"graph.py","lineno":886}
{"timestamp":"2026-08-28T12:17:35.092506Z","level":"info","event":"Cosmos performance: Cache hit for cosmos_cache__verdanta_daily__dbt_daily - 7ef252dbf94f4e7f8dda113986a456cc,ff67f1985ea8a9c639de2e1985ae4cf7","logger":"cosmos.dbt.graph","filename":"graph.py","lineno":898}
{"timestamp":"2026-08-28T12:17:35.092779Z","level":"info","event":"Total nodes: 91","logger":"cosmos.dbt.graph","filename":"graph.py","lineno":799}
{"timestamp":"2026-08-28T12:17:35.092850Z","level":"info","event":"Total filtered nodes: 91","logger":"cosmos.dbt.graph","filename":"graph.py","lineno":800}
{"timestamp":"2026-08-28T12:17:35.092924Z","level":"info","event":"Cosmos performance (verdanta_daily__dbt_daily) - [46e70e30ac03|3383]: It took 0.149s to parse the dbt project for DAG using LoadMode.DBT_LS_CACHE","logger":"cosmos.converter","filename":"converter.py","lineno":371}
{"timestamp":"2026-08-28T12:17:35.165890Z","level":"info","event":"Cosmos performance (verdanta_daily__dbt_daily) - [46e70e30ac03|3383]: It took 0.0729s to build the Airflow DAG.","logger":"cosmos.converter","filename":"converter.py","lineno":423}
{"timestamp":"2026-08-28T12:17:35.166064Z","level":"info","event":"::endgroup::Cosmos DAG parsing logs","logger":"cosmos.converter","filename":"converter.py","lineno":430}
{"timestamp":"2026-08-28T12:17:35.166636Z","level":"warning","event":"Using Variable.get from `airflow.models` is deprecated.Please use `get` on Variable from sdk(`airflow.sdk.Variable`) instead","category":"UserWarning","filename":"/home/airflow/.local/lib/python3.13/site-packages/airflow/models/variable.py","lineno":158,"logger":"py.warnings"}
{"timestamp":"2026-08-28T12:18:05.633804Z","level":"info","event":"Filling up the DagBag from /opt/airflow/dags/verdanta_daily.py","logger":"airflow.dag_processing.dagbag.BundleDagBag","filename":"dagbag.py","lineno":469}
{"timestamp":"2026-08-28T12:18:05.711239Z","level":"info","event":"::group::Cosmos DAG parsing logs","logger":"cosmos.converter","filename":"converter.py","lineno":321}
{"timestamp":"2026-08-28T12:18:05.715497Z","level":"info","event":"Cosmos cache dir resolved to /tmp/cosmos/verdanta_daily__dbt_daily","logger":"cosmos.converter","filename":"converter.py","lineno":346}
{"timestamp":"2026-08-28T12:18:05.715836Z","level":"info","event":"Trying to parse the dbt project using dbt ls cache cosmos_cache__verdanta_daily__dbt_daily...","logger":"cosmos.dbt.graph","filename":"graph.py","lineno":869}
{"timestamp":"2026-08-28T12:18:05.876610Z","level":"info","event":"Cosmos performance: time to calculate cache identifier cosmos_cache__verdanta_daily__dbt_daily for current version: 0.14135323099981179","logger":"cosmos.cache","filename":"cache.py","lineno":401}
{"timestamp":"2026-08-28T12:18:05.876836Z","level":"info","event":"Cosmos performance [46e70e30ac03|3416]: The cache size for cosmos_cache__verdanta_daily__dbt_daily is 81421","logger":"cosmos.dbt.graph","filename":"graph.py","lineno":886}
{"timestamp":"2026-08-28T12:18:05.879345Z","level":"info","event":"Cosmos performance: Cache hit for cosmos_cache__verdanta_daily__dbt_daily - 7ef252dbf94f4e7f8dda113986a456cc,ff67f1985ea8a9c639de2e1985ae4cf7","logger":"cosmos.dbt.graph","filename":"graph.py","lineno":898}
{"timestamp":"2026-08-28T12:18:05.879546Z","level":"info","event":"Total nodes: 91","logger":"cosmos.dbt.graph","filename":"graph.py","lineno":799}
{"timestamp":"2026-08-28T12:18:05.879612Z","level":"info","event":"Total filtered nodes: 91","logger":"cosmos.dbt.graph","filename":"graph.py","lineno":800}
{"timestamp":"2026-08-28T12:18:05.879681Z","level":"info","event":"Cosmos performance (verdanta_daily__dbt_daily) - [46e70e30ac03|3416]: It took 0.164s to parse the dbt project for DAG using LoadMode.DBT_LS_CACHE","logger":"cosmos.converter","filename":"converter.py","lineno":371}
{"timestamp":"2026-08-28T12:18:05.971355Z","level":"info","event":"Cosmos performance (verdanta_daily__dbt_daily) - [46e70e30ac03|3416]: It took 0.0916s to build the Airflow DAG.","logger":"cosmos.converter","filename":"converter.py","lineno":423}
{"timestamp":"2026-08-28T12:18:05.971545Z","level":"info","event":"::endgroup::Cosmos DAG parsing logs","logger":"cosmos.converter","filename":"converter.py","lineno":430}
{"timestamp":"2026-08-28T12:18:05.972248Z","level":"warning","event":"Using Variable.get from `airflow.models` is deprecated.Please use `get` on Variable from sdk(`airflow.sdk.Variable`) instead","category":"UserWarning","filename":"/home/airflow/.local/lib/python3.13/site-packages/airflow/models/variable.py","lineno":158,"logger":"py.warnings"}
{"timestamp":"2026-08-28T12:18:37.014261Z","level":"info","event":"Filling up the DagBag from /opt/airflow/dags/verdanta_daily.py","logger":"airflow.dag_processing.dagbag.BundleDagBag","filename":"dagbag.py","lineno":469}
{"timestamp":"2026-08-28T12:18:37.090361Z","level":"info","event":"::group::Cosmos DAG parsing logs","logger":"cosmos.converter","filename":"converter.py","lineno":321}
{"timestamp":"2026-08-28T12:18:37.094233Z","level":"info","event":"Cosmos cache dir resolved to /tmp/cosmos/verdanta_daily__dbt_daily","logger":"cosmos.converter","filename":"converter.py","lineno":346}
{"timestamp":"2026-08-28T12:18:37.094483Z","level":"info","event":"Trying to parse the dbt project using dbt ls cache cosmos_cache__verdanta_daily__dbt_daily...","logger":"cosmos.dbt.graph","filename":"graph.py","lineno":869}
{"timestamp":"2026-08-28T12:18:37.241224Z","level":"info","event":"Cosmos performance: time to calculate cache identifier cosmos_cache__verdanta_daily__dbt_daily for current version: 0.1300875649999398","logger":"cosmos.cache","filename":"cache.py","lineno":401}
{"timestamp":"2026-08-28T12:18:37.241530Z","level":"info","event":"Cosmos performance [46e70e30ac03|3433]: The cache size for cosmos_cache__verdanta_daily__dbt_daily is 81421","logger":"cosmos.dbt.graph","filename":"graph.py","lineno":886}
{"timestamp":"2026-08-28T12:18:37.244150Z","level":"info","event":"Cosmos performance: Cache hit for cosmos_cache__verdanta_daily__dbt_daily - 7ef252dbf94f4e7f8dda113986a456cc,ff67f1985ea8a9c639de2e1985ae4cf7","logger":"cosmos.dbt.graph","filename":"graph.py","lineno":898}
{"timestamp":"2026-08-28T12:18:37.244446Z","level":"info","event":"Total nodes: 91","logger":"cosmos.dbt.graph","filename":"graph.py","lineno":799}
{"timestamp":"2026-08-28T12:18:37.244520Z","level":"info","event":"Total filtered nodes: 91","logger":"cosmos.dbt.graph","filename":"graph.py","lineno":800}
{"timestamp":"2026-08-28T12:18:37.244600Z","level":"info","event":"Cosmos performance (verdanta_daily__dbt_daily) - [46e70e30ac03|3433]: It took 0.15s to parse the dbt project for DAG using LoadMode.DBT_LS_CACHE","logger":"cosmos.converter","filename":"converter.py","lineno":371}
{"timestamp":"2026-08-28T12:18:37.323209Z","level":"info","event":"Cosmos performance (verdanta_daily__dbt_daily) - [46e70e30ac03|3433]: It took 0.0785s to build the Airflow DAG.","logger":"cosmos.converter","filename":"converter.py","lineno":423}
{"timestamp":"2026-08-28T12:18:37.323410Z","level":"info","event":"::endgroup::Cosmos DAG parsing logs","logger":"cosmos.converter","filename":"converter.py","lineno":430}
{"timestamp":"2026-08-28T12:18:37.324097Z","level":"warning","event":"Using Variable.get from `airflow.models` is deprecated.Please use `get` on Variable from sdk(`airflow.sdk.Variable`) instead","category":"UserWarning","filename":"/home/airflow/.local/lib/python3.13/site-packages/airflow/models/variable.py","lineno":158,"logger":"py.warnings"}
{"timestamp":"2026-08-28T12:19:07.763196Z","level":"info","event":"Filling up the DagBag from /opt/airflow/dags/verdanta_daily.py","logger":"airflow.dag_processing.dagbag.BundleDagBag","filename":"dagbag.py","lineno":469}
{"timestamp":"2026-08-28T12:19:07.831555Z","level":"info","event":"::group::Cosmos DAG parsing logs","logger":"cosmos.converter","filename":"converter.py","lineno":321}
{"timestamp":"2026-08-28T12:19:07.835009Z","level":"info","event":"Cosmos cache dir resolved to /tmp/cosmos/verdanta_daily__dbt_daily","logger":"cosmos.converter","filename":"converter.py","lineno":346}
{"timestamp":"2026-08-28T12:19:07.835209Z","level":"info","event":"Trying to parse the dbt project using dbt ls cache cosmos_cache__verdanta_daily__dbt_daily...","logger":"cosmos.dbt.graph","filename":"graph.py","lineno":869}
{"timestamp":"2026-08-28T12:19:07.983750Z","level":"info","event":"Cosmos performance: time to calculate cache identifier cosmos_cache__verdanta_daily__dbt_daily for current version: 0.13068399099984163","logger":"cosmos.cache","filename":"cache.py","lineno":401}
{"timestamp":"2026-08-28T12:19:07.983980Z","level":"info","event":"Cosmos performance [46e70e30ac03|3469]: The cache size for cosmos_cache__verdanta_daily__dbt_daily is 81421","logger":"cosmos.dbt.graph","filename":"graph.py","lineno":886}
{"timestamp":"2026-08-28T12:19:07.987072Z","level":"info","event":"Cosmos performance: Cache hit for cosmos_cache__verdanta_daily__dbt_daily - 7ef252dbf94f4e7f8dda113986a456cc,ff67f1985ea8a9c639de2e1985ae4cf7","logger":"cosmos.dbt.graph","filename":"graph.py","lineno":898}
{"timestamp":"2026-08-28T12:19:07.987527Z","level":"info","event":"Total nodes: 91","logger":"cosmos.dbt.graph","filename":"graph.py","lineno":799}
{"timestamp":"2026-08-28T12:19:07.987680Z","level":"info","event":"Total filtered nodes: 91","logger":"cosmos.dbt.graph","filename":"graph.py","lineno":800}
{"timestamp":"2026-08-28T12:19:07.987822Z","level":"info","event":"Cosmos performance (verdanta_daily__dbt_daily) - [46e70e30ac03|3469]: It took 0.153s to parse the dbt project for DAG using LoadMode.DBT_LS_CACHE","logger":"cosmos.converter","filename":"converter.py","lineno":371}
{"timestamp":"2026-08-28T12:19:08.071558Z","level":"info","event":"Cosmos performance (verdanta_daily__dbt_daily) - [46e70e30ac03|3469]: It took 0.0837s to build the Airflow DAG.","logger":"cosmos.converter","filename":"converter.py","lineno":423}
{"timestamp":"2026-08-28T12:19:08.071739Z","level":"info","event":"::endgroup::Cosmos DAG parsing logs","logger":"cosmos.converter","filename":"converter.py","lineno":430}
{"timestamp":"2026-08-28T12:19:08.072338Z","level":"warning","event":"Using Variable.get from `airflow.models` is deprecated.Please use `get` on Variable from sdk(`airflow.sdk.Variable`) instead","category":"UserWarning","filename":"/home/airflow/.local/lib/python3.13/site-packages/airflow/models/variable.py","lineno":158,"logger":"py.warnings"}
{"timestamp":"2026-08-28T12:19:38.334615Z","level":"info","event":"Filling up the DagBag from /opt/airflow/dags/verdanta_daily.py","logger":"airflow.dag_processing.dagbag.BundleDagBag","filename":"dagbag.py","lineno":469}
{"timestamp":"2026-08-28T12:19:38.404870Z","level":"info","event":"::group::Cosmos DAG parsing logs","logger":"cosmos.converter","filename":"converter.py","lineno":321}
{"timestamp":"2026-08-28T12:19:38.408184Z","level":"info","event":"Cosmos cache dir resolved to /tmp/cosmos/verdanta_daily__dbt_daily","logger":"cosmos.converter","filename":"converter.py","lineno":346}
{"timestamp":"2026-08-28T12:19:38.408413Z","level":"info","event":"Trying to parse the dbt project using dbt ls cache cosmos_cache__verdanta_daily__dbt_daily...","logger":"cosmos.dbt.graph","filename":"graph.py","lineno":869}
{"timestamp":"2026-08-28T12:19:38.552237Z","level":"info","event":"Cosmos performance: time to calculate cache identifier cosmos_cache__verdanta_daily__dbt_daily for current version: 0.12673844799974177","logger":"cosmos.cache","filename":"cache.py","lineno":401}
{"timestamp":"2026-08-28T12:19:38.552477Z","level":"info","event":"Cosmos performance [46e70e30ac03|3505]: The cache size for cosmos_cache__verdanta_daily__dbt_daily is 81421","logger":"cosmos.dbt.graph","filename":"graph.py","lineno":886}
{"timestamp":"2026-08-28T12:19:38.554940Z","level":"info","event":"Cosmos performance: Cache hit for cosmos_cache__verdanta_daily__dbt_daily - 7ef252dbf94f4e7f8dda113986a456cc,ff67f1985ea8a9c639de2e1985ae4cf7","logger":"cosmos.dbt.graph","filename":"graph.py","lineno":898}
{"timestamp":"2026-08-28T12:19:38.555159Z","level":"info","event":"Total nodes: 91","logger":"cosmos.dbt.graph","filename":"graph.py","lineno":799}
{"timestamp":"2026-08-28T12:19:38.555226Z","level":"info","event":"Total filtered nodes: 91","logger":"cosmos.dbt.graph","filename":"graph.py","lineno":800}
{"timestamp":"2026-08-28T12:19:38.555298Z","level":"info","event":"Cosmos performance (verdanta_daily__dbt_daily) - [46e70e30ac03|3505]: It took 0.147s to parse the dbt project for DAG using LoadMode.DBT_LS_CACHE","logger":"cosmos.converter","filename":"converter.py","lineno":371}
{"timestamp":"2026-08-28T12:19:38.630615Z","level":"info","event":"Cosmos performance (verdanta_daily__dbt_daily) - [46e70e30ac03|3505]: It took 0.0752s to build the Airflow DAG.","logger":"cosmos.converter","filename":"converter.py","lineno":423}
{"timestamp":"2026-08-28T12:19:38.630798Z","level":"info","event":"::endgroup::Cosmos DAG parsing logs","logger":"cosmos.converter","filename":"converter.py","lineno":430}
{"timestamp":"2026-08-28T12:19:38.631362Z","level":"warning","event":"Using Variable.get from `airflow.models` is deprecated.Please use `get` on Variable from sdk(`airflow.sdk.Variable`) instead","category":"UserWarning","filename":"/home/airflow/.local/lib/python3.13/site-packages/airflow/models/variable.py","lineno":158,"logger":"py.warnings"}
{"timestamp":"2026-08-28T12:20:09.524258Z","level":"info","event":"Filling up the DagBag from /opt/airflow/dags/verdanta_daily.py","logger":"airflow.dag_processing.dagbag.BundleDagBag","filename":"dagbag.py","lineno":469}
{"timestamp":"2026-08-28T12:20:09.593070Z","level":"info","event":"::group::Cosmos DAG parsing logs","logger":"cosmos.converter","filename":"converter.py","lineno":321}
{"timestamp":"2026-08-28T12:20:09.597422Z","level":"info","event":"Cosmos cache dir resolved to /tmp/cosmos/verdanta_daily__dbt_daily","logger":"cosmos.converter","filename":"converter.py","lineno":346}
{"timestamp":"2026-08-28T12:20:09.597672Z","level":"info","event":"Trying to parse the dbt project using dbt ls cache cosmos_cache__verdanta_daily__dbt_daily...","logger":"cosmos.dbt.graph","filename":"graph.py","lineno":869}
{"timestamp":"2026-08-28T12:20:09.742149Z","level":"info","event":"Cosmos performance: time to calculate cache identifier cosmos_cache__verdanta_daily__dbt_daily for current version: 0.12645221499997206","logger":"cosmos.cache","filename":"cache.py","lineno":401}
{"timestamp":"2026-08-28T12:20:09.742391Z","level":"info","event":"Cosmos performance [46e70e30ac03|3541]: The cache size for cosmos_cache__verdanta_daily__dbt_daily is 81421","logger":"cosmos.dbt.graph","filename":"graph.py","lineno":886}
{"timestamp":"2026-08-28T12:20:09.744720Z","level":"info","event":"Cosmos performance: Cache hit for cosmos_cache__verdanta_daily__dbt_daily - 7ef252dbf94f4e7f8dda113986a456cc,ff67f1985ea8a9c639de2e1985ae4cf7","logger":"cosmos.dbt.graph","filename":"graph.py","lineno":898}
{"timestamp":"2026-08-28T12:20:09.744976Z","level":"info","event":"Total nodes: 91","logger":"cosmos.dbt.graph","filename":"graph.py","lineno":799}
{"timestamp":"2026-08-28T12:20:09.745054Z","level":"info","event":"Total filtered nodes: 91","logger":"cosmos.dbt.graph","filename":"graph.py","lineno":800}
{"timestamp":"2026-08-28T12:20:09.745133Z","level":"info","event":"Cosmos performance (verdanta_daily__dbt_daily) - [46e70e30ac03|3541]: It took 0.148s to parse the dbt project for DAG using LoadMode.DBT_LS_CACHE","logger":"cosmos.converter","filename":"converter.py","lineno":371}
{"timestamp":"2026-08-28T12:20:09.816877Z","level":"info","event":"Cosmos performance (verdanta_daily__dbt_daily) - [46e70e30ac03|3541]: It took 0.0717s to build the Airflow DAG.","logger":"cosmos.converter","filename":"converter.py","lineno":423}
{"timestamp":"2026-08-28T12:20:09.817047Z","level":"info","event":"::endgroup::Cosmos DAG parsing logs","logger":"cosmos.converter","filename":"converter.py","lineno":430}
{"timestamp":"2026-08-28T12:20:09.817747Z","level":"warning","event":"Using Variable.get from `airflow.models` is deprecated.Please use `get` on Variable from sdk(`airflow.sdk.Variable`) instead","category":"UserWarning","filename":"/home/airflow/.local/lib/python3.13/site-packages/airflow/models/variable.py","lineno":158,"logger":"py.warnings"}
{"timestamp":"2026-08-28T12:20:39.995497Z","level":"info","event":"Filling up the DagBag from /opt/airflow/dags/verdanta_daily.py","logger":"airflow.dag_processing.dagbag.BundleDagBag","filename":"dagbag.py","lineno":469}
{"timestamp":"2026-08-28T12:20:40.068226Z","level":"info","event":"::group::Cosmos DAG parsing logs","logger":"cosmos.converter","filename":"converter.py","lineno":321}
{"timestamp":"2026-08-28T12:20:40.071811Z","level":"info","event":"Cosmos cache dir resolved to /tmp/cosmos/verdanta_daily__dbt_daily","logger":"cosmos.converter","filename":"converter.py","lineno":346}
{"timestamp":"2026-08-28T12:20:40.072047Z","level":"info","event":"Trying to parse the dbt project using dbt ls cache cosmos_cache__verdanta_daily__dbt_daily...","logger":"cosmos.dbt.graph","filename":"graph.py","lineno":869}
{"timestamp":"2026-08-28T12:20:40.224463Z","level":"info","event":"Cosmos performance: time to calculate cache identifier cosmos_cache__verdanta_daily__dbt_daily for current version: 0.13468086500006393","logger":"cosmos.cache","filename":"cache.py","lineno":401}
{"timestamp":"2026-08-28T12:20:40.224716Z","level":"info","event":"Cosmos performance [46e70e30ac03|3576]: The cache size for cosmos_cache__verdanta_daily__dbt_daily is 81421","logger":"cosmos.dbt.graph","filename":"graph.py","lineno":886}
{"timestamp":"2026-08-28T12:20:40.230390Z","level":"info","event":"Cosmos performance: Cache hit for cosmos_cache__verdanta_daily__dbt_daily - 7ef252dbf94f4e7f8dda113986a456cc,ff67f1985ea8a9c639de2e1985ae4cf7","logger":"cosmos.dbt.graph","filename":"graph.py","lineno":898}
{"timestamp":"2026-08-28T12:20:40.230869Z","level":"info","event":"Total nodes: 91","logger":"cosmos.dbt.graph","filename":"graph.py","lineno":799}
{"timestamp":"2026-08-28T12:20:40.230998Z","level":"info","event":"Total filtered nodes: 91","logger":"cosmos.dbt.graph","filename":"graph.py","lineno":800}
{"timestamp":"2026-08-28T12:20:40.231169Z","level":"info","event":"Cosmos performance (verdanta_daily__dbt_daily) - [46e70e30ac03|3576]: It took 0.159s to parse the dbt project for DAG using LoadMode.DBT_LS_CACHE","logger":"cosmos.converter","filename":"converter.py","lineno":371}
{"timestamp":"2026-08-28T12:20:40.306794Z","level":"info","event":"Cosmos performance (verdanta_daily__dbt_daily) - [46e70e30ac03|3576]: It took 0.0756s to build the Airflow DAG.","logger":"cosmos.converter","filename":"converter.py","lineno":423}
{"timestamp":"2026-08-28T12:20:40.306967Z","level":"info","event":"::endgroup::Cosmos DAG parsing logs","logger":"cosmos.converter","filename":"converter.py","lineno":430}
{"timestamp":"2026-08-28T12:20:40.307527Z","level":"warning","event":"Using Variable.get from `airflow.models` is deprecated.Please use `get` on Variable from sdk(`airflow.sdk.Variable`) instead","category":"UserWarning","filename":"/home/airflow/.local/lib/python3.13/site-packages/airflow/models/variable.py","lineno":158,"logger":"py.warnings"}
{"timestamp":"2026-08-28T12:21:11.016013Z","level":"info","event":"Filling up the DagBag from /opt/airflow/dags/verdanta_daily.py","logger":"airflow.dag_processing.dagbag.BundleDagBag","filename":"dagbag.py","lineno":469}
{"timestamp":"2026-08-28T12:21:11.093434Z","level":"info","event":"::group::Cosmos DAG parsing logs","logger":"cosmos.converter","filename":"converter.py","lineno":321}
{"timestamp":"2026-08-28T12:21:11.098232Z","level":"info","event":"Cosmos cache dir resolved to /tmp/cosmos/verdanta_daily__dbt_daily","logger":"cosmos.converter","filename":"converter.py","lineno":346}
{"timestamp":"2026-08-28T12:21:11.098470Z","level":"info","event":"Trying to parse the dbt project using dbt ls cache cosmos_cache__verdanta_daily__dbt_daily...","logger":"cosmos.dbt.graph","filename":"graph.py","lineno":869}
{"timestamp":"2026-08-28T12:21:11.245984Z","level":"info","event":"Cosmos performance: time to calculate cache identifier cosmos_cache__verdanta_daily__dbt_daily for current version: 0.1298338770002374","logger":"cosmos.cache","filename":"cache.py","lineno":401}
{"timestamp":"2026-08-28T12:21:11.246238Z","level":"info","event":"Cosmos performance [46e70e30ac03|3591]: The cache size for cosmos_cache__verdanta_daily__dbt_daily is 81421","logger":"cosmos.dbt.graph","filename":"graph.py","lineno":886}
{"timestamp":"2026-08-28T12:21:11.248805Z","level":"info","event":"Cosmos performance: Cache hit for cosmos_cache__verdanta_daily__dbt_daily - 7ef252dbf94f4e7f8dda113986a456cc,ff67f1985ea8a9c639de2e1985ae4cf7","logger":"cosmos.dbt.graph","filename":"graph.py","lineno":898}
{"timestamp":"2026-08-28T12:21:11.249055Z","level":"info","event":"Total nodes: 91","logger":"cosmos.dbt.graph","filename":"graph.py","lineno":799}
{"timestamp":"2026-08-28T12:21:11.249126Z","level":"info","event":"Total filtered nodes: 91","logger":"cosmos.dbt.graph","filename":"graph.py","lineno":800}
{"timestamp":"2026-08-28T12:21:11.249207Z","level":"info","event":"Cosmos performance (verdanta_daily__dbt_daily) - [46e70e30ac03|3591]: It took 0.151s to parse the dbt project for DAG using LoadMode.DBT_LS_CACHE","logger":"cosmos.converter","filename":"converter.py","lineno":371}
{"timestamp":"2026-08-28T12:21:11.326990Z","level":"info","event":"Cosmos performance (verdanta_daily__dbt_daily) - [46e70e30ac03|3591]: It took 0.0777s to build the Airflow DAG.","logger":"cosmos.converter","filename":"converter.py","lineno":423}
{"timestamp":"2026-08-28T12:21:11.327141Z","level":"info","event":"::endgroup::Cosmos DAG parsing logs","logger":"cosmos.converter","filename":"converter.py","lineno":430}
{"timestamp":"2026-08-28T12:21:11.327692Z","level":"warning","event":"Using Variable.get from `airflow.models` is deprecated.Please use `get` on Variable from sdk(`airflow.sdk.Variable`) instead","category":"UserWarning","filename":"/home/airflow/.local/lib/python3.13/site-packages/airflow/models/variable.py","lineno":158,"logger":"py.warnings"}
{"timestamp":"2026-08-28T12:21:41.849488Z","level":"info","event":"Filling up the DagBag from /opt/airflow/dags/verdanta_daily.py","logger":"airflow.dag_processing.dagbag.BundleDagBag","filename":"dagbag.py","lineno":469}
{"timestamp":"2026-08-28T12:21:41.918458Z","level":"info","event":"::group::Cosmos DAG parsing logs","logger":"cosmos.converter","filename":"converter.py","lineno":321}
{"timestamp":"2026-08-28T12:21:41.921866Z","level":"info","event":"Cosmos cache dir resolved to /tmp/cosmos/verdanta_daily__dbt_daily","logger":"cosmos.converter","filename":"converter.py","lineno":346}
{"timestamp":"2026-08-28T12:21:41.922167Z","level":"info","event":"Trying to parse the dbt project using dbt ls cache cosmos_cache__verdanta_daily__dbt_daily...","logger":"cosmos.dbt.graph","filename":"graph.py","lineno":869}
{"timestamp":"2026-08-28T12:21:42.065695Z","level":"info","event":"Cosmos performance: time to calculate cache identifier cosmos_cache__verdanta_daily__dbt_daily for current version: 0.12654866799994124","logger":"cosmos.cache","filename":"cache.py","lineno":401}
{"timestamp":"2026-08-28T12:21:42.065929Z","level":"info","event":"Cosmos performance [46e70e30ac03|3627]: The cache size for cosmos_cache__verdanta_daily__dbt_daily is 81421","logger":"cosmos.dbt.graph","filename":"graph.py","lineno":886}
{"timestamp":"2026-08-28T12:21:42.068901Z","level":"info","event":"Cosmos performance: Cache hit for cosmos_cache__verdanta_daily__dbt_daily - 7ef252dbf94f4e7f8dda113986a456cc,ff67f1985ea8a9c639de2e1985ae4cf7","logger":"cosmos.dbt.graph","filename":"graph.py","lineno":898}
{"timestamp":"2026-08-28T12:21:42.069109Z","level":"info","event":"Total nodes: 91","logger":"cosmos.dbt.graph","filename":"graph.py","lineno":799}
{"timestamp":"2026-08-28T12:21:42.069213Z","level":"info","event":"Total filtered nodes: 91","logger":"cosmos.dbt.graph","filename":"graph.py","lineno":800}
{"timestamp":"2026-08-28T12:21:42.069299Z","level":"info","event":"Cosmos performance (verdanta_daily__dbt_daily) - [46e70e30ac03|3627]: It took 0.147s to parse the dbt project for DAG using LoadMode.DBT_LS_CACHE","logger":"cosmos.converter","filename":"converter.py","lineno":371}
{"timestamp":"2026-08-28T12:21:42.141575Z","level":"info","event":"Cosmos performance (verdanta_daily__dbt_daily) - [46e70e30ac03|3627]: It took 0.0722s to build the Airflow DAG.","logger":"cosmos.converter","filename":"converter.py","lineno":423}
{"timestamp":"2026-08-28T12:21:42.141747Z","level":"info","event":"::endgroup::Cosmos DAG parsing logs","logger":"cosmos.converter","filename":"converter.py","lineno":430}
{"timestamp":"2026-08-28T12:21:42.142325Z","level":"warning","event":"Using Variable.get from `airflow.models` is deprecated.Please use `get` on Variable from sdk(`airflow.sdk.Variable`) instead","category":"UserWarning","filename":"/home/airflow/.local/lib/python3.13/site-packages/airflow/models/variable.py","lineno":158,"logger":"py.warnings"}
{"timestamp":"2026-08-28T12:22:13.192394Z","level":"info","event":"Filling up the DagBag from /opt/airflow/dags/verdanta_daily.py","logger":"airflow.dag_processing.dagbag.BundleDagBag","filename":"dagbag.py","lineno":469}
{"timestamp":"2026-08-28T12:22:13.259577Z","level":"info","event":"::group::Cosmos DAG parsing logs","logger":"cosmos.converter","filename":"converter.py","lineno":321}
{"timestamp":"2026-08-28T12:22:13.263427Z","level":"info","event":"Cosmos cache dir resolved to /tmp/cosmos/verdanta_daily__dbt_daily","logger":"cosmos.converter","filename":"converter.py","lineno":346}
{"timestamp":"2026-08-28T12:22:13.263684Z","level":"info","event":"Trying to parse the dbt project using dbt ls cache cosmos_cache__verdanta_daily__dbt_daily...","logger":"cosmos.dbt.graph","filename":"graph.py","lineno":869}
{"timestamp":"2026-08-28T12:22:13.411541Z","level":"info","event":"Cosmos performance: time to calculate cache identifier cosmos_cache__verdanta_daily__dbt_daily for current version: 0.1329724189999979","logger":"cosmos.cache","filename":"cache.py","lineno":401}
{"timestamp":"2026-08-28T12:22:13.411795Z","level":"info","event":"Cosmos performance [46e70e30ac03|3663]: The cache size for cosmos_cache__verdanta_daily__dbt_daily is 81421","logger":"cosmos.dbt.graph","filename":"graph.py","lineno":886}
{"timestamp":"2026-08-28T12:22:13.414992Z","level":"info","event":"Cosmos performance: Cache hit for cosmos_cache__verdanta_daily__dbt_daily - 7ef252dbf94f4e7f8dda113986a456cc,ff67f1985ea8a9c639de2e1985ae4cf7","logger":"cosmos.dbt.graph","filename":"graph.py","lineno":898}
{"timestamp":"2026-08-28T12:22:13.415279Z","level":"info","event":"Total nodes: 91","logger":"cosmos.dbt.graph","filename":"graph.py","lineno":799}
{"timestamp":"2026-08-28T12:22:13.415363Z","level":"info","event":"Total filtered nodes: 91","logger":"cosmos.dbt.graph","filename":"graph.py","lineno":800}
{"timestamp":"2026-08-28T12:22:13.415444Z","level":"info","event":"Cosmos performance (verdanta_daily__dbt_daily) - [46e70e30ac03|3663]: It took 0.152s to parse the dbt project for DAG using LoadMode.DBT_LS_CACHE","logger":"cosmos.converter","filename":"converter.py","lineno":371}
{"timestamp":"2026-08-28T12:22:13.494236Z","level":"info","event":"Cosmos performance (verdanta_daily__dbt_daily) - [46e70e30ac03|3663]: It took 0.0787s to build the Airflow DAG.","logger":"cosmos.converter","filename":"converter.py","lineno":423}
{"timestamp":"2026-08-28T12:22:13.494441Z","level":"info","event":"::endgroup::Cosmos DAG parsing logs","logger":"cosmos.converter","filename":"converter.py","lineno":430}
{"timestamp":"2026-08-28T12:22:13.495410Z","level":"warning","event":"Using Variable.get from `airflow.models` is deprecated.Please use `get` on Variable from sdk(`airflow.sdk.Variable`) instead","category":"UserWarning","filename":"/home/airflow/.local/lib/python3.13/site-packages/airflow/models/variable.py","lineno":158,"logger":"py.warnings"}
{"timestamp":"2026-08-28T12:22:44.076975Z","level":"info","event":"Filling up the DagBag from /opt/airflow/dags/verdanta_daily.py","logger":"airflow.dag_processing.dagbag.BundleDagBag","filename":"dagbag.py","lineno":469}
{"timestamp":"2026-08-28T12:22:44.144421Z","level":"info","event":"::group::Cosmos DAG parsing logs","logger":"cosmos.converter","filename":"converter.py","lineno":321}
{"timestamp":"2026-08-28T12:22:44.147887Z","level":"info","event":"Cosmos cache dir resolved to /tmp/cosmos/verdanta_daily__dbt_daily","logger":"cosmos.converter","filename":"converter.py","lineno":346}
{"timestamp":"2026-08-28T12:22:44.148154Z","level":"info","event":"Trying to parse the dbt project using dbt ls cache cosmos_cache__verdanta_daily__dbt_daily...","logger":"cosmos.dbt.graph","filename":"graph.py","lineno":869}
{"timestamp":"2026-08-28T12:22:44.305765Z","level":"info","event":"Cosmos performance: time to calculate cache identifier cosmos_cache__verdanta_daily__dbt_daily for current version: 0.1312172869997994","logger":"cosmos.cache","filename":"cache.py","lineno":401}
{"timestamp":"2026-08-28T12:22:44.306083Z","level":"info","event":"Cosmos performance [46e70e30ac03|3699]: The cache size for cosmos_cache__verdanta_daily__dbt_daily is 81421","logger":"cosmos.dbt.graph","filename":"graph.py","lineno":886}
{"timestamp":"2026-08-28T12:22:44.309310Z","level":"info","event":"Cosmos performance: Cache hit for cosmos_cache__verdanta_daily__dbt_daily - 7ef252dbf94f4e7f8dda113986a456cc,ff67f1985ea8a9c639de2e1985ae4cf7","logger":"cosmos.dbt.graph","filename":"graph.py","lineno":898}
{"timestamp":"2026-08-28T12:22:44.309597Z","level":"info","event":"Total nodes: 91","logger":"cosmos.dbt.graph","filename":"graph.py","lineno":799}
{"timestamp":"2026-08-28T12:22:44.309686Z","level":"info","event":"Total filtered nodes: 91","logger":"cosmos.dbt.graph","filename":"graph.py","lineno":800}
{"timestamp":"2026-08-28T12:22:44.309770Z","level":"info","event":"Cosmos performance (verdanta_daily__dbt_daily) - [46e70e30ac03|3699]: It took 0.162s to parse the dbt project for DAG using LoadMode.DBT_LS_CACHE","logger":"cosmos.converter","filename":"converter.py","lineno":371}
{"timestamp":"2026-08-28T12:22:44.393083Z","level":"info","event":"Cosmos performance (verdanta_daily__dbt_daily) - [46e70e30ac03|3699]: It took 0.0832s to build the Airflow DAG.","logger":"cosmos.converter","filename":"converter.py","lineno":423}
{"timestamp":"2026-08-28T12:22:44.393305Z","level":"info","event":"::endgroup::Cosmos DAG parsing logs","logger":"cosmos.converter","filename":"converter.py","lineno":430}
{"timestamp":"2026-08-28T12:22:44.393991Z","level":"warning","event":"Using Variable.get from `airflow.models` is deprecated.Please use `get` on Variable from sdk(`airflow.sdk.Variable`) instead","category":"UserWarning","filename":"/home/airflow/.local/lib/python3.13/site-packages/airflow/models/variable.py","lineno":158,"logger":"py.warnings"}
{"timestamp":"2026-08-28T12:23:14.732119Z","level":"info","event":"Filling up the DagBag from /opt/airflow/dags/verdanta_daily.py","logger":"airflow.dag_processing.dagbag.BundleDagBag","filename":"dagbag.py","lineno":469}
{"timestamp":"2026-08-28T12:23:14.797497Z","level":"info","event":"::group::Cosmos DAG parsing logs","logger":"cosmos.converter","filename":"converter.py","lineno":321}
{"timestamp":"2026-08-28T12:23:14.801252Z","level":"info","event":"Cosmos cache dir resolved to /tmp/cosmos/verdanta_daily__dbt_daily","logger":"cosmos.converter","filename":"converter.py","lineno":346}
{"timestamp":"2026-08-28T12:23:14.801432Z","level":"info","event":"Trying to parse the dbt project using dbt ls cache cosmos_cache__verdanta_daily__dbt_daily...","logger":"cosmos.dbt.graph","filename":"graph.py","lineno":869}
{"timestamp":"2026-08-28T12:23:14.944873Z","level":"info","event":"Cosmos performance: time to calculate cache identifier cosmos_cache__verdanta_daily__dbt_daily for current version: 0.124154720000206","logger":"cosmos.cache","filename":"cache.py","lineno":401}
{"timestamp":"2026-08-28T12:23:14.945094Z","level":"info","event":"Cosmos performance [46e70e30ac03|3735]: The cache size for cosmos_cache__verdanta_daily__dbt_daily is 81421","logger":"cosmos.dbt.graph","filename":"graph.py","lineno":886}
{"timestamp":"2026-08-28T12:23:14.947216Z","level":"info","event":"Cosmos performance: Cache hit for cosmos_cache__verdanta_daily__dbt_daily - 7ef252dbf94f4e7f8dda113986a456cc,ff67f1985ea8a9c639de2e1985ae4cf7","logger":"cosmos.dbt.graph","filename":"graph.py","lineno":898}
{"timestamp":"2026-08-28T12:23:14.947418Z","level":"info","event":"Total nodes: 91","logger":"cosmos.dbt.graph","filename":"graph.py","lineno":799}
{"timestamp":"2026-08-28T12:23:14.947481Z","level":"info","event":"Total filtered nodes: 91","logger":"cosmos.dbt.graph","filename":"graph.py","lineno":800}
{"timestamp":"2026-08-28T12:23:14.947552Z","level":"info","event":"Cosmos performance (verdanta_daily__dbt_daily) - [46e70e30ac03|3735]: It took 0.146s to parse the dbt project for DAG using LoadMode.DBT_LS_CACHE","logger":"cosmos.converter","filename":"converter.py","lineno":371}
{"timestamp":"2026-08-28T12:23:15.018020Z","level":"info","event":"Cosmos performance (verdanta_daily__dbt_daily) - [46e70e30ac03|3735]: It took 0.0704s to build the Airflow DAG.","logger":"cosmos.converter","filename":"converter.py","lineno":423}
{"timestamp":"2026-08-28T12:23:15.018184Z","level":"info","event":"::endgroup::Cosmos DAG parsing logs","logger":"cosmos.converter","filename":"converter.py","lineno":430}
{"timestamp":"2026-08-28T12:23:15.018710Z","level":"warning","event":"Using Variable.get from `airflow.models` is deprecated.Please use `get` on Variable from sdk(`airflow.sdk.Variable`) instead","category":"UserWarning","filename":"/home/airflow/.local/lib/python3.13/site-packages/airflow/models/variable.py","lineno":158,"logger":"py.warnings"}
{"timestamp":"2026-08-28T12:23:45.924865Z","level":"info","event":"Filling up the DagBag from /opt/airflow/dags/verdanta_daily.py","logger":"airflow.dag_processing.dagbag.BundleDagBag","filename":"dagbag.py","lineno":469}
{"timestamp":"2026-08-28T12:23:46.033022Z","level":"info","event":"::group::Cosmos DAG parsing logs","logger":"cosmos.converter","filename":"converter.py","lineno":321}
{"timestamp":"2026-08-28T12:23:46.039002Z","level":"info","event":"Cosmos cache dir resolved to /tmp/cosmos/verdanta_daily__dbt_daily","logger":"cosmos.converter","filename":"converter.py","lineno":346}
{"timestamp":"2026-08-28T12:23:46.039390Z","level":"info","event":"Trying to parse the dbt project using dbt ls cache cosmos_cache__verdanta_daily__dbt_daily...","logger":"cosmos.dbt.graph","filename":"graph.py","lineno":869}
{"timestamp":"2026-08-28T12:23:46.198763Z","level":"info","event":"Cosmos performance: time to calculate cache identifier cosmos_cache__verdanta_daily__dbt_daily for current version: 0.13664175700023407","logger":"cosmos.cache","filename":"cache.py","lineno":401}
{"timestamp":"2026-08-28T12:23:46.199057Z","level":"info","event":"Cosmos performance [46e70e30ac03|3752]: The cache size for cosmos_cache__verdanta_daily__dbt_daily is 81421","logger":"cosmos.dbt.graph","filename":"graph.py","lineno":886}
{"timestamp":"2026-08-28T12:23:46.202065Z","level":"info","event":"Cosmos performance: Cache hit for cosmos_cache__verdanta_daily__dbt_daily - 7ef252dbf94f4e7f8dda113986a456cc,ff67f1985ea8a9c639de2e1985ae4cf7","logger":"cosmos.dbt.graph","filename":"graph.py","lineno":898}
{"timestamp":"2026-08-28T12:23:46.202399Z","level":"info","event":"Total nodes: 91","logger":"cosmos.dbt.graph","filename":"graph.py","lineno":799}
{"timestamp":"2026-08-28T12:23:46.202505Z","level":"info","event":"Total filtered nodes: 91","logger":"cosmos.dbt.graph","filename":"graph.py","lineno":800}
{"timestamp":"2026-08-28T12:23:46.202598Z","level":"info","event":"Cosmos performance (verdanta_daily__dbt_daily) - [46e70e30ac03|3752]: It took 0.163s to parse the dbt project for DAG using LoadMode.DBT_LS_CACHE","logger":"cosmos.converter","filename":"converter.py","lineno":371}
{"timestamp":"2026-08-28T12:23:46.285192Z","level":"info","event":"Cosmos performance (verdanta_daily__dbt_daily) - [46e70e30ac03|3752]: It took 0.0825s to build the Airflow DAG.","logger":"cosmos.converter","filename":"converter.py","lineno":423}
{"timestamp":"2026-08-28T12:23:46.285392Z","level":"info","event":"::endgroup::Cosmos DAG parsing logs","logger":"cosmos.converter","filename":"converter.py","lineno":430}
{"timestamp":"2026-08-28T12:23:46.285939Z","level":"warning","event":"Using Variable.get from `airflow.models` is deprecated.Please use `get` on Variable from sdk(`airflow.sdk.Variable`) instead","category":"UserWarning","filename":"/home/airflow/.local/lib/python3.13/site-packages/airflow/models/variable.py","lineno":158,"logger":"py.warnings"}
{"timestamp":"2026-08-28T12:24:17.126283Z","level":"info","event":"Filling up the DagBag from /opt/airflow/dags/verdanta_daily.py","logger":"airflow.dag_processing.dagbag.BundleDagBag","filename":"dagbag.py","lineno":469}
{"timestamp":"2026-08-28T12:24:17.197090Z","level":"info","event":"::group::Cosmos DAG parsing logs","logger":"cosmos.converter","filename":"converter.py","lineno":321}
{"timestamp":"2026-08-28T12:24:17.200638Z","level":"info","event":"Cosmos cache dir resolved to /tmp/cosmos/verdanta_daily__dbt_daily","logger":"cosmos.converter","filename":"converter.py","lineno":346}
{"timestamp":"2026-08-28T12:24:17.200892Z","level":"info","event":"Trying to parse the dbt project using dbt ls cache cosmos_cache__verdanta_daily__dbt_daily...","logger":"cosmos.dbt.graph","filename":"graph.py","lineno":869}
{"timestamp":"2026-08-28T12:24:17.364812Z","level":"info","event":"Cosmos performance: time to calculate cache identifier cosmos_cache__verdanta_daily__dbt_daily for current version: 0.1305300349999925","logger":"cosmos.cache","filename":"cache.py","lineno":401}
{"timestamp":"2026-08-28T12:24:17.365057Z","level":"info","event":"Cosmos performance [46e70e30ac03|3785]: The cache size for cosmos_cache__verdanta_daily__dbt_daily is 81421","logger":"cosmos.dbt.graph","filename":"graph.py","lineno":886}
{"timestamp":"2026-08-28T12:24:17.371336Z","level":"info","event":"Cosmos performance: Cache hit for cosmos_cache__verdanta_daily__dbt_daily - 7ef252dbf94f4e7f8dda113986a456cc,ff67f1985ea8a9c639de2e1985ae4cf7","logger":"cosmos.dbt.graph","filename":"graph.py","lineno":898}
{"timestamp":"2026-08-28T12:24:17.371608Z","level":"info","event":"Total nodes: 91","logger":"cosmos.dbt.graph","filename":"graph.py","lineno":799}
{"timestamp":"2026-08-28T12:24:17.371683Z","level":"info","event":"Total filtered nodes: 91","logger":"cosmos.dbt.graph","filename":"graph.py","lineno":800}
{"timestamp":"2026-08-28T12:24:17.371760Z","level":"info","event":"Cosmos performance (verdanta_daily__dbt_daily) - [46e70e30ac03|3785]: It took 0.171s to parse the dbt project for DAG using LoadMode.DBT_LS_CACHE","logger":"cosmos.converter","filename":"converter.py","lineno":371}
{"timestamp":"2026-08-28T12:24:17.450669Z","level":"info","event":"Cosmos performance (verdanta_daily__dbt_daily) - [46e70e30ac03|3785]: It took 0.0788s to build the Airflow DAG.","logger":"cosmos.converter","filename":"converter.py","lineno":423}
{"timestamp":"2026-08-28T12:24:17.450843Z","level":"info","event":"::endgroup::Cosmos DAG parsing logs","logger":"cosmos.converter","filename":"converter.py","lineno":430}
{"timestamp":"2026-08-28T12:24:17.451502Z","level":"warning","event":"Using Variable.get from `airflow.models` is deprecated.Please use `get` on Variable from sdk(`airflow.sdk.Variable`) instead","category":"UserWarning","filename":"/home/airflow/.local/lib/python3.13/site-packages/airflow/models/variable.py","lineno":158,"logger":"py.warnings"}
{"timestamp":"2026-08-28T12:24:47.673738Z","level":"info","event":"Filling up the DagBag from /opt/airflow/dags/verdanta_daily.py","logger":"airflow.dag_processing.dagbag.BundleDagBag","filename":"dagbag.py","lineno":469}
{"timestamp":"2026-08-28T12:24:47.763424Z","level":"info","event":"::group::Cosmos DAG parsing logs","logger":"cosmos.converter","filename":"converter.py","lineno":321}
{"timestamp":"2026-08-28T12:24:47.767599Z","level":"info","event":"Cosmos cache dir resolved to /tmp/cosmos/verdanta_daily__dbt_daily","logger":"cosmos.converter","filename":"converter.py","lineno":346}
{"timestamp":"2026-08-28T12:24:47.767906Z","level":"info","event":"Trying to parse the dbt project using dbt ls cache cosmos_cache__verdanta_daily__dbt_daily...","logger":"cosmos.dbt.graph","filename":"graph.py","lineno":869}
{"timestamp":"2026-08-28T12:24:47.932371Z","level":"info","event":"Cosmos performance: time to calculate cache identifier cosmos_cache__verdanta_daily__dbt_daily for current version: 0.14446472400004495","logger":"cosmos.cache","filename":"cache.py","lineno":401}
{"timestamp":"2026-08-28T12:24:47.932636Z","level":"info","event":"Cosmos performance [46e70e30ac03|3820]: The cache size for cosmos_cache__verdanta_daily__dbt_daily is 81421","logger":"cosmos.dbt.graph","filename":"graph.py","lineno":886}
{"timestamp":"2026-08-28T12:24:47.935179Z","level":"info","event":"Cosmos performance: Cache hit for cosmos_cache__verdanta_daily__dbt_daily - 7ef252dbf94f4e7f8dda113986a456cc,ff67f1985ea8a9c639de2e1985ae4cf7","logger":"cosmos.dbt.graph","filename":"graph.py","lineno":898}
{"timestamp":"2026-08-28T12:24:47.935455Z","level":"info","event":"Total nodes: 91","logger":"cosmos.dbt.graph","filename":"graph.py","lineno":799}
{"timestamp":"2026-08-28T12:24:47.935546Z","level":"info","event":"Total filtered nodes: 91","logger":"cosmos.dbt.graph","filename":"graph.py","lineno":800}
{"timestamp":"2026-08-28T12:24:47.935651Z","level":"info","event":"Cosmos performance (verdanta_daily__dbt_daily) - [46e70e30ac03|3820]: It took 0.168s to parse the dbt project for DAG using LoadMode.DBT_LS_CACHE","logger":"cosmos.converter","filename":"converter.py","lineno":371}
{"timestamp":"2026-08-28T12:24:48.015978Z","level":"info","event":"Cosmos performance (verdanta_daily__dbt_daily) - [46e70e30ac03|3820]: It took 0.0803s to build the Airflow DAG.","logger":"cosmos.converter","filename":"converter.py","lineno":423}
{"timestamp":"2026-08-28T12:24:48.016148Z","level":"info","event":"::endgroup::Cosmos DAG parsing logs","logger":"cosmos.converter","filename":"converter.py","lineno":430}
{"timestamp":"2026-08-28T12:24:48.016774Z","level":"warning","event":"Using Variable.get from `airflow.models` is deprecated.Please use `get` on Variable from sdk(`airflow.sdk.Variable`) instead","category":"UserWarning","filename":"/home/airflow/.local/lib/python3.13/site-packages/airflow/models/variable.py","lineno":158,"logger":"py.warnings"}
{"timestamp":"2026-08-28T12:25:18.598828Z","level":"info","event":"Filling up the DagBag from /opt/airflow/dags/verdanta_daily.py","logger":"airflow.dag_processing.dagbag.BundleDagBag","filename":"dagbag.py","lineno":469}
{"timestamp":"2026-08-28T12:25:18.673741Z","level":"info","event":"::group::Cosmos DAG parsing logs","logger":"cosmos.converter","filename":"converter.py","lineno":321}
{"timestamp":"2026-08-28T12:25:18.677088Z","level":"info","event":"Cosmos cache dir resolved to /tmp/cosmos/verdanta_daily__dbt_daily","logger":"cosmos.converter","filename":"converter.py","lineno":346}
{"timestamp":"2026-08-28T12:25:18.677330Z","level":"info","event":"Trying to parse the dbt project using dbt ls cache cosmos_cache__verdanta_daily__dbt_daily...","logger":"cosmos.dbt.graph","filename":"graph.py","lineno":869}
{"timestamp":"2026-08-28T12:25:18.829817Z","level":"info","event":"Cosmos performance: time to calculate cache identifier cosmos_cache__verdanta_daily__dbt_daily for current version: 0.13318771300009757","logger":"cosmos.cache","filename":"cache.py","lineno":401}
{"timestamp":"2026-08-28T12:25:18.830078Z","level":"info","event":"Cosmos performance [46e70e30ac03|3849]: The cache size for cosmos_cache__verdanta_daily__dbt_daily is 81421","logger":"cosmos.dbt.graph","filename":"graph.py","lineno":886}
{"timestamp":"2026-08-28T12:25:18.832711Z","level":"info","event":"Cosmos performance: Cache hit for cosmos_cache__verdanta_daily__dbt_daily - 7ef252dbf94f4e7f8dda113986a456cc,ff67f1985ea8a9c639de2e1985ae4cf7","logger":"cosmos.dbt.graph","filename":"graph.py","lineno":898}
{"timestamp":"2026-08-28T12:25:18.832968Z","level":"info","event":"Total nodes: 91","logger":"cosmos.dbt.graph","filename":"graph.py","lineno":799}
{"timestamp":"2026-08-28T12:25:18.833050Z","level":"info","event":"Total filtered nodes: 91","logger":"cosmos.dbt.graph","filename":"graph.py","lineno":800}
{"timestamp":"2026-08-28T12:25:18.833135Z","level":"info","event":"Cosmos performance (verdanta_daily__dbt_daily) - [46e70e30ac03|3849]: It took 0.156s to parse the dbt project for DAG using LoadMode.DBT_LS_CACHE","logger":"cosmos.converter","filename":"converter.py","lineno":371}
{"timestamp":"2026-08-28T12:25:18.917083Z","level":"info","event":"Cosmos performance (verdanta_daily__dbt_daily) - [46e70e30ac03|3849]: It took 0.0839s to build the Airflow DAG.","logger":"cosmos.converter","filename":"converter.py","lineno":423}
{"timestamp":"2026-08-28T12:25:18.917316Z","level":"info","event":"::endgroup::Cosmos DAG parsing logs","logger":"cosmos.converter","filename":"converter.py","lineno":430}
{"timestamp":"2026-08-28T12:25:18.918003Z","level":"warning","event":"Using Variable.get from `airflow.models` is deprecated.Please use `get` on Variable from sdk(`airflow.sdk.Variable`) instead","category":"UserWarning","filename":"/home/airflow/.local/lib/python3.13/site-packages/airflow/models/variable.py","lineno":158,"logger":"py.warnings"}
{"timestamp":"2026-08-28T12:25:49.009175Z","level":"info","event":"Filling up the DagBag from /opt/airflow/dags/verdanta_daily.py","logger":"airflow.dag_processing.dagbag.BundleDagBag","filename":"dagbag.py","lineno":469}
{"timestamp":"2026-08-28T12:25:49.075217Z","level":"info","event":"::group::Cosmos DAG parsing logs","logger":"cosmos.converter","filename":"converter.py","lineno":321}
{"timestamp":"2026-08-28T12:25:49.079083Z","level":"info","event":"Cosmos cache dir resolved to /tmp/cosmos/verdanta_daily__dbt_daily","logger":"cosmos.converter","filename":"converter.py","lineno":346}
{"timestamp":"2026-08-28T12:25:49.079297Z","level":"info","event":"Trying to parse the dbt project using dbt ls cache cosmos_cache__verdanta_daily__dbt_daily...","logger":"cosmos.dbt.graph","filename":"graph.py","lineno":869}
{"timestamp":"2026-08-28T12:25:49.237181Z","level":"info","event":"Cosmos performance: time to calculate cache identifier cosmos_cache__verdanta_daily__dbt_daily for current version: 0.12729171899991343","logger":"cosmos.cache","filename":"cache.py","lineno":401}
{"timestamp":"2026-08-28T12:25:49.237434Z","level":"info","event":"Cosmos performance [46e70e30ac03|3885]: The cache size for cosmos_cache__verdanta_daily__dbt_daily is 81421","logger":"cosmos.dbt.graph","filename":"graph.py","lineno":886}
{"timestamp":"2026-08-28T12:25:49.239781Z","level":"info","event":"Cosmos performance: Cache hit for cosmos_cache__verdanta_daily__dbt_daily - 7ef252dbf94f4e7f8dda113986a456cc,ff67f1985ea8a9c639de2e1985ae4cf7","logger":"cosmos.dbt.graph","filename":"graph.py","lineno":898}
{"timestamp":"2026-08-28T12:25:49.240022Z","level":"info","event":"Total nodes: 91","logger":"cosmos.dbt.graph","filename":"graph.py","lineno":799}
{"timestamp":"2026-08-28T12:25:49.240097Z","level":"info","event":"Total filtered nodes: 91","logger":"cosmos.dbt.graph","filename":"graph.py","lineno":800}
{"timestamp":"2026-08-28T12:25:49.240178Z","level":"info","event":"Cosmos performance (verdanta_daily__dbt_daily) - [46e70e30ac03|3885]: It took 0.161s to parse the dbt project for DAG using LoadMode.DBT_LS_CACHE","logger":"cosmos.converter","filename":"converter.py","lineno":371}
{"timestamp":"2026-08-28T12:25:49.317403Z","level":"info","event":"Cosmos performance (verdanta_daily__dbt_daily) - [46e70e30ac03|3885]: It took 0.0771s to build the Airflow DAG.","logger":"cosmos.converter","filename":"converter.py","lineno":423}
{"timestamp":"2026-08-28T12:25:49.317594Z","level":"info","event":"::endgroup::Cosmos DAG parsing logs","logger":"cosmos.converter","filename":"converter.py","lineno":430}
{"timestamp":"2026-08-28T12:25:49.318226Z","level":"warning","event":"Using Variable.get from `airflow.models` is deprecated.Please use `get` on Variable from sdk(`airflow.sdk.Variable`) instead","category":"UserWarning","filename":"/home/airflow/.local/lib/python3.13/site-packages/airflow/models/variable.py","lineno":158,"logger":"py.warnings"}
{"timestamp":"2026-08-28T12:26:19.654051Z","level":"info","event":"Filling up the DagBag from /opt/airflow/dags/verdanta_daily.py","logger":"airflow.dag_processing.dagbag.BundleDagBag","filename":"dagbag.py","lineno":469}
{"timestamp":"2026-08-28T12:26:19.731277Z","level":"info","event":"::group::Cosmos DAG parsing logs","logger":"cosmos.converter","filename":"converter.py","lineno":321}
{"timestamp":"2026-08-28T12:26:19.734944Z","level":"info","event":"Cosmos cache dir resolved to /tmp/cosmos/verdanta_daily__dbt_daily","logger":"cosmos.converter","filename":"converter.py","lineno":346}
{"timestamp":"2026-08-28T12:26:19.735135Z","level":"info","event":"Trying to parse the dbt project using dbt ls cache cosmos_cache__verdanta_daily__dbt_daily...","logger":"cosmos.dbt.graph","filename":"graph.py","lineno":869}
{"timestamp":"2026-08-28T12:26:19.877603Z","level":"info","event":"Cosmos performance: time to calculate cache identifier cosmos_cache__verdanta_daily__dbt_daily for current version: 0.1263772630004496","logger":"cosmos.cache","filename":"cache.py","lineno":401}
{"timestamp":"2026-08-28T12:26:19.878083Z","level":"info","event":"Cosmos performance [46e70e30ac03|3920]: The cache size for cosmos_cache__verdanta_daily__dbt_daily is 81421","logger":"cosmos.dbt.graph","filename":"graph.py","lineno":886}
{"timestamp":"2026-08-28T12:26:19.881224Z","level":"info","event":"Cosmos performance: Cache hit for cosmos_cache__verdanta_daily__dbt_daily - 7ef252dbf94f4e7f8dda113986a456cc,ff67f1985ea8a9c639de2e1985ae4cf7","logger":"cosmos.dbt.graph","filename":"graph.py","lineno":898}
{"timestamp":"2026-08-28T12:26:19.881491Z","level":"info","event":"Total nodes: 91","logger":"cosmos.dbt.graph","filename":"graph.py","lineno":799}
{"timestamp":"2026-08-28T12:26:19.881581Z","level":"info","event":"Total filtered nodes: 91","logger":"cosmos.dbt.graph","filename":"graph.py","lineno":800}
{"timestamp":"2026-08-28T12:26:19.881667Z","level":"info","event":"Cosmos performance (verdanta_daily__dbt_daily) - [46e70e30ac03|3920]: It took 0.147s to parse the dbt project for DAG using LoadMode.DBT_LS_CACHE","logger":"cosmos.converter","filename":"converter.py","lineno":371}
{"timestamp":"2026-08-28T12:26:19.956745Z","level":"info","event":"Cosmos performance (verdanta_daily__dbt_daily) - [46e70e30ac03|3920]: It took 0.075s to build the Airflow DAG.","logger":"cosmos.converter","filename":"converter.py","lineno":423}
{"timestamp":"2026-08-28T12:26:19.956930Z","level":"info","event":"::endgroup::Cosmos DAG parsing logs","logger":"cosmos.converter","filename":"converter.py","lineno":430}
{"timestamp":"2026-08-28T12:26:19.957607Z","level":"warning","event":"Using Variable.get from `airflow.models` is deprecated.Please use `get` on Variable from sdk(`airflow.sdk.Variable`) instead","category":"UserWarning","filename":"/home/airflow/.local/lib/python3.13/site-packages/airflow/models/variable.py","lineno":158,"logger":"py.warnings"}
{"timestamp":"2026-08-28T12:26:50.844732Z","level":"info","event":"Filling up the DagBag from /opt/airflow/dags/verdanta_daily.py","logger":"airflow.dag_processing.dagbag.BundleDagBag","filename":"dagbag.py","lineno":469}
{"timestamp":"2026-08-28T12:26:50.915917Z","level":"info","event":"::group::Cosmos DAG parsing logs","logger":"cosmos.converter","filename":"converter.py","lineno":321}
{"timestamp":"2026-08-28T12:26:50.919872Z","level":"info","event":"Cosmos cache dir resolved to /tmp/cosmos/verdanta_daily__dbt_daily","logger":"cosmos.converter","filename":"converter.py","lineno":346}
{"timestamp":"2026-08-28T12:26:50.920073Z","level":"info","event":"Trying to parse the dbt project using dbt ls cache cosmos_cache__verdanta_daily__dbt_daily...","logger":"cosmos.dbt.graph","filename":"graph.py","lineno":869}
{"timestamp":"2026-08-28T12:26:51.059333Z","level":"info","event":"Cosmos performance: time to calculate cache identifier cosmos_cache__verdanta_daily__dbt_daily for current version: 0.12520009199988635","logger":"cosmos.cache","filename":"cache.py","lineno":401}
{"timestamp":"2026-08-28T12:26:51.059647Z","level":"info","event":"Cosmos performance [46e70e30ac03|3935]: The cache size for cosmos_cache__verdanta_daily__dbt_daily is 81421","logger":"cosmos.dbt.graph","filename":"graph.py","lineno":886}
{"timestamp":"2026-08-28T12:26:51.062691Z","level":"info","event":"Cosmos performance: Cache hit for cosmos_cache__verdanta_daily__dbt_daily - 7ef252dbf94f4e7f8dda113986a456cc,ff67f1985ea8a9c639de2e1985ae4cf7","logger":"cosmos.dbt.graph","filename":"graph.py","lineno":898}
{"timestamp":"2026-08-28T12:26:51.062973Z","level":"info","event":"Total nodes: 91","logger":"cosmos.dbt.graph","filename":"graph.py","lineno":799}
{"timestamp":"2026-08-28T12:26:51.063054Z","level":"info","event":"Total filtered nodes: 91","logger":"cosmos.dbt.graph","filename":"graph.py","lineno":800}
{"timestamp":"2026-08-28T12:26:51.063133Z","level":"info","event":"Cosmos performance (verdanta_daily__dbt_daily) - [46e70e30ac03|3935]: It took 0.143s to parse the dbt project for DAG using LoadMode.DBT_LS_CACHE","logger":"cosmos.converter","filename":"converter.py","lineno":371}
{"timestamp":"2026-08-28T12:26:51.136274Z","level":"info","event":"Cosmos performance (verdanta_daily__dbt_daily) - [46e70e30ac03|3935]: It took 0.0731s to build the Airflow DAG.","logger":"cosmos.converter","filename":"converter.py","lineno":423}
{"timestamp":"2026-08-28T12:26:51.136436Z","level":"info","event":"::endgroup::Cosmos DAG parsing logs","logger":"cosmos.converter","filename":"converter.py","lineno":430}
{"timestamp":"2026-08-28T12:26:51.136968Z","level":"warning","event":"Using Variable.get from `airflow.models` is deprecated.Please use `get` on Variable from sdk(`airflow.sdk.Variable`) instead","category":"UserWarning","filename":"/home/airflow/.local/lib/python3.13/site-packages/airflow/models/variable.py","lineno":158,"logger":"py.warnings"}
{"timestamp":"2026-08-28T12:27:22.006025Z","level":"info","event":"Filling up the DagBag from /opt/airflow/dags/verdanta_daily.py","logger":"airflow.dag_processing.dagbag.BundleDagBag","filename":"dagbag.py","lineno":469}
{"timestamp":"2026-08-28T12:27:22.080529Z","level":"info","event":"::group::Cosmos DAG parsing logs","logger":"cosmos.converter","filename":"converter.py","lineno":321}
{"timestamp":"2026-08-28T12:27:22.084251Z","level":"info","event":"Cosmos cache dir resolved to /tmp/cosmos/verdanta_daily__dbt_daily","logger":"cosmos.converter","filename":"converter.py","lineno":346}
{"timestamp":"2026-08-28T12:27:22.084441Z","level":"info","event":"Trying to parse the dbt project using dbt ls cache cosmos_cache__verdanta_daily__dbt_daily...","logger":"cosmos.dbt.graph","filename":"graph.py","lineno":869}
{"timestamp":"2026-08-28T12:27:22.224736Z","level":"info","event":"Cosmos performance: time to calculate cache identifier cosmos_cache__verdanta_daily__dbt_daily for current version: 0.12596781299998838","logger":"cosmos.cache","filename":"cache.py","lineno":401}
{"timestamp":"2026-08-28T12:27:22.224969Z","level":"info","event":"Cosmos performance [46e70e30ac03|3971]: The cache size for cosmos_cache__verdanta_daily__dbt_daily is 81421","logger":"cosmos.dbt.graph","filename":"graph.py","lineno":886}
{"timestamp":"2026-08-28T12:27:22.228568Z","level":"info","event":"Cosmos performance: Cache hit for cosmos_cache__verdanta_daily__dbt_daily - 7ef252dbf94f4e7f8dda113986a456cc,ff67f1985ea8a9c639de2e1985ae4cf7","logger":"cosmos.dbt.graph","filename":"graph.py","lineno":898}
{"timestamp":"2026-08-28T12:27:22.228831Z","level":"info","event":"Total nodes: 91","logger":"cosmos.dbt.graph","filename":"graph.py","lineno":799}
{"timestamp":"2026-08-28T12:27:22.228904Z","level":"info","event":"Total filtered nodes: 91","logger":"cosmos.dbt.graph","filename":"graph.py","lineno":800}
{"timestamp":"2026-08-28T12:27:22.228977Z","level":"info","event":"Cosmos performance (verdanta_daily__dbt_daily) - [46e70e30ac03|3971]: It took 0.145s to parse the dbt project for DAG using LoadMode.DBT_LS_CACHE","logger":"cosmos.converter","filename":"converter.py","lineno":371}
{"timestamp":"2026-08-28T12:27:22.301506Z","level":"info","event":"Cosmos performance (verdanta_daily__dbt_daily) - [46e70e30ac03|3971]: It took 0.0725s to build the Airflow DAG.","logger":"cosmos.converter","filename":"converter.py","lineno":423}
{"timestamp":"2026-08-28T12:27:22.301666Z","level":"info","event":"::endgroup::Cosmos DAG parsing logs","logger":"cosmos.converter","filename":"converter.py","lineno":430}
{"timestamp":"2026-08-28T12:27:22.302208Z","level":"warning","event":"Using Variable.get from `airflow.models` is deprecated.Please use `get` on Variable from sdk(`airflow.sdk.Variable`) instead","category":"UserWarning","filename":"/home/airflow/.local/lib/python3.13/site-packages/airflow/models/variable.py","lineno":158,"logger":"py.warnings"}
{"timestamp":"2026-08-28T12:27:53.154432Z","level":"info","event":"Filling up the DagBag from /opt/airflow/dags/verdanta_daily.py","logger":"airflow.dag_processing.dagbag.BundleDagBag","filename":"dagbag.py","lineno":469}
{"timestamp":"2026-08-28T12:27:53.231427Z","level":"info","event":"::group::Cosmos DAG parsing logs","logger":"cosmos.converter","filename":"converter.py","lineno":321}
{"timestamp":"2026-08-28T12:27:53.235288Z","level":"info","event":"Cosmos cache dir resolved to /tmp/cosmos/verdanta_daily__dbt_daily","logger":"cosmos.converter","filename":"converter.py","lineno":346}
{"timestamp":"2026-08-28T12:27:53.235545Z","level":"info","event":"Trying to parse the dbt project using dbt ls cache cosmos_cache__verdanta_daily__dbt_daily...","logger":"cosmos.dbt.graph","filename":"graph.py","lineno":869}
{"timestamp":"2026-08-28T12:27:53.382630Z","level":"info","event":"Cosmos performance: time to calculate cache identifier cosmos_cache__verdanta_daily__dbt_daily for current version: 0.13142550199972902","logger":"cosmos.cache","filename":"cache.py","lineno":401}
{"timestamp":"2026-08-28T12:27:53.382922Z","level":"info","event":"Cosmos performance [46e70e30ac03|4007]: The cache size for cosmos_cache__verdanta_daily__dbt_daily is 81421","logger":"cosmos.dbt.graph","filename":"graph.py","lineno":886}
{"timestamp":"2026-08-28T12:27:53.386174Z","level":"info","event":"Cosmos performance: Cache hit for cosmos_cache__verdanta_daily__dbt_daily - 7ef252dbf94f4e7f8dda113986a456cc,ff67f1985ea8a9c639de2e1985ae4cf7","logger":"cosmos.dbt.graph","filename":"graph.py","lineno":898}
{"timestamp":"2026-08-28T12:27:53.386435Z","level":"info","event":"Total nodes: 91","logger":"cosmos.dbt.graph","filename":"graph.py","lineno":799}
{"timestamp":"2026-08-28T12:27:53.386513Z","level":"info","event":"Total filtered nodes: 91","logger":"cosmos.dbt.graph","filename":"graph.py","lineno":800}
{"timestamp":"2026-08-28T12:27:53.386591Z","level":"info","event":"Cosmos performance (verdanta_daily__dbt_daily) - [46e70e30ac03|4007]: It took 0.151s to parse the dbt project for DAG using LoadMode.DBT_LS_CACHE","logger":"cosmos.converter","filename":"converter.py","lineno":371}
{"timestamp":"2026-08-28T12:27:53.458587Z","level":"info","event":"Cosmos performance (verdanta_daily__dbt_daily) - [46e70e30ac03|4007]: It took 0.0719s to build the Airflow DAG.","logger":"cosmos.converter","filename":"converter.py","lineno":423}
{"timestamp":"2026-08-28T12:27:53.458773Z","level":"info","event":"::endgroup::Cosmos DAG parsing logs","logger":"cosmos.converter","filename":"converter.py","lineno":430}
{"timestamp":"2026-08-28T12:27:53.459354Z","level":"warning","event":"Using Variable.get from `airflow.models` is deprecated.Please use `get` on Variable from sdk(`airflow.sdk.Variable`) instead","category":"UserWarning","filename":"/home/airflow/.local/lib/python3.13/site-packages/airflow/models/variable.py","lineno":158,"logger":"py.warnings"}
{"timestamp":"2026-08-28T12:28:24.160194Z","level":"info","event":"Filling up the DagBag from /opt/airflow/dags/verdanta_daily.py","logger":"airflow.dag_processing.dagbag.BundleDagBag","filename":"dagbag.py","lineno":469}
{"timestamp":"2026-08-28T12:28:24.231570Z","level":"info","event":"::group::Cosmos DAG parsing logs","logger":"cosmos.converter","filename":"converter.py","lineno":321}
{"timestamp":"2026-08-28T12:28:24.235410Z","level":"info","event":"Cosmos cache dir resolved to /tmp/cosmos/verdanta_daily__dbt_daily","logger":"cosmos.converter","filename":"converter.py","lineno":346}
{"timestamp":"2026-08-28T12:28:24.235667Z","level":"info","event":"Trying to parse the dbt project using dbt ls cache cosmos_cache__verdanta_daily__dbt_daily...","logger":"cosmos.dbt.graph","filename":"graph.py","lineno":869}
{"timestamp":"2026-08-28T12:28:24.376511Z","level":"info","event":"Cosmos performance: time to calculate cache identifier cosmos_cache__verdanta_daily__dbt_daily for current version: 0.12651074400037032","logger":"cosmos.cache","filename":"cache.py","lineno":401}
{"timestamp":"2026-08-28T12:28:24.376736Z","level":"info","event":"Cosmos performance [46e70e30ac03|4043]: The cache size for cosmos_cache__verdanta_daily__dbt_daily is 81421","logger":"cosmos.dbt.graph","filename":"graph.py","lineno":886}
{"timestamp":"2026-08-28T12:28:24.379109Z","level":"info","event":"Cosmos performance: Cache hit for cosmos_cache__verdanta_daily__dbt_daily - 7ef252dbf94f4e7f8dda113986a456cc,ff67f1985ea8a9c639de2e1985ae4cf7","logger":"cosmos.dbt.graph","filename":"graph.py","lineno":898}
{"timestamp":"2026-08-28T12:28:24.379318Z","level":"info","event":"Total nodes: 91","logger":"cosmos.dbt.graph","filename":"graph.py","lineno":799}
{"timestamp":"2026-08-28T12:28:24.379384Z","level":"info","event":"Total filtered nodes: 91","logger":"cosmos.dbt.graph","filename":"graph.py","lineno":800}
{"timestamp":"2026-08-28T12:28:24.379460Z","level":"info","event":"Cosmos performance (verdanta_daily__dbt_daily) - [46e70e30ac03|4043]: It took 0.144s to parse the dbt project for DAG using LoadMode.DBT_LS_CACHE","logger":"cosmos.converter","filename":"converter.py","lineno":371}
{"timestamp":"2026-08-28T12:28:24.451681Z","level":"info","event":"Cosmos performance (verdanta_daily__dbt_daily) - [46e70e30ac03|4043]: It took 0.0721s to build the Airflow DAG.","logger":"cosmos.converter","filename":"converter.py","lineno":423}
{"timestamp":"2026-08-28T12:28:24.451841Z","level":"info","event":"::endgroup::Cosmos DAG parsing logs","logger":"cosmos.converter","filename":"converter.py","lineno":430}
{"timestamp":"2026-08-28T12:28:24.452428Z","level":"warning","event":"Using Variable.get from `airflow.models` is deprecated.Please use `get` on Variable from sdk(`airflow.sdk.Variable`) instead","category":"UserWarning","filename":"/home/airflow/.local/lib/python3.13/site-packages/airflow/models/variable.py","lineno":158,"logger":"py.warnings"}
{"timestamp":"2026-08-28T12:28:55.121857Z","level":"info","event":"Filling up the DagBag from /opt/airflow/dags/verdanta_daily.py","logger":"airflow.dag_processing.dagbag.BundleDagBag","filename":"dagbag.py","lineno":469}
{"timestamp":"2026-08-28T12:28:55.186384Z","level":"info","event":"::group::Cosmos DAG parsing logs","logger":"cosmos.converter","filename":"converter.py","lineno":321}
{"timestamp":"2026-08-28T12:28:55.190383Z","level":"info","event":"Cosmos cache dir resolved to /tmp/cosmos/verdanta_daily__dbt_daily","logger":"cosmos.converter","filename":"converter.py","lineno":346}
{"timestamp":"2026-08-28T12:28:55.190651Z","level":"info","event":"Trying to parse the dbt project using dbt ls cache cosmos_cache__verdanta_daily__dbt_daily...","logger":"cosmos.dbt.graph","filename":"graph.py","lineno":869}
{"timestamp":"2026-08-28T12:28:55.331785Z","level":"info","event":"Cosmos performance: time to calculate cache identifier cosmos_cache__verdanta_daily__dbt_daily for current version: 0.12590597100006562","logger":"cosmos.cache","filename":"cache.py","lineno":401}
{"timestamp":"2026-08-28T12:28:55.332027Z","level":"info","event":"Cosmos performance [46e70e30ac03|4079]: The cache size for cosmos_cache__verdanta_daily__dbt_daily is 81421","logger":"cosmos.dbt.graph","filename":"graph.py","lineno":886}
{"timestamp":"2026-08-28T12:28:55.334330Z","level":"info","event":"Cosmos performance: Cache hit for cosmos_cache__verdanta_daily__dbt_daily - 7ef252dbf94f4e7f8dda113986a456cc,ff67f1985ea8a9c639de2e1985ae4cf7","logger":"cosmos.dbt.graph","filename":"graph.py","lineno":898}
{"timestamp":"2026-08-28T12:28:55.334552Z","level":"info","event":"Total nodes: 91","logger":"cosmos.dbt.graph","filename":"graph.py","lineno":799}
{"timestamp":"2026-08-28T12:28:55.334618Z","level":"info","event":"Total filtered nodes: 91","logger":"cosmos.dbt.graph","filename":"graph.py","lineno":800}
{"timestamp":"2026-08-28T12:28:55.334694Z","level":"info","event":"Cosmos performance (verdanta_daily__dbt_daily) - [46e70e30ac03|4079]: It took 0.145s to parse the dbt project for DAG using LoadMode.DBT_LS_CACHE","logger":"cosmos.converter","filename":"converter.py","lineno":371}
{"timestamp":"2026-08-28T12:28:55.409242Z","level":"info","event":"Cosmos performance (verdanta_daily__dbt_daily) - [46e70e30ac03|4079]: It took 0.0745s to build the Airflow DAG.","logger":"cosmos.converter","filename":"converter.py","lineno":423}
{"timestamp":"2026-08-28T12:28:55.409534Z","level":"info","event":"::endgroup::Cosmos DAG parsing logs","logger":"cosmos.converter","filename":"converter.py","lineno":430}
{"timestamp":"2026-08-28T12:28:55.410103Z","level":"warning","event":"Using Variable.get from `airflow.models` is deprecated.Please use `get` on Variable from sdk(`airflow.sdk.Variable`) instead","category":"UserWarning","filename":"/home/airflow/.local/lib/python3.13/site-packages/airflow/models/variable.py","lineno":158,"logger":"py.warnings"}
{"timestamp":"2026-08-28T12:29:25.977007Z","level":"info","event":"Filling up the DagBag from /opt/airflow/dags/verdanta_daily.py","logger":"airflow.dag_processing.dagbag.BundleDagBag","filename":"dagbag.py","lineno":469}
{"timestamp":"2026-08-28T12:29:26.052977Z","level":"info","event":"::group::Cosmos DAG parsing logs","logger":"cosmos.converter","filename":"converter.py","lineno":321}
{"timestamp":"2026-08-28T12:29:26.056792Z","level":"info","event":"Cosmos cache dir resolved to /tmp/cosmos/verdanta_daily__dbt_daily","logger":"cosmos.converter","filename":"converter.py","lineno":346}
{"timestamp":"2026-08-28T12:29:26.056996Z","level":"info","event":"Trying to parse the dbt project using dbt ls cache cosmos_cache__verdanta_daily__dbt_daily...","logger":"cosmos.dbt.graph","filename":"graph.py","lineno":869}
{"timestamp":"2026-08-28T12:29:26.198520Z","level":"info","event":"Cosmos performance: time to calculate cache identifier cosmos_cache__verdanta_daily__dbt_daily for current version: 0.12712444699991465","logger":"cosmos.cache","filename":"cache.py","lineno":401}
{"timestamp":"2026-08-28T12:29:26.198730Z","level":"info","event":"Cosmos performance [46e70e30ac03|4096]: The cache size for cosmos_cache__verdanta_daily__dbt_daily is 81421","logger":"cosmos.dbt.graph","filename":"graph.py","lineno":886}
{"timestamp":"2026-08-28T12:29:26.201414Z","level":"info","event":"Cosmos performance: Cache hit for cosmos_cache__verdanta_daily__dbt_daily - 7ef252dbf94f4e7f8dda113986a456cc,ff67f1985ea8a9c639de2e1985ae4cf7","logger":"cosmos.dbt.graph","filename":"graph.py","lineno":898}
{"timestamp":"2026-08-28T12:29:26.201735Z","level":"info","event":"Total nodes: 91","logger":"cosmos.dbt.graph","filename":"graph.py","lineno":799}
{"timestamp":"2026-08-28T12:29:26.201818Z","level":"info","event":"Total filtered nodes: 91","logger":"cosmos.dbt.graph","filename":"graph.py","lineno":800}
{"timestamp":"2026-08-28T12:29:26.201890Z","level":"info","event":"Cosmos performance (verdanta_daily__dbt_daily) - [46e70e30ac03|4096]: It took 0.145s to parse the dbt project for DAG using LoadMode.DBT_LS_CACHE","logger":"cosmos.converter","filename":"converter.py","lineno":371}
{"timestamp":"2026-08-28T12:29:26.281874Z","level":"info","event":"Cosmos performance (verdanta_daily__dbt_daily) - [46e70e30ac03|4096]: It took 0.0799s to build the Airflow DAG.","logger":"cosmos.converter","filename":"converter.py","lineno":423}
{"timestamp":"2026-08-28T12:29:26.282053Z","level":"info","event":"::endgroup::Cosmos DAG parsing logs","logger":"cosmos.converter","filename":"converter.py","lineno":430}
{"timestamp":"2026-08-28T12:29:26.282557Z","level":"warning","event":"Using Variable.get from `airflow.models` is deprecated.Please use `get` on Variable from sdk(`airflow.sdk.Variable`) instead","category":"UserWarning","filename":"/home/airflow/.local/lib/python3.13/site-packages/airflow/models/variable.py","lineno":158,"logger":"py.warnings"}
{"timestamp":"2026-08-28T12:29:56.703129Z","level":"info","event":"Filling up the DagBag from /opt/airflow/dags/verdanta_daily.py","logger":"airflow.dag_processing.dagbag.BundleDagBag","filename":"dagbag.py","lineno":469}
{"timestamp":"2026-08-28T12:29:56.769026Z","level":"info","event":"::group::Cosmos DAG parsing logs","logger":"cosmos.converter","filename":"converter.py","lineno":321}
{"timestamp":"2026-08-28T12:29:56.772412Z","level":"info","event":"Cosmos cache dir resolved to /tmp/cosmos/verdanta_daily__dbt_daily","logger":"cosmos.converter","filename":"converter.py","lineno":346}
{"timestamp":"2026-08-28T12:29:56.772637Z","level":"info","event":"Trying to parse the dbt project using dbt ls cache cosmos_cache__verdanta_daily__dbt_daily...","logger":"cosmos.dbt.graph","filename":"graph.py","lineno":869}
{"timestamp":"2026-08-28T12:29:56.910655Z","level":"info","event":"Cosmos performance: time to calculate cache identifier cosmos_cache__verdanta_daily__dbt_daily for current version: 0.1229814959997384","logger":"cosmos.cache","filename":"cache.py","lineno":401}
{"timestamp":"2026-08-28T12:29:56.910958Z","level":"info","event":"Cosmos performance [46e70e30ac03|4129]: The cache size for cosmos_cache__verdanta_daily__dbt_daily is 81421","logger":"cosmos.dbt.graph","filename":"graph.py","lineno":886}
{"timestamp":"2026-08-28T12:29:56.913633Z","level":"info","event":"Cosmos performance: Cache hit for cosmos_cache__verdanta_daily__dbt_daily - 7ef252dbf94f4e7f8dda113986a456cc,ff67f1985ea8a9c639de2e1985ae4cf7","logger":"cosmos.dbt.graph","filename":"graph.py","lineno":898}
{"timestamp":"2026-08-28T12:29:56.913846Z","level":"info","event":"Total nodes: 91","logger":"cosmos.dbt.graph","filename":"graph.py","lineno":799}
{"timestamp":"2026-08-28T12:29:56.913912Z","level":"info","event":"Total filtered nodes: 91","logger":"cosmos.dbt.graph","filename":"graph.py","lineno":800}
{"timestamp":"2026-08-28T12:29:56.913984Z","level":"info","event":"Cosmos performance (verdanta_daily__dbt_daily) - [46e70e30ac03|4129]: It took 0.141s to parse the dbt project for DAG using LoadMode.DBT_LS_CACHE","logger":"cosmos.converter","filename":"converter.py","lineno":371}
{"timestamp":"2026-08-28T12:29:56.986896Z","level":"info","event":"Cosmos performance (verdanta_daily__dbt_daily) - [46e70e30ac03|4129]: It took 0.0728s to build the Airflow DAG.","logger":"cosmos.converter","filename":"converter.py","lineno":423}
{"timestamp":"2026-08-28T12:29:56.987061Z","level":"info","event":"::endgroup::Cosmos DAG parsing logs","logger":"cosmos.converter","filename":"converter.py","lineno":430}
{"timestamp":"2026-08-28T12:29:56.987636Z","level":"warning","event":"Using Variable.get from `airflow.models` is deprecated.Please use `get` on Variable from sdk(`airflow.sdk.Variable`) instead","category":"UserWarning","filename":"/home/airflow/.local/lib/python3.13/site-packages/airflow/models/variable.py","lineno":158,"logger":"py.warnings"}
{"timestamp":"2026-08-28T12:30:27.394441Z","level":"info","event":"Filling up the DagBag from /opt/airflow/dags/verdanta_daily.py","logger":"airflow.dag_processing.dagbag.BundleDagBag","filename":"dagbag.py","lineno":469}
{"timestamp":"2026-08-28T12:30:27.465172Z","level":"info","event":"::group::Cosmos DAG parsing logs","logger":"cosmos.converter","filename":"converter.py","lineno":321}
{"timestamp":"2026-08-28T12:30:27.468560Z","level":"info","event":"Cosmos cache dir resolved to /tmp/cosmos/verdanta_daily__dbt_daily","logger":"cosmos.converter","filename":"converter.py","lineno":346}
{"timestamp":"2026-08-28T12:30:27.468781Z","level":"info","event":"Trying to parse the dbt project using dbt ls cache cosmos_cache__verdanta_daily__dbt_daily...","logger":"cosmos.dbt.graph","filename":"graph.py","lineno":869}
{"timestamp":"2026-08-28T12:30:27.612655Z","level":"info","event":"Cosmos performance: time to calculate cache identifier cosmos_cache__verdanta_daily__dbt_daily for current version: 0.12677427000016905","logger":"cosmos.cache","filename":"cache.py","lineno":401}
{"timestamp":"2026-08-28T12:30:27.612876Z","level":"info","event":"Cosmos performance [46e70e30ac03|4165]: The cache size for cosmos_cache__verdanta_daily__dbt_daily is 81421","logger":"cosmos.dbt.graph","filename":"graph.py","lineno":886}
{"timestamp":"2026-08-28T12:30:27.615319Z","level":"info","event":"Cosmos performance: Cache hit for cosmos_cache__verdanta_daily__dbt_daily - 7ef252dbf94f4e7f8dda113986a456cc,ff67f1985ea8a9c639de2e1985ae4cf7","logger":"cosmos.dbt.graph","filename":"graph.py","lineno":898}
{"timestamp":"2026-08-28T12:30:27.615529Z","level":"info","event":"Total nodes: 91","logger":"cosmos.dbt.graph","filename":"graph.py","lineno":799}
{"timestamp":"2026-08-28T12:30:27.615596Z","level":"info","event":"Total filtered nodes: 91","logger":"cosmos.dbt.graph","filename":"graph.py","lineno":800}
{"timestamp":"2026-08-28T12:30:27.615673Z","level":"info","event":"Cosmos performance (verdanta_daily__dbt_daily) - [46e70e30ac03|4165]: It took 0.147s to parse the dbt project for DAG using LoadMode.DBT_LS_CACHE","logger":"cosmos.converter","filename":"converter.py","lineno":371}
{"timestamp":"2026-08-28T12:30:27.686814Z","level":"info","event":"Cosmos performance (verdanta_daily__dbt_daily) - [46e70e30ac03|4165]: It took 0.0711s to build the Airflow DAG.","logger":"cosmos.converter","filename":"converter.py","lineno":423}
{"timestamp":"2026-08-28T12:30:27.686978Z","level":"info","event":"::endgroup::Cosmos DAG parsing logs","logger":"cosmos.converter","filename":"converter.py","lineno":430}
{"timestamp":"2026-08-28T12:30:27.687507Z","level":"warning","event":"Using Variable.get from `airflow.models` is deprecated.Please use `get` on Variable from sdk(`airflow.sdk.Variable`) instead","category":"UserWarning","filename":"/home/airflow/.local/lib/python3.13/site-packages/airflow/models/variable.py","lineno":158,"logger":"py.warnings"}
{"timestamp":"2026-08-28T12:30:58.223965Z","level":"info","event":"Filling up the DagBag from /opt/airflow/dags/verdanta_daily.py","logger":"airflow.dag_processing.dagbag.BundleDagBag","filename":"dagbag.py","lineno":469}
{"timestamp":"2026-08-28T12:30:58.297042Z","level":"info","event":"::group::Cosmos DAG parsing logs","logger":"cosmos.converter","filename":"converter.py","lineno":321}
{"timestamp":"2026-08-28T12:30:58.300571Z","level":"info","event":"Cosmos cache dir resolved to /tmp/cosmos/verdanta_daily__dbt_daily","logger":"cosmos.converter","filename":"converter.py","lineno":346}
{"timestamp":"2026-08-28T12:30:58.300773Z","level":"info","event":"Trying to parse the dbt project using dbt ls cache cosmos_cache__verdanta_daily__dbt_daily...","logger":"cosmos.dbt.graph","filename":"graph.py","lineno":869}
{"timestamp":"2026-08-28T12:30:58.449615Z","level":"info","event":"Cosmos performance: time to calculate cache identifier cosmos_cache__verdanta_daily__dbt_daily for current version: 0.13005302800047502","logger":"cosmos.cache","filename":"cache.py","lineno":401}
{"timestamp":"2026-08-28T12:30:58.449853Z","level":"info","event":"Cosmos performance [46e70e30ac03|4201]: The cache size for cosmos_cache__verdanta_daily__dbt_daily is 81421","logger":"cosmos.dbt.graph","filename":"graph.py","lineno":886}
{"timestamp":"2026-08-28T12:30:58.452901Z","level":"info","event":"Cosmos performance: Cache hit for cosmos_cache__verdanta_daily__dbt_daily - 7ef252dbf94f4e7f8dda113986a456cc,ff67f1985ea8a9c639de2e1985ae4cf7","logger":"cosmos.dbt.graph","filename":"graph.py","lineno":898}
{"timestamp":"2026-08-28T12:30:58.453115Z","level":"info","event":"Total nodes: 91","logger":"cosmos.dbt.graph","filename":"graph.py","lineno":799}
{"timestamp":"2026-08-28T12:30:58.453185Z","level":"info","event":"Total filtered nodes: 91","logger":"cosmos.dbt.graph","filename":"graph.py","lineno":800}
{"timestamp":"2026-08-28T12:30:58.453267Z","level":"info","event":"Cosmos performance (verdanta_daily__dbt_daily) - [46e70e30ac03|4201]: It took 0.153s to parse the dbt project for DAG using LoadMode.DBT_LS_CACHE","logger":"cosmos.converter","filename":"converter.py","lineno":371}
{"timestamp":"2026-08-28T12:30:58.527833Z","level":"info","event":"Cosmos performance (verdanta_daily__dbt_daily) - [46e70e30ac03|4201]: It took 0.0744s to build the Airflow DAG.","logger":"cosmos.converter","filename":"converter.py","lineno":423}
{"timestamp":"2026-08-28T12:30:58.528017Z","level":"info","event":"::endgroup::Cosmos DAG parsing logs","logger":"cosmos.converter","filename":"converter.py","lineno":430}
{"timestamp":"2026-08-28T12:30:58.528646Z","level":"warning","event":"Using Variable.get from `airflow.models` is deprecated.Please use `get` on Variable from sdk(`airflow.sdk.Variable`) instead","category":"UserWarning","filename":"/home/airflow/.local/lib/python3.13/site-packages/airflow/models/variable.py","lineno":158,"logger":"py.warnings"}
{"timestamp":"2026-08-28T12:31:28.910011Z","level":"info","event":"Filling up the DagBag from /opt/airflow/dags/verdanta_daily.py","logger":"airflow.dag_processing.dagbag.BundleDagBag","filename":"dagbag.py","lineno":469}
{"timestamp":"2026-08-28T12:31:28.978403Z","level":"info","event":"::group::Cosmos DAG parsing logs","logger":"cosmos.converter","filename":"converter.py","lineno":321}
{"timestamp":"2026-08-28T12:31:28.981640Z","level":"info","event":"Cosmos cache dir resolved to /tmp/cosmos/verdanta_daily__dbt_daily","logger":"cosmos.converter","filename":"converter.py","lineno":346}
{"timestamp":"2026-08-28T12:31:28.981884Z","level":"info","event":"Trying to parse the dbt project using dbt ls cache cosmos_cache__verdanta_daily__dbt_daily...","logger":"cosmos.dbt.graph","filename":"graph.py","lineno":869}
{"timestamp":"2026-08-28T12:31:29.120917Z","level":"info","event":"Cosmos performance: time to calculate cache identifier cosmos_cache__verdanta_daily__dbt_daily for current version: 0.12153963800028578","logger":"cosmos.cache","filename":"cache.py","lineno":401}
{"timestamp":"2026-08-28T12:31:29.121149Z","level":"info","event":"Cosmos performance [46e70e30ac03|4237]: The cache size for cosmos_cache__verdanta_daily__dbt_daily is 81421","logger":"cosmos.dbt.graph","filename":"graph.py","lineno":886}
{"timestamp":"2026-08-28T12:31:29.124071Z","level":"info","event":"Cosmos performance: Cache hit for cosmos_cache__verdanta_daily__dbt_daily - 7ef252dbf94f4e7f8dda113986a456cc,ff67f1985ea8a9c639de2e1985ae4cf7","logger":"cosmos.dbt.graph","filename":"graph.py","lineno":898}
{"timestamp":"2026-08-28T12:31:29.124282Z","level":"info","event":"Total nodes: 91","logger":"cosmos.dbt.graph","filename":"graph.py","lineno":799}
{"timestamp":"2026-08-28T12:31:29.124348Z","level":"info","event":"Total filtered nodes: 91","logger":"cosmos.dbt.graph","filename":"graph.py","lineno":800}
{"timestamp":"2026-08-28T12:31:29.124418Z","level":"info","event":"Cosmos performance (verdanta_daily__dbt_daily) - [46e70e30ac03|4237]: It took 0.143s to parse the dbt project for DAG using LoadMode.DBT_LS_CACHE","logger":"cosmos.converter","filename":"converter.py","lineno":371}
{"timestamp":"2026-08-28T12:31:29.195436Z","level":"info","event":"Cosmos performance (verdanta_daily__dbt_daily) - [46e70e30ac03|4237]: It took 0.071s to build the Airflow DAG.","logger":"cosmos.converter","filename":"converter.py","lineno":423}
{"timestamp":"2026-08-28T12:31:29.195619Z","level":"info","event":"::endgroup::Cosmos DAG parsing logs","logger":"cosmos.converter","filename":"converter.py","lineno":430}
{"timestamp":"2026-08-28T12:31:29.196162Z","level":"warning","event":"Using Variable.get from `airflow.models` is deprecated.Please use `get` on Variable from sdk(`airflow.sdk.Variable`) instead","category":"UserWarning","filename":"/home/airflow/.local/lib/python3.13/site-packages/airflow/models/variable.py","lineno":158,"logger":"py.warnings"}
{"timestamp":"2026-08-28T12:31:59.527733Z","level":"info","event":"Filling up the DagBag from /opt/airflow/dags/verdanta_daily.py","logger":"airflow.dag_processing.dagbag.BundleDagBag","filename":"dagbag.py","lineno":469}
{"timestamp":"2026-08-28T12:31:59.612232Z","level":"info","event":"::group::Cosmos DAG parsing logs","logger":"cosmos.converter","filename":"converter.py","lineno":321}
{"timestamp":"2026-08-28T12:31:59.616668Z","level":"info","event":"Cosmos cache dir resolved to /tmp/cosmos/verdanta_daily__dbt_daily","logger":"cosmos.converter","filename":"converter.py","lineno":346}
{"timestamp":"2026-08-28T12:31:59.616950Z","level":"info","event":"Trying to parse the dbt project using dbt ls cache cosmos_cache__verdanta_daily__dbt_daily...","logger":"cosmos.dbt.graph","filename":"graph.py","lineno":869}
{"timestamp":"2026-08-28T12:31:59.780181Z","level":"info","event":"Cosmos performance: time to calculate cache identifier cosmos_cache__verdanta_daily__dbt_daily for current version: 0.14246044199990138","logger":"cosmos.cache","filename":"cache.py","lineno":401}
{"timestamp":"2026-08-28T12:31:59.780446Z","level":"info","event":"Cosmos performance [46e70e30ac03|4255]: The cache size for cosmos_cache__verdanta_daily__dbt_daily is 81421","logger":"cosmos.dbt.graph","filename":"graph.py","lineno":886}
{"timestamp":"2026-08-28T12:31:59.782972Z","level":"info","event":"Cosmos performance: Cache hit for cosmos_cache__verdanta_daily__dbt_daily - 7ef252dbf94f4e7f8dda113986a456cc,ff67f1985ea8a9c639de2e1985ae4cf7","logger":"cosmos.dbt.graph","filename":"graph.py","lineno":898}
{"timestamp":"2026-08-28T12:31:59.783189Z","level":"info","event":"Total nodes: 91","logger":"cosmos.dbt.graph","filename":"graph.py","lineno":799}
{"timestamp":"2026-08-28T12:31:59.783264Z","level":"info","event":"Total filtered nodes: 91","logger":"cosmos.dbt.graph","filename":"graph.py","lineno":800}
{"timestamp":"2026-08-28T12:31:59.783339Z","level":"info","event":"Cosmos performance (verdanta_daily__dbt_daily) - [46e70e30ac03|4255]: It took 0.166s to parse the dbt project for DAG using LoadMode.DBT_LS_CACHE","logger":"cosmos.converter","filename":"converter.py","lineno":371}
{"timestamp":"2026-08-28T12:31:59.900085Z","level":"info","event":"Cosmos performance (verdanta_daily__dbt_daily) - [46e70e30ac03|4255]: It took 0.117s to build the Airflow DAG.","logger":"cosmos.converter","filename":"converter.py","lineno":423}
{"timestamp":"2026-08-28T12:31:59.900449Z","level":"info","event":"::endgroup::Cosmos DAG parsing logs","logger":"cosmos.converter","filename":"converter.py","lineno":430}
{"timestamp":"2026-08-28T12:31:59.901509Z","level":"warning","event":"Using Variable.get from `airflow.models` is deprecated.Please use `get` on Variable from sdk(`airflow.sdk.Variable`) instead","category":"UserWarning","filename":"/home/airflow/.local/lib/python3.13/site-packages/airflow/models/variable.py","lineno":158,"logger":"py.warnings"}
{"timestamp":"2026-08-28T12:32:30.060014Z","level":"info","event":"Filling up the DagBag from /opt/airflow/dags/verdanta_daily.py","logger":"airflow.dag_processing.dagbag.BundleDagBag","filename":"dagbag.py","lineno":469}
{"timestamp":"2026-08-28T12:32:30.150114Z","level":"info","event":"::group::Cosmos DAG parsing logs","logger":"cosmos.converter","filename":"converter.py","lineno":321}
{"timestamp":"2026-08-28T12:32:30.154552Z","level":"info","event":"Cosmos cache dir resolved to /tmp/cosmos/verdanta_daily__dbt_daily","logger":"cosmos.converter","filename":"converter.py","lineno":346}
{"timestamp":"2026-08-28T12:32:30.154862Z","level":"info","event":"Trying to parse the dbt project using dbt ls cache cosmos_cache__verdanta_daily__dbt_daily...","logger":"cosmos.dbt.graph","filename":"graph.py","lineno":869}
{"timestamp":"2026-08-28T12:32:30.320849Z","level":"info","event":"Cosmos performance: time to calculate cache identifier cosmos_cache__verdanta_daily__dbt_daily for current version: 0.14467055099976278","logger":"cosmos.cache","filename":"cache.py","lineno":401}
{"timestamp":"2026-08-28T12:32:30.321185Z","level":"info","event":"Cosmos performance [46e70e30ac03|4288]: The cache size for cosmos_cache__verdanta_daily__dbt_daily is 81421","logger":"cosmos.dbt.graph","filename":"graph.py","lineno":886}
{"timestamp":"2026-08-28T12:32:30.324015Z","level":"info","event":"Cosmos performance: Cache hit for cosmos_cache__verdanta_daily__dbt_daily - 7ef252dbf94f4e7f8dda113986a456cc,ff67f1985ea8a9c639de2e1985ae4cf7","logger":"cosmos.dbt.graph","filename":"graph.py","lineno":898}
{"timestamp":"2026-08-28T12:32:30.324312Z","level":"info","event":"Total nodes: 91","logger":"cosmos.dbt.graph","filename":"graph.py","lineno":799}
{"timestamp":"2026-08-28T12:32:30.324419Z","level":"info","event":"Total filtered nodes: 91","logger":"cosmos.dbt.graph","filename":"graph.py","lineno":800}
{"timestamp":"2026-08-28T12:32:30.324521Z","level":"info","event":"Cosmos performance (verdanta_daily__dbt_daily) - [46e70e30ac03|4288]: It took 0.17s to parse the dbt project for DAG using LoadMode.DBT_LS_CACHE","logger":"cosmos.converter","filename":"converter.py","lineno":371}
{"timestamp":"2026-08-28T12:32:30.409541Z","level":"info","event":"Cosmos performance (verdanta_daily__dbt_daily) - [46e70e30ac03|4288]: It took 0.0849s to build the Airflow DAG.","logger":"cosmos.converter","filename":"converter.py","lineno":423}
{"timestamp":"2026-08-28T12:32:30.409779Z","level":"info","event":"::endgroup::Cosmos DAG parsing logs","logger":"cosmos.converter","filename":"converter.py","lineno":430}
{"timestamp":"2026-08-28T12:32:30.410536Z","level":"warning","event":"Using Variable.get from `airflow.models` is deprecated.Please use `get` on Variable from sdk(`airflow.sdk.Variable`) instead","category":"UserWarning","filename":"/home/airflow/.local/lib/python3.13/site-packages/airflow/models/variable.py","lineno":158,"logger":"py.warnings"}
{"timestamp":"2026-08-28T12:33:01.414641Z","level":"info","event":"Filling up the DagBag from /opt/airflow/dags/verdanta_daily.py","logger":"airflow.dag_processing.dagbag.BundleDagBag","filename":"dagbag.py","lineno":469}
{"timestamp":"2026-08-28T12:33:01.496581Z","level":"info","event":"::group::Cosmos DAG parsing logs","logger":"cosmos.converter","filename":"converter.py","lineno":321}
{"timestamp":"2026-08-28T12:33:01.504600Z","level":"info","event":"Cosmos cache dir resolved to /tmp/cosmos/verdanta_daily__dbt_daily","logger":"cosmos.converter","filename":"converter.py","lineno":346}
{"timestamp":"2026-08-28T12:33:01.504842Z","level":"info","event":"Trying to parse the dbt project using dbt ls cache cosmos_cache__verdanta_daily__dbt_daily...","logger":"cosmos.dbt.graph","filename":"graph.py","lineno":869}
{"timestamp":"2026-08-28T12:33:01.669345Z","level":"info","event":"Cosmos performance: time to calculate cache identifier cosmos_cache__verdanta_daily__dbt_daily for current version: 0.15034896599991043","logger":"cosmos.cache","filename":"cache.py","lineno":401}
{"timestamp":"2026-08-28T12:33:01.669558Z","level":"info","event":"Cosmos performance [46e70e30ac03|4323]: The cache size for cosmos_cache__verdanta_daily__dbt_daily is 81421","logger":"cosmos.dbt.graph","filename":"graph.py","lineno":886}
{"timestamp":"2026-08-28T12:33:01.672095Z","level":"info","event":"Cosmos performance: Cache hit for cosmos_cache__verdanta_daily__dbt_daily - 7ef252dbf94f4e7f8dda113986a456cc,ff67f1985ea8a9c639de2e1985ae4cf7","logger":"cosmos.dbt.graph","filename":"graph.py","lineno":898}
{"timestamp":"2026-08-28T12:33:01.672317Z","level":"info","event":"Total nodes: 91","logger":"cosmos.dbt.graph","filename":"graph.py","lineno":799}
{"timestamp":"2026-08-28T12:33:01.672383Z","level":"info","event":"Total filtered nodes: 91","logger":"cosmos.dbt.graph","filename":"graph.py","lineno":800}
{"timestamp":"2026-08-28T12:33:01.672458Z","level":"info","event":"Cosmos performance (verdanta_daily__dbt_daily) - [46e70e30ac03|4323]: It took 0.168s to parse the dbt project for DAG using LoadMode.DBT_LS_CACHE","logger":"cosmos.converter","filename":"converter.py","lineno":371}
{"timestamp":"2026-08-28T12:33:01.759506Z","level":"info","event":"Cosmos performance (verdanta_daily__dbt_daily) - [46e70e30ac03|4323]: It took 0.087s to build the Airflow DAG.","logger":"cosmos.converter","filename":"converter.py","lineno":423}
{"timestamp":"2026-08-28T12:33:01.759713Z","level":"info","event":"::endgroup::Cosmos DAG parsing logs","logger":"cosmos.converter","filename":"converter.py","lineno":430}
{"timestamp":"2026-08-28T12:33:01.760387Z","level":"warning","event":"Using Variable.get from `airflow.models` is deprecated.Please use `get` on Variable from sdk(`airflow.sdk.Variable`) instead","category":"UserWarning","filename":"/home/airflow/.local/lib/python3.13/site-packages/airflow/models/variable.py","lineno":158,"logger":"py.warnings"}
{"timestamp":"2026-08-28T12:33:32.500536Z","level":"info","event":"Filling up the DagBag from /opt/airflow/dags/verdanta_daily.py","logger":"airflow.dag_processing.dagbag.BundleDagBag","filename":"dagbag.py","lineno":469}
{"timestamp":"2026-08-28T12:33:32.578258Z","level":"info","event":"::group::Cosmos DAG parsing logs","logger":"cosmos.converter","filename":"converter.py","lineno":321}
{"timestamp":"2026-08-28T12:33:32.582994Z","level":"info","event":"Cosmos cache dir resolved to /tmp/cosmos/verdanta_daily__dbt_daily","logger":"cosmos.converter","filename":"converter.py","lineno":346}
{"timestamp":"2026-08-28T12:33:32.583230Z","level":"info","event":"Trying to parse the dbt project using dbt ls cache cosmos_cache__verdanta_daily__dbt_daily...","logger":"cosmos.dbt.graph","filename":"graph.py","lineno":869}
{"timestamp":"2026-08-28T12:33:32.731385Z","level":"info","event":"Cosmos performance: time to calculate cache identifier cosmos_cache__verdanta_daily__dbt_daily for current version: 0.13195772800008854","logger":"cosmos.cache","filename":"cache.py","lineno":401}
{"timestamp":"2026-08-28T12:33:32.731624Z","level":"info","event":"Cosmos performance [46e70e30ac03|4352]: The cache size for cosmos_cache__verdanta_daily__dbt_daily is 81421","logger":"cosmos.dbt.graph","filename":"graph.py","lineno":886}
{"timestamp":"2026-08-28T12:33:32.733968Z","level":"info","event":"Cosmos performance: Cache hit for cosmos_cache__verdanta_daily__dbt_daily - 7ef252dbf94f4e7f8dda113986a456cc,ff67f1985ea8a9c639de2e1985ae4cf7","logger":"cosmos.dbt.graph","filename":"graph.py","lineno":898}
{"timestamp":"2026-08-28T12:33:32.734185Z","level":"info","event":"Total nodes: 91","logger":"cosmos.dbt.graph","filename":"graph.py","lineno":799}
{"timestamp":"2026-08-28T12:33:32.734251Z","level":"info","event":"Total filtered nodes: 91","logger":"cosmos.dbt.graph","filename":"graph.py","lineno":800}
{"timestamp":"2026-08-28T12:33:32.734325Z","level":"info","event":"Cosmos performance (verdanta_daily__dbt_daily) - [46e70e30ac03|4352]: It took 0.151s to parse the dbt project for DAG using LoadMode.DBT_LS_CACHE","logger":"cosmos.converter","filename":"converter.py","lineno":371}
{"timestamp":"2026-08-28T12:33:32.815892Z","level":"info","event":"Cosmos performance (verdanta_daily__dbt_daily) - [46e70e30ac03|4352]: It took 0.0815s to build the Airflow DAG.","logger":"cosmos.converter","filename":"converter.py","lineno":423}
{"timestamp":"2026-08-28T12:33:32.816064Z","level":"info","event":"::endgroup::Cosmos DAG parsing logs","logger":"cosmos.converter","filename":"converter.py","lineno":430}
{"timestamp":"2026-08-28T12:33:32.816662Z","level":"warning","event":"Using Variable.get from `airflow.models` is deprecated.Please use `get` on Variable from sdk(`airflow.sdk.Variable`) instead","category":"UserWarning","filename":"/home/airflow/.local/lib/python3.13/site-packages/airflow/models/variable.py","lineno":158,"logger":"py.warnings"}
{"timestamp":"2026-08-28T12:34:03.030250Z","level":"info","event":"Filling up the DagBag from /opt/airflow/dags/verdanta_daily.py","logger":"airflow.dag_processing.dagbag.BundleDagBag","filename":"dagbag.py","lineno":469}
{"timestamp":"2026-08-28T12:34:03.108018Z","level":"info","event":"::group::Cosmos DAG parsing logs","logger":"cosmos.converter","filename":"converter.py","lineno":321}
{"timestamp":"2026-08-28T12:34:03.112335Z","level":"info","event":"Cosmos cache dir resolved to /tmp/cosmos/verdanta_daily__dbt_daily","logger":"cosmos.converter","filename":"converter.py","lineno":346}
{"timestamp":"2026-08-28T12:34:03.112587Z","level":"info","event":"Trying to parse the dbt project using dbt ls cache cosmos_cache__verdanta_daily__dbt_daily...","logger":"cosmos.dbt.graph","filename":"graph.py","lineno":869}
{"timestamp":"2026-08-28T12:34:03.262824Z","level":"info","event":"Cosmos performance: time to calculate cache identifier cosmos_cache__verdanta_daily__dbt_daily for current version: 0.13244337900050596","logger":"cosmos.cache","filename":"cache.py","lineno":401}
{"timestamp":"2026-08-28T12:34:03.263062Z","level":"info","event":"Cosmos performance [46e70e30ac03|4388]: The cache size for cosmos_cache__verdanta_daily__dbt_daily is 81421","logger":"cosmos.dbt.graph","filename":"graph.py","lineno":886}
{"timestamp":"2026-08-28T12:34:03.265419Z","level":"info","event":"Cosmos performance: Cache hit for cosmos_cache__verdanta_daily__dbt_daily - 7ef252dbf94f4e7f8dda113986a456cc,ff67f1985ea8a9c639de2e1985ae4cf7","logger":"cosmos.dbt.graph","filename":"graph.py","lineno":898}
{"timestamp":"2026-08-28T12:34:03.265696Z","level":"info","event":"Total nodes: 91","logger":"cosmos.dbt.graph","filename":"graph.py","lineno":799}
{"timestamp":"2026-08-28T12:34:03.265788Z","level":"info","event":"Total filtered nodes: 91","logger":"cosmos.dbt.graph","filename":"graph.py","lineno":800}
{"timestamp":"2026-08-28T12:34:03.265874Z","level":"info","event":"Cosmos performance (verdanta_daily__dbt_daily) - [46e70e30ac03|4388]: It took 0.153s to parse the dbt project for DAG using LoadMode.DBT_LS_CACHE","logger":"cosmos.converter","filename":"converter.py","lineno":371}
{"timestamp":"2026-08-28T12:34:03.342239Z","level":"info","event":"Cosmos performance (verdanta_daily__dbt_daily) - [46e70e30ac03|4388]: It took 0.0763s to build the Airflow DAG.","logger":"cosmos.converter","filename":"converter.py","lineno":423}
{"timestamp":"2026-08-28T12:34:03.342417Z","level":"info","event":"::endgroup::Cosmos DAG parsing logs","logger":"cosmos.converter","filename":"converter.py","lineno":430}
{"timestamp":"2026-08-28T12:34:03.343002Z","level":"warning","event":"Using Variable.get from `airflow.models` is deprecated.Please use `get` on Variable from sdk(`airflow.sdk.Variable`) instead","category":"UserWarning","filename":"/home/airflow/.local/lib/python3.13/site-packages/airflow/models/variable.py","lineno":158,"logger":"py.warnings"}
{"timestamp":"2026-08-28T12:34:33.879873Z","level":"info","event":"Filling up the DagBag from /opt/airflow/dags/verdanta_daily.py","logger":"airflow.dag_processing.dagbag.BundleDagBag","filename":"dagbag.py","lineno":469}
{"timestamp":"2026-08-28T12:34:33.954151Z","level":"info","event":"::group::Cosmos DAG parsing logs","logger":"cosmos.converter","filename":"converter.py","lineno":321}
{"timestamp":"2026-08-28T12:34:33.958258Z","level":"info","event":"Cosmos cache dir resolved to /tmp/cosmos/verdanta_daily__dbt_daily","logger":"cosmos.converter","filename":"converter.py","lineno":346}
{"timestamp":"2026-08-28T12:34:33.958471Z","level":"info","event":"Trying to parse the dbt project using dbt ls cache cosmos_cache__verdanta_daily__dbt_daily...","logger":"cosmos.dbt.graph","filename":"graph.py","lineno":869}
{"timestamp":"2026-08-28T12:34:34.117671Z","level":"info","event":"Cosmos performance: time to calculate cache identifier cosmos_cache__verdanta_daily__dbt_daily for current version: 0.14154830499956006","logger":"cosmos.cache","filename":"cache.py","lineno":401}
{"timestamp":"2026-08-28T12:34:34.118077Z","level":"info","event":"Cosmos performance [46e70e30ac03|4406]: The cache size for cosmos_cache__verdanta_daily__dbt_daily is 81421","logger":"cosmos.dbt.graph","filename":"graph.py","lineno":886}
{"timestamp":"2026-08-28T12:34:34.121745Z","level":"info","event":"Cosmos performance: Cache hit for cosmos_cache__verdanta_daily__dbt_daily - 7ef252dbf94f4e7f8dda113986a456cc,ff67f1985ea8a9c639de2e1985ae4cf7","logger":"cosmos.dbt.graph","filename":"graph.py","lineno":898}
{"timestamp":"2026-08-28T12:34:34.122062Z","level":"info","event":"Total nodes: 91","logger":"cosmos.dbt.graph","filename":"graph.py","lineno":799}
{"timestamp":"2026-08-28T12:34:34.122158Z","level":"info","event":"Total filtered nodes: 91","logger":"cosmos.dbt.graph","filename":"graph.py","lineno":800}
{"timestamp":"2026-08-28T12:34:34.122239Z","level":"info","event":"Cosmos performance (verdanta_daily__dbt_daily) - [46e70e30ac03|4406]: It took 0.164s to parse the dbt project for DAG using LoadMode.DBT_LS_CACHE","logger":"cosmos.converter","filename":"converter.py","lineno":371}
{"timestamp":"2026-08-28T12:34:34.222872Z","level":"info","event":"Cosmos performance (verdanta_daily__dbt_daily) - [46e70e30ac03|4406]: It took 0.101s to build the Airflow DAG.","logger":"cosmos.converter","filename":"converter.py","lineno":423}
{"timestamp":"2026-08-28T12:34:34.223064Z","level":"info","event":"::endgroup::Cosmos DAG parsing logs","logger":"cosmos.converter","filename":"converter.py","lineno":430}
{"timestamp":"2026-08-28T12:34:34.223830Z","level":"warning","event":"Using Variable.get from `airflow.models` is deprecated.Please use `get` on Variable from sdk(`airflow.sdk.Variable`) instead","category":"UserWarning","filename":"/home/airflow/.local/lib/python3.13/site-packages/airflow/models/variable.py","lineno":158,"logger":"py.warnings"}
{"timestamp":"2026-08-28T12:35:04.409573Z","level":"info","event":"Filling up the DagBag from /opt/airflow/dags/verdanta_daily.py","logger":"airflow.dag_processing.dagbag.BundleDagBag","filename":"dagbag.py","lineno":469}
{"timestamp":"2026-08-28T12:35:04.483546Z","level":"info","event":"::group::Cosmos DAG parsing logs","logger":"cosmos.converter","filename":"converter.py","lineno":321}
{"timestamp":"2026-08-28T12:35:04.487285Z","level":"info","event":"Cosmos cache dir resolved to /tmp/cosmos/verdanta_daily__dbt_daily","logger":"cosmos.converter","filename":"converter.py","lineno":346}
{"timestamp":"2026-08-28T12:35:04.487532Z","level":"info","event":"Trying to parse the dbt project using dbt ls cache cosmos_cache__verdanta_daily__dbt_daily...","logger":"cosmos.dbt.graph","filename":"graph.py","lineno":869}
{"timestamp":"2026-08-28T12:35:04.630543Z","level":"info","event":"Cosmos performance: time to calculate cache identifier cosmos_cache__verdanta_daily__dbt_daily for current version: 0.12801930400019046","logger":"cosmos.cache","filename":"cache.py","lineno":401}
{"timestamp":"2026-08-28T12:35:04.630779Z","level":"info","event":"Cosmos performance [46e70e30ac03|4438]: The cache size for cosmos_cache__verdanta_daily__dbt_daily is 81421","logger":"cosmos.dbt.graph","filename":"graph.py","lineno":886}
{"timestamp":"2026-08-28T12:35:04.633566Z","level":"info","event":"Cosmos performance: Cache hit for cosmos_cache__verdanta_daily__dbt_daily - 7ef252dbf94f4e7f8dda113986a456cc,ff67f1985ea8a9c639de2e1985ae4cf7","logger":"cosmos.dbt.graph","filename":"graph.py","lineno":898}
{"timestamp":"2026-08-28T12:35:04.633762Z","level":"info","event":"Total nodes: 91","logger":"cosmos.dbt.graph","filename":"graph.py","lineno":799}
{"timestamp":"2026-08-28T12:35:04.633827Z","level":"info","event":"Total filtered nodes: 91","logger":"cosmos.dbt.graph","filename":"graph.py","lineno":800}
{"timestamp":"2026-08-28T12:35:04.633898Z","level":"info","event":"Cosmos performance (verdanta_daily__dbt_daily) - [46e70e30ac03|4438]: It took 0.146s to parse the dbt project for DAG using LoadMode.DBT_LS_CACHE","logger":"cosmos.converter","filename":"converter.py","lineno":371}
{"timestamp":"2026-08-28T12:35:04.705698Z","level":"info","event":"Cosmos performance (verdanta_daily__dbt_daily) - [46e70e30ac03|4438]: It took 0.0717s to build the Airflow DAG.","logger":"cosmos.converter","filename":"converter.py","lineno":423}
{"timestamp":"2026-08-28T12:35:04.705874Z","level":"info","event":"::endgroup::Cosmos DAG parsing logs","logger":"cosmos.converter","filename":"converter.py","lineno":430}
{"timestamp":"2026-08-28T12:35:04.706429Z","level":"warning","event":"Using Variable.get from `airflow.models` is deprecated.Please use `get` on Variable from sdk(`airflow.sdk.Variable`) instead","category":"UserWarning","filename":"/home/airflow/.local/lib/python3.13/site-packages/airflow/models/variable.py","lineno":158,"logger":"py.warnings"}
{"timestamp":"2026-08-28T12:35:35.601129Z","level":"info","event":"Filling up the DagBag from /opt/airflow/dags/verdanta_daily.py","logger":"airflow.dag_processing.dagbag.BundleDagBag","filename":"dagbag.py","lineno":469}
{"timestamp":"2026-08-28T12:35:35.666235Z","level":"info","event":"::group::Cosmos DAG parsing logs","logger":"cosmos.converter","filename":"converter.py","lineno":321}
{"timestamp":"2026-08-28T12:35:35.669549Z","level":"info","event":"Cosmos cache dir resolved to /tmp/cosmos/verdanta_daily__dbt_daily","logger":"cosmos.converter","filename":"converter.py","lineno":346}
{"timestamp":"2026-08-28T12:35:35.669904Z","level":"info","event":"Trying to parse the dbt project using dbt ls cache cosmos_cache__verdanta_daily__dbt_daily...","logger":"cosmos.dbt.graph","filename":"graph.py","lineno":869}
{"timestamp":"2026-08-28T12:35:35.814646Z","level":"info","event":"Cosmos performance: time to calculate cache identifier cosmos_cache__verdanta_daily__dbt_daily for current version: 0.12860043399996357","logger":"cosmos.cache","filename":"cache.py","lineno":401}
{"timestamp":"2026-08-28T12:35:35.814877Z","level":"info","event":"Cosmos performance [46e70e30ac03|4474]: The cache size for cosmos_cache__verdanta_daily__dbt_daily is 81421","logger":"cosmos.dbt.graph","filename":"graph.py","lineno":886}
{"timestamp":"2026-08-28T12:35:35.817161Z","level":"info","event":"Cosmos performance: Cache hit for cosmos_cache__verdanta_daily__dbt_daily - 7ef252dbf94f4e7f8dda113986a456cc,ff67f1985ea8a9c639de2e1985ae4cf7","logger":"cosmos.dbt.graph","filename":"graph.py","lineno":898}
{"timestamp":"2026-08-28T12:35:35.817363Z","level":"info","event":"Total nodes: 91","logger":"cosmos.dbt.graph","filename":"graph.py","lineno":799}
{"timestamp":"2026-08-28T12:35:35.817426Z","level":"info","event":"Total filtered nodes: 91","logger":"cosmos.dbt.graph","filename":"graph.py","lineno":800}
{"timestamp":"2026-08-28T12:35:35.817500Z","level":"info","event":"Cosmos performance (verdanta_daily__dbt_daily) - [46e70e30ac03|4474]: It took 0.148s to parse the dbt project for DAG using LoadMode.DBT_LS_CACHE","logger":"cosmos.converter","filename":"converter.py","lineno":371}
{"timestamp":"2026-08-28T12:35:35.889750Z","level":"info","event":"Cosmos performance (verdanta_daily__dbt_daily) - [46e70e30ac03|4474]: It took 0.0722s to build the Airflow DAG.","logger":"cosmos.converter","filename":"converter.py","lineno":423}
{"timestamp":"2026-08-28T12:35:35.889917Z","level":"info","event":"::endgroup::Cosmos DAG parsing logs","logger":"cosmos.converter","filename":"converter.py","lineno":430}
{"timestamp":"2026-08-28T12:35:35.890448Z","level":"warning","event":"Using Variable.get from `airflow.models` is deprecated.Please use `get` on Variable from sdk(`airflow.sdk.Variable`) instead","category":"UserWarning","filename":"/home/airflow/.local/lib/python3.13/site-packages/airflow/models/variable.py","lineno":158,"logger":"py.warnings"}
{"timestamp":"2026-08-28T12:36:06.059158Z","level":"info","event":"Filling up the DagBag from /opt/airflow/dags/verdanta_daily.py","logger":"airflow.dag_processing.dagbag.BundleDagBag","filename":"dagbag.py","lineno":469}
{"timestamp":"2026-08-28T12:36:06.126558Z","level":"info","event":"::group::Cosmos DAG parsing logs","logger":"cosmos.converter","filename":"converter.py","lineno":321}
{"timestamp":"2026-08-28T12:36:06.129885Z","level":"info","event":"Cosmos cache dir resolved to /tmp/cosmos/verdanta_daily__dbt_daily","logger":"cosmos.converter","filename":"converter.py","lineno":346}
{"timestamp":"2026-08-28T12:36:06.130133Z","level":"info","event":"Trying to parse the dbt project using dbt ls cache cosmos_cache__verdanta_daily__dbt_daily...","logger":"cosmos.dbt.graph","filename":"graph.py","lineno":869}
{"timestamp":"2026-08-28T12:36:06.274606Z","level":"info","event":"Cosmos performance: time to calculate cache identifier cosmos_cache__verdanta_daily__dbt_daily for current version: 0.1256376999999702","logger":"cosmos.cache","filename":"cache.py","lineno":401}
{"timestamp":"2026-08-28T12:36:06.274843Z","level":"info","event":"Cosmos performance [46e70e30ac03|4510]: The cache size for cosmos_cache__verdanta_daily__dbt_daily is 81421","logger":"cosmos.dbt.graph","filename":"graph.py","lineno":886}
{"timestamp":"2026-08-28T12:36:06.277868Z","level":"info","event":"Cosmos performance: Cache hit for cosmos_cache__verdanta_daily__dbt_daily - 7ef252dbf94f4e7f8dda113986a456cc,ff67f1985ea8a9c639de2e1985ae4cf7","logger":"cosmos.dbt.graph","filename":"graph.py","lineno":898}
{"timestamp":"2026-08-28T12:36:06.278119Z","level":"info","event":"Total nodes: 91","logger":"cosmos.dbt.graph","filename":"graph.py","lineno":799}
{"timestamp":"2026-08-28T12:36:06.278296Z","level":"info","event":"Total filtered nodes: 91","logger":"cosmos.dbt.graph","filename":"graph.py","lineno":800}
{"timestamp":"2026-08-28T12:36:06.278394Z","level":"info","event":"Cosmos performance (verdanta_daily__dbt_daily) - [46e70e30ac03|4510]: It took 0.148s to parse the dbt project for DAG using LoadMode.DBT_LS_CACHE","logger":"cosmos.converter","filename":"converter.py","lineno":371}
{"timestamp":"2026-08-28T12:36:06.348787Z","level":"info","event":"Cosmos performance (verdanta_daily__dbt_daily) - [46e70e30ac03|4510]: It took 0.0703s to build the Airflow DAG.","logger":"cosmos.converter","filename":"converter.py","lineno":423}
{"timestamp":"2026-08-28T12:36:06.348950Z","level":"info","event":"::endgroup::Cosmos DAG parsing logs","logger":"cosmos.converter","filename":"converter.py","lineno":430}
{"timestamp":"2026-08-28T12:36:06.349454Z","level":"warning","event":"Using Variable.get from `airflow.models` is deprecated.Please use `get` on Variable from sdk(`airflow.sdk.Variable`) instead","category":"UserWarning","filename":"/home/airflow/.local/lib/python3.13/site-packages/airflow/models/variable.py","lineno":158,"logger":"py.warnings"}
{"timestamp":"2026-08-28T12:36:36.602553Z","level":"info","event":"Filling up the DagBag from /opt/airflow/dags/verdanta_daily.py","logger":"airflow.dag_processing.dagbag.BundleDagBag","filename":"dagbag.py","lineno":469}
{"timestamp":"2026-08-28T12:36:36.673124Z","level":"info","event":"::group::Cosmos DAG parsing logs","logger":"cosmos.converter","filename":"converter.py","lineno":321}
{"timestamp":"2026-08-28T12:36:36.676437Z","level":"info","event":"Cosmos cache dir resolved to /tmp/cosmos/verdanta_daily__dbt_daily","logger":"cosmos.converter","filename":"converter.py","lineno":346}
{"timestamp":"2026-08-28T12:36:36.676644Z","level":"info","event":"Trying to parse the dbt project using dbt ls cache cosmos_cache__verdanta_daily__dbt_daily...","logger":"cosmos.dbt.graph","filename":"graph.py","lineno":869}
{"timestamp":"2026-08-28T12:36:36.818294Z","level":"info","event":"Cosmos performance: time to calculate cache identifier cosmos_cache__verdanta_daily__dbt_daily for current version: 0.12463378500069666","logger":"cosmos.cache","filename":"cache.py","lineno":401}
{"timestamp":"2026-08-28T12:36:36.818537Z","level":"info","event":"Cosmos performance [46e70e30ac03|4546]: The cache size for cosmos_cache__verdanta_daily__dbt_daily is 81421","logger":"cosmos.dbt.graph","filename":"graph.py","lineno":886}
{"timestamp":"2026-08-28T12:36:36.821458Z","level":"info","event":"Cosmos performance: Cache hit for cosmos_cache__verdanta_daily__dbt_daily - 7ef252dbf94f4e7f8dda113986a456cc,ff67f1985ea8a9c639de2e1985ae4cf7","logger":"cosmos.dbt.graph","filename":"graph.py","lineno":898}
{"timestamp":"2026-08-28T12:36:36.821657Z","level":"info","event":"Total nodes: 91","logger":"cosmos.dbt.graph","filename":"graph.py","lineno":799}
{"timestamp":"2026-08-28T12:36:36.821721Z","level":"info","event":"Total filtered nodes: 91","logger":"cosmos.dbt.graph","filename":"graph.py","lineno":800}
{"timestamp":"2026-08-28T12:36:36.821798Z","level":"info","event":"Cosmos performance (verdanta_daily__dbt_daily) - [46e70e30ac03|4546]: It took 0.145s to parse the dbt project for DAG using LoadMode.DBT_LS_CACHE","logger":"cosmos.converter","filename":"converter.py","lineno":371}
{"timestamp":"2026-08-28T12:36:36.892266Z","level":"info","event":"Cosmos performance (verdanta_daily__dbt_daily) - [46e70e30ac03|4546]: It took 0.0704s to build the Airflow DAG.","logger":"cosmos.converter","filename":"converter.py","lineno":423}
{"timestamp":"2026-08-28T12:36:36.892478Z","level":"info","event":"::endgroup::Cosmos DAG parsing logs","logger":"cosmos.converter","filename":"converter.py","lineno":430}
{"timestamp":"2026-08-28T12:36:36.893091Z","level":"warning","event":"Using Variable.get from `airflow.models` is deprecated.Please use `get` on Variable from sdk(`airflow.sdk.Variable`) instead","category":"UserWarning","filename":"/home/airflow/.local/lib/python3.13/site-packages/airflow/models/variable.py","lineno":158,"logger":"py.warnings"}
{"timestamp":"2026-08-28T12:37:07.244891Z","level":"info","event":"Filling up the DagBag from /opt/airflow/dags/verdanta_daily.py","logger":"airflow.dag_processing.dagbag.BundleDagBag","filename":"dagbag.py","lineno":469}
{"timestamp":"2026-08-28T12:37:07.322724Z","level":"info","event":"::group::Cosmos DAG parsing logs","logger":"cosmos.converter","filename":"converter.py","lineno":321}
{"timestamp":"2026-08-28T12:37:07.326672Z","level":"info","event":"Cosmos cache dir resolved to /tmp/cosmos/verdanta_daily__dbt_daily","logger":"cosmos.converter","filename":"converter.py","lineno":346}
{"timestamp":"2026-08-28T12:37:07.326913Z","level":"info","event":"Trying to parse the dbt project using dbt ls cache cosmos_cache__verdanta_daily__dbt_daily...","logger":"cosmos.dbt.graph","filename":"graph.py","lineno":869}
{"timestamp":"2026-08-28T12:37:07.472716Z","level":"info","event":"Cosmos performance: time to calculate cache identifier cosmos_cache__verdanta_daily__dbt_daily for current version: 0.1291288929996881","logger":"cosmos.cache","filename":"cache.py","lineno":401}
{"timestamp":"2026-08-28T12:37:07.472934Z","level":"info","event":"Cosmos performance [46e70e30ac03|4579]: The cache size for cosmos_cache__verdanta_daily__dbt_daily is 81421","logger":"cosmos.dbt.graph","filename":"graph.py","lineno":886}
{"timestamp":"2026-08-28T12:37:07.476470Z","level":"info","event":"Cosmos performance: Cache hit for cosmos_cache__verdanta_daily__dbt_daily - 7ef252dbf94f4e7f8dda113986a456cc,ff67f1985ea8a9c639de2e1985ae4cf7","logger":"cosmos.dbt.graph","filename":"graph.py","lineno":898}
{"timestamp":"2026-08-28T12:37:07.476797Z","level":"info","event":"Total nodes: 91","logger":"cosmos.dbt.graph","filename":"graph.py","lineno":799}
{"timestamp":"2026-08-28T12:37:07.476895Z","level":"info","event":"Total filtered nodes: 91","logger":"cosmos.dbt.graph","filename":"graph.py","lineno":800}
{"timestamp":"2026-08-28T12:37:07.476976Z","level":"info","event":"Cosmos performance (verdanta_daily__dbt_daily) - [46e70e30ac03|4579]: It took 0.15s to parse the dbt project for DAG using LoadMode.DBT_LS_CACHE","logger":"cosmos.converter","filename":"converter.py","lineno":371}
{"timestamp":"2026-08-28T12:37:07.553451Z","level":"info","event":"Cosmos performance (verdanta_daily__dbt_daily) - [46e70e30ac03|4579]: It took 0.0764s to build the Airflow DAG.","logger":"cosmos.converter","filename":"converter.py","lineno":423}
{"timestamp":"2026-08-28T12:37:07.553626Z","level":"info","event":"::endgroup::Cosmos DAG parsing logs","logger":"cosmos.converter","filename":"converter.py","lineno":430}
{"timestamp":"2026-08-28T12:37:07.554180Z","level":"warning","event":"Using Variable.get from `airflow.models` is deprecated.Please use `get` on Variable from sdk(`airflow.sdk.Variable`) instead","category":"UserWarning","filename":"/home/airflow/.local/lib/python3.13/site-packages/airflow/models/variable.py","lineno":158,"logger":"py.warnings"}
{"timestamp":"2026-08-28T12:37:38.466378Z","level":"info","event":"Filling up the DagBag from /opt/airflow/dags/verdanta_daily.py","logger":"airflow.dag_processing.dagbag.BundleDagBag","filename":"dagbag.py","lineno":469}
{"timestamp":"2026-08-28T12:37:38.563439Z","level":"info","event":"::group::Cosmos DAG parsing logs","logger":"cosmos.converter","filename":"converter.py","lineno":321}
{"timestamp":"2026-08-28T12:37:38.567215Z","level":"info","event":"Cosmos cache dir resolved to /tmp/cosmos/verdanta_daily__dbt_daily","logger":"cosmos.converter","filename":"converter.py","lineno":346}
{"timestamp":"2026-08-28T12:37:38.567492Z","level":"info","event":"Trying to parse the dbt project using dbt ls cache cosmos_cache__verdanta_daily__dbt_daily...","logger":"cosmos.dbt.graph","filename":"graph.py","lineno":869}
{"timestamp":"2026-08-28T12:37:38.740155Z","level":"info","event":"Cosmos performance: time to calculate cache identifier cosmos_cache__verdanta_daily__dbt_daily for current version: 0.14868923599988193","logger":"cosmos.cache","filename":"cache.py","lineno":401}
{"timestamp":"2026-08-28T12:37:38.740428Z","level":"info","event":"Cosmos performance [46e70e30ac03|4596]: The cache size for cosmos_cache__verdanta_daily__dbt_daily is 81421","logger":"cosmos.dbt.graph","filename":"graph.py","lineno":886}
{"timestamp":"2026-08-28T12:37:38.743199Z","level":"info","event":"Cosmos performance: Cache hit for cosmos_cache__verdanta_daily__dbt_daily - 7ef252dbf94f4e7f8dda113986a456cc,ff67f1985ea8a9c639de2e1985ae4cf7","logger":"cosmos.dbt.graph","filename":"graph.py","lineno":898}
{"timestamp":"2026-08-28T12:37:38.743487Z","level":"info","event":"Total nodes: 91","logger":"cosmos.dbt.graph","filename":"graph.py","lineno":799}
{"timestamp":"2026-08-28T12:37:38.743597Z","level":"info","event":"Total filtered nodes: 91","logger":"cosmos.dbt.graph","filename":"graph.py","lineno":800}
{"timestamp":"2026-08-28T12:37:38.743680Z","level":"info","event":"Cosmos performance (verdanta_daily__dbt_daily) - [46e70e30ac03|4596]: It took 0.176s to parse the dbt project for DAG using LoadMode.DBT_LS_CACHE","logger":"cosmos.converter","filename":"converter.py","lineno":371}
{"timestamp":"2026-08-28T12:37:38.840261Z","level":"info","event":"Cosmos performance (verdanta_daily__dbt_daily) - [46e70e30ac03|4596]: It took 0.0965s to build the Airflow DAG.","logger":"cosmos.converter","filename":"converter.py","lineno":423}
{"timestamp":"2026-08-28T12:37:38.840460Z","level":"info","event":"::endgroup::Cosmos DAG parsing logs","logger":"cosmos.converter","filename":"converter.py","lineno":430}
{"timestamp":"2026-08-28T12:37:38.841331Z","level":"warning","event":"Using Variable.get from `airflow.models` is deprecated.Please use `get` on Variable from sdk(`airflow.sdk.Variable`) instead","category":"UserWarning","filename":"/home/airflow/.local/lib/python3.13/site-packages/airflow/models/variable.py","lineno":158,"logger":"py.warnings"}
{"timestamp":"2026-08-28T12:38:09.289856Z","level":"info","event":"Filling up the DagBag from /opt/airflow/dags/verdanta_daily.py","logger":"airflow.dag_processing.dagbag.BundleDagBag","filename":"dagbag.py","lineno":469}
{"timestamp":"2026-08-28T12:38:09.362816Z","level":"info","event":"::group::Cosmos DAG parsing logs","logger":"cosmos.converter","filename":"converter.py","lineno":321}
{"timestamp":"2026-08-28T12:38:09.369863Z","level":"info","event":"Cosmos cache dir resolved to /tmp/cosmos/verdanta_daily__dbt_daily","logger":"cosmos.converter","filename":"converter.py","lineno":346}
{"timestamp":"2026-08-28T12:38:09.370065Z","level":"info","event":"Trying to parse the dbt project using dbt ls cache cosmos_cache__verdanta_daily__dbt_daily...","logger":"cosmos.dbt.graph","filename":"graph.py","lineno":869}
{"timestamp":"2026-08-28T12:38:09.518250Z","level":"info","event":"Cosmos performance: time to calculate cache identifier cosmos_cache__verdanta_daily__dbt_daily for current version: 0.12979920099951414","logger":"cosmos.cache","filename":"cache.py","lineno":401}
{"timestamp":"2026-08-28T12:38:09.518495Z","level":"info","event":"Cosmos performance [46e70e30ac03|4632]: The cache size for cosmos_cache__verdanta_daily__dbt_daily is 81421","logger":"cosmos.dbt.graph","filename":"graph.py","lineno":886}
{"timestamp":"2026-08-28T12:38:09.521401Z","level":"info","event":"Cosmos performance: Cache hit for cosmos_cache__verdanta_daily__dbt_daily - 7ef252dbf94f4e7f8dda113986a456cc,ff67f1985ea8a9c639de2e1985ae4cf7","logger":"cosmos.dbt.graph","filename":"graph.py","lineno":898}
{"timestamp":"2026-08-28T12:38:09.521620Z","level":"info","event":"Total nodes: 91","logger":"cosmos.dbt.graph","filename":"graph.py","lineno":799}
{"timestamp":"2026-08-28T12:38:09.521690Z","level":"info","event":"Total filtered nodes: 91","logger":"cosmos.dbt.graph","filename":"graph.py","lineno":800}
{"timestamp":"2026-08-28T12:38:09.521773Z","level":"info","event":"Cosmos performance (verdanta_daily__dbt_daily) - [46e70e30ac03|4632]: It took 0.152s to parse the dbt project for DAG using LoadMode.DBT_LS_CACHE","logger":"cosmos.converter","filename":"converter.py","lineno":371}
{"timestamp":"2026-08-28T12:38:09.598580Z","level":"info","event":"Cosmos performance (verdanta_daily__dbt_daily) - [46e70e30ac03|4632]: It took 0.0768s to build the Airflow DAG.","logger":"cosmos.converter","filename":"converter.py","lineno":423}
{"timestamp":"2026-08-28T12:38:09.598747Z","level":"info","event":"::endgroup::Cosmos DAG parsing logs","logger":"cosmos.converter","filename":"converter.py","lineno":430}
{"timestamp":"2026-08-28T12:38:09.599314Z","level":"warning","event":"Using Variable.get from `airflow.models` is deprecated.Please use `get` on Variable from sdk(`airflow.sdk.Variable`) instead","category":"UserWarning","filename":"/home/airflow/.local/lib/python3.13/site-packages/airflow/models/variable.py","lineno":158,"logger":"py.warnings"}
{"timestamp":"2026-08-28T12:38:39.790475Z","level":"info","event":"Filling up the DagBag from /opt/airflow/dags/verdanta_daily.py","logger":"airflow.dag_processing.dagbag.BundleDagBag","filename":"dagbag.py","lineno":469}
{"timestamp":"2026-08-28T12:38:39.870497Z","level":"info","event":"::group::Cosmos DAG parsing logs","logger":"cosmos.converter","filename":"converter.py","lineno":321}
{"timestamp":"2026-08-28T12:38:39.874460Z","level":"info","event":"Cosmos cache dir resolved to /tmp/cosmos/verdanta_daily__dbt_daily","logger":"cosmos.converter","filename":"converter.py","lineno":346}
{"timestamp":"2026-08-28T12:38:39.874686Z","level":"info","event":"Trying to parse the dbt project using dbt ls cache cosmos_cache__verdanta_daily__dbt_daily...","logger":"cosmos.dbt.graph","filename":"graph.py","lineno":869}
{"timestamp":"2026-08-28T12:38:40.027447Z","level":"info","event":"Cosmos performance: time to calculate cache identifier cosmos_cache__verdanta_daily__dbt_daily for current version: 0.1358329920003598","logger":"cosmos.cache","filename":"cache.py","lineno":401}
{"timestamp":"2026-08-28T12:38:40.027690Z","level":"info","event":"Cosmos performance [46e70e30ac03|4668]: The cache size for cosmos_cache__verdanta_daily__dbt_daily is 81421","logger":"cosmos.dbt.graph","filename":"graph.py","lineno":886}
{"timestamp":"2026-08-28T12:38:40.030104Z","level":"info","event":"Cosmos performance: Cache hit for cosmos_cache__verdanta_daily__dbt_daily - 7ef252dbf94f4e7f8dda113986a456cc,ff67f1985ea8a9c639de2e1985ae4cf7","logger":"cosmos.dbt.graph","filename":"graph.py","lineno":898}
{"timestamp":"2026-08-28T12:38:40.030327Z","level":"info","event":"Total nodes: 91","logger":"cosmos.dbt.graph","filename":"graph.py","lineno":799}
{"timestamp":"2026-08-28T12:38:40.030392Z","level":"info","event":"Total filtered nodes: 91","logger":"cosmos.dbt.graph","filename":"graph.py","lineno":800}
{"timestamp":"2026-08-28T12:38:40.030472Z","level":"info","event":"Cosmos performance (verdanta_daily__dbt_daily) - [46e70e30ac03|4668]: It took 0.156s to parse the dbt project for DAG using LoadMode.DBT_LS_CACHE","logger":"cosmos.converter","filename":"converter.py","lineno":371}
{"timestamp":"2026-08-28T12:38:40.107575Z","level":"info","event":"Cosmos performance (verdanta_daily__dbt_daily) - [46e70e30ac03|4668]: It took 0.077s to build the Airflow DAG.","logger":"cosmos.converter","filename":"converter.py","lineno":423}
{"timestamp":"2026-08-28T12:38:40.107797Z","level":"info","event":"::endgroup::Cosmos DAG parsing logs","logger":"cosmos.converter","filename":"converter.py","lineno":430}
{"timestamp":"2026-08-28T12:38:40.108516Z","level":"warning","event":"Using Variable.get from `airflow.models` is deprecated.Please use `get` on Variable from sdk(`airflow.sdk.Variable`) instead","category":"UserWarning","filename":"/home/airflow/.local/lib/python3.13/site-packages/airflow/models/variable.py","lineno":158,"logger":"py.warnings"}
{"timestamp":"2026-08-28T12:39:10.423259Z","level":"info","event":"Filling up the DagBag from /opt/airflow/dags/verdanta_daily.py","logger":"airflow.dag_processing.dagbag.BundleDagBag","filename":"dagbag.py","lineno":469}
{"timestamp":"2026-08-28T12:39:10.504339Z","level":"info","event":"::group::Cosmos DAG parsing logs","logger":"cosmos.converter","filename":"converter.py","lineno":321}
{"timestamp":"2026-08-28T12:39:10.509296Z","level":"info","event":"Cosmos cache dir resolved to /tmp/cosmos/verdanta_daily__dbt_daily","logger":"cosmos.converter","filename":"converter.py","lineno":346}
{"timestamp":"2026-08-28T12:39:10.509538Z","level":"info","event":"Trying to parse the dbt project using dbt ls cache cosmos_cache__verdanta_daily__dbt_daily...","logger":"cosmos.dbt.graph","filename":"graph.py","lineno":869}
{"timestamp":"2026-08-28T12:39:10.662534Z","level":"info","event":"Cosmos performance: time to calculate cache identifier cosmos_cache__verdanta_daily__dbt_daily for current version: 0.13512321399957727","logger":"cosmos.cache","filename":"cache.py","lineno":401}
{"timestamp":"2026-08-28T12:39:10.662783Z","level":"info","event":"Cosmos performance [46e70e30ac03|4703]: The cache size for cosmos_cache__verdanta_daily__dbt_daily is 81421","logger":"cosmos.dbt.graph","filename":"graph.py","lineno":886}
{"timestamp":"2026-08-28T12:39:10.665183Z","level":"info","event":"Cosmos performance: Cache hit for cosmos_cache__verdanta_daily__dbt_daily - 7ef252dbf94f4e7f8dda113986a456cc,ff67f1985ea8a9c639de2e1985ae4cf7","logger":"cosmos.dbt.graph","filename":"graph.py","lineno":898}
{"timestamp":"2026-08-28T12:39:10.665442Z","level":"info","event":"Total nodes: 91","logger":"cosmos.dbt.graph","filename":"graph.py","lineno":799}
{"timestamp":"2026-08-28T12:39:10.665519Z","level":"info","event":"Total filtered nodes: 91","logger":"cosmos.dbt.graph","filename":"graph.py","lineno":800}
{"timestamp":"2026-08-28T12:39:10.665623Z","level":"info","event":"Cosmos performance (verdanta_daily__dbt_daily) - [46e70e30ac03|4703]: It took 0.156s to parse the dbt project for DAG using LoadMode.DBT_LS_CACHE","logger":"cosmos.converter","filename":"converter.py","lineno":371}
{"timestamp":"2026-08-28T12:39:10.755619Z","level":"info","event":"Cosmos performance (verdanta_daily__dbt_daily) - [46e70e30ac03|4703]: It took 0.0899s to build the Airflow DAG.","logger":"cosmos.converter","filename":"converter.py","lineno":423}
{"timestamp":"2026-08-28T12:39:10.755830Z","level":"info","event":"::endgroup::Cosmos DAG parsing logs","logger":"cosmos.converter","filename":"converter.py","lineno":430}
{"timestamp":"2026-08-28T12:39:10.756467Z","level":"warning","event":"Using Variable.get from `airflow.models` is deprecated.Please use `get` on Variable from sdk(`airflow.sdk.Variable`) instead","category":"UserWarning","filename":"/home/airflow/.local/lib/python3.13/site-packages/airflow/models/variable.py","lineno":158,"logger":"py.warnings"}
{"timestamp":"2026-08-28T12:39:41.159283Z","level":"info","event":"Filling up the DagBag from /opt/airflow/dags/verdanta_daily.py","logger":"airflow.dag_processing.dagbag.BundleDagBag","filename":"dagbag.py","lineno":469}
{"timestamp":"2026-08-28T12:39:41.240091Z","level":"info","event":"::group::Cosmos DAG parsing logs","logger":"cosmos.converter","filename":"converter.py","lineno":321}
{"timestamp":"2026-08-28T12:39:41.244157Z","level":"info","event":"Cosmos cache dir resolved to /tmp/cosmos/verdanta_daily__dbt_daily","logger":"cosmos.converter","filename":"converter.py","lineno":346}
{"timestamp":"2026-08-28T12:39:41.244376Z","level":"info","event":"Trying to parse the dbt project using dbt ls cache cosmos_cache__verdanta_daily__dbt_daily...","logger":"cosmos.dbt.graph","filename":"graph.py","lineno":869}
{"timestamp":"2026-08-28T12:39:41.409428Z","level":"info","event":"Cosmos performance: time to calculate cache identifier cosmos_cache__verdanta_daily__dbt_daily for current version: 0.14541867400021147","logger":"cosmos.cache","filename":"cache.py","lineno":401}
{"timestamp":"2026-08-28T12:39:41.409658Z","level":"info","event":"Cosmos performance [46e70e30ac03|4731]: The cache size for cosmos_cache__verdanta_daily__dbt_daily is 81421","logger":"cosmos.dbt.graph","filename":"graph.py","lineno":886}
{"timestamp":"2026-08-28T12:39:41.415900Z","level":"info","event":"Cosmos performance: Cache hit for cosmos_cache__verdanta_daily__dbt_daily - 7ef252dbf94f4e7f8dda113986a456cc,ff67f1985ea8a9c639de2e1985ae4cf7","logger":"cosmos.dbt.graph","filename":"graph.py","lineno":898}
{"timestamp":"2026-08-28T12:39:41.416201Z","level":"info","event":"Total nodes: 91","logger":"cosmos.dbt.graph","filename":"graph.py","lineno":799}
{"timestamp":"2026-08-28T12:39:41.416304Z","level":"info","event":"Total filtered nodes: 91","logger":"cosmos.dbt.graph","filename":"graph.py","lineno":800}
{"timestamp":"2026-08-28T12:39:41.416389Z","level":"info","event":"Cosmos performance (verdanta_daily__dbt_daily) - [46e70e30ac03|4731]: It took 0.172s to parse the dbt project for DAG using LoadMode.DBT_LS_CACHE","logger":"cosmos.converter","filename":"converter.py","lineno":371}
{"timestamp":"2026-08-28T12:39:41.501440Z","level":"info","event":"Cosmos performance (verdanta_daily__dbt_daily) - [46e70e30ac03|4731]: It took 0.085s to build the Airflow DAG.","logger":"cosmos.converter","filename":"converter.py","lineno":423}
{"timestamp":"2026-08-28T12:39:41.501669Z","level":"info","event":"::endgroup::Cosmos DAG parsing logs","logger":"cosmos.converter","filename":"converter.py","lineno":430}
{"timestamp":"2026-08-28T12:39:41.502270Z","level":"warning","event":"Using Variable.get from `airflow.models` is deprecated.Please use `get` on Variable from sdk(`airflow.sdk.Variable`) instead","category":"UserWarning","filename":"/home/airflow/.local/lib/python3.13/site-packages/airflow/models/variable.py","lineno":158,"logger":"py.warnings"}
{"timestamp":"2026-08-28T12:40:12.056842Z","level":"info","event":"Filling up the DagBag from /opt/airflow/dags/verdanta_daily.py","logger":"airflow.dag_processing.dagbag.BundleDagBag","filename":"dagbag.py","lineno":469}
{"timestamp":"2026-08-28T12:40:12.125815Z","level":"info","event":"::group::Cosmos DAG parsing logs","logger":"cosmos.converter","filename":"converter.py","lineno":321}
{"timestamp":"2026-08-28T12:40:12.129298Z","level":"info","event":"Cosmos cache dir resolved to /tmp/cosmos/verdanta_daily__dbt_daily","logger":"cosmos.converter","filename":"converter.py","lineno":346}
{"timestamp":"2026-08-28T12:40:12.129495Z","level":"info","event":"Trying to parse the dbt project using dbt ls cache cosmos_cache__verdanta_daily__dbt_daily...","logger":"cosmos.dbt.graph","filename":"graph.py","lineno":869}
{"timestamp":"2026-08-28T12:40:12.275940Z","level":"info","event":"Cosmos performance: time to calculate cache identifier cosmos_cache__verdanta_daily__dbt_daily for current version: 0.13048030899972218","logger":"cosmos.cache","filename":"cache.py","lineno":401}
{"timestamp":"2026-08-28T12:40:12.276188Z","level":"info","event":"Cosmos performance [46e70e30ac03|4746]: The cache size for cosmos_cache__verdanta_daily__dbt_daily is 81421","logger":"cosmos.dbt.graph","filename":"graph.py","lineno":886}
{"timestamp":"2026-08-28T12:40:12.278867Z","level":"info","event":"Cosmos performance: Cache hit for cosmos_cache__verdanta_daily__dbt_daily - 7ef252dbf94f4e7f8dda113986a456cc,ff67f1985ea8a9c639de2e1985ae4cf7","logger":"cosmos.dbt.graph","filename":"graph.py","lineno":898}
{"timestamp":"2026-08-28T12:40:12.279068Z","level":"info","event":"Total nodes: 91","logger":"cosmos.dbt.graph","filename":"graph.py","lineno":799}
{"timestamp":"2026-08-28T12:40:12.279131Z","level":"info","event":"Total filtered nodes: 91","logger":"cosmos.dbt.graph","filename":"graph.py","lineno":800}
{"timestamp":"2026-08-28T12:40:12.279212Z","level":"info","event":"Cosmos performance (verdanta_daily__dbt_daily) - [46e70e30ac03|4746]: It took 0.15s to parse the dbt project for DAG using LoadMode.DBT_LS_CACHE","logger":"cosmos.converter","filename":"converter.py","lineno":371}
{"timestamp":"2026-08-28T12:40:12.353010Z","level":"info","event":"Cosmos performance (verdanta_daily__dbt_daily) - [46e70e30ac03|4746]: It took 0.0737s to build the Airflow DAG.","logger":"cosmos.converter","filename":"converter.py","lineno":423}
{"timestamp":"2026-08-28T12:40:12.353182Z","level":"info","event":"::endgroup::Cosmos DAG parsing logs","logger":"cosmos.converter","filename":"converter.py","lineno":430}
{"timestamp":"2026-08-28T12:40:12.353747Z","level":"warning","event":"Using Variable.get from `airflow.models` is deprecated.Please use `get` on Variable from sdk(`airflow.sdk.Variable`) instead","category":"UserWarning","filename":"/home/airflow/.local/lib/python3.13/site-packages/airflow/models/variable.py","lineno":158,"logger":"py.warnings"}
{"timestamp":"2026-08-28T12:40:43.406397Z","level":"info","event":"Filling up the DagBag from /opt/airflow/dags/verdanta_daily.py","logger":"airflow.dag_processing.dagbag.BundleDagBag","filename":"dagbag.py","lineno":469}
{"timestamp":"2026-08-28T12:40:43.475362Z","level":"info","event":"::group::Cosmos DAG parsing logs","logger":"cosmos.converter","filename":"converter.py","lineno":321}
{"timestamp":"2026-08-28T12:40:43.478660Z","level":"info","event":"Cosmos cache dir resolved to /tmp/cosmos/verdanta_daily__dbt_daily","logger":"cosmos.converter","filename":"converter.py","lineno":346}
{"timestamp":"2026-08-28T12:40:43.478906Z","level":"info","event":"Trying to parse the dbt project using dbt ls cache cosmos_cache__verdanta_daily__dbt_daily...","logger":"cosmos.dbt.graph","filename":"graph.py","lineno":869}
{"timestamp":"2026-08-28T12:40:43.640253Z","level":"info","event":"Cosmos performance: time to calculate cache identifier cosmos_cache__verdanta_daily__dbt_daily for current version: 0.1428821359995709","logger":"cosmos.cache","filename":"cache.py","lineno":401}
{"timestamp":"2026-08-28T12:40:43.640492Z","level":"info","event":"Cosmos performance [46e70e30ac03|4782]: The cache size for cosmos_cache__verdanta_daily__dbt_daily is 81421","logger":"cosmos.dbt.graph","filename":"graph.py","lineno":886}
{"timestamp":"2026-08-28T12:40:43.643472Z","level":"info","event":"Cosmos performance: Cache hit for cosmos_cache__verdanta_daily__dbt_daily - 7ef252dbf94f4e7f8dda113986a456cc,ff67f1985ea8a9c639de2e1985ae4cf7","logger":"cosmos.dbt.graph","filename":"graph.py","lineno":898}
{"timestamp":"2026-08-28T12:40:43.643679Z","level":"info","event":"Total nodes: 91","logger":"cosmos.dbt.graph","filename":"graph.py","lineno":799}
{"timestamp":"2026-08-28T12:40:43.643744Z","level":"info","event":"Total filtered nodes: 91","logger":"cosmos.dbt.graph","filename":"graph.py","lineno":800}
{"timestamp":"2026-08-28T12:40:43.643840Z","level":"info","event":"Cosmos performance (verdanta_daily__dbt_daily) - [46e70e30ac03|4782]: It took 0.165s to parse the dbt project for DAG using LoadMode.DBT_LS_CACHE","logger":"cosmos.converter","filename":"converter.py","lineno":371}
{"timestamp":"2026-08-28T12:40:43.722090Z","level":"info","event":"Cosmos performance (verdanta_daily__dbt_daily) - [46e70e30ac03|4782]: It took 0.0782s to build the Airflow DAG.","logger":"cosmos.converter","filename":"converter.py","lineno":423}
{"timestamp":"2026-08-28T12:40:43.722262Z","level":"info","event":"::endgroup::Cosmos DAG parsing logs","logger":"cosmos.converter","filename":"converter.py","lineno":430}
{"timestamp":"2026-08-28T12:40:43.722831Z","level":"warning","event":"Using Variable.get from `airflow.models` is deprecated.Please use `get` on Variable from sdk(`airflow.sdk.Variable`) instead","category":"UserWarning","filename":"/home/airflow/.local/lib/python3.13/site-packages/airflow/models/variable.py","lineno":158,"logger":"py.warnings"}
{"timestamp":"2026-08-28T12:41:14.291698Z","level":"info","event":"Filling up the DagBag from /opt/airflow/dags/verdanta_daily.py","logger":"airflow.dag_processing.dagbag.BundleDagBag","filename":"dagbag.py","lineno":469}
{"timestamp":"2026-08-28T12:41:14.359035Z","level":"info","event":"::group::Cosmos DAG parsing logs","logger":"cosmos.converter","filename":"converter.py","lineno":321}
{"timestamp":"2026-08-28T12:41:14.363219Z","level":"info","event":"Cosmos cache dir resolved to /tmp/cosmos/verdanta_daily__dbt_daily","logger":"cosmos.converter","filename":"converter.py","lineno":346}
{"timestamp":"2026-08-28T12:41:14.363487Z","level":"info","event":"Trying to parse the dbt project using dbt ls cache cosmos_cache__verdanta_daily__dbt_daily...","logger":"cosmos.dbt.graph","filename":"graph.py","lineno":869}
{"timestamp":"2026-08-28T12:41:14.506691Z","level":"info","event":"Cosmos performance: time to calculate cache identifier cosmos_cache__verdanta_daily__dbt_daily for current version: 0.12900002299920743","logger":"cosmos.cache","filename":"cache.py","lineno":401}
{"timestamp":"2026-08-28T12:41:14.506942Z","level":"info","event":"Cosmos performance [46e70e30ac03|4818]: The cache size for cosmos_cache__verdanta_daily__dbt_daily is 81421","logger":"cosmos.dbt.graph","filename":"graph.py","lineno":886}
{"timestamp":"2026-08-28T12:41:14.509280Z","level":"info","event":"Cosmos performance: Cache hit for cosmos_cache__verdanta_daily__dbt_daily - 7ef252dbf94f4e7f8dda113986a456cc,ff67f1985ea8a9c639de2e1985ae4cf7","logger":"cosmos.dbt.graph","filename":"graph.py","lineno":898}
{"timestamp":"2026-08-28T12:41:14.509481Z","level":"info","event":"Total nodes: 91","logger":"cosmos.dbt.graph","filename":"graph.py","lineno":799}
{"timestamp":"2026-08-28T12:41:14.509546Z","level":"info","event":"Total filtered nodes: 91","logger":"cosmos.dbt.graph","filename":"graph.py","lineno":800}
{"timestamp":"2026-08-28T12:41:14.509657Z","level":"info","event":"Cosmos performance (verdanta_daily__dbt_daily) - [46e70e30ac03|4818]: It took 0.146s to parse the dbt project for DAG using LoadMode.DBT_LS_CACHE","logger":"cosmos.converter","filename":"converter.py","lineno":371}
{"timestamp":"2026-08-28T12:41:14.587193Z","level":"info","event":"Cosmos performance (verdanta_daily__dbt_daily) - [46e70e30ac03|4818]: It took 0.0775s to build the Airflow DAG.","logger":"cosmos.converter","filename":"converter.py","lineno":423}
{"timestamp":"2026-08-28T12:41:14.587369Z","level":"info","event":"::endgroup::Cosmos DAG parsing logs","logger":"cosmos.converter","filename":"converter.py","lineno":430}
{"timestamp":"2026-08-28T12:41:14.587963Z","level":"warning","event":"Using Variable.get from `airflow.models` is deprecated.Please use `get` on Variable from sdk(`airflow.sdk.Variable`) instead","category":"UserWarning","filename":"/home/airflow/.local/lib/python3.13/site-packages/airflow/models/variable.py","lineno":158,"logger":"py.warnings"}
{"timestamp":"2026-08-28T12:41:45.403930Z","level":"info","event":"Filling up the DagBag from /opt/airflow/dags/verdanta_daily.py","logger":"airflow.dag_processing.dagbag.BundleDagBag","filename":"dagbag.py","lineno":469}
{"timestamp":"2026-08-28T12:41:45.473612Z","level":"info","event":"::group::Cosmos DAG parsing logs","logger":"cosmos.converter","filename":"converter.py","lineno":321}
{"timestamp":"2026-08-28T12:41:45.477444Z","level":"info","event":"Cosmos cache dir resolved to /tmp/cosmos/verdanta_daily__dbt_daily","logger":"cosmos.converter","filename":"converter.py","lineno":346}
{"timestamp":"2026-08-28T12:41:45.477737Z","level":"info","event":"Trying to parse the dbt project using dbt ls cache cosmos_cache__verdanta_daily__dbt_daily...","logger":"cosmos.dbt.graph","filename":"graph.py","lineno":869}
{"timestamp":"2026-08-28T12:41:45.618816Z","level":"info","event":"Cosmos performance: time to calculate cache identifier cosmos_cache__verdanta_daily__dbt_daily for current version: 0.1259285109999837","logger":"cosmos.cache","filename":"cache.py","lineno":401}
{"timestamp":"2026-08-28T12:41:45.619062Z","level":"info","event":"Cosmos performance [46e70e30ac03|4854]: The cache size for cosmos_cache__verdanta_daily__dbt_daily is 81421","logger":"cosmos.dbt.graph","filename":"graph.py","lineno":886}
{"timestamp":"2026-08-28T12:41:45.622017Z","level":"info","event":"Cosmos performance: Cache hit for cosmos_cache__verdanta_daily__dbt_daily - 7ef252dbf94f4e7f8dda113986a456cc,ff67f1985ea8a9c639de2e1985ae4cf7","logger":"cosmos.dbt.graph","filename":"graph.py","lineno":898}
{"timestamp":"2026-08-28T12:41:45.622228Z","level":"info","event":"Total nodes: 91","logger":"cosmos.dbt.graph","filename":"graph.py","lineno":799}
{"timestamp":"2026-08-28T12:41:45.622304Z","level":"info","event":"Total filtered nodes: 91","logger":"cosmos.dbt.graph","filename":"graph.py","lineno":800}
{"timestamp":"2026-08-28T12:41:45.622449Z","level":"info","event":"Cosmos performance (verdanta_daily__dbt_daily) - [46e70e30ac03|4854]: It took 0.145s to parse the dbt project for DAG using LoadMode.DBT_LS_CACHE","logger":"cosmos.converter","filename":"converter.py","lineno":371}
{"timestamp":"2026-08-28T12:41:45.697411Z","level":"info","event":"Cosmos performance (verdanta_daily__dbt_daily) - [46e70e30ac03|4854]: It took 0.0749s to build the Airflow DAG.","logger":"cosmos.converter","filename":"converter.py","lineno":423}
{"timestamp":"2026-08-28T12:41:45.697604Z","level":"info","event":"::endgroup::Cosmos DAG parsing logs","logger":"cosmos.converter","filename":"converter.py","lineno":430}
{"timestamp":"2026-08-28T12:41:45.698233Z","level":"warning","event":"Using Variable.get from `airflow.models` is deprecated.Please use `get` on Variable from sdk(`airflow.sdk.Variable`) instead","category":"UserWarning","filename":"/home/airflow/.local/lib/python3.13/site-packages/airflow/models/variable.py","lineno":158,"logger":"py.warnings"}
{"timestamp":"2026-08-28T12:42:15.873595Z","level":"info","event":"Filling up the DagBag from /opt/airflow/dags/verdanta_daily.py","logger":"airflow.dag_processing.dagbag.BundleDagBag","filename":"dagbag.py","lineno":469}
{"timestamp":"2026-08-28T12:42:15.938449Z","level":"info","event":"::group::Cosmos DAG parsing logs","logger":"cosmos.converter","filename":"converter.py","lineno":321}
{"timestamp":"2026-08-28T12:42:15.941922Z","level":"info","event":"Cosmos cache dir resolved to /tmp/cosmos/verdanta_daily__dbt_daily","logger":"cosmos.converter","filename":"converter.py","lineno":346}
{"timestamp":"2026-08-28T12:42:15.942185Z","level":"info","event":"Trying to parse the dbt project using dbt ls cache cosmos_cache__verdanta_daily__dbt_daily...","logger":"cosmos.dbt.graph","filename":"graph.py","lineno":869}
{"timestamp":"2026-08-28T12:42:16.085739Z","level":"info","event":"Cosmos performance: time to calculate cache identifier cosmos_cache__verdanta_daily__dbt_daily for current version: 0.12846459100001084","logger":"cosmos.cache","filename":"cache.py","lineno":401}
{"timestamp":"2026-08-28T12:42:16.085974Z","level":"info","event":"Cosmos performance [46e70e30ac03|4889]: The cache size for cosmos_cache__verdanta_daily__dbt_daily is 81421","logger":"cosmos.dbt.graph","filename":"graph.py","lineno":886}
{"timestamp":"2026-08-28T12:42:16.088316Z","level":"info","event":"Cosmos performance: Cache hit for cosmos_cache__verdanta_daily__dbt_daily - 7ef252dbf94f4e7f8dda113986a456cc,ff67f1985ea8a9c639de2e1985ae4cf7","logger":"cosmos.dbt.graph","filename":"graph.py","lineno":898}
{"timestamp":"2026-08-28T12:42:16.088574Z","level":"info","event":"Total nodes: 91","logger":"cosmos.dbt.graph","filename":"graph.py","lineno":799}
{"timestamp":"2026-08-28T12:42:16.088650Z","level":"info","event":"Total filtered nodes: 91","logger":"cosmos.dbt.graph","filename":"graph.py","lineno":800}
{"timestamp":"2026-08-28T12:42:16.088723Z","level":"info","event":"Cosmos performance (verdanta_daily__dbt_daily) - [46e70e30ac03|4889]: It took 0.147s to parse the dbt project for DAG using LoadMode.DBT_LS_CACHE","logger":"cosmos.converter","filename":"converter.py","lineno":371}
{"timestamp":"2026-08-28T12:42:16.161775Z","level":"info","event":"Cosmos performance (verdanta_daily__dbt_daily) - [46e70e30ac03|4889]: It took 0.073s to build the Airflow DAG.","logger":"cosmos.converter","filename":"converter.py","lineno":423}
{"timestamp":"2026-08-28T12:42:16.161946Z","level":"info","event":"::endgroup::Cosmos DAG parsing logs","logger":"cosmos.converter","filename":"converter.py","lineno":430}
{"timestamp":"2026-08-28T12:42:16.162499Z","level":"warning","event":"Using Variable.get from `airflow.models` is deprecated.Please use `get` on Variable from sdk(`airflow.sdk.Variable`) instead","category":"UserWarning","filename":"/home/airflow/.local/lib/python3.13/site-packages/airflow/models/variable.py","lineno":158,"logger":"py.warnings"}
{"timestamp":"2026-08-28T12:42:46.871510Z","level":"info","event":"Filling up the DagBag from /opt/airflow/dags/verdanta_daily.py","logger":"airflow.dag_processing.dagbag.BundleDagBag","filename":"dagbag.py","lineno":469}
{"timestamp":"2026-08-28T12:42:46.941645Z","level":"info","event":"::group::Cosmos DAG parsing logs","logger":"cosmos.converter","filename":"converter.py","lineno":321}
{"timestamp":"2026-08-28T12:42:46.945547Z","level":"info","event":"Cosmos cache dir resolved to /tmp/cosmos/verdanta_daily__dbt_daily","logger":"cosmos.converter","filename":"converter.py","lineno":346}
{"timestamp":"2026-08-28T12:42:46.945787Z","level":"info","event":"Trying to parse the dbt project using dbt ls cache cosmos_cache__verdanta_daily__dbt_daily...","logger":"cosmos.dbt.graph","filename":"graph.py","lineno":869}
{"timestamp":"2026-08-28T12:42:47.100053Z","level":"info","event":"Cosmos performance: time to calculate cache identifier cosmos_cache__verdanta_daily__dbt_daily for current version: 0.1351329609997265","logger":"cosmos.cache","filename":"cache.py","lineno":401}
{"timestamp":"2026-08-28T12:42:47.100305Z","level":"info","event":"Cosmos performance [46e70e30ac03|4904]: The cache size for cosmos_cache__verdanta_daily__dbt_daily is 81421","logger":"cosmos.dbt.graph","filename":"graph.py","lineno":886}
{"timestamp":"2026-08-28T12:42:47.103589Z","level":"info","event":"Cosmos performance: Cache hit for cosmos_cache__verdanta_daily__dbt_daily - 7ef252dbf94f4e7f8dda113986a456cc,ff67f1985ea8a9c639de2e1985ae4cf7","logger":"cosmos.dbt.graph","filename":"graph.py","lineno":898}
{"timestamp":"2026-08-28T12:42:47.103857Z","level":"info","event":"Total nodes: 91","logger":"cosmos.dbt.graph","filename":"graph.py","lineno":799}
{"timestamp":"2026-08-28T12:42:47.103932Z","level":"info","event":"Total filtered nodes: 91","logger":"cosmos.dbt.graph","filename":"graph.py","lineno":800}
{"timestamp":"2026-08-28T12:42:47.104001Z","level":"info","event":"Cosmos performance (verdanta_daily__dbt_daily) - [46e70e30ac03|4904]: It took 0.158s to parse the dbt project for DAG using LoadMode.DBT_LS_CACHE","logger":"cosmos.converter","filename":"converter.py","lineno":371}
{"timestamp":"2026-08-28T12:42:47.180594Z","level":"info","event":"Cosmos performance (verdanta_daily__dbt_daily) - [46e70e30ac03|4904]: It took 0.0765s to build the Airflow DAG.","logger":"cosmos.converter","filename":"converter.py","lineno":423}
{"timestamp":"2026-08-28T12:42:47.180761Z","level":"info","event":"::endgroup::Cosmos DAG parsing logs","logger":"cosmos.converter","filename":"converter.py","lineno":430}
{"timestamp":"2026-08-28T12:42:47.181334Z","level":"warning","event":"Using Variable.get from `airflow.models` is deprecated.Please use `get` on Variable from sdk(`airflow.sdk.Variable`) instead","category":"UserWarning","filename":"/home/airflow/.local/lib/python3.13/site-packages/airflow/models/variable.py","lineno":158,"logger":"py.warnings"}
{"timestamp":"2026-08-28T12:43:17.684541Z","level":"info","event":"Filling up the DagBag from /opt/airflow/dags/verdanta_daily.py","logger":"airflow.dag_processing.dagbag.BundleDagBag","filename":"dagbag.py","lineno":469}
{"timestamp":"2026-08-28T12:43:17.766827Z","level":"info","event":"::group::Cosmos DAG parsing logs","logger":"cosmos.converter","filename":"converter.py","lineno":321}
{"timestamp":"2026-08-28T12:43:17.772393Z","level":"info","event":"Cosmos cache dir resolved to /tmp/cosmos/verdanta_daily__dbt_daily","logger":"cosmos.converter","filename":"converter.py","lineno":346}
{"timestamp":"2026-08-28T12:43:17.772772Z","level":"info","event":"Trying to parse the dbt project using dbt ls cache cosmos_cache__verdanta_daily__dbt_daily...","logger":"cosmos.dbt.graph","filename":"graph.py","lineno":869}
{"timestamp":"2026-08-28T12:43:17.926278Z","level":"info","event":"Cosmos performance: time to calculate cache identifier cosmos_cache__verdanta_daily__dbt_daily for current version: 0.1387091890001102","logger":"cosmos.cache","filename":"cache.py","lineno":401}
{"timestamp":"2026-08-28T12:43:17.926599Z","level":"info","event":"Cosmos performance [46e70e30ac03|4940]: The cache size for cosmos_cache__verdanta_daily__dbt_daily is 81421","logger":"cosmos.dbt.graph","filename":"graph.py","lineno":886}
{"timestamp":"2026-08-28T12:43:17.933288Z","level":"info","event":"Cosmos performance: Cache hit for cosmos_cache__verdanta_daily__dbt_daily - 7ef252dbf94f4e7f8dda113986a456cc,ff67f1985ea8a9c639de2e1985ae4cf7","logger":"cosmos.dbt.graph","filename":"graph.py","lineno":898}
{"timestamp":"2026-08-28T12:43:17.933575Z","level":"info","event":"Total nodes: 91","logger":"cosmos.dbt.graph","filename":"graph.py","lineno":799}
{"timestamp":"2026-08-28T12:43:17.933701Z","level":"info","event":"Total filtered nodes: 91","logger":"cosmos.dbt.graph","filename":"graph.py","lineno":800}
{"timestamp":"2026-08-28T12:43:17.933793Z","level":"info","event":"Cosmos performance (verdanta_daily__dbt_daily) - [46e70e30ac03|4940]: It took 0.161s to parse the dbt project for DAG using LoadMode.DBT_LS_CACHE","logger":"cosmos.converter","filename":"converter.py","lineno":371}
{"timestamp":"2026-08-28T12:43:18.009078Z","level":"info","event":"Cosmos performance (verdanta_daily__dbt_daily) - [46e70e30ac03|4940]: It took 0.0752s to build the Airflow DAG.","logger":"cosmos.converter","filename":"converter.py","lineno":423}
{"timestamp":"2026-08-28T12:43:18.009264Z","level":"info","event":"::endgroup::Cosmos DAG parsing logs","logger":"cosmos.converter","filename":"converter.py","lineno":430}
{"timestamp":"2026-08-28T12:43:18.009814Z","level":"warning","event":"Using Variable.get from `airflow.models` is deprecated.Please use `get` on Variable from sdk(`airflow.sdk.Variable`) instead","category":"UserWarning","filename":"/home/airflow/.local/lib/python3.13/site-packages/airflow/models/variable.py","lineno":158,"logger":"py.warnings"}
{"timestamp":"2026-08-28T12:43:48.633913Z","level":"info","event":"Filling up the DagBag from /opt/airflow/dags/verdanta_daily.py","logger":"airflow.dag_processing.dagbag.BundleDagBag","filename":"dagbag.py","lineno":469}
{"timestamp":"2026-08-28T12:43:48.713552Z","level":"info","event":"::group::Cosmos DAG parsing logs","logger":"cosmos.converter","filename":"converter.py","lineno":321}
{"timestamp":"2026-08-28T12:43:48.718262Z","level":"info","event":"Cosmos cache dir resolved to /tmp/cosmos/verdanta_daily__dbt_daily","logger":"cosmos.converter","filename":"converter.py","lineno":346}
{"timestamp":"2026-08-28T12:43:48.718807Z","level":"info","event":"Trying to parse the dbt project using dbt ls cache cosmos_cache__verdanta_daily__dbt_daily...","logger":"cosmos.dbt.graph","filename":"graph.py","lineno":869}
{"timestamp":"2026-08-28T12:43:48.859038Z","level":"info","event":"Cosmos performance: time to calculate cache identifier cosmos_cache__verdanta_daily__dbt_daily for current version: 0.12684329900002922","logger":"cosmos.cache","filename":"cache.py","lineno":401}
{"timestamp":"2026-08-28T12:43:48.859345Z","level":"info","event":"Cosmos performance [46e70e30ac03|4976]: The cache size for cosmos_cache__verdanta_daily__dbt_daily is 81421","logger":"cosmos.dbt.graph","filename":"graph.py","lineno":886}
{"timestamp":"2026-08-28T12:43:48.861705Z","level":"info","event":"Cosmos performance: Cache hit for cosmos_cache__verdanta_daily__dbt_daily - 7ef252dbf94f4e7f8dda113986a456cc,ff67f1985ea8a9c639de2e1985ae4cf7","logger":"cosmos.dbt.graph","filename":"graph.py","lineno":898}
{"timestamp":"2026-08-28T12:43:48.861956Z","level":"info","event":"Total nodes: 91","logger":"cosmos.dbt.graph","filename":"graph.py","lineno":799}
{"timestamp":"2026-08-28T12:43:48.862033Z","level":"info","event":"Total filtered nodes: 91","logger":"cosmos.dbt.graph","filename":"graph.py","lineno":800}
{"timestamp":"2026-08-28T12:43:48.862112Z","level":"info","event":"Cosmos performance (verdanta_daily__dbt_daily) - [46e70e30ac03|4976]: It took 0.144s to parse the dbt project for DAG using LoadMode.DBT_LS_CACHE","logger":"cosmos.converter","filename":"converter.py","lineno":371}
{"timestamp":"2026-08-28T12:43:48.934224Z","level":"info","event":"Cosmos performance (verdanta_daily__dbt_daily) - [46e70e30ac03|4976]: It took 0.0721s to build the Airflow DAG.","logger":"cosmos.converter","filename":"converter.py","lineno":423}
{"timestamp":"2026-08-28T12:43:48.934391Z","level":"info","event":"::endgroup::Cosmos DAG parsing logs","logger":"cosmos.converter","filename":"converter.py","lineno":430}
{"timestamp":"2026-08-28T12:43:48.934865Z","level":"warning","event":"Using Variable.get from `airflow.models` is deprecated.Please use `get` on Variable from sdk(`airflow.sdk.Variable`) instead","category":"UserWarning","filename":"/home/airflow/.local/lib/python3.13/site-packages/airflow/models/variable.py","lineno":158,"logger":"py.warnings"}
{"timestamp":"2026-08-28T12:44:19.777651Z","level":"info","event":"Filling up the DagBag from /opt/airflow/dags/verdanta_daily.py","logger":"airflow.dag_processing.dagbag.BundleDagBag","filename":"dagbag.py","lineno":469}
{"timestamp":"2026-08-28T12:44:19.853343Z","level":"info","event":"::group::Cosmos DAG parsing logs","logger":"cosmos.converter","filename":"converter.py","lineno":321}
{"timestamp":"2026-08-28T12:44:19.857066Z","level":"info","event":"Cosmos cache dir resolved to /tmp/cosmos/verdanta_daily__dbt_daily","logger":"cosmos.converter","filename":"converter.py","lineno":346}
{"timestamp":"2026-08-28T12:44:19.857246Z","level":"info","event":"Trying to parse the dbt project using dbt ls cache cosmos_cache__verdanta_daily__dbt_daily...","logger":"cosmos.dbt.graph","filename":"graph.py","lineno":869}
{"timestamp":"2026-08-28T12:44:19.997861Z","level":"info","event":"Cosmos performance: time to calculate cache identifier cosmos_cache__verdanta_daily__dbt_daily for current version: 0.1253234549994886","logger":"cosmos.cache","filename":"cache.py","lineno":401}
{"timestamp":"2026-08-28T12:44:19.998111Z","level":"info","event":"Cosmos performance [46e70e30ac03|5012]: The cache size for cosmos_cache__verdanta_daily__dbt_daily is 81421","logger":"cosmos.dbt.graph","filename":"graph.py","lineno":886}
{"timestamp":"2026-08-28T12:44:20.001614Z","level":"info","event":"Cosmos performance: Cache hit for cosmos_cache__verdanta_daily__dbt_daily - 7ef252dbf94f4e7f8dda113986a456cc,ff67f1985ea8a9c639de2e1985ae4cf7","logger":"cosmos.dbt.graph","filename":"graph.py","lineno":898}
{"timestamp":"2026-08-28T12:44:20.001831Z","level":"info","event":"Total nodes: 91","logger":"cosmos.dbt.graph","filename":"graph.py","lineno":799}
{"timestamp":"2026-08-28T12:44:20.001900Z","level":"info","event":"Total filtered nodes: 91","logger":"cosmos.dbt.graph","filename":"graph.py","lineno":800}
{"timestamp":"2026-08-28T12:44:20.002037Z","level":"info","event":"Cosmos performance (verdanta_daily__dbt_daily) - [46e70e30ac03|5012]: It took 0.145s to parse the dbt project for DAG using LoadMode.DBT_LS_CACHE","logger":"cosmos.converter","filename":"converter.py","lineno":371}
{"timestamp":"2026-08-28T12:44:20.074210Z","level":"info","event":"Cosmos performance (verdanta_daily__dbt_daily) - [46e70e30ac03|5012]: It took 0.0721s to build the Airflow DAG.","logger":"cosmos.converter","filename":"converter.py","lineno":423}
{"timestamp":"2026-08-28T12:44:20.074381Z","level":"info","event":"::endgroup::Cosmos DAG parsing logs","logger":"cosmos.converter","filename":"converter.py","lineno":430}
{"timestamp":"2026-08-28T12:44:20.074983Z","level":"warning","event":"Using Variable.get from `airflow.models` is deprecated.Please use `get` on Variable from sdk(`airflow.sdk.Variable`) instead","category":"UserWarning","filename":"/home/airflow/.local/lib/python3.13/site-packages/airflow/models/variable.py","lineno":158,"logger":"py.warnings"}
{"timestamp":"2026-08-28T12:44:50.865509Z","level":"info","event":"Filling up the DagBag from /opt/airflow/dags/verdanta_daily.py","logger":"airflow.dag_processing.dagbag.BundleDagBag","filename":"dagbag.py","lineno":469}
{"timestamp":"2026-08-28T12:44:50.932583Z","level":"info","event":"::group::Cosmos DAG parsing logs","logger":"cosmos.converter","filename":"converter.py","lineno":321}
{"timestamp":"2026-08-28T12:44:50.936152Z","level":"info","event":"Cosmos cache dir resolved to /tmp/cosmos/verdanta_daily__dbt_daily","logger":"cosmos.converter","filename":"converter.py","lineno":346}
{"timestamp":"2026-08-28T12:44:50.936387Z","level":"info","event":"Trying to parse the dbt project using dbt ls cache cosmos_cache__verdanta_daily__dbt_daily...","logger":"cosmos.dbt.graph","filename":"graph.py","lineno":869}
{"timestamp":"2026-08-28T12:44:51.081546Z","level":"info","event":"Cosmos performance: time to calculate cache identifier cosmos_cache__verdanta_daily__dbt_daily for current version: 0.12773691000074905","logger":"cosmos.cache","filename":"cache.py","lineno":401}
{"timestamp":"2026-08-28T12:44:51.081798Z","level":"info","event":"Cosmos performance [46e70e30ac03|5048]: The cache size for cosmos_cache__verdanta_daily__dbt_daily is 81421","logger":"cosmos.dbt.graph","filename":"graph.py","lineno":886}
{"timestamp":"2026-08-28T12:44:51.087552Z","level":"info","event":"Cosmos performance: Cache hit for cosmos_cache__verdanta_daily__dbt_daily - 7ef252dbf94f4e7f8dda113986a456cc,ff67f1985ea8a9c639de2e1985ae4cf7","logger":"cosmos.dbt.graph","filename":"graph.py","lineno":898}
{"timestamp":"2026-08-28T12:44:51.087771Z","level":"info","event":"Total nodes: 91","logger":"cosmos.dbt.graph","filename":"graph.py","lineno":799}
{"timestamp":"2026-08-28T12:44:51.087852Z","level":"info","event":"Total filtered nodes: 91","logger":"cosmos.dbt.graph","filename":"graph.py","lineno":800}
{"timestamp":"2026-08-28T12:44:51.087939Z","level":"info","event":"Cosmos performance (verdanta_daily__dbt_daily) - [46e70e30ac03|5048]: It took 0.152s to parse the dbt project for DAG using LoadMode.DBT_LS_CACHE","logger":"cosmos.converter","filename":"converter.py","lineno":371}
{"timestamp":"2026-08-28T12:44:51.158212Z","level":"info","event":"Cosmos performance (verdanta_daily__dbt_daily) - [46e70e30ac03|5048]: It took 0.0702s to build the Airflow DAG.","logger":"cosmos.converter","filename":"converter.py","lineno":423}
{"timestamp":"2026-08-28T12:44:51.158380Z","level":"info","event":"::endgroup::Cosmos DAG parsing logs","logger":"cosmos.converter","filename":"converter.py","lineno":430}
{"timestamp":"2026-08-28T12:44:51.158910Z","level":"warning","event":"Using Variable.get from `airflow.models` is deprecated.Please use `get` on Variable from sdk(`airflow.sdk.Variable`) instead","category":"UserWarning","filename":"/home/airflow/.local/lib/python3.13/site-packages/airflow/models/variable.py","lineno":158,"logger":"py.warnings"}
{"timestamp":"2026-08-28T12:45:21.701434Z","level":"info","event":"Filling up the DagBag from /opt/airflow/dags/verdanta_daily.py","logger":"airflow.dag_processing.dagbag.BundleDagBag","filename":"dagbag.py","lineno":469}
{"timestamp":"2026-08-28T12:45:21.776045Z","level":"info","event":"::group::Cosmos DAG parsing logs","logger":"cosmos.converter","filename":"converter.py","lineno":321}
{"timestamp":"2026-08-28T12:45:21.779959Z","level":"info","event":"Cosmos cache dir resolved to /tmp/cosmos/verdanta_daily__dbt_daily","logger":"cosmos.converter","filename":"converter.py","lineno":346}
{"timestamp":"2026-08-28T12:45:21.780168Z","level":"info","event":"Trying to parse the dbt project using dbt ls cache cosmos_cache__verdanta_daily__dbt_daily...","logger":"cosmos.dbt.graph","filename":"graph.py","lineno":869}
{"timestamp":"2026-08-28T12:45:21.939933Z","level":"info","event":"Cosmos performance: time to calculate cache identifier cosmos_cache__verdanta_daily__dbt_daily for current version: 0.129083756","logger":"cosmos.cache","filename":"cache.py","lineno":401}
{"timestamp":"2026-08-28T12:45:21.940220Z","level":"info","event":"Cosmos performance [46e70e30ac03|5066]: The cache size for cosmos_cache__verdanta_daily__dbt_daily is 81421","logger":"cosmos.dbt.graph","filename":"graph.py","lineno":886}
{"timestamp":"2026-08-28T12:45:21.943171Z","level":"info","event":"Cosmos performance: Cache hit for cosmos_cache__verdanta_daily__dbt_daily - 7ef252dbf94f4e7f8dda113986a456cc,ff67f1985ea8a9c639de2e1985ae4cf7","logger":"cosmos.dbt.graph","filename":"graph.py","lineno":898}
{"timestamp":"2026-08-28T12:45:21.943368Z","level":"info","event":"Total nodes: 91","logger":"cosmos.dbt.graph","filename":"graph.py","lineno":799}
{"timestamp":"2026-08-28T12:45:21.943441Z","level":"info","event":"Total filtered nodes: 91","logger":"cosmos.dbt.graph","filename":"graph.py","lineno":800}
{"timestamp":"2026-08-28T12:45:21.943530Z","level":"info","event":"Cosmos performance (verdanta_daily__dbt_daily) - [46e70e30ac03|5066]: It took 0.163s to parse the dbt project for DAG using LoadMode.DBT_LS_CACHE","logger":"cosmos.converter","filename":"converter.py","lineno":371}
{"timestamp":"2026-08-28T12:45:22.019014Z","level":"info","event":"Cosmos performance (verdanta_daily__dbt_daily) - [46e70e30ac03|5066]: It took 0.0755s to build the Airflow DAG.","logger":"cosmos.converter","filename":"converter.py","lineno":423}
{"timestamp":"2026-08-28T12:45:22.019183Z","level":"info","event":"::endgroup::Cosmos DAG parsing logs","logger":"cosmos.converter","filename":"converter.py","lineno":430}
{"timestamp":"2026-08-28T12:45:22.019745Z","level":"warning","event":"Using Variable.get from `airflow.models` is deprecated.Please use `get` on Variable from sdk(`airflow.sdk.Variable`) instead","category":"UserWarning","filename":"/home/airflow/.local/lib/python3.13/site-packages/airflow/models/variable.py","lineno":158,"logger":"py.warnings"}
{"timestamp":"2026-08-28T12:45:52.537403Z","level":"info","event":"Filling up the DagBag from /opt/airflow/dags/verdanta_daily.py","logger":"airflow.dag_processing.dagbag.BundleDagBag","filename":"dagbag.py","lineno":469}
{"timestamp":"2026-08-28T12:45:52.601907Z","level":"info","event":"::group::Cosmos DAG parsing logs","logger":"cosmos.converter","filename":"converter.py","lineno":321}
{"timestamp":"2026-08-28T12:45:52.605725Z","level":"info","event":"Cosmos cache dir resolved to /tmp/cosmos/verdanta_daily__dbt_daily","logger":"cosmos.converter","filename":"converter.py","lineno":346}
{"timestamp":"2026-08-28T12:45:52.605912Z","level":"info","event":"Trying to parse the dbt project using dbt ls cache cosmos_cache__verdanta_daily__dbt_daily...","logger":"cosmos.dbt.graph","filename":"graph.py","lineno":869}
{"timestamp":"2026-08-28T12:45:52.754991Z","level":"info","event":"Cosmos performance: time to calculate cache identifier cosmos_cache__verdanta_daily__dbt_daily for current version: 0.13407799699962197","logger":"cosmos.cache","filename":"cache.py","lineno":401}
{"timestamp":"2026-08-28T12:45:52.755230Z","level":"info","event":"Cosmos performance [46e70e30ac03|5098]: The cache size for cosmos_cache__verdanta_daily__dbt_daily is 81421","logger":"cosmos.dbt.graph","filename":"graph.py","lineno":886}
{"timestamp":"2026-08-28T12:45:52.757470Z","level":"info","event":"Cosmos performance: Cache hit for cosmos_cache__verdanta_daily__dbt_daily - 7ef252dbf94f4e7f8dda113986a456cc,ff67f1985ea8a9c639de2e1985ae4cf7","logger":"cosmos.dbt.graph","filename":"graph.py","lineno":898}
{"timestamp":"2026-08-28T12:45:52.757685Z","level":"info","event":"Total nodes: 91","logger":"cosmos.dbt.graph","filename":"graph.py","lineno":799}
{"timestamp":"2026-08-28T12:45:52.757750Z","level":"info","event":"Total filtered nodes: 91","logger":"cosmos.dbt.graph","filename":"graph.py","lineno":800}
{"timestamp":"2026-08-28T12:45:52.757826Z","level":"info","event":"Cosmos performance (verdanta_daily__dbt_daily) - [46e70e30ac03|5098]: It took 0.152s to parse the dbt project for DAG using LoadMode.DBT_LS_CACHE","logger":"cosmos.converter","filename":"converter.py","lineno":371}
{"timestamp":"2026-08-28T12:45:52.828552Z","level":"info","event":"Cosmos performance (verdanta_daily__dbt_daily) - [46e70e30ac03|5098]: It took 0.0707s to build the Airflow DAG.","logger":"cosmos.converter","filename":"converter.py","lineno":423}
{"timestamp":"2026-08-28T12:45:52.828726Z","level":"info","event":"::endgroup::Cosmos DAG parsing logs","logger":"cosmos.converter","filename":"converter.py","lineno":430}
{"timestamp":"2026-08-28T12:45:52.829315Z","level":"warning","event":"Using Variable.get from `airflow.models` is deprecated.Please use `get` on Variable from sdk(`airflow.sdk.Variable`) instead","category":"UserWarning","filename":"/home/airflow/.local/lib/python3.13/site-packages/airflow/models/variable.py","lineno":158,"logger":"py.warnings"}
{"timestamp":"2026-08-28T12:46:23.127061Z","level":"info","event":"Filling up the DagBag from /opt/airflow/dags/verdanta_daily.py","logger":"airflow.dag_processing.dagbag.BundleDagBag","filename":"dagbag.py","lineno":469}
{"timestamp":"2026-08-28T12:46:23.193149Z","level":"info","event":"::group::Cosmos DAG parsing logs","logger":"cosmos.converter","filename":"converter.py","lineno":321}
{"timestamp":"2026-08-28T12:46:23.197431Z","level":"info","event":"Cosmos cache dir resolved to /tmp/cosmos/verdanta_daily__dbt_daily","logger":"cosmos.converter","filename":"converter.py","lineno":346}
{"timestamp":"2026-08-28T12:46:23.197617Z","level":"info","event":"Trying to parse the dbt project using dbt ls cache cosmos_cache__verdanta_daily__dbt_daily...","logger":"cosmos.dbt.graph","filename":"graph.py","lineno":869}
{"timestamp":"2026-08-28T12:46:23.337870Z","level":"info","event":"Cosmos performance: time to calculate cache identifier cosmos_cache__verdanta_daily__dbt_daily for current version: 0.12639588000001822","logger":"cosmos.cache","filename":"cache.py","lineno":401}
{"timestamp":"2026-08-28T12:46:23.338107Z","level":"info","event":"Cosmos performance [46e70e30ac03|5134]: The cache size for cosmos_cache__verdanta_daily__dbt_daily is 81421","logger":"cosmos.dbt.graph","filename":"graph.py","lineno":886}
{"timestamp":"2026-08-28T12:46:23.340282Z","level":"info","event":"Cosmos performance: Cache hit for cosmos_cache__verdanta_daily__dbt_daily - 7ef252dbf94f4e7f8dda113986a456cc,ff67f1985ea8a9c639de2e1985ae4cf7","logger":"cosmos.dbt.graph","filename":"graph.py","lineno":898}
{"timestamp":"2026-08-28T12:46:23.340499Z","level":"info","event":"Total nodes: 91","logger":"cosmos.dbt.graph","filename":"graph.py","lineno":799}
{"timestamp":"2026-08-28T12:46:23.340563Z","level":"info","event":"Total filtered nodes: 91","logger":"cosmos.dbt.graph","filename":"graph.py","lineno":800}
{"timestamp":"2026-08-28T12:46:23.340638Z","level":"info","event":"Cosmos performance (verdanta_daily__dbt_daily) - [46e70e30ac03|5134]: It took 0.143s to parse the dbt project for DAG using LoadMode.DBT_LS_CACHE","logger":"cosmos.converter","filename":"converter.py","lineno":371}
{"timestamp":"2026-08-28T12:46:23.408656Z","level":"info","event":"Cosmos performance (verdanta_daily__dbt_daily) - [46e70e30ac03|5134]: It took 0.068s to build the Airflow DAG.","logger":"cosmos.converter","filename":"converter.py","lineno":423}
{"timestamp":"2026-08-28T12:46:23.408803Z","level":"info","event":"::endgroup::Cosmos DAG parsing logs","logger":"cosmos.converter","filename":"converter.py","lineno":430}
{"timestamp":"2026-08-28T12:46:23.409331Z","level":"warning","event":"Using Variable.get from `airflow.models` is deprecated.Please use `get` on Variable from sdk(`airflow.sdk.Variable`) instead","category":"UserWarning","filename":"/home/airflow/.local/lib/python3.13/site-packages/airflow/models/variable.py","lineno":158,"logger":"py.warnings"}
{"timestamp":"2026-08-28T12:46:54.074446Z","level":"info","event":"Filling up the DagBag from /opt/airflow/dags/verdanta_daily.py","logger":"airflow.dag_processing.dagbag.BundleDagBag","filename":"dagbag.py","lineno":469}
{"timestamp":"2026-08-28T12:46:54.141109Z","level":"info","event":"::group::Cosmos DAG parsing logs","logger":"cosmos.converter","filename":"converter.py","lineno":321}
{"timestamp":"2026-08-28T12:46:54.144355Z","level":"info","event":"Cosmos cache dir resolved to /tmp/cosmos/verdanta_daily__dbt_daily","logger":"cosmos.converter","filename":"converter.py","lineno":346}
{"timestamp":"2026-08-28T12:46:54.144551Z","level":"info","event":"Trying to parse the dbt project using dbt ls cache cosmos_cache__verdanta_daily__dbt_daily...","logger":"cosmos.dbt.graph","filename":"graph.py","lineno":869}
{"timestamp":"2026-08-28T12:46:54.289360Z","level":"info","event":"Cosmos performance: time to calculate cache identifier cosmos_cache__verdanta_daily__dbt_daily for current version: 0.12815050700010033","logger":"cosmos.cache","filename":"cache.py","lineno":401}
{"timestamp":"2026-08-28T12:46:54.289594Z","level":"info","event":"Cosmos performance [46e70e30ac03|5170]: The cache size for cosmos_cache__verdanta_daily__dbt_daily is 81421","logger":"cosmos.dbt.graph","filename":"graph.py","lineno":886}
{"timestamp":"2026-08-28T12:46:54.292664Z","level":"info","event":"Cosmos performance: Cache hit for cosmos_cache__verdanta_daily__dbt_daily - 7ef252dbf94f4e7f8dda113986a456cc,ff67f1985ea8a9c639de2e1985ae4cf7","logger":"cosmos.dbt.graph","filename":"graph.py","lineno":898}
{"timestamp":"2026-08-28T12:46:54.292888Z","level":"info","event":"Total nodes: 91","logger":"cosmos.dbt.graph","filename":"graph.py","lineno":799}
{"timestamp":"2026-08-28T12:46:54.292957Z","level":"info","event":"Total filtered nodes: 91","logger":"cosmos.dbt.graph","filename":"graph.py","lineno":800}
{"timestamp":"2026-08-28T12:46:54.293032Z","level":"info","event":"Cosmos performance (verdanta_daily__dbt_daily) - [46e70e30ac03|5170]: It took 0.149s to parse the dbt project for DAG using LoadMode.DBT_LS_CACHE","logger":"cosmos.converter","filename":"converter.py","lineno":371}
{"timestamp":"2026-08-28T12:46:54.364355Z","level":"info","event":"Cosmos performance (verdanta_daily__dbt_daily) - [46e70e30ac03|5170]: It took 0.0713s to build the Airflow DAG.","logger":"cosmos.converter","filename":"converter.py","lineno":423}
{"timestamp":"2026-08-28T12:46:54.364528Z","level":"info","event":"::endgroup::Cosmos DAG parsing logs","logger":"cosmos.converter","filename":"converter.py","lineno":430}
{"timestamp":"2026-08-28T12:46:54.365038Z","level":"warning","event":"Using Variable.get from `airflow.models` is deprecated.Please use `get` on Variable from sdk(`airflow.sdk.Variable`) instead","category":"UserWarning","filename":"/home/airflow/.local/lib/python3.13/site-packages/airflow/models/variable.py","lineno":158,"logger":"py.warnings"}
{"timestamp":"2026-08-28T12:47:25.292340Z","level":"info","event":"Filling up the DagBag from /opt/airflow/dags/verdanta_daily.py","logger":"airflow.dag_processing.dagbag.BundleDagBag","filename":"dagbag.py","lineno":469}
{"timestamp":"2026-08-28T12:47:25.360402Z","level":"info","event":"::group::Cosmos DAG parsing logs","logger":"cosmos.converter","filename":"converter.py","lineno":321}
{"timestamp":"2026-08-28T12:47:25.363550Z","level":"info","event":"Cosmos cache dir resolved to /tmp/cosmos/verdanta_daily__dbt_daily","logger":"cosmos.converter","filename":"converter.py","lineno":346}
{"timestamp":"2026-08-28T12:47:25.363790Z","level":"info","event":"Trying to parse the dbt project using dbt ls cache cosmos_cache__verdanta_daily__dbt_daily...","logger":"cosmos.dbt.graph","filename":"graph.py","lineno":869}
{"timestamp":"2026-08-28T12:47:25.508569Z","level":"info","event":"Cosmos performance: time to calculate cache identifier cosmos_cache__verdanta_daily__dbt_daily for current version: 0.12783997499991528","logger":"cosmos.cache","filename":"cache.py","lineno":401}
{"timestamp":"2026-08-28T12:47:25.508808Z","level":"info","event":"Cosmos performance [46e70e30ac03|5206]: The cache size for cosmos_cache__verdanta_daily__dbt_daily is 81421","logger":"cosmos.dbt.graph","filename":"graph.py","lineno":886}
{"timestamp":"2026-08-28T12:47:25.511614Z","level":"info","event":"Cosmos performance: Cache hit for cosmos_cache__verdanta_daily__dbt_daily - 7ef252dbf94f4e7f8dda113986a456cc,ff67f1985ea8a9c639de2e1985ae4cf7","logger":"cosmos.dbt.graph","filename":"graph.py","lineno":898}
{"timestamp":"2026-08-28T12:47:25.511813Z","level":"info","event":"Total nodes: 91","logger":"cosmos.dbt.graph","filename":"graph.py","lineno":799}
{"timestamp":"2026-08-28T12:47:25.511885Z","level":"info","event":"Total filtered nodes: 91","logger":"cosmos.dbt.graph","filename":"graph.py","lineno":800}
{"timestamp":"2026-08-28T12:47:25.511958Z","level":"info","event":"Cosmos performance (verdanta_daily__dbt_daily) - [46e70e30ac03|5206]: It took 0.148s to parse the dbt project for DAG using LoadMode.DBT_LS_CACHE","logger":"cosmos.converter","filename":"converter.py","lineno":371}
{"timestamp":"2026-08-28T12:47:25.587262Z","level":"info","event":"Cosmos performance (verdanta_daily__dbt_daily) - [46e70e30ac03|5206]: It took 0.0752s to build the Airflow DAG.","logger":"cosmos.converter","filename":"converter.py","lineno":423}
{"timestamp":"2026-08-28T12:47:25.587433Z","level":"info","event":"::endgroup::Cosmos DAG parsing logs","logger":"cosmos.converter","filename":"converter.py","lineno":430}
{"timestamp":"2026-08-28T12:47:25.587957Z","level":"warning","event":"Using Variable.get from `airflow.models` is deprecated.Please use `get` on Variable from sdk(`airflow.sdk.Variable`) instead","category":"UserWarning","filename":"/home/airflow/.local/lib/python3.13/site-packages/airflow/models/variable.py","lineno":158,"logger":"py.warnings"}
{"timestamp":"2026-08-28T12:49:03.452091Z","level":"info","event":"Filling up the DagBag from /opt/airflow/dags/verdanta_daily.py","logger":"airflow.dag_processing.dagbag.BundleDagBag","filename":"dagbag.py","lineno":469}
{"timestamp":"2026-08-28T12:49:03.536451Z","level":"info","event":"::group::Cosmos DAG parsing logs","logger":"cosmos.converter","filename":"converter.py","lineno":321}
{"timestamp":"2026-08-28T12:49:03.542061Z","level":"info","event":"Cosmos cache dir resolved to /tmp/cosmos/verdanta_daily__dbt_daily","logger":"cosmos.converter","filename":"converter.py","lineno":346}
{"timestamp":"2026-08-28T12:49:03.542365Z","level":"info","event":"Trying to parse the dbt project using dbt ls cache cosmos_cache__verdanta_daily__dbt_daily...","logger":"cosmos.dbt.graph","filename":"graph.py","lineno":869}
{"timestamp":"2026-08-28T12:49:03.709116Z","level":"info","event":"Cosmos performance: time to calculate cache identifier cosmos_cache__verdanta_daily__dbt_daily for current version: 0.1480470160004188","logger":"cosmos.cache","filename":"cache.py","lineno":401}
{"timestamp":"2026-08-28T12:49:03.709358Z","level":"info","event":"Cosmos performance [e15fb16d2369|38]: The cache size for cosmos_cache__verdanta_daily__dbt_daily is 81421","logger":"cosmos.dbt.graph","filename":"graph.py","lineno":886}
{"timestamp":"2026-08-28T12:49:03.711720Z","level":"info","event":"Cosmos performance: Cache hit for cosmos_cache__verdanta_daily__dbt_daily - 7ef252dbf94f4e7f8dda113986a456cc,ff67f1985ea8a9c639de2e1985ae4cf7","logger":"cosmos.dbt.graph","filename":"graph.py","lineno":898}
{"timestamp":"2026-08-28T12:49:03.711928Z","level":"info","event":"Total nodes: 91","logger":"cosmos.dbt.graph","filename":"graph.py","lineno":799}
{"timestamp":"2026-08-28T12:49:03.711998Z","level":"info","event":"Total filtered nodes: 91","logger":"cosmos.dbt.graph","filename":"graph.py","lineno":800}
{"timestamp":"2026-08-28T12:49:03.712066Z","level":"info","event":"Cosmos performance (verdanta_daily__dbt_daily) - [e15fb16d2369|38]: It took 0.17s to parse the dbt project for DAG using LoadMode.DBT_LS_CACHE","logger":"cosmos.converter","filename":"converter.py","lineno":371}
{"timestamp":"2026-08-28T12:49:03.791702Z","level":"info","event":"Cosmos performance (verdanta_daily__dbt_daily) - [e15fb16d2369|38]: It took 0.0796s to build the Airflow DAG.","logger":"cosmos.converter","filename":"converter.py","lineno":423}
{"timestamp":"2026-08-28T12:49:03.791921Z","level":"info","event":"::endgroup::Cosmos DAG parsing logs","logger":"cosmos.converter","filename":"converter.py","lineno":430}
{"timestamp":"2026-08-28T12:49:03.792609Z","level":"warning","event":"Using Variable.get from `airflow.models` is deprecated.Please use `get` on Variable from sdk(`airflow.sdk.Variable`) instead","category":"UserWarning","filename":"/home/airflow/.local/lib/python3.13/site-packages/airflow/models/variable.py","lineno":158,"logger":"py.warnings"}
{"timestamp":"2026-08-28T12:49:33.148608Z","level":"info","event":"Filling up the DagBag from /opt/airflow/dags/verdanta_daily.py","logger":"airflow.dag_processing.dagbag.BundleDagBag","filename":"dagbag.py","lineno":469}
{"timestamp":"2026-08-28T12:49:33.261342Z","level":"info","event":"::group::Cosmos DAG parsing logs","logger":"cosmos.converter","filename":"converter.py","lineno":321}
{"timestamp":"2026-08-28T12:49:33.265336Z","level":"info","event":"Cosmos cache dir resolved to /tmp/cosmos/verdanta_daily__dbt_daily","logger":"cosmos.converter","filename":"converter.py","lineno":346}
{"timestamp":"2026-08-28T12:49:33.265553Z","level":"info","event":"Trying to parse the dbt project using dbt ls cache cosmos_cache__verdanta_daily__dbt_daily...","logger":"cosmos.dbt.graph","filename":"graph.py","lineno":869}
{"timestamp":"2026-08-28T12:49:33.431708Z","level":"info","event":"Cosmos performance: time to calculate cache identifier cosmos_cache__verdanta_daily__dbt_daily for current version: 0.1477541639997071","logger":"cosmos.cache","filename":"cache.py","lineno":401}
{"timestamp":"2026-08-28T12:49:33.431930Z","level":"info","event":"Cosmos performance [e15fb16d2369|79]: The cache size for cosmos_cache__verdanta_daily__dbt_daily is 81421","logger":"cosmos.dbt.graph","filename":"graph.py","lineno":886}
{"timestamp":"2026-08-28T12:49:33.434109Z","level":"info","event":"Cosmos performance: Cache hit for cosmos_cache__verdanta_daily__dbt_daily - 7ef252dbf94f4e7f8dda113986a456cc,ff67f1985ea8a9c639de2e1985ae4cf7","logger":"cosmos.dbt.graph","filename":"graph.py","lineno":898}
{"timestamp":"2026-08-28T12:49:33.434317Z","level":"info","event":"Total nodes: 91","logger":"cosmos.dbt.graph","filename":"graph.py","lineno":799}
{"timestamp":"2026-08-28T12:49:33.434386Z","level":"info","event":"Total filtered nodes: 91","logger":"cosmos.dbt.graph","filename":"graph.py","lineno":800}
{"timestamp":"2026-08-28T12:49:33.434460Z","level":"info","event":"Cosmos performance (verdanta_daily__dbt_daily) - [e15fb16d2369|79]: It took 0.169s to parse the dbt project for DAG using LoadMode.DBT_LS_CACHE","logger":"cosmos.converter","filename":"converter.py","lineno":371}
{"timestamp":"2026-08-28T12:49:33.517942Z","level":"info","event":"Cosmos performance (verdanta_daily__dbt_daily) - [e15fb16d2369|79]: It took 0.0834s to build the Airflow DAG.","logger":"cosmos.converter","filename":"converter.py","lineno":423}
{"timestamp":"2026-08-28T12:49:33.518109Z","level":"info","event":"::endgroup::Cosmos DAG parsing logs","logger":"cosmos.converter","filename":"converter.py","lineno":430}
{"timestamp":"2026-08-28T12:49:33.518638Z","level":"warning","event":"Using Variable.get from `airflow.models` is deprecated.Please use `get` on Variable from sdk(`airflow.sdk.Variable`) instead","category":"UserWarning","filename":"/home/airflow/.local/lib/python3.13/site-packages/airflow/models/variable.py","lineno":158,"logger":"py.warnings"}
{"timestamp":"2026-08-28T12:50:04.514368Z","level":"info","event":"Filling up the DagBag from /opt/airflow/dags/verdanta_daily.py","logger":"airflow.dag_processing.dagbag.BundleDagBag","filename":"dagbag.py","lineno":469}
{"timestamp":"2026-08-28T12:50:04.585584Z","level":"info","event":"::group::Cosmos DAG parsing logs","logger":"cosmos.converter","filename":"converter.py","lineno":321}
{"timestamp":"2026-08-28T12:50:04.589743Z","level":"info","event":"Cosmos cache dir resolved to /tmp/cosmos/verdanta_daily__dbt_daily","logger":"cosmos.converter","filename":"converter.py","lineno":346}
{"timestamp":"2026-08-28T12:50:04.590017Z","level":"info","event":"Trying to parse the dbt project using dbt ls cache cosmos_cache__verdanta_daily__dbt_daily...","logger":"cosmos.dbt.graph","filename":"graph.py","lineno":869}
{"timestamp":"2026-08-28T12:50:04.733979Z","level":"info","event":"Cosmos performance: time to calculate cache identifier cosmos_cache__verdanta_daily__dbt_daily for current version: 0.1280417670004681","logger":"cosmos.cache","filename":"cache.py","lineno":401}
{"timestamp":"2026-08-28T12:50:04.734200Z","level":"info","event":"Cosmos performance [e15fb16d2369|115]: The cache size for cosmos_cache__verdanta_daily__dbt_daily is 81421","logger":"cosmos.dbt.graph","filename":"graph.py","lineno":886}
{"timestamp":"2026-08-28T12:50:04.736986Z","level":"info","event":"Cosmos performance: Cache hit for cosmos_cache__verdanta_daily__dbt_daily - 7ef252dbf94f4e7f8dda113986a456cc,ff67f1985ea8a9c639de2e1985ae4cf7","logger":"cosmos.dbt.graph","filename":"graph.py","lineno":898}
{"timestamp":"2026-08-28T12:50:04.737176Z","level":"info","event":"Total nodes: 91","logger":"cosmos.dbt.graph","filename":"graph.py","lineno":799}
{"timestamp":"2026-08-28T12:50:04.737241Z","level":"info","event":"Total filtered nodes: 91","logger":"cosmos.dbt.graph","filename":"graph.py","lineno":800}
{"timestamp":"2026-08-28T12:50:04.737306Z","level":"info","event":"Cosmos performance (verdanta_daily__dbt_daily) - [e15fb16d2369|115]: It took 0.147s to parse the dbt project for DAG using LoadMode.DBT_LS_CACHE","logger":"cosmos.converter","filename":"converter.py","lineno":371}
{"timestamp":"2026-08-28T12:50:04.810217Z","level":"info","event":"Cosmos performance (verdanta_daily__dbt_daily) - [e15fb16d2369|115]: It took 0.0729s to build the Airflow DAG.","logger":"cosmos.converter","filename":"converter.py","lineno":423}
{"timestamp":"2026-08-28T12:50:04.810385Z","level":"info","event":"::endgroup::Cosmos DAG parsing logs","logger":"cosmos.converter","filename":"converter.py","lineno":430}
{"timestamp":"2026-08-28T12:50:04.810938Z","level":"warning","event":"Using Variable.get from `airflow.models` is deprecated.Please use `get` on Variable from sdk(`airflow.sdk.Variable`) instead","category":"UserWarning","filename":"/home/airflow/.local/lib/python3.13/site-packages/airflow/models/variable.py","lineno":158,"logger":"py.warnings"}
{"timestamp":"2026-08-28T12:50:34.911160Z","level":"info","event":"Filling up the DagBag from /opt/airflow/dags/verdanta_daily.py","logger":"airflow.dag_processing.dagbag.BundleDagBag","filename":"dagbag.py","lineno":469}
{"timestamp":"2026-08-28T12:50:34.978812Z","level":"info","event":"::group::Cosmos DAG parsing logs","logger":"cosmos.converter","filename":"converter.py","lineno":321}
{"timestamp":"2026-08-28T12:50:34.982005Z","level":"info","event":"Cosmos cache dir resolved to /tmp/cosmos/verdanta_daily__dbt_daily","logger":"cosmos.converter","filename":"converter.py","lineno":346}
{"timestamp":"2026-08-28T12:50:34.982225Z","level":"info","event":"Trying to parse the dbt project using dbt ls cache cosmos_cache__verdanta_daily__dbt_daily...","logger":"cosmos.dbt.graph","filename":"graph.py","lineno":869}
{"timestamp":"2026-08-28T12:50:35.127101Z","level":"info","event":"Cosmos performance: time to calculate cache identifier cosmos_cache__verdanta_daily__dbt_daily for current version: 0.12850135999997292","logger":"cosmos.cache","filename":"cache.py","lineno":401}
{"timestamp":"2026-08-28T12:50:35.127349Z","level":"info","event":"Cosmos performance [e15fb16d2369|151]: The cache size for cosmos_cache__verdanta_daily__dbt_daily is 81421","logger":"cosmos.dbt.graph","filename":"graph.py","lineno":886}
{"timestamp":"2026-08-28T12:50:35.130069Z","level":"info","event":"Cosmos performance: Cache hit for cosmos_cache__verdanta_daily__dbt_daily - 7ef252dbf94f4e7f8dda113986a456cc,ff67f1985ea8a9c639de2e1985ae4cf7","logger":"cosmos.dbt.graph","filename":"graph.py","lineno":898}
{"timestamp":"2026-08-28T12:50:35.130270Z","level":"info","event":"Total nodes: 91","logger":"cosmos.dbt.graph","filename":"graph.py","lineno":799}
{"timestamp":"2026-08-28T12:50:35.130346Z","level":"info","event":"Total filtered nodes: 91","logger":"cosmos.dbt.graph","filename":"graph.py","lineno":800}
{"timestamp":"2026-08-28T12:50:35.130422Z","level":"info","event":"Cosmos performance (verdanta_daily__dbt_daily) - [e15fb16d2369|151]: It took 0.148s to parse the dbt project for DAG using LoadMode.DBT_LS_CACHE","logger":"cosmos.converter","filename":"converter.py","lineno":371}
{"timestamp":"2026-08-28T12:50:35.217183Z","level":"info","event":"Cosmos performance (verdanta_daily__dbt_daily) - [e15fb16d2369|151]: It took 0.0867s to build the Airflow DAG.","logger":"cosmos.converter","filename":"converter.py","lineno":423}
{"timestamp":"2026-08-28T12:50:35.217381Z","level":"info","event":"::endgroup::Cosmos DAG parsing logs","logger":"cosmos.converter","filename":"converter.py","lineno":430}
{"timestamp":"2026-08-28T12:50:35.218844Z","level":"warning","event":"Using Variable.get from `airflow.models` is deprecated.Please use `get` on Variable from sdk(`airflow.sdk.Variable`) instead","category":"UserWarning","filename":"/home/airflow/.local/lib/python3.13/site-packages/airflow/models/variable.py","lineno":158,"logger":"py.warnings"}
{"timestamp":"2026-08-28T12:51:05.959086Z","level":"info","event":"Filling up the DagBag from /opt/airflow/dags/verdanta_daily.py","logger":"airflow.dag_processing.dagbag.BundleDagBag","filename":"dagbag.py","lineno":469}
{"timestamp":"2026-08-28T12:51:06.041879Z","level":"info","event":"::group::Cosmos DAG parsing logs","logger":"cosmos.converter","filename":"converter.py","lineno":321}
{"timestamp":"2026-08-28T12:51:06.045751Z","level":"info","event":"Cosmos cache dir resolved to /tmp/cosmos/verdanta_daily__dbt_daily","logger":"cosmos.converter","filename":"converter.py","lineno":346}
{"timestamp":"2026-08-28T12:51:06.045999Z","level":"info","event":"Trying to parse the dbt project using dbt ls cache cosmos_cache__verdanta_daily__dbt_daily...","logger":"cosmos.dbt.graph","filename":"graph.py","lineno":869}
{"timestamp":"2026-08-28T12:51:06.189939Z","level":"info","event":"Cosmos performance: time to calculate cache identifier cosmos_cache__verdanta_daily__dbt_daily for current version: 0.12882852999973693","logger":"cosmos.cache","filename":"cache.py","lineno":401}
{"timestamp":"2026-08-28T12:51:06.190152Z","level":"info","event":"Cosmos performance [e15fb16d2369|168]: The cache size for cosmos_cache__verdanta_daily__dbt_daily is 81421","logger":"cosmos.dbt.graph","filename":"graph.py","lineno":886}
{"timestamp":"2026-08-28T12:51:06.192884Z","level":"info","event":"Cosmos performance: Cache hit for cosmos_cache__verdanta_daily__dbt_daily - 7ef252dbf94f4e7f8dda113986a456cc,ff67f1985ea8a9c639de2e1985ae4cf7","logger":"cosmos.dbt.graph","filename":"graph.py","lineno":898}
{"timestamp":"2026-08-28T12:51:06.193050Z","level":"info","event":"Total nodes: 91","logger":"cosmos.dbt.graph","filename":"graph.py","lineno":799}
{"timestamp":"2026-08-28T12:51:06.193109Z","level":"info","event":"Total filtered nodes: 91","logger":"cosmos.dbt.graph","filename":"graph.py","lineno":800}
{"timestamp":"2026-08-28T12:51:06.193173Z","level":"info","event":"Cosmos performance (verdanta_daily__dbt_daily) - [e15fb16d2369|168]: It took 0.147s to parse the dbt project for DAG using LoadMode.DBT_LS_CACHE","logger":"cosmos.converter","filename":"converter.py","lineno":371}
{"timestamp":"2026-08-28T12:51:06.275034Z","level":"info","event":"Cosmos performance (verdanta_daily__dbt_daily) - [e15fb16d2369|168]: It took 0.0818s to build the Airflow DAG.","logger":"cosmos.converter","filename":"converter.py","lineno":423}
{"timestamp":"2026-08-28T12:51:06.275193Z","level":"info","event":"::endgroup::Cosmos DAG parsing logs","logger":"cosmos.converter","filename":"converter.py","lineno":430}
{"timestamp":"2026-08-28T12:51:06.275742Z","level":"warning","event":"Using Variable.get from `airflow.models` is deprecated.Please use `get` on Variable from sdk(`airflow.sdk.Variable`) instead","category":"UserWarning","filename":"/home/airflow/.local/lib/python3.13/site-packages/airflow/models/variable.py","lineno":158,"logger":"py.warnings"}
{"timestamp":"2026-08-28T12:51:36.395487Z","level":"info","event":"Filling up the DagBag from /opt/airflow/dags/verdanta_daily.py","logger":"airflow.dag_processing.dagbag.BundleDagBag","filename":"dagbag.py","lineno":469}
{"timestamp":"2026-08-28T12:51:36.462900Z","level":"info","event":"::group::Cosmos DAG parsing logs","logger":"cosmos.converter","filename":"converter.py","lineno":321}
{"timestamp":"2026-08-28T12:51:36.466756Z","level":"info","event":"Cosmos cache dir resolved to /tmp/cosmos/verdanta_daily__dbt_daily","logger":"cosmos.converter","filename":"converter.py","lineno":346}
{"timestamp":"2026-08-28T12:51:36.467087Z","level":"info","event":"Trying to parse the dbt project using dbt ls cache cosmos_cache__verdanta_daily__dbt_daily...","logger":"cosmos.dbt.graph","filename":"graph.py","lineno":869}
{"timestamp":"2026-08-28T12:51:36.610948Z","level":"info","event":"Cosmos performance: time to calculate cache identifier cosmos_cache__verdanta_daily__dbt_daily for current version: 0.12797661799959315","logger":"cosmos.cache","filename":"cache.py","lineno":401}
{"timestamp":"2026-08-28T12:51:36.611170Z","level":"info","event":"Cosmos performance [e15fb16d2369|201]: The cache size for cosmos_cache__verdanta_daily__dbt_daily is 81421","logger":"cosmos.dbt.graph","filename":"graph.py","lineno":886}
{"timestamp":"2026-08-28T12:51:36.613427Z","level":"info","event":"Cosmos performance: Cache hit for cosmos_cache__verdanta_daily__dbt_daily - 7ef252dbf94f4e7f8dda113986a456cc,ff67f1985ea8a9c639de2e1985ae4cf7","logger":"cosmos.dbt.graph","filename":"graph.py","lineno":898}
{"timestamp":"2026-08-28T12:51:36.613617Z","level":"info","event":"Total nodes: 91","logger":"cosmos.dbt.graph","filename":"graph.py","lineno":799}
{"timestamp":"2026-08-28T12:51:36.613683Z","level":"info","event":"Total filtered nodes: 91","logger":"cosmos.dbt.graph","filename":"graph.py","lineno":800}
{"timestamp":"2026-08-28T12:51:36.613752Z","level":"info","event":"Cosmos performance (verdanta_daily__dbt_daily) - [e15fb16d2369|201]: It took 0.147s to parse the dbt project for DAG using LoadMode.DBT_LS_CACHE","logger":"cosmos.converter","filename":"converter.py","lineno":371}
{"timestamp":"2026-08-28T12:51:36.688688Z","level":"info","event":"Cosmos performance (verdanta_daily__dbt_daily) - [e15fb16d2369|201]: It took 0.0749s to build the Airflow DAG.","logger":"cosmos.converter","filename":"converter.py","lineno":423}
{"timestamp":"2026-08-28T12:51:36.688855Z","level":"info","event":"::endgroup::Cosmos DAG parsing logs","logger":"cosmos.converter","filename":"converter.py","lineno":430}
{"timestamp":"2026-08-28T12:51:36.689358Z","level":"warning","event":"Using Variable.get from `airflow.models` is deprecated.Please use `get` on Variable from sdk(`airflow.sdk.Variable`) instead","category":"UserWarning","filename":"/home/airflow/.local/lib/python3.13/site-packages/airflow/models/variable.py","lineno":158,"logger":"py.warnings"}
{"timestamp":"2026-08-28T12:52:06.842546Z","level":"info","event":"Filling up the DagBag from /opt/airflow/dags/verdanta_daily.py","logger":"airflow.dag_processing.dagbag.BundleDagBag","filename":"dagbag.py","lineno":469}
{"timestamp":"2026-08-28T12:52:06.907239Z","level":"info","event":"::group::Cosmos DAG parsing logs","logger":"cosmos.converter","filename":"converter.py","lineno":321}
{"timestamp":"2026-08-28T12:52:06.910441Z","level":"info","event":"Cosmos cache dir resolved to /tmp/cosmos/verdanta_daily__dbt_daily","logger":"cosmos.converter","filename":"converter.py","lineno":346}
{"timestamp":"2026-08-28T12:52:06.910736Z","level":"info","event":"Trying to parse the dbt project using dbt ls cache cosmos_cache__verdanta_daily__dbt_daily...","logger":"cosmos.dbt.graph","filename":"graph.py","lineno":869}
{"timestamp":"2026-08-28T12:52:07.054884Z","level":"info","event":"Cosmos performance: time to calculate cache identifier cosmos_cache__verdanta_daily__dbt_daily for current version: 0.1277058069999839","logger":"cosmos.cache","filename":"cache.py","lineno":401}
{"timestamp":"2026-08-28T12:52:07.055126Z","level":"info","event":"Cosmos performance [e15fb16d2369|237]: The cache size for cosmos_cache__verdanta_daily__dbt_daily is 81421","logger":"cosmos.dbt.graph","filename":"graph.py","lineno":886}
{"timestamp":"2026-08-28T12:52:07.057352Z","level":"info","event":"Cosmos performance: Cache hit for cosmos_cache__verdanta_daily__dbt_daily - 7ef252dbf94f4e7f8dda113986a456cc,ff67f1985ea8a9c639de2e1985ae4cf7","logger":"cosmos.dbt.graph","filename":"graph.py","lineno":898}
{"timestamp":"2026-08-28T12:52:07.057724Z","level":"info","event":"Total nodes: 91","logger":"cosmos.dbt.graph","filename":"graph.py","lineno":799}
{"timestamp":"2026-08-28T12:52:07.057793Z","level":"info","event":"Total filtered nodes: 91","logger":"cosmos.dbt.graph","filename":"graph.py","lineno":800}
{"timestamp":"2026-08-28T12:52:07.057858Z","level":"info","event":"Cosmos performance (verdanta_daily__dbt_daily) - [e15fb16d2369|237]: It took 0.147s to parse the dbt project for DAG using LoadMode.DBT_LS_CACHE","logger":"cosmos.converter","filename":"converter.py","lineno":371}
{"timestamp":"2026-08-28T12:52:07.130718Z","level":"info","event":"Cosmos performance (verdanta_daily__dbt_daily) - [e15fb16d2369|237]: It took 0.0728s to build the Airflow DAG.","logger":"cosmos.converter","filename":"converter.py","lineno":423}
{"timestamp":"2026-08-28T12:52:07.130890Z","level":"info","event":"::endgroup::Cosmos DAG parsing logs","logger":"cosmos.converter","filename":"converter.py","lineno":430}
{"timestamp":"2026-08-28T12:52:07.131516Z","level":"warning","event":"Using Variable.get from `airflow.models` is deprecated.Please use `get` on Variable from sdk(`airflow.sdk.Variable`) instead","category":"UserWarning","filename":"/home/airflow/.local/lib/python3.13/site-packages/airflow/models/variable.py","lineno":158,"logger":"py.warnings"}
{"timestamp":"2026-08-28T12:52:38.043989Z","level":"info","event":"Filling up the DagBag from /opt/airflow/dags/verdanta_daily.py","logger":"airflow.dag_processing.dagbag.BundleDagBag","filename":"dagbag.py","lineno":469}
{"timestamp":"2026-08-28T12:52:38.133608Z","level":"info","event":"::group::Cosmos DAG parsing logs","logger":"cosmos.converter","filename":"converter.py","lineno":321}
{"timestamp":"2026-08-28T12:52:38.138130Z","level":"info","event":"Cosmos cache dir resolved to /tmp/cosmos/verdanta_daily__dbt_daily","logger":"cosmos.converter","filename":"converter.py","lineno":346}
{"timestamp":"2026-08-28T12:52:38.138365Z","level":"info","event":"Trying to parse the dbt project using dbt ls cache cosmos_cache__verdanta_daily__dbt_daily...","logger":"cosmos.dbt.graph","filename":"graph.py","lineno":869}
{"timestamp":"2026-08-28T12:52:38.311597Z","level":"info","event":"Cosmos performance: time to calculate cache identifier cosmos_cache__verdanta_daily__dbt_daily for current version: 0.1536565270007486","logger":"cosmos.cache","filename":"cache.py","lineno":401}
{"timestamp":"2026-08-28T12:52:38.311817Z","level":"info","event":"Cosmos performance [e15fb16d2369|273]: The cache size for cosmos_cache__verdanta_daily__dbt_daily is 81421","logger":"cosmos.dbt.graph","filename":"graph.py","lineno":886}
{"timestamp":"2026-08-28T12:52:38.314313Z","level":"info","event":"Cosmos performance: Cache hit for cosmos_cache__verdanta_daily__dbt_daily - 7ef252dbf94f4e7f8dda113986a456cc,ff67f1985ea8a9c639de2e1985ae4cf7","logger":"cosmos.dbt.graph","filename":"graph.py","lineno":898}
{"timestamp":"2026-08-28T12:52:38.314530Z","level":"info","event":"Total nodes: 91","logger":"cosmos.dbt.graph","filename":"graph.py","lineno":799}
{"timestamp":"2026-08-28T12:52:38.314614Z","level":"info","event":"Total filtered nodes: 91","logger":"cosmos.dbt.graph","filename":"graph.py","lineno":800}
{"timestamp":"2026-08-28T12:52:38.314714Z","level":"info","event":"Cosmos performance (verdanta_daily__dbt_daily) - [e15fb16d2369|273]: It took 0.176s to parse the dbt project for DAG using LoadMode.DBT_LS_CACHE","logger":"cosmos.converter","filename":"converter.py","lineno":371}
{"timestamp":"2026-08-28T12:52:38.400759Z","level":"info","event":"Cosmos performance (verdanta_daily__dbt_daily) - [e15fb16d2369|273]: It took 0.086s to build the Airflow DAG.","logger":"cosmos.converter","filename":"converter.py","lineno":423}
{"timestamp":"2026-08-28T12:52:38.400936Z","level":"info","event":"::endgroup::Cosmos DAG parsing logs","logger":"cosmos.converter","filename":"converter.py","lineno":430}
{"timestamp":"2026-08-28T12:52:38.401499Z","level":"warning","event":"Using Variable.get from `airflow.models` is deprecated.Please use `get` on Variable from sdk(`airflow.sdk.Variable`) instead","category":"UserWarning","filename":"/home/airflow/.local/lib/python3.13/site-packages/airflow/models/variable.py","lineno":158,"logger":"py.warnings"}
{"timestamp":"2026-08-28T12:53:08.895711Z","level":"info","event":"Filling up the DagBag from /opt/airflow/dags/verdanta_daily.py","logger":"airflow.dag_processing.dagbag.BundleDagBag","filename":"dagbag.py","lineno":469}
{"timestamp":"2026-08-28T12:53:08.982706Z","level":"info","event":"::group::Cosmos DAG parsing logs","logger":"cosmos.converter","filename":"converter.py","lineno":321}
{"timestamp":"2026-08-28T12:53:08.986270Z","level":"info","event":"Cosmos cache dir resolved to /tmp/cosmos/verdanta_daily__dbt_daily","logger":"cosmos.converter","filename":"converter.py","lineno":346}
{"timestamp":"2026-08-28T12:53:08.986491Z","level":"info","event":"Trying to parse the dbt project using dbt ls cache cosmos_cache__verdanta_daily__dbt_daily...","logger":"cosmos.dbt.graph","filename":"graph.py","lineno":869}
{"timestamp":"2026-08-28T12:53:09.145604Z","level":"info","event":"Cosmos performance: time to calculate cache identifier cosmos_cache__verdanta_daily__dbt_daily for current version: 0.13219246600056067","logger":"cosmos.cache","filename":"cache.py","lineno":401}
{"timestamp":"2026-08-28T12:53:09.145830Z","level":"info","event":"Cosmos performance [e15fb16d2369|309]: The cache size for cosmos_cache__verdanta_daily__dbt_daily is 81421","logger":"cosmos.dbt.graph","filename":"graph.py","lineno":886}
{"timestamp":"2026-08-28T12:53:09.148055Z","level":"info","event":"Cosmos performance: Cache hit for cosmos_cache__verdanta_daily__dbt_daily - 7ef252dbf94f4e7f8dda113986a456cc,ff67f1985ea8a9c639de2e1985ae4cf7","logger":"cosmos.dbt.graph","filename":"graph.py","lineno":898}
{"timestamp":"2026-08-28T12:53:09.148243Z","level":"info","event":"Total nodes: 91","logger":"cosmos.dbt.graph","filename":"graph.py","lineno":799}
{"timestamp":"2026-08-28T12:53:09.148302Z","level":"info","event":"Total filtered nodes: 91","logger":"cosmos.dbt.graph","filename":"graph.py","lineno":800}
{"timestamp":"2026-08-28T12:53:09.148369Z","level":"info","event":"Cosmos performance (verdanta_daily__dbt_daily) - [e15fb16d2369|309]: It took 0.162s to parse the dbt project for DAG using LoadMode.DBT_LS_CACHE","logger":"cosmos.converter","filename":"converter.py","lineno":371}
{"timestamp":"2026-08-28T12:53:09.223310Z","level":"info","event":"Cosmos performance (verdanta_daily__dbt_daily) - [e15fb16d2369|309]: It took 0.0749s to build the Airflow DAG.","logger":"cosmos.converter","filename":"converter.py","lineno":423}
{"timestamp":"2026-08-28T12:53:09.223489Z","level":"info","event":"::endgroup::Cosmos DAG parsing logs","logger":"cosmos.converter","filename":"converter.py","lineno":430}
{"timestamp":"2026-08-28T12:53:09.224066Z","level":"warning","event":"Using Variable.get from `airflow.models` is deprecated.Please use `get` on Variable from sdk(`airflow.sdk.Variable`) instead","category":"UserWarning","filename":"/home/airflow/.local/lib/python3.13/site-packages/airflow/models/variable.py","lineno":158,"logger":"py.warnings"}
{"timestamp":"2026-08-28T12:53:39.946163Z","level":"info","event":"Filling up the DagBag from /opt/airflow/dags/verdanta_daily.py","logger":"airflow.dag_processing.dagbag.BundleDagBag","filename":"dagbag.py","lineno":469}
{"timestamp":"2026-08-28T12:53:40.017486Z","level":"info","event":"::group::Cosmos DAG parsing logs","logger":"cosmos.converter","filename":"converter.py","lineno":321}
{"timestamp":"2026-08-28T12:53:40.021145Z","level":"info","event":"Cosmos cache dir resolved to /tmp/cosmos/verdanta_daily__dbt_daily","logger":"cosmos.converter","filename":"converter.py","lineno":346}
{"timestamp":"2026-08-28T12:53:40.021442Z","level":"info","event":"Trying to parse the dbt project using dbt ls cache cosmos_cache__verdanta_daily__dbt_daily...","logger":"cosmos.dbt.graph","filename":"graph.py","lineno":869}
{"timestamp":"2026-08-28T12:53:40.173497Z","level":"info","event":"Cosmos performance: time to calculate cache identifier cosmos_cache__verdanta_daily__dbt_daily for current version: 0.13438849199974356","logger":"cosmos.cache","filename":"cache.py","lineno":401}
{"timestamp":"2026-08-28T12:53:40.174039Z","level":"info","event":"Cosmos performance [e15fb16d2369|330]: The cache size for cosmos_cache__verdanta_daily__dbt_daily is 81421","logger":"cosmos.dbt.graph","filename":"graph.py","lineno":886}
{"timestamp":"2026-08-28T12:53:40.176363Z","level":"info","event":"Cosmos performance: Cache hit for cosmos_cache__verdanta_daily__dbt_daily - 7ef252dbf94f4e7f8dda113986a456cc,ff67f1985ea8a9c639de2e1985ae4cf7","logger":"cosmos.dbt.graph","filename":"graph.py","lineno":898}
{"timestamp":"2026-08-28T12:53:40.176762Z","level":"info","event":"Total nodes: 91","logger":"cosmos.dbt.graph","filename":"graph.py","lineno":799}
{"timestamp":"2026-08-28T12:53:40.176849Z","level":"info","event":"Total filtered nodes: 91","logger":"cosmos.dbt.graph","filename":"graph.py","lineno":800}
{"timestamp":"2026-08-28T12:53:40.176919Z","level":"info","event":"Cosmos performance (verdanta_daily__dbt_daily) - [e15fb16d2369|330]: It took 0.156s to parse the dbt project for DAG using LoadMode.DBT_LS_CACHE","logger":"cosmos.converter","filename":"converter.py","lineno":371}
{"timestamp":"2026-08-28T12:53:40.250033Z","level":"info","event":"Cosmos performance (verdanta_daily__dbt_daily) - [e15fb16d2369|330]: It took 0.0731s to build the Airflow DAG.","logger":"cosmos.converter","filename":"converter.py","lineno":423}
{"timestamp":"2026-08-28T12:53:40.250216Z","level":"info","event":"::endgroup::Cosmos DAG parsing logs","logger":"cosmos.converter","filename":"converter.py","lineno":430}
{"timestamp":"2026-08-28T12:53:40.250766Z","level":"warning","event":"Using Variable.get from `airflow.models` is deprecated.Please use `get` on Variable from sdk(`airflow.sdk.Variable`) instead","category":"UserWarning","filename":"/home/airflow/.local/lib/python3.13/site-packages/airflow/models/variable.py","lineno":158,"logger":"py.warnings"}
{"timestamp":"2026-08-28T12:54:10.353663Z","level":"info","event":"Filling up the DagBag from /opt/airflow/dags/verdanta_daily.py","logger":"airflow.dag_processing.dagbag.BundleDagBag","filename":"dagbag.py","lineno":469}
{"timestamp":"2026-08-28T12:54:10.460097Z","level":"info","event":"::group::Cosmos DAG parsing logs","logger":"cosmos.converter","filename":"converter.py","lineno":321}
{"timestamp":"2026-08-28T12:54:10.465230Z","level":"info","event":"Cosmos cache dir resolved to /tmp/cosmos/verdanta_daily__dbt_daily","logger":"cosmos.converter","filename":"converter.py","lineno":346}
{"timestamp":"2026-08-28T12:54:10.465557Z","level":"info","event":"Trying to parse the dbt project using dbt ls cache cosmos_cache__verdanta_daily__dbt_daily...","logger":"cosmos.dbt.graph","filename":"graph.py","lineno":869}
{"timestamp":"2026-08-28T12:54:10.669700Z","level":"info","event":"Cosmos performance: time to calculate cache identifier cosmos_cache__verdanta_daily__dbt_daily for current version: 0.18056920300023194","logger":"cosmos.cache","filename":"cache.py","lineno":401}
{"timestamp":"2026-08-28T12:54:10.669879Z","level":"info","event":"Cosmos performance [e15fb16d2369|361]: The cache size for cosmos_cache__verdanta_daily__dbt_daily is 81421","logger":"cosmos.dbt.graph","filename":"graph.py","lineno":886}
{"timestamp":"2026-08-28T12:54:10.676414Z","level":"info","event":"Cosmos performance: Cache hit for cosmos_cache__verdanta_daily__dbt_daily - 7ef252dbf94f4e7f8dda113986a456cc,ff67f1985ea8a9c639de2e1985ae4cf7","logger":"cosmos.dbt.graph","filename":"graph.py","lineno":898}
{"timestamp":"2026-08-28T12:54:10.676691Z","level":"info","event":"Total nodes: 91","logger":"cosmos.dbt.graph","filename":"graph.py","lineno":799}
{"timestamp":"2026-08-28T12:54:10.676775Z","level":"info","event":"Total filtered nodes: 91","logger":"cosmos.dbt.graph","filename":"graph.py","lineno":800}
{"timestamp":"2026-08-28T12:54:10.676851Z","level":"info","event":"Cosmos performance (verdanta_daily__dbt_daily) - [e15fb16d2369|361]: It took 0.211s to parse the dbt project for DAG using LoadMode.DBT_LS_CACHE","logger":"cosmos.converter","filename":"converter.py","lineno":371}
{"timestamp":"2026-08-28T12:54:10.767357Z","level":"info","event":"Cosmos performance (verdanta_daily__dbt_daily) - [e15fb16d2369|361]: It took 0.0904s to build the Airflow DAG.","logger":"cosmos.converter","filename":"converter.py","lineno":423}
{"timestamp":"2026-08-28T12:54:10.767562Z","level":"info","event":"::endgroup::Cosmos DAG parsing logs","logger":"cosmos.converter","filename":"converter.py","lineno":430}
{"timestamp":"2026-08-28T12:54:10.768312Z","level":"warning","event":"Using Variable.get from `airflow.models` is deprecated.Please use `get` on Variable from sdk(`airflow.sdk.Variable`) instead","category":"UserWarning","filename":"/home/airflow/.local/lib/python3.13/site-packages/airflow/models/variable.py","lineno":158,"logger":"py.warnings"}
{"timestamp":"2026-08-28T12:54:40.927462Z","level":"info","event":"Filling up the DagBag from /opt/airflow/dags/verdanta_daily.py","logger":"airflow.dag_processing.dagbag.BundleDagBag","filename":"dagbag.py","lineno":469}
{"timestamp":"2026-08-28T12:54:41.013202Z","level":"info","event":"::group::Cosmos DAG parsing logs","logger":"cosmos.converter","filename":"converter.py","lineno":321}
{"timestamp":"2026-08-28T12:54:41.018048Z","level":"info","event":"Cosmos cache dir resolved to /tmp/cosmos/verdanta_daily__dbt_daily","logger":"cosmos.converter","filename":"converter.py","lineno":346}
{"timestamp":"2026-08-28T12:54:41.018332Z","level":"info","event":"Trying to parse the dbt project using dbt ls cache cosmos_cache__verdanta_daily__dbt_daily...","logger":"cosmos.dbt.graph","filename":"graph.py","lineno":869}
{"timestamp":"2026-08-28T12:54:41.180477Z","level":"info","event":"Cosmos performance: time to calculate cache identifier cosmos_cache__verdanta_daily__dbt_daily for current version: 0.1419487109997135","logger":"cosmos.cache","filename":"cache.py","lineno":401}
{"timestamp":"2026-08-28T12:54:41.180672Z","level":"info","event":"Cosmos performance [e15fb16d2369|397]: The cache size for cosmos_cache__verdanta_daily__dbt_daily is 81421","logger":"cosmos.dbt.graph","filename":"graph.py","lineno":886}
{"timestamp":"2026-08-28T12:54:41.183053Z","level":"info","event":"Cosmos performance: Cache hit for cosmos_cache__verdanta_daily__dbt_daily - 7ef252dbf94f4e7f8dda113986a456cc,ff67f1985ea8a9c639de2e1985ae4cf7","logger":"cosmos.dbt.graph","filename":"graph.py","lineno":898}
{"timestamp":"2026-08-28T12:54:41.183285Z","level":"info","event":"Total nodes: 91","logger":"cosmos.dbt.graph","filename":"graph.py","lineno":799}
{"timestamp":"2026-08-28T12:54:41.183348Z","level":"info","event":"Total filtered nodes: 91","logger":"cosmos.dbt.graph","filename":"graph.py","lineno":800}
{"timestamp":"2026-08-28T12:54:41.183417Z","level":"info","event":"Cosmos performance (verdanta_daily__dbt_daily) - [e15fb16d2369|397]: It took 0.165s to parse the dbt project for DAG using LoadMode.DBT_LS_CACHE","logger":"cosmos.converter","filename":"converter.py","lineno":371}
{"timestamp":"2026-08-28T12:54:41.267921Z","level":"info","event":"Cosmos performance (verdanta_daily__dbt_daily) - [e15fb16d2369|397]: It took 0.0844s to build the Airflow DAG.","logger":"cosmos.converter","filename":"converter.py","lineno":423}
{"timestamp":"2026-08-28T12:54:41.268112Z","level":"info","event":"::endgroup::Cosmos DAG parsing logs","logger":"cosmos.converter","filename":"converter.py","lineno":430}
{"timestamp":"2026-08-28T12:54:41.268738Z","level":"warning","event":"Using Variable.get from `airflow.models` is deprecated.Please use `get` on Variable from sdk(`airflow.sdk.Variable`) instead","category":"UserWarning","filename":"/home/airflow/.local/lib/python3.13/site-packages/airflow/models/variable.py","lineno":158,"logger":"py.warnings"}
{"timestamp":"2026-08-28T12:55:11.544044Z","level":"info","event":"Filling up the DagBag from /opt/airflow/dags/verdanta_daily.py","logger":"airflow.dag_processing.dagbag.BundleDagBag","filename":"dagbag.py","lineno":469}
{"timestamp":"2026-08-28T12:55:11.653410Z","level":"info","event":"::group::Cosmos DAG parsing logs","logger":"cosmos.converter","filename":"converter.py","lineno":321}
{"timestamp":"2026-08-28T12:55:11.657464Z","level":"info","event":"Cosmos cache dir resolved to /tmp/cosmos/verdanta_daily__dbt_daily","logger":"cosmos.converter","filename":"converter.py","lineno":346}
{"timestamp":"2026-08-28T12:55:11.657710Z","level":"info","event":"Trying to parse the dbt project using dbt ls cache cosmos_cache__verdanta_daily__dbt_daily...","logger":"cosmos.dbt.graph","filename":"graph.py","lineno":869}
{"timestamp":"2026-08-28T12:55:11.826490Z","level":"info","event":"Cosmos performance: time to calculate cache identifier cosmos_cache__verdanta_daily__dbt_daily for current version: 0.14732547600033286","logger":"cosmos.cache","filename":"cache.py","lineno":401}
{"timestamp":"2026-08-28T12:55:11.826742Z","level":"info","event":"Cosmos performance [e15fb16d2369|432]: The cache size for cosmos_cache__verdanta_daily__dbt_daily is 81421","logger":"cosmos.dbt.graph","filename":"graph.py","lineno":886}
{"timestamp":"2026-08-28T12:55:11.830764Z","level":"info","event":"Cosmos performance: Cache hit for cosmos_cache__verdanta_daily__dbt_daily - 7ef252dbf94f4e7f8dda113986a456cc,ff67f1985ea8a9c639de2e1985ae4cf7","logger":"cosmos.dbt.graph","filename":"graph.py","lineno":898}
{"timestamp":"2026-08-28T12:55:11.831044Z","level":"info","event":"Total nodes: 91","logger":"cosmos.dbt.graph","filename":"graph.py","lineno":799}
{"timestamp":"2026-08-28T12:55:11.831124Z","level":"info","event":"Total filtered nodes: 91","logger":"cosmos.dbt.graph","filename":"graph.py","lineno":800}
{"timestamp":"2026-08-28T12:55:11.831195Z","level":"info","event":"Cosmos performance (verdanta_daily__dbt_daily) - [e15fb16d2369|432]: It took 0.174s to parse the dbt project for DAG using LoadMode.DBT_LS_CACHE","logger":"cosmos.converter","filename":"converter.py","lineno":371}
{"timestamp":"2026-08-28T12:55:11.920176Z","level":"info","event":"Cosmos performance (verdanta_daily__dbt_daily) - [e15fb16d2369|432]: It took 0.0888s to build the Airflow DAG.","logger":"cosmos.converter","filename":"converter.py","lineno":423}
{"timestamp":"2026-08-28T12:55:11.920335Z","level":"info","event":"::endgroup::Cosmos DAG parsing logs","logger":"cosmos.converter","filename":"converter.py","lineno":430}
{"timestamp":"2026-08-28T12:55:11.921032Z","level":"warning","event":"Using Variable.get from `airflow.models` is deprecated.Please use `get` on Variable from sdk(`airflow.sdk.Variable`) instead","category":"UserWarning","filename":"/home/airflow/.local/lib/python3.13/site-packages/airflow/models/variable.py","lineno":158,"logger":"py.warnings"}
{"timestamp":"2026-08-28T12:55:42.075472Z","level":"info","event":"Filling up the DagBag from /opt/airflow/dags/verdanta_daily.py","logger":"airflow.dag_processing.dagbag.BundleDagBag","filename":"dagbag.py","lineno":469}
{"timestamp":"2026-08-28T12:55:42.154397Z","level":"info","event":"::group::Cosmos DAG parsing logs","logger":"cosmos.converter","filename":"converter.py","lineno":321}
{"timestamp":"2026-08-28T12:55:42.157712Z","level":"info","event":"Cosmos cache dir resolved to /tmp/cosmos/verdanta_daily__dbt_daily","logger":"cosmos.converter","filename":"converter.py","lineno":346}
{"timestamp":"2026-08-28T12:55:42.157980Z","level":"info","event":"Trying to parse the dbt project using dbt ls cache cosmos_cache__verdanta_daily__dbt_daily...","logger":"cosmos.dbt.graph","filename":"graph.py","lineno":869}
{"timestamp":"2026-08-28T12:55:42.307370Z","level":"info","event":"Cosmos performance: time to calculate cache identifier cosmos_cache__verdanta_daily__dbt_daily for current version: 0.13027295299980324","logger":"cosmos.cache","filename":"cache.py","lineno":401}
{"timestamp":"2026-08-28T12:55:42.307592Z","level":"info","event":"Cosmos performance [e15fb16d2369|468]: The cache size for cosmos_cache__verdanta_daily__dbt_daily is 81421","logger":"cosmos.dbt.graph","filename":"graph.py","lineno":886}
{"timestamp":"2026-08-28T12:55:42.313989Z","level":"info","event":"Cosmos performance: Cache hit for cosmos_cache__verdanta_daily__dbt_daily - 7ef252dbf94f4e7f8dda113986a456cc,ff67f1985ea8a9c639de2e1985ae4cf7","logger":"cosmos.dbt.graph","filename":"graph.py","lineno":898}
{"timestamp":"2026-08-28T12:55:42.314228Z","level":"info","event":"Total nodes: 91","logger":"cosmos.dbt.graph","filename":"graph.py","lineno":799}
{"timestamp":"2026-08-28T12:55:42.314310Z","level":"info","event":"Total filtered nodes: 91","logger":"cosmos.dbt.graph","filename":"graph.py","lineno":800}
{"timestamp":"2026-08-28T12:55:42.314392Z","level":"info","event":"Cosmos performance (verdanta_daily__dbt_daily) - [e15fb16d2369|468]: It took 0.157s to parse the dbt project for DAG using LoadMode.DBT_LS_CACHE","logger":"cosmos.converter","filename":"converter.py","lineno":371}
{"timestamp":"2026-08-28T12:55:42.392036Z","level":"info","event":"Cosmos performance (verdanta_daily__dbt_daily) - [e15fb16d2369|468]: It took 0.0776s to build the Airflow DAG.","logger":"cosmos.converter","filename":"converter.py","lineno":423}
{"timestamp":"2026-08-28T12:55:42.392172Z","level":"info","event":"::endgroup::Cosmos DAG parsing logs","logger":"cosmos.converter","filename":"converter.py","lineno":430}
{"timestamp":"2026-08-28T12:55:42.392687Z","level":"warning","event":"Using Variable.get from `airflow.models` is deprecated.Please use `get` on Variable from sdk(`airflow.sdk.Variable`) instead","category":"UserWarning","filename":"/home/airflow/.local/lib/python3.13/site-packages/airflow/models/variable.py","lineno":158,"logger":"py.warnings"}
{"timestamp":"2026-08-28T12:56:13.549625Z","level":"info","event":"Filling up the DagBag from /opt/airflow/dags/verdanta_daily.py","logger":"airflow.dag_processing.dagbag.BundleDagBag","filename":"dagbag.py","lineno":469}
{"timestamp":"2026-08-28T12:56:13.628014Z","level":"info","event":"::group::Cosmos DAG parsing logs","logger":"cosmos.converter","filename":"converter.py","lineno":321}
{"timestamp":"2026-08-28T12:56:13.632173Z","level":"info","event":"Cosmos cache dir resolved to /tmp/cosmos/verdanta_daily__dbt_daily","logger":"cosmos.converter","filename":"converter.py","lineno":346}
{"timestamp":"2026-08-28T12:56:13.632514Z","level":"info","event":"Trying to parse the dbt project using dbt ls cache cosmos_cache__verdanta_daily__dbt_daily...","logger":"cosmos.dbt.graph","filename":"graph.py","lineno":869}
{"timestamp":"2026-08-28T12:56:13.792945Z","level":"info","event":"Cosmos performance: time to calculate cache identifier cosmos_cache__verdanta_daily__dbt_daily for current version: 0.14021304299967596","logger":"cosmos.cache","filename":"cache.py","lineno":401}
{"timestamp":"2026-08-28T12:56:13.793232Z","level":"info","event":"Cosmos performance [e15fb16d2369|487]: The cache size for cosmos_cache__verdanta_daily__dbt_daily is 81421","logger":"cosmos.dbt.graph","filename":"graph.py","lineno":886}
{"timestamp":"2026-08-28T12:56:13.796062Z","level":"info","event":"Cosmos performance: Cache hit for cosmos_cache__verdanta_daily__dbt_daily - 7ef252dbf94f4e7f8dda113986a456cc,ff67f1985ea8a9c639de2e1985ae4cf7","logger":"cosmos.dbt.graph","filename":"graph.py","lineno":898}
{"timestamp":"2026-08-28T12:56:13.796306Z","level":"info","event":"Total nodes: 91","logger":"cosmos.dbt.graph","filename":"graph.py","lineno":799}
{"timestamp":"2026-08-28T12:56:13.796369Z","level":"info","event":"Total filtered nodes: 91","logger":"cosmos.dbt.graph","filename":"graph.py","lineno":800}
{"timestamp":"2026-08-28T12:56:13.796434Z","level":"info","event":"Cosmos performance (verdanta_daily__dbt_daily) - [e15fb16d2369|487]: It took 0.164s to parse the dbt project for DAG using LoadMode.DBT_LS_CACHE","logger":"cosmos.converter","filename":"converter.py","lineno":371}
{"timestamp":"2026-08-28T12:56:13.880604Z","level":"info","event":"Cosmos performance (verdanta_daily__dbt_daily) - [e15fb16d2369|487]: It took 0.0841s to build the Airflow DAG.","logger":"cosmos.converter","filename":"converter.py","lineno":423}
{"timestamp":"2026-08-28T12:56:13.880802Z","level":"info","event":"::endgroup::Cosmos DAG parsing logs","logger":"cosmos.converter","filename":"converter.py","lineno":430}
{"timestamp":"2026-08-28T12:56:13.881428Z","level":"warning","event":"Using Variable.get from `airflow.models` is deprecated.Please use `get` on Variable from sdk(`airflow.sdk.Variable`) instead","category":"UserWarning","filename":"/home/airflow/.local/lib/python3.13/site-packages/airflow/models/variable.py","lineno":158,"logger":"py.warnings"}
{"timestamp":"2026-08-28T12:56:44.021130Z","level":"info","event":"Filling up the DagBag from /opt/airflow/dags/verdanta_daily.py","logger":"airflow.dag_processing.dagbag.BundleDagBag","filename":"dagbag.py","lineno":469}
{"timestamp":"2026-08-28T12:56:44.130884Z","level":"info","event":"::group::Cosmos DAG parsing logs","logger":"cosmos.converter","filename":"converter.py","lineno":321}
{"timestamp":"2026-08-28T12:56:44.134293Z","level":"info","event":"Cosmos cache dir resolved to /tmp/cosmos/verdanta_daily__dbt_daily","logger":"cosmos.converter","filename":"converter.py","lineno":346}
{"timestamp":"2026-08-28T12:56:44.134513Z","level":"info","event":"Trying to parse the dbt project using dbt ls cache cosmos_cache__verdanta_daily__dbt_daily...","logger":"cosmos.dbt.graph","filename":"graph.py","lineno":869}
{"timestamp":"2026-08-28T12:56:44.290787Z","level":"info","event":"Cosmos performance: time to calculate cache identifier cosmos_cache__verdanta_daily__dbt_daily for current version: 0.13874075000057928","logger":"cosmos.cache","filename":"cache.py","lineno":401}
{"timestamp":"2026-08-28T12:56:44.291012Z","level":"info","event":"Cosmos performance [e15fb16d2369|512]: The cache size for cosmos_cache__verdanta_daily__dbt_daily is 81421","logger":"cosmos.dbt.graph","filename":"graph.py","lineno":886}
{"timestamp":"2026-08-28T12:56:44.293838Z","level":"info","event":"Cosmos performance: Cache hit for cosmos_cache__verdanta_daily__dbt_daily - 7ef252dbf94f4e7f8dda113986a456cc,ff67f1985ea8a9c639de2e1985ae4cf7","logger":"cosmos.dbt.graph","filename":"graph.py","lineno":898}
{"timestamp":"2026-08-28T12:56:44.294089Z","level":"info","event":"Total nodes: 91","logger":"cosmos.dbt.graph","filename":"graph.py","lineno":799}
{"timestamp":"2026-08-28T12:56:44.294155Z","level":"info","event":"Total filtered nodes: 91","logger":"cosmos.dbt.graph","filename":"graph.py","lineno":800}
{"timestamp":"2026-08-28T12:56:44.294223Z","level":"info","event":"Cosmos performance (verdanta_daily__dbt_daily) - [e15fb16d2369|512]: It took 0.16s to parse the dbt project for DAG using LoadMode.DBT_LS_CACHE","logger":"cosmos.converter","filename":"converter.py","lineno":371}
{"timestamp":"2026-08-28T12:56:44.383148Z","level":"info","event":"Cosmos performance (verdanta_daily__dbt_daily) - [e15fb16d2369|512]: It took 0.0888s to build the Airflow DAG.","logger":"cosmos.converter","filename":"converter.py","lineno":423}
{"timestamp":"2026-08-28T12:56:44.383355Z","level":"info","event":"::endgroup::Cosmos DAG parsing logs","logger":"cosmos.converter","filename":"converter.py","lineno":430}
{"timestamp":"2026-08-28T12:56:44.383955Z","level":"warning","event":"Using Variable.get from `airflow.models` is deprecated.Please use `get` on Variable from sdk(`airflow.sdk.Variable`) instead","category":"UserWarning","filename":"/home/airflow/.local/lib/python3.13/site-packages/airflow/models/variable.py","lineno":158,"logger":"py.warnings"}
{"timestamp":"2026-08-28T12:57:14.465573Z","level":"info","event":"Filling up the DagBag from /opt/airflow/dags/verdanta_daily.py","logger":"airflow.dag_processing.dagbag.BundleDagBag","filename":"dagbag.py","lineno":469}
{"timestamp":"2026-08-28T12:57:14.579709Z","level":"info","event":"::group::Cosmos DAG parsing logs","logger":"cosmos.converter","filename":"converter.py","lineno":321}
{"timestamp":"2026-08-28T12:57:14.583411Z","level":"info","event":"Cosmos cache dir resolved to /tmp/cosmos/verdanta_daily__dbt_daily","logger":"cosmos.converter","filename":"converter.py","lineno":346}
{"timestamp":"2026-08-28T12:57:14.583671Z","level":"info","event":"Trying to parse the dbt project using dbt ls cache cosmos_cache__verdanta_daily__dbt_daily...","logger":"cosmos.dbt.graph","filename":"graph.py","lineno":869}
{"timestamp":"2026-08-28T12:57:14.744793Z","level":"info","event":"Cosmos performance: time to calculate cache identifier cosmos_cache__verdanta_daily__dbt_daily for current version: 0.14045549299953564","logger":"cosmos.cache","filename":"cache.py","lineno":401}
{"timestamp":"2026-08-28T12:57:14.745034Z","level":"info","event":"Cosmos performance [e15fb16d2369|548]: The cache size for cosmos_cache__verdanta_daily__dbt_daily is 81421","logger":"cosmos.dbt.graph","filename":"graph.py","lineno":886}
{"timestamp":"2026-08-28T12:57:14.747704Z","level":"info","event":"Cosmos performance: Cache hit for cosmos_cache__verdanta_daily__dbt_daily - 7ef252dbf94f4e7f8dda113986a456cc,ff67f1985ea8a9c639de2e1985ae4cf7","logger":"cosmos.dbt.graph","filename":"graph.py","lineno":898}
{"timestamp":"2026-08-28T12:57:14.747934Z","level":"info","event":"Total nodes: 91","logger":"cosmos.dbt.graph","filename":"graph.py","lineno":799}
{"timestamp":"2026-08-28T12:57:14.748003Z","level":"info","event":"Total filtered nodes: 91","logger":"cosmos.dbt.graph","filename":"graph.py","lineno":800}
{"timestamp":"2026-08-28T12:57:14.748077Z","level":"info","event":"Cosmos performance (verdanta_daily__dbt_daily) - [e15fb16d2369|548]: It took 0.165s to parse the dbt project for DAG using LoadMode.DBT_LS_CACHE","logger":"cosmos.converter","filename":"converter.py","lineno":371}
{"timestamp":"2026-08-28T12:57:14.831113Z","level":"info","event":"Cosmos performance (verdanta_daily__dbt_daily) - [e15fb16d2369|548]: It took 0.083s to build the Airflow DAG.","logger":"cosmos.converter","filename":"converter.py","lineno":423}
{"timestamp":"2026-08-28T12:57:14.831313Z","level":"info","event":"::endgroup::Cosmos DAG parsing logs","logger":"cosmos.converter","filename":"converter.py","lineno":430}
{"timestamp":"2026-08-28T12:57:14.835103Z","level":"warning","event":"Using Variable.get from `airflow.models` is deprecated.Please use `get` on Variable from sdk(`airflow.sdk.Variable`) instead","category":"UserWarning","filename":"/home/airflow/.local/lib/python3.13/site-packages/airflow/models/variable.py","lineno":158,"logger":"py.warnings"}
{"timestamp":"2026-08-28T12:57:44.930098Z","level":"info","event":"Filling up the DagBag from /opt/airflow/dags/verdanta_daily.py","logger":"airflow.dag_processing.dagbag.BundleDagBag","filename":"dagbag.py","lineno":469}
{"timestamp":"2026-08-28T12:57:45.031344Z","level":"info","event":"::group::Cosmos DAG parsing logs","logger":"cosmos.converter","filename":"converter.py","lineno":321}
{"timestamp":"2026-08-28T12:57:45.035218Z","level":"info","event":"Cosmos cache dir resolved to /tmp/cosmos/verdanta_daily__dbt_daily","logger":"cosmos.converter","filename":"converter.py","lineno":346}
{"timestamp":"2026-08-28T12:57:45.035466Z","level":"info","event":"Trying to parse the dbt project using dbt ls cache cosmos_cache__verdanta_daily__dbt_daily...","logger":"cosmos.dbt.graph","filename":"graph.py","lineno":869}
{"timestamp":"2026-08-28T12:57:45.180367Z","level":"info","event":"Cosmos performance: time to calculate cache identifier cosmos_cache__verdanta_daily__dbt_daily for current version: 0.12838285299949348","logger":"cosmos.cache","filename":"cache.py","lineno":401}
{"timestamp":"2026-08-28T12:57:45.180624Z","level":"info","event":"Cosmos performance [e15fb16d2369|584]: The cache size for cosmos_cache__verdanta_daily__dbt_daily is 81421","logger":"cosmos.dbt.graph","filename":"graph.py","lineno":886}
{"timestamp":"2026-08-28T12:57:45.183421Z","level":"info","event":"Cosmos performance: Cache hit for cosmos_cache__verdanta_daily__dbt_daily - 7ef252dbf94f4e7f8dda113986a456cc,ff67f1985ea8a9c639de2e1985ae4cf7","logger":"cosmos.dbt.graph","filename":"graph.py","lineno":898}
{"timestamp":"2026-08-28T12:57:45.183619Z","level":"info","event":"Total nodes: 91","logger":"cosmos.dbt.graph","filename":"graph.py","lineno":799}
{"timestamp":"2026-08-28T12:57:45.183682Z","level":"info","event":"Total filtered nodes: 91","logger":"cosmos.dbt.graph","filename":"graph.py","lineno":800}
{"timestamp":"2026-08-28T12:57:45.183747Z","level":"info","event":"Cosmos performance (verdanta_daily__dbt_daily) - [e15fb16d2369|584]: It took 0.148s to parse the dbt project for DAG using LoadMode.DBT_LS_CACHE","logger":"cosmos.converter","filename":"converter.py","lineno":371}
{"timestamp":"2026-08-28T12:57:45.258711Z","level":"info","event":"Cosmos performance (verdanta_daily__dbt_daily) - [e15fb16d2369|584]: It took 0.0749s to build the Airflow DAG.","logger":"cosmos.converter","filename":"converter.py","lineno":423}
{"timestamp":"2026-08-28T12:57:45.258905Z","level":"info","event":"::endgroup::Cosmos DAG parsing logs","logger":"cosmos.converter","filename":"converter.py","lineno":430}
{"timestamp":"2026-08-28T12:57:45.259718Z","level":"warning","event":"Using Variable.get from `airflow.models` is deprecated.Please use `get` on Variable from sdk(`airflow.sdk.Variable`) instead","category":"UserWarning","filename":"/home/airflow/.local/lib/python3.13/site-packages/airflow/models/variable.py","lineno":158,"logger":"py.warnings"}
{"timestamp":"2026-08-28T12:58:15.811981Z","level":"info","event":"Filling up the DagBag from /opt/airflow/dags/verdanta_daily.py","logger":"airflow.dag_processing.dagbag.BundleDagBag","filename":"dagbag.py","lineno":469}
{"timestamp":"2026-08-28T12:58:15.895602Z","level":"info","event":"::group::Cosmos DAG parsing logs","logger":"cosmos.converter","filename":"converter.py","lineno":321}
{"timestamp":"2026-08-28T12:58:15.899052Z","level":"info","event":"Cosmos cache dir resolved to /tmp/cosmos/verdanta_daily__dbt_daily","logger":"cosmos.converter","filename":"converter.py","lineno":346}
{"timestamp":"2026-08-28T12:58:15.899293Z","level":"info","event":"Trying to parse the dbt project using dbt ls cache cosmos_cache__verdanta_daily__dbt_daily...","logger":"cosmos.dbt.graph","filename":"graph.py","lineno":869}
{"timestamp":"2026-08-28T12:58:16.059630Z","level":"info","event":"Cosmos performance: time to calculate cache identifier cosmos_cache__verdanta_daily__dbt_daily for current version: 0.1412100300003658","logger":"cosmos.cache","filename":"cache.py","lineno":401}
{"timestamp":"2026-08-28T12:58:16.059847Z","level":"info","event":"Cosmos performance: Cache miss for cosmos_cache__verdanta_daily__dbt_daily - skipped","logger":"cosmos.dbt.graph","filename":"graph.py","lineno":900}
{"timestamp":"2026-08-28T12:58:16.060013Z","level":"info","event":"Trying to parse the dbt project in `/opt/airflow/dbt/verdanta_project` using dbt ls...","logger":"cosmos.dbt.graph","filename":"graph.py","lineno":983}
{"timestamp":"2026-08-28T12:58:16.074841Z","level":"info","event":"Partial parse is enabled and the latest partial parse file is /opt/airflow/dbt/verdanta_project/target/partial_parse.msgpack","logger":"cosmos.dbt.graph","filename":"graph.py","lineno":1002}
{"timestamp":"2026-08-28T12:58:16.132724Z","level":"info","event":"Profile caching is enable.","logger":"cosmos.config","filename":"config.py","lineno":399}
{"timestamp":"2026-08-28T12:58:16.133101Z","level":"info","event":"Profile found in cache using profile: /tmp/cosmos/profile/88b0aa12559803c5b3e8b5b0cefa363d35d21cc93574699baf5727c52eda1f13/profiles.yml.","logger":"cosmos.config","filename":"config.py","lineno":379}
{"timestamp":"2026-08-28T12:58:17.930239Z","level":"info","event":"Running command with dbt Runner: `/home/airflow/.local/bin/dbt deps --project-dir /tmp/tmphsicbb0o --profiles-dir /tmp/cosmos/profile/88b0aa12559803c5b3e8b5b0cefa363d35d21cc93574699baf5727c52eda1f13 --profile verdanta_project --target dev`","logger":"cosmos.dbt.graph","filename":"graph.py","lineno":361}
{"timestamp":"2026-08-28T12:58:17.930683Z","level":"info","event":"Trying to run dbtRunner with:\n ['deps', '--project-dir', '/tmp/tmphsicbb0o', '--profiles-dir', '/tmp/cosmos/profile/88b0aa12559803c5b3e8b5b0cefa363d35d21cc93574699baf5727c52eda1f13', '--profile', 'verdanta_project', '--target', 'dev']\n in /tmp/tmphsicbb0o","logger":"cosmos.dbt.runner","filename":"runner.py","lineno":95}
{"timestamp":"2026-08-28T12:58:18.024070Z","level":"info","event":"\u001b[0m12:58:18  Running with dbt=1.12.0","logger":"task.stdout"}
{"timestamp":"2026-08-28T12:58:18.320534Z","level":"info","event":"\u001b[0m12:58:18  Installing dbt-labs/dbt_utils","logger":"task.stdout"}
{"timestamp":"2026-08-28T12:58:18.789731Z","level":"info","event":"\u001b[0m12:58:18  Installed from version 1.4.1","logger":"task.stdout"}
{"timestamp":"2026-08-28T12:58:18.798056Z","level":"info","event":"\u001b[0m12:58:18  Up to date!","logger":"task.stdout"}
{"timestamp":"2026-08-28T12:58:19.505886Z","level":"info","event":"Running command with dbt Runner: `/home/airflow/.local/bin/dbt ls --output json --output-keys name unique_id resource_type depends_on original_file_path tags config freshness fqn --project-dir /tmp/tmphsicbb0o --profiles-dir /tmp/cosmos/profile/88b0aa12559803c5b3e8b5b0cefa363d35d21cc93574699baf5727c52eda1f13 --profile verdanta_project --target dev --select stg_erp__orders+ stg_erp__order_items+ stg_erp__returns+ stg_crm__customers+ stg_pim__products+ snap_crm_customers+ snap_pim_products+ dim_country dim_date`","logger":"cosmos.dbt.graph","filename":"graph.py","lineno":361}
{"timestamp":"2026-08-28T12:58:19.506217Z","level":"info","event":"Trying to run dbtRunner with:\n ['ls', '--output', 'json', '--output-keys', 'name', 'unique_id', 'resource_type', 'depends_on', 'original_file_path', 'tags', 'config', 'freshness', 'fqn', '--project-dir', '/tmp/tmphsicbb0o', '--profiles-dir', '/tmp/cosmos/profile/88b0aa12559803c5b3e8b5b0cefa363d35d21cc93574699baf5727c52eda1f13', '--profile', 'verdanta_project', '--target', 'dev', '--select', 'stg_erp__orders+', 'stg_erp__order_items+', 'stg_erp__returns+', 'stg_crm__customers+', 'stg_pim__products+', 'snap_crm_customers+', 'snap_pim_products+', 'dim_country', 'dim_date']\n in /tmp/tmphsicbb0o","logger":"cosmos.dbt.runner","filename":"runner.py","lineno":95}
{"timestamp":"2026-08-28T12:58:19.520184Z","level":"info","event":"\u001b[0m12:58:19  Running with dbt=1.12.0","logger":"task.stdout"}
{"timestamp":"2026-08-28T12:58:21.318917Z","level":"info","event":"\u001b[0m12:58:21  Registered adapter: databricks=1.10.9","logger":"task.stdout"}
{"timestamp":"2026-08-28T12:58:21.943835Z","level":"info","event":"\u001b[0m12:58:21  Unable to do partial parsing because profile has changed","logger":"task.stdout"}
{"timestamp":"2026-08-28T12:58:26.539996Z","level":"info","event":"\u001b[0m12:58:26  [\u001b[33mWARNING\u001b[0m][MissingArgumentsPropertyInGenericTestDeprecation]: Deprecated","logger":"task.stdout"}
{"timestamp":"2026-08-28T12:58:26.540522Z","level":"info","event":"functionality","logger":"task.stdout"}
{"timestamp":"2026-08-28T12:58:26.540854Z","level":"info","event":"Found top-level arguments to test `relationships` defined on 'stg_erp__orders'","logger":"task.stdout"}
{"timestamp":"2026-08-28T12:58:26.541108Z","level":"info","event":"in package 'verdanta_project' (models/staging/properties.yml). Arguments to","logger":"task.stdout"}
{"timestamp":"2026-08-28T12:58:26.541407Z","level":"info","event":"generic tests should be nested under the `arguments` property.","logger":"task.stdout"}
{"timestamp":"2026-08-28T12:58:27.530441Z","level":"info","event":"\u001b[0m12:58:27  Found 22 models, 96 data tests, 3 seeds, 2 snapshots, 8 sources, 844 macros","logger":"task.stdout"}
{"timestamp":"2026-08-28T12:58:27.538311Z","level":"info","event":"{\"name\": \"dim_country\", \"unique_id\": \"model.verdanta_project.dim_country\", \"resource_type\": \"model\", \"depends_on\": {\"macros\": [\"macro.dbt_utils.generate_surrogate_key\"], \"nodes\": [\"seed.verdanta_project.seed_countries\"]}, \"original_file_path\": \"models/marts/dim_country.sql\", \"tags\": [], \"config\": {\"enabled\": true, \"alias\": null, \"schema\": \"gold\", \"database\": null, \"tags\": [], \"meta\": {}, \"group\": null, \"static_analysis\": null, \"materialized\": \"table\", \"incremental_strategy\": null, \"batch_size\": null, \"lookback\": 1, \"begin\": null, \"persist_docs\": {}, \"post-hook\": [], \"pre-hook\": [], \"quoting\": {}, \"column_types\": {}, \"full_refresh\": null, \"unique_key\": null, \"on_schema_change\": \"ignore\", \"on_configuration_change\": \"apply\", \"grants\": {}, \"packages\": [], \"docs\": {\"show\": true, \"node_color\": null}, \"contract\": {\"enforced\": false, \"alias_types\": true}, \"event_time\": null, \"concurrent_batches\": null, \"access\": \"protected\", \"freshness\": null, \"on_error\": null, \"latest_version_pointer\": {\"enabled\": null, \"alias\": null}}, \"fqn\": [\"verdanta_project\", \"marts\", \"dim_country\"]}","logger":"task.stdout"}
{"timestamp":"2026-08-28T12:58:27.543944Z","level":"info","event":"{\"name\": \"dim_customer\", \"unique_id\": \"model.verdanta_project.dim_customer\", \"resource_type\": \"model\", \"depends_on\": {\"macros\": [\"macro.dbt_utils.generate_surrogate_key\"], \"nodes\": [\"snapshot.verdanta_project.snap_crm_customers\"]}, \"original_file_path\": \"models/marts/dim_customer.sql\", \"tags\": [], \"config\": {\"enabled\": true, \"alias\": null, \"schema\": \"gold\", \"database\": null, \"tags\": [], \"meta\": {}, \"group\": null, \"static_analysis\": null, \"materialized\": \"table\", \"incremental_strategy\": null, \"batch_size\": null, \"lookback\": 1, \"begin\": null, \"persist_docs\": {}, \"post-hook\": [], \"pre-hook\": [], \"quoting\": {}, \"column_types\": {}, \"full_refresh\": null, \"unique_key\": null, \"on_schema_change\": \"ignore\", \"on_configuration_change\": \"apply\", \"grants\": {}, \"packages\": [], \"docs\": {\"show\": true, \"node_color\": null}, \"contract\": {\"enforced\": false, \"alias_types\": true}, \"event_time\": null, \"concurrent_batches\": null, \"access\": \"protected\", \"freshness\": null, \"on_error\": null, \"latest_version_pointer\": {\"enabled\": null, \"alias\": null}}, \"fqn\": [\"verdanta_project\", \"marts\", \"dim_customer\"]}","logger":"task.stdout"}
{"timestamp":"2026-08-28T12:58:27.544269Z","level":"info","event":"{\"name\": \"dim_date\", \"unique_id\": \"model.verdanta_project.dim_date\", \"resource_type\": \"model\", \"depends_on\": {\"macros\": [\"macro.dbt_utils.date_spine\", \"macro.dbt_utils.generate_surrogate_key\"], \"nodes\": []}, \"original_file_path\": \"models/marts/dim_date.sql\", \"tags\": [], \"config\": {\"enabled\": true, \"alias\": null, \"schema\": \"gold\", \"database\": null, \"tags\": [], \"meta\": {}, \"group\": null, \"static_analysis\": null, \"materialized\": \"table\", \"incremental_strategy\": null, \"batch_size\": null, \"lookback\": 1, \"begin\": null, \"persist_docs\": {}, \"post-hook\": [], \"pre-hook\": [], \"quoting\": {}, \"column_types\": {}, \"full_refresh\": null, \"unique_key\": null, \"on_schema_change\": \"ignore\", \"on_configuration_change\": \"apply\", \"grants\": {}, \"packages\": [], \"docs\": {\"show\": true, \"node_color\": null}, \"contract\": {\"enforced\": false, \"alias_types\": true}, \"event_time\": null, \"concurrent_batches\": null, \"access\": \"protected\", \"freshness\": null, \"on_error\": null, \"latest_version_pointer\": {\"enabled\": null, \"alias\": null}}, \"fqn\": [\"verdanta_project\", \"marts\", \"dim_date\"]}","logger":"task.stdout"}
{"timestamp":"2026-08-28T12:58:27.544507Z","level":"info","event":"{\"name\": \"dim_product\", \"unique_id\": \"model.verdanta_project.dim_product\", \"resource_type\": \"model\", \"depends_on\": {\"macros\": [\"macro.dbt_utils.generate_surrogate_key\"], \"nodes\": [\"snapshot.verdanta_project.snap_pim_products\"]}, \"original_file_path\": \"models/marts/dim_product.sql\", \"tags\": [], \"config\": {\"enabled\": true, \"alias\": null, \"schema\": \"gold\", \"database\": null, \"tags\": [], \"meta\": {}, \"group\": null, \"static_analysis\": null, \"materialized\": \"table\", \"incremental_strategy\": null, \"batch_size\": null, \"lookback\": 1, \"begin\": null, \"persist_docs\": {}, \"post-hook\": [], \"pre-hook\": [], \"quoting\": {}, \"column_types\": {}, \"full_refresh\": null, \"unique_key\": null, \"on_schema_change\": \"ignore\", \"on_configuration_change\": \"apply\", \"grants\": {}, \"packages\": [], \"docs\": {\"show\": true, \"node_color\": null}, \"contract\": {\"enforced\": false, \"alias_types\": true}, \"event_time\": null, \"concurrent_batches\": null, \"access\": \"protected\", \"freshness\": null, \"on_error\": null, \"latest_version_pointer\": {\"enabled\": null, \"alias\": null}}, \"fqn\": [\"verdanta_project\", \"marts\", \"dim_product\"]}","logger":"task.stdout"}
{"timestamp":"2026-08-28T12:58:27.549708Z","level":"info","event":"{\"name\": \"fct_order_item\", \"unique_id\": \"model.verdanta_project.fct_order_item\", \"resource_type\": \"model\", \"depends_on\": {\"macros\": [\"macro.dbt_utils.generate_surrogate_key\", \"macro.dbt.is_incremental\"], \"nodes\": [\"model.verdanta_project.int_order_items_fx\", \"model.verdanta_project.dim_customer\", \"model.verdanta_project.dim_product\", \"model.verdanta_project.dim_store\", \"model.verdanta_project.dim_employee\", \"model.verdanta_project.dim_country\", \"model.verdanta_project.dim_date\"]}, \"original_file_path\": \"models/marts/fct_order_item.sql\", \"tags\": [], \"config\": {\"enabled\": true, \"alias\": null, \"schema\": \"gold\", \"database\": null, \"tags\": [], \"meta\": {}, \"group\": null, \"static_analysis\": null, \"materialized\": \"incremental\", \"incremental_strategy\": \"merge\", \"batch_size\": null, \"lookback\": 1, \"begin\": null, \"persist_docs\": {}, \"post-hook\": [], \"pre-hook\": [], \"quoting\": {}, \"column_types\": {}, \"full_refresh\": null, \"unique_key\": \"order_item_id\", \"on_schema_change\": \"append_new_columns\", \"on_configuration_change\": \"apply\", \"grants\": {}, \"packages\": [], \"docs\": {\"show\": true, \"node_color\": null}, \"contract\": {\"enforced\": false, \"alias_types\": true}, \"event_time\": null, \"concurrent_batches\": null, \"access\": \"protected\", \"freshness\": null, \"on_error\": null, \"latest_version_pointer\": {\"enabled\": null, \"alias\": null}}, \"fqn\": [\"verdanta_project\", \"marts\", \"fct_order_item\"]}","logger":"task.stdout"}
{"timestamp":"2026-08-28T12:58:27.549954Z","level":"info","event":"{\"name\": \"fct_return\", \"unique_id\": \"model.verdanta_project.fct_return\", \"resource_type\": \"model\", \"depends_on\": {\"macros\": [\"macro.dbt_utils.generate_surrogate_key\", \"macro.dbt.is_incremental\"], \"nodes\": [\"model.verdanta_project.int_returns_fx\", \"model.verdanta_project.dim_customer\", \"model.verdanta_project.dim_product\", \"model.verdanta_project.dim_store\", \"model.verdanta_project.dim_country\", \"model.verdanta_project.dim_date\"]}, \"original_file_path\": \"models/marts/fct_return.sql\", \"tags\": [], \"config\": {\"enabled\": true, \"alias\": null, \"schema\": \"gold\", \"database\": null, \"tags\": [], \"meta\": {}, \"group\": null, \"static_analysis\": null, \"materialized\": \"incremental\", \"incremental_strategy\": \"merge\", \"batch_size\": null, \"lookback\": 1, \"begin\": null, \"persist_docs\": {}, \"post-hook\": [], \"pre-hook\": [], \"quoting\": {}, \"column_types\": {}, \"full_refresh\": null, \"unique_key\": \"return_id\", \"on_schema_change\": \"append_new_columns\", \"on_configuration_change\": \"apply\", \"grants\": {}, \"packages\": [], \"docs\": {\"show\": true, \"node_color\": null}, \"contract\": {\"enforced\": false, \"alias_types\": true}, \"event_time\": null, \"concurrent_batches\": null, \"access\": \"protected\", \"freshness\": null, \"on_error\": null, \"latest_version_pointer\": {\"enabled\": null, \"alias\": null}}, \"fqn\": [\"verdanta_project\", \"marts\", \"fct_return\"]}","logger":"task.stdout"}
{"timestamp":"2026-08-28T12:58:27.550183Z","level":"info","event":"{\"name\": \"int_order_items_enriched\", \"unique_id\": \"model.verdanta_project.int_order_items_enriched\", \"resource_type\": \"model\", \"depends_on\": {\"macros\": [], \"nodes\": [\"model.verdanta_project.stg_erp__order_items\", \"model.verdanta_project.stg_erp__orders\"]}, \"original_file_path\": \"models/intermediate/int_order_items_enriched.sql\", \"tags\": [], \"config\": {\"enabled\": true, \"alias\": null, \"schema\": \"silver\", \"database\": null, \"tags\": [], \"meta\": {}, \"group\": null, \"static_analysis\": null, \"materialized\": \"view\", \"incremental_strategy\": null, \"batch_size\": null, \"lookback\": 1, \"begin\": null, \"persist_docs\": {}, \"post-hook\": [], \"pre-hook\": [], \"quoting\": {}, \"column_types\": {}, \"full_refresh\": null, \"unique_key\": null, \"on_schema_change\": \"ignore\", \"on_configuration_change\": \"apply\", \"grants\": {}, \"packages\": [], \"docs\": {\"show\": true, \"node_color\": null}, \"contract\": {\"enforced\": false, \"alias_types\": true}, \"event_time\": null, \"concurrent_batches\": null, \"access\": \"protected\", \"freshness\": null, \"on_error\": null, \"latest_version_pointer\": {\"enabled\": null, \"alias\": null}}, \"fqn\": [\"verdanta_project\", \"intermediate\", \"int_order_items_enriched\"]}","logger":"task.stdout"}
{"timestamp":"2026-08-28T12:58:27.556344Z","level":"info","event":"{\"name\": \"int_order_items_fx\", \"unique_id\": \"model.verdanta_project.int_order_items_fx\", \"resource_type\": \"model\", \"depends_on\": {\"macros\": [], \"nodes\": [\"model.verdanta_project.int_order_items_enriched\", \"seed.verdanta_project.seed_fx_rates_eur\"]}, \"original_file_path\": \"models/intermediate/int_order_items_fx.sql\", \"tags\": [], \"config\": {\"enabled\": true, \"alias\": null, \"schema\": \"silver\", \"database\": null, \"tags\": [], \"meta\": {}, \"group\": null, \"static_analysis\": null, \"materialized\": \"view\", \"incremental_strategy\": null, \"batch_size\": null, \"lookback\": 1, \"begin\": null, \"persist_docs\": {}, \"post-hook\": [], \"pre-hook\": [], \"quoting\": {}, \"column_types\": {}, \"full_refresh\": null, \"unique_key\": null, \"on_schema_change\": \"ignore\", \"on_configuration_change\": \"apply\", \"grants\": {}, \"packages\": [], \"docs\": {\"show\": true, \"node_color\": null}, \"contract\": {\"enforced\": false, \"alias_types\": true}, \"event_time\": null, \"concurrent_batches\": null, \"access\": \"protected\", \"freshness\": null, \"on_error\": null, \"latest_version_pointer\": {\"enabled\": null, \"alias\": null}}, \"fqn\": [\"verdanta_project\", \"intermediate\", \"int_order_items_fx\"]}","logger":"task.stdout"}
{"timestamp":"2026-08-28T12:58:27.556641Z","level":"info","event":"{\"name\": \"int_product_suppliers\", \"unique_id\": \"model.verdanta_project.int_product_suppliers\", \"resource_type\": \"model\", \"depends_on\": {\"macros\": [], \"nodes\": [\"model.verdanta_project.stg_pim__products\"]}, \"original_file_path\": \"models/intermediate/int_product_suppliers.sql\", \"tags\": [], \"config\": {\"enabled\": true, \"alias\": null, \"schema\": \"silver\", \"database\": null, \"tags\": [], \"meta\": {}, \"group\": null, \"static_analysis\": null, \"materialized\": \"view\", \"incremental_strategy\": null, \"batch_size\": null, \"lookback\": 1, \"begin\": null, \"persist_docs\": {}, \"post-hook\": [], \"pre-hook\": [], \"quoting\": {}, \"column_types\": {}, \"full_refresh\": null, \"unique_key\": null, \"on_schema_change\": \"ignore\", \"on_configuration_change\": \"apply\", \"grants\": {}, \"packages\": [], \"docs\": {\"show\": true, \"node_color\": null}, \"contract\": {\"enforced\": false, \"alias_types\": true}, \"event_time\": null, \"concurrent_batches\": null, \"access\": \"protected\", \"freshness\": null, \"on_error\": null, \"latest_version_pointer\": {\"enabled\": null, \"alias\": null}}, \"fqn\": [\"verdanta_project\", \"intermediate\", \"int_product_suppliers\"]}","logger":"task.stdout"}
{"timestamp":"2026-08-28T12:58:27.556877Z","level":"info","event":"{\"name\": \"int_returns_enriched\", \"unique_id\": \"model.verdanta_project.int_returns_enriched\", \"resource_type\": \"model\", \"depends_on\": {\"macros\": [], \"nodes\": [\"model.verdanta_project.stg_erp__returns\", \"model.verdanta_project.stg_erp__orders\"]}, \"original_file_path\": \"models/intermediate/int_returns_enriched.sql\", \"tags\": [], \"config\": {\"enabled\": true, \"alias\": null, \"schema\": \"silver\", \"database\": null, \"tags\": [], \"meta\": {}, \"group\": null, \"static_analysis\": null, \"materialized\": \"view\", \"incremental_strategy\": null, \"batch_size\": null, \"lookback\": 1, \"begin\": null, \"persist_docs\": {}, \"post-hook\": [], \"pre-hook\": [], \"quoting\": {}, \"column_types\": {}, \"full_refresh\": null, \"unique_key\": null, \"on_schema_change\": \"ignore\", \"on_configuration_change\": \"apply\", \"grants\": {}, \"packages\": [], \"docs\": {\"show\": true, \"node_color\": null}, \"contract\": {\"enforced\": false, \"alias_types\": true}, \"event_time\": null, \"concurrent_batches\": null, \"access\": \"protected\", \"freshness\": null, \"on_error\": null, \"latest_version_pointer\": {\"enabled\": null, \"alias\": null}}, \"fqn\": [\"verdanta_project\", \"intermediate\", \"int_returns_enriched\"]}","logger":"task.stdout"}
{"timestamp":"2026-08-28T12:58:27.557118Z","level":"info","event":"{\"name\": \"int_returns_fx\", \"unique_id\": \"model.verdanta_project.int_returns_fx\", \"resource_type\": \"model\", \"depends_on\": {\"macros\": [], \"nodes\": [\"model.verdanta_project.int_returns_enriched\", \"seed.verdanta_project.seed_fx_rates_eur\"]}, \"original_file_path\": \"models/intermediate/int_returns_fx.sql\", \"tags\": [], \"config\": {\"enabled\": true, \"alias\": null, \"schema\": \"silver\", \"database\": null, \"tags\": [], \"meta\": {}, \"group\": null, \"static_analysis\": null, \"materialized\": \"view\", \"incremental_strategy\": null, \"batch_size\": null, \"lookback\": 1, \"begin\": null, \"persist_docs\": {}, \"post-hook\": [], \"pre-hook\": [], \"quoting\": {}, \"column_types\": {}, \"full_refresh\": null, \"unique_key\": null, \"on_schema_change\": \"ignore\", \"on_configuration_change\": \"apply\", \"grants\": {}, \"packages\": [], \"docs\": {\"show\": true, \"node_color\": null}, \"contract\": {\"enforced\": false, \"alias_types\": true}, \"event_time\": null, \"concurrent_batches\": null, \"access\": \"protected\", \"freshness\": null, \"on_error\": null, \"latest_version_pointer\": {\"enabled\": null, \"alias\": null}}, \"fqn\": [\"verdanta_project\", \"intermediate\", \"int_returns_fx\"]}","logger":"task.stdout"}
{"timestamp":"2026-08-28T12:58:27.562582Z","level":"info","event":"{\"name\": \"stg_crm__customers\", \"unique_id\": \"model.verdanta_project.stg_crm__customers\", \"resource_type\": \"model\", \"depends_on\": {\"macros\": [], \"nodes\": [\"source.verdanta_project.bronze.crm_customers\"]}, \"original_file_path\": \"models/staging/stg_crm__customers.sql\", \"tags\": [], \"config\": {\"enabled\": true, \"alias\": null, \"schema\": \"silver\", \"database\": null, \"tags\": [], \"meta\": {}, \"group\": null, \"static_analysis\": null, \"materialized\": \"view\", \"incremental_strategy\": null, \"batch_size\": null, \"lookback\": 1, \"begin\": null, \"persist_docs\": {}, \"post-hook\": [], \"pre-hook\": [], \"quoting\": {}, \"column_types\": {}, \"full_refresh\": null, \"unique_key\": null, \"on_schema_change\": \"ignore\", \"on_configuration_change\": \"apply\", \"grants\": {}, \"packages\": [], \"docs\": {\"show\": true, \"node_color\": null}, \"contract\": {\"enforced\": false, \"alias_types\": true}, \"event_time\": null, \"concurrent_batches\": null, \"access\": \"protected\", \"freshness\": null, \"on_error\": null, \"latest_version_pointer\": {\"enabled\": null, \"alias\": null}}, \"fqn\": [\"verdanta_project\", \"staging\", \"stg_crm__customers\"]}","logger":"task.stdout"}
{"timestamp":"2026-08-28T12:58:27.562825Z","level":"info","event":"{\"name\": \"stg_erp__order_items\", \"unique_id\": \"model.verdanta_project.stg_erp__order_items\", \"resource_type\": \"model\", \"depends_on\": {\"macros\": [], \"nodes\": [\"source.verdanta_project.bronze.erp_order_items\"]}, \"original_file_path\": \"models/staging/stg_erp__order_items.sql\", \"tags\": [], \"config\": {\"enabled\": true, \"alias\": null, \"schema\": \"silver\", \"database\": null, \"tags\": [], \"meta\": {}, \"group\": null, \"static_analysis\": null, \"materialized\": \"view\", \"incremental_strategy\": null, \"batch_size\": null, \"lookback\": 1, \"begin\": null, \"persist_docs\": {}, \"post-hook\": [], \"pre-hook\": [], \"quoting\": {}, \"column_types\": {}, \"full_refresh\": null, \"unique_key\": null, \"on_schema_change\": \"ignore\", \"on_configuration_change\": \"apply\", \"grants\": {}, \"packages\": [], \"docs\": {\"show\": true, \"node_color\": null}, \"contract\": {\"enforced\": false, \"alias_types\": true}, \"event_time\": null, \"concurrent_batches\": null, \"access\": \"protected\", \"freshness\": null, \"on_error\": null, \"latest_version_pointer\": {\"enabled\": null, \"alias\": null}}, \"fqn\": [\"verdanta_project\", \"staging\", \"stg_erp__order_items\"]}","logger":"task.stdout"}
{"timestamp":"2026-08-28T12:58:27.563081Z","level":"info","event":"{\"name\": \"stg_erp__orders\", \"unique_id\": \"model.verdanta_project.stg_erp__orders\", \"resource_type\": \"model\", \"depends_on\": {\"macros\": [], \"nodes\": [\"source.verdanta_project.bronze.erp_orders\"]}, \"original_file_path\": \"models/staging/stg_erp__orders.sql\", \"tags\": [], \"config\": {\"enabled\": true, \"alias\": null, \"schema\": \"silver\", \"database\": null, \"tags\": [], \"meta\": {}, \"group\": null, \"static_analysis\": null, \"materialized\": \"view\", \"incremental_strategy\": null, \"batch_size\": null, \"lookback\": 1, \"begin\": null, \"persist_docs\": {}, \"post-hook\": [], \"pre-hook\": [], \"quoting\": {}, \"column_types\": {}, \"full_refresh\": null, \"unique_key\": null, \"on_schema_change\": \"ignore\", \"on_configuration_change\": \"apply\", \"grants\": {}, \"packages\": [], \"docs\": {\"show\": true, \"node_color\": null}, \"contract\": {\"enforced\": false, \"alias_types\": true}, \"event_time\": null, \"concurrent_batches\": null, \"access\": \"protected\", \"freshness\": null, \"on_error\": null, \"latest_version_pointer\": {\"enabled\": null, \"alias\": null}}, \"fqn\": [\"verdanta_project\", \"staging\", \"stg_erp__orders\"]}","logger":"task.stdout"}
{"timestamp":"2026-08-28T12:58:27.563353Z","level":"info","event":"{\"name\": \"stg_erp__returns\", \"unique_id\": \"model.verdanta_project.stg_erp__returns\", \"resource_type\": \"model\", \"depends_on\": {\"macros\": [], \"nodes\": [\"source.verdanta_project.bronze.erp_returns\"]}, \"original_file_path\": \"models/staging/stg_erp__returns.sql\", \"tags\": [], \"config\": {\"enabled\": true, \"alias\": null, \"schema\": \"silver\", \"database\": null, \"tags\": [], \"meta\": {}, \"group\": null, \"static_analysis\": null, \"materialized\": \"view\", \"incremental_strategy\": null, \"batch_size\": null, \"lookback\": 1, \"begin\": null, \"persist_docs\": {}, \"post-hook\": [], \"pre-hook\": [], \"quoting\": {}, \"column_types\": {}, \"full_refresh\": null, \"unique_key\": null, \"on_schema_change\": \"ignore\", \"on_configuration_change\": \"apply\", \"grants\": {}, \"packages\": [], \"docs\": {\"show\": true, \"node_color\": null}, \"contract\": {\"enforced\": false, \"alias_types\": true}, \"event_time\": null, \"concurrent_batches\": null, \"access\": \"protected\", \"freshness\": null, \"on_error\": null, \"latest_version_pointer\": {\"enabled\": null, \"alias\": null}}, \"fqn\": [\"verdanta_project\", \"staging\", \"stg_erp__returns\"]}","logger":"task.stdout"}
{"timestamp":"2026-08-28T12:58:27.570418Z","level":"info","event":"{\"name\": \"stg_pim__products\", \"unique_id\": \"model.verdanta_project.stg_pim__products\", \"resource_type\": \"model\", \"depends_on\": {\"macros\": [], \"nodes\": [\"source.verdanta_project.bronze.pim_products\"]}, \"original_file_path\": \"models/staging/stg_pim__products.sql\", \"tags\": [], \"config\": {\"enabled\": true, \"alias\": null, \"schema\": \"silver\", \"database\": null, \"tags\": [], \"meta\": {}, \"group\": null, \"static_analysis\": null, \"materialized\": \"view\", \"incremental_strategy\": null, \"batch_size\": null, \"lookback\": 1, \"begin\": null, \"persist_docs\": {}, \"post-hook\": [], \"pre-hook\": [], \"quoting\": {}, \"column_types\": {}, \"full_refresh\": null, \"unique_key\": null, \"on_schema_change\": \"ignore\", \"on_configuration_change\": \"apply\", \"grants\": {}, \"packages\": [], \"docs\": {\"show\": true, \"node_color\": null}, \"contract\": {\"enforced\": false, \"alias_types\": true}, \"event_time\": null, \"concurrent_batches\": null, \"access\": \"protected\", \"freshness\": null, \"on_error\": null, \"latest_version_pointer\": {\"enabled\": null, \"alias\": null}}, \"fqn\": [\"verdanta_project\", \"staging\", \"stg_pim__products\"]}","logger":"task.stdout"}
{"timestamp":"2026-08-28T12:58:27.570723Z","level":"info","event":"{\"name\": \"snap_crm_customers\", \"unique_id\": \"snapshot.verdanta_project.snap_crm_customers\", \"resource_type\": \"snapshot\", \"depends_on\": {\"macros\": [], \"nodes\": [\"model.verdanta_project.stg_crm__customers\"]}, \"original_file_path\": \"snapshots/snap_crm_customers.yml\", \"tags\": [], \"config\": {\"enabled\": true, \"alias\": null, \"schema\": \"silver\", \"database\": \"hive_metastore\", \"tags\": [], \"meta\": {}, \"group\": null, \"static_analysis\": null, \"materialized\": \"snapshot\", \"incremental_strategy\": null, \"batch_size\": null, \"lookback\": 1, \"begin\": null, \"persist_docs\": {}, \"post-hook\": [], \"pre-hook\": [], \"quoting\": {}, \"column_types\": {}, \"full_refresh\": null, \"unique_key\": \"customer_id\", \"on_schema_change\": \"ignore\", \"on_configuration_change\": \"apply\", \"grants\": {}, \"packages\": [], \"docs\": {\"show\": true, \"node_color\": null}, \"contract\": {\"enforced\": false, \"alias_types\": true}, \"event_time\": null, \"concurrent_batches\": null, \"strategy\": \"timestamp\", \"target_schema\": null, \"target_database\": null, \"updated_at\": \"updated_at\", \"check_cols\": null, \"snapshot_meta_column_names\": {\"dbt_valid_to\": null, \"dbt_valid_from\": null, \"dbt_scd_id\": null, \"dbt_updated_at\": null, \"dbt_is_deleted\": null}, \"dbt_valid_to_current\": \"to_date('9999-12-31')\", \"hard_deletes\": \"new_record\"}, \"fqn\": [\"verdanta_project\", \"snap_crm_customers\"]}","logger":"task.stdout"}
{"timestamp":"2026-08-28T12:58:27.570967Z","level":"info","event":"{\"name\": \"snap_pim_products\", \"unique_id\": \"snapshot.verdanta_project.snap_pim_products\", \"resource_type\": \"snapshot\", \"depends_on\": {\"macros\": [], \"nodes\": [\"model.verdanta_project.stg_pim__products\"]}, \"original_file_path\": \"snapshots/snap_pim_products.yml\", \"tags\": [], \"config\": {\"enabled\": true, \"alias\": null, \"schema\": \"silver\", \"database\": \"hive_metastore\", \"tags\": [], \"meta\": {}, \"group\": null, \"static_analysis\": null, \"materialized\": \"snapshot\", \"incremental_strategy\": null, \"batch_size\": null, \"lookback\": 1, \"begin\": null, \"persist_docs\": {}, \"post-hook\": [], \"pre-hook\": [], \"quoting\": {}, \"column_types\": {}, \"full_refresh\": null, \"unique_key\": \"product_id\", \"on_schema_change\": \"ignore\", \"on_configuration_change\": \"apply\", \"grants\": {}, \"packages\": [], \"docs\": {\"show\": true, \"node_color\": null}, \"contract\": {\"enforced\": false, \"alias_types\": true}, \"event_time\": null, \"concurrent_batches\": null, \"strategy\": \"timestamp\", \"target_schema\": null, \"target_database\": null, \"updated_at\": \"updated_at\", \"check_cols\": null, \"snapshot_meta_column_names\": {\"dbt_valid_to\": null, \"dbt_valid_from\": null, \"dbt_scd_id\": null, \"dbt_updated_at\": null, \"dbt_is_deleted\": null}, \"dbt_valid_to_current\": \"to_date('9999-12-31')\", \"hard_deletes\": \"new_record\"}, \"fqn\": [\"verdanta_project\", \"snap_pim_products\"]}","logger":"task.stdout"}
{"timestamp":"2026-08-28T12:58:27.577736Z","level":"info","event":"{\"name\": \"accepted_values_dim_customer_loyalty_tier__BRONZE__SILVER__GOLD__PLATINUM__UNKNOWN\", \"unique_id\": \"test.verdanta_project.accepted_values_dim_customer_loyalty_tier__BRONZE__SILVER__GOLD__PLATINUM__UNKNOWN.fda0fc5ed1\", \"resource_type\": \"test\", \"depends_on\": {\"macros\": [\"macro.dbt.test_accepted_values\", \"macro.dbt.get_where_subquery\"], \"nodes\": [\"model.verdanta_project.dim_customer\"]}, \"original_file_path\": \"models/marts/properties.yml\", \"tags\": [], \"config\": {\"enabled\": true, \"alias\": \"accepted_values_dim_customer_3013948742008b6cd85c0fd8fbba939f\", \"schema\": \"dbt_test__audit\", \"database\": null, \"tags\": [], \"meta\": {}, \"group\": null, \"static_analysis\": null, \"materialized\": \"test\", \"severity\": \"ERROR\", \"store_failures\": null, \"store_failures_as\": null, \"sql_header\": null, \"where\": null, \"limit\": null, \"fail_calc\": \"count(*)\", \"warn_if\": \"!= 0\", \"error_if\": \"!= 0\"}, \"fqn\": [\"verdanta_project\", \"marts\", \"accepted_values_dim_customer_loyalty_tier__BRONZE__SILVER__GOLD__PLATINUM__UNKNOWN\"]}","logger":"task.stdout"}
{"timestamp":"2026-08-28T12:58:27.578036Z","level":"info","event":"{\"name\": \"accepted_values_dim_product_product_status__ACTIVE__DISCONTINUED__UNKNOWN\", \"unique_id\": \"test.verdanta_project.accepted_values_dim_product_product_status__ACTIVE__DISCONTINUED__UNKNOWN.660cb59f1b\", \"resource_type\": \"test\", \"depends_on\": {\"macros\": [\"macro.dbt.test_accepted_values\", \"macro.dbt.get_where_subquery\"], \"nodes\": [\"model.verdanta_project.dim_product\"]}, \"original_file_path\": \"models/marts/properties.yml\", \"tags\": [], \"config\": {\"enabled\": true, \"alias\": \"accepted_values_dim_product_7babede26e8edd52050f5db9887e49e0\", \"schema\": \"dbt_test__audit\", \"database\": null, \"tags\": [], \"meta\": {}, \"group\": null, \"static_analysis\": null, \"materialized\": \"test\", \"severity\": \"ERROR\", \"store_failures\": null, \"store_failures_as\": null, \"sql_header\": null, \"where\": null, \"limit\": null, \"fail_calc\": \"count(*)\", \"warn_if\": \"!= 0\", \"error_if\": \"!= 0\"}, \"fqn\": [\"verdanta_project\", \"marts\", \"accepted_values_dim_product_product_status__ACTIVE__DISCONTINUED__UNKNOWN\"]}","logger":"task.stdout"}
{"timestamp":"2026-08-28T12:58:27.578335Z","level":"info","event":"{\"name\": \"accepted_values_dim_product_vat_class__STANDARD__REDUCED\", \"unique_id\": \"test.verdanta_project.accepted_values_dim_product_vat_class__STANDARD__REDUCED.8c4fa64a29\", \"resource_type\": \"test\", \"depends_on\": {\"macros\": [\"macro.dbt.test_accepted_values\", \"macro.dbt.get_where_subquery\"], \"nodes\": [\"model.verdanta_project.dim_product\"]}, \"original_file_path\": \"models/marts/properties.yml\", \"tags\": [], \"config\": {\"enabled\": true, \"alias\": null, \"schema\": \"dbt_test__audit\", \"database\": null, \"tags\": [], \"meta\": {}, \"group\": null, \"static_analysis\": null, \"materialized\": \"test\", \"severity\": \"ERROR\", \"store_failures\": null, \"store_failures_as\": null, \"sql_header\": null, \"where\": null, \"limit\": null, \"fail_calc\": \"count(*)\", \"warn_if\": \"!= 0\", \"error_if\": \"!= 0\"}, \"fqn\": [\"verdanta_project\", \"marts\", \"accepted_values_dim_product_vat_class__STANDARD__REDUCED\"]}","logger":"task.stdout"}
{"timestamp":"2026-08-28T12:58:27.578583Z","level":"info","event":"{\"name\": \"accepted_values_stg_crm__customers_customer_status__ACTIVE__INACTIVE__CLOSED\", \"unique_id\": \"test.verdanta_project.accepted_values_stg_crm__customers_customer_status__ACTIVE__INACTIVE__CLOSED.708608e921\", \"resource_type\": \"test\", \"depends_on\": {\"macros\": [\"macro.dbt.test_accepted_values\", \"macro.dbt.get_where_subquery\"], \"nodes\": [\"model.verdanta_project.stg_crm__customers\"]}, \"original_file_path\": \"models/staging/properties.yml\", \"tags\": [], \"config\": {\"enabled\": true, \"alias\": \"accepted_values_stg_crm__custo_bff8cb62a94bdcc92dd7415e493d86db\", \"schema\": \"dbt_test__audit\", \"database\": null, \"tags\": [], \"meta\": {}, \"group\": null, \"static_analysis\": null, \"materialized\": \"test\", \"severity\": \"ERROR\", \"store_failures\": null, \"store_failures_as\": null, \"sql_header\": null, \"where\": null, \"limit\": null, \"fail_calc\": \"count(*)\", \"warn_if\": \"!= 0\", \"error_if\": \"!= 0\"}, \"fqn\": [\"verdanta_project\", \"staging\", \"accepted_values_stg_crm__customers_customer_status__ACTIVE__INACTIVE__CLOSED\"]}","logger":"task.stdout"}
{"timestamp":"2026-08-28T12:58:27.578846Z","level":"info","event":"{\"name\": \"accepted_values_stg_crm__customers_loyalty_tier__BRONZE__SILVER__GOLD__PLATINUM\", \"unique_id\": \"test.verdanta_project.accepted_values_stg_crm__customers_loyalty_tier__BRONZE__SILVER__GOLD__PLATINUM.9360923476\", \"resource_type\": \"test\", \"depends_on\": {\"macros\": [\"macro.dbt.test_accepted_values\", \"macro.dbt.get_where_subquery\"], \"nodes\": [\"model.verdanta_project.stg_crm__customers\"]}, \"original_file_path\": \"models/staging/properties.yml\", \"tags\": [], \"config\": {\"enabled\": true, \"alias\": \"accepted_values_stg_crm__custo_4d4741778515f7f5dea07df2c31ade1f\", \"schema\": \"dbt_test__audit\", \"database\": null, \"tags\": [], \"meta\": {}, \"group\": null, \"static_analysis\": null, \"materialized\": \"test\", \"severity\": \"ERROR\", \"store_failures\": null, \"store_failures_as\": null, \"sql_header\": null, \"where\": null, \"limit\": null, \"fail_calc\": \"count(*)\", \"warn_if\": \"!= 0\", \"error_if\": \"!= 0\"}, \"fqn\": [\"verdanta_project\", \"staging\", \"accepted_values_stg_crm__customers_loyalty_tier__BRONZE__SILVER__GOLD__PLATINUM\"]}","logger":"task.stdout"}
{"timestamp":"2026-08-28T12:58:27.586152Z","level":"info","event":"{\"name\": \"accepted_values_stg_erp__orders_order_status__COMPLETED__CANCELLED__PENDING__REFUNDED\", \"unique_id\": \"test.verdanta_project.accepted_values_stg_erp__orders_order_status__COMPLETED__CANCELLED__PENDING__REFUNDED.c0bf92f5eb\", \"resource_type\": \"test\", \"depends_on\": {\"macros\": [\"macro.dbt.test_accepted_values\", \"macro.dbt.get_where_subquery\"], \"nodes\": [\"model.verdanta_project.stg_erp__orders\"]}, \"original_file_path\": \"models/staging/properties.yml\", \"tags\": [], \"config\": {\"enabled\": true, \"alias\": \"accepted_values_stg_erp__order_0ba9ec29a17e56b42bf6dcf1def271e0\", \"schema\": \"dbt_test__audit\", \"database\": null, \"tags\": [], \"meta\": {}, \"group\": null, \"static_analysis\": null, \"materialized\": \"test\", \"severity\": \"ERROR\", \"store_failures\": null, \"store_failures_as\": null, \"sql_header\": null, \"where\": null, \"limit\": null, \"fail_calc\": \"count(*)\", \"warn_if\": \"!= 0\", \"error_if\": \"!= 0\"}, \"fqn\": [\"verdanta_project\", \"staging\", \"accepted_values_stg_erp__orders_order_status__COMPLETED__CANCELLED__PENDING__REFUNDED\"]}","logger":"task.stdout"}
{"timestamp":"2026-08-28T12:58:27.586466Z","level":"info","event":"{\"name\": \"accepted_values_stg_erp__orders_sales_channel__STORE__ONLINE__MARKETPLACE\", \"unique_id\": \"test.verdanta_project.accepted_values_stg_erp__orders_sales_channel__STORE__ONLINE__MARKETPLACE.4795f1dd55\", \"resource_type\": \"test\", \"depends_on\": {\"macros\": [\"macro.dbt.test_accepted_values\", \"macro.dbt.get_where_subquery\"], \"nodes\": [\"model.verdanta_project.stg_erp__orders\"]}, \"original_file_path\": \"models/staging/properties.yml\", \"tags\": [], \"config\": {\"enabled\": true, \"alias\": \"accepted_values_stg_erp__order_a1d9c1f0fe3b2fe484a8c8eec1046164\", \"schema\": \"dbt_test__audit\", \"database\": null, \"tags\": [], \"meta\": {}, \"group\": null, \"static_analysis\": null, \"materialized\": \"test\", \"severity\": \"ERROR\", \"store_failures\": null, \"store_failures_as\": null, \"sql_header\": null, \"where\": null, \"limit\": null, \"fail_calc\": \"count(*)\", \"warn_if\": \"!= 0\", \"error_if\": \"!= 0\"}, \"fqn\": [\"verdanta_project\", \"staging\", \"accepted_values_stg_erp__orders_sales_channel__STORE__ONLINE__MARKETPLACE\"]}","logger":"task.stdout"}
{"timestamp":"2026-08-28T12:58:27.586717Z","level":"info","event":"{\"name\": \"accepted_values_stg_erp__returns_return_reason_code__DAMAGED_IN_TRANSIT__NOT_AS_DESCRIBED__CHANGED_MIND__WRONG_ITEM_SENT__FAULTY__LATE_DELIVERY\", \"unique_id\": \"test.verdanta_project.accepted_values_stg_erp__returns_return_reason_code__DAMAGED_IN_TRANSIT__NOT_AS_DESCRIBED__CHANGED_MIND__WRONG_ITEM_SENT__FAULTY__LATE_DELIVERY.a3b94c3857\", \"resource_type\": \"test\", \"depends_on\": {\"macros\": [\"macro.dbt.test_accepted_values\", \"macro.dbt.get_where_subquery\"], \"nodes\": [\"model.verdanta_project.stg_erp__returns\"]}, \"original_file_path\": \"models/staging/properties.yml\", \"tags\": [], \"config\": {\"enabled\": true, \"alias\": \"accepted_values_stg_erp__retur_4ce9a7b6e58942532d914c5376ce8978\", \"schema\": \"dbt_test__audit\", \"database\": null, \"tags\": [], \"meta\": {}, \"group\": null, \"static_analysis\": null, \"materialized\": \"test\", \"severity\": \"ERROR\", \"store_failures\": null, \"store_failures_as\": null, \"sql_header\": null, \"where\": null, \"limit\": null, \"fail_calc\": \"count(*)\", \"warn_if\": \"!= 0\", \"error_if\": \"!= 0\"}, \"fqn\": [\"verdanta_project\", \"staging\", \"accepted_values_stg_erp__returns_return_reason_code__DAMAGED_IN_TRANSIT__NOT_AS_DESCRIBED__CHANGED_MIND__WRONG_ITEM_SENT__FAULTY__LATE_DELIVERY\"]}","logger":"task.stdout"}
{"timestamp":"2026-08-28T12:58:27.592567Z","level":"info","event":"{\"name\": \"accepted_values_stg_pim__products_product_status__ACTIVE__DISCONTINUED\", \"unique_id\": \"test.verdanta_project.accepted_values_stg_pim__products_product_status__ACTIVE__DISCONTINUED.dd789a6055\", \"resource_type\": \"test\", \"depends_on\": {\"macros\": [\"macro.dbt.test_accepted_values\", \"macro.dbt.get_where_subquery\"], \"nodes\": [\"model.verdanta_project.stg_pim__products\"]}, \"original_file_path\": \"models/staging/properties.yml\", \"tags\": [], \"config\": {\"enabled\": true, \"alias\": \"accepted_values_stg_pim__produ_e29bfc82e5974b0c56cfdef99249311f\", \"schema\": \"dbt_test__audit\", \"database\": null, \"tags\": [], \"meta\": {}, \"group\": null, \"static_analysis\": null, \"materialized\": \"test\", \"severity\": \"ERROR\", \"store_failures\": null, \"store_failures_as\": null, \"sql_header\": null, \"where\": null, \"limit\": null, \"fail_calc\": \"count(*)\", \"warn_if\": \"!= 0\", \"error_if\": \"!= 0\"}, \"fqn\": [\"verdanta_project\", \"staging\", \"accepted_values_stg_pim__products_product_status__ACTIVE__DISCONTINUED\"]}","logger":"task.stdout"}
{"timestamp":"2026-08-28T12:58:27.592799Z","level":"info","event":"{\"name\": \"accepted_values_stg_pim__products_vat_class__STANDARD__REDUCED\", \"unique_id\": \"test.verdanta_project.accepted_values_stg_pim__products_vat_class__STANDARD__REDUCED.4b9c8f1d4c\", \"resource_type\": \"test\", \"depends_on\": {\"macros\": [\"macro.dbt.test_accepted_values\", \"macro.dbt.get_where_subquery\"], \"nodes\": [\"model.verdanta_project.stg_pim__products\"]}, \"original_file_path\": \"models/staging/properties.yml\", \"tags\": [], \"config\": {\"enabled\": true, \"alias\": null, \"schema\": \"dbt_test__audit\", \"database\": null, \"tags\": [], \"meta\": {}, \"group\": null, \"static_analysis\": null, \"materialized\": \"test\", \"severity\": \"ERROR\", \"store_failures\": null, \"store_failures_as\": null, \"sql_header\": null, \"where\": null, \"limit\": null, \"fail_calc\": \"count(*)\", \"warn_if\": \"!= 0\", \"error_if\": \"!= 0\"}, \"fqn\": [\"verdanta_project\", \"staging\", \"accepted_values_stg_pim__products_vat_class__STANDARD__REDUCED\"]}","logger":"task.stdout"}
{"timestamp":"2026-08-28T12:58:27.593039Z","level":"info","event":"{\"name\": \"assert_no_overlapping_scd2_versions\", \"unique_id\": \"test.verdanta_project.assert_no_overlapping_scd2_versions\", \"resource_type\": \"test\", \"depends_on\": {\"macros\": [], \"nodes\": [\"model.verdanta_project.dim_customer\", \"model.verdanta_project.dim_product\"]}, \"original_file_path\": \"tests/assert_no_overlapping_scd2_versions.sql\", \"tags\": [], \"config\": {\"enabled\": true, \"alias\": null, \"schema\": \"dbt_test__audit\", \"database\": null, \"tags\": [], \"meta\": {}, \"group\": null, \"static_analysis\": null, \"materialized\": \"test\", \"severity\": \"ERROR\", \"store_failures\": null, \"store_failures_as\": null, \"sql_header\": null, \"where\": null, \"limit\": null, \"fail_calc\": \"count(*)\", \"warn_if\": \"!= 0\", \"error_if\": \"!= 0\"}, \"fqn\": [\"verdanta_project\", \"assert_no_overlapping_scd2_versions\"]}","logger":"task.stdout"}
{"timestamp":"2026-08-28T12:58:27.593260Z","level":"info","event":"{\"name\": \"assert_order_header_reconciles_to_lines\", \"unique_id\": \"test.verdanta_project.assert_order_header_reconciles_to_lines\", \"resource_type\": \"test\", \"depends_on\": {\"macros\": [], \"nodes\": [\"model.verdanta_project.stg_erp__orders\", \"model.verdanta_project.stg_erp__order_items\"]}, \"original_file_path\": \"tests/assert_order_header_reconciles_to_lines.sql\", \"tags\": [], \"config\": {\"enabled\": true, \"alias\": null, \"schema\": \"dbt_test__audit\", \"database\": null, \"tags\": [], \"meta\": {}, \"group\": null, \"static_analysis\": null, \"materialized\": \"test\", \"severity\": \"warn\", \"store_failures\": null, \"store_failures_as\": null, \"sql_header\": null, \"where\": null, \"limit\": null, \"fail_calc\": \"count(*)\", \"warn_if\": \"!= 0\", \"error_if\": \"!= 0\"}, \"fqn\": [\"verdanta_project\", \"assert_order_header_reconciles_to_lines\"]}","logger":"task.stdout"}
{"timestamp":"2026-08-28T12:58:27.593512Z","level":"info","event":"{\"name\": \"non_negative_stg_erp__order_items_quantity\", \"unique_id\": \"test.verdanta_project.non_negative_stg_erp__order_items_quantity.3d4d6de61c\", \"resource_type\": \"test\", \"depends_on\": {\"macros\": [\"macro.verdanta_project.test_non_negative\", \"macro.dbt.get_where_subquery\"], \"nodes\": [\"model.verdanta_project.stg_erp__order_items\"]}, \"original_file_path\": \"models/staging/properties.yml\", \"tags\": [], \"config\": {\"enabled\": true, \"alias\": null, \"schema\": \"dbt_test__audit\", \"database\": null, \"tags\": [], \"meta\": {}, \"group\": null, \"static_analysis\": null, \"materialized\": \"test\", \"severity\": \"warn\", \"store_failures\": null, \"store_failures_as\": null, \"sql_header\": null, \"where\": null, \"limit\": null, \"fail_calc\": \"count(*)\", \"warn_if\": \"!= 0\", \"error_if\": \"!= 0\"}, \"fqn\": [\"verdanta_project\", \"staging\", \"non_negative_stg_erp__order_items_quantity\"]}","logger":"task.stdout"}
{"timestamp":"2026-08-28T12:58:27.598767Z","level":"info","event":"{\"name\": \"not_null_dim_country_country_code\", \"unique_id\": \"test.verdanta_project.not_null_dim_country_country_code.4eebc314d4\", \"resource_type\": \"test\", \"depends_on\": {\"macros\": [\"macro.dbt.test_not_null\"], \"nodes\": [\"model.verdanta_project.dim_country\"]}, \"original_file_path\": \"models/marts/properties.yml\", \"tags\": [], \"config\": {\"enabled\": true, \"alias\": null, \"schema\": \"dbt_test__audit\", \"database\": null, \"tags\": [], \"meta\": {}, \"group\": null, \"static_analysis\": null, \"materialized\": \"test\", \"severity\": \"ERROR\", \"store_failures\": null, \"store_failures_as\": null, \"sql_header\": null, \"where\": null, \"limit\": null, \"fail_calc\": \"count(*)\", \"warn_if\": \"!= 0\", \"error_if\": \"!= 0\"}, \"fqn\": [\"verdanta_project\", \"marts\", \"not_null_dim_country_country_code\"]}","logger":"task.stdout"}
{"timestamp":"2026-08-28T12:58:27.599000Z","level":"info","event":"{\"name\": \"not_null_dim_country_country_sk\", \"unique_id\": \"test.verdanta_project.not_null_dim_country_country_sk.86f12ec03d\", \"resource_type\": \"test\", \"depends_on\": {\"macros\": [\"macro.dbt.test_not_null\"], \"nodes\": [\"model.verdanta_project.dim_country\"]}, \"original_file_path\": \"models/marts/properties.yml\", \"tags\": [], \"config\": {\"enabled\": true, \"alias\": null, \"schema\": \"dbt_test__audit\", \"database\": null, \"tags\": [], \"meta\": {}, \"group\": null, \"static_analysis\": null, \"materialized\": \"test\", \"severity\": \"ERROR\", \"store_failures\": null, \"store_failures_as\": null, \"sql_header\": null, \"where\": null, \"limit\": null, \"fail_calc\": \"count(*)\", \"warn_if\": \"!= 0\", \"error_if\": \"!= 0\"}, \"fqn\": [\"verdanta_project\", \"marts\", \"not_null_dim_country_country_sk\"]}","logger":"task.stdout"}
{"timestamp":"2026-08-28T12:58:27.599216Z","level":"info","event":"{\"name\": \"not_null_dim_customer_customer_id\", \"unique_id\": \"test.verdanta_project.not_null_dim_customer_customer_id.9775012dfc\", \"resource_type\": \"test\", \"depends_on\": {\"macros\": [\"macro.dbt.test_not_null\"], \"nodes\": [\"model.verdanta_project.dim_customer\"]}, \"original_file_path\": \"models/marts/properties.yml\", \"tags\": [], \"config\": {\"enabled\": true, \"alias\": null, \"schema\": \"dbt_test__audit\", \"database\": null, \"tags\": [], \"meta\": {}, \"group\": null, \"static_analysis\": null, \"materialized\": \"test\", \"severity\": \"ERROR\", \"store_failures\": null, \"store_failures_as\": null, \"sql_header\": null, \"where\": null, \"limit\": null, \"fail_calc\": \"count(*)\", \"warn_if\": \"!= 0\", \"error_if\": \"!= 0\"}, \"fqn\": [\"verdanta_project\", \"marts\", \"not_null_dim_customer_customer_id\"]}","logger":"task.stdout"}
{"timestamp":"2026-08-28T12:58:27.599427Z","level":"info","event":"{\"name\": \"not_null_dim_customer_customer_sk\", \"unique_id\": \"test.verdanta_project.not_null_dim_customer_customer_sk.69b9dd095b\", \"resource_type\": \"test\", \"depends_on\": {\"macros\": [\"macro.dbt.test_not_null\"], \"nodes\": [\"model.verdanta_project.dim_customer\"]}, \"original_file_path\": \"models/marts/properties.yml\", \"tags\": [], \"config\": {\"enabled\": true, \"alias\": null, \"schema\": \"dbt_test__audit\", \"database\": null, \"tags\": [], \"meta\": {}, \"group\": null, \"static_analysis\": null, \"materialized\": \"test\", \"severity\": \"ERROR\", \"store_failures\": null, \"store_failures_as\": null, \"sql_header\": null, \"where\": null, \"limit\": null, \"fail_calc\": \"count(*)\", \"warn_if\": \"!= 0\", \"error_if\": \"!= 0\"}, \"fqn\": [\"verdanta_project\", \"marts\", \"not_null_dim_customer_customer_sk\"]}","logger":"task.stdout"}
{"timestamp":"2026-08-28T12:58:27.599664Z","level":"info","event":"{\"name\": \"not_null_dim_customer_valid_from\", \"unique_id\": \"test.verdanta_project.not_null_dim_customer_valid_from.b17a172dc1\", \"resource_type\": \"test\", \"depends_on\": {\"macros\": [\"macro.dbt.test_not_null\"], \"nodes\": [\"model.verdanta_project.dim_customer\"]}, \"original_file_path\": \"models/marts/properties.yml\", \"tags\": [], \"config\": {\"enabled\": true, \"alias\": null, \"schema\": \"dbt_test__audit\", \"database\": null, \"tags\": [], \"meta\": {}, \"group\": null, \"static_analysis\": null, \"materialized\": \"test\", \"severity\": \"ERROR\", \"store_failures\": null, \"store_failures_as\": null, \"sql_header\": null, \"where\": null, \"limit\": null, \"fail_calc\": \"count(*)\", \"warn_if\": \"!= 0\", \"error_if\": \"!= 0\"}, \"fqn\": [\"verdanta_project\", \"marts\", \"not_null_dim_customer_valid_from\"]}","logger":"task.stdout"}
{"timestamp":"2026-08-28T12:58:27.599870Z","level":"info","event":"{\"name\": \"not_null_dim_customer_valid_to\", \"unique_id\": \"test.verdanta_project.not_null_dim_customer_valid_to.64d52db1ca\", \"resource_type\": \"test\", \"depends_on\": {\"macros\": [\"macro.dbt.test_not_null\"], \"nodes\": [\"model.verdanta_project.dim_customer\"]}, \"original_file_path\": \"models/marts/properties.yml\", \"tags\": [], \"config\": {\"enabled\": true, \"alias\": null, \"schema\": \"dbt_test__audit\", \"database\": null, \"tags\": [], \"meta\": {}, \"group\": null, \"static_analysis\": null, \"materialized\": \"test\", \"severity\": \"ERROR\", \"store_failures\": null, \"store_failures_as\": null, \"sql_header\": null, \"where\": null, \"limit\": null, \"fail_calc\": \"count(*)\", \"warn_if\": \"!= 0\", \"error_if\": \"!= 0\"}, \"fqn\": [\"verdanta_project\", \"marts\", \"not_null_dim_customer_valid_to\"]}","logger":"task.stdout"}
{"timestamp":"2026-08-28T12:58:27.605669Z","level":"info","event":"{\"name\": \"not_null_dim_date_date_day\", \"unique_id\": \"test.verdanta_project.not_null_dim_date_date_day.e3f312efb2\", \"resource_type\": \"test\", \"depends_on\": {\"macros\": [\"macro.dbt.test_not_null\"], \"nodes\": [\"model.verdanta_project.dim_date\"]}, \"original_file_path\": \"models/marts/properties.yml\", \"tags\": [], \"config\": {\"enabled\": true, \"alias\": null, \"schema\": \"dbt_test__audit\", \"database\": null, \"tags\": [], \"meta\": {}, \"group\": null, \"static_analysis\": null, \"materialized\": \"test\", \"severity\": \"ERROR\", \"store_failures\": null, \"store_failures_as\": null, \"sql_header\": null, \"where\": null, \"limit\": null, \"fail_calc\": \"count(*)\", \"warn_if\": \"!= 0\", \"error_if\": \"!= 0\"}, \"fqn\": [\"verdanta_project\", \"marts\", \"not_null_dim_date_date_day\"]}","logger":"task.stdout"}
{"timestamp":"2026-08-28T12:58:27.605921Z","level":"info","event":"{\"name\": \"not_null_dim_date_date_sk\", \"unique_id\": \"test.verdanta_project.not_null_dim_date_date_sk.de88650994\", \"resource_type\": \"test\", \"depends_on\": {\"macros\": [\"macro.dbt.test_not_null\"], \"nodes\": [\"model.verdanta_project.dim_date\"]}, \"original_file_path\": \"models/marts/properties.yml\", \"tags\": [], \"config\": {\"enabled\": true, \"alias\": null, \"schema\": \"dbt_test__audit\", \"database\": null, \"tags\": [], \"meta\": {}, \"group\": null, \"static_analysis\": null, \"materialized\": \"test\", \"severity\": \"ERROR\", \"store_failures\": null, \"store_failures_as\": null, \"sql_header\": null, \"where\": null, \"limit\": null, \"fail_calc\": \"count(*)\", \"warn_if\": \"!= 0\", \"error_if\": \"!= 0\"}, \"fqn\": [\"verdanta_project\", \"marts\", \"not_null_dim_date_date_sk\"]}","logger":"task.stdout"}
{"timestamp":"2026-08-28T12:58:27.606158Z","level":"info","event":"{\"name\": \"not_null_dim_product_product_id\", \"unique_id\": \"test.verdanta_project.not_null_dim_product_product_id.02b1f06816\", \"resource_type\": \"test\", \"depends_on\": {\"macros\": [\"macro.dbt.test_not_null\"], \"nodes\": [\"model.verdanta_project.dim_product\"]}, \"original_file_path\": \"models/marts/properties.yml\", \"tags\": [], \"config\": {\"enabled\": true, \"alias\": null, \"schema\": \"dbt_test__audit\", \"database\": null, \"tags\": [], \"meta\": {}, \"group\": null, \"static_analysis\": null, \"materialized\": \"test\", \"severity\": \"ERROR\", \"store_failures\": null, \"store_failures_as\": null, \"sql_header\": null, \"where\": null, \"limit\": null, \"fail_calc\": \"count(*)\", \"warn_if\": \"!= 0\", \"error_if\": \"!= 0\"}, \"fqn\": [\"verdanta_project\", \"marts\", \"not_null_dim_product_product_id\"]}","logger":"task.stdout"}
{"timestamp":"2026-08-28T12:58:27.606380Z","level":"info","event":"{\"name\": \"not_null_dim_product_product_sk\", \"unique_id\": \"test.verdanta_project.not_null_dim_product_product_sk.271feb5417\", \"resource_type\": \"test\", \"depends_on\": {\"macros\": [\"macro.dbt.test_not_null\"], \"nodes\": [\"model.verdanta_project.dim_product\"]}, \"original_file_path\": \"models/marts/properties.yml\", \"tags\": [], \"config\": {\"enabled\": true, \"alias\": null, \"schema\": \"dbt_test__audit\", \"database\": null, \"tags\": [], \"meta\": {}, \"group\": null, \"static_analysis\": null, \"materialized\": \"test\", \"severity\": \"ERROR\", \"store_failures\": null, \"store_failures_as\": null, \"sql_header\": null, \"where\": null, \"limit\": null, \"fail_calc\": \"count(*)\", \"warn_if\": \"!= 0\", \"error_if\": \"!= 0\"}, \"fqn\": [\"verdanta_project\", \"marts\", \"not_null_dim_product_product_sk\"]}","logger":"task.stdout"}
{"timestamp":"2026-08-28T12:58:27.606616Z","level":"info","event":"{\"name\": \"not_null_dim_product_valid_from\", \"unique_id\": \"test.verdanta_project.not_null_dim_product_valid_from.f89baa54a8\", \"resource_type\": \"test\", \"depends_on\": {\"macros\": [\"macro.dbt.test_not_null\"], \"nodes\": [\"model.verdanta_project.dim_product\"]}, \"original_file_path\": \"models/marts/properties.yml\", \"tags\": [], \"config\": {\"enabled\": true, \"alias\": null, \"schema\": \"dbt_test__audit\", \"database\": null, \"tags\": [], \"meta\": {}, \"group\": null, \"static_analysis\": null, \"materialized\": \"test\", \"severity\": \"ERROR\", \"store_failures\": null, \"store_failures_as\": null, \"sql_header\": null, \"where\": null, \"limit\": null, \"fail_calc\": \"count(*)\", \"warn_if\": \"!= 0\", \"error_if\": \"!= 0\"}, \"fqn\": [\"verdanta_project\", \"marts\", \"not_null_dim_product_valid_from\"]}","logger":"task.stdout"}
{"timestamp":"2026-08-28T12:58:27.611904Z","level":"info","event":"{\"name\": \"not_null_dim_product_valid_to\", \"unique_id\": \"test.verdanta_project.not_null_dim_product_valid_to.68af862622\", \"resource_type\": \"test\", \"depends_on\": {\"macros\": [\"macro.dbt.test_not_null\"], \"nodes\": [\"model.verdanta_project.dim_product\"]}, \"original_file_path\": \"models/marts/properties.yml\", \"tags\": [], \"config\": {\"enabled\": true, \"alias\": null, \"schema\": \"dbt_test__audit\", \"database\": null, \"tags\": [], \"meta\": {}, \"group\": null, \"static_analysis\": null, \"materialized\": \"test\", \"severity\": \"ERROR\", \"store_failures\": null, \"store_failures_as\": null, \"sql_header\": null, \"where\": null, \"limit\": null, \"fail_calc\": \"count(*)\", \"warn_if\": \"!= 0\", \"error_if\": \"!= 0\"}, \"fqn\": [\"verdanta_project\", \"marts\", \"not_null_dim_product_valid_to\"]}","logger":"task.stdout"}
{"timestamp":"2026-08-28T12:58:27.612151Z","level":"info","event":"{\"name\": \"not_null_fct_order_item_customer_sk\", \"unique_id\": \"test.verdanta_project.not_null_fct_order_item_customer_sk.04b5ba5e1c\", \"resource_type\": \"test\", \"depends_on\": {\"macros\": [\"macro.dbt.test_not_null\"], \"nodes\": [\"model.verdanta_project.fct_order_item\"]}, \"original_file_path\": \"models/marts/properties.yml\", \"tags\": [], \"config\": {\"enabled\": true, \"alias\": null, \"schema\": \"dbt_test__audit\", \"database\": null, \"tags\": [], \"meta\": {}, \"group\": null, \"static_analysis\": null, \"materialized\": \"test\", \"severity\": \"ERROR\", \"store_failures\": null, \"store_failures_as\": null, \"sql_header\": null, \"where\": null, \"limit\": null, \"fail_calc\": \"count(*)\", \"warn_if\": \"!= 0\", \"error_if\": \"!= 0\"}, \"fqn\": [\"verdanta_project\", \"marts\", \"not_null_fct_order_item_customer_sk\"]}","logger":"task.stdout"}
{"timestamp":"2026-08-28T12:58:27.612377Z","level":"info","event":"{\"name\": \"not_null_fct_order_item_date_sk\", \"unique_id\": \"test.verdanta_project.not_null_fct_order_item_date_sk.209b1b52c3\", \"resource_type\": \"test\", \"depends_on\": {\"macros\": [\"macro.dbt.test_not_null\"], \"nodes\": [\"model.verdanta_project.fct_order_item\"]}, \"original_file_path\": \"models/marts/properties.yml\", \"tags\": [], \"config\": {\"enabled\": true, \"alias\": null, \"schema\": \"dbt_test__audit\", \"database\": null, \"tags\": [], \"meta\": {}, \"group\": null, \"static_analysis\": null, \"materialized\": \"test\", \"severity\": \"ERROR\", \"store_failures\": null, \"store_failures_as\": null, \"sql_header\": null, \"where\": null, \"limit\": null, \"fail_calc\": \"count(*)\", \"warn_if\": \"!= 0\", \"error_if\": \"!= 0\"}, \"fqn\": [\"verdanta_project\", \"marts\", \"not_null_fct_order_item_date_sk\"]}","logger":"task.stdout"}
{"timestamp":"2026-08-28T12:58:27.612618Z","level":"info","event":"{\"name\": \"not_null_fct_order_item_employee_sk\", \"unique_id\": \"test.verdanta_project.not_null_fct_order_item_employee_sk.0f8811ed72\", \"resource_type\": \"test\", \"depends_on\": {\"macros\": [\"macro.dbt.test_not_null\"], \"nodes\": [\"model.verdanta_project.fct_order_item\"]}, \"original_file_path\": \"models/marts/properties.yml\", \"tags\": [], \"config\": {\"enabled\": true, \"alias\": null, \"schema\": \"dbt_test__audit\", \"database\": null, \"tags\": [], \"meta\": {}, \"group\": null, \"static_analysis\": null, \"materialized\": \"test\", \"severity\": \"ERROR\", \"store_failures\": null, \"store_failures_as\": null, \"sql_header\": null, \"where\": null, \"limit\": null, \"fail_calc\": \"count(*)\", \"warn_if\": \"!= 0\", \"error_if\": \"!= 0\"}, \"fqn\": [\"verdanta_project\", \"marts\", \"not_null_fct_order_item_employee_sk\"]}","logger":"task.stdout"}
{"timestamp":"2026-08-28T12:58:27.612839Z","level":"info","event":"{\"name\": \"not_null_fct_order_item_order_item_id\", \"unique_id\": \"test.verdanta_project.not_null_fct_order_item_order_item_id.1c4e67471d\", \"resource_type\": \"test\", \"depends_on\": {\"macros\": [\"macro.dbt.test_not_null\"], \"nodes\": [\"model.verdanta_project.fct_order_item\"]}, \"original_file_path\": \"models/marts/properties.yml\", \"tags\": [], \"config\": {\"enabled\": true, \"alias\": null, \"schema\": \"dbt_test__audit\", \"database\": null, \"tags\": [], \"meta\": {}, \"group\": null, \"static_analysis\": null, \"materialized\": \"test\", \"severity\": \"ERROR\", \"store_failures\": null, \"store_failures_as\": null, \"sql_header\": null, \"where\": null, \"limit\": null, \"fail_calc\": \"count(*)\", \"warn_if\": \"!= 0\", \"error_if\": \"!= 0\"}, \"fqn\": [\"verdanta_project\", \"marts\", \"not_null_fct_order_item_order_item_id\"]}","logger":"task.stdout"}
{"timestamp":"2026-08-28T12:58:27.613056Z","level":"info","event":"{\"name\": \"not_null_fct_order_item_product_sk\", \"unique_id\": \"test.verdanta_project.not_null_fct_order_item_product_sk.4b785d70c8\", \"resource_type\": \"test\", \"depends_on\": {\"macros\": [\"macro.dbt.test_not_null\"], \"nodes\": [\"model.verdanta_project.fct_order_item\"]}, \"original_file_path\": \"models/marts/properties.yml\", \"tags\": [], \"config\": {\"enabled\": true, \"alias\": null, \"schema\": \"dbt_test__audit\", \"database\": null, \"tags\": [], \"meta\": {}, \"group\": null, \"static_analysis\": null, \"materialized\": \"test\", \"severity\": \"ERROR\", \"store_failures\": null, \"store_failures_as\": null, \"sql_header\": null, \"where\": null, \"limit\": null, \"fail_calc\": \"count(*)\", \"warn_if\": \"!= 0\", \"error_if\": \"!= 0\"}, \"fqn\": [\"verdanta_project\", \"marts\", \"not_null_fct_order_item_product_sk\"]}","logger":"task.stdout"}
{"timestamp":"2026-08-28T12:58:27.618716Z","level":"info","event":"{\"name\": \"not_null_fct_order_item_store_sk\", \"unique_id\": \"test.verdanta_project.not_null_fct_order_item_store_sk.8f9601b157\", \"resource_type\": \"test\", \"depends_on\": {\"macros\": [\"macro.dbt.test_not_null\"], \"nodes\": [\"model.verdanta_project.fct_order_item\"]}, \"original_file_path\": \"models/marts/properties.yml\", \"tags\": [], \"config\": {\"enabled\": true, \"alias\": null, \"schema\": \"dbt_test__audit\", \"database\": null, \"tags\": [], \"meta\": {}, \"group\": null, \"static_analysis\": null, \"materialized\": \"test\", \"severity\": \"ERROR\", \"store_failures\": null, \"store_failures_as\": null, \"sql_header\": null, \"where\": null, \"limit\": null, \"fail_calc\": \"count(*)\", \"warn_if\": \"!= 0\", \"error_if\": \"!= 0\"}, \"fqn\": [\"verdanta_project\", \"marts\", \"not_null_fct_order_item_store_sk\"]}","logger":"task.stdout"}
{"timestamp":"2026-08-28T12:58:27.618998Z","level":"info","event":"{\"name\": \"not_null_fct_return_customer_sk\", \"unique_id\": \"test.verdanta_project.not_null_fct_return_customer_sk.212122054e\", \"resource_type\": \"test\", \"depends_on\": {\"macros\": [\"macro.dbt.test_not_null\"], \"nodes\": [\"model.verdanta_project.fct_return\"]}, \"original_file_path\": \"models/marts/properties.yml\", \"tags\": [], \"config\": {\"enabled\": true, \"alias\": null, \"schema\": \"dbt_test__audit\", \"database\": null, \"tags\": [], \"meta\": {}, \"group\": null, \"static_analysis\": null, \"materialized\": \"test\", \"severity\": \"ERROR\", \"store_failures\": null, \"store_failures_as\": null, \"sql_header\": null, \"where\": null, \"limit\": null, \"fail_calc\": \"count(*)\", \"warn_if\": \"!= 0\", \"error_if\": \"!= 0\"}, \"fqn\": [\"verdanta_project\", \"marts\", \"not_null_fct_return_customer_sk\"]}","logger":"task.stdout"}
{"timestamp":"2026-08-28T12:58:27.619239Z","level":"info","event":"{\"name\": \"not_null_fct_return_date_sk\", \"unique_id\": \"test.verdanta_project.not_null_fct_return_date_sk.c346c83338\", \"resource_type\": \"test\", \"depends_on\": {\"macros\": [\"macro.dbt.test_not_null\"], \"nodes\": [\"model.verdanta_project.fct_return\"]}, \"original_file_path\": \"models/marts/properties.yml\", \"tags\": [], \"config\": {\"enabled\": true, \"alias\": null, \"schema\": \"dbt_test__audit\", \"database\": null, \"tags\": [], \"meta\": {}, \"group\": null, \"static_analysis\": null, \"materialized\": \"test\", \"severity\": \"ERROR\", \"store_failures\": null, \"store_failures_as\": null, \"sql_header\": null, \"where\": null, \"limit\": null, \"fail_calc\": \"count(*)\", \"warn_if\": \"!= 0\", \"error_if\": \"!= 0\"}, \"fqn\": [\"verdanta_project\", \"marts\", \"not_null_fct_return_date_sk\"]}","logger":"task.stdout"}
{"timestamp":"2026-08-28T12:58:27.619478Z","level":"info","event":"{\"name\": \"not_null_fct_return_product_sk\", \"unique_id\": \"test.verdanta_project.not_null_fct_return_product_sk.5928c7f8c8\", \"resource_type\": \"test\", \"depends_on\": {\"macros\": [\"macro.dbt.test_not_null\"], \"nodes\": [\"model.verdanta_project.fct_return\"]}, \"original_file_path\": \"models/marts/properties.yml\", \"tags\": [], \"config\": {\"enabled\": true, \"alias\": null, \"schema\": \"dbt_test__audit\", \"database\": null, \"tags\": [], \"meta\": {}, \"group\": null, \"static_analysis\": null, \"materialized\": \"test\", \"severity\": \"ERROR\", \"store_failures\": null, \"store_failures_as\": null, \"sql_header\": null, \"where\": null, \"limit\": null, \"fail_calc\": \"count(*)\", \"warn_if\": \"!= 0\", \"error_if\": \"!= 0\"}, \"fqn\": [\"verdanta_project\", \"marts\", \"not_null_fct_return_product_sk\"]}","logger":"task.stdout"}
{"timestamp":"2026-08-28T12:58:27.619708Z","level":"info","event":"{\"name\": \"not_null_fct_return_return_id\", \"unique_id\": \"test.verdanta_project.not_null_fct_return_return_id.00fd0747f0\", \"resource_type\": \"test\", \"depends_on\": {\"macros\": [\"macro.dbt.test_not_null\"], \"nodes\": [\"model.verdanta_project.fct_return\"]}, \"original_file_path\": \"models/marts/properties.yml\", \"tags\": [], \"config\": {\"enabled\": true, \"alias\": null, \"schema\": \"dbt_test__audit\", \"database\": null, \"tags\": [], \"meta\": {}, \"group\": null, \"static_analysis\": null, \"materialized\": \"test\", \"severity\": \"ERROR\", \"store_failures\": null, \"store_failures_as\": null, \"sql_header\": null, \"where\": null, \"limit\": null, \"fail_calc\": \"count(*)\", \"warn_if\": \"!= 0\", \"error_if\": \"!= 0\"}, \"fqn\": [\"verdanta_project\", \"marts\", \"not_null_fct_return_return_id\"]}","logger":"task.stdout"}
{"timestamp":"2026-08-28T12:58:27.625107Z","level":"info","event":"{\"name\": \"not_null_fct_return_store_sk\", \"unique_id\": \"test.verdanta_project.not_null_fct_return_store_sk.a9da03fd41\", \"resource_type\": \"test\", \"depends_on\": {\"macros\": [\"macro.dbt.test_not_null\"], \"nodes\": [\"model.verdanta_project.fct_return\"]}, \"original_file_path\": \"models/marts/properties.yml\", \"tags\": [], \"config\": {\"enabled\": true, \"alias\": null, \"schema\": \"dbt_test__audit\", \"database\": null, \"tags\": [], \"meta\": {}, \"group\": null, \"static_analysis\": null, \"materialized\": \"test\", \"severity\": \"ERROR\", \"store_failures\": null, \"store_failures_as\": null, \"sql_header\": null, \"where\": null, \"limit\": null, \"fail_calc\": \"count(*)\", \"warn_if\": \"!= 0\", \"error_if\": \"!= 0\"}, \"fqn\": [\"verdanta_project\", \"marts\", \"not_null_fct_return_store_sk\"]}","logger":"task.stdout"}
{"timestamp":"2026-08-28T12:58:27.625327Z","level":"info","event":"{\"name\": \"not_null_int_order_items_enriched_order_item_id\", \"unique_id\": \"test.verdanta_project.not_null_int_order_items_enriched_order_item_id.13d4158f14\", \"resource_type\": \"test\", \"depends_on\": {\"macros\": [\"macro.dbt.test_not_null\"], \"nodes\": [\"model.verdanta_project.int_order_items_enriched\"]}, \"original_file_path\": \"models/intermediate/properties.yml\", \"tags\": [], \"config\": {\"enabled\": true, \"alias\": null, \"schema\": \"dbt_test__audit\", \"database\": null, \"tags\": [], \"meta\": {}, \"group\": null, \"static_analysis\": null, \"materialized\": \"test\", \"severity\": \"ERROR\", \"store_failures\": null, \"store_failures_as\": null, \"sql_header\": null, \"where\": null, \"limit\": null, \"fail_calc\": \"count(*)\", \"warn_if\": \"!= 0\", \"error_if\": \"!= 0\"}, \"fqn\": [\"verdanta_project\", \"intermediate\", \"not_null_int_order_items_enriched_order_item_id\"]}","logger":"task.stdout"}
{"timestamp":"2026-08-28T12:58:27.625558Z","level":"info","event":"{\"name\": \"not_null_int_order_items_fx_fx_rate_to_eur\", \"unique_id\": \"test.verdanta_project.not_null_int_order_items_fx_fx_rate_to_eur.962a4175bd\", \"resource_type\": \"test\", \"depends_on\": {\"macros\": [\"macro.dbt.test_not_null\"], \"nodes\": [\"model.verdanta_project.int_order_items_fx\"]}, \"original_file_path\": \"models/intermediate/properties.yml\", \"tags\": [], \"config\": {\"enabled\": true, \"alias\": null, \"schema\": \"dbt_test__audit\", \"database\": null, \"tags\": [], \"meta\": {}, \"group\": null, \"static_analysis\": null, \"materialized\": \"test\", \"severity\": \"ERROR\", \"store_failures\": null, \"store_failures_as\": null, \"sql_header\": null, \"where\": null, \"limit\": null, \"fail_calc\": \"count(*)\", \"warn_if\": \"!= 0\", \"error_if\": \"!= 0\"}, \"fqn\": [\"verdanta_project\", \"intermediate\", \"not_null_int_order_items_fx_fx_rate_to_eur\"]}","logger":"task.stdout"}
{"timestamp":"2026-08-28T12:58:27.625773Z","level":"info","event":"{\"name\": \"not_null_int_order_items_fx_line_net_amount_eur\", \"unique_id\": \"test.verdanta_project.not_null_int_order_items_fx_line_net_amount_eur.f8efc4e758\", \"resource_type\": \"test\", \"depends_on\": {\"macros\": [\"macro.dbt.test_not_null\"], \"nodes\": [\"model.verdanta_project.int_order_items_fx\"]}, \"original_file_path\": \"models/intermediate/properties.yml\", \"tags\": [], \"config\": {\"enabled\": true, \"alias\": null, \"schema\": \"dbt_test__audit\", \"database\": null, \"tags\": [], \"meta\": {}, \"group\": null, \"static_analysis\": null, \"materialized\": \"test\", \"severity\": \"ERROR\", \"store_failures\": null, \"store_failures_as\": null, \"sql_header\": null, \"where\": null, \"limit\": null, \"fail_calc\": \"count(*)\", \"warn_if\": \"!= 0\", \"error_if\": \"!= 0\"}, \"fqn\": [\"verdanta_project\", \"intermediate\", \"not_null_int_order_items_fx_line_net_amount_eur\"]}","logger":"task.stdout"}
{"timestamp":"2026-08-28T12:58:27.625982Z","level":"info","event":"{\"name\": \"not_null_int_product_suppliers_product_id\", \"unique_id\": \"test.verdanta_project.not_null_int_product_suppliers_product_id.5aaf296bd0\", \"resource_type\": \"test\", \"depends_on\": {\"macros\": [\"macro.dbt.test_not_null\"], \"nodes\": [\"model.verdanta_project.int_product_suppliers\"]}, \"original_file_path\": \"models/intermediate/properties.yml\", \"tags\": [], \"config\": {\"enabled\": true, \"alias\": null, \"schema\": \"dbt_test__audit\", \"database\": null, \"tags\": [], \"meta\": {}, \"group\": null, \"static_analysis\": null, \"materialized\": \"test\", \"severity\": \"ERROR\", \"store_failures\": null, \"store_failures_as\": null, \"sql_header\": null, \"where\": null, \"limit\": null, \"fail_calc\": \"count(*)\", \"warn_if\": \"!= 0\", \"error_if\": \"!= 0\"}, \"fqn\": [\"verdanta_project\", \"intermediate\", \"not_null_int_product_suppliers_product_id\"]}","logger":"task.stdout"}
{"timestamp":"2026-08-28T12:58:27.631195Z","level":"info","event":"{\"name\": \"not_null_int_product_suppliers_supplier_id\", \"unique_id\": \"test.verdanta_project.not_null_int_product_suppliers_supplier_id.c619c2b3af\", \"resource_type\": \"test\", \"depends_on\": {\"macros\": [\"macro.dbt.test_not_null\"], \"nodes\": [\"model.verdanta_project.int_product_suppliers\"]}, \"original_file_path\": \"models/intermediate/properties.yml\", \"tags\": [], \"config\": {\"enabled\": true, \"alias\": null, \"schema\": \"dbt_test__audit\", \"database\": null, \"tags\": [], \"meta\": {}, \"group\": null, \"static_analysis\": null, \"materialized\": \"test\", \"severity\": \"ERROR\", \"store_failures\": null, \"store_failures_as\": null, \"sql_header\": null, \"where\": null, \"limit\": null, \"fail_calc\": \"count(*)\", \"warn_if\": \"!= 0\", \"error_if\": \"!= 0\"}, \"fqn\": [\"verdanta_project\", \"intermediate\", \"not_null_int_product_suppliers_supplier_id\"]}","logger":"task.stdout"}
{"timestamp":"2026-08-28T12:58:27.631438Z","level":"info","event":"{\"name\": \"not_null_int_returns_enriched_return_id\", \"unique_id\": \"test.verdanta_project.not_null_int_returns_enriched_return_id.baca0994f5\", \"resource_type\": \"test\", \"depends_on\": {\"macros\": [\"macro.dbt.test_not_null\"], \"nodes\": [\"model.verdanta_project.int_returns_enriched\"]}, \"original_file_path\": \"models/intermediate/properties.yml\", \"tags\": [], \"config\": {\"enabled\": true, \"alias\": null, \"schema\": \"dbt_test__audit\", \"database\": null, \"tags\": [], \"meta\": {}, \"group\": null, \"static_analysis\": null, \"materialized\": \"test\", \"severity\": \"ERROR\", \"store_failures\": null, \"store_failures_as\": null, \"sql_header\": null, \"where\": null, \"limit\": null, \"fail_calc\": \"count(*)\", \"warn_if\": \"!= 0\", \"error_if\": \"!= 0\"}, \"fqn\": [\"verdanta_project\", \"intermediate\", \"not_null_int_returns_enriched_return_id\"]}","logger":"task.stdout"}
{"timestamp":"2026-08-28T12:58:27.631726Z","level":"info","event":"{\"name\": \"not_null_int_returns_fx_fx_rate_to_eur\", \"unique_id\": \"test.verdanta_project.not_null_int_returns_fx_fx_rate_to_eur.9a67ae32fd\", \"resource_type\": \"test\", \"depends_on\": {\"macros\": [\"macro.dbt.test_not_null\"], \"nodes\": [\"model.verdanta_project.int_returns_fx\"]}, \"original_file_path\": \"models/intermediate/properties.yml\", \"tags\": [], \"config\": {\"enabled\": true, \"alias\": null, \"schema\": \"dbt_test__audit\", \"database\": null, \"tags\": [], \"meta\": {}, \"group\": null, \"static_analysis\": null, \"materialized\": \"test\", \"severity\": \"ERROR\", \"store_failures\": null, \"store_failures_as\": null, \"sql_header\": null, \"where\": null, \"limit\": null, \"fail_calc\": \"count(*)\", \"warn_if\": \"!= 0\", \"error_if\": \"!= 0\"}, \"fqn\": [\"verdanta_project\", \"intermediate\", \"not_null_int_returns_fx_fx_rate_to_eur\"]}","logger":"task.stdout"}
{"timestamp":"2026-08-28T12:58:27.632010Z","level":"info","event":"{\"name\": \"not_null_stg_crm__customers_customer_id\", \"unique_id\": \"test.verdanta_project.not_null_stg_crm__customers_customer_id.5cfec2af5d\", \"resource_type\": \"test\", \"depends_on\": {\"macros\": [\"macro.dbt.test_not_null\"], \"nodes\": [\"model.verdanta_project.stg_crm__customers\"]}, \"original_file_path\": \"models/staging/properties.yml\", \"tags\": [], \"config\": {\"enabled\": true, \"alias\": null, \"schema\": \"dbt_test__audit\", \"database\": null, \"tags\": [], \"meta\": {}, \"group\": null, \"static_analysis\": null, \"materialized\": \"test\", \"severity\": \"ERROR\", \"store_failures\": null, \"store_failures_as\": null, \"sql_header\": null, \"where\": null, \"limit\": null, \"fail_calc\": \"count(*)\", \"warn_if\": \"!= 0\", \"error_if\": \"!= 0\"}, \"fqn\": [\"verdanta_project\", \"staging\", \"not_null_stg_crm__customers_customer_id\"]}","logger":"task.stdout"}
{"timestamp":"2026-08-28T12:58:27.632217Z","level":"info","event":"{\"name\": \"not_null_stg_erp__order_items_order_id\", \"unique_id\": \"test.verdanta_project.not_null_stg_erp__order_items_order_id.be576df34f\", \"resource_type\": \"test\", \"depends_on\": {\"macros\": [\"macro.dbt.test_not_null\"], \"nodes\": [\"model.verdanta_project.stg_erp__order_items\"]}, \"original_file_path\": \"models/staging/properties.yml\", \"tags\": [], \"config\": {\"enabled\": true, \"alias\": null, \"schema\": \"dbt_test__audit\", \"database\": null, \"tags\": [], \"meta\": {}, \"group\": null, \"static_analysis\": null, \"materialized\": \"test\", \"severity\": \"ERROR\", \"store_failures\": null, \"store_failures_as\": null, \"sql_header\": null, \"where\": null, \"limit\": null, \"fail_calc\": \"count(*)\", \"warn_if\": \"!= 0\", \"error_if\": \"!= 0\"}, \"fqn\": [\"verdanta_project\", \"staging\", \"not_null_stg_erp__order_items_order_id\"]}","logger":"task.stdout"}
{"timestamp":"2026-08-28T12:58:27.637800Z","level":"info","event":"{\"name\": \"not_null_stg_erp__order_items_order_item_id\", \"unique_id\": \"test.verdanta_project.not_null_stg_erp__order_items_order_item_id.ee8ea1f617\", \"resource_type\": \"test\", \"depends_on\": {\"macros\": [\"macro.dbt.test_not_null\"], \"nodes\": [\"model.verdanta_project.stg_erp__order_items\"]}, \"original_file_path\": \"models/staging/properties.yml\", \"tags\": [], \"config\": {\"enabled\": true, \"alias\": null, \"schema\": \"dbt_test__audit\", \"database\": null, \"tags\": [], \"meta\": {}, \"group\": null, \"static_analysis\": null, \"materialized\": \"test\", \"severity\": \"ERROR\", \"store_failures\": null, \"store_failures_as\": null, \"sql_header\": null, \"where\": null, \"limit\": null, \"fail_calc\": \"count(*)\", \"warn_if\": \"!= 0\", \"error_if\": \"!= 0\"}, \"fqn\": [\"verdanta_project\", \"staging\", \"not_null_stg_erp__order_items_order_item_id\"]}","logger":"task.stdout"}
{"timestamp":"2026-08-28T12:58:27.638048Z","level":"info","event":"{\"name\": \"not_null_stg_erp__order_items_quantity\", \"unique_id\": \"test.verdanta_project.not_null_stg_erp__order_items_quantity.7dda15741f\", \"resource_type\": \"test\", \"depends_on\": {\"macros\": [\"macro.dbt.test_not_null\"], \"nodes\": [\"model.verdanta_project.stg_erp__order_items\"]}, \"original_file_path\": \"models/staging/properties.yml\", \"tags\": [], \"config\": {\"enabled\": true, \"alias\": null, \"schema\": \"dbt_test__audit\", \"database\": null, \"tags\": [], \"meta\": {}, \"group\": null, \"static_analysis\": null, \"materialized\": \"test\", \"severity\": \"ERROR\", \"store_failures\": null, \"store_failures_as\": null, \"sql_header\": null, \"where\": null, \"limit\": null, \"fail_calc\": \"count(*)\", \"warn_if\": \"!= 0\", \"error_if\": \"!= 0\"}, \"fqn\": [\"verdanta_project\", \"staging\", \"not_null_stg_erp__order_items_quantity\"]}","logger":"task.stdout"}
{"timestamp":"2026-08-28T12:58:27.638325Z","level":"info","event":"{\"name\": \"not_null_stg_erp__orders_order_id\", \"unique_id\": \"test.verdanta_project.not_null_stg_erp__orders_order_id.0a90d8a544\", \"resource_type\": \"test\", \"depends_on\": {\"macros\": [\"macro.dbt.test_not_null\"], \"nodes\": [\"model.verdanta_project.stg_erp__orders\"]}, \"original_file_path\": \"models/staging/properties.yml\", \"tags\": [], \"config\": {\"enabled\": true, \"alias\": null, \"schema\": \"dbt_test__audit\", \"database\": null, \"tags\": [], \"meta\": {}, \"group\": null, \"static_analysis\": null, \"materialized\": \"test\", \"severity\": \"ERROR\", \"store_failures\": null, \"store_failures_as\": null, \"sql_header\": null, \"where\": null, \"limit\": null, \"fail_calc\": \"count(*)\", \"warn_if\": \"!= 0\", \"error_if\": \"!= 0\"}, \"fqn\": [\"verdanta_project\", \"staging\", \"not_null_stg_erp__orders_order_id\"]}","logger":"task.stdout"}
{"timestamp":"2026-08-28T12:58:27.638554Z","level":"info","event":"{\"name\": \"not_null_stg_erp__returns_return_id\", \"unique_id\": \"test.verdanta_project.not_null_stg_erp__returns_return_id.57ba39c142\", \"resource_type\": \"test\", \"depends_on\": {\"macros\": [\"macro.dbt.test_not_null\"], \"nodes\": [\"model.verdanta_project.stg_erp__returns\"]}, \"original_file_path\": \"models/staging/properties.yml\", \"tags\": [], \"config\": {\"enabled\": true, \"alias\": null, \"schema\": \"dbt_test__audit\", \"database\": null, \"tags\": [], \"meta\": {}, \"group\": null, \"static_analysis\": null, \"materialized\": \"test\", \"severity\": \"ERROR\", \"store_failures\": null, \"store_failures_as\": null, \"sql_header\": null, \"where\": null, \"limit\": null, \"fail_calc\": \"count(*)\", \"warn_if\": \"!= 0\", \"error_if\": \"!= 0\"}, \"fqn\": [\"verdanta_project\", \"staging\", \"not_null_stg_erp__returns_return_id\"]}","logger":"task.stdout"}
{"timestamp":"2026-08-28T12:58:27.638771Z","level":"info","event":"{\"name\": \"not_null_stg_pim__products_category_l1\", \"unique_id\": \"test.verdanta_project.not_null_stg_pim__products_category_l1.8082ad7e62\", \"resource_type\": \"test\", \"depends_on\": {\"macros\": [\"macro.dbt.test_not_null\"], \"nodes\": [\"model.verdanta_project.stg_pim__products\"]}, \"original_file_path\": \"models/staging/properties.yml\", \"tags\": [], \"config\": {\"enabled\": true, \"alias\": null, \"schema\": \"dbt_test__audit\", \"database\": null, \"tags\": [], \"meta\": {}, \"group\": null, \"static_analysis\": null, \"materialized\": \"test\", \"severity\": \"ERROR\", \"store_failures\": null, \"store_failures_as\": null, \"sql_header\": null, \"where\": null, \"limit\": null, \"fail_calc\": \"count(*)\", \"warn_if\": \"!= 0\", \"error_if\": \"!= 0\"}, \"fqn\": [\"verdanta_project\", \"staging\", \"not_null_stg_pim__products_category_l1\"]}","logger":"task.stdout"}
{"timestamp":"2026-08-28T12:58:27.644044Z","level":"info","event":"{\"name\": \"not_null_stg_pim__products_product_id\", \"unique_id\": \"test.verdanta_project.not_null_stg_pim__products_product_id.839fde74a6\", \"resource_type\": \"test\", \"depends_on\": {\"macros\": [\"macro.dbt.test_not_null\"], \"nodes\": [\"model.verdanta_project.stg_pim__products\"]}, \"original_file_path\": \"models/staging/properties.yml\", \"tags\": [], \"config\": {\"enabled\": true, \"alias\": null, \"schema\": \"dbt_test__audit\", \"database\": null, \"tags\": [], \"meta\": {}, \"group\": null, \"static_analysis\": null, \"materialized\": \"test\", \"severity\": \"ERROR\", \"store_failures\": null, \"store_failures_as\": null, \"sql_header\": null, \"where\": null, \"limit\": null, \"fail_calc\": \"count(*)\", \"warn_if\": \"!= 0\", \"error_if\": \"!= 0\"}, \"fqn\": [\"verdanta_project\", \"staging\", \"not_null_stg_pim__products_product_id\"]}","logger":"task.stdout"}
{"timestamp":"2026-08-28T12:58:27.644318Z","level":"info","event":"{\"name\": \"relationships_stg_crm__customers_country_code__country_code__ref_seed_countries_\", \"unique_id\": \"test.verdanta_project.relationships_stg_crm__customers_country_code__country_code__ref_seed_countries_.1ce713566f\", \"resource_type\": \"test\", \"depends_on\": {\"macros\": [\"macro.dbt.test_relationships\", \"macro.dbt.get_where_subquery\"], \"nodes\": [\"seed.verdanta_project.seed_countries\", \"model.verdanta_project.stg_crm__customers\"]}, \"original_file_path\": \"models/staging/properties.yml\", \"tags\": [], \"config\": {\"enabled\": true, \"alias\": \"relationships_stg_crm__custome_97e9bd85b74d65e51b96fdc220cb7a1c\", \"schema\": \"dbt_test__audit\", \"database\": null, \"tags\": [], \"meta\": {}, \"group\": null, \"static_analysis\": null, \"materialized\": \"test\", \"severity\": \"ERROR\", \"store_failures\": null, \"store_failures_as\": null, \"sql_header\": null, \"where\": null, \"limit\": null, \"fail_calc\": \"count(*)\", \"warn_if\": \"!= 0\", \"error_if\": \"!= 0\"}, \"fqn\": [\"verdanta_project\", \"staging\", \"relationships_stg_crm__customers_country_code__country_code__ref_seed_countries_\"]}","logger":"task.stdout"}
{"timestamp":"2026-08-28T12:58:27.644585Z","level":"info","event":"{\"name\": \"relationships_stg_erp__order_items_order_id__order_id__ref_stg_erp__orders_\", \"unique_id\": \"test.verdanta_project.relationships_stg_erp__order_items_order_id__order_id__ref_stg_erp__orders_.b1e17c8128\", \"resource_type\": \"test\", \"depends_on\": {\"macros\": [\"macro.dbt.test_relationships\", \"macro.dbt.get_where_subquery\"], \"nodes\": [\"model.verdanta_project.stg_erp__orders\", \"model.verdanta_project.stg_erp__order_items\"]}, \"original_file_path\": \"models/staging/properties.yml\", \"tags\": [], \"config\": {\"enabled\": true, \"alias\": \"relationships_stg_erp__order_i_989f6d6c442c49c2aff1f0dc5ed9e969\", \"schema\": \"dbt_test__audit\", \"database\": null, \"tags\": [], \"meta\": {}, \"group\": null, \"static_analysis\": null, \"materialized\": \"test\", \"severity\": \"ERROR\", \"store_failures\": null, \"store_failures_as\": null, \"sql_header\": null, \"where\": null, \"limit\": null, \"fail_calc\": \"count(*)\", \"warn_if\": \"!= 0\", \"error_if\": \"!= 0\"}, \"fqn\": [\"verdanta_project\", \"staging\", \"relationships_stg_erp__order_items_order_id__order_id__ref_stg_erp__orders_\"]}","logger":"task.stdout"}
{"timestamp":"2026-08-28T12:58:27.644897Z","level":"info","event":"{\"name\": \"relationships_stg_erp__order_items_product_id__product_id__ref_stg_pim__products_\", \"unique_id\": \"test.verdanta_project.relationships_stg_erp__order_items_product_id__product_id__ref_stg_pim__products_.462e0019fe\", \"resource_type\": \"test\", \"depends_on\": {\"macros\": [\"macro.dbt.test_relationships\", \"macro.dbt.get_where_subquery\"], \"nodes\": [\"model.verdanta_project.stg_pim__products\", \"model.verdanta_project.stg_erp__order_items\"]}, \"original_file_path\": \"models/staging/properties.yml\", \"tags\": [], \"config\": {\"enabled\": true, \"alias\": \"relationships_stg_erp__order_i_8a0e5e05ce9d31c6ab26f33e3742974a\", \"schema\": \"dbt_test__audit\", \"database\": null, \"tags\": [], \"meta\": {}, \"group\": null, \"static_analysis\": null, \"materialized\": \"test\", \"severity\": \"ERROR\", \"store_failures\": null, \"store_failures_as\": null, \"sql_header\": null, \"where\": null, \"limit\": null, \"fail_calc\": \"count(*)\", \"warn_if\": \"!= 0\", \"error_if\": \"!= 0\"}, \"fqn\": [\"verdanta_project\", \"staging\", \"relationships_stg_erp__order_items_product_id__product_id__ref_stg_pim__products_\"]}","logger":"task.stdout"}
{"timestamp":"2026-08-28T12:58:27.650826Z","level":"info","event":"{\"name\": \"relationships_stg_erp__orders_customer_id__customer_id__ref_stg_crm__customers_\", \"unique_id\": \"test.verdanta_project.relationships_stg_erp__orders_customer_id__customer_id__ref_stg_crm__customers_.637f7e22a4\", \"resource_type\": \"test\", \"depends_on\": {\"macros\": [\"macro.dbt.test_relationships\", \"macro.dbt.get_where_subquery\"], \"nodes\": [\"model.verdanta_project.stg_crm__customers\", \"model.verdanta_project.stg_erp__orders\"]}, \"original_file_path\": \"models/staging/properties.yml\", \"tags\": [], \"config\": {\"enabled\": true, \"alias\": \"relationships_stg_erp__orders_6874fff77e58ad6b06c0a7febad8bb6c\", \"schema\": \"dbt_test__audit\", \"database\": null, \"tags\": [], \"meta\": {}, \"group\": null, \"static_analysis\": null, \"materialized\": \"test\", \"severity\": \"warn\", \"store_failures\": null, \"store_failures_as\": null, \"sql_header\": null, \"where\": null, \"limit\": null, \"fail_calc\": \"count(*)\", \"warn_if\": \"!= 0\", \"error_if\": \"!= 0\"}, \"fqn\": [\"verdanta_project\", \"staging\", \"relationships_stg_erp__orders_customer_id__customer_id__ref_stg_crm__customers_\"]}","logger":"task.stdout"}
{"timestamp":"2026-08-28T12:58:27.651105Z","level":"info","event":"{\"name\": \"relationships_stg_erp__orders_store_id__store_id__ref_stg_reference__stores_\", \"unique_id\": \"test.verdanta_project.relationships_stg_erp__orders_store_id__store_id__ref_stg_reference__stores_.15faeb04bc\", \"resource_type\": \"test\", \"depends_on\": {\"macros\": [\"macro.dbt.test_relationships\", \"macro.dbt.get_where_subquery\"], \"nodes\": [\"model.verdanta_project.stg_reference__stores\", \"model.verdanta_project.stg_erp__orders\"]}, \"original_file_path\": \"models/staging/properties.yml\", \"tags\": [], \"config\": {\"enabled\": true, \"alias\": \"relationships_stg_erp__orders_c7da591d49e0469eb534fb179680fa11\", \"schema\": \"dbt_test__audit\", \"database\": null, \"tags\": [], \"meta\": {}, \"group\": null, \"static_analysis\": null, \"materialized\": \"test\", \"severity\": \"warn\", \"store_failures\": null, \"store_failures_as\": null, \"sql_header\": null, \"where\": null, \"limit\": null, \"fail_calc\": \"count(*)\", \"warn_if\": \"!= 0\", \"error_if\": \"!= 0\"}, \"fqn\": [\"verdanta_project\", \"staging\", \"relationships_stg_erp__orders_store_id__store_id__ref_stg_reference__stores_\"]}","logger":"task.stdout"}
{"timestamp":"2026-08-28T12:58:27.651572Z","level":"info","event":"{\"name\": \"relationships_stg_erp__returns_order_item_id__order_item_id__ref_stg_erp__order_items_\", \"unique_id\": \"test.verdanta_project.relationships_stg_erp__returns_order_item_id__order_item_id__ref_stg_erp__order_items_.76a05f58e8\", \"resource_type\": \"test\", \"depends_on\": {\"macros\": [\"macro.dbt.test_relationships\", \"macro.dbt.get_where_subquery\"], \"nodes\": [\"model.verdanta_project.stg_erp__order_items\", \"model.verdanta_project.stg_erp__returns\"]}, \"original_file_path\": \"models/staging/properties.yml\", \"tags\": [], \"config\": {\"enabled\": true, \"alias\": \"relationships_stg_erp__returns_f7cbe2f37c39ae6e0686166a973fb52d\", \"schema\": \"dbt_test__audit\", \"database\": null, \"tags\": [], \"meta\": {}, \"group\": null, \"static_analysis\": null, \"materialized\": \"test\", \"severity\": \"ERROR\", \"store_failures\": null, \"store_failures_as\": null, \"sql_header\": null, \"where\": null, \"limit\": null, \"fail_calc\": \"count(*)\", \"warn_if\": \"!= 0\", \"error_if\": \"!= 0\"}, \"fqn\": [\"verdanta_project\", \"staging\", \"relationships_stg_erp__returns_order_item_id__order_item_id__ref_stg_erp__order_items_\"]}","logger":"task.stdout"}
{"timestamp":"2026-08-28T12:58:27.651807Z","level":"info","event":"{\"name\": \"relationships_stg_erp__returns_product_id__product_id__ref_stg_pim__products_\", \"unique_id\": \"test.verdanta_project.relationships_stg_erp__returns_product_id__product_id__ref_stg_pim__products_.d7f03f29cb\", \"resource_type\": \"test\", \"depends_on\": {\"macros\": [\"macro.dbt.test_relationships\", \"macro.dbt.get_where_subquery\"], \"nodes\": [\"model.verdanta_project.stg_pim__products\", \"model.verdanta_project.stg_erp__returns\"]}, \"original_file_path\": \"models/staging/properties.yml\", \"tags\": [], \"config\": {\"enabled\": true, \"alias\": \"relationships_stg_erp__returns_c0f8daaf4e9b688198fbbf5b069d0305\", \"schema\": \"dbt_test__audit\", \"database\": null, \"tags\": [], \"meta\": {}, \"group\": null, \"static_analysis\": null, \"materialized\": \"test\", \"severity\": \"ERROR\", \"store_failures\": null, \"store_failures_as\": null, \"sql_header\": null, \"where\": null, \"limit\": null, \"fail_calc\": \"count(*)\", \"warn_if\": \"!= 0\", \"error_if\": \"!= 0\"}, \"fqn\": [\"verdanta_project\", \"staging\", \"relationships_stg_erp__returns_product_id__product_id__ref_stg_pim__products_\"]}","logger":"task.stdout"}
{"timestamp":"2026-08-28T12:58:27.652110Z","level":"info","event":"{\"name\": \"unique_dim_country_country_code\", \"unique_id\": \"test.verdanta_project.unique_dim_country_country_code.b4003b73de\", \"resource_type\": \"test\", \"depends_on\": {\"macros\": [\"macro.dbt.test_unique\"], \"nodes\": [\"model.verdanta_project.dim_country\"]}, \"original_file_path\": \"models/marts/properties.yml\", \"tags\": [], \"config\": {\"enabled\": true, \"alias\": null, \"schema\": \"dbt_test__audit\", \"database\": null, \"tags\": [], \"meta\": {}, \"group\": null, \"static_analysis\": null, \"materialized\": \"test\", \"severity\": \"ERROR\", \"store_failures\": null, \"store_failures_as\": null, \"sql_header\": null, \"where\": null, \"limit\": null, \"fail_calc\": \"count(*)\", \"warn_if\": \"!= 0\", \"error_if\": \"!= 0\"}, \"fqn\": [\"verdanta_project\", \"marts\", \"unique_dim_country_country_code\"]}","logger":"task.stdout"}
{"timestamp":"2026-08-28T12:58:27.658131Z","level":"info","event":"{\"name\": \"unique_dim_country_country_sk\", \"unique_id\": \"test.verdanta_project.unique_dim_country_country_sk.76e889bc85\", \"resource_type\": \"test\", \"depends_on\": {\"macros\": [\"macro.dbt.test_unique\"], \"nodes\": [\"model.verdanta_project.dim_country\"]}, \"original_file_path\": \"models/marts/properties.yml\", \"tags\": [], \"config\": {\"enabled\": true, \"alias\": null, \"schema\": \"dbt_test__audit\", \"database\": null, \"tags\": [], \"meta\": {}, \"group\": null, \"static_analysis\": null, \"materialized\": \"test\", \"severity\": \"ERROR\", \"store_failures\": null, \"store_failures_as\": null, \"sql_header\": null, \"where\": null, \"limit\": null, \"fail_calc\": \"count(*)\", \"warn_if\": \"!= 0\", \"error_if\": \"!= 0\"}, \"fqn\": [\"verdanta_project\", \"marts\", \"unique_dim_country_country_sk\"]}","logger":"task.stdout"}
{"timestamp":"2026-08-28T12:58:27.658359Z","level":"info","event":"{\"name\": \"unique_dim_customer_customer_sk\", \"unique_id\": \"test.verdanta_project.unique_dim_customer_customer_sk.c225f6f263\", \"resource_type\": \"test\", \"depends_on\": {\"macros\": [\"macro.dbt.test_unique\"], \"nodes\": [\"model.verdanta_project.dim_customer\"]}, \"original_file_path\": \"models/marts/properties.yml\", \"tags\": [], \"config\": {\"enabled\": true, \"alias\": null, \"schema\": \"dbt_test__audit\", \"database\": null, \"tags\": [], \"meta\": {}, \"group\": null, \"static_analysis\": null, \"materialized\": \"test\", \"severity\": \"ERROR\", \"store_failures\": null, \"store_failures_as\": null, \"sql_header\": null, \"where\": null, \"limit\": null, \"fail_calc\": \"count(*)\", \"warn_if\": \"!= 0\", \"error_if\": \"!= 0\"}, \"fqn\": [\"verdanta_project\", \"marts\", \"unique_dim_customer_customer_sk\"]}","logger":"task.stdout"}
{"timestamp":"2026-08-28T12:58:27.658604Z","level":"info","event":"{\"name\": \"unique_dim_date_date_day\", \"unique_id\": \"test.verdanta_project.unique_dim_date_date_day.d56fd19199\", \"resource_type\": \"test\", \"depends_on\": {\"macros\": [\"macro.dbt.test_unique\"], \"nodes\": [\"model.verdanta_project.dim_date\"]}, \"original_file_path\": \"models/marts/properties.yml\", \"tags\": [], \"config\": {\"enabled\": true, \"alias\": null, \"schema\": \"dbt_test__audit\", \"database\": null, \"tags\": [], \"meta\": {}, \"group\": null, \"static_analysis\": null, \"materialized\": \"test\", \"severity\": \"ERROR\", \"store_failures\": null, \"store_failures_as\": null, \"sql_header\": null, \"where\": null, \"limit\": null, \"fail_calc\": \"count(*)\", \"warn_if\": \"!= 0\", \"error_if\": \"!= 0\"}, \"fqn\": [\"verdanta_project\", \"marts\", \"unique_dim_date_date_day\"]}","logger":"task.stdout"}
{"timestamp":"2026-08-28T12:58:27.658877Z","level":"info","event":"{\"name\": \"unique_dim_date_date_sk\", \"unique_id\": \"test.verdanta_project.unique_dim_date_date_sk.22c3358c34\", \"resource_type\": \"test\", \"depends_on\": {\"macros\": [\"macro.dbt.test_unique\"], \"nodes\": [\"model.verdanta_project.dim_date\"]}, \"original_file_path\": \"models/marts/properties.yml\", \"tags\": [], \"config\": {\"enabled\": true, \"alias\": null, \"schema\": \"dbt_test__audit\", \"database\": null, \"tags\": [], \"meta\": {}, \"group\": null, \"static_analysis\": null, \"materialized\": \"test\", \"severity\": \"ERROR\", \"store_failures\": null, \"store_failures_as\": null, \"sql_header\": null, \"where\": null, \"limit\": null, \"fail_calc\": \"count(*)\", \"warn_if\": \"!= 0\", \"error_if\": \"!= 0\"}, \"fqn\": [\"verdanta_project\", \"marts\", \"unique_dim_date_date_sk\"]}","logger":"task.stdout"}
{"timestamp":"2026-08-28T12:58:27.659129Z","level":"info","event":"{\"name\": \"unique_dim_product_product_sk\", \"unique_id\": \"test.verdanta_project.unique_dim_product_product_sk.2248c4335c\", \"resource_type\": \"test\", \"depends_on\": {\"macros\": [\"macro.dbt.test_unique\"], \"nodes\": [\"model.verdanta_project.dim_product\"]}, \"original_file_path\": \"models/marts/properties.yml\", \"tags\": [], \"config\": {\"enabled\": true, \"alias\": null, \"schema\": \"dbt_test__audit\", \"database\": null, \"tags\": [], \"meta\": {}, \"group\": null, \"static_analysis\": null, \"materialized\": \"test\", \"severity\": \"ERROR\", \"store_failures\": null, \"store_failures_as\": null, \"sql_header\": null, \"where\": null, \"limit\": null, \"fail_calc\": \"count(*)\", \"warn_if\": \"!= 0\", \"error_if\": \"!= 0\"}, \"fqn\": [\"verdanta_project\", \"marts\", \"unique_dim_product_product_sk\"]}","logger":"task.stdout"}
{"timestamp":"2026-08-28T12:58:27.664444Z","level":"info","event":"{\"name\": \"unique_fct_order_item_order_item_id\", \"unique_id\": \"test.verdanta_project.unique_fct_order_item_order_item_id.d64647f3bc\", \"resource_type\": \"test\", \"depends_on\": {\"macros\": [\"macro.dbt.test_unique\"], \"nodes\": [\"model.verdanta_project.fct_order_item\"]}, \"original_file_path\": \"models/marts/properties.yml\", \"tags\": [], \"config\": {\"enabled\": true, \"alias\": null, \"schema\": \"dbt_test__audit\", \"database\": null, \"tags\": [], \"meta\": {}, \"group\": null, \"static_analysis\": null, \"materialized\": \"test\", \"severity\": \"ERROR\", \"store_failures\": null, \"store_failures_as\": null, \"sql_header\": null, \"where\": null, \"limit\": null, \"fail_calc\": \"count(*)\", \"warn_if\": \"!= 0\", \"error_if\": \"!= 0\"}, \"fqn\": [\"verdanta_project\", \"marts\", \"unique_fct_order_item_order_item_id\"]}","logger":"task.stdout"}
{"timestamp":"2026-08-28T12:58:27.664663Z","level":"info","event":"{\"name\": \"unique_fct_return_return_id\", \"unique_id\": \"test.verdanta_project.unique_fct_return_return_id.249ac8a765\", \"resource_type\": \"test\", \"depends_on\": {\"macros\": [\"macro.dbt.test_unique\"], \"nodes\": [\"model.verdanta_project.fct_return\"]}, \"original_file_path\": \"models/marts/properties.yml\", \"tags\": [], \"config\": {\"enabled\": true, \"alias\": null, \"schema\": \"dbt_test__audit\", \"database\": null, \"tags\": [], \"meta\": {}, \"group\": null, \"static_analysis\": null, \"materialized\": \"test\", \"severity\": \"ERROR\", \"store_failures\": null, \"store_failures_as\": null, \"sql_header\": null, \"where\": null, \"limit\": null, \"fail_calc\": \"count(*)\", \"warn_if\": \"!= 0\", \"error_if\": \"!= 0\"}, \"fqn\": [\"verdanta_project\", \"marts\", \"unique_fct_return_return_id\"]}","logger":"task.stdout"}
{"timestamp":"2026-08-28T12:58:27.664882Z","level":"info","event":"{\"name\": \"unique_int_order_items_enriched_order_item_id\", \"unique_id\": \"test.verdanta_project.unique_int_order_items_enriched_order_item_id.c46d17d5c6\", \"resource_type\": \"test\", \"depends_on\": {\"macros\": [\"macro.dbt.test_unique\"], \"nodes\": [\"model.verdanta_project.int_order_items_enriched\"]}, \"original_file_path\": \"models/intermediate/properties.yml\", \"tags\": [], \"config\": {\"enabled\": true, \"alias\": null, \"schema\": \"dbt_test__audit\", \"database\": null, \"tags\": [], \"meta\": {}, \"group\": null, \"static_analysis\": null, \"materialized\": \"test\", \"severity\": \"ERROR\", \"store_failures\": null, \"store_failures_as\": null, \"sql_header\": null, \"where\": null, \"limit\": null, \"fail_calc\": \"count(*)\", \"warn_if\": \"!= 0\", \"error_if\": \"!= 0\"}, \"fqn\": [\"verdanta_project\", \"intermediate\", \"unique_int_order_items_enriched_order_item_id\"]}","logger":"task.stdout"}
{"timestamp":"2026-08-28T12:58:27.665118Z","level":"info","event":"{\"name\": \"unique_int_returns_enriched_return_id\", \"unique_id\": \"test.verdanta_project.unique_int_returns_enriched_return_id.e09aa0639a\", \"resource_type\": \"test\", \"depends_on\": {\"macros\": [\"macro.dbt.test_unique\"], \"nodes\": [\"model.verdanta_project.int_returns_enriched\"]}, \"original_file_path\": \"models/intermediate/properties.yml\", \"tags\": [], \"config\": {\"enabled\": true, \"alias\": null, \"schema\": \"dbt_test__audit\", \"database\": null, \"tags\": [], \"meta\": {}, \"group\": null, \"static_analysis\": null, \"materialized\": \"test\", \"severity\": \"ERROR\", \"store_failures\": null, \"store_failures_as\": null, \"sql_header\": null, \"where\": null, \"limit\": null, \"fail_calc\": \"count(*)\", \"warn_if\": \"!= 0\", \"error_if\": \"!= 0\"}, \"fqn\": [\"verdanta_project\", \"intermediate\", \"unique_int_returns_enriched_return_id\"]}","logger":"task.stdout"}
{"timestamp":"2026-08-28T12:58:27.665454Z","level":"info","event":"{\"name\": \"unique_stg_crm__customers_customer_id\", \"unique_id\": \"test.verdanta_project.unique_stg_crm__customers_customer_id.1e4361d03b\", \"resource_type\": \"test\", \"depends_on\": {\"macros\": [\"macro.dbt.test_unique\"], \"nodes\": [\"model.verdanta_project.stg_crm__customers\"]}, \"original_file_path\": \"models/staging/properties.yml\", \"tags\": [], \"config\": {\"enabled\": true, \"alias\": null, \"schema\": \"dbt_test__audit\", \"database\": null, \"tags\": [], \"meta\": {}, \"group\": null, \"static_analysis\": null, \"materialized\": \"test\", \"severity\": \"ERROR\", \"store_failures\": null, \"store_failures_as\": null, \"sql_header\": null, \"where\": null, \"limit\": null, \"fail_calc\": \"count(*)\", \"warn_if\": \"!= 0\", \"error_if\": \"!= 0\"}, \"fqn\": [\"verdanta_project\", \"staging\", \"unique_stg_crm__customers_customer_id\"]}","logger":"task.stdout"}
{"timestamp":"2026-08-28T12:58:27.670885Z","level":"info","event":"{\"name\": \"unique_stg_erp__order_items_order_item_id\", \"unique_id\": \"test.verdanta_project.unique_stg_erp__order_items_order_item_id.471b0408a5\", \"resource_type\": \"test\", \"depends_on\": {\"macros\": [\"macro.dbt.test_unique\"], \"nodes\": [\"model.verdanta_project.stg_erp__order_items\"]}, \"original_file_path\": \"models/staging/properties.yml\", \"tags\": [], \"config\": {\"enabled\": true, \"alias\": null, \"schema\": \"dbt_test__audit\", \"database\": null, \"tags\": [], \"meta\": {}, \"group\": null, \"static_analysis\": null, \"materialized\": \"test\", \"severity\": \"ERROR\", \"store_failures\": null, \"store_failures_as\": null, \"sql_header\": null, \"where\": null, \"limit\": null, \"fail_calc\": \"count(*)\", \"warn_if\": \"!= 0\", \"error_if\": \"!= 0\"}, \"fqn\": [\"verdanta_project\", \"staging\", \"unique_stg_erp__order_items_order_item_id\"]}","logger":"task.stdout"}
{"timestamp":"2026-08-28T12:58:27.671138Z","level":"info","event":"{\"name\": \"unique_stg_erp__orders_order_id\", \"unique_id\": \"test.verdanta_project.unique_stg_erp__orders_order_id.4ea14c54e0\", \"resource_type\": \"test\", \"depends_on\": {\"macros\": [\"macro.dbt.test_unique\"], \"nodes\": [\"model.verdanta_project.stg_erp__orders\"]}, \"original_file_path\": \"models/staging/properties.yml\", \"tags\": [], \"config\": {\"enabled\": true, \"alias\": null, \"schema\": \"dbt_test__audit\", \"database\": null, \"tags\": [], \"meta\": {}, \"group\": null, \"static_analysis\": null, \"materialized\": \"test\", \"severity\": \"ERROR\", \"store_failures\": null, \"store_failures_as\": null, \"sql_header\": null, \"where\": null, \"limit\": null, \"fail_calc\": \"count(*)\", \"warn_if\": \"!= 0\", \"error_if\": \"!= 0\"}, \"fqn\": [\"verdanta_project\", \"staging\", \"unique_stg_erp__orders_order_id\"]}","logger":"task.stdout"}
{"timestamp":"2026-08-28T12:58:27.671374Z","level":"info","event":"{\"name\": \"unique_stg_erp__returns_return_id\", \"unique_id\": \"test.verdanta_project.unique_stg_erp__returns_return_id.1e97b0ccf5\", \"resource_type\": \"test\", \"depends_on\": {\"macros\": [\"macro.dbt.test_unique\"], \"nodes\": [\"model.verdanta_project.stg_erp__returns\"]}, \"original_file_path\": \"models/staging/properties.yml\", \"tags\": [], \"config\": {\"enabled\": true, \"alias\": null, \"schema\": \"dbt_test__audit\", \"database\": null, \"tags\": [], \"meta\": {}, \"group\": null, \"static_analysis\": null, \"materialized\": \"test\", \"severity\": \"ERROR\", \"store_failures\": null, \"store_failures_as\": null, \"sql_header\": null, \"where\": null, \"limit\": null, \"fail_calc\": \"count(*)\", \"warn_if\": \"!= 0\", \"error_if\": \"!= 0\"}, \"fqn\": [\"verdanta_project\", \"staging\", \"unique_stg_erp__returns_return_id\"]}","logger":"task.stdout"}
{"timestamp":"2026-08-28T12:58:27.671589Z","level":"info","event":"{\"name\": \"unique_stg_pim__products_product_id\", \"unique_id\": \"test.verdanta_project.unique_stg_pim__products_product_id.31195d9afa\", \"resource_type\": \"test\", \"depends_on\": {\"macros\": [\"macro.dbt.test_unique\"], \"nodes\": [\"model.verdanta_project.stg_pim__products\"]}, \"original_file_path\": \"models/staging/properties.yml\", \"tags\": [], \"config\": {\"enabled\": true, \"alias\": null, \"schema\": \"dbt_test__audit\", \"database\": null, \"tags\": [], \"meta\": {}, \"group\": null, \"static_analysis\": null, \"materialized\": \"test\", \"severity\": \"ERROR\", \"store_failures\": null, \"store_failures_as\": null, \"sql_header\": null, \"where\": null, \"limit\": null, \"fail_calc\": \"count(*)\", \"warn_if\": \"!= 0\", \"error_if\": \"!= 0\"}, \"fqn\": [\"verdanta_project\", \"staging\", \"unique_stg_pim__products_product_id\"]}","logger":"task.stdout"}
{"timestamp":"2026-08-28T12:58:27.671793Z","level":"info","event":"\u001b[0m12:58:27  [\u001b[33mWARNING\u001b[0m][DeprecationsSummary]: Deprecated functionality","logger":"task.stdout"}
{"timestamp":"2026-08-28T12:58:27.672053Z","level":"info","event":"Summary of encountered deprecations:","logger":"task.stdout"}
{"timestamp":"2026-08-28T12:58:27.672250Z","level":"info","event":"- MissingArgumentsPropertyInGenericTestDeprecation: 9 occurrences","logger":"task.stdout"}
{"timestamp":"2026-08-28T12:58:27.672445Z","level":"info","event":"To see all deprecation instances instead of just the first occurrence of each,","logger":"task.stdout"}
{"timestamp":"2026-08-28T12:58:27.672639Z","level":"info","event":"run command again with the `--show-all-deprecations` flag. You may also need to","logger":"task.stdout"}
{"timestamp":"2026-08-28T12:58:27.672835Z","level":"info","event":"run with `--no-partial-parse` as some deprecations are only encountered during","logger":"task.stdout"}
{"timestamp":"2026-08-28T12:58:27.673030Z","level":"info","event":"parsing.","logger":"task.stdout"}
{"timestamp":"2026-08-28T12:58:28.525765Z","level":"info","event":"Cosmos performance: time to calculate cache identifier cosmos_cache__verdanta_daily__dbt_daily for current version: 0.13895187999969494","logger":"cosmos.cache","filename":"cache.py","lineno":401}
{"timestamp":"2026-08-28T12:58:28.560335Z","level":"info","event":"Total nodes: 91","logger":"cosmos.dbt.graph","filename":"graph.py","lineno":799}
{"timestamp":"2026-08-28T12:58:28.560516Z","level":"info","event":"Total filtered nodes: 91","logger":"cosmos.dbt.graph","filename":"graph.py","lineno":800}
{"timestamp":"2026-08-28T12:58:28.560623Z","level":"info","event":"Cosmos performance (verdanta_daily__dbt_daily) - [e15fb16d2369|620]: It took 12.7s to parse the dbt project for DAG using LoadMode.DBT_LS","logger":"cosmos.converter","filename":"converter.py","lineno":371}
{"timestamp":"2026-08-28T12:58:28.636700Z","level":"info","event":"Cosmos performance (verdanta_daily__dbt_daily) - [e15fb16d2369|620]: It took 0.076s to build the Airflow DAG.","logger":"cosmos.converter","filename":"converter.py","lineno":423}
{"timestamp":"2026-08-28T12:58:28.636896Z","level":"info","event":"::endgroup::Cosmos DAG parsing logs","logger":"cosmos.converter","filename":"converter.py","lineno":430}
{"timestamp":"2026-08-28T12:58:28.637597Z","level":"warning","event":"Using Variable.get from `airflow.models` is deprecated.Please use `get` on Variable from sdk(`airflow.sdk.Variable`) instead","category":"UserWarning","filename":"/home/airflow/.local/lib/python3.13/site-packages/airflow/models/variable.py","lineno":158,"logger":"py.warnings"}
{"timestamp":"2026-08-28T12:58:28.637699Z","level":"warning","event":"Valid config keys have changed in V2:\n* 'allow_population_by_field_name' has been renamed to 'validate_by_name'","category":"UserWarning","filename":"/home/airflow/.local/lib/python3.13/site-packages/pydantic/_internal/_config.py","lineno":383,"logger":"py.warnings"}
{"timestamp":"2026-08-28T12:58:28.637765Z","level":"warning","event":"Using Variable.set from `airflow.models` is deprecated.Please use `set` on Variable from sdk(`airflow.sdk.Variable`) instead","category":"UserWarning","filename":"/home/airflow/.local/lib/python3.13/site-packages/airflow/models/variable.py","lineno":218,"logger":"py.warnings"}
{"timestamp":"2026-08-28T12:58:58.853832Z","level":"info","event":"Filling up the DagBag from /opt/airflow/dags/verdanta_daily.py","logger":"airflow.dag_processing.dagbag.BundleDagBag","filename":"dagbag.py","lineno":469}
{"timestamp":"2026-08-28T12:58:58.972638Z","level":"info","event":"::group::Cosmos DAG parsing logs","logger":"cosmos.converter","filename":"converter.py","lineno":321}
{"timestamp":"2026-08-28T12:58:58.976823Z","level":"info","event":"Cosmos cache dir resolved to /tmp/cosmos/verdanta_daily__dbt_daily","logger":"cosmos.converter","filename":"converter.py","lineno":346}
{"timestamp":"2026-08-28T12:58:58.977035Z","level":"info","event":"Trying to parse the dbt project using dbt ls cache cosmos_cache__verdanta_daily__dbt_daily...","logger":"cosmos.dbt.graph","filename":"graph.py","lineno":869}
{"timestamp":"2026-08-28T12:58:59.124378Z","level":"info","event":"Cosmos performance: time to calculate cache identifier cosmos_cache__verdanta_daily__dbt_daily for current version: 0.12991297999997187","logger":"cosmos.cache","filename":"cache.py","lineno":401}
{"timestamp":"2026-08-28T12:58:59.124630Z","level":"info","event":"Cosmos performance [e15fb16d2369|734]: The cache size for cosmos_cache__verdanta_daily__dbt_daily is 81420","logger":"cosmos.dbt.graph","filename":"graph.py","lineno":886}
{"timestamp":"2026-08-28T12:58:59.126964Z","level":"info","event":"Cosmos performance: Cache hit for cosmos_cache__verdanta_daily__dbt_daily - 39a8c4b6e19a7b5e14cfea47af7dbd90,ff67f1985ea8a9c639de2e1985ae4cf7","logger":"cosmos.dbt.graph","filename":"graph.py","lineno":898}
{"timestamp":"2026-08-28T12:58:59.127160Z","level":"info","event":"Total nodes: 91","logger":"cosmos.dbt.graph","filename":"graph.py","lineno":799}
{"timestamp":"2026-08-28T12:58:59.127225Z","level":"info","event":"Total filtered nodes: 91","logger":"cosmos.dbt.graph","filename":"graph.py","lineno":800}
{"timestamp":"2026-08-28T12:58:59.127342Z","level":"info","event":"Cosmos performance (verdanta_daily__dbt_daily) - [e15fb16d2369|734]: It took 0.15s to parse the dbt project for DAG using LoadMode.DBT_LS_CACHE","logger":"cosmos.converter","filename":"converter.py","lineno":371}
{"timestamp":"2026-08-28T12:58:59.204303Z","level":"info","event":"Cosmos performance (verdanta_daily__dbt_daily) - [e15fb16d2369|734]: It took 0.0769s to build the Airflow DAG.","logger":"cosmos.converter","filename":"converter.py","lineno":423}
{"timestamp":"2026-08-28T12:58:59.204481Z","level":"info","event":"::endgroup::Cosmos DAG parsing logs","logger":"cosmos.converter","filename":"converter.py","lineno":430}
{"timestamp":"2026-08-28T12:58:59.205117Z","level":"warning","event":"Using Variable.get from `airflow.models` is deprecated.Please use `get` on Variable from sdk(`airflow.sdk.Variable`) instead","category":"UserWarning","filename":"/home/airflow/.local/lib/python3.13/site-packages/airflow/models/variable.py","lineno":158,"logger":"py.warnings"}
{"timestamp":"2026-08-28T12:59:29.648946Z","level":"info","event":"Filling up the DagBag from /opt/airflow/dags/verdanta_daily.py","logger":"airflow.dag_processing.dagbag.BundleDagBag","filename":"dagbag.py","lineno":469}
{"timestamp":"2026-08-28T12:59:29.735113Z","level":"info","event":"::group::Cosmos DAG parsing logs","logger":"cosmos.converter","filename":"converter.py","lineno":321}
{"timestamp":"2026-08-28T12:59:29.740429Z","level":"info","event":"Cosmos cache dir resolved to /tmp/cosmos/verdanta_daily__dbt_daily","logger":"cosmos.converter","filename":"converter.py","lineno":346}
{"timestamp":"2026-08-28T12:59:29.740827Z","level":"info","event":"Trying to parse the dbt project using dbt ls cache cosmos_cache__verdanta_daily__dbt_daily...","logger":"cosmos.dbt.graph","filename":"graph.py","lineno":869}
{"timestamp":"2026-08-28T12:59:29.913012Z","level":"info","event":"Cosmos performance: time to calculate cache identifier cosmos_cache__verdanta_daily__dbt_daily for current version: 0.1511328209999192","logger":"cosmos.cache","filename":"cache.py","lineno":401}
{"timestamp":"2026-08-28T12:59:29.913229Z","level":"info","event":"Cosmos performance [e15fb16d2369|768]: The cache size for cosmos_cache__verdanta_daily__dbt_daily is 81420","logger":"cosmos.dbt.graph","filename":"graph.py","lineno":886}
{"timestamp":"2026-08-28T12:59:29.916380Z","level":"info","event":"Cosmos performance: Cache hit for cosmos_cache__verdanta_daily__dbt_daily - 39a8c4b6e19a7b5e14cfea47af7dbd90,ff67f1985ea8a9c639de2e1985ae4cf7","logger":"cosmos.dbt.graph","filename":"graph.py","lineno":898}
{"timestamp":"2026-08-28T12:59:29.916749Z","level":"info","event":"Total nodes: 91","logger":"cosmos.dbt.graph","filename":"graph.py","lineno":799}
{"timestamp":"2026-08-28T12:59:29.916861Z","level":"info","event":"Total filtered nodes: 91","logger":"cosmos.dbt.graph","filename":"graph.py","lineno":800}
{"timestamp":"2026-08-28T12:59:29.916945Z","level":"info","event":"Cosmos performance (verdanta_daily__dbt_daily) - [e15fb16d2369|768]: It took 0.176s to parse the dbt project for DAG using LoadMode.DBT_LS_CACHE","logger":"cosmos.converter","filename":"converter.py","lineno":371}
{"timestamp":"2026-08-28T12:59:30.008277Z","level":"info","event":"Cosmos performance (verdanta_daily__dbt_daily) - [e15fb16d2369|768]: It took 0.0913s to build the Airflow DAG.","logger":"cosmos.converter","filename":"converter.py","lineno":423}
{"timestamp":"2026-08-28T12:59:30.008457Z","level":"info","event":"::endgroup::Cosmos DAG parsing logs","logger":"cosmos.converter","filename":"converter.py","lineno":430}
{"timestamp":"2026-08-28T12:59:30.009088Z","level":"warning","event":"Using Variable.get from `airflow.models` is deprecated.Please use `get` on Variable from sdk(`airflow.sdk.Variable`) instead","category":"UserWarning","filename":"/home/airflow/.local/lib/python3.13/site-packages/airflow/models/variable.py","lineno":158,"logger":"py.warnings"}
{"timestamp":"2026-08-28T13:00:00.481702Z","level":"info","event":"Filling up the DagBag from /opt/airflow/dags/verdanta_daily.py","logger":"airflow.dag_processing.dagbag.BundleDagBag","filename":"dagbag.py","lineno":469}
{"timestamp":"2026-08-28T13:00:00.571284Z","level":"info","event":"::group::Cosmos DAG parsing logs","logger":"cosmos.converter","filename":"converter.py","lineno":321}
{"timestamp":"2026-08-28T13:00:00.575888Z","level":"info","event":"Cosmos cache dir resolved to /tmp/cosmos/verdanta_daily__dbt_daily","logger":"cosmos.converter","filename":"converter.py","lineno":346}
{"timestamp":"2026-08-28T13:00:00.576335Z","level":"info","event":"Trying to parse the dbt project using dbt ls cache cosmos_cache__verdanta_daily__dbt_daily...","logger":"cosmos.dbt.graph","filename":"graph.py","lineno":869}
{"timestamp":"2026-08-28T13:00:00.755646Z","level":"info","event":"Cosmos performance: time to calculate cache identifier cosmos_cache__verdanta_daily__dbt_daily for current version: 0.1550270059997274","logger":"cosmos.cache","filename":"cache.py","lineno":401}
{"timestamp":"2026-08-28T13:00:00.755865Z","level":"info","event":"Cosmos performance [e15fb16d2369|774]: The cache size for cosmos_cache__verdanta_daily__dbt_daily is 81420","logger":"cosmos.dbt.graph","filename":"graph.py","lineno":886}
{"timestamp":"2026-08-28T13:00:00.759742Z","level":"info","event":"Cosmos performance: Cache hit for cosmos_cache__verdanta_daily__dbt_daily - 39a8c4b6e19a7b5e14cfea47af7dbd90,ff67f1985ea8a9c639de2e1985ae4cf7","logger":"cosmos.dbt.graph","filename":"graph.py","lineno":898}
{"timestamp":"2026-08-28T13:00:00.760144Z","level":"info","event":"Total nodes: 91","logger":"cosmos.dbt.graph","filename":"graph.py","lineno":799}
{"timestamp":"2026-08-28T13:00:00.760334Z","level":"info","event":"Total filtered nodes: 91","logger":"cosmos.dbt.graph","filename":"graph.py","lineno":800}
{"timestamp":"2026-08-28T13:00:00.760478Z","level":"info","event":"Cosmos performance (verdanta_daily__dbt_daily) - [e15fb16d2369|774]: It took 0.184s to parse the dbt project for DAG using LoadMode.DBT_LS_CACHE","logger":"cosmos.converter","filename":"converter.py","lineno":371}
{"timestamp":"2026-08-28T13:00:00.853466Z","level":"info","event":"Cosmos performance (verdanta_daily__dbt_daily) - [e15fb16d2369|774]: It took 0.093s to build the Airflow DAG.","logger":"cosmos.converter","filename":"converter.py","lineno":423}
{"timestamp":"2026-08-28T13:00:00.853598Z","level":"info","event":"::endgroup::Cosmos DAG parsing logs","logger":"cosmos.converter","filename":"converter.py","lineno":430}
{"timestamp":"2026-08-28T13:00:00.854147Z","level":"warning","event":"Using Variable.get from `airflow.models` is deprecated.Please use `get` on Variable from sdk(`airflow.sdk.Variable`) instead","category":"UserWarning","filename":"/home/airflow/.local/lib/python3.13/site-packages/airflow/models/variable.py","lineno":158,"logger":"py.warnings"}
{"timestamp":"2026-08-28T13:00:31.759088Z","level":"info","event":"Filling up the DagBag from /opt/airflow/dags/verdanta_daily.py","logger":"airflow.dag_processing.dagbag.BundleDagBag","filename":"dagbag.py","lineno":469}
{"timestamp":"2026-08-28T13:00:31.844176Z","level":"info","event":"::group::Cosmos DAG parsing logs","logger":"cosmos.converter","filename":"converter.py","lineno":321}
{"timestamp":"2026-08-28T13:00:31.848114Z","level":"info","event":"Cosmos cache dir resolved to /tmp/cosmos/verdanta_daily__dbt_daily","logger":"cosmos.converter","filename":"converter.py","lineno":346}
{"timestamp":"2026-08-28T13:00:31.848405Z","level":"info","event":"Trying to parse the dbt project using dbt ls cache cosmos_cache__verdanta_daily__dbt_daily...","logger":"cosmos.dbt.graph","filename":"graph.py","lineno":869}
{"timestamp":"2026-08-28T13:00:31.996831Z","level":"info","event":"Cosmos performance: time to calculate cache identifier cosmos_cache__verdanta_daily__dbt_daily for current version: 0.13153383000008034","logger":"cosmos.cache","filename":"cache.py","lineno":401}
{"timestamp":"2026-08-28T13:00:31.997078Z","level":"info","event":"Cosmos performance [e15fb16d2369|810]: The cache size for cosmos_cache__verdanta_daily__dbt_daily is 81420","logger":"cosmos.dbt.graph","filename":"graph.py","lineno":886}
{"timestamp":"2026-08-28T13:00:31.999628Z","level":"info","event":"Cosmos performance: Cache hit for cosmos_cache__verdanta_daily__dbt_daily - 39a8c4b6e19a7b5e14cfea47af7dbd90,ff67f1985ea8a9c639de2e1985ae4cf7","logger":"cosmos.dbt.graph","filename":"graph.py","lineno":898}
{"timestamp":"2026-08-28T13:00:31.999878Z","level":"info","event":"Total nodes: 91","logger":"cosmos.dbt.graph","filename":"graph.py","lineno":799}
{"timestamp":"2026-08-28T13:00:31.999965Z","level":"info","event":"Total filtered nodes: 91","logger":"cosmos.dbt.graph","filename":"graph.py","lineno":800}
{"timestamp":"2026-08-28T13:00:32.000044Z","level":"info","event":"Cosmos performance (verdanta_daily__dbt_daily) - [e15fb16d2369|810]: It took 0.152s to parse the dbt project for DAG using LoadMode.DBT_LS_CACHE","logger":"cosmos.converter","filename":"converter.py","lineno":371}
{"timestamp":"2026-08-28T13:00:32.282756Z","level":"info","event":"Cosmos performance (verdanta_daily__dbt_daily) - [e15fb16d2369|810]: It took 0.283s to build the Airflow DAG.","logger":"cosmos.converter","filename":"converter.py","lineno":423}
{"timestamp":"2026-08-28T13:00:32.282887Z","level":"info","event":"::endgroup::Cosmos DAG parsing logs","logger":"cosmos.converter","filename":"converter.py","lineno":430}
{"timestamp":"2026-08-28T13:00:32.283508Z","level":"warning","event":"Using Variable.get from `airflow.models` is deprecated.Please use `get` on Variable from sdk(`airflow.sdk.Variable`) instead","category":"UserWarning","filename":"/home/airflow/.local/lib/python3.13/site-packages/airflow/models/variable.py","lineno":158,"logger":"py.warnings"}
{"timestamp":"2026-08-28T13:01:03.181748Z","level":"info","event":"Filling up the DagBag from /opt/airflow/dags/verdanta_daily.py","logger":"airflow.dag_processing.dagbag.BundleDagBag","filename":"dagbag.py","lineno":469}
{"timestamp":"2026-08-28T13:01:03.263964Z","level":"info","event":"::group::Cosmos DAG parsing logs","logger":"cosmos.converter","filename":"converter.py","lineno":321}
{"timestamp":"2026-08-28T13:01:03.268589Z","level":"info","event":"Cosmos cache dir resolved to /tmp/cosmos/verdanta_daily__dbt_daily","logger":"cosmos.converter","filename":"converter.py","lineno":346}
{"timestamp":"2026-08-28T13:01:03.269016Z","level":"info","event":"Trying to parse the dbt project using dbt ls cache cosmos_cache__verdanta_daily__dbt_daily...","logger":"cosmos.dbt.graph","filename":"graph.py","lineno":869}
{"timestamp":"2026-08-28T13:01:03.438089Z","level":"info","event":"Cosmos performance: time to calculate cache identifier cosmos_cache__verdanta_daily__dbt_daily for current version: 0.13821858200026327","logger":"cosmos.cache","filename":"cache.py","lineno":401}
{"timestamp":"2026-08-28T13:01:03.438256Z","level":"info","event":"Cosmos performance [e15fb16d2369|846]: The cache size for cosmos_cache__verdanta_daily__dbt_daily is 81420","logger":"cosmos.dbt.graph","filename":"graph.py","lineno":886}
{"timestamp":"2026-08-28T13:01:03.440943Z","level":"info","event":"Cosmos performance: Cache hit for cosmos_cache__verdanta_daily__dbt_daily - 39a8c4b6e19a7b5e14cfea47af7dbd90,ff67f1985ea8a9c639de2e1985ae4cf7","logger":"cosmos.dbt.graph","filename":"graph.py","lineno":898}
{"timestamp":"2026-08-28T13:01:03.441167Z","level":"info","event":"Total nodes: 91","logger":"cosmos.dbt.graph","filename":"graph.py","lineno":799}
{"timestamp":"2026-08-28T13:01:03.441244Z","level":"info","event":"Total filtered nodes: 91","logger":"cosmos.dbt.graph","filename":"graph.py","lineno":800}
{"timestamp":"2026-08-28T13:01:03.441315Z","level":"info","event":"Cosmos performance (verdanta_daily__dbt_daily) - [e15fb16d2369|846]: It took 0.172s to parse the dbt project for DAG using LoadMode.DBT_LS_CACHE","logger":"cosmos.converter","filename":"converter.py","lineno":371}
{"timestamp":"2026-08-28T13:01:03.519046Z","level":"info","event":"Cosmos performance (verdanta_daily__dbt_daily) - [e15fb16d2369|846]: It took 0.0777s to build the Airflow DAG.","logger":"cosmos.converter","filename":"converter.py","lineno":423}
{"timestamp":"2026-08-28T13:01:03.519183Z","level":"info","event":"::endgroup::Cosmos DAG parsing logs","logger":"cosmos.converter","filename":"converter.py","lineno":430}
{"timestamp":"2026-08-28T13:01:03.519737Z","level":"warning","event":"Using Variable.get from `airflow.models` is deprecated.Please use `get` on Variable from sdk(`airflow.sdk.Variable`) instead","category":"UserWarning","filename":"/home/airflow/.local/lib/python3.13/site-packages/airflow/models/variable.py","lineno":158,"logger":"py.warnings"}
