{"timestamp":"2026-08-31T17:50:02.657418Z","level":"info","event":"Filling up the DagBag from /opt/airflow/dags/verdanta_weekly.py","logger":"airflow.dag_processing.dagbag.BundleDagBag","filename":"dagbag.py","lineno":469}
{"timestamp":"2026-08-31T17:50:02.728367Z","level":"info","event":"::group::Cosmos DAG parsing logs","logger":"cosmos.converter","filename":"converter.py","lineno":321}
{"timestamp":"2026-08-31T17:50:02.733324Z","level":"info","event":"Cosmos cache dir resolved to /tmp/cosmos/verdanta_weekly__dbt_weekly","logger":"cosmos.converter","filename":"converter.py","lineno":346}
{"timestamp":"2026-08-31T17:50:02.733544Z","level":"info","event":"Trying to parse the dbt project using dbt ls cache cosmos_cache__verdanta_weekly__dbt_weekly...","logger":"cosmos.dbt.graph","filename":"graph.py","lineno":869}
{"timestamp":"2026-08-31T17:50:02.889914Z","level":"info","event":"Cosmos performance: time to calculate cache identifier cosmos_cache__verdanta_weekly__dbt_weekly for current version: 0.14246960200000558","logger":"cosmos.cache","filename":"cache.py","lineno":401}
{"timestamp":"2026-08-31T17:50:02.890091Z","level":"info","event":"Cosmos performance [64ceca511f84|107]: The cache size for cosmos_cache__verdanta_weekly__dbt_weekly is 23804","logger":"cosmos.dbt.graph","filename":"graph.py","lineno":886}
{"timestamp":"2026-08-31T17:50:02.891050Z","level":"info","event":"Cosmos performance: Cache hit for cosmos_cache__verdanta_weekly__dbt_weekly - 39a8c4b6e19a7b5e14cfea47af7dbd90,1ae01f5b93cde0ad1f6d9482f1b54abd","logger":"cosmos.dbt.graph","filename":"graph.py","lineno":898}
{"timestamp":"2026-08-31T17:50:02.891208Z","level":"info","event":"Total nodes: 27","logger":"cosmos.dbt.graph","filename":"graph.py","lineno":799}
{"timestamp":"2026-08-31T17:50:02.891281Z","level":"info","event":"Total filtered nodes: 27","logger":"cosmos.dbt.graph","filename":"graph.py","lineno":800}
{"timestamp":"2026-08-31T17:50:02.891359Z","level":"info","event":"Cosmos performance (verdanta_weekly__dbt_weekly) - [64ceca511f84|107]: It took 0.158s to parse the dbt project for DAG using LoadMode.DBT_LS_CACHE","logger":"cosmos.converter","filename":"converter.py","lineno":371}
{"timestamp":"2026-08-31T17:50:02.914774Z","level":"info","event":"Cosmos performance (verdanta_weekly__dbt_weekly) - [64ceca511f84|107]: It took 0.0234s to build the Airflow DAG.","logger":"cosmos.converter","filename":"converter.py","lineno":423}
{"timestamp":"2026-08-31T17:50:02.914898Z","level":"info","event":"::endgroup::Cosmos DAG parsing logs","logger":"cosmos.converter","filename":"converter.py","lineno":430}
{"timestamp":"2026-08-31T17:50:02.915338Z","level":"warning","event":"Using Variable.get from `airflow.models` is deprecated.Please use `get` on Variable from sdk(`airflow.sdk.Variable`) instead","category":"UserWarning","filename":"/home/airflow/.local/lib/python3.13/site-packages/airflow/models/variable.py","lineno":158,"logger":"py.warnings"}
{"timestamp":"2026-08-31T17:50:33.381513Z","level":"info","event":"Filling up the DagBag from /opt/airflow/dags/verdanta_weekly.py","logger":"airflow.dag_processing.dagbag.BundleDagBag","filename":"dagbag.py","lineno":469}
{"timestamp":"2026-08-31T17:50:33.446496Z","level":"info","event":"::group::Cosmos DAG parsing logs","logger":"cosmos.converter","filename":"converter.py","lineno":321}
{"timestamp":"2026-08-31T17:50:33.450328Z","level":"info","event":"Cosmos cache dir resolved to /tmp/cosmos/verdanta_weekly__dbt_weekly","logger":"cosmos.converter","filename":"converter.py","lineno":346}
{"timestamp":"2026-08-31T17:50:33.450552Z","level":"info","event":"Trying to parse the dbt project using dbt ls cache cosmos_cache__verdanta_weekly__dbt_weekly...","logger":"cosmos.dbt.graph","filename":"graph.py","lineno":869}
{"timestamp":"2026-08-31T17:50:33.589877Z","level":"info","event":"Cosmos performance: time to calculate cache identifier cosmos_cache__verdanta_weekly__dbt_weekly for current version: 0.12589719299998592","logger":"cosmos.cache","filename":"cache.py","lineno":401}
{"timestamp":"2026-08-31T17:50:33.590100Z","level":"info","event":"Cosmos performance [64ceca511f84|125]: The cache size for cosmos_cache__verdanta_weekly__dbt_weekly is 23804","logger":"cosmos.dbt.graph","filename":"graph.py","lineno":886}
{"timestamp":"2026-08-31T17:50:33.591148Z","level":"info","event":"Cosmos performance: Cache hit for cosmos_cache__verdanta_weekly__dbt_weekly - 39a8c4b6e19a7b5e14cfea47af7dbd90,1ae01f5b93cde0ad1f6d9482f1b54abd","logger":"cosmos.dbt.graph","filename":"graph.py","lineno":898}
{"timestamp":"2026-08-31T17:50:33.591274Z","level":"info","event":"Total nodes: 27","logger":"cosmos.dbt.graph","filename":"graph.py","lineno":799}
{"timestamp":"2026-08-31T17:50:33.591334Z","level":"info","event":"Total filtered nodes: 27","logger":"cosmos.dbt.graph","filename":"graph.py","lineno":800}
{"timestamp":"2026-08-31T17:50:33.591403Z","level":"info","event":"Cosmos performance (verdanta_weekly__dbt_weekly) - [64ceca511f84|125]: It took 0.141s to parse the dbt project for DAG using LoadMode.DBT_LS_CACHE","logger":"cosmos.converter","filename":"converter.py","lineno":371}
{"timestamp":"2026-08-31T17:50:33.615588Z","level":"info","event":"Cosmos performance (verdanta_weekly__dbt_weekly) - [64ceca511f84|125]: It took 0.0241s to build the Airflow DAG.","logger":"cosmos.converter","filename":"converter.py","lineno":423}
{"timestamp":"2026-08-31T17:50:33.615796Z","level":"info","event":"::endgroup::Cosmos DAG parsing logs","logger":"cosmos.converter","filename":"converter.py","lineno":430}
{"timestamp":"2026-08-31T17:50:33.616201Z","level":"warning","event":"Using Variable.get from `airflow.models` is deprecated.Please use `get` on Variable from sdk(`airflow.sdk.Variable`) instead","category":"UserWarning","filename":"/home/airflow/.local/lib/python3.13/site-packages/airflow/models/variable.py","lineno":158,"logger":"py.warnings"}
{"timestamp":"2026-08-31T17:51:04.075765Z","level":"info","event":"Filling up the DagBag from /opt/airflow/dags/verdanta_weekly.py","logger":"airflow.dag_processing.dagbag.BundleDagBag","filename":"dagbag.py","lineno":469}
{"timestamp":"2026-08-31T17:51:04.145694Z","level":"info","event":"::group::Cosmos DAG parsing logs","logger":"cosmos.converter","filename":"converter.py","lineno":321}
{"timestamp":"2026-08-31T17:51:04.149382Z","level":"info","event":"Cosmos cache dir resolved to /tmp/cosmos/verdanta_weekly__dbt_weekly","logger":"cosmos.converter","filename":"converter.py","lineno":346}
{"timestamp":"2026-08-31T17:51:04.149585Z","level":"info","event":"Trying to parse the dbt project using dbt ls cache cosmos_cache__verdanta_weekly__dbt_weekly...","logger":"cosmos.dbt.graph","filename":"graph.py","lineno":869}
{"timestamp":"2026-08-31T17:51:04.288591Z","level":"info","event":"Cosmos performance: time to calculate cache identifier cosmos_cache__verdanta_weekly__dbt_weekly for current version: 0.12404510100000721","logger":"cosmos.cache","filename":"cache.py","lineno":401}
{"timestamp":"2026-08-31T17:51:04.288797Z","level":"info","event":"Cosmos performance [64ceca511f84|156]: The cache size for cosmos_cache__verdanta_weekly__dbt_weekly is 23804","logger":"cosmos.dbt.graph","filename":"graph.py","lineno":886}
{"timestamp":"2026-08-31T17:51:04.289545Z","level":"info","event":"Cosmos performance: Cache hit for cosmos_cache__verdanta_weekly__dbt_weekly - 39a8c4b6e19a7b5e14cfea47af7dbd90,1ae01f5b93cde0ad1f6d9482f1b54abd","logger":"cosmos.dbt.graph","filename":"graph.py","lineno":898}
{"timestamp":"2026-08-31T17:51:04.289657Z","level":"info","event":"Total nodes: 27","logger":"cosmos.dbt.graph","filename":"graph.py","lineno":799}
{"timestamp":"2026-08-31T17:51:04.289715Z","level":"info","event":"Total filtered nodes: 27","logger":"cosmos.dbt.graph","filename":"graph.py","lineno":800}
{"timestamp":"2026-08-31T17:51:04.289780Z","level":"info","event":"Cosmos performance (verdanta_weekly__dbt_weekly) - [64ceca511f84|156]: It took 0.14s to parse the dbt project for DAG using LoadMode.DBT_LS_CACHE","logger":"cosmos.converter","filename":"converter.py","lineno":371}
{"timestamp":"2026-08-31T17:51:04.307263Z","level":"info","event":"Cosmos performance (verdanta_weekly__dbt_weekly) - [64ceca511f84|156]: It took 0.0174s to build the Airflow DAG.","logger":"cosmos.converter","filename":"converter.py","lineno":423}
{"timestamp":"2026-08-31T17:51:04.307400Z","level":"info","event":"::endgroup::Cosmos DAG parsing logs","logger":"cosmos.converter","filename":"converter.py","lineno":430}
{"timestamp":"2026-08-31T17:51:04.307896Z","level":"warning","event":"Using Variable.get from `airflow.models` is deprecated.Please use `get` on Variable from sdk(`airflow.sdk.Variable`) instead","category":"UserWarning","filename":"/home/airflow/.local/lib/python3.13/site-packages/airflow/models/variable.py","lineno":158,"logger":"py.warnings"}
{"timestamp":"2026-08-31T17:51:34.828907Z","level":"info","event":"Filling up the DagBag from /opt/airflow/dags/verdanta_weekly.py","logger":"airflow.dag_processing.dagbag.BundleDagBag","filename":"dagbag.py","lineno":469}
{"timestamp":"2026-08-31T17:51:34.907533Z","level":"info","event":"::group::Cosmos DAG parsing logs","logger":"cosmos.converter","filename":"converter.py","lineno":321}
{"timestamp":"2026-08-31T17:51:34.914993Z","level":"info","event":"Cosmos cache dir resolved to /tmp/cosmos/verdanta_weekly__dbt_weekly","logger":"cosmos.converter","filename":"converter.py","lineno":346}
{"timestamp":"2026-08-31T17:51:34.915214Z","level":"info","event":"Trying to parse the dbt project using dbt ls cache cosmos_cache__verdanta_weekly__dbt_weekly...","logger":"cosmos.dbt.graph","filename":"graph.py","lineno":869}
{"timestamp":"2026-08-31T17:51:35.056663Z","level":"info","event":"Cosmos performance: time to calculate cache identifier cosmos_cache__verdanta_weekly__dbt_weekly for current version: 0.12923804599998334","logger":"cosmos.cache","filename":"cache.py","lineno":401}
{"timestamp":"2026-08-31T17:51:35.057114Z","level":"info","event":"Cosmos performance [64ceca511f84|192]: The cache size for cosmos_cache__verdanta_weekly__dbt_weekly is 23804","logger":"cosmos.dbt.graph","filename":"graph.py","lineno":886}
{"timestamp":"2026-08-31T17:51:35.058456Z","level":"info","event":"Cosmos performance: Cache hit for cosmos_cache__verdanta_weekly__dbt_weekly - 39a8c4b6e19a7b5e14cfea47af7dbd90,1ae01f5b93cde0ad1f6d9482f1b54abd","logger":"cosmos.dbt.graph","filename":"graph.py","lineno":898}
{"timestamp":"2026-08-31T17:51:35.058602Z","level":"info","event":"Total nodes: 27","logger":"cosmos.dbt.graph","filename":"graph.py","lineno":799}
{"timestamp":"2026-08-31T17:51:35.058667Z","level":"info","event":"Total filtered nodes: 27","logger":"cosmos.dbt.graph","filename":"graph.py","lineno":800}
{"timestamp":"2026-08-31T17:51:35.058733Z","level":"info","event":"Cosmos performance (verdanta_weekly__dbt_weekly) - [64ceca511f84|192]: It took 0.144s to parse the dbt project for DAG using LoadMode.DBT_LS_CACHE","logger":"cosmos.converter","filename":"converter.py","lineno":371}
{"timestamp":"2026-08-31T17:51:35.078785Z","level":"info","event":"Cosmos performance (verdanta_weekly__dbt_weekly) - [64ceca511f84|192]: It took 0.02s to build the Airflow DAG.","logger":"cosmos.converter","filename":"converter.py","lineno":423}
{"timestamp":"2026-08-31T17:51:35.079048Z","level":"info","event":"::endgroup::Cosmos DAG parsing logs","logger":"cosmos.converter","filename":"converter.py","lineno":430}
{"timestamp":"2026-08-31T17:51:35.079573Z","level":"warning","event":"Using Variable.get from `airflow.models` is deprecated.Please use `get` on Variable from sdk(`airflow.sdk.Variable`) instead","category":"UserWarning","filename":"/home/airflow/.local/lib/python3.13/site-packages/airflow/models/variable.py","lineno":158,"logger":"py.warnings"}
{"timestamp":"2026-08-31T17:52:05.578134Z","level":"info","event":"Filling up the DagBag from /opt/airflow/dags/verdanta_weekly.py","logger":"airflow.dag_processing.dagbag.BundleDagBag","filename":"dagbag.py","lineno":469}
{"timestamp":"2026-08-31T17:52:05.651761Z","level":"info","event":"::group::Cosmos DAG parsing logs","logger":"cosmos.converter","filename":"converter.py","lineno":321}
{"timestamp":"2026-08-31T17:52:05.655327Z","level":"info","event":"Cosmos cache dir resolved to /tmp/cosmos/verdanta_weekly__dbt_weekly","logger":"cosmos.converter","filename":"converter.py","lineno":346}
{"timestamp":"2026-08-31T17:52:05.655577Z","level":"info","event":"Trying to parse the dbt project using dbt ls cache cosmos_cache__verdanta_weekly__dbt_weekly...","logger":"cosmos.dbt.graph","filename":"graph.py","lineno":869}
{"timestamp":"2026-08-31T17:52:05.795773Z","level":"info","event":"Cosmos performance: time to calculate cache identifier cosmos_cache__verdanta_weekly__dbt_weekly for current version: 0.12513181400001372","logger":"cosmos.cache","filename":"cache.py","lineno":401}
{"timestamp":"2026-08-31T17:52:05.796004Z","level":"info","event":"Cosmos performance [64ceca511f84|228]: The cache size for cosmos_cache__verdanta_weekly__dbt_weekly is 23804","logger":"cosmos.dbt.graph","filename":"graph.py","lineno":886}
{"timestamp":"2026-08-31T17:52:05.796806Z","level":"info","event":"Cosmos performance: Cache hit for cosmos_cache__verdanta_weekly__dbt_weekly - 39a8c4b6e19a7b5e14cfea47af7dbd90,1ae01f5b93cde0ad1f6d9482f1b54abd","logger":"cosmos.dbt.graph","filename":"graph.py","lineno":898}
{"timestamp":"2026-08-31T17:52:05.796916Z","level":"info","event":"Total nodes: 27","logger":"cosmos.dbt.graph","filename":"graph.py","lineno":799}
{"timestamp":"2026-08-31T17:52:05.796971Z","level":"info","event":"Total filtered nodes: 27","logger":"cosmos.dbt.graph","filename":"graph.py","lineno":800}
{"timestamp":"2026-08-31T17:52:05.797036Z","level":"info","event":"Cosmos performance (verdanta_weekly__dbt_weekly) - [64ceca511f84|228]: It took 0.142s to parse the dbt project for DAG using LoadMode.DBT_LS_CACHE","logger":"cosmos.converter","filename":"converter.py","lineno":371}
{"timestamp":"2026-08-31T17:52:05.814314Z","level":"info","event":"Cosmos performance (verdanta_weekly__dbt_weekly) - [64ceca511f84|228]: It took 0.0172s to build the Airflow DAG.","logger":"cosmos.converter","filename":"converter.py","lineno":423}
{"timestamp":"2026-08-31T17:52:05.814471Z","level":"info","event":"::endgroup::Cosmos DAG parsing logs","logger":"cosmos.converter","filename":"converter.py","lineno":430}
{"timestamp":"2026-08-31T17:52:05.814971Z","level":"warning","event":"Using Variable.get from `airflow.models` is deprecated.Please use `get` on Variable from sdk(`airflow.sdk.Variable`) instead","category":"UserWarning","filename":"/home/airflow/.local/lib/python3.13/site-packages/airflow/models/variable.py","lineno":158,"logger":"py.warnings"}
{"timestamp":"2026-08-31T17:52:36.611127Z","level":"info","event":"Filling up the DagBag from /opt/airflow/dags/verdanta_weekly.py","logger":"airflow.dag_processing.dagbag.BundleDagBag","filename":"dagbag.py","lineno":469}
{"timestamp":"2026-08-31T17:52:36.685623Z","level":"info","event":"::group::Cosmos DAG parsing logs","logger":"cosmos.converter","filename":"converter.py","lineno":321}
{"timestamp":"2026-08-31T17:52:36.691442Z","level":"info","event":"Cosmos cache dir resolved to /tmp/cosmos/verdanta_weekly__dbt_weekly","logger":"cosmos.converter","filename":"converter.py","lineno":346}
{"timestamp":"2026-08-31T17:52:36.691682Z","level":"info","event":"Trying to parse the dbt project using dbt ls cache cosmos_cache__verdanta_weekly__dbt_weekly...","logger":"cosmos.dbt.graph","filename":"graph.py","lineno":869}
{"timestamp":"2026-08-31T17:52:36.831121Z","level":"info","event":"Cosmos performance: time to calculate cache identifier cosmos_cache__verdanta_weekly__dbt_weekly for current version: 0.1269049109999969","logger":"cosmos.cache","filename":"cache.py","lineno":401}
{"timestamp":"2026-08-31T17:52:36.831345Z","level":"info","event":"Cosmos performance [64ceca511f84|264]: The cache size for cosmos_cache__verdanta_weekly__dbt_weekly is 23804","logger":"cosmos.dbt.graph","filename":"graph.py","lineno":886}
{"timestamp":"2026-08-31T17:52:36.832614Z","level":"info","event":"Cosmos performance: Cache hit for cosmos_cache__verdanta_weekly__dbt_weekly - 39a8c4b6e19a7b5e14cfea47af7dbd90,1ae01f5b93cde0ad1f6d9482f1b54abd","logger":"cosmos.dbt.graph","filename":"graph.py","lineno":898}
{"timestamp":"2026-08-31T17:52:36.832788Z","level":"info","event":"Total nodes: 27","logger":"cosmos.dbt.graph","filename":"graph.py","lineno":799}
{"timestamp":"2026-08-31T17:52:36.832867Z","level":"info","event":"Total filtered nodes: 27","logger":"cosmos.dbt.graph","filename":"graph.py","lineno":800}
{"timestamp":"2026-08-31T17:52:36.832939Z","level":"info","event":"Cosmos performance (verdanta_weekly__dbt_weekly) - [64ceca511f84|264]: It took 0.141s to parse the dbt project for DAG using LoadMode.DBT_LS_CACHE","logger":"cosmos.converter","filename":"converter.py","lineno":371}
{"timestamp":"2026-08-31T17:52:36.850595Z","level":"info","event":"Cosmos performance (verdanta_weekly__dbt_weekly) - [64ceca511f84|264]: It took 0.0176s to build the Airflow DAG.","logger":"cosmos.converter","filename":"converter.py","lineno":423}
{"timestamp":"2026-08-31T17:52:36.850745Z","level":"info","event":"::endgroup::Cosmos DAG parsing logs","logger":"cosmos.converter","filename":"converter.py","lineno":430}
{"timestamp":"2026-08-31T17:52:36.851163Z","level":"warning","event":"Using Variable.get from `airflow.models` is deprecated.Please use `get` on Variable from sdk(`airflow.sdk.Variable`) instead","category":"UserWarning","filename":"/home/airflow/.local/lib/python3.13/site-packages/airflow/models/variable.py","lineno":158,"logger":"py.warnings"}
{"timestamp":"2026-08-31T17:53:07.891856Z","level":"info","event":"Filling up the DagBag from /opt/airflow/dags/verdanta_weekly.py","logger":"airflow.dag_processing.dagbag.BundleDagBag","filename":"dagbag.py","lineno":469}
{"timestamp":"2026-08-31T17:53:07.961853Z","level":"info","event":"::group::Cosmos DAG parsing logs","logger":"cosmos.converter","filename":"converter.py","lineno":321}
{"timestamp":"2026-08-31T17:53:07.965521Z","level":"info","event":"Cosmos cache dir resolved to /tmp/cosmos/verdanta_weekly__dbt_weekly","logger":"cosmos.converter","filename":"converter.py","lineno":346}
{"timestamp":"2026-08-31T17:53:07.965720Z","level":"info","event":"Trying to parse the dbt project using dbt ls cache cosmos_cache__verdanta_weekly__dbt_weekly...","logger":"cosmos.dbt.graph","filename":"graph.py","lineno":869}
{"timestamp":"2026-08-31T17:53:08.110447Z","level":"info","event":"Cosmos performance: time to calculate cache identifier cosmos_cache__verdanta_weekly__dbt_weekly for current version: 0.12818655999996054","logger":"cosmos.cache","filename":"cache.py","lineno":401}
{"timestamp":"2026-08-31T17:53:08.110661Z","level":"info","event":"Cosmos performance [64ceca511f84|284]: The cache size for cosmos_cache__verdanta_weekly__dbt_weekly is 23804","logger":"cosmos.dbt.graph","filename":"graph.py","lineno":886}
{"timestamp":"2026-08-31T17:53:08.111914Z","level":"info","event":"Cosmos performance: Cache hit for cosmos_cache__verdanta_weekly__dbt_weekly - 39a8c4b6e19a7b5e14cfea47af7dbd90,1ae01f5b93cde0ad1f6d9482f1b54abd","logger":"cosmos.dbt.graph","filename":"graph.py","lineno":898}
{"timestamp":"2026-08-31T17:53:08.112049Z","level":"info","event":"Total nodes: 27","logger":"cosmos.dbt.graph","filename":"graph.py","lineno":799}
{"timestamp":"2026-08-31T17:53:08.112120Z","level":"info","event":"Total filtered nodes: 27","logger":"cosmos.dbt.graph","filename":"graph.py","lineno":800}
{"timestamp":"2026-08-31T17:53:08.112184Z","level":"info","event":"Cosmos performance (verdanta_weekly__dbt_weekly) - [64ceca511f84|284]: It took 0.147s to parse the dbt project for DAG using LoadMode.DBT_LS_CACHE","logger":"cosmos.converter","filename":"converter.py","lineno":371}
{"timestamp":"2026-08-31T17:53:08.134154Z","level":"info","event":"Cosmos performance (verdanta_weekly__dbt_weekly) - [64ceca511f84|284]: It took 0.0219s to build the Airflow DAG.","logger":"cosmos.converter","filename":"converter.py","lineno":423}
{"timestamp":"2026-08-31T17:53:08.134312Z","level":"info","event":"::endgroup::Cosmos DAG parsing logs","logger":"cosmos.converter","filename":"converter.py","lineno":430}
{"timestamp":"2026-08-31T17:53:08.134717Z","level":"warning","event":"Using Variable.get from `airflow.models` is deprecated.Please use `get` on Variable from sdk(`airflow.sdk.Variable`) instead","category":"UserWarning","filename":"/home/airflow/.local/lib/python3.13/site-packages/airflow/models/variable.py","lineno":158,"logger":"py.warnings"}
{"timestamp":"2026-08-31T17:53:38.202340Z","level":"info","event":"Filling up the DagBag from /opt/airflow/dags/verdanta_weekly.py","logger":"airflow.dag_processing.dagbag.BundleDagBag","filename":"dagbag.py","lineno":469}
{"timestamp":"2026-08-31T17:53:38.278535Z","level":"info","event":"::group::Cosmos DAG parsing logs","logger":"cosmos.converter","filename":"converter.py","lineno":321}
{"timestamp":"2026-08-31T17:53:38.282409Z","level":"info","event":"Cosmos cache dir resolved to /tmp/cosmos/verdanta_weekly__dbt_weekly","logger":"cosmos.converter","filename":"converter.py","lineno":346}
{"timestamp":"2026-08-31T17:53:38.282598Z","level":"info","event":"Trying to parse the dbt project using dbt ls cache cosmos_cache__verdanta_weekly__dbt_weekly...","logger":"cosmos.dbt.graph","filename":"graph.py","lineno":869}
{"timestamp":"2026-08-31T17:53:38.416955Z","level":"info","event":"Cosmos performance: time to calculate cache identifier cosmos_cache__verdanta_weekly__dbt_weekly for current version: 0.120550398999967","logger":"cosmos.cache","filename":"cache.py","lineno":401}
{"timestamp":"2026-08-31T17:53:38.417184Z","level":"info","event":"Cosmos performance [64ceca511f84|316]: The cache size for cosmos_cache__verdanta_weekly__dbt_weekly is 23804","logger":"cosmos.dbt.graph","filename":"graph.py","lineno":886}
{"timestamp":"2026-08-31T17:53:38.417985Z","level":"info","event":"Cosmos performance: Cache hit for cosmos_cache__verdanta_weekly__dbt_weekly - 39a8c4b6e19a7b5e14cfea47af7dbd90,1ae01f5b93cde0ad1f6d9482f1b54abd","logger":"cosmos.dbt.graph","filename":"graph.py","lineno":898}
{"timestamp":"2026-08-31T17:53:38.418110Z","level":"info","event":"Total nodes: 27","logger":"cosmos.dbt.graph","filename":"graph.py","lineno":799}
{"timestamp":"2026-08-31T17:53:38.418168Z","level":"info","event":"Total filtered nodes: 27","logger":"cosmos.dbt.graph","filename":"graph.py","lineno":800}
{"timestamp":"2026-08-31T17:53:38.418236Z","level":"info","event":"Cosmos performance (verdanta_weekly__dbt_weekly) - [64ceca511f84|316]: It took 0.136s to parse the dbt project for DAG using LoadMode.DBT_LS_CACHE","logger":"cosmos.converter","filename":"converter.py","lineno":371}
{"timestamp":"2026-08-31T17:53:38.439315Z","level":"info","event":"Cosmos performance (verdanta_weekly__dbt_weekly) - [64ceca511f84|316]: It took 0.021s to build the Airflow DAG.","logger":"cosmos.converter","filename":"converter.py","lineno":423}
{"timestamp":"2026-08-31T17:53:38.439452Z","level":"info","event":"::endgroup::Cosmos DAG parsing logs","logger":"cosmos.converter","filename":"converter.py","lineno":430}
{"timestamp":"2026-08-31T17:53:38.439840Z","level":"warning","event":"Using Variable.get from `airflow.models` is deprecated.Please use `get` on Variable from sdk(`airflow.sdk.Variable`) instead","category":"UserWarning","filename":"/home/airflow/.local/lib/python3.13/site-packages/airflow/models/variable.py","lineno":158,"logger":"py.warnings"}
{"timestamp":"2026-08-31T17:54:08.722061Z","level":"info","event":"Filling up the DagBag from /opt/airflow/dags/verdanta_weekly.py","logger":"airflow.dag_processing.dagbag.BundleDagBag","filename":"dagbag.py","lineno":469}
{"timestamp":"2026-08-31T17:54:08.796449Z","level":"info","event":"::group::Cosmos DAG parsing logs","logger":"cosmos.converter","filename":"converter.py","lineno":321}
{"timestamp":"2026-08-31T17:54:08.799661Z","level":"info","event":"Cosmos cache dir resolved to /tmp/cosmos/verdanta_weekly__dbt_weekly","logger":"cosmos.converter","filename":"converter.py","lineno":346}
{"timestamp":"2026-08-31T17:54:08.799895Z","level":"info","event":"Trying to parse the dbt project using dbt ls cache cosmos_cache__verdanta_weekly__dbt_weekly...","logger":"cosmos.dbt.graph","filename":"graph.py","lineno":869}
{"timestamp":"2026-08-31T17:54:08.941525Z","level":"info","event":"Cosmos performance: time to calculate cache identifier cosmos_cache__verdanta_weekly__dbt_weekly for current version: 0.12501536199999919","logger":"cosmos.cache","filename":"cache.py","lineno":401}
{"timestamp":"2026-08-31T17:54:08.941758Z","level":"info","event":"Cosmos performance [64ceca511f84|350]: The cache size for cosmos_cache__verdanta_weekly__dbt_weekly is 23804","logger":"cosmos.dbt.graph","filename":"graph.py","lineno":886}
{"timestamp":"2026-08-31T17:54:08.942705Z","level":"info","event":"Cosmos performance: Cache hit for cosmos_cache__verdanta_weekly__dbt_weekly - 39a8c4b6e19a7b5e14cfea47af7dbd90,1ae01f5b93cde0ad1f6d9482f1b54abd","logger":"cosmos.dbt.graph","filename":"graph.py","lineno":898}
{"timestamp":"2026-08-31T17:54:08.942839Z","level":"info","event":"Total nodes: 27","logger":"cosmos.dbt.graph","filename":"graph.py","lineno":799}
{"timestamp":"2026-08-31T17:54:08.942908Z","level":"info","event":"Total filtered nodes: 27","logger":"cosmos.dbt.graph","filename":"graph.py","lineno":800}
{"timestamp":"2026-08-31T17:54:08.942984Z","level":"info","event":"Cosmos performance (verdanta_weekly__dbt_weekly) - [64ceca511f84|350]: It took 0.143s to parse the dbt project for DAG using LoadMode.DBT_LS_CACHE","logger":"cosmos.converter","filename":"converter.py","lineno":371}
{"timestamp":"2026-08-31T17:54:08.961733Z","level":"info","event":"Cosmos performance (verdanta_weekly__dbt_weekly) - [64ceca511f84|350]: It took 0.0187s to build the Airflow DAG.","logger":"cosmos.converter","filename":"converter.py","lineno":423}
{"timestamp":"2026-08-31T17:54:08.961894Z","level":"info","event":"::endgroup::Cosmos DAG parsing logs","logger":"cosmos.converter","filename":"converter.py","lineno":430}
{"timestamp":"2026-08-31T17:54:08.962596Z","level":"warning","event":"Using Variable.get from `airflow.models` is deprecated.Please use `get` on Variable from sdk(`airflow.sdk.Variable`) instead","category":"UserWarning","filename":"/home/airflow/.local/lib/python3.13/site-packages/airflow/models/variable.py","lineno":158,"logger":"py.warnings"}
{"timestamp":"2026-08-31T17:54:39.275227Z","level":"info","event":"Filling up the DagBag from /opt/airflow/dags/verdanta_weekly.py","logger":"airflow.dag_processing.dagbag.BundleDagBag","filename":"dagbag.py","lineno":469}
{"timestamp":"2026-08-31T17:54:39.359613Z","level":"info","event":"::group::Cosmos DAG parsing logs","logger":"cosmos.converter","filename":"converter.py","lineno":321}
{"timestamp":"2026-08-31T17:54:39.363872Z","level":"info","event":"Cosmos cache dir resolved to /tmp/cosmos/verdanta_weekly__dbt_weekly","logger":"cosmos.converter","filename":"converter.py","lineno":346}
{"timestamp":"2026-08-31T17:54:39.364087Z","level":"info","event":"Trying to parse the dbt project using dbt ls cache cosmos_cache__verdanta_weekly__dbt_weekly...","logger":"cosmos.dbt.graph","filename":"graph.py","lineno":869}
{"timestamp":"2026-08-31T17:54:39.508273Z","level":"info","event":"Cosmos performance: time to calculate cache identifier cosmos_cache__verdanta_weekly__dbt_weekly for current version: 0.12763381400003482","logger":"cosmos.cache","filename":"cache.py","lineno":401}
{"timestamp":"2026-08-31T17:54:39.508521Z","level":"info","event":"Cosmos performance [64ceca511f84|385]: The cache size for cosmos_cache__verdanta_weekly__dbt_weekly is 23804","logger":"cosmos.dbt.graph","filename":"graph.py","lineno":886}
{"timestamp":"2026-08-31T17:54:39.509443Z","level":"info","event":"Cosmos performance: Cache hit for cosmos_cache__verdanta_weekly__dbt_weekly - 39a8c4b6e19a7b5e14cfea47af7dbd90,1ae01f5b93cde0ad1f6d9482f1b54abd","logger":"cosmos.dbt.graph","filename":"graph.py","lineno":898}
{"timestamp":"2026-08-31T17:54:39.509560Z","level":"info","event":"Total nodes: 27","logger":"cosmos.dbt.graph","filename":"graph.py","lineno":799}
{"timestamp":"2026-08-31T17:54:39.509618Z","level":"info","event":"Total filtered nodes: 27","logger":"cosmos.dbt.graph","filename":"graph.py","lineno":800}
{"timestamp":"2026-08-31T17:54:39.509680Z","level":"info","event":"Cosmos performance (verdanta_weekly__dbt_weekly) - [64ceca511f84|385]: It took 0.146s to parse the dbt project for DAG using LoadMode.DBT_LS_CACHE","logger":"cosmos.converter","filename":"converter.py","lineno":371}
{"timestamp":"2026-08-31T17:54:39.528690Z","level":"info","event":"Cosmos performance (verdanta_weekly__dbt_weekly) - [64ceca511f84|385]: It took 0.019s to build the Airflow DAG.","logger":"cosmos.converter","filename":"converter.py","lineno":423}
{"timestamp":"2026-08-31T17:54:39.528844Z","level":"info","event":"::endgroup::Cosmos DAG parsing logs","logger":"cosmos.converter","filename":"converter.py","lineno":430}
{"timestamp":"2026-08-31T17:54:39.529347Z","level":"warning","event":"Using Variable.get from `airflow.models` is deprecated.Please use `get` on Variable from sdk(`airflow.sdk.Variable`) instead","category":"UserWarning","filename":"/home/airflow/.local/lib/python3.13/site-packages/airflow/models/variable.py","lineno":158,"logger":"py.warnings"}
{"timestamp":"2026-08-31T17:55:09.877929Z","level":"info","event":"Filling up the DagBag from /opt/airflow/dags/verdanta_weekly.py","logger":"airflow.dag_processing.dagbag.BundleDagBag","filename":"dagbag.py","lineno":469}
{"timestamp":"2026-08-31T17:55:09.949139Z","level":"info","event":"::group::Cosmos DAG parsing logs","logger":"cosmos.converter","filename":"converter.py","lineno":321}
{"timestamp":"2026-08-31T17:55:09.952222Z","level":"info","event":"Cosmos cache dir resolved to /tmp/cosmos/verdanta_weekly__dbt_weekly","logger":"cosmos.converter","filename":"converter.py","lineno":346}
{"timestamp":"2026-08-31T17:55:09.952426Z","level":"info","event":"Trying to parse the dbt project using dbt ls cache cosmos_cache__verdanta_weekly__dbt_weekly...","logger":"cosmos.dbt.graph","filename":"graph.py","lineno":869}
{"timestamp":"2026-08-31T17:55:10.088599Z","level":"info","event":"Cosmos performance: time to calculate cache identifier cosmos_cache__verdanta_weekly__dbt_weekly for current version: 0.12131840099999636","logger":"cosmos.cache","filename":"cache.py","lineno":401}
{"timestamp":"2026-08-31T17:55:10.088808Z","level":"info","event":"Cosmos performance [64ceca511f84|414]: The cache size for cosmos_cache__verdanta_weekly__dbt_weekly is 23804","logger":"cosmos.dbt.graph","filename":"graph.py","lineno":886}
{"timestamp":"2026-08-31T17:55:10.089791Z","level":"info","event":"Cosmos performance: Cache hit for cosmos_cache__verdanta_weekly__dbt_weekly - 39a8c4b6e19a7b5e14cfea47af7dbd90,1ae01f5b93cde0ad1f6d9482f1b54abd","logger":"cosmos.dbt.graph","filename":"graph.py","lineno":898}
{"timestamp":"2026-08-31T17:55:10.089922Z","level":"info","event":"Total nodes: 27","logger":"cosmos.dbt.graph","filename":"graph.py","lineno":799}
{"timestamp":"2026-08-31T17:55:10.089993Z","level":"info","event":"Total filtered nodes: 27","logger":"cosmos.dbt.graph","filename":"graph.py","lineno":800}
{"timestamp":"2026-08-31T17:55:10.090059Z","level":"info","event":"Cosmos performance (verdanta_weekly__dbt_weekly) - [64ceca511f84|414]: It took 0.138s to parse the dbt project for DAG using LoadMode.DBT_LS_CACHE","logger":"cosmos.converter","filename":"converter.py","lineno":371}
{"timestamp":"2026-08-31T17:55:10.108894Z","level":"info","event":"Cosmos performance (verdanta_weekly__dbt_weekly) - [64ceca511f84|414]: It took 0.0188s to build the Airflow DAG.","logger":"cosmos.converter","filename":"converter.py","lineno":423}
{"timestamp":"2026-08-31T17:55:10.109036Z","level":"info","event":"::endgroup::Cosmos DAG parsing logs","logger":"cosmos.converter","filename":"converter.py","lineno":430}
{"timestamp":"2026-08-31T17:55:10.109578Z","level":"warning","event":"Using Variable.get from `airflow.models` is deprecated.Please use `get` on Variable from sdk(`airflow.sdk.Variable`) instead","category":"UserWarning","filename":"/home/airflow/.local/lib/python3.13/site-packages/airflow/models/variable.py","lineno":158,"logger":"py.warnings"}
{"timestamp":"2026-08-31T17:55:41.319010Z","level":"info","event":"Filling up the DagBag from /opt/airflow/dags/verdanta_weekly.py","logger":"airflow.dag_processing.dagbag.BundleDagBag","filename":"dagbag.py","lineno":469}
{"timestamp":"2026-08-31T17:55:41.382796Z","level":"info","event":"::group::Cosmos DAG parsing logs","logger":"cosmos.converter","filename":"converter.py","lineno":321}
{"timestamp":"2026-08-31T17:55:41.386697Z","level":"info","event":"Cosmos cache dir resolved to /tmp/cosmos/verdanta_weekly__dbt_weekly","logger":"cosmos.converter","filename":"converter.py","lineno":346}
{"timestamp":"2026-08-31T17:55:41.386881Z","level":"info","event":"Trying to parse the dbt project using dbt ls cache cosmos_cache__verdanta_weekly__dbt_weekly...","logger":"cosmos.dbt.graph","filename":"graph.py","lineno":869}
{"timestamp":"2026-08-31T17:55:41.523812Z","level":"info","event":"Cosmos performance: time to calculate cache identifier cosmos_cache__verdanta_weekly__dbt_weekly for current version: 0.12374971299999515","logger":"cosmos.cache","filename":"cache.py","lineno":401}
{"timestamp":"2026-08-31T17:55:41.524068Z","level":"info","event":"Cosmos performance [64ceca511f84|450]: The cache size for cosmos_cache__verdanta_weekly__dbt_weekly is 23804","logger":"cosmos.dbt.graph","filename":"graph.py","lineno":886}
{"timestamp":"2026-08-31T17:55:41.524906Z","level":"info","event":"Cosmos performance: Cache hit for cosmos_cache__verdanta_weekly__dbt_weekly - 39a8c4b6e19a7b5e14cfea47af7dbd90,1ae01f5b93cde0ad1f6d9482f1b54abd","logger":"cosmos.dbt.graph","filename":"graph.py","lineno":898}
{"timestamp":"2026-08-31T17:55:41.525019Z","level":"info","event":"Total nodes: 27","logger":"cosmos.dbt.graph","filename":"graph.py","lineno":799}
{"timestamp":"2026-08-31T17:55:41.525076Z","level":"info","event":"Total filtered nodes: 27","logger":"cosmos.dbt.graph","filename":"graph.py","lineno":800}
{"timestamp":"2026-08-31T17:55:41.525138Z","level":"info","event":"Cosmos performance (verdanta_weekly__dbt_weekly) - [64ceca511f84|450]: It took 0.138s to parse the dbt project for DAG using LoadMode.DBT_LS_CACHE","logger":"cosmos.converter","filename":"converter.py","lineno":371}
{"timestamp":"2026-08-31T17:55:41.547188Z","level":"info","event":"Cosmos performance (verdanta_weekly__dbt_weekly) - [64ceca511f84|450]: It took 0.022s to build the Airflow DAG.","logger":"cosmos.converter","filename":"converter.py","lineno":423}
{"timestamp":"2026-08-31T17:55:41.547369Z","level":"info","event":"::endgroup::Cosmos DAG parsing logs","logger":"cosmos.converter","filename":"converter.py","lineno":430}
{"timestamp":"2026-08-31T17:55:41.548007Z","level":"warning","event":"Using Variable.get from `airflow.models` is deprecated.Please use `get` on Variable from sdk(`airflow.sdk.Variable`) instead","category":"UserWarning","filename":"/home/airflow/.local/lib/python3.13/site-packages/airflow/models/variable.py","lineno":158,"logger":"py.warnings"}
{"timestamp":"2026-08-31T17:56:11.733621Z","level":"info","event":"Filling up the DagBag from /opt/airflow/dags/verdanta_weekly.py","logger":"airflow.dag_processing.dagbag.BundleDagBag","filename":"dagbag.py","lineno":469}
{"timestamp":"2026-08-31T17:56:11.808841Z","level":"info","event":"::group::Cosmos DAG parsing logs","logger":"cosmos.converter","filename":"converter.py","lineno":321}
{"timestamp":"2026-08-31T17:56:11.812564Z","level":"info","event":"Cosmos cache dir resolved to /tmp/cosmos/verdanta_weekly__dbt_weekly","logger":"cosmos.converter","filename":"converter.py","lineno":346}
{"timestamp":"2026-08-31T17:56:11.812781Z","level":"info","event":"Trying to parse the dbt project using dbt ls cache cosmos_cache__verdanta_weekly__dbt_weekly...","logger":"cosmos.dbt.graph","filename":"graph.py","lineno":869}
{"timestamp":"2026-08-31T17:56:11.948677Z","level":"info","event":"Cosmos performance: time to calculate cache identifier cosmos_cache__verdanta_weekly__dbt_weekly for current version: 0.12135932299997876","logger":"cosmos.cache","filename":"cache.py","lineno":401}
{"timestamp":"2026-08-31T17:56:11.948984Z","level":"info","event":"Cosmos performance [64ceca511f84|464]: The cache size for cosmos_cache__verdanta_weekly__dbt_weekly is 23804","logger":"cosmos.dbt.graph","filename":"graph.py","lineno":886}
{"timestamp":"2026-08-31T17:56:11.949888Z","level":"info","event":"Cosmos performance: Cache hit for cosmos_cache__verdanta_weekly__dbt_weekly - 39a8c4b6e19a7b5e14cfea47af7dbd90,1ae01f5b93cde0ad1f6d9482f1b54abd","logger":"cosmos.dbt.graph","filename":"graph.py","lineno":898}
{"timestamp":"2026-08-31T17:56:11.950022Z","level":"info","event":"Total nodes: 27","logger":"cosmos.dbt.graph","filename":"graph.py","lineno":799}
{"timestamp":"2026-08-31T17:56:11.950083Z","level":"info","event":"Total filtered nodes: 27","logger":"cosmos.dbt.graph","filename":"graph.py","lineno":800}
{"timestamp":"2026-08-31T17:56:11.950210Z","level":"info","event":"Cosmos performance (verdanta_weekly__dbt_weekly) - [64ceca511f84|464]: It took 0.138s to parse the dbt project for DAG using LoadMode.DBT_LS_CACHE","logger":"cosmos.converter","filename":"converter.py","lineno":371}
{"timestamp":"2026-08-31T17:56:11.970220Z","level":"info","event":"Cosmos performance (verdanta_weekly__dbt_weekly) - [64ceca511f84|464]: It took 0.02s to build the Airflow DAG.","logger":"cosmos.converter","filename":"converter.py","lineno":423}
{"timestamp":"2026-08-31T17:56:11.970369Z","level":"info","event":"::endgroup::Cosmos DAG parsing logs","logger":"cosmos.converter","filename":"converter.py","lineno":430}
{"timestamp":"2026-08-31T17:56:11.970974Z","level":"warning","event":"Using Variable.get from `airflow.models` is deprecated.Please use `get` on Variable from sdk(`airflow.sdk.Variable`) instead","category":"UserWarning","filename":"/home/airflow/.local/lib/python3.13/site-packages/airflow/models/variable.py","lineno":158,"logger":"py.warnings"}
{"timestamp":"2026-08-31T17:56:42.891300Z","level":"info","event":"Filling up the DagBag from /opt/airflow/dags/verdanta_weekly.py","logger":"airflow.dag_processing.dagbag.BundleDagBag","filename":"dagbag.py","lineno":469}
{"timestamp":"2026-08-31T17:56:42.974375Z","level":"info","event":"::group::Cosmos DAG parsing logs","logger":"cosmos.converter","filename":"converter.py","lineno":321}
{"timestamp":"2026-08-31T17:56:42.978103Z","level":"info","event":"Cosmos cache dir resolved to /tmp/cosmos/verdanta_weekly__dbt_weekly","logger":"cosmos.converter","filename":"converter.py","lineno":346}
{"timestamp":"2026-08-31T17:56:42.978378Z","level":"info","event":"Trying to parse the dbt project using dbt ls cache cosmos_cache__verdanta_weekly__dbt_weekly...","logger":"cosmos.dbt.graph","filename":"graph.py","lineno":869}
{"timestamp":"2026-08-31T17:56:43.127013Z","level":"info","event":"Cosmos performance: time to calculate cache identifier cosmos_cache__verdanta_weekly__dbt_weekly for current version: 0.1338908339999989","logger":"cosmos.cache","filename":"cache.py","lineno":401}
{"timestamp":"2026-08-31T17:56:43.127296Z","level":"info","event":"Cosmos performance [64ceca511f84|500]: The cache size for cosmos_cache__verdanta_weekly__dbt_weekly is 23804","logger":"cosmos.dbt.graph","filename":"graph.py","lineno":886}
{"timestamp":"2026-08-31T17:56:43.128183Z","level":"info","event":"Cosmos performance: Cache hit for cosmos_cache__verdanta_weekly__dbt_weekly - 39a8c4b6e19a7b5e14cfea47af7dbd90,1ae01f5b93cde0ad1f6d9482f1b54abd","logger":"cosmos.dbt.graph","filename":"graph.py","lineno":898}
{"timestamp":"2026-08-31T17:56:43.128320Z","level":"info","event":"Total nodes: 27","logger":"cosmos.dbt.graph","filename":"graph.py","lineno":799}
{"timestamp":"2026-08-31T17:56:43.128394Z","level":"info","event":"Total filtered nodes: 27","logger":"cosmos.dbt.graph","filename":"graph.py","lineno":800}
{"timestamp":"2026-08-31T17:56:43.128475Z","level":"info","event":"Cosmos performance (verdanta_weekly__dbt_weekly) - [64ceca511f84|500]: It took 0.15s to parse the dbt project for DAG using LoadMode.DBT_LS_CACHE","logger":"cosmos.converter","filename":"converter.py","lineno":371}
{"timestamp":"2026-08-31T17:56:43.148002Z","level":"info","event":"Cosmos performance (verdanta_weekly__dbt_weekly) - [64ceca511f84|500]: It took 0.0195s to build the Airflow DAG.","logger":"cosmos.converter","filename":"converter.py","lineno":423}
{"timestamp":"2026-08-31T17:56:43.148179Z","level":"info","event":"::endgroup::Cosmos DAG parsing logs","logger":"cosmos.converter","filename":"converter.py","lineno":430}
{"timestamp":"2026-08-31T17:56:43.148739Z","level":"warning","event":"Using Variable.get from `airflow.models` is deprecated.Please use `get` on Variable from sdk(`airflow.sdk.Variable`) instead","category":"UserWarning","filename":"/home/airflow/.local/lib/python3.13/site-packages/airflow/models/variable.py","lineno":158,"logger":"py.warnings"}
{"timestamp":"2026-08-31T17:57:13.430674Z","level":"info","event":"Filling up the DagBag from /opt/airflow/dags/verdanta_weekly.py","logger":"airflow.dag_processing.dagbag.BundleDagBag","filename":"dagbag.py","lineno":469}
{"timestamp":"2026-08-31T17:57:13.505456Z","level":"info","event":"::group::Cosmos DAG parsing logs","logger":"cosmos.converter","filename":"converter.py","lineno":321}
{"timestamp":"2026-08-31T17:57:13.509189Z","level":"info","event":"Cosmos cache dir resolved to /tmp/cosmos/verdanta_weekly__dbt_weekly","logger":"cosmos.converter","filename":"converter.py","lineno":346}
{"timestamp":"2026-08-31T17:57:13.509409Z","level":"info","event":"Trying to parse the dbt project using dbt ls cache cosmos_cache__verdanta_weekly__dbt_weekly...","logger":"cosmos.dbt.graph","filename":"graph.py","lineno":869}
{"timestamp":"2026-08-31T17:57:13.647611Z","level":"info","event":"Cosmos performance: time to calculate cache identifier cosmos_cache__verdanta_weekly__dbt_weekly for current version: 0.123516077999966","logger":"cosmos.cache","filename":"cache.py","lineno":401}
{"timestamp":"2026-08-31T17:57:13.647850Z","level":"info","event":"Cosmos performance [64ceca511f84|536]: The cache size for cosmos_cache__verdanta_weekly__dbt_weekly is 23804","logger":"cosmos.dbt.graph","filename":"graph.py","lineno":886}
{"timestamp":"2026-08-31T17:57:13.648813Z","level":"info","event":"Cosmos performance: Cache hit for cosmos_cache__verdanta_weekly__dbt_weekly - 39a8c4b6e19a7b5e14cfea47af7dbd90,1ae01f5b93cde0ad1f6d9482f1b54abd","logger":"cosmos.dbt.graph","filename":"graph.py","lineno":898}
{"timestamp":"2026-08-31T17:57:13.648956Z","level":"info","event":"Total nodes: 27","logger":"cosmos.dbt.graph","filename":"graph.py","lineno":799}
{"timestamp":"2026-08-31T17:57:13.649018Z","level":"info","event":"Total filtered nodes: 27","logger":"cosmos.dbt.graph","filename":"graph.py","lineno":800}
{"timestamp":"2026-08-31T17:57:13.649084Z","level":"info","event":"Cosmos performance (verdanta_weekly__dbt_weekly) - [64ceca511f84|536]: It took 0.14s to parse the dbt project for DAG using LoadMode.DBT_LS_CACHE","logger":"cosmos.converter","filename":"converter.py","lineno":371}
{"timestamp":"2026-08-31T17:57:13.666099Z","level":"info","event":"Cosmos performance (verdanta_weekly__dbt_weekly) - [64ceca511f84|536]: It took 0.017s to build the Airflow DAG.","logger":"cosmos.converter","filename":"converter.py","lineno":423}
{"timestamp":"2026-08-31T17:57:13.666253Z","level":"info","event":"::endgroup::Cosmos DAG parsing logs","logger":"cosmos.converter","filename":"converter.py","lineno":430}
{"timestamp":"2026-08-31T17:57:13.666733Z","level":"warning","event":"Using Variable.get from `airflow.models` is deprecated.Please use `get` on Variable from sdk(`airflow.sdk.Variable`) instead","category":"UserWarning","filename":"/home/airflow/.local/lib/python3.13/site-packages/airflow/models/variable.py","lineno":158,"logger":"py.warnings"}
{"timestamp":"2026-08-31T17:57:44.000586Z","level":"info","event":"Filling up the DagBag from /opt/airflow/dags/verdanta_weekly.py","logger":"airflow.dag_processing.dagbag.BundleDagBag","filename":"dagbag.py","lineno":469}
{"timestamp":"2026-08-31T17:57:44.071226Z","level":"info","event":"::group::Cosmos DAG parsing logs","logger":"cosmos.converter","filename":"converter.py","lineno":321}
{"timestamp":"2026-08-31T17:57:44.074844Z","level":"info","event":"Cosmos cache dir resolved to /tmp/cosmos/verdanta_weekly__dbt_weekly","logger":"cosmos.converter","filename":"converter.py","lineno":346}
{"timestamp":"2026-08-31T17:57:44.075060Z","level":"info","event":"Trying to parse the dbt project using dbt ls cache cosmos_cache__verdanta_weekly__dbt_weekly...","logger":"cosmos.dbt.graph","filename":"graph.py","lineno":869}
{"timestamp":"2026-08-31T17:57:44.228150Z","level":"info","event":"Cosmos performance: time to calculate cache identifier cosmos_cache__verdanta_weekly__dbt_weekly for current version: 0.12215367900000729","logger":"cosmos.cache","filename":"cache.py","lineno":401}
{"timestamp":"2026-08-31T17:57:44.228373Z","level":"info","event":"Cosmos performance [64ceca511f84|572]: The cache size for cosmos_cache__verdanta_weekly__dbt_weekly is 23804","logger":"cosmos.dbt.graph","filename":"graph.py","lineno":886}
{"timestamp":"2026-08-31T17:57:44.229237Z","level":"info","event":"Cosmos performance: Cache hit for cosmos_cache__verdanta_weekly__dbt_weekly - 39a8c4b6e19a7b5e14cfea47af7dbd90,1ae01f5b93cde0ad1f6d9482f1b54abd","logger":"cosmos.dbt.graph","filename":"graph.py","lineno":898}
{"timestamp":"2026-08-31T17:57:44.229388Z","level":"info","event":"Total nodes: 27","logger":"cosmos.dbt.graph","filename":"graph.py","lineno":799}
{"timestamp":"2026-08-31T17:57:44.229463Z","level":"info","event":"Total filtered nodes: 27","logger":"cosmos.dbt.graph","filename":"graph.py","lineno":800}
{"timestamp":"2026-08-31T17:57:44.229529Z","level":"info","event":"Cosmos performance (verdanta_weekly__dbt_weekly) - [64ceca511f84|572]: It took 0.155s to parse the dbt project for DAG using LoadMode.DBT_LS_CACHE","logger":"cosmos.converter","filename":"converter.py","lineno":371}
{"timestamp":"2026-08-31T17:57:44.246873Z","level":"info","event":"Cosmos performance (verdanta_weekly__dbt_weekly) - [64ceca511f84|572]: It took 0.0173s to build the Airflow DAG.","logger":"cosmos.converter","filename":"converter.py","lineno":423}
{"timestamp":"2026-08-31T17:57:44.247013Z","level":"info","event":"::endgroup::Cosmos DAG parsing logs","logger":"cosmos.converter","filename":"converter.py","lineno":430}
{"timestamp":"2026-08-31T17:57:44.247432Z","level":"warning","event":"Using Variable.get from `airflow.models` is deprecated.Please use `get` on Variable from sdk(`airflow.sdk.Variable`) instead","category":"UserWarning","filename":"/home/airflow/.local/lib/python3.13/site-packages/airflow/models/variable.py","lineno":158,"logger":"py.warnings"}
{"timestamp":"2026-08-31T17:58:14.732160Z","level":"info","event":"Filling up the DagBag from /opt/airflow/dags/verdanta_weekly.py","logger":"airflow.dag_processing.dagbag.BundleDagBag","filename":"dagbag.py","lineno":469}
{"timestamp":"2026-08-31T17:58:14.796555Z","level":"info","event":"::group::Cosmos DAG parsing logs","logger":"cosmos.converter","filename":"converter.py","lineno":321}
{"timestamp":"2026-08-31T17:58:14.799719Z","level":"info","event":"Cosmos cache dir resolved to /tmp/cosmos/verdanta_weekly__dbt_weekly","logger":"cosmos.converter","filename":"converter.py","lineno":346}
{"timestamp":"2026-08-31T17:58:14.799936Z","level":"info","event":"Trying to parse the dbt project using dbt ls cache cosmos_cache__verdanta_weekly__dbt_weekly...","logger":"cosmos.dbt.graph","filename":"graph.py","lineno":869}
{"timestamp":"2026-08-31T17:58:14.944908Z","level":"info","event":"Cosmos performance: time to calculate cache identifier cosmos_cache__verdanta_weekly__dbt_weekly for current version: 0.12878448499998285","logger":"cosmos.cache","filename":"cache.py","lineno":401}
{"timestamp":"2026-08-31T17:58:14.945092Z","level":"info","event":"Cosmos performance [64ceca511f84|610]: The cache size for cosmos_cache__verdanta_weekly__dbt_weekly is 23804","logger":"cosmos.dbt.graph","filename":"graph.py","lineno":886}
{"timestamp":"2026-08-31T17:58:14.945903Z","level":"info","event":"Cosmos performance: Cache hit for cosmos_cache__verdanta_weekly__dbt_weekly - 39a8c4b6e19a7b5e14cfea47af7dbd90,1ae01f5b93cde0ad1f6d9482f1b54abd","logger":"cosmos.dbt.graph","filename":"graph.py","lineno":898}
{"timestamp":"2026-08-31T17:58:14.946013Z","level":"info","event":"Total nodes: 27","logger":"cosmos.dbt.graph","filename":"graph.py","lineno":799}
{"timestamp":"2026-08-31T17:58:14.946070Z","level":"info","event":"Total filtered nodes: 27","logger":"cosmos.dbt.graph","filename":"graph.py","lineno":800}
{"timestamp":"2026-08-31T17:58:14.946131Z","level":"info","event":"Cosmos performance (verdanta_weekly__dbt_weekly) - [64ceca511f84|610]: It took 0.146s to parse the dbt project for DAG using LoadMode.DBT_LS_CACHE","logger":"cosmos.converter","filename":"converter.py","lineno":371}
{"timestamp":"2026-08-31T17:58:14.968423Z","level":"info","event":"Cosmos performance (verdanta_weekly__dbt_weekly) - [64ceca511f84|610]: It took 0.0223s to build the Airflow DAG.","logger":"cosmos.converter","filename":"converter.py","lineno":423}
{"timestamp":"2026-08-31T17:58:14.968562Z","level":"info","event":"::endgroup::Cosmos DAG parsing logs","logger":"cosmos.converter","filename":"converter.py","lineno":430}
{"timestamp":"2026-08-31T17:58:14.969040Z","level":"warning","event":"Using Variable.get from `airflow.models` is deprecated.Please use `get` on Variable from sdk(`airflow.sdk.Variable`) instead","category":"UserWarning","filename":"/home/airflow/.local/lib/python3.13/site-packages/airflow/models/variable.py","lineno":158,"logger":"py.warnings"}
{"timestamp":"2026-08-31T17:58:45.684991Z","level":"info","event":"Filling up the DagBag from /opt/airflow/dags/verdanta_weekly.py","logger":"airflow.dag_processing.dagbag.BundleDagBag","filename":"dagbag.py","lineno":469}
{"timestamp":"2026-08-31T17:58:45.748533Z","level":"info","event":"::group::Cosmos DAG parsing logs","logger":"cosmos.converter","filename":"converter.py","lineno":321}
{"timestamp":"2026-08-31T17:58:45.751718Z","level":"info","event":"Cosmos cache dir resolved to /tmp/cosmos/verdanta_weekly__dbt_weekly","logger":"cosmos.converter","filename":"converter.py","lineno":346}
{"timestamp":"2026-08-31T17:58:45.751934Z","level":"info","event":"Trying to parse the dbt project using dbt ls cache cosmos_cache__verdanta_weekly__dbt_weekly...","logger":"cosmos.dbt.graph","filename":"graph.py","lineno":869}
{"timestamp":"2026-08-31T17:58:45.889936Z","level":"info","event":"Cosmos performance: time to calculate cache identifier cosmos_cache__verdanta_weekly__dbt_weekly for current version: 0.12342888600005608","logger":"cosmos.cache","filename":"cache.py","lineno":401}
{"timestamp":"2026-08-31T17:58:45.890200Z","level":"info","event":"Cosmos performance [64ceca511f84|627]: The cache size for cosmos_cache__verdanta_weekly__dbt_weekly is 23804","logger":"cosmos.dbt.graph","filename":"graph.py","lineno":886}
{"timestamp":"2026-08-31T17:58:45.891754Z","level":"info","event":"Cosmos performance: Cache hit for cosmos_cache__verdanta_weekly__dbt_weekly - 39a8c4b6e19a7b5e14cfea47af7dbd90,1ae01f5b93cde0ad1f6d9482f1b54abd","logger":"cosmos.dbt.graph","filename":"graph.py","lineno":898}
{"timestamp":"2026-08-31T17:58:45.891874Z","level":"info","event":"Total nodes: 27","logger":"cosmos.dbt.graph","filename":"graph.py","lineno":799}
{"timestamp":"2026-08-31T17:58:45.891933Z","level":"info","event":"Total filtered nodes: 27","logger":"cosmos.dbt.graph","filename":"graph.py","lineno":800}
{"timestamp":"2026-08-31T17:58:45.892002Z","level":"info","event":"Cosmos performance (verdanta_weekly__dbt_weekly) - [64ceca511f84|627]: It took 0.14s to parse the dbt project for DAG using LoadMode.DBT_LS_CACHE","logger":"cosmos.converter","filename":"converter.py","lineno":371}
{"timestamp":"2026-08-31T17:58:45.913973Z","level":"info","event":"Cosmos performance (verdanta_weekly__dbt_weekly) - [64ceca511f84|627]: It took 0.0219s to build the Airflow DAG.","logger":"cosmos.converter","filename":"converter.py","lineno":423}
{"timestamp":"2026-08-31T17:58:45.914115Z","level":"info","event":"::endgroup::Cosmos DAG parsing logs","logger":"cosmos.converter","filename":"converter.py","lineno":430}
{"timestamp":"2026-08-31T17:58:45.914547Z","level":"warning","event":"Using Variable.get from `airflow.models` is deprecated.Please use `get` on Variable from sdk(`airflow.sdk.Variable`) instead","category":"UserWarning","filename":"/home/airflow/.local/lib/python3.13/site-packages/airflow/models/variable.py","lineno":158,"logger":"py.warnings"}
{"timestamp":"2026-08-31T17:59:16.530766Z","level":"info","event":"Filling up the DagBag from /opt/airflow/dags/verdanta_weekly.py","logger":"airflow.dag_processing.dagbag.BundleDagBag","filename":"dagbag.py","lineno":469}
{"timestamp":"2026-08-31T17:59:16.611021Z","level":"info","event":"::group::Cosmos DAG parsing logs","logger":"cosmos.converter","filename":"converter.py","lineno":321}
{"timestamp":"2026-08-31T17:59:16.614291Z","level":"info","event":"Cosmos cache dir resolved to /tmp/cosmos/verdanta_weekly__dbt_weekly","logger":"cosmos.converter","filename":"converter.py","lineno":346}
{"timestamp":"2026-08-31T17:59:16.614460Z","level":"info","event":"Trying to parse the dbt project using dbt ls cache cosmos_cache__verdanta_weekly__dbt_weekly...","logger":"cosmos.dbt.graph","filename":"graph.py","lineno":869}
{"timestamp":"2026-08-31T17:59:16.758411Z","level":"info","event":"Cosmos performance: time to calculate cache identifier cosmos_cache__verdanta_weekly__dbt_weekly for current version: 0.12928876000000855","logger":"cosmos.cache","filename":"cache.py","lineno":401}
{"timestamp":"2026-08-31T17:59:16.758629Z","level":"info","event":"Cosmos performance [64ceca511f84|658]: The cache size for cosmos_cache__verdanta_weekly__dbt_weekly is 23804","logger":"cosmos.dbt.graph","filename":"graph.py","lineno":886}
{"timestamp":"2026-08-31T17:59:16.759575Z","level":"info","event":"Cosmos performance: Cache hit for cosmos_cache__verdanta_weekly__dbt_weekly - 39a8c4b6e19a7b5e14cfea47af7dbd90,1ae01f5b93cde0ad1f6d9482f1b54abd","logger":"cosmos.dbt.graph","filename":"graph.py","lineno":898}
{"timestamp":"2026-08-31T17:59:16.759698Z","level":"info","event":"Total nodes: 27","logger":"cosmos.dbt.graph","filename":"graph.py","lineno":799}
{"timestamp":"2026-08-31T17:59:16.759767Z","level":"info","event":"Total filtered nodes: 27","logger":"cosmos.dbt.graph","filename":"graph.py","lineno":800}
{"timestamp":"2026-08-31T17:59:16.759845Z","level":"info","event":"Cosmos performance (verdanta_weekly__dbt_weekly) - [64ceca511f84|658]: It took 0.145s to parse the dbt project for DAG using LoadMode.DBT_LS_CACHE","logger":"cosmos.converter","filename":"converter.py","lineno":371}
{"timestamp":"2026-08-31T17:59:16.777960Z","level":"info","event":"Cosmos performance (verdanta_weekly__dbt_weekly) - [64ceca511f84|658]: It took 0.0181s to build the Airflow DAG.","logger":"cosmos.converter","filename":"converter.py","lineno":423}
{"timestamp":"2026-08-31T17:59:16.778097Z","level":"info","event":"::endgroup::Cosmos DAG parsing logs","logger":"cosmos.converter","filename":"converter.py","lineno":430}
{"timestamp":"2026-08-31T17:59:16.778683Z","level":"warning","event":"Using Variable.get from `airflow.models` is deprecated.Please use `get` on Variable from sdk(`airflow.sdk.Variable`) instead","category":"UserWarning","filename":"/home/airflow/.local/lib/python3.13/site-packages/airflow/models/variable.py","lineno":158,"logger":"py.warnings"}
{"timestamp":"2026-08-31T17:59:47.097332Z","level":"info","event":"Filling up the DagBag from /opt/airflow/dags/verdanta_weekly.py","logger":"airflow.dag_processing.dagbag.BundleDagBag","filename":"dagbag.py","lineno":469}
{"timestamp":"2026-08-31T17:59:47.182632Z","level":"info","event":"::group::Cosmos DAG parsing logs","logger":"cosmos.converter","filename":"converter.py","lineno":321}
{"timestamp":"2026-08-31T17:59:47.185980Z","level":"info","event":"Cosmos cache dir resolved to /tmp/cosmos/verdanta_weekly__dbt_weekly","logger":"cosmos.converter","filename":"converter.py","lineno":346}
{"timestamp":"2026-08-31T17:59:47.186206Z","level":"info","event":"Trying to parse the dbt project using dbt ls cache cosmos_cache__verdanta_weekly__dbt_weekly...","logger":"cosmos.dbt.graph","filename":"graph.py","lineno":869}
{"timestamp":"2026-08-31T17:59:47.327042Z","level":"info","event":"Cosmos performance: time to calculate cache identifier cosmos_cache__verdanta_weekly__dbt_weekly for current version: 0.12701174999995146","logger":"cosmos.cache","filename":"cache.py","lineno":401}
{"timestamp":"2026-08-31T17:59:47.327249Z","level":"info","event":"Cosmos performance [64ceca511f84|694]: The cache size for cosmos_cache__verdanta_weekly__dbt_weekly is 23804","logger":"cosmos.dbt.graph","filename":"graph.py","lineno":886}
{"timestamp":"2026-08-31T17:59:47.328097Z","level":"info","event":"Cosmos performance: Cache hit for cosmos_cache__verdanta_weekly__dbt_weekly - 39a8c4b6e19a7b5e14cfea47af7dbd90,1ae01f5b93cde0ad1f6d9482f1b54abd","logger":"cosmos.dbt.graph","filename":"graph.py","lineno":898}
{"timestamp":"2026-08-31T17:59:47.328211Z","level":"info","event":"Total nodes: 27","logger":"cosmos.dbt.graph","filename":"graph.py","lineno":799}
{"timestamp":"2026-08-31T17:59:47.328296Z","level":"info","event":"Total filtered nodes: 27","logger":"cosmos.dbt.graph","filename":"graph.py","lineno":800}
{"timestamp":"2026-08-31T17:59:47.328380Z","level":"info","event":"Cosmos performance (verdanta_weekly__dbt_weekly) - [64ceca511f84|694]: It took 0.142s to parse the dbt project for DAG using LoadMode.DBT_LS_CACHE","logger":"cosmos.converter","filename":"converter.py","lineno":371}
{"timestamp":"2026-08-31T17:59:47.345380Z","level":"info","event":"Cosmos performance (verdanta_weekly__dbt_weekly) - [64ceca511f84|694]: It took 0.017s to build the Airflow DAG.","logger":"cosmos.converter","filename":"converter.py","lineno":423}
{"timestamp":"2026-08-31T17:59:47.345527Z","level":"info","event":"::endgroup::Cosmos DAG parsing logs","logger":"cosmos.converter","filename":"converter.py","lineno":430}
{"timestamp":"2026-08-31T17:59:47.346033Z","level":"warning","event":"Using Variable.get from `airflow.models` is deprecated.Please use `get` on Variable from sdk(`airflow.sdk.Variable`) instead","category":"UserWarning","filename":"/home/airflow/.local/lib/python3.13/site-packages/airflow/models/variable.py","lineno":158,"logger":"py.warnings"}
{"timestamp":"2026-08-31T18:00:17.815973Z","level":"info","event":"Filling up the DagBag from /opt/airflow/dags/verdanta_weekly.py","logger":"airflow.dag_processing.dagbag.BundleDagBag","filename":"dagbag.py","lineno":469}
{"timestamp":"2026-08-31T18:00:17.898246Z","level":"info","event":"::group::Cosmos DAG parsing logs","logger":"cosmos.converter","filename":"converter.py","lineno":321}
{"timestamp":"2026-08-31T18:00:17.901774Z","level":"info","event":"Cosmos cache dir resolved to /tmp/cosmos/verdanta_weekly__dbt_weekly","logger":"cosmos.converter","filename":"converter.py","lineno":346}
{"timestamp":"2026-08-31T18:00:17.902037Z","level":"info","event":"Trying to parse the dbt project using dbt ls cache cosmos_cache__verdanta_weekly__dbt_weekly...","logger":"cosmos.dbt.graph","filename":"graph.py","lineno":869}
{"timestamp":"2026-08-31T18:00:18.041639Z","level":"info","event":"Cosmos performance: time to calculate cache identifier cosmos_cache__verdanta_weekly__dbt_weekly for current version: 0.12731362300007731","logger":"cosmos.cache","filename":"cache.py","lineno":401}
{"timestamp":"2026-08-31T18:00:18.041851Z","level":"info","event":"Cosmos performance [64ceca511f84|730]: The cache size for cosmos_cache__verdanta_weekly__dbt_weekly is 23804","logger":"cosmos.dbt.graph","filename":"graph.py","lineno":886}
{"timestamp":"2026-08-31T18:00:18.043333Z","level":"info","event":"Cosmos performance: Cache hit for cosmos_cache__verdanta_weekly__dbt_weekly - 39a8c4b6e19a7b5e14cfea47af7dbd90,1ae01f5b93cde0ad1f6d9482f1b54abd","logger":"cosmos.dbt.graph","filename":"graph.py","lineno":898}
{"timestamp":"2026-08-31T18:00:18.043454Z","level":"info","event":"Total nodes: 27","logger":"cosmos.dbt.graph","filename":"graph.py","lineno":799}
{"timestamp":"2026-08-31T18:00:18.043513Z","level":"info","event":"Total filtered nodes: 27","logger":"cosmos.dbt.graph","filename":"graph.py","lineno":800}
{"timestamp":"2026-08-31T18:00:18.043574Z","level":"info","event":"Cosmos performance (verdanta_weekly__dbt_weekly) - [64ceca511f84|730]: It took 0.142s to parse the dbt project for DAG using LoadMode.DBT_LS_CACHE","logger":"cosmos.converter","filename":"converter.py","lineno":371}
{"timestamp":"2026-08-31T18:00:18.060147Z","level":"info","event":"Cosmos performance (verdanta_weekly__dbt_weekly) - [64ceca511f84|730]: It took 0.0165s to build the Airflow DAG.","logger":"cosmos.converter","filename":"converter.py","lineno":423}
{"timestamp":"2026-08-31T18:00:18.060297Z","level":"info","event":"::endgroup::Cosmos DAG parsing logs","logger":"cosmos.converter","filename":"converter.py","lineno":430}
{"timestamp":"2026-08-31T18:00:18.060808Z","level":"warning","event":"Using Variable.get from `airflow.models` is deprecated.Please use `get` on Variable from sdk(`airflow.sdk.Variable`) instead","category":"UserWarning","filename":"/home/airflow/.local/lib/python3.13/site-packages/airflow/models/variable.py","lineno":158,"logger":"py.warnings"}
{"timestamp":"2026-08-31T18:00:48.636495Z","level":"info","event":"Filling up the DagBag from /opt/airflow/dags/verdanta_weekly.py","logger":"airflow.dag_processing.dagbag.BundleDagBag","filename":"dagbag.py","lineno":469}
{"timestamp":"2026-08-31T18:00:48.722275Z","level":"info","event":"::group::Cosmos DAG parsing logs","logger":"cosmos.converter","filename":"converter.py","lineno":321}
{"timestamp":"2026-08-31T18:00:48.725428Z","level":"info","event":"Cosmos cache dir resolved to /tmp/cosmos/verdanta_weekly__dbt_weekly","logger":"cosmos.converter","filename":"converter.py","lineno":346}
{"timestamp":"2026-08-31T18:00:48.725700Z","level":"info","event":"Trying to parse the dbt project using dbt ls cache cosmos_cache__verdanta_weekly__dbt_weekly...","logger":"cosmos.dbt.graph","filename":"graph.py","lineno":869}
{"timestamp":"2026-08-31T18:00:48.856713Z","level":"info","event":"Cosmos performance: time to calculate cache identifier cosmos_cache__verdanta_weekly__dbt_weekly for current version: 0.12084788100003152","logger":"cosmos.cache","filename":"cache.py","lineno":401}
{"timestamp":"2026-08-31T18:00:48.856919Z","level":"info","event":"Cosmos performance [64ceca511f84|766]: The cache size for cosmos_cache__verdanta_weekly__dbt_weekly is 23804","logger":"cosmos.dbt.graph","filename":"graph.py","lineno":886}
{"timestamp":"2026-08-31T18:00:48.858389Z","level":"info","event":"Cosmos performance: Cache hit for cosmos_cache__verdanta_weekly__dbt_weekly - 39a8c4b6e19a7b5e14cfea47af7dbd90,1ae01f5b93cde0ad1f6d9482f1b54abd","logger":"cosmos.dbt.graph","filename":"graph.py","lineno":898}
{"timestamp":"2026-08-31T18:00:48.858505Z","level":"info","event":"Total nodes: 27","logger":"cosmos.dbt.graph","filename":"graph.py","lineno":799}
{"timestamp":"2026-08-31T18:00:48.858562Z","level":"info","event":"Total filtered nodes: 27","logger":"cosmos.dbt.graph","filename":"graph.py","lineno":800}
{"timestamp":"2026-08-31T18:00:48.858620Z","level":"info","event":"Cosmos performance (verdanta_weekly__dbt_weekly) - [64ceca511f84|766]: It took 0.133s to parse the dbt project for DAG using LoadMode.DBT_LS_CACHE","logger":"cosmos.converter","filename":"converter.py","lineno":371}
{"timestamp":"2026-08-31T18:00:48.876006Z","level":"info","event":"Cosmos performance (verdanta_weekly__dbt_weekly) - [64ceca511f84|766]: It took 0.0174s to build the Airflow DAG.","logger":"cosmos.converter","filename":"converter.py","lineno":423}
{"timestamp":"2026-08-31T18:00:48.876133Z","level":"info","event":"::endgroup::Cosmos DAG parsing logs","logger":"cosmos.converter","filename":"converter.py","lineno":430}
{"timestamp":"2026-08-31T18:00:48.876565Z","level":"warning","event":"Using Variable.get from `airflow.models` is deprecated.Please use `get` on Variable from sdk(`airflow.sdk.Variable`) instead","category":"UserWarning","filename":"/home/airflow/.local/lib/python3.13/site-packages/airflow/models/variable.py","lineno":158,"logger":"py.warnings"}
{"timestamp":"2026-08-31T18:01:18.966054Z","level":"info","event":"Filling up the DagBag from /opt/airflow/dags/verdanta_weekly.py","logger":"airflow.dag_processing.dagbag.BundleDagBag","filename":"dagbag.py","lineno":469}
{"timestamp":"2026-08-31T18:01:19.031161Z","level":"info","event":"::group::Cosmos DAG parsing logs","logger":"cosmos.converter","filename":"converter.py","lineno":321}
{"timestamp":"2026-08-31T18:01:19.035380Z","level":"info","event":"Cosmos cache dir resolved to /tmp/cosmos/verdanta_weekly__dbt_weekly","logger":"cosmos.converter","filename":"converter.py","lineno":346}
{"timestamp":"2026-08-31T18:01:19.035616Z","level":"info","event":"Trying to parse the dbt project using dbt ls cache cosmos_cache__verdanta_weekly__dbt_weekly...","logger":"cosmos.dbt.graph","filename":"graph.py","lineno":869}
{"timestamp":"2026-08-31T18:01:19.167397Z","level":"info","event":"Cosmos performance: time to calculate cache identifier cosmos_cache__verdanta_weekly__dbt_weekly for current version: 0.11931045099993298","logger":"cosmos.cache","filename":"cache.py","lineno":401}
{"timestamp":"2026-08-31T18:01:19.167663Z","level":"info","event":"Cosmos performance [64ceca511f84|783]: The cache size for cosmos_cache__verdanta_weekly__dbt_weekly is 23804","logger":"cosmos.dbt.graph","filename":"graph.py","lineno":886}
{"timestamp":"2026-08-31T18:01:19.168646Z","level":"info","event":"Cosmos performance: Cache hit for cosmos_cache__verdanta_weekly__dbt_weekly - 39a8c4b6e19a7b5e14cfea47af7dbd90,1ae01f5b93cde0ad1f6d9482f1b54abd","logger":"cosmos.dbt.graph","filename":"graph.py","lineno":898}
{"timestamp":"2026-08-31T18:01:19.168769Z","level":"info","event":"Total nodes: 27","logger":"cosmos.dbt.graph","filename":"graph.py","lineno":799}
{"timestamp":"2026-08-31T18:01:19.168828Z","level":"info","event":"Total filtered nodes: 27","logger":"cosmos.dbt.graph","filename":"graph.py","lineno":800}
{"timestamp":"2026-08-31T18:01:19.168892Z","level":"info","event":"Cosmos performance (verdanta_weekly__dbt_weekly) - [64ceca511f84|783]: It took 0.133s to parse the dbt project for DAG using LoadMode.DBT_LS_CACHE","logger":"cosmos.converter","filename":"converter.py","lineno":371}
{"timestamp":"2026-08-31T18:01:19.190055Z","level":"info","event":"Cosmos performance (verdanta_weekly__dbt_weekly) - [64ceca511f84|783]: It took 0.0211s to build the Airflow DAG.","logger":"cosmos.converter","filename":"converter.py","lineno":423}
{"timestamp":"2026-08-31T18:01:19.190204Z","level":"info","event":"::endgroup::Cosmos DAG parsing logs","logger":"cosmos.converter","filename":"converter.py","lineno":430}
{"timestamp":"2026-08-31T18:01:19.190738Z","level":"warning","event":"Using Variable.get from `airflow.models` is deprecated.Please use `get` on Variable from sdk(`airflow.sdk.Variable`) instead","category":"UserWarning","filename":"/home/airflow/.local/lib/python3.13/site-packages/airflow/models/variable.py","lineno":158,"logger":"py.warnings"}
{"timestamp":"2026-08-31T18:01:49.689937Z","level":"info","event":"Filling up the DagBag from /opt/airflow/dags/verdanta_weekly.py","logger":"airflow.dag_processing.dagbag.BundleDagBag","filename":"dagbag.py","lineno":469}
{"timestamp":"2026-08-31T18:01:49.750620Z","level":"info","event":"::group::Cosmos DAG parsing logs","logger":"cosmos.converter","filename":"converter.py","lineno":321}
{"timestamp":"2026-08-31T18:01:49.753692Z","level":"info","event":"Cosmos cache dir resolved to /tmp/cosmos/verdanta_weekly__dbt_weekly","logger":"cosmos.converter","filename":"converter.py","lineno":346}
{"timestamp":"2026-08-31T18:01:49.753859Z","level":"info","event":"Trying to parse the dbt project using dbt ls cache cosmos_cache__verdanta_weekly__dbt_weekly...","logger":"cosmos.dbt.graph","filename":"graph.py","lineno":869}
{"timestamp":"2026-08-31T18:01:49.886236Z","level":"info","event":"Cosmos performance: time to calculate cache identifier cosmos_cache__verdanta_weekly__dbt_weekly for current version: 0.11860782499991274","logger":"cosmos.cache","filename":"cache.py","lineno":401}
{"timestamp":"2026-08-31T18:01:49.886452Z","level":"info","event":"Cosmos performance [64ceca511f84|815]: The cache size for cosmos_cache__verdanta_weekly__dbt_weekly is 23804","logger":"cosmos.dbt.graph","filename":"graph.py","lineno":886}
{"timestamp":"2026-08-31T18:01:49.887254Z","level":"info","event":"Cosmos performance: Cache hit for cosmos_cache__verdanta_weekly__dbt_weekly - 39a8c4b6e19a7b5e14cfea47af7dbd90,1ae01f5b93cde0ad1f6d9482f1b54abd","logger":"cosmos.dbt.graph","filename":"graph.py","lineno":898}
{"timestamp":"2026-08-31T18:01:49.887362Z","level":"info","event":"Total nodes: 27","logger":"cosmos.dbt.graph","filename":"graph.py","lineno":799}
{"timestamp":"2026-08-31T18:01:49.887424Z","level":"info","event":"Total filtered nodes: 27","logger":"cosmos.dbt.graph","filename":"graph.py","lineno":800}
{"timestamp":"2026-08-31T18:01:49.887487Z","level":"info","event":"Cosmos performance (verdanta_weekly__dbt_weekly) - [64ceca511f84|815]: It took 0.134s to parse the dbt project for DAG using LoadMode.DBT_LS_CACHE","logger":"cosmos.converter","filename":"converter.py","lineno":371}
{"timestamp":"2026-08-31T18:01:49.908348Z","level":"info","event":"Cosmos performance (verdanta_weekly__dbt_weekly) - [64ceca511f84|815]: It took 0.0208s to build the Airflow DAG.","logger":"cosmos.converter","filename":"converter.py","lineno":423}
{"timestamp":"2026-08-31T18:01:49.908455Z","level":"info","event":"::endgroup::Cosmos DAG parsing logs","logger":"cosmos.converter","filename":"converter.py","lineno":430}
{"timestamp":"2026-08-31T18:01:49.908808Z","level":"warning","event":"Using Variable.get from `airflow.models` is deprecated.Please use `get` on Variable from sdk(`airflow.sdk.Variable`) instead","category":"UserWarning","filename":"/home/airflow/.local/lib/python3.13/site-packages/airflow/models/variable.py","lineno":158,"logger":"py.warnings"}
{"timestamp":"2026-08-31T18:02:20.205821Z","level":"info","event":"Filling up the DagBag from /opt/airflow/dags/verdanta_weekly.py","logger":"airflow.dag_processing.dagbag.BundleDagBag","filename":"dagbag.py","lineno":469}
{"timestamp":"2026-08-31T18:02:20.274403Z","level":"info","event":"::group::Cosmos DAG parsing logs","logger":"cosmos.converter","filename":"converter.py","lineno":321}
{"timestamp":"2026-08-31T18:02:20.277711Z","level":"info","event":"Cosmos cache dir resolved to /tmp/cosmos/verdanta_weekly__dbt_weekly","logger":"cosmos.converter","filename":"converter.py","lineno":346}
{"timestamp":"2026-08-31T18:02:20.277898Z","level":"info","event":"Trying to parse the dbt project using dbt ls cache cosmos_cache__verdanta_weekly__dbt_weekly...","logger":"cosmos.dbt.graph","filename":"graph.py","lineno":869}
{"timestamp":"2026-08-31T18:02:20.459013Z","level":"info","event":"Cosmos performance: time to calculate cache identifier cosmos_cache__verdanta_weekly__dbt_weekly for current version: 0.13285372999996525","logger":"cosmos.cache","filename":"cache.py","lineno":401}
{"timestamp":"2026-08-31T18:02:20.459251Z","level":"info","event":"Cosmos performance [64ceca511f84|851]: The cache size for cosmos_cache__verdanta_weekly__dbt_weekly is 23804","logger":"cosmos.dbt.graph","filename":"graph.py","lineno":886}
{"timestamp":"2026-08-31T18:02:20.460577Z","level":"info","event":"Cosmos performance: Cache hit for cosmos_cache__verdanta_weekly__dbt_weekly - 39a8c4b6e19a7b5e14cfea47af7dbd90,1ae01f5b93cde0ad1f6d9482f1b54abd","logger":"cosmos.dbt.graph","filename":"graph.py","lineno":898}
{"timestamp":"2026-08-31T18:02:20.460757Z","level":"info","event":"Total nodes: 27","logger":"cosmos.dbt.graph","filename":"graph.py","lineno":799}
{"timestamp":"2026-08-31T18:02:20.460837Z","level":"info","event":"Total filtered nodes: 27","logger":"cosmos.dbt.graph","filename":"graph.py","lineno":800}
{"timestamp":"2026-08-31T18:02:20.460905Z","level":"info","event":"Cosmos performance (verdanta_weekly__dbt_weekly) - [64ceca511f84|851]: It took 0.183s to parse the dbt project for DAG using LoadMode.DBT_LS_CACHE","logger":"cosmos.converter","filename":"converter.py","lineno":371}
{"timestamp":"2026-08-31T18:02:20.484437Z","level":"info","event":"Cosmos performance (verdanta_weekly__dbt_weekly) - [64ceca511f84|851]: It took 0.0235s to build the Airflow DAG.","logger":"cosmos.converter","filename":"converter.py","lineno":423}
{"timestamp":"2026-08-31T18:02:20.484608Z","level":"info","event":"::endgroup::Cosmos DAG parsing logs","logger":"cosmos.converter","filename":"converter.py","lineno":430}
{"timestamp":"2026-08-31T18:02:20.485225Z","level":"warning","event":"Using Variable.get from `airflow.models` is deprecated.Please use `get` on Variable from sdk(`airflow.sdk.Variable`) instead","category":"UserWarning","filename":"/home/airflow/.local/lib/python3.13/site-packages/airflow/models/variable.py","lineno":158,"logger":"py.warnings"}
{"timestamp":"2026-08-31T18:02:50.816807Z","level":"info","event":"Filling up the DagBag from /opt/airflow/dags/verdanta_weekly.py","logger":"airflow.dag_processing.dagbag.BundleDagBag","filename":"dagbag.py","lineno":469}
{"timestamp":"2026-08-31T18:02:50.906292Z","level":"info","event":"::group::Cosmos DAG parsing logs","logger":"cosmos.converter","filename":"converter.py","lineno":321}
{"timestamp":"2026-08-31T18:02:50.910607Z","level":"info","event":"Cosmos cache dir resolved to /tmp/cosmos/verdanta_weekly__dbt_weekly","logger":"cosmos.converter","filename":"converter.py","lineno":346}
{"timestamp":"2026-08-31T18:02:50.910816Z","level":"info","event":"Trying to parse the dbt project using dbt ls cache cosmos_cache__verdanta_weekly__dbt_weekly...","logger":"cosmos.dbt.graph","filename":"graph.py","lineno":869}
{"timestamp":"2026-08-31T18:02:51.058842Z","level":"info","event":"Cosmos performance: time to calculate cache identifier cosmos_cache__verdanta_weekly__dbt_weekly for current version: 0.13160198000002765","logger":"cosmos.cache","filename":"cache.py","lineno":401}
{"timestamp":"2026-08-31T18:02:51.059096Z","level":"info","event":"Cosmos performance [64ceca511f84|887]: The cache size for cosmos_cache__verdanta_weekly__dbt_weekly is 23804","logger":"cosmos.dbt.graph","filename":"graph.py","lineno":886}
{"timestamp":"2026-08-31T18:02:51.059931Z","level":"info","event":"Cosmos performance: Cache hit for cosmos_cache__verdanta_weekly__dbt_weekly - 39a8c4b6e19a7b5e14cfea47af7dbd90,1ae01f5b93cde0ad1f6d9482f1b54abd","logger":"cosmos.dbt.graph","filename":"graph.py","lineno":898}
{"timestamp":"2026-08-31T18:02:51.060054Z","level":"info","event":"Total nodes: 27","logger":"cosmos.dbt.graph","filename":"graph.py","lineno":799}
{"timestamp":"2026-08-31T18:02:51.060111Z","level":"info","event":"Total filtered nodes: 27","logger":"cosmos.dbt.graph","filename":"graph.py","lineno":800}
{"timestamp":"2026-08-31T18:02:51.060173Z","level":"info","event":"Cosmos performance (verdanta_weekly__dbt_weekly) - [64ceca511f84|887]: It took 0.149s to parse the dbt project for DAG using LoadMode.DBT_LS_CACHE","logger":"cosmos.converter","filename":"converter.py","lineno":371}
{"timestamp":"2026-08-31T18:02:51.078021Z","level":"info","event":"Cosmos performance (verdanta_weekly__dbt_weekly) - [64ceca511f84|887]: It took 0.0178s to build the Airflow DAG.","logger":"cosmos.converter","filename":"converter.py","lineno":423}
{"timestamp":"2026-08-31T18:02:51.078180Z","level":"info","event":"::endgroup::Cosmos DAG parsing logs","logger":"cosmos.converter","filename":"converter.py","lineno":430}
{"timestamp":"2026-08-31T18:02:51.078654Z","level":"warning","event":"Using Variable.get from `airflow.models` is deprecated.Please use `get` on Variable from sdk(`airflow.sdk.Variable`) instead","category":"UserWarning","filename":"/home/airflow/.local/lib/python3.13/site-packages/airflow/models/variable.py","lineno":158,"logger":"py.warnings"}
{"timestamp":"2026-08-31T18:03:21.267080Z","level":"info","event":"Filling up the DagBag from /opt/airflow/dags/verdanta_weekly.py","logger":"airflow.dag_processing.dagbag.BundleDagBag","filename":"dagbag.py","lineno":469}
{"timestamp":"2026-08-31T18:03:21.385947Z","level":"info","event":"::group::Cosmos DAG parsing logs","logger":"cosmos.converter","filename":"converter.py","lineno":321}
{"timestamp":"2026-08-31T18:03:21.390241Z","level":"info","event":"Cosmos cache dir resolved to /tmp/cosmos/verdanta_weekly__dbt_weekly","logger":"cosmos.converter","filename":"converter.py","lineno":346}
{"timestamp":"2026-08-31T18:03:21.390462Z","level":"info","event":"Trying to parse the dbt project using dbt ls cache cosmos_cache__verdanta_weekly__dbt_weekly...","logger":"cosmos.dbt.graph","filename":"graph.py","lineno":869}
{"timestamp":"2026-08-31T18:03:21.543569Z","level":"info","event":"Cosmos performance: time to calculate cache identifier cosmos_cache__verdanta_weekly__dbt_weekly for current version: 0.13131082600000354","logger":"cosmos.cache","filename":"cache.py","lineno":401}
{"timestamp":"2026-08-31T18:03:21.543785Z","level":"info","event":"Cosmos performance [64ceca511f84|916]: The cache size for cosmos_cache__verdanta_weekly__dbt_weekly is 23804","logger":"cosmos.dbt.graph","filename":"graph.py","lineno":886}
{"timestamp":"2026-08-31T18:03:21.544649Z","level":"info","event":"Cosmos performance: Cache hit for cosmos_cache__verdanta_weekly__dbt_weekly - 39a8c4b6e19a7b5e14cfea47af7dbd90,1ae01f5b93cde0ad1f6d9482f1b54abd","logger":"cosmos.dbt.graph","filename":"graph.py","lineno":898}
{"timestamp":"2026-08-31T18:03:21.544787Z","level":"info","event":"Total nodes: 27","logger":"cosmos.dbt.graph","filename":"graph.py","lineno":799}
{"timestamp":"2026-08-31T18:03:21.544885Z","level":"info","event":"Total filtered nodes: 27","logger":"cosmos.dbt.graph","filename":"graph.py","lineno":800}
{"timestamp":"2026-08-31T18:03:21.544975Z","level":"info","event":"Cosmos performance (verdanta_weekly__dbt_weekly) - [64ceca511f84|916]: It took 0.155s to parse the dbt project for DAG using LoadMode.DBT_LS_CACHE","logger":"cosmos.converter","filename":"converter.py","lineno":371}
{"timestamp":"2026-08-31T18:03:21.562674Z","level":"info","event":"Cosmos performance (verdanta_weekly__dbt_weekly) - [64ceca511f84|916]: It took 0.0176s to build the Airflow DAG.","logger":"cosmos.converter","filename":"converter.py","lineno":423}
{"timestamp":"2026-08-31T18:03:21.562918Z","level":"info","event":"::endgroup::Cosmos DAG parsing logs","logger":"cosmos.converter","filename":"converter.py","lineno":430}
{"timestamp":"2026-08-31T18:03:21.563428Z","level":"warning","event":"Using Variable.get from `airflow.models` is deprecated.Please use `get` on Variable from sdk(`airflow.sdk.Variable`) instead","category":"UserWarning","filename":"/home/airflow/.local/lib/python3.13/site-packages/airflow/models/variable.py","lineno":158,"logger":"py.warnings"}
{"timestamp":"2026-08-31T18:03:52.116204Z","level":"info","event":"Filling up the DagBag from /opt/airflow/dags/verdanta_weekly.py","logger":"airflow.dag_processing.dagbag.BundleDagBag","filename":"dagbag.py","lineno":469}
{"timestamp":"2026-08-31T18:03:52.181506Z","level":"info","event":"::group::Cosmos DAG parsing logs","logger":"cosmos.converter","filename":"converter.py","lineno":321}
{"timestamp":"2026-08-31T18:03:52.184507Z","level":"info","event":"Cosmos cache dir resolved to /tmp/cosmos/verdanta_weekly__dbt_weekly","logger":"cosmos.converter","filename":"converter.py","lineno":346}
{"timestamp":"2026-08-31T18:03:52.184774Z","level":"info","event":"Trying to parse the dbt project using dbt ls cache cosmos_cache__verdanta_weekly__dbt_weekly...","logger":"cosmos.dbt.graph","filename":"graph.py","lineno":869}
{"timestamp":"2026-08-31T18:03:52.320702Z","level":"info","event":"Cosmos performance: time to calculate cache identifier cosmos_cache__verdanta_weekly__dbt_weekly for current version: 0.12177606700004162","logger":"cosmos.cache","filename":"cache.py","lineno":401}
{"timestamp":"2026-08-31T18:03:52.320943Z","level":"info","event":"Cosmos performance [64ceca511f84|953]: The cache size for cosmos_cache__verdanta_weekly__dbt_weekly is 23804","logger":"cosmos.dbt.graph","filename":"graph.py","lineno":886}
{"timestamp":"2026-08-31T18:03:52.321844Z","level":"info","event":"Cosmos performance: Cache hit for cosmos_cache__verdanta_weekly__dbt_weekly - 39a8c4b6e19a7b5e14cfea47af7dbd90,1ae01f5b93cde0ad1f6d9482f1b54abd","logger":"cosmos.dbt.graph","filename":"graph.py","lineno":898}
{"timestamp":"2026-08-31T18:03:52.321991Z","level":"info","event":"Total nodes: 27","logger":"cosmos.dbt.graph","filename":"graph.py","lineno":799}
{"timestamp":"2026-08-31T18:03:52.322057Z","level":"info","event":"Total filtered nodes: 27","logger":"cosmos.dbt.graph","filename":"graph.py","lineno":800}
{"timestamp":"2026-08-31T18:03:52.322124Z","level":"info","event":"Cosmos performance (verdanta_weekly__dbt_weekly) - [64ceca511f84|953]: It took 0.138s to parse the dbt project for DAG using LoadMode.DBT_LS_CACHE","logger":"cosmos.converter","filename":"converter.py","lineno":371}
{"timestamp":"2026-08-31T18:03:52.343764Z","level":"info","event":"Cosmos performance (verdanta_weekly__dbt_weekly) - [64ceca511f84|953]: It took 0.0216s to build the Airflow DAG.","logger":"cosmos.converter","filename":"converter.py","lineno":423}
{"timestamp":"2026-08-31T18:03:52.343927Z","level":"info","event":"::endgroup::Cosmos DAG parsing logs","logger":"cosmos.converter","filename":"converter.py","lineno":430}
{"timestamp":"2026-08-31T18:03:52.344763Z","level":"warning","event":"Using Variable.get from `airflow.models` is deprecated.Please use `get` on Variable from sdk(`airflow.sdk.Variable`) instead","category":"UserWarning","filename":"/home/airflow/.local/lib/python3.13/site-packages/airflow/models/variable.py","lineno":158,"logger":"py.warnings"}
{"timestamp":"2026-08-31T18:04:23.345837Z","level":"info","event":"Filling up the DagBag from /opt/airflow/dags/verdanta_weekly.py","logger":"airflow.dag_processing.dagbag.BundleDagBag","filename":"dagbag.py","lineno":469}
{"timestamp":"2026-08-31T18:04:23.418064Z","level":"info","event":"::group::Cosmos DAG parsing logs","logger":"cosmos.converter","filename":"converter.py","lineno":321}
{"timestamp":"2026-08-31T18:04:23.421802Z","level":"info","event":"Cosmos cache dir resolved to /tmp/cosmos/verdanta_weekly__dbt_weekly","logger":"cosmos.converter","filename":"converter.py","lineno":346}
{"timestamp":"2026-08-31T18:04:23.421987Z","level":"info","event":"Trying to parse the dbt project using dbt ls cache cosmos_cache__verdanta_weekly__dbt_weekly...","logger":"cosmos.dbt.graph","filename":"graph.py","lineno":869}
{"timestamp":"2026-08-31T18:04:23.565926Z","level":"info","event":"Cosmos performance: time to calculate cache identifier cosmos_cache__verdanta_weekly__dbt_weekly for current version: 0.12908571900004517","logger":"cosmos.cache","filename":"cache.py","lineno":401}
{"timestamp":"2026-08-31T18:04:23.566213Z","level":"info","event":"Cosmos performance [64ceca511f84|971]: The cache size for cosmos_cache__verdanta_weekly__dbt_weekly is 23804","logger":"cosmos.dbt.graph","filename":"graph.py","lineno":886}
{"timestamp":"2026-08-31T18:04:23.567088Z","level":"info","event":"Cosmos performance: Cache hit for cosmos_cache__verdanta_weekly__dbt_weekly - 39a8c4b6e19a7b5e14cfea47af7dbd90,1ae01f5b93cde0ad1f6d9482f1b54abd","logger":"cosmos.dbt.graph","filename":"graph.py","lineno":898}
{"timestamp":"2026-08-31T18:04:23.567228Z","level":"info","event":"Total nodes: 27","logger":"cosmos.dbt.graph","filename":"graph.py","lineno":799}
{"timestamp":"2026-08-31T18:04:23.567293Z","level":"info","event":"Total filtered nodes: 27","logger":"cosmos.dbt.graph","filename":"graph.py","lineno":800}
{"timestamp":"2026-08-31T18:04:23.567363Z","level":"info","event":"Cosmos performance (verdanta_weekly__dbt_weekly) - [64ceca511f84|971]: It took 0.145s to parse the dbt project for DAG using LoadMode.DBT_LS_CACHE","logger":"cosmos.converter","filename":"converter.py","lineno":371}
{"timestamp":"2026-08-31T18:04:23.593115Z","level":"info","event":"Cosmos performance (verdanta_weekly__dbt_weekly) - [64ceca511f84|971]: It took 0.0255s to build the Airflow DAG.","logger":"cosmos.converter","filename":"converter.py","lineno":423}
{"timestamp":"2026-08-31T18:04:23.593374Z","level":"info","event":"::endgroup::Cosmos DAG parsing logs","logger":"cosmos.converter","filename":"converter.py","lineno":430}
{"timestamp":"2026-08-31T18:04:23.593912Z","level":"warning","event":"Using Variable.get from `airflow.models` is deprecated.Please use `get` on Variable from sdk(`airflow.sdk.Variable`) instead","category":"UserWarning","filename":"/home/airflow/.local/lib/python3.13/site-packages/airflow/models/variable.py","lineno":158,"logger":"py.warnings"}
{"timestamp":"2026-08-31T18:04:54.187492Z","level":"info","event":"Filling up the DagBag from /opt/airflow/dags/verdanta_weekly.py","logger":"airflow.dag_processing.dagbag.BundleDagBag","filename":"dagbag.py","lineno":469}
{"timestamp":"2026-08-31T18:04:54.262351Z","level":"info","event":"::group::Cosmos DAG parsing logs","logger":"cosmos.converter","filename":"converter.py","lineno":321}
{"timestamp":"2026-08-31T18:04:54.265398Z","level":"info","event":"Cosmos cache dir resolved to /tmp/cosmos/verdanta_weekly__dbt_weekly","logger":"cosmos.converter","filename":"converter.py","lineno":346}
{"timestamp":"2026-08-31T18:04:54.265634Z","level":"info","event":"Trying to parse the dbt project using dbt ls cache cosmos_cache__verdanta_weekly__dbt_weekly...","logger":"cosmos.dbt.graph","filename":"graph.py","lineno":869}
{"timestamp":"2026-08-31T18:04:54.405039Z","level":"info","event":"Cosmos performance: time to calculate cache identifier cosmos_cache__verdanta_weekly__dbt_weekly for current version: 0.1228086539999822","logger":"cosmos.cache","filename":"cache.py","lineno":401}
{"timestamp":"2026-08-31T18:04:54.405235Z","level":"info","event":"Cosmos performance [64ceca511f84|1002]: The cache size for cosmos_cache__verdanta_weekly__dbt_weekly is 23804","logger":"cosmos.dbt.graph","filename":"graph.py","lineno":886}
{"timestamp":"2026-08-31T18:04:54.406124Z","level":"info","event":"Cosmos performance: Cache hit for cosmos_cache__verdanta_weekly__dbt_weekly - 39a8c4b6e19a7b5e14cfea47af7dbd90,1ae01f5b93cde0ad1f6d9482f1b54abd","logger":"cosmos.dbt.graph","filename":"graph.py","lineno":898}
{"timestamp":"2026-08-31T18:04:54.406269Z","level":"info","event":"Total nodes: 27","logger":"cosmos.dbt.graph","filename":"graph.py","lineno":799}
{"timestamp":"2026-08-31T18:04:54.406327Z","level":"info","event":"Total filtered nodes: 27","logger":"cosmos.dbt.graph","filename":"graph.py","lineno":800}
{"timestamp":"2026-08-31T18:04:54.406387Z","level":"info","event":"Cosmos performance (verdanta_weekly__dbt_weekly) - [64ceca511f84|1002]: It took 0.141s to parse the dbt project for DAG using LoadMode.DBT_LS_CACHE","logger":"cosmos.converter","filename":"converter.py","lineno":371}
{"timestamp":"2026-08-31T18:04:54.422174Z","level":"info","event":"Cosmos performance (verdanta_weekly__dbt_weekly) - [64ceca511f84|1002]: It took 0.0158s to build the Airflow DAG.","logger":"cosmos.converter","filename":"converter.py","lineno":423}
{"timestamp":"2026-08-31T18:04:54.422303Z","level":"info","event":"::endgroup::Cosmos DAG parsing logs","logger":"cosmos.converter","filename":"converter.py","lineno":430}
{"timestamp":"2026-08-31T18:04:54.422748Z","level":"warning","event":"Using Variable.get from `airflow.models` is deprecated.Please use `get` on Variable from sdk(`airflow.sdk.Variable`) instead","category":"UserWarning","filename":"/home/airflow/.local/lib/python3.13/site-packages/airflow/models/variable.py","lineno":158,"logger":"py.warnings"}
{"timestamp":"2026-08-31T18:05:24.862663Z","level":"info","event":"Filling up the DagBag from /opt/airflow/dags/verdanta_weekly.py","logger":"airflow.dag_processing.dagbag.BundleDagBag","filename":"dagbag.py","lineno":469}
{"timestamp":"2026-08-31T18:05:24.934790Z","level":"info","event":"::group::Cosmos DAG parsing logs","logger":"cosmos.converter","filename":"converter.py","lineno":321}
{"timestamp":"2026-08-31T18:05:24.937813Z","level":"info","event":"Cosmos cache dir resolved to /tmp/cosmos/verdanta_weekly__dbt_weekly","logger":"cosmos.converter","filename":"converter.py","lineno":346}
{"timestamp":"2026-08-31T18:05:24.938001Z","level":"info","event":"Trying to parse the dbt project using dbt ls cache cosmos_cache__verdanta_weekly__dbt_weekly...","logger":"cosmos.dbt.graph","filename":"graph.py","lineno":869}
{"timestamp":"2026-08-31T18:05:25.073801Z","level":"info","event":"Cosmos performance: time to calculate cache identifier cosmos_cache__verdanta_weekly__dbt_weekly for current version: 0.12117860599994401","logger":"cosmos.cache","filename":"cache.py","lineno":401}
{"timestamp":"2026-08-31T18:05:25.074046Z","level":"info","event":"Cosmos performance [64ceca511f84|1038]: The cache size for cosmos_cache__verdanta_weekly__dbt_weekly is 23804","logger":"cosmos.dbt.graph","filename":"graph.py","lineno":886}
{"timestamp":"2026-08-31T18:05:25.075018Z","level":"info","event":"Cosmos performance: Cache hit for cosmos_cache__verdanta_weekly__dbt_weekly - 39a8c4b6e19a7b5e14cfea47af7dbd90,1ae01f5b93cde0ad1f6d9482f1b54abd","logger":"cosmos.dbt.graph","filename":"graph.py","lineno":898}
{"timestamp":"2026-08-31T18:05:25.075141Z","level":"info","event":"Total nodes: 27","logger":"cosmos.dbt.graph","filename":"graph.py","lineno":799}
{"timestamp":"2026-08-31T18:05:25.075199Z","level":"info","event":"Total filtered nodes: 27","logger":"cosmos.dbt.graph","filename":"graph.py","lineno":800}
{"timestamp":"2026-08-31T18:05:25.075261Z","level":"info","event":"Cosmos performance (verdanta_weekly__dbt_weekly) - [64ceca511f84|1038]: It took 0.137s to parse the dbt project for DAG using LoadMode.DBT_LS_CACHE","logger":"cosmos.converter","filename":"converter.py","lineno":371}
{"timestamp":"2026-08-31T18:05:25.093159Z","level":"info","event":"Cosmos performance (verdanta_weekly__dbt_weekly) - [64ceca511f84|1038]: It took 0.0179s to build the Airflow DAG.","logger":"cosmos.converter","filename":"converter.py","lineno":423}
{"timestamp":"2026-08-31T18:05:25.093314Z","level":"info","event":"::endgroup::Cosmos DAG parsing logs","logger":"cosmos.converter","filename":"converter.py","lineno":430}
{"timestamp":"2026-08-31T18:05:25.093709Z","level":"warning","event":"Using Variable.get from `airflow.models` is deprecated.Please use `get` on Variable from sdk(`airflow.sdk.Variable`) instead","category":"UserWarning","filename":"/home/airflow/.local/lib/python3.13/site-packages/airflow/models/variable.py","lineno":158,"logger":"py.warnings"}
{"timestamp":"2026-08-31T18:05:55.283132Z","level":"info","event":"Filling up the DagBag from /opt/airflow/dags/verdanta_weekly.py","logger":"airflow.dag_processing.dagbag.BundleDagBag","filename":"dagbag.py","lineno":469}
{"timestamp":"2026-08-31T18:05:55.354915Z","level":"info","event":"::group::Cosmos DAG parsing logs","logger":"cosmos.converter","filename":"converter.py","lineno":321}
{"timestamp":"2026-08-31T18:05:55.358771Z","level":"info","event":"Cosmos cache dir resolved to /tmp/cosmos/verdanta_weekly__dbt_weekly","logger":"cosmos.converter","filename":"converter.py","lineno":346}
{"timestamp":"2026-08-31T18:05:55.358953Z","level":"info","event":"Trying to parse the dbt project using dbt ls cache cosmos_cache__verdanta_weekly__dbt_weekly...","logger":"cosmos.dbt.graph","filename":"graph.py","lineno":869}
{"timestamp":"2026-08-31T18:05:55.499149Z","level":"info","event":"Cosmos performance: time to calculate cache identifier cosmos_cache__verdanta_weekly__dbt_weekly for current version: 0.12457063700003346","logger":"cosmos.cache","filename":"cache.py","lineno":401}
{"timestamp":"2026-08-31T18:05:55.499354Z","level":"info","event":"Cosmos performance [64ceca511f84|1074]: The cache size for cosmos_cache__verdanta_weekly__dbt_weekly is 23804","logger":"cosmos.dbt.graph","filename":"graph.py","lineno":886}
{"timestamp":"2026-08-31T18:05:55.500270Z","level":"info","event":"Cosmos performance: Cache hit for cosmos_cache__verdanta_weekly__dbt_weekly - 39a8c4b6e19a7b5e14cfea47af7dbd90,1ae01f5b93cde0ad1f6d9482f1b54abd","logger":"cosmos.dbt.graph","filename":"graph.py","lineno":898}
{"timestamp":"2026-08-31T18:05:55.500396Z","level":"info","event":"Total nodes: 27","logger":"cosmos.dbt.graph","filename":"graph.py","lineno":799}
{"timestamp":"2026-08-31T18:05:55.500457Z","level":"info","event":"Total filtered nodes: 27","logger":"cosmos.dbt.graph","filename":"graph.py","lineno":800}
{"timestamp":"2026-08-31T18:05:55.500520Z","level":"info","event":"Cosmos performance (verdanta_weekly__dbt_weekly) - [64ceca511f84|1074]: It took 0.142s to parse the dbt project for DAG using LoadMode.DBT_LS_CACHE","logger":"cosmos.converter","filename":"converter.py","lineno":371}
{"timestamp":"2026-08-31T18:05:55.516528Z","level":"info","event":"Cosmos performance (verdanta_weekly__dbt_weekly) - [64ceca511f84|1074]: It took 0.016s to build the Airflow DAG.","logger":"cosmos.converter","filename":"converter.py","lineno":423}
{"timestamp":"2026-08-31T18:05:55.516682Z","level":"info","event":"::endgroup::Cosmos DAG parsing logs","logger":"cosmos.converter","filename":"converter.py","lineno":430}
{"timestamp":"2026-08-31T18:05:55.517152Z","level":"warning","event":"Using Variable.get from `airflow.models` is deprecated.Please use `get` on Variable from sdk(`airflow.sdk.Variable`) instead","category":"UserWarning","filename":"/home/airflow/.local/lib/python3.13/site-packages/airflow/models/variable.py","lineno":158,"logger":"py.warnings"}
{"timestamp":"2026-08-31T18:06:25.791343Z","level":"info","event":"Filling up the DagBag from /opt/airflow/dags/verdanta_weekly.py","logger":"airflow.dag_processing.dagbag.BundleDagBag","filename":"dagbag.py","lineno":469}
{"timestamp":"2026-08-31T18:06:25.866903Z","level":"info","event":"::group::Cosmos DAG parsing logs","logger":"cosmos.converter","filename":"converter.py","lineno":321}
{"timestamp":"2026-08-31T18:06:25.870483Z","level":"info","event":"Cosmos cache dir resolved to /tmp/cosmos/verdanta_weekly__dbt_weekly","logger":"cosmos.converter","filename":"converter.py","lineno":346}
{"timestamp":"2026-08-31T18:06:25.870650Z","level":"info","event":"Trying to parse the dbt project using dbt ls cache cosmos_cache__verdanta_weekly__dbt_weekly...","logger":"cosmos.dbt.graph","filename":"graph.py","lineno":869}
{"timestamp":"2026-08-31T18:06:26.007148Z","level":"info","event":"Cosmos performance: time to calculate cache identifier cosmos_cache__verdanta_weekly__dbt_weekly for current version: 0.12154746099986369","logger":"cosmos.cache","filename":"cache.py","lineno":401}
{"timestamp":"2026-08-31T18:06:26.007406Z","level":"info","event":"Cosmos performance [64ceca511f84|1110]: The cache size for cosmos_cache__verdanta_weekly__dbt_weekly is 23804","logger":"cosmos.dbt.graph","filename":"graph.py","lineno":886}
{"timestamp":"2026-08-31T18:06:26.008208Z","level":"info","event":"Cosmos performance: Cache hit for cosmos_cache__verdanta_weekly__dbt_weekly - 39a8c4b6e19a7b5e14cfea47af7dbd90,1ae01f5b93cde0ad1f6d9482f1b54abd","logger":"cosmos.dbt.graph","filename":"graph.py","lineno":898}
{"timestamp":"2026-08-31T18:06:26.008326Z","level":"info","event":"Total nodes: 27","logger":"cosmos.dbt.graph","filename":"graph.py","lineno":799}
{"timestamp":"2026-08-31T18:06:26.008382Z","level":"info","event":"Total filtered nodes: 27","logger":"cosmos.dbt.graph","filename":"graph.py","lineno":800}
{"timestamp":"2026-08-31T18:06:26.008443Z","level":"info","event":"Cosmos performance (verdanta_weekly__dbt_weekly) - [64ceca511f84|1110]: It took 0.138s to parse the dbt project for DAG using LoadMode.DBT_LS_CACHE","logger":"cosmos.converter","filename":"converter.py","lineno":371}
{"timestamp":"2026-08-31T18:06:26.025265Z","level":"info","event":"Cosmos performance (verdanta_weekly__dbt_weekly) - [64ceca511f84|1110]: It took 0.0168s to build the Airflow DAG.","logger":"cosmos.converter","filename":"converter.py","lineno":423}
{"timestamp":"2026-08-31T18:06:26.025420Z","level":"info","event":"::endgroup::Cosmos DAG parsing logs","logger":"cosmos.converter","filename":"converter.py","lineno":430}
{"timestamp":"2026-08-31T18:06:26.025859Z","level":"warning","event":"Using Variable.get from `airflow.models` is deprecated.Please use `get` on Variable from sdk(`airflow.sdk.Variable`) instead","category":"UserWarning","filename":"/home/airflow/.local/lib/python3.13/site-packages/airflow/models/variable.py","lineno":158,"logger":"py.warnings"}
{"timestamp":"2026-08-31T18:06:57.086110Z","level":"info","event":"Filling up the DagBag from /opt/airflow/dags/verdanta_weekly.py","logger":"airflow.dag_processing.dagbag.BundleDagBag","filename":"dagbag.py","lineno":469}
{"timestamp":"2026-08-31T18:06:57.158698Z","level":"info","event":"::group::Cosmos DAG parsing logs","logger":"cosmos.converter","filename":"converter.py","lineno":321}
{"timestamp":"2026-08-31T18:06:57.162583Z","level":"info","event":"Cosmos cache dir resolved to /tmp/cosmos/verdanta_weekly__dbt_weekly","logger":"cosmos.converter","filename":"converter.py","lineno":346}
{"timestamp":"2026-08-31T18:06:57.162833Z","level":"info","event":"Trying to parse the dbt project using dbt ls cache cosmos_cache__verdanta_weekly__dbt_weekly...","logger":"cosmos.dbt.graph","filename":"graph.py","lineno":869}
{"timestamp":"2026-08-31T18:06:57.301420Z","level":"info","event":"Cosmos performance: time to calculate cache identifier cosmos_cache__verdanta_weekly__dbt_weekly for current version: 0.12465201000009074","logger":"cosmos.cache","filename":"cache.py","lineno":401}
{"timestamp":"2026-08-31T18:06:57.301663Z","level":"info","event":"Cosmos performance [64ceca511f84|1130]: The cache size for cosmos_cache__verdanta_weekly__dbt_weekly is 23804","logger":"cosmos.dbt.graph","filename":"graph.py","lineno":886}
{"timestamp":"2026-08-31T18:06:57.302526Z","level":"info","event":"Cosmos performance: Cache hit for cosmos_cache__verdanta_weekly__dbt_weekly - 39a8c4b6e19a7b5e14cfea47af7dbd90,1ae01f5b93cde0ad1f6d9482f1b54abd","logger":"cosmos.dbt.graph","filename":"graph.py","lineno":898}
{"timestamp":"2026-08-31T18:06:57.302654Z","level":"info","event":"Total nodes: 27","logger":"cosmos.dbt.graph","filename":"graph.py","lineno":799}
{"timestamp":"2026-08-31T18:06:57.302713Z","level":"info","event":"Total filtered nodes: 27","logger":"cosmos.dbt.graph","filename":"graph.py","lineno":800}
{"timestamp":"2026-08-31T18:06:57.302776Z","level":"info","event":"Cosmos performance (verdanta_weekly__dbt_weekly) - [64ceca511f84|1130]: It took 0.14s to parse the dbt project for DAG using LoadMode.DBT_LS_CACHE","logger":"cosmos.converter","filename":"converter.py","lineno":371}
{"timestamp":"2026-08-31T18:06:57.324416Z","level":"info","event":"Cosmos performance (verdanta_weekly__dbt_weekly) - [64ceca511f84|1130]: It took 0.0216s to build the Airflow DAG.","logger":"cosmos.converter","filename":"converter.py","lineno":423}
{"timestamp":"2026-08-31T18:06:57.324559Z","level":"info","event":"::endgroup::Cosmos DAG parsing logs","logger":"cosmos.converter","filename":"converter.py","lineno":430}
{"timestamp":"2026-08-31T18:06:57.324960Z","level":"warning","event":"Using Variable.get from `airflow.models` is deprecated.Please use `get` on Variable from sdk(`airflow.sdk.Variable`) instead","category":"UserWarning","filename":"/home/airflow/.local/lib/python3.13/site-packages/airflow/models/variable.py","lineno":158,"logger":"py.warnings"}
{"timestamp":"2026-08-31T18:07:27.401711Z","level":"info","event":"Filling up the DagBag from /opt/airflow/dags/verdanta_weekly.py","logger":"airflow.dag_processing.dagbag.BundleDagBag","filename":"dagbag.py","lineno":469}
{"timestamp":"2026-08-31T18:07:27.467178Z","level":"info","event":"::group::Cosmos DAG parsing logs","logger":"cosmos.converter","filename":"converter.py","lineno":321}
{"timestamp":"2026-08-31T18:07:27.470282Z","level":"info","event":"Cosmos cache dir resolved to /tmp/cosmos/verdanta_weekly__dbt_weekly","logger":"cosmos.converter","filename":"converter.py","lineno":346}
{"timestamp":"2026-08-31T18:07:27.470522Z","level":"info","event":"Trying to parse the dbt project using dbt ls cache cosmos_cache__verdanta_weekly__dbt_weekly...","logger":"cosmos.dbt.graph","filename":"graph.py","lineno":869}
{"timestamp":"2026-08-31T18:07:27.605087Z","level":"info","event":"Cosmos performance: time to calculate cache identifier cosmos_cache__verdanta_weekly__dbt_weekly for current version: 0.11948217500003011","logger":"cosmos.cache","filename":"cache.py","lineno":401}
{"timestamp":"2026-08-31T18:07:27.605299Z","level":"info","event":"Cosmos performance [64ceca511f84|1160]: The cache size for cosmos_cache__verdanta_weekly__dbt_weekly is 23804","logger":"cosmos.dbt.graph","filename":"graph.py","lineno":886}
{"timestamp":"2026-08-31T18:07:27.606102Z","level":"info","event":"Cosmos performance: Cache hit for cosmos_cache__verdanta_weekly__dbt_weekly - 39a8c4b6e19a7b5e14cfea47af7dbd90,1ae01f5b93cde0ad1f6d9482f1b54abd","logger":"cosmos.dbt.graph","filename":"graph.py","lineno":898}
{"timestamp":"2026-08-31T18:07:27.606221Z","level":"info","event":"Total nodes: 27","logger":"cosmos.dbt.graph","filename":"graph.py","lineno":799}
{"timestamp":"2026-08-31T18:07:27.606277Z","level":"info","event":"Total filtered nodes: 27","logger":"cosmos.dbt.graph","filename":"graph.py","lineno":800}
{"timestamp":"2026-08-31T18:07:27.606338Z","level":"info","event":"Cosmos performance (verdanta_weekly__dbt_weekly) - [64ceca511f84|1160]: It took 0.136s to parse the dbt project for DAG using LoadMode.DBT_LS_CACHE","logger":"cosmos.converter","filename":"converter.py","lineno":371}
{"timestamp":"2026-08-31T18:07:27.622388Z","level":"info","event":"Cosmos performance (verdanta_weekly__dbt_weekly) - [64ceca511f84|1160]: It took 0.016s to build the Airflow DAG.","logger":"cosmos.converter","filename":"converter.py","lineno":423}
{"timestamp":"2026-08-31T18:07:27.622521Z","level":"info","event":"::endgroup::Cosmos DAG parsing logs","logger":"cosmos.converter","filename":"converter.py","lineno":430}
{"timestamp":"2026-08-31T18:07:27.622927Z","level":"warning","event":"Using Variable.get from `airflow.models` is deprecated.Please use `get` on Variable from sdk(`airflow.sdk.Variable`) instead","category":"UserWarning","filename":"/home/airflow/.local/lib/python3.13/site-packages/airflow/models/variable.py","lineno":158,"logger":"py.warnings"}
{"timestamp":"2026-08-31T18:07:57.866286Z","level":"info","event":"Filling up the DagBag from /opt/airflow/dags/verdanta_weekly.py","logger":"airflow.dag_processing.dagbag.BundleDagBag","filename":"dagbag.py","lineno":469}
{"timestamp":"2026-08-31T18:07:57.942221Z","level":"info","event":"::group::Cosmos DAG parsing logs","logger":"cosmos.converter","filename":"converter.py","lineno":321}
{"timestamp":"2026-08-31T18:07:57.945270Z","level":"info","event":"Cosmos cache dir resolved to /tmp/cosmos/verdanta_weekly__dbt_weekly","logger":"cosmos.converter","filename":"converter.py","lineno":346}
{"timestamp":"2026-08-31T18:07:57.945436Z","level":"info","event":"Trying to parse the dbt project using dbt ls cache cosmos_cache__verdanta_weekly__dbt_weekly...","logger":"cosmos.dbt.graph","filename":"graph.py","lineno":869}
{"timestamp":"2026-08-31T18:07:58.086949Z","level":"info","event":"Cosmos performance: time to calculate cache identifier cosmos_cache__verdanta_weekly__dbt_weekly for current version: 0.12452285099993787","logger":"cosmos.cache","filename":"cache.py","lineno":401}
{"timestamp":"2026-08-31T18:07:58.087182Z","level":"info","event":"Cosmos performance [64ceca511f84|1196]: The cache size for cosmos_cache__verdanta_weekly__dbt_weekly is 23804","logger":"cosmos.dbt.graph","filename":"graph.py","lineno":886}
{"timestamp":"2026-08-31T18:07:58.088091Z","level":"info","event":"Cosmos performance: Cache hit for cosmos_cache__verdanta_weekly__dbt_weekly - 39a8c4b6e19a7b5e14cfea47af7dbd90,1ae01f5b93cde0ad1f6d9482f1b54abd","logger":"cosmos.dbt.graph","filename":"graph.py","lineno":898}
{"timestamp":"2026-08-31T18:07:58.088239Z","level":"info","event":"Total nodes: 27","logger":"cosmos.dbt.graph","filename":"graph.py","lineno":799}
{"timestamp":"2026-08-31T18:07:58.088308Z","level":"info","event":"Total filtered nodes: 27","logger":"cosmos.dbt.graph","filename":"graph.py","lineno":800}
{"timestamp":"2026-08-31T18:07:58.088374Z","level":"info","event":"Cosmos performance (verdanta_weekly__dbt_weekly) - [64ceca511f84|1196]: It took 0.143s to parse the dbt project for DAG using LoadMode.DBT_LS_CACHE","logger":"cosmos.converter","filename":"converter.py","lineno":371}
{"timestamp":"2026-08-31T18:07:58.108384Z","level":"info","event":"Cosmos performance (verdanta_weekly__dbt_weekly) - [64ceca511f84|1196]: It took 0.02s to build the Airflow DAG.","logger":"cosmos.converter","filename":"converter.py","lineno":423}
{"timestamp":"2026-08-31T18:07:58.108539Z","level":"info","event":"::endgroup::Cosmos DAG parsing logs","logger":"cosmos.converter","filename":"converter.py","lineno":430}
{"timestamp":"2026-08-31T18:07:58.108963Z","level":"warning","event":"Using Variable.get from `airflow.models` is deprecated.Please use `get` on Variable from sdk(`airflow.sdk.Variable`) instead","category":"UserWarning","filename":"/home/airflow/.local/lib/python3.13/site-packages/airflow/models/variable.py","lineno":158,"logger":"py.warnings"}
{"timestamp":"2026-08-31T18:08:28.566098Z","level":"info","event":"Filling up the DagBag from /opt/airflow/dags/verdanta_weekly.py","logger":"airflow.dag_processing.dagbag.BundleDagBag","filename":"dagbag.py","lineno":469}
{"timestamp":"2026-08-31T18:08:28.642549Z","level":"info","event":"::group::Cosmos DAG parsing logs","logger":"cosmos.converter","filename":"converter.py","lineno":321}
{"timestamp":"2026-08-31T18:08:28.647115Z","level":"info","event":"Cosmos cache dir resolved to /tmp/cosmos/verdanta_weekly__dbt_weekly","logger":"cosmos.converter","filename":"converter.py","lineno":346}
{"timestamp":"2026-08-31T18:08:28.647380Z","level":"info","event":"Trying to parse the dbt project using dbt ls cache cosmos_cache__verdanta_weekly__dbt_weekly...","logger":"cosmos.dbt.graph","filename":"graph.py","lineno":869}
{"timestamp":"2026-08-31T18:08:28.789962Z","level":"info","event":"Cosmos performance: time to calculate cache identifier cosmos_cache__verdanta_weekly__dbt_weekly for current version: 0.12779187199998887","logger":"cosmos.cache","filename":"cache.py","lineno":401}
{"timestamp":"2026-08-31T18:08:28.790184Z","level":"info","event":"Cosmos performance [64ceca511f84|1232]: The cache size for cosmos_cache__verdanta_weekly__dbt_weekly is 23804","logger":"cosmos.dbt.graph","filename":"graph.py","lineno":886}
{"timestamp":"2026-08-31T18:08:28.791088Z","level":"info","event":"Cosmos performance: Cache hit for cosmos_cache__verdanta_weekly__dbt_weekly - 39a8c4b6e19a7b5e14cfea47af7dbd90,1ae01f5b93cde0ad1f6d9482f1b54abd","logger":"cosmos.dbt.graph","filename":"graph.py","lineno":898}
{"timestamp":"2026-08-31T18:08:28.791277Z","level":"info","event":"Total nodes: 27","logger":"cosmos.dbt.graph","filename":"graph.py","lineno":799}
{"timestamp":"2026-08-31T18:08:28.791348Z","level":"info","event":"Total filtered nodes: 27","logger":"cosmos.dbt.graph","filename":"graph.py","lineno":800}
{"timestamp":"2026-08-31T18:08:28.791416Z","level":"info","event":"Cosmos performance (verdanta_weekly__dbt_weekly) - [64ceca511f84|1232]: It took 0.144s to parse the dbt project for DAG using LoadMode.DBT_LS_CACHE","logger":"cosmos.converter","filename":"converter.py","lineno":371}
{"timestamp":"2026-08-31T18:08:28.810355Z","level":"info","event":"Cosmos performance (verdanta_weekly__dbt_weekly) - [64ceca511f84|1232]: It took 0.0189s to build the Airflow DAG.","logger":"cosmos.converter","filename":"converter.py","lineno":423}
{"timestamp":"2026-08-31T18:08:28.810509Z","level":"info","event":"::endgroup::Cosmos DAG parsing logs","logger":"cosmos.converter","filename":"converter.py","lineno":430}
{"timestamp":"2026-08-31T18:08:28.811008Z","level":"warning","event":"Using Variable.get from `airflow.models` is deprecated.Please use `get` on Variable from sdk(`airflow.sdk.Variable`) instead","category":"UserWarning","filename":"/home/airflow/.local/lib/python3.13/site-packages/airflow/models/variable.py","lineno":158,"logger":"py.warnings"}
{"timestamp":"2026-08-31T18:08:59.362489Z","level":"info","event":"Filling up the DagBag from /opt/airflow/dags/verdanta_weekly.py","logger":"airflow.dag_processing.dagbag.BundleDagBag","filename":"dagbag.py","lineno":469}
{"timestamp":"2026-08-31T18:08:59.438026Z","level":"info","event":"::group::Cosmos DAG parsing logs","logger":"cosmos.converter","filename":"converter.py","lineno":321}
{"timestamp":"2026-08-31T18:08:59.441302Z","level":"info","event":"Cosmos cache dir resolved to /tmp/cosmos/verdanta_weekly__dbt_weekly","logger":"cosmos.converter","filename":"converter.py","lineno":346}
{"timestamp":"2026-08-31T18:08:59.441531Z","level":"info","event":"Trying to parse the dbt project using dbt ls cache cosmos_cache__verdanta_weekly__dbt_weekly...","logger":"cosmos.dbt.graph","filename":"graph.py","lineno":869}
{"timestamp":"2026-08-31T18:08:59.585451Z","level":"info","event":"Cosmos performance: time to calculate cache identifier cosmos_cache__verdanta_weekly__dbt_weekly for current version: 0.12684565500012468","logger":"cosmos.cache","filename":"cache.py","lineno":401}
{"timestamp":"2026-08-31T18:08:59.585676Z","level":"info","event":"Cosmos performance [64ceca511f84|1268]: The cache size for cosmos_cache__verdanta_weekly__dbt_weekly is 23804","logger":"cosmos.dbt.graph","filename":"graph.py","lineno":886}
{"timestamp":"2026-08-31T18:08:59.587042Z","level":"info","event":"Cosmos performance: Cache hit for cosmos_cache__verdanta_weekly__dbt_weekly - 39a8c4b6e19a7b5e14cfea47af7dbd90,1ae01f5b93cde0ad1f6d9482f1b54abd","logger":"cosmos.dbt.graph","filename":"graph.py","lineno":898}
{"timestamp":"2026-08-31T18:08:59.587180Z","level":"info","event":"Total nodes: 27","logger":"cosmos.dbt.graph","filename":"graph.py","lineno":799}
{"timestamp":"2026-08-31T18:08:59.587242Z","level":"info","event":"Total filtered nodes: 27","logger":"cosmos.dbt.graph","filename":"graph.py","lineno":800}
{"timestamp":"2026-08-31T18:08:59.587303Z","level":"info","event":"Cosmos performance (verdanta_weekly__dbt_weekly) - [64ceca511f84|1268]: It took 0.146s to parse the dbt project for DAG using LoadMode.DBT_LS_CACHE","logger":"cosmos.converter","filename":"converter.py","lineno":371}
{"timestamp":"2026-08-31T18:08:59.603780Z","level":"info","event":"Cosmos performance (verdanta_weekly__dbt_weekly) - [64ceca511f84|1268]: It took 0.0164s to build the Airflow DAG.","logger":"cosmos.converter","filename":"converter.py","lineno":423}
{"timestamp":"2026-08-31T18:08:59.603904Z","level":"info","event":"::endgroup::Cosmos DAG parsing logs","logger":"cosmos.converter","filename":"converter.py","lineno":430}
{"timestamp":"2026-08-31T18:08:59.604387Z","level":"warning","event":"Using Variable.get from `airflow.models` is deprecated.Please use `get` on Variable from sdk(`airflow.sdk.Variable`) instead","category":"UserWarning","filename":"/home/airflow/.local/lib/python3.13/site-packages/airflow/models/variable.py","lineno":158,"logger":"py.warnings"}
{"timestamp":"2026-08-31T18:09:30.252238Z","level":"info","event":"Filling up the DagBag from /opt/airflow/dags/verdanta_weekly.py","logger":"airflow.dag_processing.dagbag.BundleDagBag","filename":"dagbag.py","lineno":469}
{"timestamp":"2026-08-31T18:09:30.317428Z","level":"info","event":"::group::Cosmos DAG parsing logs","logger":"cosmos.converter","filename":"converter.py","lineno":321}
{"timestamp":"2026-08-31T18:09:30.320547Z","level":"info","event":"Cosmos cache dir resolved to /tmp/cosmos/verdanta_weekly__dbt_weekly","logger":"cosmos.converter","filename":"converter.py","lineno":346}
{"timestamp":"2026-08-31T18:09:30.320732Z","level":"info","event":"Trying to parse the dbt project using dbt ls cache cosmos_cache__verdanta_weekly__dbt_weekly...","logger":"cosmos.dbt.graph","filename":"graph.py","lineno":869}
{"timestamp":"2026-08-31T18:09:30.459850Z","level":"info","event":"Cosmos performance: time to calculate cache identifier cosmos_cache__verdanta_weekly__dbt_weekly for current version: 0.12590242099986426","logger":"cosmos.cache","filename":"cache.py","lineno":401}
{"timestamp":"2026-08-31T18:09:30.460085Z","level":"info","event":"Cosmos performance [64ceca511f84|1305]: The cache size for cosmos_cache__verdanta_weekly__dbt_weekly is 23804","logger":"cosmos.dbt.graph","filename":"graph.py","lineno":886}
{"timestamp":"2026-08-31T18:09:30.460972Z","level":"info","event":"Cosmos performance: Cache hit for cosmos_cache__verdanta_weekly__dbt_weekly - 39a8c4b6e19a7b5e14cfea47af7dbd90,1ae01f5b93cde0ad1f6d9482f1b54abd","logger":"cosmos.dbt.graph","filename":"graph.py","lineno":898}
{"timestamp":"2026-08-31T18:09:30.461127Z","level":"info","event":"Total nodes: 27","logger":"cosmos.dbt.graph","filename":"graph.py","lineno":799}
{"timestamp":"2026-08-31T18:09:30.461185Z","level":"info","event":"Total filtered nodes: 27","logger":"cosmos.dbt.graph","filename":"graph.py","lineno":800}
{"timestamp":"2026-08-31T18:09:30.461249Z","level":"info","event":"Cosmos performance (verdanta_weekly__dbt_weekly) - [64ceca511f84|1305]: It took 0.141s to parse the dbt project for DAG using LoadMode.DBT_LS_CACHE","logger":"cosmos.converter","filename":"converter.py","lineno":371}
{"timestamp":"2026-08-31T18:09:30.482913Z","level":"info","event":"Cosmos performance (verdanta_weekly__dbt_weekly) - [64ceca511f84|1305]: It took 0.0216s to build the Airflow DAG.","logger":"cosmos.converter","filename":"converter.py","lineno":423}
{"timestamp":"2026-08-31T18:09:30.483067Z","level":"info","event":"::endgroup::Cosmos DAG parsing logs","logger":"cosmos.converter","filename":"converter.py","lineno":430}
{"timestamp":"2026-08-31T18:09:30.483542Z","level":"warning","event":"Using Variable.get from `airflow.models` is deprecated.Please use `get` on Variable from sdk(`airflow.sdk.Variable`) instead","category":"UserWarning","filename":"/home/airflow/.local/lib/python3.13/site-packages/airflow/models/variable.py","lineno":158,"logger":"py.warnings"}
{"timestamp":"2026-08-31T18:10:00.649453Z","level":"info","event":"Filling up the DagBag from /opt/airflow/dags/verdanta_weekly.py","logger":"airflow.dag_processing.dagbag.BundleDagBag","filename":"dagbag.py","lineno":469}
{"timestamp":"2026-08-31T18:10:00.723088Z","level":"info","event":"::group::Cosmos DAG parsing logs","logger":"cosmos.converter","filename":"converter.py","lineno":321}
{"timestamp":"2026-08-31T18:10:00.726512Z","level":"info","event":"Cosmos cache dir resolved to /tmp/cosmos/verdanta_weekly__dbt_weekly","logger":"cosmos.converter","filename":"converter.py","lineno":346}
{"timestamp":"2026-08-31T18:10:00.726741Z","level":"info","event":"Trying to parse the dbt project using dbt ls cache cosmos_cache__verdanta_weekly__dbt_weekly...","logger":"cosmos.dbt.graph","filename":"graph.py","lineno":869}
{"timestamp":"2026-08-31T18:10:00.870155Z","level":"info","event":"Cosmos performance: time to calculate cache identifier cosmos_cache__verdanta_weekly__dbt_weekly for current version: 0.12723651600003905","logger":"cosmos.cache","filename":"cache.py","lineno":401}
{"timestamp":"2026-08-31T18:10:00.870373Z","level":"info","event":"Cosmos performance [64ceca511f84|1319]: The cache size for cosmos_cache__verdanta_weekly__dbt_weekly is 23804","logger":"cosmos.dbt.graph","filename":"graph.py","lineno":886}
{"timestamp":"2026-08-31T18:10:00.871184Z","level":"info","event":"Cosmos performance: Cache hit for cosmos_cache__verdanta_weekly__dbt_weekly - 39a8c4b6e19a7b5e14cfea47af7dbd90,1ae01f5b93cde0ad1f6d9482f1b54abd","logger":"cosmos.dbt.graph","filename":"graph.py","lineno":898}
{"timestamp":"2026-08-31T18:10:00.871313Z","level":"info","event":"Total nodes: 27","logger":"cosmos.dbt.graph","filename":"graph.py","lineno":799}
{"timestamp":"2026-08-31T18:10:00.871369Z","level":"info","event":"Total filtered nodes: 27","logger":"cosmos.dbt.graph","filename":"graph.py","lineno":800}
{"timestamp":"2026-08-31T18:10:00.871440Z","level":"info","event":"Cosmos performance (verdanta_weekly__dbt_weekly) - [64ceca511f84|1319]: It took 0.145s to parse the dbt project for DAG using LoadMode.DBT_LS_CACHE","logger":"cosmos.converter","filename":"converter.py","lineno":371}
{"timestamp":"2026-08-31T18:10:00.887889Z","level":"info","event":"Cosmos performance (verdanta_weekly__dbt_weekly) - [64ceca511f84|1319]: It took 0.0164s to build the Airflow DAG.","logger":"cosmos.converter","filename":"converter.py","lineno":423}
{"timestamp":"2026-08-31T18:10:00.888033Z","level":"info","event":"::endgroup::Cosmos DAG parsing logs","logger":"cosmos.converter","filename":"converter.py","lineno":430}
{"timestamp":"2026-08-31T18:10:00.888475Z","level":"warning","event":"Using Variable.get from `airflow.models` is deprecated.Please use `get` on Variable from sdk(`airflow.sdk.Variable`) instead","category":"UserWarning","filename":"/home/airflow/.local/lib/python3.13/site-packages/airflow/models/variable.py","lineno":158,"logger":"py.warnings"}
{"timestamp":"2026-08-31T18:10:31.412516Z","level":"info","event":"Filling up the DagBag from /opt/airflow/dags/verdanta_weekly.py","logger":"airflow.dag_processing.dagbag.BundleDagBag","filename":"dagbag.py","lineno":469}
{"timestamp":"2026-08-31T18:10:31.497700Z","level":"info","event":"::group::Cosmos DAG parsing logs","logger":"cosmos.converter","filename":"converter.py","lineno":321}
{"timestamp":"2026-08-31T18:10:31.501854Z","level":"info","event":"Cosmos cache dir resolved to /tmp/cosmos/verdanta_weekly__dbt_weekly","logger":"cosmos.converter","filename":"converter.py","lineno":346}
{"timestamp":"2026-08-31T18:10:31.502085Z","level":"info","event":"Trying to parse the dbt project using dbt ls cache cosmos_cache__verdanta_weekly__dbt_weekly...","logger":"cosmos.dbt.graph","filename":"graph.py","lineno":869}
{"timestamp":"2026-08-31T18:10:31.655351Z","level":"info","event":"Cosmos performance: time to calculate cache identifier cosmos_cache__verdanta_weekly__dbt_weekly for current version: 0.13619098200001645","logger":"cosmos.cache","filename":"cache.py","lineno":401}
{"timestamp":"2026-08-31T18:10:31.655661Z","level":"info","event":"Cosmos performance [64ceca511f84|1354]: The cache size for cosmos_cache__verdanta_weekly__dbt_weekly is 23804","logger":"cosmos.dbt.graph","filename":"graph.py","lineno":886}
{"timestamp":"2026-08-31T18:10:31.657463Z","level":"info","event":"Cosmos performance: Cache hit for cosmos_cache__verdanta_weekly__dbt_weekly - 39a8c4b6e19a7b5e14cfea47af7dbd90,1ae01f5b93cde0ad1f6d9482f1b54abd","logger":"cosmos.dbt.graph","filename":"graph.py","lineno":898}
{"timestamp":"2026-08-31T18:10:31.657811Z","level":"info","event":"Total nodes: 27","logger":"cosmos.dbt.graph","filename":"graph.py","lineno":799}
{"timestamp":"2026-08-31T18:10:31.657999Z","level":"info","event":"Total filtered nodes: 27","logger":"cosmos.dbt.graph","filename":"graph.py","lineno":800}
{"timestamp":"2026-08-31T18:10:31.658193Z","level":"info","event":"Cosmos performance (verdanta_weekly__dbt_weekly) - [64ceca511f84|1354]: It took 0.156s to parse the dbt project for DAG using LoadMode.DBT_LS_CACHE","logger":"cosmos.converter","filename":"converter.py","lineno":371}
{"timestamp":"2026-08-31T18:10:31.692942Z","level":"info","event":"Cosmos performance (verdanta_weekly__dbt_weekly) - [64ceca511f84|1354]: It took 0.0347s to build the Airflow DAG.","logger":"cosmos.converter","filename":"converter.py","lineno":423}
{"timestamp":"2026-08-31T18:10:31.693133Z","level":"info","event":"::endgroup::Cosmos DAG parsing logs","logger":"cosmos.converter","filename":"converter.py","lineno":430}
{"timestamp":"2026-08-31T18:10:31.693831Z","level":"warning","event":"Using Variable.get from `airflow.models` is deprecated.Please use `get` on Variable from sdk(`airflow.sdk.Variable`) instead","category":"UserWarning","filename":"/home/airflow/.local/lib/python3.13/site-packages/airflow/models/variable.py","lineno":158,"logger":"py.warnings"}
{"timestamp":"2026-08-31T18:11:02.243150Z","level":"info","event":"Filling up the DagBag from /opt/airflow/dags/verdanta_weekly.py","logger":"airflow.dag_processing.dagbag.BundleDagBag","filename":"dagbag.py","lineno":469}
{"timestamp":"2026-08-31T18:11:02.328883Z","level":"info","event":"::group::Cosmos DAG parsing logs","logger":"cosmos.converter","filename":"converter.py","lineno":321}
{"timestamp":"2026-08-31T18:11:02.332890Z","level":"info","event":"Cosmos cache dir resolved to /tmp/cosmos/verdanta_weekly__dbt_weekly","logger":"cosmos.converter","filename":"converter.py","lineno":346}
{"timestamp":"2026-08-31T18:11:02.333141Z","level":"info","event":"Trying to parse the dbt project using dbt ls cache cosmos_cache__verdanta_weekly__dbt_weekly...","logger":"cosmos.dbt.graph","filename":"graph.py","lineno":869}
{"timestamp":"2026-08-31T18:11:02.475607Z","level":"info","event":"Cosmos performance: time to calculate cache identifier cosmos_cache__verdanta_weekly__dbt_weekly for current version: 0.12558196999998472","logger":"cosmos.cache","filename":"cache.py","lineno":401}
{"timestamp":"2026-08-31T18:11:02.475826Z","level":"info","event":"Cosmos performance [64ceca511f84|1383]: The cache size for cosmos_cache__verdanta_weekly__dbt_weekly is 23804","logger":"cosmos.dbt.graph","filename":"graph.py","lineno":886}
{"timestamp":"2026-08-31T18:11:02.476736Z","level":"info","event":"Cosmos performance: Cache hit for cosmos_cache__verdanta_weekly__dbt_weekly - 39a8c4b6e19a7b5e14cfea47af7dbd90,1ae01f5b93cde0ad1f6d9482f1b54abd","logger":"cosmos.dbt.graph","filename":"graph.py","lineno":898}
{"timestamp":"2026-08-31T18:11:02.476913Z","level":"info","event":"Total nodes: 27","logger":"cosmos.dbt.graph","filename":"graph.py","lineno":799}
{"timestamp":"2026-08-31T18:11:02.476975Z","level":"info","event":"Total filtered nodes: 27","logger":"cosmos.dbt.graph","filename":"graph.py","lineno":800}
{"timestamp":"2026-08-31T18:11:02.477040Z","level":"info","event":"Cosmos performance (verdanta_weekly__dbt_weekly) - [64ceca511f84|1383]: It took 0.144s to parse the dbt project for DAG using LoadMode.DBT_LS_CACHE","logger":"cosmos.converter","filename":"converter.py","lineno":371}
{"timestamp":"2026-08-31T18:11:02.495024Z","level":"info","event":"Cosmos performance (verdanta_weekly__dbt_weekly) - [64ceca511f84|1383]: It took 0.0179s to build the Airflow DAG.","logger":"cosmos.converter","filename":"converter.py","lineno":423}
{"timestamp":"2026-08-31T18:11:02.495174Z","level":"info","event":"::endgroup::Cosmos DAG parsing logs","logger":"cosmos.converter","filename":"converter.py","lineno":430}
{"timestamp":"2026-08-31T18:11:02.495571Z","level":"warning","event":"Using Variable.get from `airflow.models` is deprecated.Please use `get` on Variable from sdk(`airflow.sdk.Variable`) instead","category":"UserWarning","filename":"/home/airflow/.local/lib/python3.13/site-packages/airflow/models/variable.py","lineno":158,"logger":"py.warnings"}
{"timestamp":"2026-08-31T18:11:33.120081Z","level":"info","event":"Filling up the DagBag from /opt/airflow/dags/verdanta_weekly.py","logger":"airflow.dag_processing.dagbag.BundleDagBag","filename":"dagbag.py","lineno":469}
{"timestamp":"2026-08-31T18:11:33.202028Z","level":"info","event":"::group::Cosmos DAG parsing logs","logger":"cosmos.converter","filename":"converter.py","lineno":321}
{"timestamp":"2026-08-31T18:11:33.206142Z","level":"info","event":"Cosmos cache dir resolved to /tmp/cosmos/verdanta_weekly__dbt_weekly","logger":"cosmos.converter","filename":"converter.py","lineno":346}
{"timestamp":"2026-08-31T18:11:33.206341Z","level":"info","event":"Trying to parse the dbt project using dbt ls cache cosmos_cache__verdanta_weekly__dbt_weekly...","logger":"cosmos.dbt.graph","filename":"graph.py","lineno":869}
{"timestamp":"2026-08-31T18:11:33.346387Z","level":"info","event":"Cosmos performance: time to calculate cache identifier cosmos_cache__verdanta_weekly__dbt_weekly for current version: 0.12428970199994183","logger":"cosmos.cache","filename":"cache.py","lineno":401}
{"timestamp":"2026-08-31T18:11:33.346623Z","level":"info","event":"Cosmos performance [64ceca511f84|1419]: The cache size for cosmos_cache__verdanta_weekly__dbt_weekly is 23804","logger":"cosmos.dbt.graph","filename":"graph.py","lineno":886}
{"timestamp":"2026-08-31T18:11:33.347468Z","level":"info","event":"Cosmos performance: Cache hit for cosmos_cache__verdanta_weekly__dbt_weekly - 39a8c4b6e19a7b5e14cfea47af7dbd90,1ae01f5b93cde0ad1f6d9482f1b54abd","logger":"cosmos.dbt.graph","filename":"graph.py","lineno":898}
{"timestamp":"2026-08-31T18:11:33.347611Z","level":"info","event":"Total nodes: 27","logger":"cosmos.dbt.graph","filename":"graph.py","lineno":799}
{"timestamp":"2026-08-31T18:11:33.347676Z","level":"info","event":"Total filtered nodes: 27","logger":"cosmos.dbt.graph","filename":"graph.py","lineno":800}
{"timestamp":"2026-08-31T18:11:33.347752Z","level":"info","event":"Cosmos performance (verdanta_weekly__dbt_weekly) - [64ceca511f84|1419]: It took 0.141s to parse the dbt project for DAG using LoadMode.DBT_LS_CACHE","logger":"cosmos.converter","filename":"converter.py","lineno":371}
{"timestamp":"2026-08-31T18:11:33.365203Z","level":"info","event":"Cosmos performance (verdanta_weekly__dbt_weekly) - [64ceca511f84|1419]: It took 0.0174s to build the Airflow DAG.","logger":"cosmos.converter","filename":"converter.py","lineno":423}
{"timestamp":"2026-08-31T18:11:33.365364Z","level":"info","event":"::endgroup::Cosmos DAG parsing logs","logger":"cosmos.converter","filename":"converter.py","lineno":430}
{"timestamp":"2026-08-31T18:11:33.365898Z","level":"warning","event":"Using Variable.get from `airflow.models` is deprecated.Please use `get` on Variable from sdk(`airflow.sdk.Variable`) instead","category":"UserWarning","filename":"/home/airflow/.local/lib/python3.13/site-packages/airflow/models/variable.py","lineno":158,"logger":"py.warnings"}
{"timestamp":"2026-08-31T18:12:04.022964Z","level":"info","event":"Filling up the DagBag from /opt/airflow/dags/verdanta_weekly.py","logger":"airflow.dag_processing.dagbag.BundleDagBag","filename":"dagbag.py","lineno":469}
{"timestamp":"2026-08-31T18:12:04.087777Z","level":"info","event":"::group::Cosmos DAG parsing logs","logger":"cosmos.converter","filename":"converter.py","lineno":321}
{"timestamp":"2026-08-31T18:12:04.091039Z","level":"info","event":"Cosmos cache dir resolved to /tmp/cosmos/verdanta_weekly__dbt_weekly","logger":"cosmos.converter","filename":"converter.py","lineno":346}
{"timestamp":"2026-08-31T18:12:04.091216Z","level":"info","event":"Trying to parse the dbt project using dbt ls cache cosmos_cache__verdanta_weekly__dbt_weekly...","logger":"cosmos.dbt.graph","filename":"graph.py","lineno":869}
{"timestamp":"2026-08-31T18:12:04.239480Z","level":"info","event":"Cosmos performance: time to calculate cache identifier cosmos_cache__verdanta_weekly__dbt_weekly for current version: 0.13762095800007046","logger":"cosmos.cache","filename":"cache.py","lineno":401}
{"timestamp":"2026-08-31T18:12:04.239650Z","level":"info","event":"Cosmos performance [64ceca511f84|1457]: The cache size for cosmos_cache__verdanta_weekly__dbt_weekly is 23804","logger":"cosmos.dbt.graph","filename":"graph.py","lineno":886}
{"timestamp":"2026-08-31T18:12:04.240533Z","level":"info","event":"Cosmos performance: Cache hit for cosmos_cache__verdanta_weekly__dbt_weekly - 39a8c4b6e19a7b5e14cfea47af7dbd90,1ae01f5b93cde0ad1f6d9482f1b54abd","logger":"cosmos.dbt.graph","filename":"graph.py","lineno":898}
{"timestamp":"2026-08-31T18:12:04.240658Z","level":"info","event":"Total nodes: 27","logger":"cosmos.dbt.graph","filename":"graph.py","lineno":799}
{"timestamp":"2026-08-31T18:12:04.240715Z","level":"info","event":"Total filtered nodes: 27","logger":"cosmos.dbt.graph","filename":"graph.py","lineno":800}
{"timestamp":"2026-08-31T18:12:04.240778Z","level":"info","event":"Cosmos performance (verdanta_weekly__dbt_weekly) - [64ceca511f84|1457]: It took 0.15s to parse the dbt project for DAG using LoadMode.DBT_LS_CACHE","logger":"cosmos.converter","filename":"converter.py","lineno":371}
{"timestamp":"2026-08-31T18:12:04.262678Z","level":"info","event":"Cosmos performance (verdanta_weekly__dbt_weekly) - [64ceca511f84|1457]: It took 0.0218s to build the Airflow DAG.","logger":"cosmos.converter","filename":"converter.py","lineno":423}
{"timestamp":"2026-08-31T18:12:04.262838Z","level":"info","event":"::endgroup::Cosmos DAG parsing logs","logger":"cosmos.converter","filename":"converter.py","lineno":430}
{"timestamp":"2026-08-31T18:12:04.263290Z","level":"warning","event":"Using Variable.get from `airflow.models` is deprecated.Please use `get` on Variable from sdk(`airflow.sdk.Variable`) instead","category":"UserWarning","filename":"/home/airflow/.local/lib/python3.13/site-packages/airflow/models/variable.py","lineno":158,"logger":"py.warnings"}
{"timestamp":"2026-08-31T18:12:35.552326Z","level":"info","event":"Filling up the DagBag from /opt/airflow/dags/verdanta_weekly.py","logger":"airflow.dag_processing.dagbag.BundleDagBag","filename":"dagbag.py","lineno":469}
{"timestamp":"2026-08-31T18:12:35.702376Z","level":"info","event":"::group::Cosmos DAG parsing logs","logger":"cosmos.converter","filename":"converter.py","lineno":321}
{"timestamp":"2026-08-31T18:12:35.713131Z","level":"info","event":"Cosmos cache dir resolved to /tmp/cosmos/verdanta_weekly__dbt_weekly","logger":"cosmos.converter","filename":"converter.py","lineno":346}
{"timestamp":"2026-08-31T18:12:35.713548Z","level":"info","event":"Trying to parse the dbt project using dbt ls cache cosmos_cache__verdanta_weekly__dbt_weekly...","logger":"cosmos.dbt.graph","filename":"graph.py","lineno":869}
{"timestamp":"2026-08-31T18:12:35.860469Z","level":"info","event":"Cosmos performance: time to calculate cache identifier cosmos_cache__verdanta_weekly__dbt_weekly for current version: 0.1297324249999292","logger":"cosmos.cache","filename":"cache.py","lineno":401}
{"timestamp":"2026-08-31T18:12:35.860728Z","level":"info","event":"Cosmos performance [64ceca511f84|1474]: The cache size for cosmos_cache__verdanta_weekly__dbt_weekly is 23804","logger":"cosmos.dbt.graph","filename":"graph.py","lineno":886}
{"timestamp":"2026-08-31T18:12:35.861559Z","level":"info","event":"Cosmos performance: Cache hit for cosmos_cache__verdanta_weekly__dbt_weekly - 39a8c4b6e19a7b5e14cfea47af7dbd90,1ae01f5b93cde0ad1f6d9482f1b54abd","logger":"cosmos.dbt.graph","filename":"graph.py","lineno":898}
{"timestamp":"2026-08-31T18:12:35.861692Z","level":"info","event":"Total nodes: 27","logger":"cosmos.dbt.graph","filename":"graph.py","lineno":799}
{"timestamp":"2026-08-31T18:12:35.861754Z","level":"info","event":"Total filtered nodes: 27","logger":"cosmos.dbt.graph","filename":"graph.py","lineno":800}
{"timestamp":"2026-08-31T18:12:35.861849Z","level":"info","event":"Cosmos performance (verdanta_weekly__dbt_weekly) - [64ceca511f84|1474]: It took 0.148s to parse the dbt project for DAG using LoadMode.DBT_LS_CACHE","logger":"cosmos.converter","filename":"converter.py","lineno":371}
{"timestamp":"2026-08-31T18:12:35.885202Z","level":"info","event":"Cosmos performance (verdanta_weekly__dbt_weekly) - [64ceca511f84|1474]: It took 0.0233s to build the Airflow DAG.","logger":"cosmos.converter","filename":"converter.py","lineno":423}
{"timestamp":"2026-08-31T18:12:35.885388Z","level":"info","event":"::endgroup::Cosmos DAG parsing logs","logger":"cosmos.converter","filename":"converter.py","lineno":430}
{"timestamp":"2026-08-31T18:12:35.885805Z","level":"warning","event":"Using Variable.get from `airflow.models` is deprecated.Please use `get` on Variable from sdk(`airflow.sdk.Variable`) instead","category":"UserWarning","filename":"/home/airflow/.local/lib/python3.13/site-packages/airflow/models/variable.py","lineno":158,"logger":"py.warnings"}
{"timestamp":"2026-08-31T18:13:05.987493Z","level":"info","event":"Filling up the DagBag from /opt/airflow/dags/verdanta_weekly.py","logger":"airflow.dag_processing.dagbag.BundleDagBag","filename":"dagbag.py","lineno":469}
{"timestamp":"2026-08-31T18:13:06.084763Z","level":"info","event":"::group::Cosmos DAG parsing logs","logger":"cosmos.converter","filename":"converter.py","lineno":321}
{"timestamp":"2026-08-31T18:13:06.088060Z","level":"info","event":"Cosmos cache dir resolved to /tmp/cosmos/verdanta_weekly__dbt_weekly","logger":"cosmos.converter","filename":"converter.py","lineno":346}
{"timestamp":"2026-08-31T18:13:06.088274Z","level":"info","event":"Trying to parse the dbt project using dbt ls cache cosmos_cache__verdanta_weekly__dbt_weekly...","logger":"cosmos.dbt.graph","filename":"graph.py","lineno":869}
{"timestamp":"2026-08-31T18:13:06.226820Z","level":"info","event":"Cosmos performance: time to calculate cache identifier cosmos_cache__verdanta_weekly__dbt_weekly for current version: 0.12373783899988666","logger":"cosmos.cache","filename":"cache.py","lineno":401}
{"timestamp":"2026-08-31T18:13:06.227055Z","level":"info","event":"Cosmos performance [64ceca511f84|1507]: The cache size for cosmos_cache__verdanta_weekly__dbt_weekly is 23804","logger":"cosmos.dbt.graph","filename":"graph.py","lineno":886}
{"timestamp":"2026-08-31T18:13:06.227868Z","level":"info","event":"Cosmos performance: Cache hit for cosmos_cache__verdanta_weekly__dbt_weekly - 39a8c4b6e19a7b5e14cfea47af7dbd90,1ae01f5b93cde0ad1f6d9482f1b54abd","logger":"cosmos.dbt.graph","filename":"graph.py","lineno":898}
{"timestamp":"2026-08-31T18:13:06.227998Z","level":"info","event":"Total nodes: 27","logger":"cosmos.dbt.graph","filename":"graph.py","lineno":799}
{"timestamp":"2026-08-31T18:13:06.228055Z","level":"info","event":"Total filtered nodes: 27","logger":"cosmos.dbt.graph","filename":"graph.py","lineno":800}
{"timestamp":"2026-08-31T18:13:06.228122Z","level":"info","event":"Cosmos performance (verdanta_weekly__dbt_weekly) - [64ceca511f84|1507]: It took 0.14s to parse the dbt project for DAG using LoadMode.DBT_LS_CACHE","logger":"cosmos.converter","filename":"converter.py","lineno":371}
{"timestamp":"2026-08-31T18:13:06.249997Z","level":"info","event":"Cosmos performance (verdanta_weekly__dbt_weekly) - [64ceca511f84|1507]: It took 0.0218s to build the Airflow DAG.","logger":"cosmos.converter","filename":"converter.py","lineno":423}
{"timestamp":"2026-08-31T18:13:06.250153Z","level":"info","event":"::endgroup::Cosmos DAG parsing logs","logger":"cosmos.converter","filename":"converter.py","lineno":430}
{"timestamp":"2026-08-31T18:13:06.250634Z","level":"warning","event":"Using Variable.get from `airflow.models` is deprecated.Please use `get` on Variable from sdk(`airflow.sdk.Variable`) instead","category":"UserWarning","filename":"/home/airflow/.local/lib/python3.13/site-packages/airflow/models/variable.py","lineno":158,"logger":"py.warnings"}
{"timestamp":"2026-08-31T18:13:36.873305Z","level":"info","event":"Filling up the DagBag from /opt/airflow/dags/verdanta_weekly.py","logger":"airflow.dag_processing.dagbag.BundleDagBag","filename":"dagbag.py","lineno":469}
{"timestamp":"2026-08-31T18:13:36.949161Z","level":"info","event":"::group::Cosmos DAG parsing logs","logger":"cosmos.converter","filename":"converter.py","lineno":321}
{"timestamp":"2026-08-31T18:13:36.953082Z","level":"info","event":"Cosmos cache dir resolved to /tmp/cosmos/verdanta_weekly__dbt_weekly","logger":"cosmos.converter","filename":"converter.py","lineno":346}
{"timestamp":"2026-08-31T18:13:36.953273Z","level":"info","event":"Trying to parse the dbt project using dbt ls cache cosmos_cache__verdanta_weekly__dbt_weekly...","logger":"cosmos.dbt.graph","filename":"graph.py","lineno":869}
{"timestamp":"2026-08-31T18:13:37.095154Z","level":"info","event":"Cosmos performance: time to calculate cache identifier cosmos_cache__verdanta_weekly__dbt_weekly for current version: 0.1255657209999299","logger":"cosmos.cache","filename":"cache.py","lineno":401}
{"timestamp":"2026-08-31T18:13:37.095381Z","level":"info","event":"Cosmos performance [64ceca511f84|1541]: The cache size for cosmos_cache__verdanta_weekly__dbt_weekly is 23804","logger":"cosmos.dbt.graph","filename":"graph.py","lineno":886}
{"timestamp":"2026-08-31T18:13:37.096301Z","level":"info","event":"Cosmos performance: Cache hit for cosmos_cache__verdanta_weekly__dbt_weekly - 39a8c4b6e19a7b5e14cfea47af7dbd90,1ae01f5b93cde0ad1f6d9482f1b54abd","logger":"cosmos.dbt.graph","filename":"graph.py","lineno":898}
{"timestamp":"2026-08-31T18:13:37.096427Z","level":"info","event":"Total nodes: 27","logger":"cosmos.dbt.graph","filename":"graph.py","lineno":799}
{"timestamp":"2026-08-31T18:13:37.096504Z","level":"info","event":"Total filtered nodes: 27","logger":"cosmos.dbt.graph","filename":"graph.py","lineno":800}
{"timestamp":"2026-08-31T18:13:37.096572Z","level":"info","event":"Cosmos performance (verdanta_weekly__dbt_weekly) - [64ceca511f84|1541]: It took 0.143s to parse the dbt project for DAG using LoadMode.DBT_LS_CACHE","logger":"cosmos.converter","filename":"converter.py","lineno":371}
{"timestamp":"2026-08-31T18:13:37.114074Z","level":"info","event":"Cosmos performance (verdanta_weekly__dbt_weekly) - [64ceca511f84|1541]: It took 0.0175s to build the Airflow DAG.","logger":"cosmos.converter","filename":"converter.py","lineno":423}
{"timestamp":"2026-08-31T18:13:37.114214Z","level":"info","event":"::endgroup::Cosmos DAG parsing logs","logger":"cosmos.converter","filename":"converter.py","lineno":430}
{"timestamp":"2026-08-31T18:13:37.114636Z","level":"warning","event":"Using Variable.get from `airflow.models` is deprecated.Please use `get` on Variable from sdk(`airflow.sdk.Variable`) instead","category":"UserWarning","filename":"/home/airflow/.local/lib/python3.13/site-packages/airflow/models/variable.py","lineno":158,"logger":"py.warnings"}
{"timestamp":"2026-08-31T18:14:07.730208Z","level":"info","event":"Filling up the DagBag from /opt/airflow/dags/verdanta_weekly.py","logger":"airflow.dag_processing.dagbag.BundleDagBag","filename":"dagbag.py","lineno":469}
{"timestamp":"2026-08-31T18:14:07.815065Z","level":"info","event":"::group::Cosmos DAG parsing logs","logger":"cosmos.converter","filename":"converter.py","lineno":321}
{"timestamp":"2026-08-31T18:14:07.819328Z","level":"info","event":"Cosmos cache dir resolved to /tmp/cosmos/verdanta_weekly__dbt_weekly","logger":"cosmos.converter","filename":"converter.py","lineno":346}
{"timestamp":"2026-08-31T18:14:07.819677Z","level":"info","event":"Trying to parse the dbt project using dbt ls cache cosmos_cache__verdanta_weekly__dbt_weekly...","logger":"cosmos.dbt.graph","filename":"graph.py","lineno":869}
{"timestamp":"2026-08-31T18:14:07.968418Z","level":"info","event":"Cosmos performance: time to calculate cache identifier cosmos_cache__verdanta_weekly__dbt_weekly for current version: 0.1310819249999895","logger":"cosmos.cache","filename":"cache.py","lineno":401}
{"timestamp":"2026-08-31T18:14:07.968662Z","level":"info","event":"Cosmos performance [64ceca511f84|1577]: The cache size for cosmos_cache__verdanta_weekly__dbt_weekly is 23804","logger":"cosmos.dbt.graph","filename":"graph.py","lineno":886}
{"timestamp":"2026-08-31T18:14:07.969517Z","level":"info","event":"Cosmos performance: Cache hit for cosmos_cache__verdanta_weekly__dbt_weekly - 39a8c4b6e19a7b5e14cfea47af7dbd90,1ae01f5b93cde0ad1f6d9482f1b54abd","logger":"cosmos.dbt.graph","filename":"graph.py","lineno":898}
{"timestamp":"2026-08-31T18:14:07.969647Z","level":"info","event":"Total nodes: 27","logger":"cosmos.dbt.graph","filename":"graph.py","lineno":799}
{"timestamp":"2026-08-31T18:14:07.969709Z","level":"info","event":"Total filtered nodes: 27","logger":"cosmos.dbt.graph","filename":"graph.py","lineno":800}
{"timestamp":"2026-08-31T18:14:07.969777Z","level":"info","event":"Cosmos performance (verdanta_weekly__dbt_weekly) - [64ceca511f84|1577]: It took 0.15s to parse the dbt project for DAG using LoadMode.DBT_LS_CACHE","logger":"cosmos.converter","filename":"converter.py","lineno":371}
{"timestamp":"2026-08-31T18:14:07.988376Z","level":"info","event":"Cosmos performance (verdanta_weekly__dbt_weekly) - [64ceca511f84|1577]: It took 0.0185s to build the Airflow DAG.","logger":"cosmos.converter","filename":"converter.py","lineno":423}
{"timestamp":"2026-08-31T18:14:07.988547Z","level":"info","event":"::endgroup::Cosmos DAG parsing logs","logger":"cosmos.converter","filename":"converter.py","lineno":430}
{"timestamp":"2026-08-31T18:14:07.989068Z","level":"warning","event":"Using Variable.get from `airflow.models` is deprecated.Please use `get` on Variable from sdk(`airflow.sdk.Variable`) instead","category":"UserWarning","filename":"/home/airflow/.local/lib/python3.13/site-packages/airflow/models/variable.py","lineno":158,"logger":"py.warnings"}
{"timestamp":"2026-08-31T18:14:38.979020Z","level":"info","event":"Filling up the DagBag from /opt/airflow/dags/verdanta_weekly.py","logger":"airflow.dag_processing.dagbag.BundleDagBag","filename":"dagbag.py","lineno":469}
{"timestamp":"2026-08-31T18:14:39.073369Z","level":"info","event":"::group::Cosmos DAG parsing logs","logger":"cosmos.converter","filename":"converter.py","lineno":321}
{"timestamp":"2026-08-31T18:14:39.077778Z","level":"info","event":"Cosmos cache dir resolved to /tmp/cosmos/verdanta_weekly__dbt_weekly","logger":"cosmos.converter","filename":"converter.py","lineno":346}
{"timestamp":"2026-08-31T18:14:39.078019Z","level":"info","event":"Trying to parse the dbt project using dbt ls cache cosmos_cache__verdanta_weekly__dbt_weekly...","logger":"cosmos.dbt.graph","filename":"graph.py","lineno":869}
{"timestamp":"2026-08-31T18:14:39.252764Z","level":"info","event":"Cosmos performance: time to calculate cache identifier cosmos_cache__verdanta_weekly__dbt_weekly for current version: 0.15861773699998594","logger":"cosmos.cache","filename":"cache.py","lineno":401}
{"timestamp":"2026-08-31T18:14:39.253012Z","level":"info","event":"Cosmos performance [64ceca511f84|1614]: The cache size for cosmos_cache__verdanta_weekly__dbt_weekly is 23804","logger":"cosmos.dbt.graph","filename":"graph.py","lineno":886}
{"timestamp":"2026-08-31T18:14:39.253885Z","level":"info","event":"Cosmos performance: Cache hit for cosmos_cache__verdanta_weekly__dbt_weekly - 39a8c4b6e19a7b5e14cfea47af7dbd90,1ae01f5b93cde0ad1f6d9482f1b54abd","logger":"cosmos.dbt.graph","filename":"graph.py","lineno":898}
{"timestamp":"2026-08-31T18:14:39.254015Z","level":"info","event":"Total nodes: 27","logger":"cosmos.dbt.graph","filename":"graph.py","lineno":799}
{"timestamp":"2026-08-31T18:14:39.254075Z","level":"info","event":"Total filtered nodes: 27","logger":"cosmos.dbt.graph","filename":"graph.py","lineno":800}
{"timestamp":"2026-08-31T18:14:39.254157Z","level":"info","event":"Cosmos performance (verdanta_weekly__dbt_weekly) - [64ceca511f84|1614]: It took 0.176s to parse the dbt project for DAG using LoadMode.DBT_LS_CACHE","logger":"cosmos.converter","filename":"converter.py","lineno":371}
{"timestamp":"2026-08-31T18:14:39.285814Z","level":"info","event":"Cosmos performance (verdanta_weekly__dbt_weekly) - [64ceca511f84|1614]: It took 0.0316s to build the Airflow DAG.","logger":"cosmos.converter","filename":"converter.py","lineno":423}
{"timestamp":"2026-08-31T18:14:39.285979Z","level":"info","event":"::endgroup::Cosmos DAG parsing logs","logger":"cosmos.converter","filename":"converter.py","lineno":430}
{"timestamp":"2026-08-31T18:14:39.286543Z","level":"warning","event":"Using Variable.get from `airflow.models` is deprecated.Please use `get` on Variable from sdk(`airflow.sdk.Variable`) instead","category":"UserWarning","filename":"/home/airflow/.local/lib/python3.13/site-packages/airflow/models/variable.py","lineno":158,"logger":"py.warnings"}
{"timestamp":"2026-08-31T18:15:09.388305Z","level":"info","event":"Filling up the DagBag from /opt/airflow/dags/verdanta_weekly.py","logger":"airflow.dag_processing.dagbag.BundleDagBag","filename":"dagbag.py","lineno":469}
{"timestamp":"2026-08-31T18:15:09.462411Z","level":"info","event":"::group::Cosmos DAG parsing logs","logger":"cosmos.converter","filename":"converter.py","lineno":321}
{"timestamp":"2026-08-31T18:15:09.466101Z","level":"info","event":"Cosmos cache dir resolved to /tmp/cosmos/verdanta_weekly__dbt_weekly","logger":"cosmos.converter","filename":"converter.py","lineno":346}
{"timestamp":"2026-08-31T18:15:09.466315Z","level":"info","event":"Trying to parse the dbt project using dbt ls cache cosmos_cache__verdanta_weekly__dbt_weekly...","logger":"cosmos.dbt.graph","filename":"graph.py","lineno":869}
{"timestamp":"2026-08-31T18:15:09.637510Z","level":"info","event":"Cosmos performance: time to calculate cache identifier cosmos_cache__verdanta_weekly__dbt_weekly for current version: 0.15210281600002418","logger":"cosmos.cache","filename":"cache.py","lineno":401}
{"timestamp":"2026-08-31T18:15:09.637733Z","level":"info","event":"Cosmos performance [64ceca511f84|1629]: The cache size for cosmos_cache__verdanta_weekly__dbt_weekly is 23804","logger":"cosmos.dbt.graph","filename":"graph.py","lineno":886}
{"timestamp":"2026-08-31T18:15:09.638599Z","level":"info","event":"Cosmos performance: Cache hit for cosmos_cache__verdanta_weekly__dbt_weekly - 39a8c4b6e19a7b5e14cfea47af7dbd90,1ae01f5b93cde0ad1f6d9482f1b54abd","logger":"cosmos.dbt.graph","filename":"graph.py","lineno":898}
{"timestamp":"2026-08-31T18:15:09.638719Z","level":"info","event":"Total nodes: 27","logger":"cosmos.dbt.graph","filename":"graph.py","lineno":799}
{"timestamp":"2026-08-31T18:15:09.638789Z","level":"info","event":"Total filtered nodes: 27","logger":"cosmos.dbt.graph","filename":"graph.py","lineno":800}
{"timestamp":"2026-08-31T18:15:09.638852Z","level":"info","event":"Cosmos performance (verdanta_weekly__dbt_weekly) - [64ceca511f84|1629]: It took 0.173s to parse the dbt project for DAG using LoadMode.DBT_LS_CACHE","logger":"cosmos.converter","filename":"converter.py","lineno":371}
{"timestamp":"2026-08-31T18:15:09.669514Z","level":"info","event":"Cosmos performance (verdanta_weekly__dbt_weekly) - [64ceca511f84|1629]: It took 0.0306s to build the Airflow DAG.","logger":"cosmos.converter","filename":"converter.py","lineno":423}
{"timestamp":"2026-08-31T18:15:09.669726Z","level":"info","event":"::endgroup::Cosmos DAG parsing logs","logger":"cosmos.converter","filename":"converter.py","lineno":430}
{"timestamp":"2026-08-31T18:15:09.670361Z","level":"warning","event":"Using Variable.get from `airflow.models` is deprecated.Please use `get` on Variable from sdk(`airflow.sdk.Variable`) instead","category":"UserWarning","filename":"/home/airflow/.local/lib/python3.13/site-packages/airflow/models/variable.py","lineno":158,"logger":"py.warnings"}
{"timestamp":"2026-08-31T18:15:39.807033Z","level":"info","event":"Filling up the DagBag from /opt/airflow/dags/verdanta_weekly.py","logger":"airflow.dag_processing.dagbag.BundleDagBag","filename":"dagbag.py","lineno":469}
{"timestamp":"2026-08-31T18:15:39.878882Z","level":"info","event":"::group::Cosmos DAG parsing logs","logger":"cosmos.converter","filename":"converter.py","lineno":321}
{"timestamp":"2026-08-31T18:15:39.883252Z","level":"info","event":"Cosmos cache dir resolved to /tmp/cosmos/verdanta_weekly__dbt_weekly","logger":"cosmos.converter","filename":"converter.py","lineno":346}
{"timestamp":"2026-08-31T18:15:39.883468Z","level":"info","event":"Trying to parse the dbt project using dbt ls cache cosmos_cache__verdanta_weekly__dbt_weekly...","logger":"cosmos.dbt.graph","filename":"graph.py","lineno":869}
{"timestamp":"2026-08-31T18:15:40.034803Z","level":"info","event":"Cosmos performance: time to calculate cache identifier cosmos_cache__verdanta_weekly__dbt_weekly for current version: 0.13370405599994228","logger":"cosmos.cache","filename":"cache.py","lineno":401}
{"timestamp":"2026-08-31T18:15:40.035043Z","level":"info","event":"Cosmos performance [64ceca511f84|1665]: The cache size for cosmos_cache__verdanta_weekly__dbt_weekly is 23804","logger":"cosmos.dbt.graph","filename":"graph.py","lineno":886}
{"timestamp":"2026-08-31T18:15:40.035926Z","level":"info","event":"Cosmos performance: Cache hit for cosmos_cache__verdanta_weekly__dbt_weekly - 39a8c4b6e19a7b5e14cfea47af7dbd90,1ae01f5b93cde0ad1f6d9482f1b54abd","logger":"cosmos.dbt.graph","filename":"graph.py","lineno":898}
{"timestamp":"2026-08-31T18:15:40.036051Z","level":"info","event":"Total nodes: 27","logger":"cosmos.dbt.graph","filename":"graph.py","lineno":799}
{"timestamp":"2026-08-31T18:15:40.036110Z","level":"info","event":"Total filtered nodes: 27","logger":"cosmos.dbt.graph","filename":"graph.py","lineno":800}
{"timestamp":"2026-08-31T18:15:40.036185Z","level":"info","event":"Cosmos performance (verdanta_weekly__dbt_weekly) - [64ceca511f84|1665]: It took 0.153s to parse the dbt project for DAG using LoadMode.DBT_LS_CACHE","logger":"cosmos.converter","filename":"converter.py","lineno":371}
{"timestamp":"2026-08-31T18:15:40.063219Z","level":"info","event":"Cosmos performance (verdanta_weekly__dbt_weekly) - [64ceca511f84|1665]: It took 0.027s to build the Airflow DAG.","logger":"cosmos.converter","filename":"converter.py","lineno":423}
{"timestamp":"2026-08-31T18:15:40.063372Z","level":"info","event":"::endgroup::Cosmos DAG parsing logs","logger":"cosmos.converter","filename":"converter.py","lineno":430}
{"timestamp":"2026-08-31T18:15:40.063778Z","level":"warning","event":"Using Variable.get from `airflow.models` is deprecated.Please use `get` on Variable from sdk(`airflow.sdk.Variable`) instead","category":"UserWarning","filename":"/home/airflow/.local/lib/python3.13/site-packages/airflow/models/variable.py","lineno":158,"logger":"py.warnings"}
{"timestamp":"2026-08-31T18:16:10.354782Z","level":"info","event":"Filling up the DagBag from /opt/airflow/dags/verdanta_weekly.py","logger":"airflow.dag_processing.dagbag.BundleDagBag","filename":"dagbag.py","lineno":469}
{"timestamp":"2026-08-31T18:16:10.429709Z","level":"info","event":"::group::Cosmos DAG parsing logs","logger":"cosmos.converter","filename":"converter.py","lineno":321}
{"timestamp":"2026-08-31T18:16:10.433034Z","level":"info","event":"Cosmos cache dir resolved to /tmp/cosmos/verdanta_weekly__dbt_weekly","logger":"cosmos.converter","filename":"converter.py","lineno":346}
{"timestamp":"2026-08-31T18:16:10.433234Z","level":"info","event":"Trying to parse the dbt project using dbt ls cache cosmos_cache__verdanta_weekly__dbt_weekly...","logger":"cosmos.dbt.graph","filename":"graph.py","lineno":869}
{"timestamp":"2026-08-31T18:16:10.578840Z","level":"info","event":"Cosmos performance: time to calculate cache identifier cosmos_cache__verdanta_weekly__dbt_weekly for current version: 0.1289395080000304","logger":"cosmos.cache","filename":"cache.py","lineno":401}
{"timestamp":"2026-08-31T18:16:10.579057Z","level":"info","event":"Cosmos performance [64ceca511f84|1699]: The cache size for cosmos_cache__verdanta_weekly__dbt_weekly is 23804","logger":"cosmos.dbt.graph","filename":"graph.py","lineno":886}
{"timestamp":"2026-08-31T18:16:10.579959Z","level":"info","event":"Cosmos performance: Cache hit for cosmos_cache__verdanta_weekly__dbt_weekly - 39a8c4b6e19a7b5e14cfea47af7dbd90,1ae01f5b93cde0ad1f6d9482f1b54abd","logger":"cosmos.dbt.graph","filename":"graph.py","lineno":898}
{"timestamp":"2026-08-31T18:16:10.580091Z","level":"info","event":"Total nodes: 27","logger":"cosmos.dbt.graph","filename":"graph.py","lineno":799}
{"timestamp":"2026-08-31T18:16:10.580157Z","level":"info","event":"Total filtered nodes: 27","logger":"cosmos.dbt.graph","filename":"graph.py","lineno":800}
{"timestamp":"2026-08-31T18:16:10.580224Z","level":"info","event":"Cosmos performance (verdanta_weekly__dbt_weekly) - [64ceca511f84|1699]: It took 0.147s to parse the dbt project for DAG using LoadMode.DBT_LS_CACHE","logger":"cosmos.converter","filename":"converter.py","lineno":371}
{"timestamp":"2026-08-31T18:16:10.599979Z","level":"info","event":"Cosmos performance (verdanta_weekly__dbt_weekly) - [64ceca511f84|1699]: It took 0.0197s to build the Airflow DAG.","logger":"cosmos.converter","filename":"converter.py","lineno":423}
{"timestamp":"2026-08-31T18:16:10.600143Z","level":"info","event":"::endgroup::Cosmos DAG parsing logs","logger":"cosmos.converter","filename":"converter.py","lineno":430}
{"timestamp":"2026-08-31T18:16:10.600691Z","level":"warning","event":"Using Variable.get from `airflow.models` is deprecated.Please use `get` on Variable from sdk(`airflow.sdk.Variable`) instead","category":"UserWarning","filename":"/home/airflow/.local/lib/python3.13/site-packages/airflow/models/variable.py","lineno":158,"logger":"py.warnings"}
{"timestamp":"2026-08-31T18:16:41.393706Z","level":"info","event":"Filling up the DagBag from /opt/airflow/dags/verdanta_weekly.py","logger":"airflow.dag_processing.dagbag.BundleDagBag","filename":"dagbag.py","lineno":469}
{"timestamp":"2026-08-31T18:16:41.482739Z","level":"info","event":"::group::Cosmos DAG parsing logs","logger":"cosmos.converter","filename":"converter.py","lineno":321}
{"timestamp":"2026-08-31T18:16:41.486604Z","level":"info","event":"Cosmos cache dir resolved to /tmp/cosmos/verdanta_weekly__dbt_weekly","logger":"cosmos.converter","filename":"converter.py","lineno":346}
{"timestamp":"2026-08-31T18:16:41.486860Z","level":"info","event":"Trying to parse the dbt project using dbt ls cache cosmos_cache__verdanta_weekly__dbt_weekly...","logger":"cosmos.dbt.graph","filename":"graph.py","lineno":869}
{"timestamp":"2026-08-31T18:16:41.644627Z","level":"info","event":"Cosmos performance: time to calculate cache identifier cosmos_cache__verdanta_weekly__dbt_weekly for current version: 0.1370746439999948","logger":"cosmos.cache","filename":"cache.py","lineno":401}
{"timestamp":"2026-08-31T18:16:41.644849Z","level":"info","event":"Cosmos performance [64ceca511f84|1735]: The cache size for cosmos_cache__verdanta_weekly__dbt_weekly is 23804","logger":"cosmos.dbt.graph","filename":"graph.py","lineno":886}
{"timestamp":"2026-08-31T18:16:41.645683Z","level":"info","event":"Cosmos performance: Cache hit for cosmos_cache__verdanta_weekly__dbt_weekly - 39a8c4b6e19a7b5e14cfea47af7dbd90,1ae01f5b93cde0ad1f6d9482f1b54abd","logger":"cosmos.dbt.graph","filename":"graph.py","lineno":898}
{"timestamp":"2026-08-31T18:16:41.645813Z","level":"info","event":"Total nodes: 27","logger":"cosmos.dbt.graph","filename":"graph.py","lineno":799}
{"timestamp":"2026-08-31T18:16:41.645871Z","level":"info","event":"Total filtered nodes: 27","logger":"cosmos.dbt.graph","filename":"graph.py","lineno":800}
{"timestamp":"2026-08-31T18:16:41.645939Z","level":"info","event":"Cosmos performance (verdanta_weekly__dbt_weekly) - [64ceca511f84|1735]: It took 0.159s to parse the dbt project for DAG using LoadMode.DBT_LS_CACHE","logger":"cosmos.converter","filename":"converter.py","lineno":371}
{"timestamp":"2026-08-31T18:16:41.670024Z","level":"info","event":"Cosmos performance (verdanta_weekly__dbt_weekly) - [64ceca511f84|1735]: It took 0.024s to build the Airflow DAG.","logger":"cosmos.converter","filename":"converter.py","lineno":423}
{"timestamp":"2026-08-31T18:16:41.670217Z","level":"info","event":"::endgroup::Cosmos DAG parsing logs","logger":"cosmos.converter","filename":"converter.py","lineno":430}
{"timestamp":"2026-08-31T18:16:41.670731Z","level":"warning","event":"Using Variable.get from `airflow.models` is deprecated.Please use `get` on Variable from sdk(`airflow.sdk.Variable`) instead","category":"UserWarning","filename":"/home/airflow/.local/lib/python3.13/site-packages/airflow/models/variable.py","lineno":158,"logger":"py.warnings"}
{"timestamp":"2026-08-31T18:17:12.711887Z","level":"info","event":"Filling up the DagBag from /opt/airflow/dags/verdanta_weekly.py","logger":"airflow.dag_processing.dagbag.BundleDagBag","filename":"dagbag.py","lineno":469}
{"timestamp":"2026-08-31T18:17:12.785325Z","level":"info","event":"::group::Cosmos DAG parsing logs","logger":"cosmos.converter","filename":"converter.py","lineno":321}
{"timestamp":"2026-08-31T18:17:12.788607Z","level":"info","event":"Cosmos cache dir resolved to /tmp/cosmos/verdanta_weekly__dbt_weekly","logger":"cosmos.converter","filename":"converter.py","lineno":346}
{"timestamp":"2026-08-31T18:17:12.788818Z","level":"info","event":"Trying to parse the dbt project using dbt ls cache cosmos_cache__verdanta_weekly__dbt_weekly...","logger":"cosmos.dbt.graph","filename":"graph.py","lineno":869}
{"timestamp":"2026-08-31T18:17:12.934689Z","level":"info","event":"Cosmos performance: time to calculate cache identifier cosmos_cache__verdanta_weekly__dbt_weekly for current version: 0.13056542699996498","logger":"cosmos.cache","filename":"cache.py","lineno":401}
{"timestamp":"2026-08-31T18:17:12.934916Z","level":"info","event":"Cosmos performance [64ceca511f84|1755]: The cache size for cosmos_cache__verdanta_weekly__dbt_weekly is 23804","logger":"cosmos.dbt.graph","filename":"graph.py","lineno":886}
{"timestamp":"2026-08-31T18:17:12.935746Z","level":"info","event":"Cosmos performance: Cache hit for cosmos_cache__verdanta_weekly__dbt_weekly - 39a8c4b6e19a7b5e14cfea47af7dbd90,1ae01f5b93cde0ad1f6d9482f1b54abd","logger":"cosmos.dbt.graph","filename":"graph.py","lineno":898}
{"timestamp":"2026-08-31T18:17:12.935869Z","level":"info","event":"Total nodes: 27","logger":"cosmos.dbt.graph","filename":"graph.py","lineno":799}
{"timestamp":"2026-08-31T18:17:12.935954Z","level":"info","event":"Total filtered nodes: 27","logger":"cosmos.dbt.graph","filename":"graph.py","lineno":800}
{"timestamp":"2026-08-31T18:17:12.936038Z","level":"info","event":"Cosmos performance (verdanta_weekly__dbt_weekly) - [64ceca511f84|1755]: It took 0.147s to parse the dbt project for DAG using LoadMode.DBT_LS_CACHE","logger":"cosmos.converter","filename":"converter.py","lineno":371}
{"timestamp":"2026-08-31T18:17:12.959596Z","level":"info","event":"Cosmos performance (verdanta_weekly__dbt_weekly) - [64ceca511f84|1755]: It took 0.0235s to build the Airflow DAG.","logger":"cosmos.converter","filename":"converter.py","lineno":423}
{"timestamp":"2026-08-31T18:17:12.959757Z","level":"info","event":"::endgroup::Cosmos DAG parsing logs","logger":"cosmos.converter","filename":"converter.py","lineno":430}
{"timestamp":"2026-08-31T18:17:12.960178Z","level":"warning","event":"Using Variable.get from `airflow.models` is deprecated.Please use `get` on Variable from sdk(`airflow.sdk.Variable`) instead","category":"UserWarning","filename":"/home/airflow/.local/lib/python3.13/site-packages/airflow/models/variable.py","lineno":158,"logger":"py.warnings"}
{"timestamp":"2026-08-31T18:17:43.283389Z","level":"info","event":"Filling up the DagBag from /opt/airflow/dags/verdanta_weekly.py","logger":"airflow.dag_processing.dagbag.BundleDagBag","filename":"dagbag.py","lineno":469}
{"timestamp":"2026-08-31T18:17:43.370986Z","level":"info","event":"::group::Cosmos DAG parsing logs","logger":"cosmos.converter","filename":"converter.py","lineno":321}
{"timestamp":"2026-08-31T18:17:43.374913Z","level":"info","event":"Cosmos cache dir resolved to /tmp/cosmos/verdanta_weekly__dbt_weekly","logger":"cosmos.converter","filename":"converter.py","lineno":346}
{"timestamp":"2026-08-31T18:17:43.375122Z","level":"info","event":"Trying to parse the dbt project using dbt ls cache cosmos_cache__verdanta_weekly__dbt_weekly...","logger":"cosmos.dbt.graph","filename":"graph.py","lineno":869}
{"timestamp":"2026-08-31T18:17:43.529191Z","level":"info","event":"Cosmos performance: time to calculate cache identifier cosmos_cache__verdanta_weekly__dbt_weekly for current version: 0.1367169400000421","logger":"cosmos.cache","filename":"cache.py","lineno":401}
{"timestamp":"2026-08-31T18:17:43.529441Z","level":"info","event":"Cosmos performance [64ceca511f84|1784]: The cache size for cosmos_cache__verdanta_weekly__dbt_weekly is 23804","logger":"cosmos.dbt.graph","filename":"graph.py","lineno":886}
{"timestamp":"2026-08-31T18:17:43.530339Z","level":"info","event":"Cosmos performance: Cache hit for cosmos_cache__verdanta_weekly__dbt_weekly - 39a8c4b6e19a7b5e14cfea47af7dbd90,1ae01f5b93cde0ad1f6d9482f1b54abd","logger":"cosmos.dbt.graph","filename":"graph.py","lineno":898}
{"timestamp":"2026-08-31T18:17:43.530459Z","level":"info","event":"Total nodes: 27","logger":"cosmos.dbt.graph","filename":"graph.py","lineno":799}
{"timestamp":"2026-08-31T18:17:43.530518Z","level":"info","event":"Total filtered nodes: 27","logger":"cosmos.dbt.graph","filename":"graph.py","lineno":800}
{"timestamp":"2026-08-31T18:17:43.530585Z","level":"info","event":"Cosmos performance (verdanta_weekly__dbt_weekly) - [64ceca511f84|1784]: It took 0.156s to parse the dbt project for DAG using LoadMode.DBT_LS_CACHE","logger":"cosmos.converter","filename":"converter.py","lineno":371}
{"timestamp":"2026-08-31T18:17:43.552743Z","level":"info","event":"Cosmos performance (verdanta_weekly__dbt_weekly) - [64ceca511f84|1784]: It took 0.0221s to build the Airflow DAG.","logger":"cosmos.converter","filename":"converter.py","lineno":423}
{"timestamp":"2026-08-31T18:17:43.552901Z","level":"info","event":"::endgroup::Cosmos DAG parsing logs","logger":"cosmos.converter","filename":"converter.py","lineno":430}
{"timestamp":"2026-08-31T18:17:43.553443Z","level":"warning","event":"Using Variable.get from `airflow.models` is deprecated.Please use `get` on Variable from sdk(`airflow.sdk.Variable`) instead","category":"UserWarning","filename":"/home/airflow/.local/lib/python3.13/site-packages/airflow/models/variable.py","lineno":158,"logger":"py.warnings"}
{"timestamp":"2026-08-31T18:18:14.333495Z","level":"info","event":"Filling up the DagBag from /opt/airflow/dags/verdanta_weekly.py","logger":"airflow.dag_processing.dagbag.BundleDagBag","filename":"dagbag.py","lineno":469}
{"timestamp":"2026-08-31T18:18:14.409509Z","level":"info","event":"::group::Cosmos DAG parsing logs","logger":"cosmos.converter","filename":"converter.py","lineno":321}
{"timestamp":"2026-08-31T18:18:14.413099Z","level":"info","event":"Cosmos cache dir resolved to /tmp/cosmos/verdanta_weekly__dbt_weekly","logger":"cosmos.converter","filename":"converter.py","lineno":346}
{"timestamp":"2026-08-31T18:18:14.413370Z","level":"info","event":"Trying to parse the dbt project using dbt ls cache cosmos_cache__verdanta_weekly__dbt_weekly...","logger":"cosmos.dbt.graph","filename":"graph.py","lineno":869}
{"timestamp":"2026-08-31T18:18:14.556560Z","level":"info","event":"Cosmos performance: time to calculate cache identifier cosmos_cache__verdanta_weekly__dbt_weekly for current version: 0.12739559800002098","logger":"cosmos.cache","filename":"cache.py","lineno":401}
{"timestamp":"2026-08-31T18:18:14.556797Z","level":"info","event":"Cosmos performance [64ceca511f84|1813]: The cache size for cosmos_cache__verdanta_weekly__dbt_weekly is 23804","logger":"cosmos.dbt.graph","filename":"graph.py","lineno":886}
{"timestamp":"2026-08-31T18:18:14.557655Z","level":"info","event":"Cosmos performance: Cache hit for cosmos_cache__verdanta_weekly__dbt_weekly - 39a8c4b6e19a7b5e14cfea47af7dbd90,1ae01f5b93cde0ad1f6d9482f1b54abd","logger":"cosmos.dbt.graph","filename":"graph.py","lineno":898}
{"timestamp":"2026-08-31T18:18:14.557797Z","level":"info","event":"Total nodes: 27","logger":"cosmos.dbt.graph","filename":"graph.py","lineno":799}
{"timestamp":"2026-08-31T18:18:14.557864Z","level":"info","event":"Total filtered nodes: 27","logger":"cosmos.dbt.graph","filename":"graph.py","lineno":800}
{"timestamp":"2026-08-31T18:18:14.557936Z","level":"info","event":"Cosmos performance (verdanta_weekly__dbt_weekly) - [64ceca511f84|1813]: It took 0.145s to parse the dbt project for DAG using LoadMode.DBT_LS_CACHE","logger":"cosmos.converter","filename":"converter.py","lineno":371}
{"timestamp":"2026-08-31T18:18:14.575478Z","level":"info","event":"Cosmos performance (verdanta_weekly__dbt_weekly) - [64ceca511f84|1813]: It took 0.0175s to build the Airflow DAG.","logger":"cosmos.converter","filename":"converter.py","lineno":423}
{"timestamp":"2026-08-31T18:18:14.575639Z","level":"info","event":"::endgroup::Cosmos DAG parsing logs","logger":"cosmos.converter","filename":"converter.py","lineno":430}
{"timestamp":"2026-08-31T18:18:14.576085Z","level":"warning","event":"Using Variable.get from `airflow.models` is deprecated.Please use `get` on Variable from sdk(`airflow.sdk.Variable`) instead","category":"UserWarning","filename":"/home/airflow/.local/lib/python3.13/site-packages/airflow/models/variable.py","lineno":158,"logger":"py.warnings"}
{"timestamp":"2026-08-31T18:18:45.143593Z","level":"info","event":"Filling up the DagBag from /opt/airflow/dags/verdanta_weekly.py","logger":"airflow.dag_processing.dagbag.BundleDagBag","filename":"dagbag.py","lineno":469}
{"timestamp":"2026-08-31T18:18:45.227245Z","level":"info","event":"::group::Cosmos DAG parsing logs","logger":"cosmos.converter","filename":"converter.py","lineno":321}
{"timestamp":"2026-08-31T18:18:45.232602Z","level":"info","event":"Cosmos cache dir resolved to /tmp/cosmos/verdanta_weekly__dbt_weekly","logger":"cosmos.converter","filename":"converter.py","lineno":346}
{"timestamp":"2026-08-31T18:18:45.232884Z","level":"info","event":"Trying to parse the dbt project using dbt ls cache cosmos_cache__verdanta_weekly__dbt_weekly...","logger":"cosmos.dbt.graph","filename":"graph.py","lineno":869}
{"timestamp":"2026-08-31T18:18:45.375004Z","level":"info","event":"Cosmos performance: time to calculate cache identifier cosmos_cache__verdanta_weekly__dbt_weekly for current version: 0.12810174200012625","logger":"cosmos.cache","filename":"cache.py","lineno":401}
{"timestamp":"2026-08-31T18:18:45.375231Z","level":"info","event":"Cosmos performance [64ceca511f84|1849]: The cache size for cosmos_cache__verdanta_weekly__dbt_weekly is 23804","logger":"cosmos.dbt.graph","filename":"graph.py","lineno":886}
{"timestamp":"2026-08-31T18:18:45.376089Z","level":"info","event":"Cosmos performance: Cache hit for cosmos_cache__verdanta_weekly__dbt_weekly - 39a8c4b6e19a7b5e14cfea47af7dbd90,1ae01f5b93cde0ad1f6d9482f1b54abd","logger":"cosmos.dbt.graph","filename":"graph.py","lineno":898}
{"timestamp":"2026-08-31T18:18:45.376248Z","level":"info","event":"Total nodes: 27","logger":"cosmos.dbt.graph","filename":"graph.py","lineno":799}
{"timestamp":"2026-08-31T18:18:45.376321Z","level":"info","event":"Total filtered nodes: 27","logger":"cosmos.dbt.graph","filename":"graph.py","lineno":800}
{"timestamp":"2026-08-31T18:18:45.376390Z","level":"info","event":"Cosmos performance (verdanta_weekly__dbt_weekly) - [64ceca511f84|1849]: It took 0.144s to parse the dbt project for DAG using LoadMode.DBT_LS_CACHE","logger":"cosmos.converter","filename":"converter.py","lineno":371}
{"timestamp":"2026-08-31T18:18:45.395973Z","level":"info","event":"Cosmos performance (verdanta_weekly__dbt_weekly) - [64ceca511f84|1849]: It took 0.0195s to build the Airflow DAG.","logger":"cosmos.converter","filename":"converter.py","lineno":423}
{"timestamp":"2026-08-31T18:18:45.396144Z","level":"info","event":"::endgroup::Cosmos DAG parsing logs","logger":"cosmos.converter","filename":"converter.py","lineno":430}
{"timestamp":"2026-08-31T18:18:45.396815Z","level":"warning","event":"Using Variable.get from `airflow.models` is deprecated.Please use `get` on Variable from sdk(`airflow.sdk.Variable`) instead","category":"UserWarning","filename":"/home/airflow/.local/lib/python3.13/site-packages/airflow/models/variable.py","lineno":158,"logger":"py.warnings"}
{"timestamp":"2026-08-31T18:19:16.166052Z","level":"info","event":"Filling up the DagBag from /opt/airflow/dags/verdanta_weekly.py","logger":"airflow.dag_processing.dagbag.BundleDagBag","filename":"dagbag.py","lineno":469}
{"timestamp":"2026-08-31T18:19:16.242139Z","level":"info","event":"::group::Cosmos DAG parsing logs","logger":"cosmos.converter","filename":"converter.py","lineno":321}
{"timestamp":"2026-08-31T18:19:16.245410Z","level":"info","event":"Cosmos cache dir resolved to /tmp/cosmos/verdanta_weekly__dbt_weekly","logger":"cosmos.converter","filename":"converter.py","lineno":346}
{"timestamp":"2026-08-31T18:19:16.245650Z","level":"info","event":"Trying to parse the dbt project using dbt ls cache cosmos_cache__verdanta_weekly__dbt_weekly...","logger":"cosmos.dbt.graph","filename":"graph.py","lineno":869}
{"timestamp":"2026-08-31T18:19:16.390344Z","level":"info","event":"Cosmos performance: time to calculate cache identifier cosmos_cache__verdanta_weekly__dbt_weekly for current version: 0.12765696199994636","logger":"cosmos.cache","filename":"cache.py","lineno":401}
{"timestamp":"2026-08-31T18:19:16.390580Z","level":"info","event":"Cosmos performance [64ceca511f84|1885]: The cache size for cosmos_cache__verdanta_weekly__dbt_weekly is 23804","logger":"cosmos.dbt.graph","filename":"graph.py","lineno":886}
{"timestamp":"2026-08-31T18:19:16.391485Z","level":"info","event":"Cosmos performance: Cache hit for cosmos_cache__verdanta_weekly__dbt_weekly - 39a8c4b6e19a7b5e14cfea47af7dbd90,1ae01f5b93cde0ad1f6d9482f1b54abd","logger":"cosmos.dbt.graph","filename":"graph.py","lineno":898}
{"timestamp":"2026-08-31T18:19:16.391630Z","level":"info","event":"Total nodes: 27","logger":"cosmos.dbt.graph","filename":"graph.py","lineno":799}
{"timestamp":"2026-08-31T18:19:16.391716Z","level":"info","event":"Total filtered nodes: 27","logger":"cosmos.dbt.graph","filename":"graph.py","lineno":800}
{"timestamp":"2026-08-31T18:19:16.391808Z","level":"info","event":"Cosmos performance (verdanta_weekly__dbt_weekly) - [64ceca511f84|1885]: It took 0.146s to parse the dbt project for DAG using LoadMode.DBT_LS_CACHE","logger":"cosmos.converter","filename":"converter.py","lineno":371}
{"timestamp":"2026-08-31T18:19:16.408614Z","level":"info","event":"Cosmos performance (verdanta_weekly__dbt_weekly) - [64ceca511f84|1885]: It took 0.0168s to build the Airflow DAG.","logger":"cosmos.converter","filename":"converter.py","lineno":423}
{"timestamp":"2026-08-31T18:19:16.408771Z","level":"info","event":"::endgroup::Cosmos DAG parsing logs","logger":"cosmos.converter","filename":"converter.py","lineno":430}
{"timestamp":"2026-08-31T18:19:16.409277Z","level":"warning","event":"Using Variable.get from `airflow.models` is deprecated.Please use `get` on Variable from sdk(`airflow.sdk.Variable`) instead","category":"UserWarning","filename":"/home/airflow/.local/lib/python3.13/site-packages/airflow/models/variable.py","lineno":158,"logger":"py.warnings"}
{"timestamp":"2026-08-31T18:19:47.437368Z","level":"info","event":"Filling up the DagBag from /opt/airflow/dags/verdanta_weekly.py","logger":"airflow.dag_processing.dagbag.BundleDagBag","filename":"dagbag.py","lineno":469}
{"timestamp":"2026-08-31T18:19:47.532617Z","level":"info","event":"::group::Cosmos DAG parsing logs","logger":"cosmos.converter","filename":"converter.py","lineno":321}
{"timestamp":"2026-08-31T18:19:47.538034Z","level":"info","event":"Cosmos cache dir resolved to /tmp/cosmos/verdanta_weekly__dbt_weekly","logger":"cosmos.converter","filename":"converter.py","lineno":346}
{"timestamp":"2026-08-31T18:19:47.538329Z","level":"info","event":"Trying to parse the dbt project using dbt ls cache cosmos_cache__verdanta_weekly__dbt_weekly...","logger":"cosmos.dbt.graph","filename":"graph.py","lineno":869}
{"timestamp":"2026-08-31T18:19:47.706179Z","level":"info","event":"Cosmos performance: time to calculate cache identifier cosmos_cache__verdanta_weekly__dbt_weekly for current version: 0.14873766100004104","logger":"cosmos.cache","filename":"cache.py","lineno":401}
{"timestamp":"2026-08-31T18:19:47.706465Z","level":"info","event":"Cosmos performance [64ceca511f84|1922]: The cache size for cosmos_cache__verdanta_weekly__dbt_weekly is 23804","logger":"cosmos.dbt.graph","filename":"graph.py","lineno":886}
{"timestamp":"2026-08-31T18:19:47.708056Z","level":"info","event":"Cosmos performance: Cache hit for cosmos_cache__verdanta_weekly__dbt_weekly - 39a8c4b6e19a7b5e14cfea47af7dbd90,1ae01f5b93cde0ad1f6d9482f1b54abd","logger":"cosmos.dbt.graph","filename":"graph.py","lineno":898}
{"timestamp":"2026-08-31T18:19:47.708300Z","level":"info","event":"Total nodes: 27","logger":"cosmos.dbt.graph","filename":"graph.py","lineno":799}
{"timestamp":"2026-08-31T18:19:47.708405Z","level":"info","event":"Total filtered nodes: 27","logger":"cosmos.dbt.graph","filename":"graph.py","lineno":800}
{"timestamp":"2026-08-31T18:19:47.708519Z","level":"info","event":"Cosmos performance (verdanta_weekly__dbt_weekly) - [64ceca511f84|1922]: It took 0.17s to parse the dbt project for DAG using LoadMode.DBT_LS_CACHE","logger":"cosmos.converter","filename":"converter.py","lineno":371}
{"timestamp":"2026-08-31T18:19:47.747720Z","level":"info","event":"Cosmos performance (verdanta_weekly__dbt_weekly) - [64ceca511f84|1922]: It took 0.0392s to build the Airflow DAG.","logger":"cosmos.converter","filename":"converter.py","lineno":423}
{"timestamp":"2026-08-31T18:19:47.747934Z","level":"info","event":"::endgroup::Cosmos DAG parsing logs","logger":"cosmos.converter","filename":"converter.py","lineno":430}
{"timestamp":"2026-08-31T18:19:47.748530Z","level":"warning","event":"Using Variable.get from `airflow.models` is deprecated.Please use `get` on Variable from sdk(`airflow.sdk.Variable`) instead","category":"UserWarning","filename":"/home/airflow/.local/lib/python3.13/site-packages/airflow/models/variable.py","lineno":158,"logger":"py.warnings"}
{"timestamp":"2026-08-31T18:20:17.888388Z","level":"info","event":"Filling up the DagBag from /opt/airflow/dags/verdanta_weekly.py","logger":"airflow.dag_processing.dagbag.BundleDagBag","filename":"dagbag.py","lineno":469}
{"timestamp":"2026-08-31T18:20:17.967063Z","level":"info","event":"::group::Cosmos DAG parsing logs","logger":"cosmos.converter","filename":"converter.py","lineno":321}
{"timestamp":"2026-08-31T18:20:17.970493Z","level":"info","event":"Cosmos cache dir resolved to /tmp/cosmos/verdanta_weekly__dbt_weekly","logger":"cosmos.converter","filename":"converter.py","lineno":346}
{"timestamp":"2026-08-31T18:20:17.970686Z","level":"info","event":"Trying to parse the dbt project using dbt ls cache cosmos_cache__verdanta_weekly__dbt_weekly...","logger":"cosmos.dbt.graph","filename":"graph.py","lineno":869}
{"timestamp":"2026-08-31T18:20:18.118232Z","level":"info","event":"Cosmos performance: time to calculate cache identifier cosmos_cache__verdanta_weekly__dbt_weekly for current version: 0.13008190400000785","logger":"cosmos.cache","filename":"cache.py","lineno":401}
{"timestamp":"2026-08-31T18:20:18.118435Z","level":"info","event":"Cosmos performance [64ceca511f84|1938]: The cache size for cosmos_cache__verdanta_weekly__dbt_weekly is 23804","logger":"cosmos.dbt.graph","filename":"graph.py","lineno":886}
{"timestamp":"2026-08-31T18:20:18.119283Z","level":"info","event":"Cosmos performance: Cache hit for cosmos_cache__verdanta_weekly__dbt_weekly - 39a8c4b6e19a7b5e14cfea47af7dbd90,1ae01f5b93cde0ad1f6d9482f1b54abd","logger":"cosmos.dbt.graph","filename":"graph.py","lineno":898}
{"timestamp":"2026-08-31T18:20:18.119412Z","level":"info","event":"Total nodes: 27","logger":"cosmos.dbt.graph","filename":"graph.py","lineno":799}
{"timestamp":"2026-08-31T18:20:18.119472Z","level":"info","event":"Total filtered nodes: 27","logger":"cosmos.dbt.graph","filename":"graph.py","lineno":800}
{"timestamp":"2026-08-31T18:20:18.119538Z","level":"info","event":"Cosmos performance (verdanta_weekly__dbt_weekly) - [64ceca511f84|1938]: It took 0.149s to parse the dbt project for DAG using LoadMode.DBT_LS_CACHE","logger":"cosmos.converter","filename":"converter.py","lineno":371}
{"timestamp":"2026-08-31T18:20:18.141896Z","level":"info","event":"Cosmos performance (verdanta_weekly__dbt_weekly) - [64ceca511f84|1938]: It took 0.0223s to build the Airflow DAG.","logger":"cosmos.converter","filename":"converter.py","lineno":423}
{"timestamp":"2026-08-31T18:20:18.142048Z","level":"info","event":"::endgroup::Cosmos DAG parsing logs","logger":"cosmos.converter","filename":"converter.py","lineno":430}
{"timestamp":"2026-08-31T18:20:18.142414Z","level":"warning","event":"Using Variable.get from `airflow.models` is deprecated.Please use `get` on Variable from sdk(`airflow.sdk.Variable`) instead","category":"UserWarning","filename":"/home/airflow/.local/lib/python3.13/site-packages/airflow/models/variable.py","lineno":158,"logger":"py.warnings"}
{"timestamp":"2026-08-31T18:20:48.334889Z","level":"info","event":"Filling up the DagBag from /opt/airflow/dags/verdanta_weekly.py","logger":"airflow.dag_processing.dagbag.BundleDagBag","filename":"dagbag.py","lineno":469}
{"timestamp":"2026-08-31T18:20:48.411265Z","level":"info","event":"::group::Cosmos DAG parsing logs","logger":"cosmos.converter","filename":"converter.py","lineno":321}
{"timestamp":"2026-08-31T18:20:48.414922Z","level":"info","event":"Cosmos cache dir resolved to /tmp/cosmos/verdanta_weekly__dbt_weekly","logger":"cosmos.converter","filename":"converter.py","lineno":346}
{"timestamp":"2026-08-31T18:20:48.415147Z","level":"info","event":"Trying to parse the dbt project using dbt ls cache cosmos_cache__verdanta_weekly__dbt_weekly...","logger":"cosmos.dbt.graph","filename":"graph.py","lineno":869}
{"timestamp":"2026-08-31T18:20:48.572888Z","level":"info","event":"Cosmos performance: time to calculate cache identifier cosmos_cache__verdanta_weekly__dbt_weekly for current version: 0.13900135100016087","logger":"cosmos.cache","filename":"cache.py","lineno":401}
{"timestamp":"2026-08-31T18:20:48.573107Z","level":"info","event":"Cosmos performance [64ceca511f84|1974]: The cache size for cosmos_cache__verdanta_weekly__dbt_weekly is 23804","logger":"cosmos.dbt.graph","filename":"graph.py","lineno":886}
{"timestamp":"2026-08-31T18:20:48.573919Z","level":"info","event":"Cosmos performance: Cache hit for cosmos_cache__verdanta_weekly__dbt_weekly - 39a8c4b6e19a7b5e14cfea47af7dbd90,1ae01f5b93cde0ad1f6d9482f1b54abd","logger":"cosmos.dbt.graph","filename":"graph.py","lineno":898}
{"timestamp":"2026-08-31T18:20:48.574040Z","level":"info","event":"Total nodes: 27","logger":"cosmos.dbt.graph","filename":"graph.py","lineno":799}
{"timestamp":"2026-08-31T18:20:48.574098Z","level":"info","event":"Total filtered nodes: 27","logger":"cosmos.dbt.graph","filename":"graph.py","lineno":800}
{"timestamp":"2026-08-31T18:20:48.574171Z","level":"info","event":"Cosmos performance (verdanta_weekly__dbt_weekly) - [64ceca511f84|1974]: It took 0.159s to parse the dbt project for DAG using LoadMode.DBT_LS_CACHE","logger":"cosmos.converter","filename":"converter.py","lineno":371}
{"timestamp":"2026-08-31T18:20:48.599015Z","level":"info","event":"Cosmos performance (verdanta_weekly__dbt_weekly) - [64ceca511f84|1974]: It took 0.0248s to build the Airflow DAG.","logger":"cosmos.converter","filename":"converter.py","lineno":423}
{"timestamp":"2026-08-31T18:20:48.599190Z","level":"info","event":"::endgroup::Cosmos DAG parsing logs","logger":"cosmos.converter","filename":"converter.py","lineno":430}
{"timestamp":"2026-08-31T18:20:48.599606Z","level":"warning","event":"Using Variable.get from `airflow.models` is deprecated.Please use `get` on Variable from sdk(`airflow.sdk.Variable`) instead","category":"UserWarning","filename":"/home/airflow/.local/lib/python3.13/site-packages/airflow/models/variable.py","lineno":158,"logger":"py.warnings"}
{"timestamp":"2026-08-31T18:21:18.793863Z","level":"info","event":"Filling up the DagBag from /opt/airflow/dags/verdanta_weekly.py","logger":"airflow.dag_processing.dagbag.BundleDagBag","filename":"dagbag.py","lineno":469}
{"timestamp":"2026-08-31T18:21:18.870911Z","level":"info","event":"::group::Cosmos DAG parsing logs","logger":"cosmos.converter","filename":"converter.py","lineno":321}
{"timestamp":"2026-08-31T18:21:18.874640Z","level":"info","event":"Cosmos cache dir resolved to /tmp/cosmos/verdanta_weekly__dbt_weekly","logger":"cosmos.converter","filename":"converter.py","lineno":346}
{"timestamp":"2026-08-31T18:21:18.874920Z","level":"info","event":"Trying to parse the dbt project using dbt ls cache cosmos_cache__verdanta_weekly__dbt_weekly...","logger":"cosmos.dbt.graph","filename":"graph.py","lineno":869}
{"timestamp":"2026-08-31T18:21:19.045005Z","level":"info","event":"Cosmos performance: time to calculate cache identifier cosmos_cache__verdanta_weekly__dbt_weekly for current version: 0.14875792400016508","logger":"cosmos.cache","filename":"cache.py","lineno":401}
{"timestamp":"2026-08-31T18:21:19.045229Z","level":"info","event":"Cosmos performance [64ceca511f84|2010]: The cache size for cosmos_cache__verdanta_weekly__dbt_weekly is 23804","logger":"cosmos.dbt.graph","filename":"graph.py","lineno":886}
{"timestamp":"2026-08-31T18:21:19.046046Z","level":"info","event":"Cosmos performance: Cache hit for cosmos_cache__verdanta_weekly__dbt_weekly - 39a8c4b6e19a7b5e14cfea47af7dbd90,1ae01f5b93cde0ad1f6d9482f1b54abd","logger":"cosmos.dbt.graph","filename":"graph.py","lineno":898}
{"timestamp":"2026-08-31T18:21:19.046171Z","level":"info","event":"Total nodes: 27","logger":"cosmos.dbt.graph","filename":"graph.py","lineno":799}
{"timestamp":"2026-08-31T18:21:19.046230Z","level":"info","event":"Total filtered nodes: 27","logger":"cosmos.dbt.graph","filename":"graph.py","lineno":800}
{"timestamp":"2026-08-31T18:21:19.046298Z","level":"info","event":"Cosmos performance (verdanta_weekly__dbt_weekly) - [64ceca511f84|2010]: It took 0.172s to parse the dbt project for DAG using LoadMode.DBT_LS_CACHE","logger":"cosmos.converter","filename":"converter.py","lineno":371}
{"timestamp":"2026-08-31T18:21:19.074203Z","level":"info","event":"Cosmos performance (verdanta_weekly__dbt_weekly) - [64ceca511f84|2010]: It took 0.0279s to build the Airflow DAG.","logger":"cosmos.converter","filename":"converter.py","lineno":423}
{"timestamp":"2026-08-31T18:21:19.074368Z","level":"info","event":"::endgroup::Cosmos DAG parsing logs","logger":"cosmos.converter","filename":"converter.py","lineno":430}
{"timestamp":"2026-08-31T18:21:19.074807Z","level":"warning","event":"Using Variable.get from `airflow.models` is deprecated.Please use `get` on Variable from sdk(`airflow.sdk.Variable`) instead","category":"UserWarning","filename":"/home/airflow/.local/lib/python3.13/site-packages/airflow/models/variable.py","lineno":158,"logger":"py.warnings"}
{"timestamp":"2026-08-31T18:21:49.601180Z","level":"info","event":"Filling up the DagBag from /opt/airflow/dags/verdanta_weekly.py","logger":"airflow.dag_processing.dagbag.BundleDagBag","filename":"dagbag.py","lineno":469}
{"timestamp":"2026-08-31T18:21:49.673520Z","level":"info","event":"::group::Cosmos DAG parsing logs","logger":"cosmos.converter","filename":"converter.py","lineno":321}
{"timestamp":"2026-08-31T18:21:49.676578Z","level":"info","event":"Cosmos cache dir resolved to /tmp/cosmos/verdanta_weekly__dbt_weekly","logger":"cosmos.converter","filename":"converter.py","lineno":346}
{"timestamp":"2026-08-31T18:21:49.676777Z","level":"info","event":"Trying to parse the dbt project using dbt ls cache cosmos_cache__verdanta_weekly__dbt_weekly...","logger":"cosmos.dbt.graph","filename":"graph.py","lineno":869}
{"timestamp":"2026-08-31T18:21:49.818434Z","level":"info","event":"Cosmos performance: time to calculate cache identifier cosmos_cache__verdanta_weekly__dbt_weekly for current version: 0.12512340100010988","logger":"cosmos.cache","filename":"cache.py","lineno":401}
{"timestamp":"2026-08-31T18:21:49.818668Z","level":"info","event":"Cosmos performance [64ceca511f84|2045]: The cache size for cosmos_cache__verdanta_weekly__dbt_weekly is 23804","logger":"cosmos.dbt.graph","filename":"graph.py","lineno":886}
{"timestamp":"2026-08-31T18:21:49.819545Z","level":"info","event":"Cosmos performance: Cache hit for cosmos_cache__verdanta_weekly__dbt_weekly - 39a8c4b6e19a7b5e14cfea47af7dbd90,1ae01f5b93cde0ad1f6d9482f1b54abd","logger":"cosmos.dbt.graph","filename":"graph.py","lineno":898}
{"timestamp":"2026-08-31T18:21:49.819693Z","level":"info","event":"Total nodes: 27","logger":"cosmos.dbt.graph","filename":"graph.py","lineno":799}
{"timestamp":"2026-08-31T18:21:49.819758Z","level":"info","event":"Total filtered nodes: 27","logger":"cosmos.dbt.graph","filename":"graph.py","lineno":800}
{"timestamp":"2026-08-31T18:21:49.819834Z","level":"info","event":"Cosmos performance (verdanta_weekly__dbt_weekly) - [64ceca511f84|2045]: It took 0.143s to parse the dbt project for DAG using LoadMode.DBT_LS_CACHE","logger":"cosmos.converter","filename":"converter.py","lineno":371}
{"timestamp":"2026-08-31T18:21:49.836292Z","level":"info","event":"Cosmos performance (verdanta_weekly__dbt_weekly) - [64ceca511f84|2045]: It took 0.0164s to build the Airflow DAG.","logger":"cosmos.converter","filename":"converter.py","lineno":423}
{"timestamp":"2026-08-31T18:21:49.836446Z","level":"info","event":"::endgroup::Cosmos DAG parsing logs","logger":"cosmos.converter","filename":"converter.py","lineno":430}
{"timestamp":"2026-08-31T18:21:49.836949Z","level":"warning","event":"Using Variable.get from `airflow.models` is deprecated.Please use `get` on Variable from sdk(`airflow.sdk.Variable`) instead","category":"UserWarning","filename":"/home/airflow/.local/lib/python3.13/site-packages/airflow/models/variable.py","lineno":158,"logger":"py.warnings"}
{"timestamp":"2026-08-31T18:22:21.197368Z","level":"info","event":"Filling up the DagBag from /opt/airflow/dags/verdanta_weekly.py","logger":"airflow.dag_processing.dagbag.BundleDagBag","filename":"dagbag.py","lineno":469}
{"timestamp":"2026-08-31T18:22:21.267295Z","level":"info","event":"::group::Cosmos DAG parsing logs","logger":"cosmos.converter","filename":"converter.py","lineno":321}
{"timestamp":"2026-08-31T18:22:21.271072Z","level":"info","event":"Cosmos cache dir resolved to /tmp/cosmos/verdanta_weekly__dbt_weekly","logger":"cosmos.converter","filename":"converter.py","lineno":346}
{"timestamp":"2026-08-31T18:22:21.271299Z","level":"info","event":"Trying to parse the dbt project using dbt ls cache cosmos_cache__verdanta_weekly__dbt_weekly...","logger":"cosmos.dbt.graph","filename":"graph.py","lineno":869}
{"timestamp":"2026-08-31T18:22:21.439903Z","level":"info","event":"Cosmos performance: time to calculate cache identifier cosmos_cache__verdanta_weekly__dbt_weekly for current version: 0.14366502699999728","logger":"cosmos.cache","filename":"cache.py","lineno":401}
{"timestamp":"2026-08-31T18:22:21.440172Z","level":"info","event":"Cosmos performance [64ceca511f84|2081]: The cache size for cosmos_cache__verdanta_weekly__dbt_weekly is 23804","logger":"cosmos.dbt.graph","filename":"graph.py","lineno":886}
{"timestamp":"2026-08-31T18:22:21.441057Z","level":"info","event":"Cosmos performance: Cache hit for cosmos_cache__verdanta_weekly__dbt_weekly - 39a8c4b6e19a7b5e14cfea47af7dbd90,1ae01f5b93cde0ad1f6d9482f1b54abd","logger":"cosmos.dbt.graph","filename":"graph.py","lineno":898}
{"timestamp":"2026-08-31T18:22:21.441202Z","level":"info","event":"Total nodes: 27","logger":"cosmos.dbt.graph","filename":"graph.py","lineno":799}
{"timestamp":"2026-08-31T18:22:21.441262Z","level":"info","event":"Total filtered nodes: 27","logger":"cosmos.dbt.graph","filename":"graph.py","lineno":800}
{"timestamp":"2026-08-31T18:22:21.441327Z","level":"info","event":"Cosmos performance (verdanta_weekly__dbt_weekly) - [64ceca511f84|2081]: It took 0.17s to parse the dbt project for DAG using LoadMode.DBT_LS_CACHE","logger":"cosmos.converter","filename":"converter.py","lineno":371}
{"timestamp":"2026-08-31T18:22:21.463681Z","level":"info","event":"Cosmos performance (verdanta_weekly__dbt_weekly) - [64ceca511f84|2081]: It took 0.0223s to build the Airflow DAG.","logger":"cosmos.converter","filename":"converter.py","lineno":423}
{"timestamp":"2026-08-31T18:22:21.463836Z","level":"info","event":"::endgroup::Cosmos DAG parsing logs","logger":"cosmos.converter","filename":"converter.py","lineno":430}
{"timestamp":"2026-08-31T18:22:21.464628Z","level":"warning","event":"Using Variable.get from `airflow.models` is deprecated.Please use `get` on Variable from sdk(`airflow.sdk.Variable`) instead","category":"UserWarning","filename":"/home/airflow/.local/lib/python3.13/site-packages/airflow/models/variable.py","lineno":158,"logger":"py.warnings"}
{"timestamp":"2026-08-31T18:22:51.746510Z","level":"info","event":"Filling up the DagBag from /opt/airflow/dags/verdanta_weekly.py","logger":"airflow.dag_processing.dagbag.BundleDagBag","filename":"dagbag.py","lineno":469}
{"timestamp":"2026-08-31T18:22:51.818435Z","level":"info","event":"::group::Cosmos DAG parsing logs","logger":"cosmos.converter","filename":"converter.py","lineno":321}
{"timestamp":"2026-08-31T18:22:51.821713Z","level":"info","event":"Cosmos cache dir resolved to /tmp/cosmos/verdanta_weekly__dbt_weekly","logger":"cosmos.converter","filename":"converter.py","lineno":346}
{"timestamp":"2026-08-31T18:22:51.821958Z","level":"info","event":"Trying to parse the dbt project using dbt ls cache cosmos_cache__verdanta_weekly__dbt_weekly...","logger":"cosmos.dbt.graph","filename":"graph.py","lineno":869}
{"timestamp":"2026-08-31T18:22:51.963291Z","level":"info","event":"Cosmos performance: time to calculate cache identifier cosmos_cache__verdanta_weekly__dbt_weekly for current version: 0.12411447100021178","logger":"cosmos.cache","filename":"cache.py","lineno":401}
{"timestamp":"2026-08-31T18:22:51.963533Z","level":"info","event":"Cosmos performance [64ceca511f84|2095]: The cache size for cosmos_cache__verdanta_weekly__dbt_weekly is 23804","logger":"cosmos.dbt.graph","filename":"graph.py","lineno":886}
{"timestamp":"2026-08-31T18:22:51.964416Z","level":"info","event":"Cosmos performance: Cache hit for cosmos_cache__verdanta_weekly__dbt_weekly - 39a8c4b6e19a7b5e14cfea47af7dbd90,1ae01f5b93cde0ad1f6d9482f1b54abd","logger":"cosmos.dbt.graph","filename":"graph.py","lineno":898}
{"timestamp":"2026-08-31T18:22:51.964546Z","level":"info","event":"Total nodes: 27","logger":"cosmos.dbt.graph","filename":"graph.py","lineno":799}
{"timestamp":"2026-08-31T18:22:51.964606Z","level":"info","event":"Total filtered nodes: 27","logger":"cosmos.dbt.graph","filename":"graph.py","lineno":800}
{"timestamp":"2026-08-31T18:22:51.964670Z","level":"info","event":"Cosmos performance (verdanta_weekly__dbt_weekly) - [64ceca511f84|2095]: It took 0.143s to parse the dbt project for DAG using LoadMode.DBT_LS_CACHE","logger":"cosmos.converter","filename":"converter.py","lineno":371}
{"timestamp":"2026-08-31T18:22:51.985238Z","level":"info","event":"Cosmos performance (verdanta_weekly__dbt_weekly) - [64ceca511f84|2095]: It took 0.0205s to build the Airflow DAG.","logger":"cosmos.converter","filename":"converter.py","lineno":423}
{"timestamp":"2026-08-31T18:22:51.985374Z","level":"info","event":"::endgroup::Cosmos DAG parsing logs","logger":"cosmos.converter","filename":"converter.py","lineno":430}
{"timestamp":"2026-08-31T18:22:51.985837Z","level":"warning","event":"Using Variable.get from `airflow.models` is deprecated.Please use `get` on Variable from sdk(`airflow.sdk.Variable`) instead","category":"UserWarning","filename":"/home/airflow/.local/lib/python3.13/site-packages/airflow/models/variable.py","lineno":158,"logger":"py.warnings"}
{"timestamp":"2026-08-31T18:23:22.325340Z","level":"info","event":"Filling up the DagBag from /opt/airflow/dags/verdanta_weekly.py","logger":"airflow.dag_processing.dagbag.BundleDagBag","filename":"dagbag.py","lineno":469}
{"timestamp":"2026-08-31T18:23:22.389718Z","level":"info","event":"::group::Cosmos DAG parsing logs","logger":"cosmos.converter","filename":"converter.py","lineno":321}
{"timestamp":"2026-08-31T18:23:22.393711Z","level":"info","event":"Cosmos cache dir resolved to /tmp/cosmos/verdanta_weekly__dbt_weekly","logger":"cosmos.converter","filename":"converter.py","lineno":346}
{"timestamp":"2026-08-31T18:23:22.393906Z","level":"info","event":"Trying to parse the dbt project using dbt ls cache cosmos_cache__verdanta_weekly__dbt_weekly...","logger":"cosmos.dbt.graph","filename":"graph.py","lineno":869}
{"timestamp":"2026-08-31T18:23:22.538514Z","level":"info","event":"Cosmos performance: time to calculate cache identifier cosmos_cache__verdanta_weekly__dbt_weekly for current version: 0.1257375300001513","logger":"cosmos.cache","filename":"cache.py","lineno":401}
{"timestamp":"2026-08-31T18:23:22.538756Z","level":"info","event":"Cosmos performance [64ceca511f84|2131]: The cache size for cosmos_cache__verdanta_weekly__dbt_weekly is 23804","logger":"cosmos.dbt.graph","filename":"graph.py","lineno":886}
{"timestamp":"2026-08-31T18:23:22.539700Z","level":"info","event":"Cosmos performance: Cache hit for cosmos_cache__verdanta_weekly__dbt_weekly - 39a8c4b6e19a7b5e14cfea47af7dbd90,1ae01f5b93cde0ad1f6d9482f1b54abd","logger":"cosmos.dbt.graph","filename":"graph.py","lineno":898}
{"timestamp":"2026-08-31T18:23:22.539828Z","level":"info","event":"Total nodes: 27","logger":"cosmos.dbt.graph","filename":"graph.py","lineno":799}
{"timestamp":"2026-08-31T18:23:22.539886Z","level":"info","event":"Total filtered nodes: 27","logger":"cosmos.dbt.graph","filename":"graph.py","lineno":800}
{"timestamp":"2026-08-31T18:23:22.539951Z","level":"info","event":"Cosmos performance (verdanta_weekly__dbt_weekly) - [64ceca511f84|2131]: It took 0.146s to parse the dbt project for DAG using LoadMode.DBT_LS_CACHE","logger":"cosmos.converter","filename":"converter.py","lineno":371}
{"timestamp":"2026-08-31T18:23:22.559463Z","level":"info","event":"Cosmos performance (verdanta_weekly__dbt_weekly) - [64ceca511f84|2131]: It took 0.0195s to build the Airflow DAG.","logger":"cosmos.converter","filename":"converter.py","lineno":423}
{"timestamp":"2026-08-31T18:23:22.559625Z","level":"info","event":"::endgroup::Cosmos DAG parsing logs","logger":"cosmos.converter","filename":"converter.py","lineno":430}
{"timestamp":"2026-08-31T18:23:22.560174Z","level":"warning","event":"Using Variable.get from `airflow.models` is deprecated.Please use `get` on Variable from sdk(`airflow.sdk.Variable`) instead","category":"UserWarning","filename":"/home/airflow/.local/lib/python3.13/site-packages/airflow/models/variable.py","lineno":158,"logger":"py.warnings"}
{"timestamp":"2026-08-31T18:23:52.885678Z","level":"info","event":"Filling up the DagBag from /opt/airflow/dags/verdanta_weekly.py","logger":"airflow.dag_processing.dagbag.BundleDagBag","filename":"dagbag.py","lineno":469}
{"timestamp":"2026-08-31T18:23:52.967692Z","level":"info","event":"::group::Cosmos DAG parsing logs","logger":"cosmos.converter","filename":"converter.py","lineno":321}
{"timestamp":"2026-08-31T18:23:52.971670Z","level":"info","event":"Cosmos cache dir resolved to /tmp/cosmos/verdanta_weekly__dbt_weekly","logger":"cosmos.converter","filename":"converter.py","lineno":346}
{"timestamp":"2026-08-31T18:23:52.971877Z","level":"info","event":"Trying to parse the dbt project using dbt ls cache cosmos_cache__verdanta_weekly__dbt_weekly...","logger":"cosmos.dbt.graph","filename":"graph.py","lineno":869}
{"timestamp":"2026-08-31T18:23:53.117190Z","level":"info","event":"Cosmos performance: time to calculate cache identifier cosmos_cache__verdanta_weekly__dbt_weekly for current version: 0.1277727810002034","logger":"cosmos.cache","filename":"cache.py","lineno":401}
{"timestamp":"2026-08-31T18:23:53.117410Z","level":"info","event":"Cosmos performance [64ceca511f84|2167]: The cache size for cosmos_cache__verdanta_weekly__dbt_weekly is 23804","logger":"cosmos.dbt.graph","filename":"graph.py","lineno":886}
{"timestamp":"2026-08-31T18:23:53.118321Z","level":"info","event":"Cosmos performance: Cache hit for cosmos_cache__verdanta_weekly__dbt_weekly - 39a8c4b6e19a7b5e14cfea47af7dbd90,1ae01f5b93cde0ad1f6d9482f1b54abd","logger":"cosmos.dbt.graph","filename":"graph.py","lineno":898}
{"timestamp":"2026-08-31T18:23:53.118456Z","level":"info","event":"Total nodes: 27","logger":"cosmos.dbt.graph","filename":"graph.py","lineno":799}
{"timestamp":"2026-08-31T18:23:53.118517Z","level":"info","event":"Total filtered nodes: 27","logger":"cosmos.dbt.graph","filename":"graph.py","lineno":800}
{"timestamp":"2026-08-31T18:23:53.118583Z","level":"info","event":"Cosmos performance (verdanta_weekly__dbt_weekly) - [64ceca511f84|2167]: It took 0.147s to parse the dbt project for DAG using LoadMode.DBT_LS_CACHE","logger":"cosmos.converter","filename":"converter.py","lineno":371}
{"timestamp":"2026-08-31T18:23:53.137895Z","level":"info","event":"Cosmos performance (verdanta_weekly__dbt_weekly) - [64ceca511f84|2167]: It took 0.0193s to build the Airflow DAG.","logger":"cosmos.converter","filename":"converter.py","lineno":423}
{"timestamp":"2026-08-31T18:23:53.138058Z","level":"info","event":"::endgroup::Cosmos DAG parsing logs","logger":"cosmos.converter","filename":"converter.py","lineno":430}
{"timestamp":"2026-08-31T18:23:53.138506Z","level":"warning","event":"Using Variable.get from `airflow.models` is deprecated.Please use `get` on Variable from sdk(`airflow.sdk.Variable`) instead","category":"UserWarning","filename":"/home/airflow/.local/lib/python3.13/site-packages/airflow/models/variable.py","lineno":158,"logger":"py.warnings"}
{"timestamp":"2026-08-31T18:24:23.859209Z","level":"info","event":"Filling up the DagBag from /opt/airflow/dags/verdanta_weekly.py","logger":"airflow.dag_processing.dagbag.BundleDagBag","filename":"dagbag.py","lineno":469}
{"timestamp":"2026-08-31T18:24:23.939813Z","level":"info","event":"::group::Cosmos DAG parsing logs","logger":"cosmos.converter","filename":"converter.py","lineno":321}
{"timestamp":"2026-08-31T18:24:23.943001Z","level":"info","event":"Cosmos cache dir resolved to /tmp/cosmos/verdanta_weekly__dbt_weekly","logger":"cosmos.converter","filename":"converter.py","lineno":346}
{"timestamp":"2026-08-31T18:24:23.943241Z","level":"info","event":"Trying to parse the dbt project using dbt ls cache cosmos_cache__verdanta_weekly__dbt_weekly...","logger":"cosmos.dbt.graph","filename":"graph.py","lineno":869}
{"timestamp":"2026-08-31T18:24:24.081338Z","level":"info","event":"Cosmos performance: time to calculate cache identifier cosmos_cache__verdanta_weekly__dbt_weekly for current version: 0.1218837460000941","logger":"cosmos.cache","filename":"cache.py","lineno":401}
{"timestamp":"2026-08-31T18:24:24.081569Z","level":"info","event":"Cosmos performance [64ceca511f84|2204]: The cache size for cosmos_cache__verdanta_weekly__dbt_weekly is 23804","logger":"cosmos.dbt.graph","filename":"graph.py","lineno":886}
{"timestamp":"2026-08-31T18:24:24.083078Z","level":"info","event":"Cosmos performance: Cache hit for cosmos_cache__verdanta_weekly__dbt_weekly - 39a8c4b6e19a7b5e14cfea47af7dbd90,1ae01f5b93cde0ad1f6d9482f1b54abd","logger":"cosmos.dbt.graph","filename":"graph.py","lineno":898}
{"timestamp":"2026-08-31T18:24:24.083215Z","level":"info","event":"Total nodes: 27","logger":"cosmos.dbt.graph","filename":"graph.py","lineno":799}
{"timestamp":"2026-08-31T18:24:24.083277Z","level":"info","event":"Total filtered nodes: 27","logger":"cosmos.dbt.graph","filename":"graph.py","lineno":800}
{"timestamp":"2026-08-31T18:24:24.083341Z","level":"info","event":"Cosmos performance (verdanta_weekly__dbt_weekly) - [64ceca511f84|2204]: It took 0.14s to parse the dbt project for DAG using LoadMode.DBT_LS_CACHE","logger":"cosmos.converter","filename":"converter.py","lineno":371}
{"timestamp":"2026-08-31T18:24:24.102727Z","level":"info","event":"Cosmos performance (verdanta_weekly__dbt_weekly) - [64ceca511f84|2204]: It took 0.0193s to build the Airflow DAG.","logger":"cosmos.converter","filename":"converter.py","lineno":423}
{"timestamp":"2026-08-31T18:24:24.102881Z","level":"info","event":"::endgroup::Cosmos DAG parsing logs","logger":"cosmos.converter","filename":"converter.py","lineno":430}
{"timestamp":"2026-08-31T18:24:24.103380Z","level":"warning","event":"Using Variable.get from `airflow.models` is deprecated.Please use `get` on Variable from sdk(`airflow.sdk.Variable`) instead","category":"UserWarning","filename":"/home/airflow/.local/lib/python3.13/site-packages/airflow/models/variable.py","lineno":158,"logger":"py.warnings"}
{"timestamp":"2026-08-31T18:24:54.171865Z","level":"info","event":"Filling up the DagBag from /opt/airflow/dags/verdanta_weekly.py","logger":"airflow.dag_processing.dagbag.BundleDagBag","filename":"dagbag.py","lineno":469}
{"timestamp":"2026-08-31T18:24:54.239939Z","level":"info","event":"::group::Cosmos DAG parsing logs","logger":"cosmos.converter","filename":"converter.py","lineno":321}
{"timestamp":"2026-08-31T18:24:54.247471Z","level":"info","event":"Cosmos cache dir resolved to /tmp/cosmos/verdanta_weekly__dbt_weekly","logger":"cosmos.converter","filename":"converter.py","lineno":346}
{"timestamp":"2026-08-31T18:24:54.247700Z","level":"info","event":"Trying to parse the dbt project using dbt ls cache cosmos_cache__verdanta_weekly__dbt_weekly...","logger":"cosmos.dbt.graph","filename":"graph.py","lineno":869}
{"timestamp":"2026-08-31T18:24:54.394226Z","level":"info","event":"Cosmos performance: time to calculate cache identifier cosmos_cache__verdanta_weekly__dbt_weekly for current version: 0.13180840199993327","logger":"cosmos.cache","filename":"cache.py","lineno":401}
{"timestamp":"2026-08-31T18:24:54.394547Z","level":"info","event":"Cosmos performance [64ceca511f84|2238]: The cache size for cosmos_cache__verdanta_weekly__dbt_weekly is 23804","logger":"cosmos.dbt.graph","filename":"graph.py","lineno":886}
{"timestamp":"2026-08-31T18:24:54.395692Z","level":"info","event":"Cosmos performance: Cache hit for cosmos_cache__verdanta_weekly__dbt_weekly - 39a8c4b6e19a7b5e14cfea47af7dbd90,1ae01f5b93cde0ad1f6d9482f1b54abd","logger":"cosmos.dbt.graph","filename":"graph.py","lineno":898}
{"timestamp":"2026-08-31T18:24:54.395902Z","level":"info","event":"Total nodes: 27","logger":"cosmos.dbt.graph","filename":"graph.py","lineno":799}
{"timestamp":"2026-08-31T18:24:54.395980Z","level":"info","event":"Total filtered nodes: 27","logger":"cosmos.dbt.graph","filename":"graph.py","lineno":800}
{"timestamp":"2026-08-31T18:24:54.396064Z","level":"info","event":"Cosmos performance (verdanta_weekly__dbt_weekly) - [64ceca511f84|2238]: It took 0.148s to parse the dbt project for DAG using LoadMode.DBT_LS_CACHE","logger":"cosmos.converter","filename":"converter.py","lineno":371}
{"timestamp":"2026-08-31T18:24:54.421653Z","level":"info","event":"Cosmos performance (verdanta_weekly__dbt_weekly) - [64ceca511f84|2238]: It took 0.0255s to build the Airflow DAG.","logger":"cosmos.converter","filename":"converter.py","lineno":423}
{"timestamp":"2026-08-31T18:24:54.421858Z","level":"info","event":"::endgroup::Cosmos DAG parsing logs","logger":"cosmos.converter","filename":"converter.py","lineno":430}
{"timestamp":"2026-08-31T18:24:54.422325Z","level":"warning","event":"Using Variable.get from `airflow.models` is deprecated.Please use `get` on Variable from sdk(`airflow.sdk.Variable`) instead","category":"UserWarning","filename":"/home/airflow/.local/lib/python3.13/site-packages/airflow/models/variable.py","lineno":158,"logger":"py.warnings"}
{"timestamp":"2026-08-31T18:25:25.869884Z","level":"info","event":"Filling up the DagBag from /opt/airflow/dags/verdanta_weekly.py","logger":"airflow.dag_processing.dagbag.BundleDagBag","filename":"dagbag.py","lineno":469}
{"timestamp":"2026-08-31T18:25:25.951491Z","level":"info","event":"::group::Cosmos DAG parsing logs","logger":"cosmos.converter","filename":"converter.py","lineno":321}
{"timestamp":"2026-08-31T18:25:25.955392Z","level":"info","event":"Cosmos cache dir resolved to /tmp/cosmos/verdanta_weekly__dbt_weekly","logger":"cosmos.converter","filename":"converter.py","lineno":346}
{"timestamp":"2026-08-31T18:25:25.955687Z","level":"info","event":"Trying to parse the dbt project using dbt ls cache cosmos_cache__verdanta_weekly__dbt_weekly...","logger":"cosmos.dbt.graph","filename":"graph.py","lineno":869}
{"timestamp":"2026-08-31T18:25:26.114421Z","level":"info","event":"Cosmos performance: time to calculate cache identifier cosmos_cache__verdanta_weekly__dbt_weekly for current version: 0.14079449099972408","logger":"cosmos.cache","filename":"cache.py","lineno":401}
{"timestamp":"2026-08-31T18:25:26.114688Z","level":"info","event":"Cosmos performance [64ceca511f84|2259]: The cache size for cosmos_cache__verdanta_weekly__dbt_weekly is 23804","logger":"cosmos.dbt.graph","filename":"graph.py","lineno":886}
{"timestamp":"2026-08-31T18:25:26.115510Z","level":"info","event":"Cosmos performance: Cache hit for cosmos_cache__verdanta_weekly__dbt_weekly - 39a8c4b6e19a7b5e14cfea47af7dbd90,1ae01f5b93cde0ad1f6d9482f1b54abd","logger":"cosmos.dbt.graph","filename":"graph.py","lineno":898}
{"timestamp":"2026-08-31T18:25:26.115641Z","level":"info","event":"Total nodes: 27","logger":"cosmos.dbt.graph","filename":"graph.py","lineno":799}
{"timestamp":"2026-08-31T18:25:26.115705Z","level":"info","event":"Total filtered nodes: 27","logger":"cosmos.dbt.graph","filename":"graph.py","lineno":800}
{"timestamp":"2026-08-31T18:25:26.115815Z","level":"info","event":"Cosmos performance (verdanta_weekly__dbt_weekly) - [64ceca511f84|2259]: It took 0.16s to parse the dbt project for DAG using LoadMode.DBT_LS_CACHE","logger":"cosmos.converter","filename":"converter.py","lineno":371}
{"timestamp":"2026-08-31T18:25:26.141622Z","level":"info","event":"Cosmos performance (verdanta_weekly__dbt_weekly) - [64ceca511f84|2259]: It took 0.0258s to build the Airflow DAG.","logger":"cosmos.converter","filename":"converter.py","lineno":423}
{"timestamp":"2026-08-31T18:25:26.141811Z","level":"info","event":"::endgroup::Cosmos DAG parsing logs","logger":"cosmos.converter","filename":"converter.py","lineno":430}
{"timestamp":"2026-08-31T18:25:26.142296Z","level":"warning","event":"Using Variable.get from `airflow.models` is deprecated.Please use `get` on Variable from sdk(`airflow.sdk.Variable`) instead","category":"UserWarning","filename":"/home/airflow/.local/lib/python3.13/site-packages/airflow/models/variable.py","lineno":158,"logger":"py.warnings"}
{"timestamp":"2026-08-31T18:25:56.301811Z","level":"info","event":"Filling up the DagBag from /opt/airflow/dags/verdanta_weekly.py","logger":"airflow.dag_processing.dagbag.BundleDagBag","filename":"dagbag.py","lineno":469}
{"timestamp":"2026-08-31T18:25:56.393158Z","level":"info","event":"::group::Cosmos DAG parsing logs","logger":"cosmos.converter","filename":"converter.py","lineno":321}
{"timestamp":"2026-08-31T18:25:56.397002Z","level":"info","event":"Cosmos cache dir resolved to /tmp/cosmos/verdanta_weekly__dbt_weekly","logger":"cosmos.converter","filename":"converter.py","lineno":346}
{"timestamp":"2026-08-31T18:25:56.397316Z","level":"info","event":"Trying to parse the dbt project using dbt ls cache cosmos_cache__verdanta_weekly__dbt_weekly...","logger":"cosmos.dbt.graph","filename":"graph.py","lineno":869}
{"timestamp":"2026-08-31T18:25:56.578155Z","level":"info","event":"Cosmos performance: time to calculate cache identifier cosmos_cache__verdanta_weekly__dbt_weekly for current version: 0.166516775999753","logger":"cosmos.cache","filename":"cache.py","lineno":401}
{"timestamp":"2026-08-31T18:25:56.578440Z","level":"info","event":"Cosmos performance [64ceca511f84|2284]: The cache size for cosmos_cache__verdanta_weekly__dbt_weekly is 23804","logger":"cosmos.dbt.graph","filename":"graph.py","lineno":886}
{"timestamp":"2026-08-31T18:25:56.580296Z","level":"info","event":"Cosmos performance: Cache hit for cosmos_cache__verdanta_weekly__dbt_weekly - 39a8c4b6e19a7b5e14cfea47af7dbd90,1ae01f5b93cde0ad1f6d9482f1b54abd","logger":"cosmos.dbt.graph","filename":"graph.py","lineno":898}
{"timestamp":"2026-08-31T18:25:56.580518Z","level":"info","event":"Total nodes: 27","logger":"cosmos.dbt.graph","filename":"graph.py","lineno":799}
{"timestamp":"2026-08-31T18:25:56.580600Z","level":"info","event":"Total filtered nodes: 27","logger":"cosmos.dbt.graph","filename":"graph.py","lineno":800}
{"timestamp":"2026-08-31T18:25:56.580679Z","level":"info","event":"Cosmos performance (verdanta_weekly__dbt_weekly) - [64ceca511f84|2284]: It took 0.183s to parse the dbt project for DAG using LoadMode.DBT_LS_CACHE","logger":"cosmos.converter","filename":"converter.py","lineno":371}
{"timestamp":"2026-08-31T18:25:56.605357Z","level":"info","event":"Cosmos performance (verdanta_weekly__dbt_weekly) - [64ceca511f84|2284]: It took 0.0246s to build the Airflow DAG.","logger":"cosmos.converter","filename":"converter.py","lineno":423}
{"timestamp":"2026-08-31T18:25:56.605513Z","level":"info","event":"::endgroup::Cosmos DAG parsing logs","logger":"cosmos.converter","filename":"converter.py","lineno":430}
{"timestamp":"2026-08-31T18:25:56.605985Z","level":"warning","event":"Using Variable.get from `airflow.models` is deprecated.Please use `get` on Variable from sdk(`airflow.sdk.Variable`) instead","category":"UserWarning","filename":"/home/airflow/.local/lib/python3.13/site-packages/airflow/models/variable.py","lineno":158,"logger":"py.warnings"}
{"timestamp":"2026-08-31T18:26:26.780968Z","level":"info","event":"Filling up the DagBag from /opt/airflow/dags/verdanta_weekly.py","logger":"airflow.dag_processing.dagbag.BundleDagBag","filename":"dagbag.py","lineno":469}
{"timestamp":"2026-08-31T18:26:26.853388Z","level":"info","event":"::group::Cosmos DAG parsing logs","logger":"cosmos.converter","filename":"converter.py","lineno":321}
{"timestamp":"2026-08-31T18:26:26.856870Z","level":"info","event":"Cosmos cache dir resolved to /tmp/cosmos/verdanta_weekly__dbt_weekly","logger":"cosmos.converter","filename":"converter.py","lineno":346}
{"timestamp":"2026-08-31T18:26:26.857117Z","level":"info","event":"Trying to parse the dbt project using dbt ls cache cosmos_cache__verdanta_weekly__dbt_weekly...","logger":"cosmos.dbt.graph","filename":"graph.py","lineno":869}
{"timestamp":"2026-08-31T18:26:26.997358Z","level":"info","event":"Cosmos performance: time to calculate cache identifier cosmos_cache__verdanta_weekly__dbt_weekly for current version: 0.12405941799988796","logger":"cosmos.cache","filename":"cache.py","lineno":401}
{"timestamp":"2026-08-31T18:26:26.997586Z","level":"info","event":"Cosmos performance [64ceca511f84|2320]: The cache size for cosmos_cache__verdanta_weekly__dbt_weekly is 23804","logger":"cosmos.dbt.graph","filename":"graph.py","lineno":886}
{"timestamp":"2026-08-31T18:26:26.998414Z","level":"info","event":"Cosmos performance: Cache hit for cosmos_cache__verdanta_weekly__dbt_weekly - 39a8c4b6e19a7b5e14cfea47af7dbd90,1ae01f5b93cde0ad1f6d9482f1b54abd","logger":"cosmos.dbt.graph","filename":"graph.py","lineno":898}
{"timestamp":"2026-08-31T18:26:26.998549Z","level":"info","event":"Total nodes: 27","logger":"cosmos.dbt.graph","filename":"graph.py","lineno":799}
{"timestamp":"2026-08-31T18:26:26.998607Z","level":"info","event":"Total filtered nodes: 27","logger":"cosmos.dbt.graph","filename":"graph.py","lineno":800}
{"timestamp":"2026-08-31T18:26:26.998673Z","level":"info","event":"Cosmos performance (verdanta_weekly__dbt_weekly) - [64ceca511f84|2320]: It took 0.142s to parse the dbt project for DAG using LoadMode.DBT_LS_CACHE","logger":"cosmos.converter","filename":"converter.py","lineno":371}
{"timestamp":"2026-08-31T18:26:27.022108Z","level":"info","event":"Cosmos performance (verdanta_weekly__dbt_weekly) - [64ceca511f84|2320]: It took 0.0234s to build the Airflow DAG.","logger":"cosmos.converter","filename":"converter.py","lineno":423}
{"timestamp":"2026-08-31T18:26:27.022239Z","level":"info","event":"::endgroup::Cosmos DAG parsing logs","logger":"cosmos.converter","filename":"converter.py","lineno":430}
{"timestamp":"2026-08-31T18:26:27.022628Z","level":"warning","event":"Using Variable.get from `airflow.models` is deprecated.Please use `get` on Variable from sdk(`airflow.sdk.Variable`) instead","category":"UserWarning","filename":"/home/airflow/.local/lib/python3.13/site-packages/airflow/models/variable.py","lineno":158,"logger":"py.warnings"}
{"timestamp":"2026-08-31T18:26:57.363087Z","level":"info","event":"Filling up the DagBag from /opt/airflow/dags/verdanta_weekly.py","logger":"airflow.dag_processing.dagbag.BundleDagBag","filename":"dagbag.py","lineno":469}
{"timestamp":"2026-08-31T18:26:57.440503Z","level":"info","event":"::group::Cosmos DAG parsing logs","logger":"cosmos.converter","filename":"converter.py","lineno":321}
{"timestamp":"2026-08-31T18:26:57.444351Z","level":"info","event":"Cosmos cache dir resolved to /tmp/cosmos/verdanta_weekly__dbt_weekly","logger":"cosmos.converter","filename":"converter.py","lineno":346}
{"timestamp":"2026-08-31T18:26:57.444536Z","level":"info","event":"Trying to parse the dbt project using dbt ls cache cosmos_cache__verdanta_weekly__dbt_weekly...","logger":"cosmos.dbt.graph","filename":"graph.py","lineno":869}
{"timestamp":"2026-08-31T18:26:57.581742Z","level":"info","event":"Cosmos performance: time to calculate cache identifier cosmos_cache__verdanta_weekly__dbt_weekly for current version: 0.12227331299982325","logger":"cosmos.cache","filename":"cache.py","lineno":401}
{"timestamp":"2026-08-31T18:26:57.582002Z","level":"info","event":"Cosmos performance [64ceca511f84|2354]: The cache size for cosmos_cache__verdanta_weekly__dbt_weekly is 23804","logger":"cosmos.dbt.graph","filename":"graph.py","lineno":886}
{"timestamp":"2026-08-31T18:26:57.582963Z","level":"info","event":"Cosmos performance: Cache hit for cosmos_cache__verdanta_weekly__dbt_weekly - 39a8c4b6e19a7b5e14cfea47af7dbd90,1ae01f5b93cde0ad1f6d9482f1b54abd","logger":"cosmos.dbt.graph","filename":"graph.py","lineno":898}
{"timestamp":"2026-08-31T18:26:57.583117Z","level":"info","event":"Total nodes: 27","logger":"cosmos.dbt.graph","filename":"graph.py","lineno":799}
{"timestamp":"2026-08-31T18:26:57.583180Z","level":"info","event":"Total filtered nodes: 27","logger":"cosmos.dbt.graph","filename":"graph.py","lineno":800}
{"timestamp":"2026-08-31T18:26:57.583246Z","level":"info","event":"Cosmos performance (verdanta_weekly__dbt_weekly) - [64ceca511f84|2354]: It took 0.139s to parse the dbt project for DAG using LoadMode.DBT_LS_CACHE","logger":"cosmos.converter","filename":"converter.py","lineno":371}
{"timestamp":"2026-08-31T18:26:57.602613Z","level":"info","event":"Cosmos performance (verdanta_weekly__dbt_weekly) - [64ceca511f84|2354]: It took 0.0193s to build the Airflow DAG.","logger":"cosmos.converter","filename":"converter.py","lineno":423}
{"timestamp":"2026-08-31T18:26:57.602770Z","level":"info","event":"::endgroup::Cosmos DAG parsing logs","logger":"cosmos.converter","filename":"converter.py","lineno":430}
{"timestamp":"2026-08-31T18:26:57.603308Z","level":"warning","event":"Using Variable.get from `airflow.models` is deprecated.Please use `get` on Variable from sdk(`airflow.sdk.Variable`) instead","category":"UserWarning","filename":"/home/airflow/.local/lib/python3.13/site-packages/airflow/models/variable.py","lineno":158,"logger":"py.warnings"}
{"timestamp":"2026-08-31T18:27:27.962193Z","level":"info","event":"Filling up the DagBag from /opt/airflow/dags/verdanta_weekly.py","logger":"airflow.dag_processing.dagbag.BundleDagBag","filename":"dagbag.py","lineno":469}
{"timestamp":"2026-08-31T18:27:28.035982Z","level":"info","event":"::group::Cosmos DAG parsing logs","logger":"cosmos.converter","filename":"converter.py","lineno":321}
{"timestamp":"2026-08-31T18:27:28.039041Z","level":"info","event":"Cosmos cache dir resolved to /tmp/cosmos/verdanta_weekly__dbt_weekly","logger":"cosmos.converter","filename":"converter.py","lineno":346}
{"timestamp":"2026-08-31T18:27:28.039246Z","level":"info","event":"Trying to parse the dbt project using dbt ls cache cosmos_cache__verdanta_weekly__dbt_weekly...","logger":"cosmos.dbt.graph","filename":"graph.py","lineno":869}
{"timestamp":"2026-08-31T18:27:28.180712Z","level":"info","event":"Cosmos performance: time to calculate cache identifier cosmos_cache__verdanta_weekly__dbt_weekly for current version: 0.12551380500008236","logger":"cosmos.cache","filename":"cache.py","lineno":401}
{"timestamp":"2026-08-31T18:27:28.180952Z","level":"info","event":"Cosmos performance [64ceca511f84|2390]: The cache size for cosmos_cache__verdanta_weekly__dbt_weekly is 23804","logger":"cosmos.dbt.graph","filename":"graph.py","lineno":886}
{"timestamp":"2026-08-31T18:27:28.181849Z","level":"info","event":"Cosmos performance: Cache hit for cosmos_cache__verdanta_weekly__dbt_weekly - 39a8c4b6e19a7b5e14cfea47af7dbd90,1ae01f5b93cde0ad1f6d9482f1b54abd","logger":"cosmos.dbt.graph","filename":"graph.py","lineno":898}
{"timestamp":"2026-08-31T18:27:28.181981Z","level":"info","event":"Total nodes: 27","logger":"cosmos.dbt.graph","filename":"graph.py","lineno":799}
{"timestamp":"2026-08-31T18:27:28.182043Z","level":"info","event":"Total filtered nodes: 27","logger":"cosmos.dbt.graph","filename":"graph.py","lineno":800}
{"timestamp":"2026-08-31T18:27:28.182107Z","level":"info","event":"Cosmos performance (verdanta_weekly__dbt_weekly) - [64ceca511f84|2390]: It took 0.143s to parse the dbt project for DAG using LoadMode.DBT_LS_CACHE","logger":"cosmos.converter","filename":"converter.py","lineno":371}
{"timestamp":"2026-08-31T18:27:28.199500Z","level":"info","event":"Cosmos performance (verdanta_weekly__dbt_weekly) - [64ceca511f84|2390]: It took 0.0173s to build the Airflow DAG.","logger":"cosmos.converter","filename":"converter.py","lineno":423}
{"timestamp":"2026-08-31T18:27:28.199645Z","level":"info","event":"::endgroup::Cosmos DAG parsing logs","logger":"cosmos.converter","filename":"converter.py","lineno":430}
{"timestamp":"2026-08-31T18:27:28.200055Z","level":"warning","event":"Using Variable.get from `airflow.models` is deprecated.Please use `get` on Variable from sdk(`airflow.sdk.Variable`) instead","category":"UserWarning","filename":"/home/airflow/.local/lib/python3.13/site-packages/airflow/models/variable.py","lineno":158,"logger":"py.warnings"}
{"timestamp":"2026-08-31T18:27:59.362613Z","level":"info","event":"Filling up the DagBag from /opt/airflow/dags/verdanta_weekly.py","logger":"airflow.dag_processing.dagbag.BundleDagBag","filename":"dagbag.py","lineno":469}
{"timestamp":"2026-08-31T18:27:59.432878Z","level":"info","event":"::group::Cosmos DAG parsing logs","logger":"cosmos.converter","filename":"converter.py","lineno":321}
{"timestamp":"2026-08-31T18:27:59.436897Z","level":"info","event":"Cosmos cache dir resolved to /tmp/cosmos/verdanta_weekly__dbt_weekly","logger":"cosmos.converter","filename":"converter.py","lineno":346}
{"timestamp":"2026-08-31T18:27:59.437153Z","level":"info","event":"Trying to parse the dbt project using dbt ls cache cosmos_cache__verdanta_weekly__dbt_weekly...","logger":"cosmos.dbt.graph","filename":"graph.py","lineno":869}
{"timestamp":"2026-08-31T18:27:59.579292Z","level":"info","event":"Cosmos performance: time to calculate cache identifier cosmos_cache__verdanta_weekly__dbt_weekly for current version: 0.12816027400003804","logger":"cosmos.cache","filename":"cache.py","lineno":401}
{"timestamp":"2026-08-31T18:27:59.579558Z","level":"info","event":"Cosmos performance [64ceca511f84|2409]: The cache size for cosmos_cache__verdanta_weekly__dbt_weekly is 23804","logger":"cosmos.dbt.graph","filename":"graph.py","lineno":886}
{"timestamp":"2026-08-31T18:27:59.580367Z","level":"info","event":"Cosmos performance: Cache hit for cosmos_cache__verdanta_weekly__dbt_weekly - 39a8c4b6e19a7b5e14cfea47af7dbd90,1ae01f5b93cde0ad1f6d9482f1b54abd","logger":"cosmos.dbt.graph","filename":"graph.py","lineno":898}
{"timestamp":"2026-08-31T18:27:59.580482Z","level":"info","event":"Total nodes: 27","logger":"cosmos.dbt.graph","filename":"graph.py","lineno":799}
{"timestamp":"2026-08-31T18:27:59.580539Z","level":"info","event":"Total filtered nodes: 27","logger":"cosmos.dbt.graph","filename":"graph.py","lineno":800}
{"timestamp":"2026-08-31T18:27:59.580603Z","level":"info","event":"Cosmos performance (verdanta_weekly__dbt_weekly) - [64ceca511f84|2409]: It took 0.144s to parse the dbt project for DAG using LoadMode.DBT_LS_CACHE","logger":"cosmos.converter","filename":"converter.py","lineno":371}
{"timestamp":"2026-08-31T18:27:59.602849Z","level":"info","event":"Cosmos performance (verdanta_weekly__dbt_weekly) - [64ceca511f84|2409]: It took 0.0222s to build the Airflow DAG.","logger":"cosmos.converter","filename":"converter.py","lineno":423}
{"timestamp":"2026-08-31T18:27:59.603000Z","level":"info","event":"::endgroup::Cosmos DAG parsing logs","logger":"cosmos.converter","filename":"converter.py","lineno":430}
{"timestamp":"2026-08-31T18:27:59.603529Z","level":"warning","event":"Using Variable.get from `airflow.models` is deprecated.Please use `get` on Variable from sdk(`airflow.sdk.Variable`) instead","category":"UserWarning","filename":"/home/airflow/.local/lib/python3.13/site-packages/airflow/models/variable.py","lineno":158,"logger":"py.warnings"}
{"timestamp":"2026-08-31T18:28:29.689747Z","level":"info","event":"Filling up the DagBag from /opt/airflow/dags/verdanta_weekly.py","logger":"airflow.dag_processing.dagbag.BundleDagBag","filename":"dagbag.py","lineno":469}
{"timestamp":"2026-08-31T18:28:29.747916Z","level":"info","event":"::group::Cosmos DAG parsing logs","logger":"cosmos.converter","filename":"converter.py","lineno":321}
{"timestamp":"2026-08-31T18:28:29.751119Z","level":"info","event":"Cosmos cache dir resolved to /tmp/cosmos/verdanta_weekly__dbt_weekly","logger":"cosmos.converter","filename":"converter.py","lineno":346}
{"timestamp":"2026-08-31T18:28:29.751313Z","level":"info","event":"Trying to parse the dbt project using dbt ls cache cosmos_cache__verdanta_weekly__dbt_weekly...","logger":"cosmos.dbt.graph","filename":"graph.py","lineno":869}
{"timestamp":"2026-08-31T18:28:29.893602Z","level":"info","event":"Cosmos performance: time to calculate cache identifier cosmos_cache__verdanta_weekly__dbt_weekly for current version: 0.126919541999996","logger":"cosmos.cache","filename":"cache.py","lineno":401}
{"timestamp":"2026-08-31T18:28:29.893861Z","level":"info","event":"Cosmos performance [64ceca511f84|2441]: The cache size for cosmos_cache__verdanta_weekly__dbt_weekly is 23804","logger":"cosmos.dbt.graph","filename":"graph.py","lineno":886}
{"timestamp":"2026-08-31T18:28:29.895526Z","level":"info","event":"Cosmos performance: Cache hit for cosmos_cache__verdanta_weekly__dbt_weekly - 39a8c4b6e19a7b5e14cfea47af7dbd90,1ae01f5b93cde0ad1f6d9482f1b54abd","logger":"cosmos.dbt.graph","filename":"graph.py","lineno":898}
{"timestamp":"2026-08-31T18:28:29.895669Z","level":"info","event":"Total nodes: 27","logger":"cosmos.dbt.graph","filename":"graph.py","lineno":799}
{"timestamp":"2026-08-31T18:28:29.895727Z","level":"info","event":"Total filtered nodes: 27","logger":"cosmos.dbt.graph","filename":"graph.py","lineno":800}
{"timestamp":"2026-08-31T18:28:29.895787Z","level":"info","event":"Cosmos performance (verdanta_weekly__dbt_weekly) - [64ceca511f84|2441]: It took 0.145s to parse the dbt project for DAG using LoadMode.DBT_LS_CACHE","logger":"cosmos.converter","filename":"converter.py","lineno":371}
{"timestamp":"2026-08-31T18:28:29.918447Z","level":"info","event":"Cosmos performance (verdanta_weekly__dbt_weekly) - [64ceca511f84|2441]: It took 0.0226s to build the Airflow DAG.","logger":"cosmos.converter","filename":"converter.py","lineno":423}
{"timestamp":"2026-08-31T18:28:29.918611Z","level":"info","event":"::endgroup::Cosmos DAG parsing logs","logger":"cosmos.converter","filename":"converter.py","lineno":430}
{"timestamp":"2026-08-31T18:28:29.919074Z","level":"warning","event":"Using Variable.get from `airflow.models` is deprecated.Please use `get` on Variable from sdk(`airflow.sdk.Variable`) instead","category":"UserWarning","filename":"/home/airflow/.local/lib/python3.13/site-packages/airflow/models/variable.py","lineno":158,"logger":"py.warnings"}
{"timestamp":"2026-08-31T18:29:00.918224Z","level":"info","event":"Filling up the DagBag from /opt/airflow/dags/verdanta_weekly.py","logger":"airflow.dag_processing.dagbag.BundleDagBag","filename":"dagbag.py","lineno":469}
{"timestamp":"2026-08-31T18:29:00.999071Z","level":"info","event":"::group::Cosmos DAG parsing logs","logger":"cosmos.converter","filename":"converter.py","lineno":321}
{"timestamp":"2026-08-31T18:29:01.002372Z","level":"info","event":"Cosmos cache dir resolved to /tmp/cosmos/verdanta_weekly__dbt_weekly","logger":"cosmos.converter","filename":"converter.py","lineno":346}
{"timestamp":"2026-08-31T18:29:01.002570Z","level":"info","event":"Trying to parse the dbt project using dbt ls cache cosmos_cache__verdanta_weekly__dbt_weekly...","logger":"cosmos.dbt.graph","filename":"graph.py","lineno":869}
{"timestamp":"2026-08-31T18:29:01.138803Z","level":"info","event":"Cosmos performance: time to calculate cache identifier cosmos_cache__verdanta_weekly__dbt_weekly for current version: 0.12475306299984368","logger":"cosmos.cache","filename":"cache.py","lineno":401}
{"timestamp":"2026-08-31T18:29:01.139016Z","level":"info","event":"Cosmos performance [64ceca511f84|2476]: The cache size for cosmos_cache__verdanta_weekly__dbt_weekly is 23804","logger":"cosmos.dbt.graph","filename":"graph.py","lineno":886}
{"timestamp":"2026-08-31T18:29:01.139879Z","level":"info","event":"Cosmos performance: Cache hit for cosmos_cache__verdanta_weekly__dbt_weekly - 39a8c4b6e19a7b5e14cfea47af7dbd90,1ae01f5b93cde0ad1f6d9482f1b54abd","logger":"cosmos.dbt.graph","filename":"graph.py","lineno":898}
{"timestamp":"2026-08-31T18:29:01.140018Z","level":"info","event":"Total nodes: 27","logger":"cosmos.dbt.graph","filename":"graph.py","lineno":799}
{"timestamp":"2026-08-31T18:29:01.140090Z","level":"info","event":"Total filtered nodes: 27","logger":"cosmos.dbt.graph","filename":"graph.py","lineno":800}
{"timestamp":"2026-08-31T18:29:01.140162Z","level":"info","event":"Cosmos performance (verdanta_weekly__dbt_weekly) - [64ceca511f84|2476]: It took 0.138s to parse the dbt project for DAG using LoadMode.DBT_LS_CACHE","logger":"cosmos.converter","filename":"converter.py","lineno":371}
{"timestamp":"2026-08-31T18:29:01.157463Z","level":"info","event":"Cosmos performance (verdanta_weekly__dbt_weekly) - [64ceca511f84|2476]: It took 0.0173s to build the Airflow DAG.","logger":"cosmos.converter","filename":"converter.py","lineno":423}
{"timestamp":"2026-08-31T18:29:01.157629Z","level":"info","event":"::endgroup::Cosmos DAG parsing logs","logger":"cosmos.converter","filename":"converter.py","lineno":430}
{"timestamp":"2026-08-31T18:29:01.158032Z","level":"warning","event":"Using Variable.get from `airflow.models` is deprecated.Please use `get` on Variable from sdk(`airflow.sdk.Variable`) instead","category":"UserWarning","filename":"/home/airflow/.local/lib/python3.13/site-packages/airflow/models/variable.py","lineno":158,"logger":"py.warnings"}
{"timestamp":"2026-08-31T18:29:31.917512Z","level":"info","event":"Filling up the DagBag from /opt/airflow/dags/verdanta_weekly.py","logger":"airflow.dag_processing.dagbag.BundleDagBag","filename":"dagbag.py","lineno":469}
{"timestamp":"2026-08-31T18:29:31.995000Z","level":"info","event":"::group::Cosmos DAG parsing logs","logger":"cosmos.converter","filename":"converter.py","lineno":321}
{"timestamp":"2026-08-31T18:29:31.998813Z","level":"info","event":"Cosmos cache dir resolved to /tmp/cosmos/verdanta_weekly__dbt_weekly","logger":"cosmos.converter","filename":"converter.py","lineno":346}
{"timestamp":"2026-08-31T18:29:31.998996Z","level":"info","event":"Trying to parse the dbt project using dbt ls cache cosmos_cache__verdanta_weekly__dbt_weekly...","logger":"cosmos.dbt.graph","filename":"graph.py","lineno":869}
{"timestamp":"2026-08-31T18:29:32.139669Z","level":"info","event":"Cosmos performance: time to calculate cache identifier cosmos_cache__verdanta_weekly__dbt_weekly for current version: 0.1267330310001853","logger":"cosmos.cache","filename":"cache.py","lineno":401}
{"timestamp":"2026-08-31T18:29:32.139977Z","level":"info","event":"Cosmos performance [64ceca511f84|2512]: The cache size for cosmos_cache__verdanta_weekly__dbt_weekly is 23804","logger":"cosmos.dbt.graph","filename":"graph.py","lineno":886}
{"timestamp":"2026-08-31T18:29:32.140990Z","level":"info","event":"Cosmos performance: Cache hit for cosmos_cache__verdanta_weekly__dbt_weekly - 39a8c4b6e19a7b5e14cfea47af7dbd90,1ae01f5b93cde0ad1f6d9482f1b54abd","logger":"cosmos.dbt.graph","filename":"graph.py","lineno":898}
{"timestamp":"2026-08-31T18:29:32.141133Z","level":"info","event":"Total nodes: 27","logger":"cosmos.dbt.graph","filename":"graph.py","lineno":799}
{"timestamp":"2026-08-31T18:29:32.141222Z","level":"info","event":"Total filtered nodes: 27","logger":"cosmos.dbt.graph","filename":"graph.py","lineno":800}
{"timestamp":"2026-08-31T18:29:32.141327Z","level":"info","event":"Cosmos performance (verdanta_weekly__dbt_weekly) - [64ceca511f84|2512]: It took 0.142s to parse the dbt project for DAG using LoadMode.DBT_LS_CACHE","logger":"cosmos.converter","filename":"converter.py","lineno":371}
{"timestamp":"2026-08-31T18:29:32.160442Z","level":"info","event":"Cosmos performance (verdanta_weekly__dbt_weekly) - [64ceca511f84|2512]: It took 0.0191s to build the Airflow DAG.","logger":"cosmos.converter","filename":"converter.py","lineno":423}
{"timestamp":"2026-08-31T18:29:32.160597Z","level":"info","event":"::endgroup::Cosmos DAG parsing logs","logger":"cosmos.converter","filename":"converter.py","lineno":430}
{"timestamp":"2026-08-31T18:29:32.161140Z","level":"warning","event":"Using Variable.get from `airflow.models` is deprecated.Please use `get` on Variable from sdk(`airflow.sdk.Variable`) instead","category":"UserWarning","filename":"/home/airflow/.local/lib/python3.13/site-packages/airflow/models/variable.py","lineno":158,"logger":"py.warnings"}
{"timestamp":"2026-08-31T18:30:02.663873Z","level":"info","event":"Filling up the DagBag from /opt/airflow/dags/verdanta_weekly.py","logger":"airflow.dag_processing.dagbag.BundleDagBag","filename":"dagbag.py","lineno":469}
{"timestamp":"2026-08-31T18:30:02.746289Z","level":"info","event":"::group::Cosmos DAG parsing logs","logger":"cosmos.converter","filename":"converter.py","lineno":321}
{"timestamp":"2026-08-31T18:30:02.749544Z","level":"info","event":"Cosmos cache dir resolved to /tmp/cosmos/verdanta_weekly__dbt_weekly","logger":"cosmos.converter","filename":"converter.py","lineno":346}
{"timestamp":"2026-08-31T18:30:02.749772Z","level":"info","event":"Trying to parse the dbt project using dbt ls cache cosmos_cache__verdanta_weekly__dbt_weekly...","logger":"cosmos.dbt.graph","filename":"graph.py","lineno":869}
{"timestamp":"2026-08-31T18:30:02.894121Z","level":"info","event":"Cosmos performance: time to calculate cache identifier cosmos_cache__verdanta_weekly__dbt_weekly for current version: 0.12703108999994583","logger":"cosmos.cache","filename":"cache.py","lineno":401}
{"timestamp":"2026-08-31T18:30:02.894375Z","level":"info","event":"Cosmos performance [64ceca511f84|2548]: The cache size for cosmos_cache__verdanta_weekly__dbt_weekly is 23804","logger":"cosmos.dbt.graph","filename":"graph.py","lineno":886}
{"timestamp":"2026-08-31T18:30:02.895350Z","level":"info","event":"Cosmos performance: Cache hit for cosmos_cache__verdanta_weekly__dbt_weekly - 39a8c4b6e19a7b5e14cfea47af7dbd90,1ae01f5b93cde0ad1f6d9482f1b54abd","logger":"cosmos.dbt.graph","filename":"graph.py","lineno":898}
{"timestamp":"2026-08-31T18:30:02.895490Z","level":"info","event":"Total nodes: 27","logger":"cosmos.dbt.graph","filename":"graph.py","lineno":799}
{"timestamp":"2026-08-31T18:30:02.895564Z","level":"info","event":"Total filtered nodes: 27","logger":"cosmos.dbt.graph","filename":"graph.py","lineno":800}
{"timestamp":"2026-08-31T18:30:02.895632Z","level":"info","event":"Cosmos performance (verdanta_weekly__dbt_weekly) - [64ceca511f84|2548]: It took 0.146s to parse the dbt project for DAG using LoadMode.DBT_LS_CACHE","logger":"cosmos.converter","filename":"converter.py","lineno":371}
{"timestamp":"2026-08-31T18:30:02.913908Z","level":"info","event":"Cosmos performance (verdanta_weekly__dbt_weekly) - [64ceca511f84|2548]: It took 0.0182s to build the Airflow DAG.","logger":"cosmos.converter","filename":"converter.py","lineno":423}
{"timestamp":"2026-08-31T18:30:02.914069Z","level":"info","event":"::endgroup::Cosmos DAG parsing logs","logger":"cosmos.converter","filename":"converter.py","lineno":430}
{"timestamp":"2026-08-31T18:30:02.914614Z","level":"warning","event":"Using Variable.get from `airflow.models` is deprecated.Please use `get` on Variable from sdk(`airflow.sdk.Variable`) instead","category":"UserWarning","filename":"/home/airflow/.local/lib/python3.13/site-packages/airflow/models/variable.py","lineno":158,"logger":"py.warnings"}
{"timestamp":"2026-08-31T18:30:33.906875Z","level":"info","event":"Filling up the DagBag from /opt/airflow/dags/verdanta_weekly.py","logger":"airflow.dag_processing.dagbag.BundleDagBag","filename":"dagbag.py","lineno":469}
{"timestamp":"2026-08-31T18:30:33.971773Z","level":"info","event":"::group::Cosmos DAG parsing logs","logger":"cosmos.converter","filename":"converter.py","lineno":321}
{"timestamp":"2026-08-31T18:30:33.975614Z","level":"info","event":"Cosmos cache dir resolved to /tmp/cosmos/verdanta_weekly__dbt_weekly","logger":"cosmos.converter","filename":"converter.py","lineno":346}
{"timestamp":"2026-08-31T18:30:33.975812Z","level":"info","event":"Trying to parse the dbt project using dbt ls cache cosmos_cache__verdanta_weekly__dbt_weekly...","logger":"cosmos.dbt.graph","filename":"graph.py","lineno":869}
{"timestamp":"2026-08-31T18:30:34.123174Z","level":"info","event":"Cosmos performance: time to calculate cache identifier cosmos_cache__verdanta_weekly__dbt_weekly for current version: 0.13096067000014955","logger":"cosmos.cache","filename":"cache.py","lineno":401}
{"timestamp":"2026-08-31T18:30:34.123464Z","level":"info","event":"Cosmos performance [64ceca511f84|2568]: The cache size for cosmos_cache__verdanta_weekly__dbt_weekly is 23804","logger":"cosmos.dbt.graph","filename":"graph.py","lineno":886}
{"timestamp":"2026-08-31T18:30:34.124319Z","level":"info","event":"Cosmos performance: Cache hit for cosmos_cache__verdanta_weekly__dbt_weekly - 39a8c4b6e19a7b5e14cfea47af7dbd90,1ae01f5b93cde0ad1f6d9482f1b54abd","logger":"cosmos.dbt.graph","filename":"graph.py","lineno":898}
{"timestamp":"2026-08-31T18:30:34.124452Z","level":"info","event":"Total nodes: 27","logger":"cosmos.dbt.graph","filename":"graph.py","lineno":799}
{"timestamp":"2026-08-31T18:30:34.124512Z","level":"info","event":"Total filtered nodes: 27","logger":"cosmos.dbt.graph","filename":"graph.py","lineno":800}
{"timestamp":"2026-08-31T18:30:34.124577Z","level":"info","event":"Cosmos performance (verdanta_weekly__dbt_weekly) - [64ceca511f84|2568]: It took 0.149s to parse the dbt project for DAG using LoadMode.DBT_LS_CACHE","logger":"cosmos.converter","filename":"converter.py","lineno":371}
{"timestamp":"2026-08-31T18:30:34.148742Z","level":"info","event":"Cosmos performance (verdanta_weekly__dbt_weekly) - [64ceca511f84|2568]: It took 0.0241s to build the Airflow DAG.","logger":"cosmos.converter","filename":"converter.py","lineno":423}
{"timestamp":"2026-08-31T18:30:34.148908Z","level":"info","event":"::endgroup::Cosmos DAG parsing logs","logger":"cosmos.converter","filename":"converter.py","lineno":430}
{"timestamp":"2026-08-31T18:30:34.149627Z","level":"warning","event":"Using Variable.get from `airflow.models` is deprecated.Please use `get` on Variable from sdk(`airflow.sdk.Variable`) instead","category":"UserWarning","filename":"/home/airflow/.local/lib/python3.13/site-packages/airflow/models/variable.py","lineno":158,"logger":"py.warnings"}
{"timestamp":"2026-08-31T18:31:04.795292Z","level":"info","event":"Filling up the DagBag from /opt/airflow/dags/verdanta_weekly.py","logger":"airflow.dag_processing.dagbag.BundleDagBag","filename":"dagbag.py","lineno":469}
{"timestamp":"2026-08-31T18:31:04.877219Z","level":"info","event":"::group::Cosmos DAG parsing logs","logger":"cosmos.converter","filename":"converter.py","lineno":321}
{"timestamp":"2026-08-31T18:31:04.881037Z","level":"info","event":"Cosmos cache dir resolved to /tmp/cosmos/verdanta_weekly__dbt_weekly","logger":"cosmos.converter","filename":"converter.py","lineno":346}
{"timestamp":"2026-08-31T18:31:04.881264Z","level":"info","event":"Trying to parse the dbt project using dbt ls cache cosmos_cache__verdanta_weekly__dbt_weekly...","logger":"cosmos.dbt.graph","filename":"graph.py","lineno":869}
{"timestamp":"2026-08-31T18:31:05.022393Z","level":"info","event":"Cosmos performance: time to calculate cache identifier cosmos_cache__verdanta_weekly__dbt_weekly for current version: 0.1252505980000933","logger":"cosmos.cache","filename":"cache.py","lineno":401}
{"timestamp":"2026-08-31T18:31:05.022608Z","level":"info","event":"Cosmos performance [64ceca511f84|2598]: The cache size for cosmos_cache__verdanta_weekly__dbt_weekly is 23804","logger":"cosmos.dbt.graph","filename":"graph.py","lineno":886}
{"timestamp":"2026-08-31T18:31:05.023416Z","level":"info","event":"Cosmos performance: Cache hit for cosmos_cache__verdanta_weekly__dbt_weekly - 39a8c4b6e19a7b5e14cfea47af7dbd90,1ae01f5b93cde0ad1f6d9482f1b54abd","logger":"cosmos.dbt.graph","filename":"graph.py","lineno":898}
{"timestamp":"2026-08-31T18:31:05.023536Z","level":"info","event":"Total nodes: 27","logger":"cosmos.dbt.graph","filename":"graph.py","lineno":799}
{"timestamp":"2026-08-31T18:31:05.023592Z","level":"info","event":"Total filtered nodes: 27","logger":"cosmos.dbt.graph","filename":"graph.py","lineno":800}
{"timestamp":"2026-08-31T18:31:05.023654Z","level":"info","event":"Cosmos performance (verdanta_weekly__dbt_weekly) - [64ceca511f84|2598]: It took 0.143s to parse the dbt project for DAG using LoadMode.DBT_LS_CACHE","logger":"cosmos.converter","filename":"converter.py","lineno":371}
{"timestamp":"2026-08-31T18:31:05.043584Z","level":"info","event":"Cosmos performance (verdanta_weekly__dbt_weekly) - [64ceca511f84|2598]: It took 0.0199s to build the Airflow DAG.","logger":"cosmos.converter","filename":"converter.py","lineno":423}
{"timestamp":"2026-08-31T18:31:05.043744Z","level":"info","event":"::endgroup::Cosmos DAG parsing logs","logger":"cosmos.converter","filename":"converter.py","lineno":430}
{"timestamp":"2026-08-31T18:31:05.044447Z","level":"warning","event":"Using Variable.get from `airflow.models` is deprecated.Please use `get` on Variable from sdk(`airflow.sdk.Variable`) instead","category":"UserWarning","filename":"/home/airflow/.local/lib/python3.13/site-packages/airflow/models/variable.py","lineno":158,"logger":"py.warnings"}
{"timestamp":"2026-08-31T18:31:35.608009Z","level":"info","event":"Filling up the DagBag from /opt/airflow/dags/verdanta_weekly.py","logger":"airflow.dag_processing.dagbag.BundleDagBag","filename":"dagbag.py","lineno":469}
{"timestamp":"2026-08-31T18:31:35.692681Z","level":"info","event":"::group::Cosmos DAG parsing logs","logger":"cosmos.converter","filename":"converter.py","lineno":321}
{"timestamp":"2026-08-31T18:31:35.696782Z","level":"info","event":"Cosmos cache dir resolved to /tmp/cosmos/verdanta_weekly__dbt_weekly","logger":"cosmos.converter","filename":"converter.py","lineno":346}
{"timestamp":"2026-08-31T18:31:35.697005Z","level":"info","event":"Trying to parse the dbt project using dbt ls cache cosmos_cache__verdanta_weekly__dbt_weekly...","logger":"cosmos.dbt.graph","filename":"graph.py","lineno":869}
{"timestamp":"2026-08-31T18:31:35.845351Z","level":"info","event":"Cosmos performance: time to calculate cache identifier cosmos_cache__verdanta_weekly__dbt_weekly for current version: 0.1317292210001142","logger":"cosmos.cache","filename":"cache.py","lineno":401}
{"timestamp":"2026-08-31T18:31:35.845563Z","level":"info","event":"Cosmos performance [64ceca511f84|2634]: The cache size for cosmos_cache__verdanta_weekly__dbt_weekly is 23804","logger":"cosmos.dbt.graph","filename":"graph.py","lineno":886}
{"timestamp":"2026-08-31T18:31:35.846536Z","level":"info","event":"Cosmos performance: Cache hit for cosmos_cache__verdanta_weekly__dbt_weekly - 39a8c4b6e19a7b5e14cfea47af7dbd90,1ae01f5b93cde0ad1f6d9482f1b54abd","logger":"cosmos.dbt.graph","filename":"graph.py","lineno":898}
{"timestamp":"2026-08-31T18:31:35.846681Z","level":"info","event":"Total nodes: 27","logger":"cosmos.dbt.graph","filename":"graph.py","lineno":799}
{"timestamp":"2026-08-31T18:31:35.846764Z","level":"info","event":"Total filtered nodes: 27","logger":"cosmos.dbt.graph","filename":"graph.py","lineno":800}
{"timestamp":"2026-08-31T18:31:35.846870Z","level":"info","event":"Cosmos performance (verdanta_weekly__dbt_weekly) - [64ceca511f84|2634]: It took 0.15s to parse the dbt project for DAG using LoadMode.DBT_LS_CACHE","logger":"cosmos.converter","filename":"converter.py","lineno":371}
{"timestamp":"2026-08-31T18:31:35.870520Z","level":"info","event":"Cosmos performance (verdanta_weekly__dbt_weekly) - [64ceca511f84|2634]: It took 0.0236s to build the Airflow DAG.","logger":"cosmos.converter","filename":"converter.py","lineno":423}
{"timestamp":"2026-08-31T18:31:35.870731Z","level":"info","event":"::endgroup::Cosmos DAG parsing logs","logger":"cosmos.converter","filename":"converter.py","lineno":430}
{"timestamp":"2026-08-31T18:31:35.871395Z","level":"warning","event":"Using Variable.get from `airflow.models` is deprecated.Please use `get` on Variable from sdk(`airflow.sdk.Variable`) instead","category":"UserWarning","filename":"/home/airflow/.local/lib/python3.13/site-packages/airflow/models/variable.py","lineno":158,"logger":"py.warnings"}
{"timestamp":"2026-08-31T18:32:06.737698Z","level":"info","event":"Filling up the DagBag from /opt/airflow/dags/verdanta_weekly.py","logger":"airflow.dag_processing.dagbag.BundleDagBag","filename":"dagbag.py","lineno":469}
{"timestamp":"2026-08-31T18:32:06.816015Z","level":"info","event":"::group::Cosmos DAG parsing logs","logger":"cosmos.converter","filename":"converter.py","lineno":321}
{"timestamp":"2026-08-31T18:32:06.820101Z","level":"info","event":"Cosmos cache dir resolved to /tmp/cosmos/verdanta_weekly__dbt_weekly","logger":"cosmos.converter","filename":"converter.py","lineno":346}
{"timestamp":"2026-08-31T18:32:06.820317Z","level":"info","event":"Trying to parse the dbt project using dbt ls cache cosmos_cache__verdanta_weekly__dbt_weekly...","logger":"cosmos.dbt.graph","filename":"graph.py","lineno":869}
{"timestamp":"2026-08-31T18:32:06.962841Z","level":"info","event":"Cosmos performance: time to calculate cache identifier cosmos_cache__verdanta_weekly__dbt_weekly for current version: 0.12766476899969348","logger":"cosmos.cache","filename":"cache.py","lineno":401}
{"timestamp":"2026-08-31T18:32:06.963056Z","level":"info","event":"Cosmos performance [64ceca511f84|2670]: The cache size for cosmos_cache__verdanta_weekly__dbt_weekly is 23804","logger":"cosmos.dbt.graph","filename":"graph.py","lineno":886}
{"timestamp":"2026-08-31T18:32:06.964088Z","level":"info","event":"Cosmos performance: Cache hit for cosmos_cache__verdanta_weekly__dbt_weekly - 39a8c4b6e19a7b5e14cfea47af7dbd90,1ae01f5b93cde0ad1f6d9482f1b54abd","logger":"cosmos.dbt.graph","filename":"graph.py","lineno":898}
{"timestamp":"2026-08-31T18:32:06.964232Z","level":"info","event":"Total nodes: 27","logger":"cosmos.dbt.graph","filename":"graph.py","lineno":799}
{"timestamp":"2026-08-31T18:32:06.964297Z","level":"info","event":"Total filtered nodes: 27","logger":"cosmos.dbt.graph","filename":"graph.py","lineno":800}
{"timestamp":"2026-08-31T18:32:06.964370Z","level":"info","event":"Cosmos performance (verdanta_weekly__dbt_weekly) - [64ceca511f84|2670]: It took 0.144s to parse the dbt project for DAG using LoadMode.DBT_LS_CACHE","logger":"cosmos.converter","filename":"converter.py","lineno":371}
{"timestamp":"2026-08-31T18:32:06.982867Z","level":"info","event":"Cosmos performance (verdanta_weekly__dbt_weekly) - [64ceca511f84|2670]: It took 0.0185s to build the Airflow DAG.","logger":"cosmos.converter","filename":"converter.py","lineno":423}
{"timestamp":"2026-08-31T18:32:06.983264Z","level":"info","event":"::endgroup::Cosmos DAG parsing logs","logger":"cosmos.converter","filename":"converter.py","lineno":430}
{"timestamp":"2026-08-31T18:32:06.983797Z","level":"warning","event":"Using Variable.get from `airflow.models` is deprecated.Please use `get` on Variable from sdk(`airflow.sdk.Variable`) instead","category":"UserWarning","filename":"/home/airflow/.local/lib/python3.13/site-packages/airflow/models/variable.py","lineno":158,"logger":"py.warnings"}
{"timestamp":"2026-08-31T18:32:37.083361Z","level":"info","event":"Filling up the DagBag from /opt/airflow/dags/verdanta_weekly.py","logger":"airflow.dag_processing.dagbag.BundleDagBag","filename":"dagbag.py","lineno":469}
{"timestamp":"2026-08-31T18:32:37.174053Z","level":"info","event":"::group::Cosmos DAG parsing logs","logger":"cosmos.converter","filename":"converter.py","lineno":321}
{"timestamp":"2026-08-31T18:32:37.178851Z","level":"info","event":"Cosmos cache dir resolved to /tmp/cosmos/verdanta_weekly__dbt_weekly","logger":"cosmos.converter","filename":"converter.py","lineno":346}
{"timestamp":"2026-08-31T18:32:37.179111Z","level":"info","event":"Trying to parse the dbt project using dbt ls cache cosmos_cache__verdanta_weekly__dbt_weekly...","logger":"cosmos.dbt.graph","filename":"graph.py","lineno":869}
{"timestamp":"2026-08-31T18:32:37.330788Z","level":"info","event":"Cosmos performance: time to calculate cache identifier cosmos_cache__verdanta_weekly__dbt_weekly for current version: 0.13656699499961178","logger":"cosmos.cache","filename":"cache.py","lineno":401}
{"timestamp":"2026-08-31T18:32:37.331144Z","level":"info","event":"Cosmos performance [64ceca511f84|2705]: The cache size for cosmos_cache__verdanta_weekly__dbt_weekly is 23804","logger":"cosmos.dbt.graph","filename":"graph.py","lineno":886}
{"timestamp":"2026-08-31T18:32:37.332426Z","level":"info","event":"Cosmos performance: Cache hit for cosmos_cache__verdanta_weekly__dbt_weekly - 39a8c4b6e19a7b5e14cfea47af7dbd90,1ae01f5b93cde0ad1f6d9482f1b54abd","logger":"cosmos.dbt.graph","filename":"graph.py","lineno":898}
{"timestamp":"2026-08-31T18:32:37.332712Z","level":"info","event":"Total nodes: 27","logger":"cosmos.dbt.graph","filename":"graph.py","lineno":799}
{"timestamp":"2026-08-31T18:32:37.332813Z","level":"info","event":"Total filtered nodes: 27","logger":"cosmos.dbt.graph","filename":"graph.py","lineno":800}
{"timestamp":"2026-08-31T18:32:37.332895Z","level":"info","event":"Cosmos performance (verdanta_weekly__dbt_weekly) - [64ceca511f84|2705]: It took 0.154s to parse the dbt project for DAG using LoadMode.DBT_LS_CACHE","logger":"cosmos.converter","filename":"converter.py","lineno":371}
{"timestamp":"2026-08-31T18:32:37.358785Z","level":"info","event":"Cosmos performance (verdanta_weekly__dbt_weekly) - [64ceca511f84|2705]: It took 0.0258s to build the Airflow DAG.","logger":"cosmos.converter","filename":"converter.py","lineno":423}
{"timestamp":"2026-08-31T18:32:37.358966Z","level":"info","event":"::endgroup::Cosmos DAG parsing logs","logger":"cosmos.converter","filename":"converter.py","lineno":430}
{"timestamp":"2026-08-31T18:32:37.359509Z","level":"warning","event":"Using Variable.get from `airflow.models` is deprecated.Please use `get` on Variable from sdk(`airflow.sdk.Variable`) instead","category":"UserWarning","filename":"/home/airflow/.local/lib/python3.13/site-packages/airflow/models/variable.py","lineno":158,"logger":"py.warnings"}
{"timestamp":"2026-08-31T18:33:07.977111Z","level":"info","event":"Filling up the DagBag from /opt/airflow/dags/verdanta_weekly.py","logger":"airflow.dag_processing.dagbag.BundleDagBag","filename":"dagbag.py","lineno":469}
{"timestamp":"2026-08-31T18:33:08.043175Z","level":"info","event":"::group::Cosmos DAG parsing logs","logger":"cosmos.converter","filename":"converter.py","lineno":321}
{"timestamp":"2026-08-31T18:33:08.046903Z","level":"info","event":"Cosmos cache dir resolved to /tmp/cosmos/verdanta_weekly__dbt_weekly","logger":"cosmos.converter","filename":"converter.py","lineno":346}
{"timestamp":"2026-08-31T18:33:08.047143Z","level":"info","event":"Trying to parse the dbt project using dbt ls cache cosmos_cache__verdanta_weekly__dbt_weekly...","logger":"cosmos.dbt.graph","filename":"graph.py","lineno":869}
{"timestamp":"2026-08-31T18:33:08.190223Z","level":"info","event":"Cosmos performance: time to calculate cache identifier cosmos_cache__verdanta_weekly__dbt_weekly for current version: 0.1270527370002128","logger":"cosmos.cache","filename":"cache.py","lineno":401}
{"timestamp":"2026-08-31T18:33:08.190450Z","level":"info","event":"Cosmos performance [64ceca511f84|2726]: The cache size for cosmos_cache__verdanta_weekly__dbt_weekly is 23804","logger":"cosmos.dbt.graph","filename":"graph.py","lineno":886}
{"timestamp":"2026-08-31T18:33:08.191286Z","level":"info","event":"Cosmos performance: Cache hit for cosmos_cache__verdanta_weekly__dbt_weekly - 39a8c4b6e19a7b5e14cfea47af7dbd90,1ae01f5b93cde0ad1f6d9482f1b54abd","logger":"cosmos.dbt.graph","filename":"graph.py","lineno":898}
{"timestamp":"2026-08-31T18:33:08.191428Z","level":"info","event":"Total nodes: 27","logger":"cosmos.dbt.graph","filename":"graph.py","lineno":799}
{"timestamp":"2026-08-31T18:33:08.191499Z","level":"info","event":"Total filtered nodes: 27","logger":"cosmos.dbt.graph","filename":"graph.py","lineno":800}
{"timestamp":"2026-08-31T18:33:08.191580Z","level":"info","event":"Cosmos performance (verdanta_weekly__dbt_weekly) - [64ceca511f84|2726]: It took 0.145s to parse the dbt project for DAG using LoadMode.DBT_LS_CACHE","logger":"cosmos.converter","filename":"converter.py","lineno":371}
{"timestamp":"2026-08-31T18:33:08.213544Z","level":"info","event":"Cosmos performance (verdanta_weekly__dbt_weekly) - [64ceca511f84|2726]: It took 0.0219s to build the Airflow DAG.","logger":"cosmos.converter","filename":"converter.py","lineno":423}
{"timestamp":"2026-08-31T18:33:08.213713Z","level":"info","event":"::endgroup::Cosmos DAG parsing logs","logger":"cosmos.converter","filename":"converter.py","lineno":430}
{"timestamp":"2026-08-31T18:33:08.214241Z","level":"warning","event":"Using Variable.get from `airflow.models` is deprecated.Please use `get` on Variable from sdk(`airflow.sdk.Variable`) instead","category":"UserWarning","filename":"/home/airflow/.local/lib/python3.13/site-packages/airflow/models/variable.py","lineno":158,"logger":"py.warnings"}
{"timestamp":"2026-08-31T18:33:38.404440Z","level":"info","event":"Filling up the DagBag from /opt/airflow/dags/verdanta_weekly.py","logger":"airflow.dag_processing.dagbag.BundleDagBag","filename":"dagbag.py","lineno":469}
{"timestamp":"2026-08-31T18:33:38.487971Z","level":"info","event":"::group::Cosmos DAG parsing logs","logger":"cosmos.converter","filename":"converter.py","lineno":321}
{"timestamp":"2026-08-31T18:33:38.491893Z","level":"info","event":"Cosmos cache dir resolved to /tmp/cosmos/verdanta_weekly__dbt_weekly","logger":"cosmos.converter","filename":"converter.py","lineno":346}
{"timestamp":"2026-08-31T18:33:38.492089Z","level":"info","event":"Trying to parse the dbt project using dbt ls cache cosmos_cache__verdanta_weekly__dbt_weekly...","logger":"cosmos.dbt.graph","filename":"graph.py","lineno":869}
{"timestamp":"2026-08-31T18:33:38.636719Z","level":"info","event":"Cosmos performance: time to calculate cache identifier cosmos_cache__verdanta_weekly__dbt_weekly for current version: 0.12843492599995443","logger":"cosmos.cache","filename":"cache.py","lineno":401}
{"timestamp":"2026-08-31T18:33:38.636920Z","level":"info","event":"Cosmos performance [64ceca511f84|2756]: The cache size for cosmos_cache__verdanta_weekly__dbt_weekly is 23804","logger":"cosmos.dbt.graph","filename":"graph.py","lineno":886}
{"timestamp":"2026-08-31T18:33:38.637767Z","level":"info","event":"Cosmos performance: Cache hit for cosmos_cache__verdanta_weekly__dbt_weekly - 39a8c4b6e19a7b5e14cfea47af7dbd90,1ae01f5b93cde0ad1f6d9482f1b54abd","logger":"cosmos.dbt.graph","filename":"graph.py","lineno":898}
{"timestamp":"2026-08-31T18:33:38.637892Z","level":"info","event":"Total nodes: 27","logger":"cosmos.dbt.graph","filename":"graph.py","lineno":799}
{"timestamp":"2026-08-31T18:33:38.637951Z","level":"info","event":"Total filtered nodes: 27","logger":"cosmos.dbt.graph","filename":"graph.py","lineno":800}
{"timestamp":"2026-08-31T18:33:38.638014Z","level":"info","event":"Cosmos performance (verdanta_weekly__dbt_weekly) - [64ceca511f84|2756]: It took 0.146s to parse the dbt project for DAG using LoadMode.DBT_LS_CACHE","logger":"cosmos.converter","filename":"converter.py","lineno":371}
{"timestamp":"2026-08-31T18:33:38.656068Z","level":"info","event":"Cosmos performance (verdanta_weekly__dbt_weekly) - [64ceca511f84|2756]: It took 0.018s to build the Airflow DAG.","logger":"cosmos.converter","filename":"converter.py","lineno":423}
{"timestamp":"2026-08-31T18:33:38.656218Z","level":"info","event":"::endgroup::Cosmos DAG parsing logs","logger":"cosmos.converter","filename":"converter.py","lineno":430}
{"timestamp":"2026-08-31T18:33:38.656625Z","level":"warning","event":"Using Variable.get from `airflow.models` is deprecated.Please use `get` on Variable from sdk(`airflow.sdk.Variable`) instead","category":"UserWarning","filename":"/home/airflow/.local/lib/python3.13/site-packages/airflow/models/variable.py","lineno":158,"logger":"py.warnings"}
{"timestamp":"2026-08-31T18:34:09.524040Z","level":"info","event":"Filling up the DagBag from /opt/airflow/dags/verdanta_weekly.py","logger":"airflow.dag_processing.dagbag.BundleDagBag","filename":"dagbag.py","lineno":469}
{"timestamp":"2026-08-31T18:34:09.623132Z","level":"info","event":"::group::Cosmos DAG parsing logs","logger":"cosmos.converter","filename":"converter.py","lineno":321}
{"timestamp":"2026-08-31T18:34:09.627501Z","level":"info","event":"Cosmos cache dir resolved to /tmp/cosmos/verdanta_weekly__dbt_weekly","logger":"cosmos.converter","filename":"converter.py","lineno":346}
{"timestamp":"2026-08-31T18:34:09.627734Z","level":"info","event":"Trying to parse the dbt project using dbt ls cache cosmos_cache__verdanta_weekly__dbt_weekly...","logger":"cosmos.dbt.graph","filename":"graph.py","lineno":869}
{"timestamp":"2026-08-31T18:34:09.775321Z","level":"info","event":"Cosmos performance: time to calculate cache identifier cosmos_cache__verdanta_weekly__dbt_weekly for current version: 0.13010883900005865","logger":"cosmos.cache","filename":"cache.py","lineno":401}
{"timestamp":"2026-08-31T18:34:09.775618Z","level":"info","event":"Cosmos performance [64ceca511f84|2791]: The cache size for cosmos_cache__verdanta_weekly__dbt_weekly is 23804","logger":"cosmos.dbt.graph","filename":"graph.py","lineno":886}
{"timestamp":"2026-08-31T18:34:09.776569Z","level":"info","event":"Cosmos performance: Cache hit for cosmos_cache__verdanta_weekly__dbt_weekly - 39a8c4b6e19a7b5e14cfea47af7dbd90,1ae01f5b93cde0ad1f6d9482f1b54abd","logger":"cosmos.dbt.graph","filename":"graph.py","lineno":898}
{"timestamp":"2026-08-31T18:34:09.776727Z","level":"info","event":"Total nodes: 27","logger":"cosmos.dbt.graph","filename":"graph.py","lineno":799}
{"timestamp":"2026-08-31T18:34:09.776803Z","level":"info","event":"Total filtered nodes: 27","logger":"cosmos.dbt.graph","filename":"graph.py","lineno":800}
{"timestamp":"2026-08-31T18:34:09.776874Z","level":"info","event":"Cosmos performance (verdanta_weekly__dbt_weekly) - [64ceca511f84|2791]: It took 0.149s to parse the dbt project for DAG using LoadMode.DBT_LS_CACHE","logger":"cosmos.converter","filename":"converter.py","lineno":371}
{"timestamp":"2026-08-31T18:34:09.796800Z","level":"info","event":"Cosmos performance (verdanta_weekly__dbt_weekly) - [64ceca511f84|2791]: It took 0.0199s to build the Airflow DAG.","logger":"cosmos.converter","filename":"converter.py","lineno":423}
{"timestamp":"2026-08-31T18:34:09.796962Z","level":"info","event":"::endgroup::Cosmos DAG parsing logs","logger":"cosmos.converter","filename":"converter.py","lineno":430}
{"timestamp":"2026-08-31T18:34:09.797478Z","level":"warning","event":"Using Variable.get from `airflow.models` is deprecated.Please use `get` on Variable from sdk(`airflow.sdk.Variable`) instead","category":"UserWarning","filename":"/home/airflow/.local/lib/python3.13/site-packages/airflow/models/variable.py","lineno":158,"logger":"py.warnings"}
{"timestamp":"2026-08-31T18:35:21.523863Z","level":"info","event":"Filling up the DagBag from /opt/airflow/dags/verdanta_weekly.py","logger":"airflow.dag_processing.dagbag.BundleDagBag","filename":"dagbag.py","lineno":469}
{"timestamp":"2026-08-31T18:35:24.567424Z","level":"warning","event":"Skipping masking for a secret as it's too short (<5 chars)","logger":"airflow.sdk._shared.secrets_masker.secrets_masker","filename":"secrets_masker.py","lineno":577}
{"timestamp":"2026-08-31T18:35:24.584496Z","level":"info","event":"::group::Cosmos DAG parsing logs","logger":"cosmos.converter","filename":"converter.py","lineno":321}
{"timestamp":"2026-08-31T18:35:24.592056Z","level":"info","event":"Cosmos cache dir resolved to /tmp/cosmos/verdanta_weekly__dbt_weekly","logger":"cosmos.converter","filename":"converter.py","lineno":346}
{"timestamp":"2026-08-31T18:35:24.592492Z","level":"info","event":"Trying to parse the dbt project using dbt ls cache cosmos_cache__verdanta_weekly__dbt_weekly...","logger":"cosmos.dbt.graph","filename":"graph.py","lineno":869}
{"timestamp":"2026-08-31T18:35:24.763580Z","level":"info","event":"Cosmos performance: time to calculate cache identifier cosmos_cache__verdanta_weekly__dbt_weekly for current version: 0.15235260800000106","logger":"cosmos.cache","filename":"cache.py","lineno":401}
{"timestamp":"2026-08-31T18:35:24.763819Z","level":"info","event":"Cosmos performance [64888d51901b|31]: The cache size for cosmos_cache__verdanta_weekly__dbt_weekly is 23804","logger":"cosmos.dbt.graph","filename":"graph.py","lineno":886}
{"timestamp":"2026-08-31T18:35:24.764596Z","level":"info","event":"Cosmos performance: Cache hit for cosmos_cache__verdanta_weekly__dbt_weekly - 39a8c4b6e19a7b5e14cfea47af7dbd90,1ae01f5b93cde0ad1f6d9482f1b54abd","logger":"cosmos.dbt.graph","filename":"graph.py","lineno":898}
{"timestamp":"2026-08-31T18:35:24.764714Z","level":"info","event":"Total nodes: 27","logger":"cosmos.dbt.graph","filename":"graph.py","lineno":799}
{"timestamp":"2026-08-31T18:35:24.764773Z","level":"info","event":"Total filtered nodes: 27","logger":"cosmos.dbt.graph","filename":"graph.py","lineno":800}
{"timestamp":"2026-08-31T18:35:24.764840Z","level":"info","event":"Cosmos performance (verdanta_weekly__dbt_weekly) - [64888d51901b|31]: It took 0.173s to parse the dbt project for DAG using LoadMode.DBT_LS_CACHE","logger":"cosmos.converter","filename":"converter.py","lineno":371}
{"timestamp":"2026-08-31T18:35:24.793867Z","level":"info","event":"Cosmos performance (verdanta_weekly__dbt_weekly) - [64888d51901b|31]: It took 0.029s to build the Airflow DAG.","logger":"cosmos.converter","filename":"converter.py","lineno":423}
{"timestamp":"2026-08-31T18:35:24.793986Z","level":"info","event":"::endgroup::Cosmos DAG parsing logs","logger":"cosmos.converter","filename":"converter.py","lineno":430}
{"timestamp":"2026-08-31T18:35:24.794470Z","level":"warning","event":"Using Variable.get from `airflow.models` is deprecated.Please use `get` on Variable from sdk(`airflow.sdk.Variable`) instead","category":"UserWarning","filename":"/home/airflow/.local/lib/python3.13/site-packages/airflow/models/variable.py","lineno":158,"logger":"py.warnings"}
{"timestamp":"2026-08-31T18:35:54.976886Z","level":"info","event":"Filling up the DagBag from /opt/airflow/dags/verdanta_weekly.py","logger":"airflow.dag_processing.dagbag.BundleDagBag","filename":"dagbag.py","lineno":469}
{"timestamp":"2026-08-31T18:35:55.048441Z","level":"info","event":"::group::Cosmos DAG parsing logs","logger":"cosmos.converter","filename":"converter.py","lineno":321}
{"timestamp":"2026-08-31T18:35:55.052327Z","level":"info","event":"Cosmos cache dir resolved to /tmp/cosmos/verdanta_weekly__dbt_weekly","logger":"cosmos.converter","filename":"converter.py","lineno":346}
{"timestamp":"2026-08-31T18:35:55.052527Z","level":"info","event":"Trying to parse the dbt project using dbt ls cache cosmos_cache__verdanta_weekly__dbt_weekly...","logger":"cosmos.dbt.graph","filename":"graph.py","lineno":869}
{"timestamp":"2026-08-31T18:35:55.197744Z","level":"info","event":"Cosmos performance: time to calculate cache identifier cosmos_cache__verdanta_weekly__dbt_weekly for current version: 0.12965037799995116","logger":"cosmos.cache","filename":"cache.py","lineno":401}
{"timestamp":"2026-08-31T18:35:55.197974Z","level":"info","event":"Cosmos performance [64888d51901b|82]: The cache size for cosmos_cache__verdanta_weekly__dbt_weekly is 23804","logger":"cosmos.dbt.graph","filename":"graph.py","lineno":886}
{"timestamp":"2026-08-31T18:35:55.198817Z","level":"info","event":"Cosmos performance: Cache hit for cosmos_cache__verdanta_weekly__dbt_weekly - 39a8c4b6e19a7b5e14cfea47af7dbd90,1ae01f5b93cde0ad1f6d9482f1b54abd","logger":"cosmos.dbt.graph","filename":"graph.py","lineno":898}
{"timestamp":"2026-08-31T18:35:55.198941Z","level":"info","event":"Total nodes: 27","logger":"cosmos.dbt.graph","filename":"graph.py","lineno":799}
{"timestamp":"2026-08-31T18:35:55.199017Z","level":"info","event":"Total filtered nodes: 27","logger":"cosmos.dbt.graph","filename":"graph.py","lineno":800}
{"timestamp":"2026-08-31T18:35:55.199098Z","level":"info","event":"Cosmos performance (verdanta_weekly__dbt_weekly) - [64888d51901b|82]: It took 0.147s to parse the dbt project for DAG using LoadMode.DBT_LS_CACHE","logger":"cosmos.converter","filename":"converter.py","lineno":371}
{"timestamp":"2026-08-31T18:35:55.223397Z","level":"info","event":"Cosmos performance (verdanta_weekly__dbt_weekly) - [64888d51901b|82]: It took 0.0242s to build the Airflow DAG.","logger":"cosmos.converter","filename":"converter.py","lineno":423}
{"timestamp":"2026-08-31T18:35:55.223553Z","level":"info","event":"::endgroup::Cosmos DAG parsing logs","logger":"cosmos.converter","filename":"converter.py","lineno":430}
{"timestamp":"2026-08-31T18:35:55.224041Z","level":"warning","event":"Using Variable.get from `airflow.models` is deprecated.Please use `get` on Variable from sdk(`airflow.sdk.Variable`) instead","category":"UserWarning","filename":"/home/airflow/.local/lib/python3.13/site-packages/airflow/models/variable.py","lineno":158,"logger":"py.warnings"}
{"timestamp":"2026-08-31T18:36:25.496195Z","level":"info","event":"Filling up the DagBag from /opt/airflow/dags/verdanta_weekly.py","logger":"airflow.dag_processing.dagbag.BundleDagBag","filename":"dagbag.py","lineno":469}
{"timestamp":"2026-08-31T18:36:25.560009Z","level":"info","event":"::group::Cosmos DAG parsing logs","logger":"cosmos.converter","filename":"converter.py","lineno":321}
{"timestamp":"2026-08-31T18:36:25.563271Z","level":"info","event":"Cosmos cache dir resolved to /tmp/cosmos/verdanta_weekly__dbt_weekly","logger":"cosmos.converter","filename":"converter.py","lineno":346}
{"timestamp":"2026-08-31T18:36:25.563450Z","level":"info","event":"Trying to parse the dbt project using dbt ls cache cosmos_cache__verdanta_weekly__dbt_weekly...","logger":"cosmos.dbt.graph","filename":"graph.py","lineno":869}
{"timestamp":"2026-08-31T18:36:25.708333Z","level":"info","event":"Cosmos performance: time to calculate cache identifier cosmos_cache__verdanta_weekly__dbt_weekly for current version: 0.1297111590001805","logger":"cosmos.cache","filename":"cache.py","lineno":401}
{"timestamp":"2026-08-31T18:36:25.708548Z","level":"info","event":"Cosmos performance [64888d51901b|112]: The cache size for cosmos_cache__verdanta_weekly__dbt_weekly is 23804","logger":"cosmos.dbt.graph","filename":"graph.py","lineno":886}
{"timestamp":"2026-08-31T18:36:25.709339Z","level":"info","event":"Cosmos performance: Cache hit for cosmos_cache__verdanta_weekly__dbt_weekly - 39a8c4b6e19a7b5e14cfea47af7dbd90,1ae01f5b93cde0ad1f6d9482f1b54abd","logger":"cosmos.dbt.graph","filename":"graph.py","lineno":898}
{"timestamp":"2026-08-31T18:36:25.709450Z","level":"info","event":"Total nodes: 27","logger":"cosmos.dbt.graph","filename":"graph.py","lineno":799}
{"timestamp":"2026-08-31T18:36:25.709507Z","level":"info","event":"Total filtered nodes: 27","logger":"cosmos.dbt.graph","filename":"graph.py","lineno":800}
{"timestamp":"2026-08-31T18:36:25.709571Z","level":"info","event":"Cosmos performance (verdanta_weekly__dbt_weekly) - [64888d51901b|112]: It took 0.146s to parse the dbt project for DAG using LoadMode.DBT_LS_CACHE","logger":"cosmos.converter","filename":"converter.py","lineno":371}
{"timestamp":"2026-08-31T18:36:25.733106Z","level":"info","event":"Cosmos performance (verdanta_weekly__dbt_weekly) - [64888d51901b|112]: It took 0.0235s to build the Airflow DAG.","logger":"cosmos.converter","filename":"converter.py","lineno":423}
{"timestamp":"2026-08-31T18:36:25.733297Z","level":"info","event":"::endgroup::Cosmos DAG parsing logs","logger":"cosmos.converter","filename":"converter.py","lineno":430}
{"timestamp":"2026-08-31T18:36:25.734102Z","level":"warning","event":"Using Variable.get from `airflow.models` is deprecated.Please use `get` on Variable from sdk(`airflow.sdk.Variable`) instead","category":"UserWarning","filename":"/home/airflow/.local/lib/python3.13/site-packages/airflow/models/variable.py","lineno":158,"logger":"py.warnings"}
{"timestamp":"2026-08-31T18:36:55.930210Z","level":"info","event":"Filling up the DagBag from /opt/airflow/dags/verdanta_weekly.py","logger":"airflow.dag_processing.dagbag.BundleDagBag","filename":"dagbag.py","lineno":469}
{"timestamp":"2026-08-31T18:36:56.010389Z","level":"info","event":"::group::Cosmos DAG parsing logs","logger":"cosmos.converter","filename":"converter.py","lineno":321}
{"timestamp":"2026-08-31T18:36:56.015416Z","level":"info","event":"Cosmos cache dir resolved to /tmp/cosmos/verdanta_weekly__dbt_weekly","logger":"cosmos.converter","filename":"converter.py","lineno":346}
{"timestamp":"2026-08-31T18:36:56.015683Z","level":"info","event":"Trying to parse the dbt project using dbt ls cache cosmos_cache__verdanta_weekly__dbt_weekly...","logger":"cosmos.dbt.graph","filename":"graph.py","lineno":869}
{"timestamp":"2026-08-31T18:36:56.163810Z","level":"info","event":"Cosmos performance: time to calculate cache identifier cosmos_cache__verdanta_weekly__dbt_weekly for current version: 0.1329700659998707","logger":"cosmos.cache","filename":"cache.py","lineno":401}
{"timestamp":"2026-08-31T18:36:56.164058Z","level":"info","event":"Cosmos performance [64888d51901b|147]: The cache size for cosmos_cache__verdanta_weekly__dbt_weekly is 23804","logger":"cosmos.dbt.graph","filename":"graph.py","lineno":886}
{"timestamp":"2026-08-31T18:36:56.165104Z","level":"info","event":"Cosmos performance: Cache hit for cosmos_cache__verdanta_weekly__dbt_weekly - 39a8c4b6e19a7b5e14cfea47af7dbd90,1ae01f5b93cde0ad1f6d9482f1b54abd","logger":"cosmos.dbt.graph","filename":"graph.py","lineno":898}
{"timestamp":"2026-08-31T18:36:56.165250Z","level":"info","event":"Total nodes: 27","logger":"cosmos.dbt.graph","filename":"graph.py","lineno":799}
{"timestamp":"2026-08-31T18:36:56.165315Z","level":"info","event":"Total filtered nodes: 27","logger":"cosmos.dbt.graph","filename":"graph.py","lineno":800}
{"timestamp":"2026-08-31T18:36:56.165413Z","level":"info","event":"Cosmos performance (verdanta_weekly__dbt_weekly) - [64888d51901b|147]: It took 0.15s to parse the dbt project for DAG using LoadMode.DBT_LS_CACHE","logger":"cosmos.converter","filename":"converter.py","lineno":371}
{"timestamp":"2026-08-31T18:36:56.198108Z","level":"info","event":"Cosmos performance (verdanta_weekly__dbt_weekly) - [64888d51901b|147]: It took 0.0326s to build the Airflow DAG.","logger":"cosmos.converter","filename":"converter.py","lineno":423}
{"timestamp":"2026-08-31T18:36:56.198284Z","level":"info","event":"::endgroup::Cosmos DAG parsing logs","logger":"cosmos.converter","filename":"converter.py","lineno":430}
{"timestamp":"2026-08-31T18:36:56.198777Z","level":"warning","event":"Using Variable.get from `airflow.models` is deprecated.Please use `get` on Variable from sdk(`airflow.sdk.Variable`) instead","category":"UserWarning","filename":"/home/airflow/.local/lib/python3.13/site-packages/airflow/models/variable.py","lineno":158,"logger":"py.warnings"}
{"timestamp":"2026-08-31T18:37:26.687695Z","level":"info","event":"Filling up the DagBag from /opt/airflow/dags/verdanta_weekly.py","logger":"airflow.dag_processing.dagbag.BundleDagBag","filename":"dagbag.py","lineno":469}
{"timestamp":"2026-08-31T18:37:26.761660Z","level":"info","event":"::group::Cosmos DAG parsing logs","logger":"cosmos.converter","filename":"converter.py","lineno":321}
{"timestamp":"2026-08-31T18:37:26.765705Z","level":"info","event":"Cosmos cache dir resolved to /tmp/cosmos/verdanta_weekly__dbt_weekly","logger":"cosmos.converter","filename":"converter.py","lineno":346}
{"timestamp":"2026-08-31T18:37:26.765976Z","level":"info","event":"Trying to parse the dbt project using dbt ls cache cosmos_cache__verdanta_weekly__dbt_weekly...","logger":"cosmos.dbt.graph","filename":"graph.py","lineno":869}
{"timestamp":"2026-08-31T18:37:26.903048Z","level":"info","event":"Cosmos performance: time to calculate cache identifier cosmos_cache__verdanta_weekly__dbt_weekly for current version: 0.12378495699977066","logger":"cosmos.cache","filename":"cache.py","lineno":401}
{"timestamp":"2026-08-31T18:37:26.903363Z","level":"info","event":"Cosmos performance [64888d51901b|162]: The cache size for cosmos_cache__verdanta_weekly__dbt_weekly is 23804","logger":"cosmos.dbt.graph","filename":"graph.py","lineno":886}
{"timestamp":"2026-08-31T18:37:26.904307Z","level":"info","event":"Cosmos performance: Cache hit for cosmos_cache__verdanta_weekly__dbt_weekly - 39a8c4b6e19a7b5e14cfea47af7dbd90,1ae01f5b93cde0ad1f6d9482f1b54abd","logger":"cosmos.dbt.graph","filename":"graph.py","lineno":898}
{"timestamp":"2026-08-31T18:37:26.904559Z","level":"info","event":"Total nodes: 27","logger":"cosmos.dbt.graph","filename":"graph.py","lineno":799}
{"timestamp":"2026-08-31T18:37:26.904666Z","level":"info","event":"Total filtered nodes: 27","logger":"cosmos.dbt.graph","filename":"graph.py","lineno":800}
{"timestamp":"2026-08-31T18:37:26.904747Z","level":"info","event":"Cosmos performance (verdanta_weekly__dbt_weekly) - [64888d51901b|162]: It took 0.139s to parse the dbt project for DAG using LoadMode.DBT_LS_CACHE","logger":"cosmos.converter","filename":"converter.py","lineno":371}
{"timestamp":"2026-08-31T18:37:26.932127Z","level":"info","event":"Cosmos performance (verdanta_weekly__dbt_weekly) - [64888d51901b|162]: It took 0.0273s to build the Airflow DAG.","logger":"cosmos.converter","filename":"converter.py","lineno":423}
{"timestamp":"2026-08-31T18:37:26.932295Z","level":"info","event":"::endgroup::Cosmos DAG parsing logs","logger":"cosmos.converter","filename":"converter.py","lineno":430}
{"timestamp":"2026-08-31T18:37:26.932884Z","level":"warning","event":"Using Variable.get from `airflow.models` is deprecated.Please use `get` on Variable from sdk(`airflow.sdk.Variable`) instead","category":"UserWarning","filename":"/home/airflow/.local/lib/python3.13/site-packages/airflow/models/variable.py","lineno":158,"logger":"py.warnings"}
{"timestamp":"2026-08-31T18:37:57.678453Z","level":"info","event":"Filling up the DagBag from /opt/airflow/dags/verdanta_weekly.py","logger":"airflow.dag_processing.dagbag.BundleDagBag","filename":"dagbag.py","lineno":469}
{"timestamp":"2026-08-31T18:37:57.743254Z","level":"info","event":"::group::Cosmos DAG parsing logs","logger":"cosmos.converter","filename":"converter.py","lineno":321}
{"timestamp":"2026-08-31T18:37:57.746689Z","level":"info","event":"Cosmos cache dir resolved to /tmp/cosmos/verdanta_weekly__dbt_weekly","logger":"cosmos.converter","filename":"converter.py","lineno":346}
{"timestamp":"2026-08-31T18:37:57.746929Z","level":"info","event":"Trying to parse the dbt project using dbt ls cache cosmos_cache__verdanta_weekly__dbt_weekly...","logger":"cosmos.dbt.graph","filename":"graph.py","lineno":869}
{"timestamp":"2026-08-31T18:37:57.886955Z","level":"info","event":"Cosmos performance: time to calculate cache identifier cosmos_cache__verdanta_weekly__dbt_weekly for current version: 0.12423167099996135","logger":"cosmos.cache","filename":"cache.py","lineno":401}
{"timestamp":"2026-08-31T18:37:57.887193Z","level":"info","event":"Cosmos performance [64888d51901b|198]: The cache size for cosmos_cache__verdanta_weekly__dbt_weekly is 23804","logger":"cosmos.dbt.graph","filename":"graph.py","lineno":886}
{"timestamp":"2026-08-31T18:37:57.888124Z","level":"info","event":"Cosmos performance: Cache hit for cosmos_cache__verdanta_weekly__dbt_weekly - 39a8c4b6e19a7b5e14cfea47af7dbd90,1ae01f5b93cde0ad1f6d9482f1b54abd","logger":"cosmos.dbt.graph","filename":"graph.py","lineno":898}
{"timestamp":"2026-08-31T18:37:57.888247Z","level":"info","event":"Total nodes: 27","logger":"cosmos.dbt.graph","filename":"graph.py","lineno":799}
{"timestamp":"2026-08-31T18:37:57.888308Z","level":"info","event":"Total filtered nodes: 27","logger":"cosmos.dbt.graph","filename":"graph.py","lineno":800}
{"timestamp":"2026-08-31T18:37:57.888372Z","level":"info","event":"Cosmos performance (verdanta_weekly__dbt_weekly) - [64888d51901b|198]: It took 0.142s to parse the dbt project for DAG using LoadMode.DBT_LS_CACHE","logger":"cosmos.converter","filename":"converter.py","lineno":371}
{"timestamp":"2026-08-31T18:37:57.910472Z","level":"info","event":"Cosmos performance (verdanta_weekly__dbt_weekly) - [64888d51901b|198]: It took 0.022s to build the Airflow DAG.","logger":"cosmos.converter","filename":"converter.py","lineno":423}
{"timestamp":"2026-08-31T18:37:57.910630Z","level":"info","event":"::endgroup::Cosmos DAG parsing logs","logger":"cosmos.converter","filename":"converter.py","lineno":430}
{"timestamp":"2026-08-31T18:37:57.911111Z","level":"warning","event":"Using Variable.get from `airflow.models` is deprecated.Please use `get` on Variable from sdk(`airflow.sdk.Variable`) instead","category":"UserWarning","filename":"/home/airflow/.local/lib/python3.13/site-packages/airflow/models/variable.py","lineno":158,"logger":"py.warnings"}
{"timestamp":"2026-08-31T18:38:28.226840Z","level":"info","event":"Filling up the DagBag from /opt/airflow/dags/verdanta_weekly.py","logger":"airflow.dag_processing.dagbag.BundleDagBag","filename":"dagbag.py","lineno":469}
{"timestamp":"2026-08-31T18:38:28.293045Z","level":"info","event":"::group::Cosmos DAG parsing logs","logger":"cosmos.converter","filename":"converter.py","lineno":321}
{"timestamp":"2026-08-31T18:38:28.296523Z","level":"info","event":"Cosmos cache dir resolved to /tmp/cosmos/verdanta_weekly__dbt_weekly","logger":"cosmos.converter","filename":"converter.py","lineno":346}
{"timestamp":"2026-08-31T18:38:28.296740Z","level":"info","event":"Trying to parse the dbt project using dbt ls cache cosmos_cache__verdanta_weekly__dbt_weekly...","logger":"cosmos.dbt.graph","filename":"graph.py","lineno":869}
{"timestamp":"2026-08-31T18:38:28.438068Z","level":"info","event":"Cosmos performance: time to calculate cache identifier cosmos_cache__verdanta_weekly__dbt_weekly for current version: 0.12539209699980347","logger":"cosmos.cache","filename":"cache.py","lineno":401}
{"timestamp":"2026-08-31T18:38:28.438314Z","level":"info","event":"Cosmos performance [64888d51901b|234]: The cache size for cosmos_cache__verdanta_weekly__dbt_weekly is 23804","logger":"cosmos.dbt.graph","filename":"graph.py","lineno":886}
{"timestamp":"2026-08-31T18:38:28.439141Z","level":"info","event":"Cosmos performance: Cache hit for cosmos_cache__verdanta_weekly__dbt_weekly - 39a8c4b6e19a7b5e14cfea47af7dbd90,1ae01f5b93cde0ad1f6d9482f1b54abd","logger":"cosmos.dbt.graph","filename":"graph.py","lineno":898}
{"timestamp":"2026-08-31T18:38:28.439257Z","level":"info","event":"Total nodes: 27","logger":"cosmos.dbt.graph","filename":"graph.py","lineno":799}
{"timestamp":"2026-08-31T18:38:28.439365Z","level":"info","event":"Total filtered nodes: 27","logger":"cosmos.dbt.graph","filename":"graph.py","lineno":800}
{"timestamp":"2026-08-31T18:38:28.439448Z","level":"info","event":"Cosmos performance (verdanta_weekly__dbt_weekly) - [64888d51901b|234]: It took 0.143s to parse the dbt project for DAG using LoadMode.DBT_LS_CACHE","logger":"cosmos.converter","filename":"converter.py","lineno":371}
{"timestamp":"2026-08-31T18:38:28.461665Z","level":"info","event":"Cosmos performance (verdanta_weekly__dbt_weekly) - [64888d51901b|234]: It took 0.0222s to build the Airflow DAG.","logger":"cosmos.converter","filename":"converter.py","lineno":423}
{"timestamp":"2026-08-31T18:38:28.461887Z","level":"info","event":"::endgroup::Cosmos DAG parsing logs","logger":"cosmos.converter","filename":"converter.py","lineno":430}
{"timestamp":"2026-08-31T18:38:28.462402Z","level":"warning","event":"Using Variable.get from `airflow.models` is deprecated.Please use `get` on Variable from sdk(`airflow.sdk.Variable`) instead","category":"UserWarning","filename":"/home/airflow/.local/lib/python3.13/site-packages/airflow/models/variable.py","lineno":158,"logger":"py.warnings"}
{"timestamp":"2026-08-31T18:38:58.607782Z","level":"info","event":"Filling up the DagBag from /opt/airflow/dags/verdanta_weekly.py","logger":"airflow.dag_processing.dagbag.BundleDagBag","filename":"dagbag.py","lineno":469}
{"timestamp":"2026-08-31T18:38:58.680150Z","level":"info","event":"::group::Cosmos DAG parsing logs","logger":"cosmos.converter","filename":"converter.py","lineno":321}
{"timestamp":"2026-08-31T18:38:58.683375Z","level":"info","event":"Cosmos cache dir resolved to /tmp/cosmos/verdanta_weekly__dbt_weekly","logger":"cosmos.converter","filename":"converter.py","lineno":346}
{"timestamp":"2026-08-31T18:38:58.683591Z","level":"info","event":"Trying to parse the dbt project using dbt ls cache cosmos_cache__verdanta_weekly__dbt_weekly...","logger":"cosmos.dbt.graph","filename":"graph.py","lineno":869}
{"timestamp":"2026-08-31T18:38:58.840710Z","level":"info","event":"Cosmos performance: time to calculate cache identifier cosmos_cache__verdanta_weekly__dbt_weekly for current version: 0.1390314360000957","logger":"cosmos.cache","filename":"cache.py","lineno":401}
{"timestamp":"2026-08-31T18:38:58.840995Z","level":"info","event":"Cosmos performance [64888d51901b|270]: The cache size for cosmos_cache__verdanta_weekly__dbt_weekly is 23804","logger":"cosmos.dbt.graph","filename":"graph.py","lineno":886}
{"timestamp":"2026-08-31T18:38:58.841837Z","level":"info","event":"Cosmos performance: Cache hit for cosmos_cache__verdanta_weekly__dbt_weekly - 39a8c4b6e19a7b5e14cfea47af7dbd90,1ae01f5b93cde0ad1f6d9482f1b54abd","logger":"cosmos.dbt.graph","filename":"graph.py","lineno":898}
{"timestamp":"2026-08-31T18:38:58.841959Z","level":"info","event":"Total nodes: 27","logger":"cosmos.dbt.graph","filename":"graph.py","lineno":799}
{"timestamp":"2026-08-31T18:38:58.842017Z","level":"info","event":"Total filtered nodes: 27","logger":"cosmos.dbt.graph","filename":"graph.py","lineno":800}
{"timestamp":"2026-08-31T18:38:58.842083Z","level":"info","event":"Cosmos performance (verdanta_weekly__dbt_weekly) - [64888d51901b|270]: It took 0.159s to parse the dbt project for DAG using LoadMode.DBT_LS_CACHE","logger":"cosmos.converter","filename":"converter.py","lineno":371}
{"timestamp":"2026-08-31T18:38:58.866346Z","level":"info","event":"Cosmos performance (verdanta_weekly__dbt_weekly) - [64888d51901b|270]: It took 0.0242s to build the Airflow DAG.","logger":"cosmos.converter","filename":"converter.py","lineno":423}
{"timestamp":"2026-08-31T18:38:58.866527Z","level":"info","event":"::endgroup::Cosmos DAG parsing logs","logger":"cosmos.converter","filename":"converter.py","lineno":430}
{"timestamp":"2026-08-31T18:38:58.867023Z","level":"warning","event":"Using Variable.get from `airflow.models` is deprecated.Please use `get` on Variable from sdk(`airflow.sdk.Variable`) instead","category":"UserWarning","filename":"/home/airflow/.local/lib/python3.13/site-packages/airflow/models/variable.py","lineno":158,"logger":"py.warnings"}
{"timestamp":"2026-08-31T18:39:29.486271Z","level":"info","event":"Filling up the DagBag from /opt/airflow/dags/verdanta_weekly.py","logger":"airflow.dag_processing.dagbag.BundleDagBag","filename":"dagbag.py","lineno":469}
{"timestamp":"2026-08-31T18:39:29.574104Z","level":"info","event":"::group::Cosmos DAG parsing logs","logger":"cosmos.converter","filename":"converter.py","lineno":321}
{"timestamp":"2026-08-31T18:39:29.578696Z","level":"info","event":"Cosmos cache dir resolved to /tmp/cosmos/verdanta_weekly__dbt_weekly","logger":"cosmos.converter","filename":"converter.py","lineno":346}
{"timestamp":"2026-08-31T18:39:29.578912Z","level":"info","event":"Trying to parse the dbt project using dbt ls cache cosmos_cache__verdanta_weekly__dbt_weekly...","logger":"cosmos.dbt.graph","filename":"graph.py","lineno":869}
{"timestamp":"2026-08-31T18:39:29.734557Z","level":"info","event":"Cosmos performance: time to calculate cache identifier cosmos_cache__verdanta_weekly__dbt_weekly for current version: 0.13910180400034733","logger":"cosmos.cache","filename":"cache.py","lineno":401}
{"timestamp":"2026-08-31T18:39:29.734786Z","level":"info","event":"Cosmos performance [64888d51901b|305]: The cache size for cosmos_cache__verdanta_weekly__dbt_weekly is 23804","logger":"cosmos.dbt.graph","filename":"graph.py","lineno":886}
{"timestamp":"2026-08-31T18:39:29.735672Z","level":"info","event":"Cosmos performance: Cache hit for cosmos_cache__verdanta_weekly__dbt_weekly - 39a8c4b6e19a7b5e14cfea47af7dbd90,1ae01f5b93cde0ad1f6d9482f1b54abd","logger":"cosmos.dbt.graph","filename":"graph.py","lineno":898}
{"timestamp":"2026-08-31T18:39:29.735811Z","level":"info","event":"Total nodes: 27","logger":"cosmos.dbt.graph","filename":"graph.py","lineno":799}
{"timestamp":"2026-08-31T18:39:29.735949Z","level":"info","event":"Total filtered nodes: 27","logger":"cosmos.dbt.graph","filename":"graph.py","lineno":800}
{"timestamp":"2026-08-31T18:39:29.736030Z","level":"info","event":"Cosmos performance (verdanta_weekly__dbt_weekly) - [64888d51901b|305]: It took 0.157s to parse the dbt project for DAG using LoadMode.DBT_LS_CACHE","logger":"cosmos.converter","filename":"converter.py","lineno":371}
{"timestamp":"2026-08-31T18:39:29.760621Z","level":"info","event":"Cosmos performance (verdanta_weekly__dbt_weekly) - [64888d51901b|305]: It took 0.0245s to build the Airflow DAG.","logger":"cosmos.converter","filename":"converter.py","lineno":423}
{"timestamp":"2026-08-31T18:39:29.760789Z","level":"info","event":"::endgroup::Cosmos DAG parsing logs","logger":"cosmos.converter","filename":"converter.py","lineno":430}
{"timestamp":"2026-08-31T18:39:29.761231Z","level":"warning","event":"Using Variable.get from `airflow.models` is deprecated.Please use `get` on Variable from sdk(`airflow.sdk.Variable`) instead","category":"UserWarning","filename":"/home/airflow/.local/lib/python3.13/site-packages/airflow/models/variable.py","lineno":158,"logger":"py.warnings"}
{"timestamp":"2026-08-31T18:40:00.438483Z","level":"info","event":"Filling up the DagBag from /opt/airflow/dags/verdanta_weekly.py","logger":"airflow.dag_processing.dagbag.BundleDagBag","filename":"dagbag.py","lineno":469}
{"timestamp":"2026-08-31T18:40:00.506896Z","level":"info","event":"::group::Cosmos DAG parsing logs","logger":"cosmos.converter","filename":"converter.py","lineno":321}
{"timestamp":"2026-08-31T18:40:00.510410Z","level":"info","event":"Cosmos cache dir resolved to /tmp/cosmos/verdanta_weekly__dbt_weekly","logger":"cosmos.converter","filename":"converter.py","lineno":346}
{"timestamp":"2026-08-31T18:40:00.510600Z","level":"info","event":"Trying to parse the dbt project using dbt ls cache cosmos_cache__verdanta_weekly__dbt_weekly...","logger":"cosmos.dbt.graph","filename":"graph.py","lineno":869}
{"timestamp":"2026-08-31T18:40:00.661500Z","level":"info","event":"Cosmos performance: time to calculate cache identifier cosmos_cache__verdanta_weekly__dbt_weekly for current version: 0.13344201700010672","logger":"cosmos.cache","filename":"cache.py","lineno":401}
{"timestamp":"2026-08-31T18:40:00.661739Z","level":"info","event":"Cosmos performance [64888d51901b|320]: The cache size for cosmos_cache__verdanta_weekly__dbt_weekly is 23804","logger":"cosmos.dbt.graph","filename":"graph.py","lineno":886}
{"timestamp":"2026-08-31T18:40:00.663341Z","level":"info","event":"Cosmos performance: Cache hit for cosmos_cache__verdanta_weekly__dbt_weekly - 39a8c4b6e19a7b5e14cfea47af7dbd90,1ae01f5b93cde0ad1f6d9482f1b54abd","logger":"cosmos.dbt.graph","filename":"graph.py","lineno":898}
{"timestamp":"2026-08-31T18:40:00.663478Z","level":"info","event":"Total nodes: 27","logger":"cosmos.dbt.graph","filename":"graph.py","lineno":799}
{"timestamp":"2026-08-31T18:40:00.663540Z","level":"info","event":"Total filtered nodes: 27","logger":"cosmos.dbt.graph","filename":"graph.py","lineno":800}
{"timestamp":"2026-08-31T18:40:00.663616Z","level":"info","event":"Cosmos performance (verdanta_weekly__dbt_weekly) - [64888d51901b|320]: It took 0.153s to parse the dbt project for DAG using LoadMode.DBT_LS_CACHE","logger":"cosmos.converter","filename":"converter.py","lineno":371}
{"timestamp":"2026-08-31T18:40:00.687662Z","level":"info","event":"Cosmos performance (verdanta_weekly__dbt_weekly) - [64888d51901b|320]: It took 0.024s to build the Airflow DAG.","logger":"cosmos.converter","filename":"converter.py","lineno":423}
{"timestamp":"2026-08-31T18:40:00.687875Z","level":"info","event":"::endgroup::Cosmos DAG parsing logs","logger":"cosmos.converter","filename":"converter.py","lineno":430}
{"timestamp":"2026-08-31T18:40:00.688425Z","level":"warning","event":"Using Variable.get from `airflow.models` is deprecated.Please use `get` on Variable from sdk(`airflow.sdk.Variable`) instead","category":"UserWarning","filename":"/home/airflow/.local/lib/python3.13/site-packages/airflow/models/variable.py","lineno":158,"logger":"py.warnings"}
{"timestamp":"2026-08-31T18:40:30.825177Z","level":"info","event":"Filling up the DagBag from /opt/airflow/dags/verdanta_weekly.py","logger":"airflow.dag_processing.dagbag.BundleDagBag","filename":"dagbag.py","lineno":469}
{"timestamp":"2026-08-31T18:40:30.895554Z","level":"info","event":"::group::Cosmos DAG parsing logs","logger":"cosmos.converter","filename":"converter.py","lineno":321}
{"timestamp":"2026-08-31T18:40:30.899138Z","level":"info","event":"Cosmos cache dir resolved to /tmp/cosmos/verdanta_weekly__dbt_weekly","logger":"cosmos.converter","filename":"converter.py","lineno":346}
{"timestamp":"2026-08-31T18:40:30.899408Z","level":"info","event":"Trying to parse the dbt project using dbt ls cache cosmos_cache__verdanta_weekly__dbt_weekly...","logger":"cosmos.dbt.graph","filename":"graph.py","lineno":869}
{"timestamp":"2026-08-31T18:40:31.050499Z","level":"info","event":"Cosmos performance: time to calculate cache identifier cosmos_cache__verdanta_weekly__dbt_weekly for current version: 0.13376171699974293","logger":"cosmos.cache","filename":"cache.py","lineno":401}
{"timestamp":"2026-08-31T18:40:31.050717Z","level":"info","event":"Cosmos performance [64888d51901b|356]: The cache size for cosmos_cache__verdanta_weekly__dbt_weekly is 23804","logger":"cosmos.dbt.graph","filename":"graph.py","lineno":886}
{"timestamp":"2026-08-31T18:40:31.052275Z","level":"info","event":"Cosmos performance: Cache hit for cosmos_cache__verdanta_weekly__dbt_weekly - 39a8c4b6e19a7b5e14cfea47af7dbd90,1ae01f5b93cde0ad1f6d9482f1b54abd","logger":"cosmos.dbt.graph","filename":"graph.py","lineno":898}
{"timestamp":"2026-08-31T18:40:31.052422Z","level":"info","event":"Total nodes: 27","logger":"cosmos.dbt.graph","filename":"graph.py","lineno":799}
{"timestamp":"2026-08-31T18:40:31.052583Z","level":"info","event":"Total filtered nodes: 27","logger":"cosmos.dbt.graph","filename":"graph.py","lineno":800}
{"timestamp":"2026-08-31T18:40:31.052661Z","level":"info","event":"Cosmos performance (verdanta_weekly__dbt_weekly) - [64888d51901b|356]: It took 0.153s to parse the dbt project for DAG using LoadMode.DBT_LS_CACHE","logger":"cosmos.converter","filename":"converter.py","lineno":371}
{"timestamp":"2026-08-31T18:40:31.075875Z","level":"info","event":"Cosmos performance (verdanta_weekly__dbt_weekly) - [64888d51901b|356]: It took 0.0232s to build the Airflow DAG.","logger":"cosmos.converter","filename":"converter.py","lineno":423}
{"timestamp":"2026-08-31T18:40:31.076041Z","level":"info","event":"::endgroup::Cosmos DAG parsing logs","logger":"cosmos.converter","filename":"converter.py","lineno":430}
{"timestamp":"2026-08-31T18:40:31.076514Z","level":"warning","event":"Using Variable.get from `airflow.models` is deprecated.Please use `get` on Variable from sdk(`airflow.sdk.Variable`) instead","category":"UserWarning","filename":"/home/airflow/.local/lib/python3.13/site-packages/airflow/models/variable.py","lineno":158,"logger":"py.warnings"}
{"timestamp":"2026-08-31T18:41:01.435375Z","level":"info","event":"Filling up the DagBag from /opt/airflow/dags/verdanta_weekly.py","logger":"airflow.dag_processing.dagbag.BundleDagBag","filename":"dagbag.py","lineno":469}
{"timestamp":"2026-08-31T18:41:01.503386Z","level":"info","event":"::group::Cosmos DAG parsing logs","logger":"cosmos.converter","filename":"converter.py","lineno":321}
{"timestamp":"2026-08-31T18:41:01.507733Z","level":"info","event":"Cosmos cache dir resolved to /tmp/cosmos/verdanta_weekly__dbt_weekly","logger":"cosmos.converter","filename":"converter.py","lineno":346}
{"timestamp":"2026-08-31T18:41:01.507986Z","level":"info","event":"Trying to parse the dbt project using dbt ls cache cosmos_cache__verdanta_weekly__dbt_weekly...","logger":"cosmos.dbt.graph","filename":"graph.py","lineno":869}
{"timestamp":"2026-08-31T18:41:01.664289Z","level":"info","event":"Cosmos performance: time to calculate cache identifier cosmos_cache__verdanta_weekly__dbt_weekly for current version: 0.13144387299962546","logger":"cosmos.cache","filename":"cache.py","lineno":401}
{"timestamp":"2026-08-31T18:41:01.664544Z","level":"info","event":"Cosmos performance [64888d51901b|392]: The cache size for cosmos_cache__verdanta_weekly__dbt_weekly is 23804","logger":"cosmos.dbt.graph","filename":"graph.py","lineno":886}
{"timestamp":"2026-08-31T18:41:01.665423Z","level":"info","event":"Cosmos performance: Cache hit for cosmos_cache__verdanta_weekly__dbt_weekly - 39a8c4b6e19a7b5e14cfea47af7dbd90,1ae01f5b93cde0ad1f6d9482f1b54abd","logger":"cosmos.dbt.graph","filename":"graph.py","lineno":898}
{"timestamp":"2026-08-31T18:41:01.665575Z","level":"info","event":"Total nodes: 27","logger":"cosmos.dbt.graph","filename":"graph.py","lineno":799}
{"timestamp":"2026-08-31T18:41:01.665649Z","level":"info","event":"Total filtered nodes: 27","logger":"cosmos.dbt.graph","filename":"graph.py","lineno":800}
{"timestamp":"2026-08-31T18:41:01.665719Z","level":"info","event":"Cosmos performance (verdanta_weekly__dbt_weekly) - [64888d51901b|392]: It took 0.158s to parse the dbt project for DAG using LoadMode.DBT_LS_CACHE","logger":"cosmos.converter","filename":"converter.py","lineno":371}
{"timestamp":"2026-08-31T18:41:01.688916Z","level":"info","event":"Cosmos performance (verdanta_weekly__dbt_weekly) - [64888d51901b|392]: It took 0.0231s to build the Airflow DAG.","logger":"cosmos.converter","filename":"converter.py","lineno":423}
{"timestamp":"2026-08-31T18:41:01.689135Z","level":"info","event":"::endgroup::Cosmos DAG parsing logs","logger":"cosmos.converter","filename":"converter.py","lineno":430}
{"timestamp":"2026-08-31T18:41:01.689679Z","level":"warning","event":"Using Variable.get from `airflow.models` is deprecated.Please use `get` on Variable from sdk(`airflow.sdk.Variable`) instead","category":"UserWarning","filename":"/home/airflow/.local/lib/python3.13/site-packages/airflow/models/variable.py","lineno":158,"logger":"py.warnings"}
{"timestamp":"2026-08-31T18:41:31.920649Z","level":"info","event":"Filling up the DagBag from /opt/airflow/dags/verdanta_weekly.py","logger":"airflow.dag_processing.dagbag.BundleDagBag","filename":"dagbag.py","lineno":469}
{"timestamp":"2026-08-31T18:41:32.001406Z","level":"info","event":"::group::Cosmos DAG parsing logs","logger":"cosmos.converter","filename":"converter.py","lineno":321}
{"timestamp":"2026-08-31T18:41:32.005955Z","level":"info","event":"Cosmos cache dir resolved to /tmp/cosmos/verdanta_weekly__dbt_weekly","logger":"cosmos.converter","filename":"converter.py","lineno":346}
{"timestamp":"2026-08-31T18:41:32.006176Z","level":"info","event":"Trying to parse the dbt project using dbt ls cache cosmos_cache__verdanta_weekly__dbt_weekly...","logger":"cosmos.dbt.graph","filename":"graph.py","lineno":869}
{"timestamp":"2026-08-31T18:41:32.154342Z","level":"info","event":"Cosmos performance: time to calculate cache identifier cosmos_cache__verdanta_weekly__dbt_weekly for current version: 0.13263699400022233","logger":"cosmos.cache","filename":"cache.py","lineno":401}
{"timestamp":"2026-08-31T18:41:32.154576Z","level":"info","event":"Cosmos performance [64888d51901b|428]: The cache size for cosmos_cache__verdanta_weekly__dbt_weekly is 23804","logger":"cosmos.dbt.graph","filename":"graph.py","lineno":886}
{"timestamp":"2026-08-31T18:41:32.155550Z","level":"info","event":"Cosmos performance: Cache hit for cosmos_cache__verdanta_weekly__dbt_weekly - 39a8c4b6e19a7b5e14cfea47af7dbd90,1ae01f5b93cde0ad1f6d9482f1b54abd","logger":"cosmos.dbt.graph","filename":"graph.py","lineno":898}
{"timestamp":"2026-08-31T18:41:32.155668Z","level":"info","event":"Total nodes: 27","logger":"cosmos.dbt.graph","filename":"graph.py","lineno":799}
{"timestamp":"2026-08-31T18:41:32.155763Z","level":"info","event":"Total filtered nodes: 27","logger":"cosmos.dbt.graph","filename":"graph.py","lineno":800}
{"timestamp":"2026-08-31T18:41:32.155845Z","level":"info","event":"Cosmos performance (verdanta_weekly__dbt_weekly) - [64888d51901b|428]: It took 0.15s to parse the dbt project for DAG using LoadMode.DBT_LS_CACHE","logger":"cosmos.converter","filename":"converter.py","lineno":371}
{"timestamp":"2026-08-31T18:41:32.179481Z","level":"info","event":"Cosmos performance (verdanta_weekly__dbt_weekly) - [64888d51901b|428]: It took 0.0236s to build the Airflow DAG.","logger":"cosmos.converter","filename":"converter.py","lineno":423}
{"timestamp":"2026-08-31T18:41:32.179701Z","level":"info","event":"::endgroup::Cosmos DAG parsing logs","logger":"cosmos.converter","filename":"converter.py","lineno":430}
{"timestamp":"2026-08-31T18:41:32.180168Z","level":"warning","event":"Using Variable.get from `airflow.models` is deprecated.Please use `get` on Variable from sdk(`airflow.sdk.Variable`) instead","category":"UserWarning","filename":"/home/airflow/.local/lib/python3.13/site-packages/airflow/models/variable.py","lineno":158,"logger":"py.warnings"}
{"timestamp":"2026-08-31T18:42:02.818770Z","level":"info","event":"Filling up the DagBag from /opt/airflow/dags/verdanta_weekly.py","logger":"airflow.dag_processing.dagbag.BundleDagBag","filename":"dagbag.py","lineno":469}
{"timestamp":"2026-08-31T18:42:02.887337Z","level":"info","event":"::group::Cosmos DAG parsing logs","logger":"cosmos.converter","filename":"converter.py","lineno":321}
{"timestamp":"2026-08-31T18:42:02.890937Z","level":"info","event":"Cosmos cache dir resolved to /tmp/cosmos/verdanta_weekly__dbt_weekly","logger":"cosmos.converter","filename":"converter.py","lineno":346}
{"timestamp":"2026-08-31T18:42:02.891171Z","level":"info","event":"Trying to parse the dbt project using dbt ls cache cosmos_cache__verdanta_weekly__dbt_weekly...","logger":"cosmos.dbt.graph","filename":"graph.py","lineno":869}
{"timestamp":"2026-08-31T18:42:03.041340Z","level":"info","event":"Cosmos performance: time to calculate cache identifier cosmos_cache__verdanta_weekly__dbt_weekly for current version: 0.1318098709998594","logger":"cosmos.cache","filename":"cache.py","lineno":401}
{"timestamp":"2026-08-31T18:42:03.041587Z","level":"info","event":"Cosmos performance [64888d51901b|463]: The cache size for cosmos_cache__verdanta_weekly__dbt_weekly is 23804","logger":"cosmos.dbt.graph","filename":"graph.py","lineno":886}
{"timestamp":"2026-08-31T18:42:03.042442Z","level":"info","event":"Cosmos performance: Cache hit for cosmos_cache__verdanta_weekly__dbt_weekly - 39a8c4b6e19a7b5e14cfea47af7dbd90,1ae01f5b93cde0ad1f6d9482f1b54abd","logger":"cosmos.dbt.graph","filename":"graph.py","lineno":898}
{"timestamp":"2026-08-31T18:42:03.042563Z","level":"info","event":"Total nodes: 27","logger":"cosmos.dbt.graph","filename":"graph.py","lineno":799}
{"timestamp":"2026-08-31T18:42:03.042620Z","level":"info","event":"Total filtered nodes: 27","logger":"cosmos.dbt.graph","filename":"graph.py","lineno":800}
{"timestamp":"2026-08-31T18:42:03.042693Z","level":"info","event":"Cosmos performance (verdanta_weekly__dbt_weekly) - [64888d51901b|463]: It took 0.152s to parse the dbt project for DAG using LoadMode.DBT_LS_CACHE","logger":"cosmos.converter","filename":"converter.py","lineno":371}
{"timestamp":"2026-08-31T18:42:03.068366Z","level":"info","event":"Cosmos performance (verdanta_weekly__dbt_weekly) - [64888d51901b|463]: It took 0.0256s to build the Airflow DAG.","logger":"cosmos.converter","filename":"converter.py","lineno":423}
{"timestamp":"2026-08-31T18:42:03.068529Z","level":"info","event":"::endgroup::Cosmos DAG parsing logs","logger":"cosmos.converter","filename":"converter.py","lineno":430}
{"timestamp":"2026-08-31T18:42:03.068964Z","level":"warning","event":"Using Variable.get from `airflow.models` is deprecated.Please use `get` on Variable from sdk(`airflow.sdk.Variable`) instead","category":"UserWarning","filename":"/home/airflow/.local/lib/python3.13/site-packages/airflow/models/variable.py","lineno":158,"logger":"py.warnings"}
{"timestamp":"2026-08-31T18:42:33.706730Z","level":"info","event":"Filling up the DagBag from /opt/airflow/dags/verdanta_weekly.py","logger":"airflow.dag_processing.dagbag.BundleDagBag","filename":"dagbag.py","lineno":469}
{"timestamp":"2026-08-31T18:42:33.794052Z","level":"info","event":"::group::Cosmos DAG parsing logs","logger":"cosmos.converter","filename":"converter.py","lineno":321}
{"timestamp":"2026-08-31T18:42:33.798358Z","level":"info","event":"Cosmos cache dir resolved to /tmp/cosmos/verdanta_weekly__dbt_weekly","logger":"cosmos.converter","filename":"converter.py","lineno":346}
{"timestamp":"2026-08-31T18:42:33.798641Z","level":"info","event":"Trying to parse the dbt project using dbt ls cache cosmos_cache__verdanta_weekly__dbt_weekly...","logger":"cosmos.dbt.graph","filename":"graph.py","lineno":869}
{"timestamp":"2026-08-31T18:42:33.963520Z","level":"info","event":"Cosmos performance: time to calculate cache identifier cosmos_cache__verdanta_weekly__dbt_weekly for current version: 0.14399966200016934","logger":"cosmos.cache","filename":"cache.py","lineno":401}
{"timestamp":"2026-08-31T18:42:33.963755Z","level":"info","event":"Cosmos performance [64888d51901b|478]: The cache size for cosmos_cache__verdanta_weekly__dbt_weekly is 23804","logger":"cosmos.dbt.graph","filename":"graph.py","lineno":886}
{"timestamp":"2026-08-31T18:42:33.965444Z","level":"info","event":"Cosmos performance: Cache hit for cosmos_cache__verdanta_weekly__dbt_weekly - 39a8c4b6e19a7b5e14cfea47af7dbd90,1ae01f5b93cde0ad1f6d9482f1b54abd","logger":"cosmos.dbt.graph","filename":"graph.py","lineno":898}
{"timestamp":"2026-08-31T18:42:33.965640Z","level":"info","event":"Total nodes: 27","logger":"cosmos.dbt.graph","filename":"graph.py","lineno":799}
{"timestamp":"2026-08-31T18:42:33.965713Z","level":"info","event":"Total filtered nodes: 27","logger":"cosmos.dbt.graph","filename":"graph.py","lineno":800}
{"timestamp":"2026-08-31T18:42:33.965781Z","level":"info","event":"Cosmos performance (verdanta_weekly__dbt_weekly) - [64888d51901b|478]: It took 0.167s to parse the dbt project for DAG using LoadMode.DBT_LS_CACHE","logger":"cosmos.converter","filename":"converter.py","lineno":371}
{"timestamp":"2026-08-31T18:42:33.992277Z","level":"info","event":"Cosmos performance (verdanta_weekly__dbt_weekly) - [64888d51901b|478]: It took 0.0264s to build the Airflow DAG.","logger":"cosmos.converter","filename":"converter.py","lineno":423}
{"timestamp":"2026-08-31T18:42:33.992517Z","level":"info","event":"::endgroup::Cosmos DAG parsing logs","logger":"cosmos.converter","filename":"converter.py","lineno":430}
{"timestamp":"2026-08-31T18:42:33.993162Z","level":"warning","event":"Using Variable.get from `airflow.models` is deprecated.Please use `get` on Variable from sdk(`airflow.sdk.Variable`) instead","category":"UserWarning","filename":"/home/airflow/.local/lib/python3.13/site-packages/airflow/models/variable.py","lineno":158,"logger":"py.warnings"}
{"timestamp":"2026-08-31T18:43:04.371107Z","level":"info","event":"Filling up the DagBag from /opt/airflow/dags/verdanta_weekly.py","logger":"airflow.dag_processing.dagbag.BundleDagBag","filename":"dagbag.py","lineno":469}
{"timestamp":"2026-08-31T18:43:04.453526Z","level":"info","event":"::group::Cosmos DAG parsing logs","logger":"cosmos.converter","filename":"converter.py","lineno":321}
{"timestamp":"2026-08-31T18:43:04.457328Z","level":"info","event":"Cosmos cache dir resolved to /tmp/cosmos/verdanta_weekly__dbt_weekly","logger":"cosmos.converter","filename":"converter.py","lineno":346}
{"timestamp":"2026-08-31T18:43:04.457618Z","level":"info","event":"Trying to parse the dbt project using dbt ls cache cosmos_cache__verdanta_weekly__dbt_weekly...","logger":"cosmos.dbt.graph","filename":"graph.py","lineno":869}
{"timestamp":"2026-08-31T18:43:04.608360Z","level":"info","event":"Cosmos performance: time to calculate cache identifier cosmos_cache__verdanta_weekly__dbt_weekly for current version: 0.13403852900000857","logger":"cosmos.cache","filename":"cache.py","lineno":401}
{"timestamp":"2026-08-31T18:43:04.608590Z","level":"info","event":"Cosmos performance [64888d51901b|506]: The cache size for cosmos_cache__verdanta_weekly__dbt_weekly is 23804","logger":"cosmos.dbt.graph","filename":"graph.py","lineno":886}
{"timestamp":"2026-08-31T18:43:04.609489Z","level":"info","event":"Cosmos performance: Cache hit for cosmos_cache__verdanta_weekly__dbt_weekly - 39a8c4b6e19a7b5e14cfea47af7dbd90,1ae01f5b93cde0ad1f6d9482f1b54abd","logger":"cosmos.dbt.graph","filename":"graph.py","lineno":898}
{"timestamp":"2026-08-31T18:43:04.609629Z","level":"info","event":"Total nodes: 27","logger":"cosmos.dbt.graph","filename":"graph.py","lineno":799}
{"timestamp":"2026-08-31T18:43:04.609690Z","level":"info","event":"Total filtered nodes: 27","logger":"cosmos.dbt.graph","filename":"graph.py","lineno":800}
{"timestamp":"2026-08-31T18:43:04.609758Z","level":"info","event":"Cosmos performance (verdanta_weekly__dbt_weekly) - [64888d51901b|506]: It took 0.152s to parse the dbt project for DAG using LoadMode.DBT_LS_CACHE","logger":"cosmos.converter","filename":"converter.py","lineno":371}
{"timestamp":"2026-08-31T18:43:04.637253Z","level":"info","event":"Cosmos performance (verdanta_weekly__dbt_weekly) - [64888d51901b|506]: It took 0.0274s to build the Airflow DAG.","logger":"cosmos.converter","filename":"converter.py","lineno":423}
{"timestamp":"2026-08-31T18:43:04.637502Z","level":"info","event":"::endgroup::Cosmos DAG parsing logs","logger":"cosmos.converter","filename":"converter.py","lineno":430}
{"timestamp":"2026-08-31T18:43:04.638282Z","level":"warning","event":"Using Variable.get from `airflow.models` is deprecated.Please use `get` on Variable from sdk(`airflow.sdk.Variable`) instead","category":"UserWarning","filename":"/home/airflow/.local/lib/python3.13/site-packages/airflow/models/variable.py","lineno":158,"logger":"py.warnings"}
{"timestamp":"2026-08-31T18:43:35.193241Z","level":"info","event":"Filling up the DagBag from /opt/airflow/dags/verdanta_weekly.py","logger":"airflow.dag_processing.dagbag.BundleDagBag","filename":"dagbag.py","lineno":469}
{"timestamp":"2026-08-31T18:43:35.259511Z","level":"info","event":"::group::Cosmos DAG parsing logs","logger":"cosmos.converter","filename":"converter.py","lineno":321}
{"timestamp":"2026-08-31T18:43:35.262942Z","level":"info","event":"Cosmos cache dir resolved to /tmp/cosmos/verdanta_weekly__dbt_weekly","logger":"cosmos.converter","filename":"converter.py","lineno":346}
{"timestamp":"2026-08-31T18:43:35.263156Z","level":"info","event":"Trying to parse the dbt project using dbt ls cache cosmos_cache__verdanta_weekly__dbt_weekly...","logger":"cosmos.dbt.graph","filename":"graph.py","lineno":869}
{"timestamp":"2026-08-31T18:43:35.416184Z","level":"info","event":"Cosmos performance: time to calculate cache identifier cosmos_cache__verdanta_weekly__dbt_weekly for current version: 0.13600188700002036","logger":"cosmos.cache","filename":"cache.py","lineno":401}
{"timestamp":"2026-08-31T18:43:35.416539Z","level":"info","event":"Cosmos performance [64888d51901b|542]: The cache size for cosmos_cache__verdanta_weekly__dbt_weekly is 23804","logger":"cosmos.dbt.graph","filename":"graph.py","lineno":886}
{"timestamp":"2026-08-31T18:43:35.417687Z","level":"info","event":"Cosmos performance: Cache hit for cosmos_cache__verdanta_weekly__dbt_weekly - 39a8c4b6e19a7b5e14cfea47af7dbd90,1ae01f5b93cde0ad1f6d9482f1b54abd","logger":"cosmos.dbt.graph","filename":"graph.py","lineno":898}
{"timestamp":"2026-08-31T18:43:35.417840Z","level":"info","event":"Total nodes: 27","logger":"cosmos.dbt.graph","filename":"graph.py","lineno":799}
{"timestamp":"2026-08-31T18:43:35.417904Z","level":"info","event":"Total filtered nodes: 27","logger":"cosmos.dbt.graph","filename":"graph.py","lineno":800}
{"timestamp":"2026-08-31T18:43:35.417979Z","level":"info","event":"Cosmos performance (verdanta_weekly__dbt_weekly) - [64888d51901b|542]: It took 0.155s to parse the dbt project for DAG using LoadMode.DBT_LS_CACHE","logger":"cosmos.converter","filename":"converter.py","lineno":371}
{"timestamp":"2026-08-31T18:43:35.443047Z","level":"info","event":"Cosmos performance (verdanta_weekly__dbt_weekly) - [64888d51901b|542]: It took 0.025s to build the Airflow DAG.","logger":"cosmos.converter","filename":"converter.py","lineno":423}
{"timestamp":"2026-08-31T18:43:35.443213Z","level":"info","event":"::endgroup::Cosmos DAG parsing logs","logger":"cosmos.converter","filename":"converter.py","lineno":430}
{"timestamp":"2026-08-31T18:43:35.443723Z","level":"warning","event":"Using Variable.get from `airflow.models` is deprecated.Please use `get` on Variable from sdk(`airflow.sdk.Variable`) instead","category":"UserWarning","filename":"/home/airflow/.local/lib/python3.13/site-packages/airflow/models/variable.py","lineno":158,"logger":"py.warnings"}
{"timestamp":"2026-08-31T18:44:05.640462Z","level":"info","event":"Filling up the DagBag from /opt/airflow/dags/verdanta_weekly.py","logger":"airflow.dag_processing.dagbag.BundleDagBag","filename":"dagbag.py","lineno":469}
{"timestamp":"2026-08-31T18:44:05.709860Z","level":"info","event":"::group::Cosmos DAG parsing logs","logger":"cosmos.converter","filename":"converter.py","lineno":321}
{"timestamp":"2026-08-31T18:44:05.712958Z","level":"info","event":"Cosmos cache dir resolved to /tmp/cosmos/verdanta_weekly__dbt_weekly","logger":"cosmos.converter","filename":"converter.py","lineno":346}
{"timestamp":"2026-08-31T18:44:05.713198Z","level":"info","event":"Trying to parse the dbt project using dbt ls cache cosmos_cache__verdanta_weekly__dbt_weekly...","logger":"cosmos.dbt.graph","filename":"graph.py","lineno":869}
{"timestamp":"2026-08-31T18:44:05.854816Z","level":"info","event":"Cosmos performance: time to calculate cache identifier cosmos_cache__verdanta_weekly__dbt_weekly for current version: 0.1276526679998824","logger":"cosmos.cache","filename":"cache.py","lineno":401}
{"timestamp":"2026-08-31T18:44:05.855066Z","level":"info","event":"Cosmos performance [64888d51901b|578]: The cache size for cosmos_cache__verdanta_weekly__dbt_weekly is 23804","logger":"cosmos.dbt.graph","filename":"graph.py","lineno":886}
{"timestamp":"2026-08-31T18:44:05.855946Z","level":"info","event":"Cosmos performance: Cache hit for cosmos_cache__verdanta_weekly__dbt_weekly - 39a8c4b6e19a7b5e14cfea47af7dbd90,1ae01f5b93cde0ad1f6d9482f1b54abd","logger":"cosmos.dbt.graph","filename":"graph.py","lineno":898}
{"timestamp":"2026-08-31T18:44:05.856074Z","level":"info","event":"Total nodes: 27","logger":"cosmos.dbt.graph","filename":"graph.py","lineno":799}
{"timestamp":"2026-08-31T18:44:05.856135Z","level":"info","event":"Total filtered nodes: 27","logger":"cosmos.dbt.graph","filename":"graph.py","lineno":800}
{"timestamp":"2026-08-31T18:44:05.856202Z","level":"info","event":"Cosmos performance (verdanta_weekly__dbt_weekly) - [64888d51901b|578]: It took 0.143s to parse the dbt project for DAG using LoadMode.DBT_LS_CACHE","logger":"cosmos.converter","filename":"converter.py","lineno":371}
{"timestamp":"2026-08-31T18:44:05.878631Z","level":"info","event":"Cosmos performance (verdanta_weekly__dbt_weekly) - [64888d51901b|578]: It took 0.0224s to build the Airflow DAG.","logger":"cosmos.converter","filename":"converter.py","lineno":423}
{"timestamp":"2026-08-31T18:44:05.878802Z","level":"info","event":"::endgroup::Cosmos DAG parsing logs","logger":"cosmos.converter","filename":"converter.py","lineno":430}
{"timestamp":"2026-08-31T18:44:05.879264Z","level":"warning","event":"Using Variable.get from `airflow.models` is deprecated.Please use `get` on Variable from sdk(`airflow.sdk.Variable`) instead","category":"UserWarning","filename":"/home/airflow/.local/lib/python3.13/site-packages/airflow/models/variable.py","lineno":158,"logger":"py.warnings"}
{"timestamp":"2026-08-31T18:44:36.026539Z","level":"info","event":"Filling up the DagBag from /opt/airflow/dags/verdanta_weekly.py","logger":"airflow.dag_processing.dagbag.BundleDagBag","filename":"dagbag.py","lineno":469}
{"timestamp":"2026-08-31T18:44:36.106602Z","level":"info","event":"::group::Cosmos DAG parsing logs","logger":"cosmos.converter","filename":"converter.py","lineno":321}
{"timestamp":"2026-08-31T18:44:36.110594Z","level":"info","event":"Cosmos cache dir resolved to /tmp/cosmos/verdanta_weekly__dbt_weekly","logger":"cosmos.converter","filename":"converter.py","lineno":346}
{"timestamp":"2026-08-31T18:44:36.110849Z","level":"info","event":"Trying to parse the dbt project using dbt ls cache cosmos_cache__verdanta_weekly__dbt_weekly...","logger":"cosmos.dbt.graph","filename":"graph.py","lineno":869}
{"timestamp":"2026-08-31T18:44:36.252880Z","level":"info","event":"Cosmos performance: time to calculate cache identifier cosmos_cache__verdanta_weekly__dbt_weekly for current version: 0.1270560050002132","logger":"cosmos.cache","filename":"cache.py","lineno":401}
{"timestamp":"2026-08-31T18:44:36.253107Z","level":"info","event":"Cosmos performance [64888d51901b|613]: The cache size for cosmos_cache__verdanta_weekly__dbt_weekly is 23804","logger":"cosmos.dbt.graph","filename":"graph.py","lineno":886}
{"timestamp":"2026-08-31T18:44:36.254069Z","level":"info","event":"Cosmos performance: Cache hit for cosmos_cache__verdanta_weekly__dbt_weekly - 39a8c4b6e19a7b5e14cfea47af7dbd90,1ae01f5b93cde0ad1f6d9482f1b54abd","logger":"cosmos.dbt.graph","filename":"graph.py","lineno":898}
{"timestamp":"2026-08-31T18:44:36.254204Z","level":"info","event":"Total nodes: 27","logger":"cosmos.dbt.graph","filename":"graph.py","lineno":799}
{"timestamp":"2026-08-31T18:44:36.254267Z","level":"info","event":"Total filtered nodes: 27","logger":"cosmos.dbt.graph","filename":"graph.py","lineno":800}
{"timestamp":"2026-08-31T18:44:36.254333Z","level":"info","event":"Cosmos performance (verdanta_weekly__dbt_weekly) - [64888d51901b|613]: It took 0.144s to parse the dbt project for DAG using LoadMode.DBT_LS_CACHE","logger":"cosmos.converter","filename":"converter.py","lineno":371}
{"timestamp":"2026-08-31T18:44:36.278284Z","level":"info","event":"Cosmos performance (verdanta_weekly__dbt_weekly) - [64888d51901b|613]: It took 0.0239s to build the Airflow DAG.","logger":"cosmos.converter","filename":"converter.py","lineno":423}
{"timestamp":"2026-08-31T18:44:36.278449Z","level":"info","event":"::endgroup::Cosmos DAG parsing logs","logger":"cosmos.converter","filename":"converter.py","lineno":430}
{"timestamp":"2026-08-31T18:44:36.278946Z","level":"warning","event":"Using Variable.get from `airflow.models` is deprecated.Please use `get` on Variable from sdk(`airflow.sdk.Variable`) instead","category":"UserWarning","filename":"/home/airflow/.local/lib/python3.13/site-packages/airflow/models/variable.py","lineno":158,"logger":"py.warnings"}
{"timestamp":"2026-08-31T18:45:06.747052Z","level":"info","event":"Filling up the DagBag from /opt/airflow/dags/verdanta_weekly.py","logger":"airflow.dag_processing.dagbag.BundleDagBag","filename":"dagbag.py","lineno":469}
{"timestamp":"2026-08-31T18:45:06.814676Z","level":"info","event":"::group::Cosmos DAG parsing logs","logger":"cosmos.converter","filename":"converter.py","lineno":321}
{"timestamp":"2026-08-31T18:45:06.818182Z","level":"info","event":"Cosmos cache dir resolved to /tmp/cosmos/verdanta_weekly__dbt_weekly","logger":"cosmos.converter","filename":"converter.py","lineno":346}
{"timestamp":"2026-08-31T18:45:06.818450Z","level":"info","event":"Trying to parse the dbt project using dbt ls cache cosmos_cache__verdanta_weekly__dbt_weekly...","logger":"cosmos.dbt.graph","filename":"graph.py","lineno":869}
{"timestamp":"2026-08-31T18:45:06.963208Z","level":"info","event":"Cosmos performance: time to calculate cache identifier cosmos_cache__verdanta_weekly__dbt_weekly for current version: 0.12896496399980606","logger":"cosmos.cache","filename":"cache.py","lineno":401}
{"timestamp":"2026-08-31T18:45:06.963447Z","level":"info","event":"Cosmos performance [64888d51901b|628]: The cache size for cosmos_cache__verdanta_weekly__dbt_weekly is 23804","logger":"cosmos.dbt.graph","filename":"graph.py","lineno":886}
{"timestamp":"2026-08-31T18:45:06.964272Z","level":"info","event":"Cosmos performance: Cache hit for cosmos_cache__verdanta_weekly__dbt_weekly - 39a8c4b6e19a7b5e14cfea47af7dbd90,1ae01f5b93cde0ad1f6d9482f1b54abd","logger":"cosmos.dbt.graph","filename":"graph.py","lineno":898}
{"timestamp":"2026-08-31T18:45:06.964398Z","level":"info","event":"Total nodes: 27","logger":"cosmos.dbt.graph","filename":"graph.py","lineno":799}
{"timestamp":"2026-08-31T18:45:06.964467Z","level":"info","event":"Total filtered nodes: 27","logger":"cosmos.dbt.graph","filename":"graph.py","lineno":800}
{"timestamp":"2026-08-31T18:45:06.964542Z","level":"info","event":"Cosmos performance (verdanta_weekly__dbt_weekly) - [64888d51901b|628]: It took 0.146s to parse the dbt project for DAG using LoadMode.DBT_LS_CACHE","logger":"cosmos.converter","filename":"converter.py","lineno":371}
{"timestamp":"2026-08-31T18:45:06.988189Z","level":"info","event":"Cosmos performance (verdanta_weekly__dbt_weekly) - [64888d51901b|628]: It took 0.0236s to build the Airflow DAG.","logger":"cosmos.converter","filename":"converter.py","lineno":423}
{"timestamp":"2026-08-31T18:45:06.988374Z","level":"info","event":"::endgroup::Cosmos DAG parsing logs","logger":"cosmos.converter","filename":"converter.py","lineno":430}
{"timestamp":"2026-08-31T18:45:06.988820Z","level":"warning","event":"Using Variable.get from `airflow.models` is deprecated.Please use `get` on Variable from sdk(`airflow.sdk.Variable`) instead","category":"UserWarning","filename":"/home/airflow/.local/lib/python3.13/site-packages/airflow/models/variable.py","lineno":158,"logger":"py.warnings"}
{"timestamp":"2026-08-31T18:45:37.820659Z","level":"info","event":"Filling up the DagBag from /opt/airflow/dags/verdanta_weekly.py","logger":"airflow.dag_processing.dagbag.BundleDagBag","filename":"dagbag.py","lineno":469}
{"timestamp":"2026-08-31T18:45:37.890935Z","level":"info","event":"::group::Cosmos DAG parsing logs","logger":"cosmos.converter","filename":"converter.py","lineno":321}
{"timestamp":"2026-08-31T18:45:37.894360Z","level":"info","event":"Cosmos cache dir resolved to /tmp/cosmos/verdanta_weekly__dbt_weekly","logger":"cosmos.converter","filename":"converter.py","lineno":346}
{"timestamp":"2026-08-31T18:45:37.894568Z","level":"info","event":"Trying to parse the dbt project using dbt ls cache cosmos_cache__verdanta_weekly__dbt_weekly...","logger":"cosmos.dbt.graph","filename":"graph.py","lineno":869}
{"timestamp":"2026-08-31T18:45:38.043911Z","level":"info","event":"Cosmos performance: time to calculate cache identifier cosmos_cache__verdanta_weekly__dbt_weekly for current version: 0.13214861599999495","logger":"cosmos.cache","filename":"cache.py","lineno":401}
{"timestamp":"2026-08-31T18:45:38.044138Z","level":"info","event":"Cosmos performance [64888d51901b|664]: The cache size for cosmos_cache__verdanta_weekly__dbt_weekly is 23804","logger":"cosmos.dbt.graph","filename":"graph.py","lineno":886}
{"timestamp":"2026-08-31T18:45:38.044916Z","level":"info","event":"Cosmos performance: Cache hit for cosmos_cache__verdanta_weekly__dbt_weekly - 39a8c4b6e19a7b5e14cfea47af7dbd90,1ae01f5b93cde0ad1f6d9482f1b54abd","logger":"cosmos.dbt.graph","filename":"graph.py","lineno":898}
{"timestamp":"2026-08-31T18:45:38.045040Z","level":"info","event":"Total nodes: 27","logger":"cosmos.dbt.graph","filename":"graph.py","lineno":799}
{"timestamp":"2026-08-31T18:45:38.045099Z","level":"info","event":"Total filtered nodes: 27","logger":"cosmos.dbt.graph","filename":"graph.py","lineno":800}
{"timestamp":"2026-08-31T18:45:38.045162Z","level":"info","event":"Cosmos performance (verdanta_weekly__dbt_weekly) - [64888d51901b|664]: It took 0.151s to parse the dbt project for DAG using LoadMode.DBT_LS_CACHE","logger":"cosmos.converter","filename":"converter.py","lineno":371}
{"timestamp":"2026-08-31T18:45:38.068745Z","level":"info","event":"Cosmos performance (verdanta_weekly__dbt_weekly) - [64888d51901b|664]: It took 0.0235s to build the Airflow DAG.","logger":"cosmos.converter","filename":"converter.py","lineno":423}
{"timestamp":"2026-08-31T18:45:38.068921Z","level":"info","event":"::endgroup::Cosmos DAG parsing logs","logger":"cosmos.converter","filename":"converter.py","lineno":430}
{"timestamp":"2026-08-31T18:45:38.069459Z","level":"warning","event":"Using Variable.get from `airflow.models` is deprecated.Please use `get` on Variable from sdk(`airflow.sdk.Variable`) instead","category":"UserWarning","filename":"/home/airflow/.local/lib/python3.13/site-packages/airflow/models/variable.py","lineno":158,"logger":"py.warnings"}
{"timestamp":"2026-08-31T18:46:08.988978Z","level":"info","event":"Filling up the DagBag from /opt/airflow/dags/verdanta_weekly.py","logger":"airflow.dag_processing.dagbag.BundleDagBag","filename":"dagbag.py","lineno":469}
{"timestamp":"2026-08-31T18:46:09.056055Z","level":"info","event":"::group::Cosmos DAG parsing logs","logger":"cosmos.converter","filename":"converter.py","lineno":321}
{"timestamp":"2026-08-31T18:46:09.059122Z","level":"info","event":"Cosmos cache dir resolved to /tmp/cosmos/verdanta_weekly__dbt_weekly","logger":"cosmos.converter","filename":"converter.py","lineno":346}
{"timestamp":"2026-08-31T18:46:09.059305Z","level":"info","event":"Trying to parse the dbt project using dbt ls cache cosmos_cache__verdanta_weekly__dbt_weekly...","logger":"cosmos.dbt.graph","filename":"graph.py","lineno":869}
{"timestamp":"2026-08-31T18:46:09.200602Z","level":"info","event":"Cosmos performance: time to calculate cache identifier cosmos_cache__verdanta_weekly__dbt_weekly for current version: 0.12627175099987653","logger":"cosmos.cache","filename":"cache.py","lineno":401}
{"timestamp":"2026-08-31T18:46:09.200866Z","level":"info","event":"Cosmos performance [64888d51901b|700]: The cache size for cosmos_cache__verdanta_weekly__dbt_weekly is 23804","logger":"cosmos.dbt.graph","filename":"graph.py","lineno":886}
{"timestamp":"2026-08-31T18:46:09.201909Z","level":"info","event":"Cosmos performance: Cache hit for cosmos_cache__verdanta_weekly__dbt_weekly - 39a8c4b6e19a7b5e14cfea47af7dbd90,1ae01f5b93cde0ad1f6d9482f1b54abd","logger":"cosmos.dbt.graph","filename":"graph.py","lineno":898}
{"timestamp":"2026-08-31T18:46:09.202065Z","level":"info","event":"Total nodes: 27","logger":"cosmos.dbt.graph","filename":"graph.py","lineno":799}
{"timestamp":"2026-08-31T18:46:09.202156Z","level":"info","event":"Total filtered nodes: 27","logger":"cosmos.dbt.graph","filename":"graph.py","lineno":800}
{"timestamp":"2026-08-31T18:46:09.202228Z","level":"info","event":"Cosmos performance (verdanta_weekly__dbt_weekly) - [64888d51901b|700]: It took 0.143s to parse the dbt project for DAG using LoadMode.DBT_LS_CACHE","logger":"cosmos.converter","filename":"converter.py","lineno":371}
{"timestamp":"2026-08-31T18:46:09.224536Z","level":"info","event":"Cosmos performance (verdanta_weekly__dbt_weekly) - [64888d51901b|700]: It took 0.0223s to build the Airflow DAG.","logger":"cosmos.converter","filename":"converter.py","lineno":423}
{"timestamp":"2026-08-31T18:46:09.224705Z","level":"info","event":"::endgroup::Cosmos DAG parsing logs","logger":"cosmos.converter","filename":"converter.py","lineno":430}
{"timestamp":"2026-08-31T18:46:09.225156Z","level":"warning","event":"Using Variable.get from `airflow.models` is deprecated.Please use `get` on Variable from sdk(`airflow.sdk.Variable`) instead","category":"UserWarning","filename":"/home/airflow/.local/lib/python3.13/site-packages/airflow/models/variable.py","lineno":158,"logger":"py.warnings"}
{"timestamp":"2026-08-31T18:46:39.405755Z","level":"info","event":"Filling up the DagBag from /opt/airflow/dags/verdanta_weekly.py","logger":"airflow.dag_processing.dagbag.BundleDagBag","filename":"dagbag.py","lineno":469}
{"timestamp":"2026-08-31T18:46:39.480322Z","level":"info","event":"::group::Cosmos DAG parsing logs","logger":"cosmos.converter","filename":"converter.py","lineno":321}
{"timestamp":"2026-08-31T18:46:39.484872Z","level":"info","event":"Cosmos cache dir resolved to /tmp/cosmos/verdanta_weekly__dbt_weekly","logger":"cosmos.converter","filename":"converter.py","lineno":346}
{"timestamp":"2026-08-31T18:46:39.485142Z","level":"info","event":"Trying to parse the dbt project using dbt ls cache cosmos_cache__verdanta_weekly__dbt_weekly...","logger":"cosmos.dbt.graph","filename":"graph.py","lineno":869}
{"timestamp":"2026-08-31T18:46:39.629183Z","level":"info","event":"Cosmos performance: time to calculate cache identifier cosmos_cache__verdanta_weekly__dbt_weekly for current version: 0.12967762000016592","logger":"cosmos.cache","filename":"cache.py","lineno":401}
{"timestamp":"2026-08-31T18:46:39.629465Z","level":"info","event":"Cosmos performance [64888d51901b|737]: The cache size for cosmos_cache__verdanta_weekly__dbt_weekly is 23804","logger":"cosmos.dbt.graph","filename":"graph.py","lineno":886}
{"timestamp":"2026-08-31T18:46:39.630640Z","level":"info","event":"Cosmos performance: Cache hit for cosmos_cache__verdanta_weekly__dbt_weekly - 39a8c4b6e19a7b5e14cfea47af7dbd90,1ae01f5b93cde0ad1f6d9482f1b54abd","logger":"cosmos.dbt.graph","filename":"graph.py","lineno":898}
{"timestamp":"2026-08-31T18:46:39.630785Z","level":"info","event":"Total nodes: 27","logger":"cosmos.dbt.graph","filename":"graph.py","lineno":799}
{"timestamp":"2026-08-31T18:46:39.630847Z","level":"info","event":"Total filtered nodes: 27","logger":"cosmos.dbt.graph","filename":"graph.py","lineno":800}
{"timestamp":"2026-08-31T18:46:39.630911Z","level":"info","event":"Cosmos performance (verdanta_weekly__dbt_weekly) - [64888d51901b|737]: It took 0.146s to parse the dbt project for DAG using LoadMode.DBT_LS_CACHE","logger":"cosmos.converter","filename":"converter.py","lineno":371}
{"timestamp":"2026-08-31T18:46:39.654413Z","level":"info","event":"Cosmos performance (verdanta_weekly__dbt_weekly) - [64888d51901b|737]: It took 0.0234s to build the Airflow DAG.","logger":"cosmos.converter","filename":"converter.py","lineno":423}
{"timestamp":"2026-08-31T18:46:39.654574Z","level":"info","event":"::endgroup::Cosmos DAG parsing logs","logger":"cosmos.converter","filename":"converter.py","lineno":430}
{"timestamp":"2026-08-31T18:46:39.655068Z","level":"warning","event":"Using Variable.get from `airflow.models` is deprecated.Please use `get` on Variable from sdk(`airflow.sdk.Variable`) instead","category":"UserWarning","filename":"/home/airflow/.local/lib/python3.13/site-packages/airflow/models/variable.py","lineno":158,"logger":"py.warnings"}
{"timestamp":"2026-08-31T18:47:09.840065Z","level":"info","event":"Filling up the DagBag from /opt/airflow/dags/verdanta_weekly.py","logger":"airflow.dag_processing.dagbag.BundleDagBag","filename":"dagbag.py","lineno":469}
{"timestamp":"2026-08-31T18:47:09.915339Z","level":"info","event":"::group::Cosmos DAG parsing logs","logger":"cosmos.converter","filename":"converter.py","lineno":321}
{"timestamp":"2026-08-31T18:47:09.919410Z","level":"info","event":"Cosmos cache dir resolved to /tmp/cosmos/verdanta_weekly__dbt_weekly","logger":"cosmos.converter","filename":"converter.py","lineno":346}
{"timestamp":"2026-08-31T18:47:09.919615Z","level":"info","event":"Trying to parse the dbt project using dbt ls cache cosmos_cache__verdanta_weekly__dbt_weekly...","logger":"cosmos.dbt.graph","filename":"graph.py","lineno":869}
{"timestamp":"2026-08-31T18:47:10.063530Z","level":"info","event":"Cosmos performance: time to calculate cache identifier cosmos_cache__verdanta_weekly__dbt_weekly for current version: 0.12319946700017681","logger":"cosmos.cache","filename":"cache.py","lineno":401}
{"timestamp":"2026-08-31T18:47:10.063742Z","level":"info","event":"Cosmos performance [64888d51901b|772]: The cache size for cosmos_cache__verdanta_weekly__dbt_weekly is 23804","logger":"cosmos.dbt.graph","filename":"graph.py","lineno":886}
{"timestamp":"2026-08-31T18:47:10.064891Z","level":"info","event":"Cosmos performance: Cache hit for cosmos_cache__verdanta_weekly__dbt_weekly - 39a8c4b6e19a7b5e14cfea47af7dbd90,1ae01f5b93cde0ad1f6d9482f1b54abd","logger":"cosmos.dbt.graph","filename":"graph.py","lineno":898}
{"timestamp":"2026-08-31T18:47:10.065037Z","level":"info","event":"Total nodes: 27","logger":"cosmos.dbt.graph","filename":"graph.py","lineno":799}
{"timestamp":"2026-08-31T18:47:10.065098Z","level":"info","event":"Total filtered nodes: 27","logger":"cosmos.dbt.graph","filename":"graph.py","lineno":800}
{"timestamp":"2026-08-31T18:47:10.065163Z","level":"info","event":"Cosmos performance (verdanta_weekly__dbt_weekly) - [64888d51901b|772]: It took 0.146s to parse the dbt project for DAG using LoadMode.DBT_LS_CACHE","logger":"cosmos.converter","filename":"converter.py","lineno":371}
{"timestamp":"2026-08-31T18:47:10.087274Z","level":"info","event":"Cosmos performance (verdanta_weekly__dbt_weekly) - [64888d51901b|772]: It took 0.0221s to build the Airflow DAG.","logger":"cosmos.converter","filename":"converter.py","lineno":423}
{"timestamp":"2026-08-31T18:47:10.087423Z","level":"info","event":"::endgroup::Cosmos DAG parsing logs","logger":"cosmos.converter","filename":"converter.py","lineno":430}
{"timestamp":"2026-08-31T18:47:10.087923Z","level":"warning","event":"Using Variable.get from `airflow.models` is deprecated.Please use `get` on Variable from sdk(`airflow.sdk.Variable`) instead","category":"UserWarning","filename":"/home/airflow/.local/lib/python3.13/site-packages/airflow/models/variable.py","lineno":158,"logger":"py.warnings"}
{"timestamp":"2026-08-31T18:47:40.578392Z","level":"info","event":"Filling up the DagBag from /opt/airflow/dags/verdanta_weekly.py","logger":"airflow.dag_processing.dagbag.BundleDagBag","filename":"dagbag.py","lineno":469}
{"timestamp":"2026-08-31T18:47:40.644345Z","level":"info","event":"::group::Cosmos DAG parsing logs","logger":"cosmos.converter","filename":"converter.py","lineno":321}
{"timestamp":"2026-08-31T18:47:40.647542Z","level":"info","event":"Cosmos cache dir resolved to /tmp/cosmos/verdanta_weekly__dbt_weekly","logger":"cosmos.converter","filename":"converter.py","lineno":346}
{"timestamp":"2026-08-31T18:47:40.647726Z","level":"info","event":"Trying to parse the dbt project using dbt ls cache cosmos_cache__verdanta_weekly__dbt_weekly...","logger":"cosmos.dbt.graph","filename":"graph.py","lineno":869}
{"timestamp":"2026-08-31T18:47:40.787040Z","level":"info","event":"Cosmos performance: time to calculate cache identifier cosmos_cache__verdanta_weekly__dbt_weekly for current version: 0.12384048300009454","logger":"cosmos.cache","filename":"cache.py","lineno":401}
{"timestamp":"2026-08-31T18:47:40.787269Z","level":"info","event":"Cosmos performance [64888d51901b|787]: The cache size for cosmos_cache__verdanta_weekly__dbt_weekly is 23804","logger":"cosmos.dbt.graph","filename":"graph.py","lineno":886}
{"timestamp":"2026-08-31T18:47:40.788138Z","level":"info","event":"Cosmos performance: Cache hit for cosmos_cache__verdanta_weekly__dbt_weekly - 39a8c4b6e19a7b5e14cfea47af7dbd90,1ae01f5b93cde0ad1f6d9482f1b54abd","logger":"cosmos.dbt.graph","filename":"graph.py","lineno":898}
{"timestamp":"2026-08-31T18:47:40.788267Z","level":"info","event":"Total nodes: 27","logger":"cosmos.dbt.graph","filename":"graph.py","lineno":799}
{"timestamp":"2026-08-31T18:47:40.788348Z","level":"info","event":"Total filtered nodes: 27","logger":"cosmos.dbt.graph","filename":"graph.py","lineno":800}
{"timestamp":"2026-08-31T18:47:40.788429Z","level":"info","event":"Cosmos performance (verdanta_weekly__dbt_weekly) - [64888d51901b|787]: It took 0.141s to parse the dbt project for DAG using LoadMode.DBT_LS_CACHE","logger":"cosmos.converter","filename":"converter.py","lineno":371}
{"timestamp":"2026-08-31T18:47:40.983105Z","level":"info","event":"Cosmos performance (verdanta_weekly__dbt_weekly) - [64888d51901b|787]: It took 0.195s to build the Airflow DAG.","logger":"cosmos.converter","filename":"converter.py","lineno":423}
{"timestamp":"2026-08-31T18:47:40.983273Z","level":"info","event":"::endgroup::Cosmos DAG parsing logs","logger":"cosmos.converter","filename":"converter.py","lineno":430}
{"timestamp":"2026-08-31T18:47:40.983848Z","level":"warning","event":"Using Variable.get from `airflow.models` is deprecated.Please use `get` on Variable from sdk(`airflow.sdk.Variable`) instead","category":"UserWarning","filename":"/home/airflow/.local/lib/python3.13/site-packages/airflow/models/variable.py","lineno":158,"logger":"py.warnings"}
{"timestamp":"2026-08-31T18:48:11.408971Z","level":"info","event":"Filling up the DagBag from /opt/airflow/dags/verdanta_weekly.py","logger":"airflow.dag_processing.dagbag.BundleDagBag","filename":"dagbag.py","lineno":469}
{"timestamp":"2026-08-31T18:48:11.479457Z","level":"info","event":"::group::Cosmos DAG parsing logs","logger":"cosmos.converter","filename":"converter.py","lineno":321}
{"timestamp":"2026-08-31T18:48:11.482955Z","level":"info","event":"Cosmos cache dir resolved to /tmp/cosmos/verdanta_weekly__dbt_weekly","logger":"cosmos.converter","filename":"converter.py","lineno":346}
{"timestamp":"2026-08-31T18:48:11.483171Z","level":"info","event":"Trying to parse the dbt project using dbt ls cache cosmos_cache__verdanta_weekly__dbt_weekly...","logger":"cosmos.dbt.graph","filename":"graph.py","lineno":869}
{"timestamp":"2026-08-31T18:48:11.643420Z","level":"info","event":"Cosmos performance: time to calculate cache identifier cosmos_cache__verdanta_weekly__dbt_weekly for current version: 0.1419386319998921","logger":"cosmos.cache","filename":"cache.py","lineno":401}
{"timestamp":"2026-08-31T18:48:11.643664Z","level":"info","event":"Cosmos performance [64888d51901b|823]: The cache size for cosmos_cache__verdanta_weekly__dbt_weekly is 23804","logger":"cosmos.dbt.graph","filename":"graph.py","lineno":886}
{"timestamp":"2026-08-31T18:48:11.644645Z","level":"info","event":"Cosmos performance: Cache hit for cosmos_cache__verdanta_weekly__dbt_weekly - 39a8c4b6e19a7b5e14cfea47af7dbd90,1ae01f5b93cde0ad1f6d9482f1b54abd","logger":"cosmos.dbt.graph","filename":"graph.py","lineno":898}
{"timestamp":"2026-08-31T18:48:11.644781Z","level":"info","event":"Total nodes: 27","logger":"cosmos.dbt.graph","filename":"graph.py","lineno":799}
{"timestamp":"2026-08-31T18:48:11.644847Z","level":"info","event":"Total filtered nodes: 27","logger":"cosmos.dbt.graph","filename":"graph.py","lineno":800}
{"timestamp":"2026-08-31T18:48:11.644936Z","level":"info","event":"Cosmos performance (verdanta_weekly__dbt_weekly) - [64888d51901b|823]: It took 0.162s to parse the dbt project for DAG using LoadMode.DBT_LS_CACHE","logger":"cosmos.converter","filename":"converter.py","lineno":371}
{"timestamp":"2026-08-31T18:48:11.673389Z","level":"info","event":"Cosmos performance (verdanta_weekly__dbt_weekly) - [64888d51901b|823]: It took 0.0284s to build the Airflow DAG.","logger":"cosmos.converter","filename":"converter.py","lineno":423}
{"timestamp":"2026-08-31T18:48:11.673604Z","level":"info","event":"::endgroup::Cosmos DAG parsing logs","logger":"cosmos.converter","filename":"converter.py","lineno":430}
{"timestamp":"2026-08-31T18:48:11.674174Z","level":"warning","event":"Using Variable.get from `airflow.models` is deprecated.Please use `get` on Variable from sdk(`airflow.sdk.Variable`) instead","category":"UserWarning","filename":"/home/airflow/.local/lib/python3.13/site-packages/airflow/models/variable.py","lineno":158,"logger":"py.warnings"}
{"timestamp":"2026-08-31T18:48:42.419152Z","level":"info","event":"Filling up the DagBag from /opt/airflow/dags/verdanta_weekly.py","logger":"airflow.dag_processing.dagbag.BundleDagBag","filename":"dagbag.py","lineno":469}
{"timestamp":"2026-08-31T18:48:42.494890Z","level":"info","event":"::group::Cosmos DAG parsing logs","logger":"cosmos.converter","filename":"converter.py","lineno":321}
{"timestamp":"2026-08-31T18:48:42.498915Z","level":"info","event":"Cosmos cache dir resolved to /tmp/cosmos/verdanta_weekly__dbt_weekly","logger":"cosmos.converter","filename":"converter.py","lineno":346}
{"timestamp":"2026-08-31T18:48:42.499131Z","level":"info","event":"Trying to parse the dbt project using dbt ls cache cosmos_cache__verdanta_weekly__dbt_weekly...","logger":"cosmos.dbt.graph","filename":"graph.py","lineno":869}
{"timestamp":"2026-08-31T18:48:42.644819Z","level":"info","event":"Cosmos performance: time to calculate cache identifier cosmos_cache__verdanta_weekly__dbt_weekly for current version: 0.12995686400017803","logger":"cosmos.cache","filename":"cache.py","lineno":401}
{"timestamp":"2026-08-31T18:48:42.645079Z","level":"info","event":"Cosmos performance [64888d51901b|859]: The cache size for cosmos_cache__verdanta_weekly__dbt_weekly is 23804","logger":"cosmos.dbt.graph","filename":"graph.py","lineno":886}
{"timestamp":"2026-08-31T18:48:42.646021Z","level":"info","event":"Cosmos performance: Cache hit for cosmos_cache__verdanta_weekly__dbt_weekly - 39a8c4b6e19a7b5e14cfea47af7dbd90,1ae01f5b93cde0ad1f6d9482f1b54abd","logger":"cosmos.dbt.graph","filename":"graph.py","lineno":898}
{"timestamp":"2026-08-31T18:48:42.646135Z","level":"info","event":"Total nodes: 27","logger":"cosmos.dbt.graph","filename":"graph.py","lineno":799}
{"timestamp":"2026-08-31T18:48:42.646216Z","level":"info","event":"Total filtered nodes: 27","logger":"cosmos.dbt.graph","filename":"graph.py","lineno":800}
{"timestamp":"2026-08-31T18:48:42.646281Z","level":"info","event":"Cosmos performance (verdanta_weekly__dbt_weekly) - [64888d51901b|859]: It took 0.147s to parse the dbt project for DAG using LoadMode.DBT_LS_CACHE","logger":"cosmos.converter","filename":"converter.py","lineno":371}
{"timestamp":"2026-08-31T18:48:42.669731Z","level":"info","event":"Cosmos performance (verdanta_weekly__dbt_weekly) - [64888d51901b|859]: It took 0.0234s to build the Airflow DAG.","logger":"cosmos.converter","filename":"converter.py","lineno":423}
{"timestamp":"2026-08-31T18:48:42.669946Z","level":"info","event":"::endgroup::Cosmos DAG parsing logs","logger":"cosmos.converter","filename":"converter.py","lineno":430}
{"timestamp":"2026-08-31T18:48:42.670446Z","level":"warning","event":"Using Variable.get from `airflow.models` is deprecated.Please use `get` on Variable from sdk(`airflow.sdk.Variable`) instead","category":"UserWarning","filename":"/home/airflow/.local/lib/python3.13/site-packages/airflow/models/variable.py","lineno":158,"logger":"py.warnings"}
{"timestamp":"2026-08-31T18:49:12.797366Z","level":"info","event":"Filling up the DagBag from /opt/airflow/dags/verdanta_weekly.py","logger":"airflow.dag_processing.dagbag.BundleDagBag","filename":"dagbag.py","lineno":469}
{"timestamp":"2026-08-31T18:49:12.865714Z","level":"info","event":"::group::Cosmos DAG parsing logs","logger":"cosmos.converter","filename":"converter.py","lineno":321}
{"timestamp":"2026-08-31T18:49:12.869438Z","level":"info","event":"Cosmos cache dir resolved to /tmp/cosmos/verdanta_weekly__dbt_weekly","logger":"cosmos.converter","filename":"converter.py","lineno":346}
{"timestamp":"2026-08-31T18:49:12.869668Z","level":"info","event":"Trying to parse the dbt project using dbt ls cache cosmos_cache__verdanta_weekly__dbt_weekly...","logger":"cosmos.dbt.graph","filename":"graph.py","lineno":869}
{"timestamp":"2026-08-31T18:49:13.013011Z","level":"info","event":"Cosmos performance: time to calculate cache identifier cosmos_cache__verdanta_weekly__dbt_weekly for current version: 0.12780862499994328","logger":"cosmos.cache","filename":"cache.py","lineno":401}
{"timestamp":"2026-08-31T18:49:13.013226Z","level":"info","event":"Cosmos performance [64888d51901b|895]: The cache size for cosmos_cache__verdanta_weekly__dbt_weekly is 23804","logger":"cosmos.dbt.graph","filename":"graph.py","lineno":886}
{"timestamp":"2026-08-31T18:49:13.014055Z","level":"info","event":"Cosmos performance: Cache hit for cosmos_cache__verdanta_weekly__dbt_weekly - 39a8c4b6e19a7b5e14cfea47af7dbd90,1ae01f5b93cde0ad1f6d9482f1b54abd","logger":"cosmos.dbt.graph","filename":"graph.py","lineno":898}
{"timestamp":"2026-08-31T18:49:13.014172Z","level":"info","event":"Total nodes: 27","logger":"cosmos.dbt.graph","filename":"graph.py","lineno":799}
{"timestamp":"2026-08-31T18:49:13.014229Z","level":"info","event":"Total filtered nodes: 27","logger":"cosmos.dbt.graph","filename":"graph.py","lineno":800}
{"timestamp":"2026-08-31T18:49:13.014295Z","level":"info","event":"Cosmos performance (verdanta_weekly__dbt_weekly) - [64888d51901b|895]: It took 0.145s to parse the dbt project for DAG using LoadMode.DBT_LS_CACHE","logger":"cosmos.converter","filename":"converter.py","lineno":371}
{"timestamp":"2026-08-31T18:49:13.037094Z","level":"info","event":"Cosmos performance (verdanta_weekly__dbt_weekly) - [64888d51901b|895]: It took 0.0227s to build the Airflow DAG.","logger":"cosmos.converter","filename":"converter.py","lineno":423}
{"timestamp":"2026-08-31T18:49:13.037257Z","level":"info","event":"::endgroup::Cosmos DAG parsing logs","logger":"cosmos.converter","filename":"converter.py","lineno":430}
{"timestamp":"2026-08-31T18:49:13.037707Z","level":"warning","event":"Using Variable.get from `airflow.models` is deprecated.Please use `get` on Variable from sdk(`airflow.sdk.Variable`) instead","category":"UserWarning","filename":"/home/airflow/.local/lib/python3.13/site-packages/airflow/models/variable.py","lineno":158,"logger":"py.warnings"}
{"timestamp":"2026-08-31T18:49:43.307025Z","level":"info","event":"Filling up the DagBag from /opt/airflow/dags/verdanta_weekly.py","logger":"airflow.dag_processing.dagbag.BundleDagBag","filename":"dagbag.py","lineno":469}
{"timestamp":"2026-08-31T18:49:43.375242Z","level":"info","event":"::group::Cosmos DAG parsing logs","logger":"cosmos.converter","filename":"converter.py","lineno":321}
{"timestamp":"2026-08-31T18:49:43.378465Z","level":"info","event":"Cosmos cache dir resolved to /tmp/cosmos/verdanta_weekly__dbt_weekly","logger":"cosmos.converter","filename":"converter.py","lineno":346}
{"timestamp":"2026-08-31T18:49:43.378815Z","level":"info","event":"Trying to parse the dbt project using dbt ls cache cosmos_cache__verdanta_weekly__dbt_weekly...","logger":"cosmos.dbt.graph","filename":"graph.py","lineno":869}
{"timestamp":"2026-08-31T18:49:43.524612Z","level":"info","event":"Cosmos performance: time to calculate cache identifier cosmos_cache__verdanta_weekly__dbt_weekly for current version: 0.12963957100009793","logger":"cosmos.cache","filename":"cache.py","lineno":401}
{"timestamp":"2026-08-31T18:49:43.524833Z","level":"info","event":"Cosmos performance [64888d51901b|931]: The cache size for cosmos_cache__verdanta_weekly__dbt_weekly is 23804","logger":"cosmos.dbt.graph","filename":"graph.py","lineno":886}
{"timestamp":"2026-08-31T18:49:43.525759Z","level":"info","event":"Cosmos performance: Cache hit for cosmos_cache__verdanta_weekly__dbt_weekly - 39a8c4b6e19a7b5e14cfea47af7dbd90,1ae01f5b93cde0ad1f6d9482f1b54abd","logger":"cosmos.dbt.graph","filename":"graph.py","lineno":898}
{"timestamp":"2026-08-31T18:49:43.525890Z","level":"info","event":"Total nodes: 27","logger":"cosmos.dbt.graph","filename":"graph.py","lineno":799}
{"timestamp":"2026-08-31T18:49:43.525964Z","level":"info","event":"Total filtered nodes: 27","logger":"cosmos.dbt.graph","filename":"graph.py","lineno":800}
{"timestamp":"2026-08-31T18:49:43.526032Z","level":"info","event":"Cosmos performance (verdanta_weekly__dbt_weekly) - [64888d51901b|931]: It took 0.147s to parse the dbt project for DAG using LoadMode.DBT_LS_CACHE","logger":"cosmos.converter","filename":"converter.py","lineno":371}
{"timestamp":"2026-08-31T18:49:43.550190Z","level":"info","event":"Cosmos performance (verdanta_weekly__dbt_weekly) - [64888d51901b|931]: It took 0.0241s to build the Airflow DAG.","logger":"cosmos.converter","filename":"converter.py","lineno":423}
{"timestamp":"2026-08-31T18:49:43.550368Z","level":"info","event":"::endgroup::Cosmos DAG parsing logs","logger":"cosmos.converter","filename":"converter.py","lineno":430}
{"timestamp":"2026-08-31T18:49:43.550899Z","level":"warning","event":"Using Variable.get from `airflow.models` is deprecated.Please use `get` on Variable from sdk(`airflow.sdk.Variable`) instead","category":"UserWarning","filename":"/home/airflow/.local/lib/python3.13/site-packages/airflow/models/variable.py","lineno":158,"logger":"py.warnings"}
{"timestamp":"2026-08-31T18:50:13.759179Z","level":"info","event":"Filling up the DagBag from /opt/airflow/dags/verdanta_weekly.py","logger":"airflow.dag_processing.dagbag.BundleDagBag","filename":"dagbag.py","lineno":469}
{"timestamp":"2026-08-31T18:50:13.832064Z","level":"info","event":"::group::Cosmos DAG parsing logs","logger":"cosmos.converter","filename":"converter.py","lineno":321}
{"timestamp":"2026-08-31T18:50:13.835829Z","level":"info","event":"Cosmos cache dir resolved to /tmp/cosmos/verdanta_weekly__dbt_weekly","logger":"cosmos.converter","filename":"converter.py","lineno":346}
{"timestamp":"2026-08-31T18:50:13.836116Z","level":"info","event":"Trying to parse the dbt project using dbt ls cache cosmos_cache__verdanta_weekly__dbt_weekly...","logger":"cosmos.dbt.graph","filename":"graph.py","lineno":869}
{"timestamp":"2026-08-31T18:50:13.984882Z","level":"info","event":"Cosmos performance: time to calculate cache identifier cosmos_cache__verdanta_weekly__dbt_weekly for current version: 0.13154012999984843","logger":"cosmos.cache","filename":"cache.py","lineno":401}
{"timestamp":"2026-08-31T18:50:13.985087Z","level":"info","event":"Cosmos performance [64888d51901b|948]: The cache size for cosmos_cache__verdanta_weekly__dbt_weekly is 23804","logger":"cosmos.dbt.graph","filename":"graph.py","lineno":886}
{"timestamp":"2026-08-31T18:50:13.985932Z","level":"info","event":"Cosmos performance: Cache hit for cosmos_cache__verdanta_weekly__dbt_weekly - 39a8c4b6e19a7b5e14cfea47af7dbd90,1ae01f5b93cde0ad1f6d9482f1b54abd","logger":"cosmos.dbt.graph","filename":"graph.py","lineno":898}
{"timestamp":"2026-08-31T18:50:13.986042Z","level":"info","event":"Total nodes: 27","logger":"cosmos.dbt.graph","filename":"graph.py","lineno":799}
{"timestamp":"2026-08-31T18:50:13.986099Z","level":"info","event":"Total filtered nodes: 27","logger":"cosmos.dbt.graph","filename":"graph.py","lineno":800}
{"timestamp":"2026-08-31T18:50:13.986173Z","level":"info","event":"Cosmos performance (verdanta_weekly__dbt_weekly) - [64888d51901b|948]: It took 0.15s to parse the dbt project for DAG using LoadMode.DBT_LS_CACHE","logger":"cosmos.converter","filename":"converter.py","lineno":371}
{"timestamp":"2026-08-31T18:50:14.009648Z","level":"info","event":"Cosmos performance (verdanta_weekly__dbt_weekly) - [64888d51901b|948]: It took 0.0234s to build the Airflow DAG.","logger":"cosmos.converter","filename":"converter.py","lineno":423}
{"timestamp":"2026-08-31T18:50:14.009818Z","level":"info","event":"::endgroup::Cosmos DAG parsing logs","logger":"cosmos.converter","filename":"converter.py","lineno":430}
{"timestamp":"2026-08-31T18:50:14.010331Z","level":"warning","event":"Using Variable.get from `airflow.models` is deprecated.Please use `get` on Variable from sdk(`airflow.sdk.Variable`) instead","category":"UserWarning","filename":"/home/airflow/.local/lib/python3.13/site-packages/airflow/models/variable.py","lineno":158,"logger":"py.warnings"}
{"timestamp":"2026-08-31T18:50:44.441314Z","level":"info","event":"Filling up the DagBag from /opt/airflow/dags/verdanta_weekly.py","logger":"airflow.dag_processing.dagbag.BundleDagBag","filename":"dagbag.py","lineno":469}
{"timestamp":"2026-08-31T18:50:44.515331Z","level":"info","event":"::group::Cosmos DAG parsing logs","logger":"cosmos.converter","filename":"converter.py","lineno":321}
{"timestamp":"2026-08-31T18:50:44.519162Z","level":"info","event":"Cosmos cache dir resolved to /tmp/cosmos/verdanta_weekly__dbt_weekly","logger":"cosmos.converter","filename":"converter.py","lineno":346}
{"timestamp":"2026-08-31T18:50:44.519349Z","level":"info","event":"Trying to parse the dbt project using dbt ls cache cosmos_cache__verdanta_weekly__dbt_weekly...","logger":"cosmos.dbt.graph","filename":"graph.py","lineno":869}
{"timestamp":"2026-08-31T18:50:44.665838Z","level":"info","event":"Cosmos performance: time to calculate cache identifier cosmos_cache__verdanta_weekly__dbt_weekly for current version: 0.13090956999985792","logger":"cosmos.cache","filename":"cache.py","lineno":401}
{"timestamp":"2026-08-31T18:50:44.666055Z","level":"info","event":"Cosmos performance [64888d51901b|973]: The cache size for cosmos_cache__verdanta_weekly__dbt_weekly is 23804","logger":"cosmos.dbt.graph","filename":"graph.py","lineno":886}
{"timestamp":"2026-08-31T18:50:44.667479Z","level":"info","event":"Cosmos performance: Cache hit for cosmos_cache__verdanta_weekly__dbt_weekly - 39a8c4b6e19a7b5e14cfea47af7dbd90,1ae01f5b93cde0ad1f6d9482f1b54abd","logger":"cosmos.dbt.graph","filename":"graph.py","lineno":898}
{"timestamp":"2026-08-31T18:50:44.667593Z","level":"info","event":"Total nodes: 27","logger":"cosmos.dbt.graph","filename":"graph.py","lineno":799}
{"timestamp":"2026-08-31T18:50:44.667663Z","level":"info","event":"Total filtered nodes: 27","logger":"cosmos.dbt.graph","filename":"graph.py","lineno":800}
{"timestamp":"2026-08-31T18:50:44.667725Z","level":"info","event":"Cosmos performance (verdanta_weekly__dbt_weekly) - [64888d51901b|973]: It took 0.148s to parse the dbt project for DAG using LoadMode.DBT_LS_CACHE","logger":"cosmos.converter","filename":"converter.py","lineno":371}
{"timestamp":"2026-08-31T18:50:44.690564Z","level":"info","event":"Cosmos performance (verdanta_weekly__dbt_weekly) - [64888d51901b|973]: It took 0.0228s to build the Airflow DAG.","logger":"cosmos.converter","filename":"converter.py","lineno":423}
{"timestamp":"2026-08-31T18:50:44.690724Z","level":"info","event":"::endgroup::Cosmos DAG parsing logs","logger":"cosmos.converter","filename":"converter.py","lineno":430}
{"timestamp":"2026-08-31T18:50:44.691143Z","level":"warning","event":"Using Variable.get from `airflow.models` is deprecated.Please use `get` on Variable from sdk(`airflow.sdk.Variable`) instead","category":"UserWarning","filename":"/home/airflow/.local/lib/python3.13/site-packages/airflow/models/variable.py","lineno":158,"logger":"py.warnings"}
{"timestamp":"2026-08-31T18:51:15.170721Z","level":"info","event":"Filling up the DagBag from /opt/airflow/dags/verdanta_weekly.py","logger":"airflow.dag_processing.dagbag.BundleDagBag","filename":"dagbag.py","lineno":469}
{"timestamp":"2026-08-31T18:51:15.234267Z","level":"info","event":"::group::Cosmos DAG parsing logs","logger":"cosmos.converter","filename":"converter.py","lineno":321}
{"timestamp":"2026-08-31T18:51:15.237412Z","level":"info","event":"Cosmos cache dir resolved to /tmp/cosmos/verdanta_weekly__dbt_weekly","logger":"cosmos.converter","filename":"converter.py","lineno":346}
{"timestamp":"2026-08-31T18:51:15.237631Z","level":"info","event":"Trying to parse the dbt project using dbt ls cache cosmos_cache__verdanta_weekly__dbt_weekly...","logger":"cosmos.dbt.graph","filename":"graph.py","lineno":869}
{"timestamp":"2026-08-31T18:51:15.376920Z","level":"info","event":"Cosmos performance: time to calculate cache identifier cosmos_cache__verdanta_weekly__dbt_weekly for current version: 0.12402536399986275","logger":"cosmos.cache","filename":"cache.py","lineno":401}
{"timestamp":"2026-08-31T18:51:15.377130Z","level":"info","event":"Cosmos performance [64888d51901b|1009]: The cache size for cosmos_cache__verdanta_weekly__dbt_weekly is 23804","logger":"cosmos.dbt.graph","filename":"graph.py","lineno":886}
{"timestamp":"2026-08-31T18:51:15.377969Z","level":"info","event":"Cosmos performance: Cache hit for cosmos_cache__verdanta_weekly__dbt_weekly - 39a8c4b6e19a7b5e14cfea47af7dbd90,1ae01f5b93cde0ad1f6d9482f1b54abd","logger":"cosmos.dbt.graph","filename":"graph.py","lineno":898}
{"timestamp":"2026-08-31T18:51:15.378083Z","level":"info","event":"Total nodes: 27","logger":"cosmos.dbt.graph","filename":"graph.py","lineno":799}
{"timestamp":"2026-08-31T18:51:15.378139Z","level":"info","event":"Total filtered nodes: 27","logger":"cosmos.dbt.graph","filename":"graph.py","lineno":800}
{"timestamp":"2026-08-31T18:51:15.378214Z","level":"info","event":"Cosmos performance (verdanta_weekly__dbt_weekly) - [64888d51901b|1009]: It took 0.141s to parse the dbt project for DAG using LoadMode.DBT_LS_CACHE","logger":"cosmos.converter","filename":"converter.py","lineno":371}
{"timestamp":"2026-08-31T18:51:15.400243Z","level":"info","event":"Cosmos performance (verdanta_weekly__dbt_weekly) - [64888d51901b|1009]: It took 0.022s to build the Airflow DAG.","logger":"cosmos.converter","filename":"converter.py","lineno":423}
{"timestamp":"2026-08-31T18:51:15.400399Z","level":"info","event":"::endgroup::Cosmos DAG parsing logs","logger":"cosmos.converter","filename":"converter.py","lineno":430}
{"timestamp":"2026-08-31T18:51:15.400839Z","level":"warning","event":"Using Variable.get from `airflow.models` is deprecated.Please use `get` on Variable from sdk(`airflow.sdk.Variable`) instead","category":"UserWarning","filename":"/home/airflow/.local/lib/python3.13/site-packages/airflow/models/variable.py","lineno":158,"logger":"py.warnings"}
{"timestamp":"2026-08-31T18:51:46.329426Z","level":"info","event":"Filling up the DagBag from /opt/airflow/dags/verdanta_weekly.py","logger":"airflow.dag_processing.dagbag.BundleDagBag","filename":"dagbag.py","lineno":469}
{"timestamp":"2026-08-31T18:51:46.394567Z","level":"info","event":"::group::Cosmos DAG parsing logs","logger":"cosmos.converter","filename":"converter.py","lineno":321}
{"timestamp":"2026-08-31T18:51:46.397850Z","level":"info","event":"Cosmos cache dir resolved to /tmp/cosmos/verdanta_weekly__dbt_weekly","logger":"cosmos.converter","filename":"converter.py","lineno":346}
{"timestamp":"2026-08-31T18:51:46.398046Z","level":"info","event":"Trying to parse the dbt project using dbt ls cache cosmos_cache__verdanta_weekly__dbt_weekly...","logger":"cosmos.dbt.graph","filename":"graph.py","lineno":869}
{"timestamp":"2026-08-31T18:51:46.534702Z","level":"info","event":"Cosmos performance: time to calculate cache identifier cosmos_cache__verdanta_weekly__dbt_weekly for current version: 0.12180080899997847","logger":"cosmos.cache","filename":"cache.py","lineno":401}
{"timestamp":"2026-08-31T18:51:46.534941Z","level":"info","event":"Cosmos performance [64888d51901b|1045]: The cache size for cosmos_cache__verdanta_weekly__dbt_weekly is 23804","logger":"cosmos.dbt.graph","filename":"graph.py","lineno":886}
{"timestamp":"2026-08-31T18:51:46.535924Z","level":"info","event":"Cosmos performance: Cache hit for cosmos_cache__verdanta_weekly__dbt_weekly - 39a8c4b6e19a7b5e14cfea47af7dbd90,1ae01f5b93cde0ad1f6d9482f1b54abd","logger":"cosmos.dbt.graph","filename":"graph.py","lineno":898}
{"timestamp":"2026-08-31T18:51:46.536054Z","level":"info","event":"Total nodes: 27","logger":"cosmos.dbt.graph","filename":"graph.py","lineno":799}
{"timestamp":"2026-08-31T18:51:46.536115Z","level":"info","event":"Total filtered nodes: 27","logger":"cosmos.dbt.graph","filename":"graph.py","lineno":800}
{"timestamp":"2026-08-31T18:51:46.536180Z","level":"info","event":"Cosmos performance (verdanta_weekly__dbt_weekly) - [64888d51901b|1045]: It took 0.138s to parse the dbt project for DAG using LoadMode.DBT_LS_CACHE","logger":"cosmos.converter","filename":"converter.py","lineno":371}
{"timestamp":"2026-08-31T18:51:46.558990Z","level":"info","event":"Cosmos performance (verdanta_weekly__dbt_weekly) - [64888d51901b|1045]: It took 0.0228s to build the Airflow DAG.","logger":"cosmos.converter","filename":"converter.py","lineno":423}
{"timestamp":"2026-08-31T18:51:46.559161Z","level":"info","event":"::endgroup::Cosmos DAG parsing logs","logger":"cosmos.converter","filename":"converter.py","lineno":430}
{"timestamp":"2026-08-31T18:51:46.559628Z","level":"warning","event":"Using Variable.get from `airflow.models` is deprecated.Please use `get` on Variable from sdk(`airflow.sdk.Variable`) instead","category":"UserWarning","filename":"/home/airflow/.local/lib/python3.13/site-packages/airflow/models/variable.py","lineno":158,"logger":"py.warnings"}
{"timestamp":"2026-08-31T18:52:17.485420Z","level":"info","event":"Filling up the DagBag from /opt/airflow/dags/verdanta_weekly.py","logger":"airflow.dag_processing.dagbag.BundleDagBag","filename":"dagbag.py","lineno":469}
{"timestamp":"2026-08-31T18:52:17.551448Z","level":"info","event":"::group::Cosmos DAG parsing logs","logger":"cosmos.converter","filename":"converter.py","lineno":321}
{"timestamp":"2026-08-31T18:52:17.554604Z","level":"info","event":"Cosmos cache dir resolved to /tmp/cosmos/verdanta_weekly__dbt_weekly","logger":"cosmos.converter","filename":"converter.py","lineno":346}
{"timestamp":"2026-08-31T18:52:17.554805Z","level":"info","event":"Trying to parse the dbt project using dbt ls cache cosmos_cache__verdanta_weekly__dbt_weekly...","logger":"cosmos.dbt.graph","filename":"graph.py","lineno":869}
{"timestamp":"2026-08-31T18:52:17.691713Z","level":"info","event":"Cosmos performance: time to calculate cache identifier cosmos_cache__verdanta_weekly__dbt_weekly for current version: 0.1225265070002024","logger":"cosmos.cache","filename":"cache.py","lineno":401}
{"timestamp":"2026-08-31T18:52:17.691934Z","level":"info","event":"Cosmos performance [64888d51901b|1081]: The cache size for cosmos_cache__verdanta_weekly__dbt_weekly is 23804","logger":"cosmos.dbt.graph","filename":"graph.py","lineno":886}
{"timestamp":"2026-08-31T18:52:17.692884Z","level":"info","event":"Cosmos performance: Cache hit for cosmos_cache__verdanta_weekly__dbt_weekly - 39a8c4b6e19a7b5e14cfea47af7dbd90,1ae01f5b93cde0ad1f6d9482f1b54abd","logger":"cosmos.dbt.graph","filename":"graph.py","lineno":898}
{"timestamp":"2026-08-31T18:52:17.693002Z","level":"info","event":"Total nodes: 27","logger":"cosmos.dbt.graph","filename":"graph.py","lineno":799}
{"timestamp":"2026-08-31T18:52:17.693059Z","level":"info","event":"Total filtered nodes: 27","logger":"cosmos.dbt.graph","filename":"graph.py","lineno":800}
{"timestamp":"2026-08-31T18:52:17.693125Z","level":"info","event":"Cosmos performance (verdanta_weekly__dbt_weekly) - [64888d51901b|1081]: It took 0.138s to parse the dbt project for DAG using LoadMode.DBT_LS_CACHE","logger":"cosmos.converter","filename":"converter.py","lineno":371}
{"timestamp":"2026-08-31T18:52:17.715063Z","level":"info","event":"Cosmos performance (verdanta_weekly__dbt_weekly) - [64888d51901b|1081]: It took 0.0219s to build the Airflow DAG.","logger":"cosmos.converter","filename":"converter.py","lineno":423}
{"timestamp":"2026-08-31T18:52:17.715227Z","level":"info","event":"::endgroup::Cosmos DAG parsing logs","logger":"cosmos.converter","filename":"converter.py","lineno":430}
{"timestamp":"2026-08-31T18:52:17.715663Z","level":"warning","event":"Using Variable.get from `airflow.models` is deprecated.Please use `get` on Variable from sdk(`airflow.sdk.Variable`) instead","category":"UserWarning","filename":"/home/airflow/.local/lib/python3.13/site-packages/airflow/models/variable.py","lineno":158,"logger":"py.warnings"}
{"timestamp":"2026-08-31T18:52:48.591734Z","level":"info","event":"Filling up the DagBag from /opt/airflow/dags/verdanta_weekly.py","logger":"airflow.dag_processing.dagbag.BundleDagBag","filename":"dagbag.py","lineno":469}
{"timestamp":"2026-08-31T18:52:48.733469Z","level":"info","event":"::group::Cosmos DAG parsing logs","logger":"cosmos.converter","filename":"converter.py","lineno":321}
{"timestamp":"2026-08-31T18:52:48.755493Z","level":"info","event":"Cosmos cache dir resolved to /tmp/cosmos/verdanta_weekly__dbt_weekly","logger":"cosmos.converter","filename":"converter.py","lineno":346}
{"timestamp":"2026-08-31T18:52:48.756284Z","level":"info","event":"Trying to parse the dbt project using dbt ls cache cosmos_cache__verdanta_weekly__dbt_weekly...","logger":"cosmos.dbt.graph","filename":"graph.py","lineno":869}
{"timestamp":"2026-08-31T18:52:48.935336Z","level":"info","event":"Cosmos performance: time to calculate cache identifier cosmos_cache__verdanta_weekly__dbt_weekly for current version: 0.159195802999875","logger":"cosmos.cache","filename":"cache.py","lineno":401}
{"timestamp":"2026-08-31T18:52:48.935556Z","level":"info","event":"Cosmos performance [64888d51901b|1099]: The cache size for cosmos_cache__verdanta_weekly__dbt_weekly is 23804","logger":"cosmos.dbt.graph","filename":"graph.py","lineno":886}
{"timestamp":"2026-08-31T18:52:48.936388Z","level":"info","event":"Cosmos performance: Cache hit for cosmos_cache__verdanta_weekly__dbt_weekly - 39a8c4b6e19a7b5e14cfea47af7dbd90,1ae01f5b93cde0ad1f6d9482f1b54abd","logger":"cosmos.dbt.graph","filename":"graph.py","lineno":898}
{"timestamp":"2026-08-31T18:52:48.936507Z","level":"info","event":"Total nodes: 27","logger":"cosmos.dbt.graph","filename":"graph.py","lineno":799}
{"timestamp":"2026-08-31T18:52:48.936564Z","level":"info","event":"Total filtered nodes: 27","logger":"cosmos.dbt.graph","filename":"graph.py","lineno":800}
{"timestamp":"2026-08-31T18:52:48.936632Z","level":"info","event":"Cosmos performance (verdanta_weekly__dbt_weekly) - [64888d51901b|1099]: It took 0.181s to parse the dbt project for DAG using LoadMode.DBT_LS_CACHE","logger":"cosmos.converter","filename":"converter.py","lineno":371}
{"timestamp":"2026-08-31T18:52:48.961968Z","level":"info","event":"Cosmos performance (verdanta_weekly__dbt_weekly) - [64888d51901b|1099]: It took 0.0253s to build the Airflow DAG.","logger":"cosmos.converter","filename":"converter.py","lineno":423}
{"timestamp":"2026-08-31T18:52:48.962135Z","level":"info","event":"::endgroup::Cosmos DAG parsing logs","logger":"cosmos.converter","filename":"converter.py","lineno":430}
{"timestamp":"2026-08-31T18:52:48.962599Z","level":"warning","event":"Using Variable.get from `airflow.models` is deprecated.Please use `get` on Variable from sdk(`airflow.sdk.Variable`) instead","category":"UserWarning","filename":"/home/airflow/.local/lib/python3.13/site-packages/airflow/models/variable.py","lineno":158,"logger":"py.warnings"}
{"timestamp":"2026-08-31T18:53:19.106205Z","level":"info","event":"Filling up the DagBag from /opt/airflow/dags/verdanta_weekly.py","logger":"airflow.dag_processing.dagbag.BundleDagBag","filename":"dagbag.py","lineno":469}
{"timestamp":"2026-08-31T18:53:19.183961Z","level":"info","event":"::group::Cosmos DAG parsing logs","logger":"cosmos.converter","filename":"converter.py","lineno":321}
{"timestamp":"2026-08-31T18:53:19.189197Z","level":"info","event":"Cosmos cache dir resolved to /tmp/cosmos/verdanta_weekly__dbt_weekly","logger":"cosmos.converter","filename":"converter.py","lineno":346}
{"timestamp":"2026-08-31T18:53:19.189486Z","level":"info","event":"Trying to parse the dbt project using dbt ls cache cosmos_cache__verdanta_weekly__dbt_weekly...","logger":"cosmos.dbt.graph","filename":"graph.py","lineno":869}
{"timestamp":"2026-08-31T18:53:19.355009Z","level":"info","event":"Cosmos performance: time to calculate cache identifier cosmos_cache__verdanta_weekly__dbt_weekly for current version: 0.14744945100028417","logger":"cosmos.cache","filename":"cache.py","lineno":401}
{"timestamp":"2026-08-31T18:53:19.355238Z","level":"info","event":"Cosmos performance [64888d51901b|1131]: The cache size for cosmos_cache__verdanta_weekly__dbt_weekly is 23804","logger":"cosmos.dbt.graph","filename":"graph.py","lineno":886}
{"timestamp":"2026-08-31T18:53:19.356282Z","level":"info","event":"Cosmos performance: Cache hit for cosmos_cache__verdanta_weekly__dbt_weekly - 39a8c4b6e19a7b5e14cfea47af7dbd90,1ae01f5b93cde0ad1f6d9482f1b54abd","logger":"cosmos.dbt.graph","filename":"graph.py","lineno":898}
{"timestamp":"2026-08-31T18:53:19.356425Z","level":"info","event":"Total nodes: 27","logger":"cosmos.dbt.graph","filename":"graph.py","lineno":799}
{"timestamp":"2026-08-31T18:53:19.356486Z","level":"info","event":"Total filtered nodes: 27","logger":"cosmos.dbt.graph","filename":"graph.py","lineno":800}
{"timestamp":"2026-08-31T18:53:19.356556Z","level":"info","event":"Cosmos performance (verdanta_weekly__dbt_weekly) - [64888d51901b|1131]: It took 0.167s to parse the dbt project for DAG using LoadMode.DBT_LS_CACHE","logger":"cosmos.converter","filename":"converter.py","lineno":371}
{"timestamp":"2026-08-31T18:53:19.384885Z","level":"info","event":"Cosmos performance (verdanta_weekly__dbt_weekly) - [64888d51901b|1131]: It took 0.0283s to build the Airflow DAG.","logger":"cosmos.converter","filename":"converter.py","lineno":423}
{"timestamp":"2026-08-31T18:53:19.385117Z","level":"info","event":"::endgroup::Cosmos DAG parsing logs","logger":"cosmos.converter","filename":"converter.py","lineno":430}
{"timestamp":"2026-08-31T18:53:19.385848Z","level":"warning","event":"Using Variable.get from `airflow.models` is deprecated.Please use `get` on Variable from sdk(`airflow.sdk.Variable`) instead","category":"UserWarning","filename":"/home/airflow/.local/lib/python3.13/site-packages/airflow/models/variable.py","lineno":158,"logger":"py.warnings"}
{"timestamp":"2026-08-31T18:53:50.105168Z","level":"info","event":"Filling up the DagBag from /opt/airflow/dags/verdanta_weekly.py","logger":"airflow.dag_processing.dagbag.BundleDagBag","filename":"dagbag.py","lineno":469}
{"timestamp":"2026-08-31T18:53:50.182510Z","level":"info","event":"::group::Cosmos DAG parsing logs","logger":"cosmos.converter","filename":"converter.py","lineno":321}
{"timestamp":"2026-08-31T18:53:50.187966Z","level":"info","event":"Cosmos cache dir resolved to /tmp/cosmos/verdanta_weekly__dbt_weekly","logger":"cosmos.converter","filename":"converter.py","lineno":346}
{"timestamp":"2026-08-31T18:53:50.188307Z","level":"info","event":"Trying to parse the dbt project using dbt ls cache cosmos_cache__verdanta_weekly__dbt_weekly...","logger":"cosmos.dbt.graph","filename":"graph.py","lineno":869}
{"timestamp":"2026-08-31T18:53:50.346523Z","level":"info","event":"Cosmos performance: time to calculate cache identifier cosmos_cache__verdanta_weekly__dbt_weekly for current version: 0.1435242429997743","logger":"cosmos.cache","filename":"cache.py","lineno":401}
{"timestamp":"2026-08-31T18:53:50.346741Z","level":"info","event":"Cosmos performance [64888d51901b|1167]: The cache size for cosmos_cache__verdanta_weekly__dbt_weekly is 23804","logger":"cosmos.dbt.graph","filename":"graph.py","lineno":886}
{"timestamp":"2026-08-31T18:53:50.347567Z","level":"info","event":"Cosmos performance: Cache hit for cosmos_cache__verdanta_weekly__dbt_weekly - 39a8c4b6e19a7b5e14cfea47af7dbd90,1ae01f5b93cde0ad1f6d9482f1b54abd","logger":"cosmos.dbt.graph","filename":"graph.py","lineno":898}
{"timestamp":"2026-08-31T18:53:50.347697Z","level":"info","event":"Total nodes: 27","logger":"cosmos.dbt.graph","filename":"graph.py","lineno":799}
{"timestamp":"2026-08-31T18:53:50.347756Z","level":"info","event":"Total filtered nodes: 27","logger":"cosmos.dbt.graph","filename":"graph.py","lineno":800}
{"timestamp":"2026-08-31T18:53:50.347821Z","level":"info","event":"Cosmos performance (verdanta_weekly__dbt_weekly) - [64888d51901b|1167]: It took 0.16s to parse the dbt project for DAG using LoadMode.DBT_LS_CACHE","logger":"cosmos.converter","filename":"converter.py","lineno":371}
{"timestamp":"2026-08-31T18:53:50.373801Z","level":"info","event":"Cosmos performance (verdanta_weekly__dbt_weekly) - [64888d51901b|1167]: It took 0.0259s to build the Airflow DAG.","logger":"cosmos.converter","filename":"converter.py","lineno":423}
{"timestamp":"2026-08-31T18:53:50.374007Z","level":"info","event":"::endgroup::Cosmos DAG parsing logs","logger":"cosmos.converter","filename":"converter.py","lineno":430}
{"timestamp":"2026-08-31T18:53:50.375132Z","level":"warning","event":"Using Variable.get from `airflow.models` is deprecated.Please use `get` on Variable from sdk(`airflow.sdk.Variable`) instead","category":"UserWarning","filename":"/home/airflow/.local/lib/python3.13/site-packages/airflow/models/variable.py","lineno":158,"logger":"py.warnings"}
{"timestamp":"2026-08-31T18:54:20.522663Z","level":"info","event":"Filling up the DagBag from /opt/airflow/dags/verdanta_weekly.py","logger":"airflow.dag_processing.dagbag.BundleDagBag","filename":"dagbag.py","lineno":469}
{"timestamp":"2026-08-31T18:54:20.609067Z","level":"info","event":"::group::Cosmos DAG parsing logs","logger":"cosmos.converter","filename":"converter.py","lineno":321}
{"timestamp":"2026-08-31T18:54:20.617534Z","level":"info","event":"Cosmos cache dir resolved to /tmp/cosmos/verdanta_weekly__dbt_weekly","logger":"cosmos.converter","filename":"converter.py","lineno":346}
{"timestamp":"2026-08-31T18:54:20.618235Z","level":"info","event":"Trying to parse the dbt project using dbt ls cache cosmos_cache__verdanta_weekly__dbt_weekly...","logger":"cosmos.dbt.graph","filename":"graph.py","lineno":869}
{"timestamp":"2026-08-31T18:54:20.799033Z","level":"info","event":"Cosmos performance: time to calculate cache identifier cosmos_cache__verdanta_weekly__dbt_weekly for current version: 0.16380010799957745","logger":"cosmos.cache","filename":"cache.py","lineno":401}
{"timestamp":"2026-08-31T18:54:20.799280Z","level":"info","event":"Cosmos performance [64888d51901b|1203]: The cache size for cosmos_cache__verdanta_weekly__dbt_weekly is 23804","logger":"cosmos.dbt.graph","filename":"graph.py","lineno":886}
{"timestamp":"2026-08-31T18:54:20.800329Z","level":"info","event":"Cosmos performance: Cache hit for cosmos_cache__verdanta_weekly__dbt_weekly - 39a8c4b6e19a7b5e14cfea47af7dbd90,1ae01f5b93cde0ad1f6d9482f1b54abd","logger":"cosmos.dbt.graph","filename":"graph.py","lineno":898}
{"timestamp":"2026-08-31T18:54:20.800471Z","level":"info","event":"Total nodes: 27","logger":"cosmos.dbt.graph","filename":"graph.py","lineno":799}
{"timestamp":"2026-08-31T18:54:20.800531Z","level":"info","event":"Total filtered nodes: 27","logger":"cosmos.dbt.graph","filename":"graph.py","lineno":800}
{"timestamp":"2026-08-31T18:54:20.800666Z","level":"info","event":"Cosmos performance (verdanta_weekly__dbt_weekly) - [64888d51901b|1203]: It took 0.183s to parse the dbt project for DAG using LoadMode.DBT_LS_CACHE","logger":"cosmos.converter","filename":"converter.py","lineno":371}
{"timestamp":"2026-08-31T18:54:20.832032Z","level":"info","event":"Cosmos performance (verdanta_weekly__dbt_weekly) - [64888d51901b|1203]: It took 0.0313s to build the Airflow DAG.","logger":"cosmos.converter","filename":"converter.py","lineno":423}
{"timestamp":"2026-08-31T18:54:20.832245Z","level":"info","event":"::endgroup::Cosmos DAG parsing logs","logger":"cosmos.converter","filename":"converter.py","lineno":430}
{"timestamp":"2026-08-31T18:54:20.832797Z","level":"warning","event":"Using Variable.get from `airflow.models` is deprecated.Please use `get` on Variable from sdk(`airflow.sdk.Variable`) instead","category":"UserWarning","filename":"/home/airflow/.local/lib/python3.13/site-packages/airflow/models/variable.py","lineno":158,"logger":"py.warnings"}
{"timestamp":"2026-08-31T18:54:51.326757Z","level":"info","event":"Filling up the DagBag from /opt/airflow/dags/verdanta_weekly.py","logger":"airflow.dag_processing.dagbag.BundleDagBag","filename":"dagbag.py","lineno":469}
{"timestamp":"2026-08-31T18:54:51.408711Z","level":"info","event":"::group::Cosmos DAG parsing logs","logger":"cosmos.converter","filename":"converter.py","lineno":321}
{"timestamp":"2026-08-31T18:54:51.413851Z","level":"info","event":"Cosmos cache dir resolved to /tmp/cosmos/verdanta_weekly__dbt_weekly","logger":"cosmos.converter","filename":"converter.py","lineno":346}
{"timestamp":"2026-08-31T18:54:51.414213Z","level":"info","event":"Trying to parse the dbt project using dbt ls cache cosmos_cache__verdanta_weekly__dbt_weekly...","logger":"cosmos.dbt.graph","filename":"graph.py","lineno":869}
{"timestamp":"2026-08-31T18:54:51.574514Z","level":"info","event":"Cosmos performance: time to calculate cache identifier cosmos_cache__verdanta_weekly__dbt_weekly for current version: 0.1421626019996438","logger":"cosmos.cache","filename":"cache.py","lineno":401}
{"timestamp":"2026-08-31T18:54:51.574767Z","level":"info","event":"Cosmos performance [64888d51901b|1239]: The cache size for cosmos_cache__verdanta_weekly__dbt_weekly is 23804","logger":"cosmos.dbt.graph","filename":"graph.py","lineno":886}
{"timestamp":"2026-08-31T18:54:51.575638Z","level":"info","event":"Cosmos performance: Cache hit for cosmos_cache__verdanta_weekly__dbt_weekly - 39a8c4b6e19a7b5e14cfea47af7dbd90,1ae01f5b93cde0ad1f6d9482f1b54abd","logger":"cosmos.dbt.graph","filename":"graph.py","lineno":898}
{"timestamp":"2026-08-31T18:54:51.575760Z","level":"info","event":"Total nodes: 27","logger":"cosmos.dbt.graph","filename":"graph.py","lineno":799}
{"timestamp":"2026-08-31T18:54:51.575819Z","level":"info","event":"Total filtered nodes: 27","logger":"cosmos.dbt.graph","filename":"graph.py","lineno":800}
{"timestamp":"2026-08-31T18:54:51.575889Z","level":"info","event":"Cosmos performance (verdanta_weekly__dbt_weekly) - [64888d51901b|1239]: It took 0.162s to parse the dbt project for DAG using LoadMode.DBT_LS_CACHE","logger":"cosmos.converter","filename":"converter.py","lineno":371}
{"timestamp":"2026-08-31T18:54:51.601542Z","level":"info","event":"Cosmos performance (verdanta_weekly__dbt_weekly) - [64888d51901b|1239]: It took 0.0256s to build the Airflow DAG.","logger":"cosmos.converter","filename":"converter.py","lineno":423}
{"timestamp":"2026-08-31T18:54:51.601718Z","level":"info","event":"::endgroup::Cosmos DAG parsing logs","logger":"cosmos.converter","filename":"converter.py","lineno":430}
{"timestamp":"2026-08-31T18:54:51.602206Z","level":"warning","event":"Using Variable.get from `airflow.models` is deprecated.Please use `get` on Variable from sdk(`airflow.sdk.Variable`) instead","category":"UserWarning","filename":"/home/airflow/.local/lib/python3.13/site-packages/airflow/models/variable.py","lineno":158,"logger":"py.warnings"}
{"timestamp":"2026-08-31T18:55:22.374792Z","level":"info","event":"Filling up the DagBag from /opt/airflow/dags/verdanta_weekly.py","logger":"airflow.dag_processing.dagbag.BundleDagBag","filename":"dagbag.py","lineno":469}
{"timestamp":"2026-08-31T18:55:22.448974Z","level":"info","event":"::group::Cosmos DAG parsing logs","logger":"cosmos.converter","filename":"converter.py","lineno":321}
{"timestamp":"2026-08-31T18:55:22.452621Z","level":"info","event":"Cosmos cache dir resolved to /tmp/cosmos/verdanta_weekly__dbt_weekly","logger":"cosmos.converter","filename":"converter.py","lineno":346}
{"timestamp":"2026-08-31T18:55:22.452854Z","level":"info","event":"Trying to parse the dbt project using dbt ls cache cosmos_cache__verdanta_weekly__dbt_weekly...","logger":"cosmos.dbt.graph","filename":"graph.py","lineno":869}
{"timestamp":"2026-08-31T18:55:22.623305Z","level":"info","event":"Cosmos performance: time to calculate cache identifier cosmos_cache__verdanta_weekly__dbt_weekly for current version: 0.1388125769999533","logger":"cosmos.cache","filename":"cache.py","lineno":401}
{"timestamp":"2026-08-31T18:55:22.623523Z","level":"info","event":"Cosmos performance [64888d51901b|1257]: The cache size for cosmos_cache__verdanta_weekly__dbt_weekly is 23804","logger":"cosmos.dbt.graph","filename":"graph.py","lineno":886}
{"timestamp":"2026-08-31T18:55:22.624382Z","level":"info","event":"Cosmos performance: Cache hit for cosmos_cache__verdanta_weekly__dbt_weekly - 39a8c4b6e19a7b5e14cfea47af7dbd90,1ae01f5b93cde0ad1f6d9482f1b54abd","logger":"cosmos.dbt.graph","filename":"graph.py","lineno":898}
{"timestamp":"2026-08-31T18:55:22.624502Z","level":"info","event":"Total nodes: 27","logger":"cosmos.dbt.graph","filename":"graph.py","lineno":799}
{"timestamp":"2026-08-31T18:55:22.624562Z","level":"info","event":"Total filtered nodes: 27","logger":"cosmos.dbt.graph","filename":"graph.py","lineno":800}
{"timestamp":"2026-08-31T18:55:22.624630Z","level":"info","event":"Cosmos performance (verdanta_weekly__dbt_weekly) - [64888d51901b|1257]: It took 0.172s to parse the dbt project for DAG using LoadMode.DBT_LS_CACHE","logger":"cosmos.converter","filename":"converter.py","lineno":371}
{"timestamp":"2026-08-31T18:55:22.653016Z","level":"info","event":"Cosmos performance (verdanta_weekly__dbt_weekly) - [64888d51901b|1257]: It took 0.0283s to build the Airflow DAG.","logger":"cosmos.converter","filename":"converter.py","lineno":423}
{"timestamp":"2026-08-31T18:55:22.653253Z","level":"info","event":"::endgroup::Cosmos DAG parsing logs","logger":"cosmos.converter","filename":"converter.py","lineno":430}
{"timestamp":"2026-08-31T18:55:22.654132Z","level":"warning","event":"Using Variable.get from `airflow.models` is deprecated.Please use `get` on Variable from sdk(`airflow.sdk.Variable`) instead","category":"UserWarning","filename":"/home/airflow/.local/lib/python3.13/site-packages/airflow/models/variable.py","lineno":158,"logger":"py.warnings"}
{"timestamp":"2026-08-31T18:55:53.124989Z","level":"info","event":"Filling up the DagBag from /opt/airflow/dags/verdanta_weekly.py","logger":"airflow.dag_processing.dagbag.BundleDagBag","filename":"dagbag.py","lineno":469}
{"timestamp":"2026-08-31T18:55:53.195053Z","level":"info","event":"::group::Cosmos DAG parsing logs","logger":"cosmos.converter","filename":"converter.py","lineno":321}
{"timestamp":"2026-08-31T18:55:53.198773Z","level":"info","event":"Cosmos cache dir resolved to /tmp/cosmos/verdanta_weekly__dbt_weekly","logger":"cosmos.converter","filename":"converter.py","lineno":346}
{"timestamp":"2026-08-31T18:55:53.199026Z","level":"info","event":"Trying to parse the dbt project using dbt ls cache cosmos_cache__verdanta_weekly__dbt_weekly...","logger":"cosmos.dbt.graph","filename":"graph.py","lineno":869}
{"timestamp":"2026-08-31T18:55:53.347157Z","level":"info","event":"Cosmos performance: time to calculate cache identifier cosmos_cache__verdanta_weekly__dbt_weekly for current version: 0.13088626299986572","logger":"cosmos.cache","filename":"cache.py","lineno":401}
{"timestamp":"2026-08-31T18:55:53.347406Z","level":"info","event":"Cosmos performance [64888d51901b|1289]: The cache size for cosmos_cache__verdanta_weekly__dbt_weekly is 23804","logger":"cosmos.dbt.graph","filename":"graph.py","lineno":886}
{"timestamp":"2026-08-31T18:55:53.348333Z","level":"info","event":"Cosmos performance: Cache hit for cosmos_cache__verdanta_weekly__dbt_weekly - 39a8c4b6e19a7b5e14cfea47af7dbd90,1ae01f5b93cde0ad1f6d9482f1b54abd","logger":"cosmos.dbt.graph","filename":"graph.py","lineno":898}
{"timestamp":"2026-08-31T18:55:53.348482Z","level":"info","event":"Total nodes: 27","logger":"cosmos.dbt.graph","filename":"graph.py","lineno":799}
{"timestamp":"2026-08-31T18:55:53.348548Z","level":"info","event":"Total filtered nodes: 27","logger":"cosmos.dbt.graph","filename":"graph.py","lineno":800}
{"timestamp":"2026-08-31T18:55:53.348620Z","level":"info","event":"Cosmos performance (verdanta_weekly__dbt_weekly) - [64888d51901b|1289]: It took 0.15s to parse the dbt project for DAG using LoadMode.DBT_LS_CACHE","logger":"cosmos.converter","filename":"converter.py","lineno":371}
{"timestamp":"2026-08-31T18:55:53.372713Z","level":"info","event":"Cosmos performance (verdanta_weekly__dbt_weekly) - [64888d51901b|1289]: It took 0.024s to build the Airflow DAG.","logger":"cosmos.converter","filename":"converter.py","lineno":423}
{"timestamp":"2026-08-31T18:55:53.372885Z","level":"info","event":"::endgroup::Cosmos DAG parsing logs","logger":"cosmos.converter","filename":"converter.py","lineno":430}
{"timestamp":"2026-08-31T18:55:53.373401Z","level":"warning","event":"Using Variable.get from `airflow.models` is deprecated.Please use `get` on Variable from sdk(`airflow.sdk.Variable`) instead","category":"UserWarning","filename":"/home/airflow/.local/lib/python3.13/site-packages/airflow/models/variable.py","lineno":158,"logger":"py.warnings"}
{"timestamp":"2026-08-31T18:56:24.260501Z","level":"info","event":"Filling up the DagBag from /opt/airflow/dags/verdanta_weekly.py","logger":"airflow.dag_processing.dagbag.BundleDagBag","filename":"dagbag.py","lineno":469}
{"timestamp":"2026-08-31T18:56:24.329823Z","level":"info","event":"::group::Cosmos DAG parsing logs","logger":"cosmos.converter","filename":"converter.py","lineno":321}
{"timestamp":"2026-08-31T18:56:24.333337Z","level":"info","event":"Cosmos cache dir resolved to /tmp/cosmos/verdanta_weekly__dbt_weekly","logger":"cosmos.converter","filename":"converter.py","lineno":346}
{"timestamp":"2026-08-31T18:56:24.333538Z","level":"info","event":"Trying to parse the dbt project using dbt ls cache cosmos_cache__verdanta_weekly__dbt_weekly...","logger":"cosmos.dbt.graph","filename":"graph.py","lineno":869}
{"timestamp":"2026-08-31T18:56:24.492437Z","level":"info","event":"Cosmos performance: time to calculate cache identifier cosmos_cache__verdanta_weekly__dbt_weekly for current version: 0.14209974200002762","logger":"cosmos.cache","filename":"cache.py","lineno":401}
{"timestamp":"2026-08-31T18:56:24.492716Z","level":"info","event":"Cosmos performance [64888d51901b|1325]: The cache size for cosmos_cache__verdanta_weekly__dbt_weekly is 23804","logger":"cosmos.dbt.graph","filename":"graph.py","lineno":886}
{"timestamp":"2026-08-31T18:56:24.493655Z","level":"info","event":"Cosmos performance: Cache hit for cosmos_cache__verdanta_weekly__dbt_weekly - 39a8c4b6e19a7b5e14cfea47af7dbd90,1ae01f5b93cde0ad1f6d9482f1b54abd","logger":"cosmos.dbt.graph","filename":"graph.py","lineno":898}
{"timestamp":"2026-08-31T18:56:24.493787Z","level":"info","event":"Total nodes: 27","logger":"cosmos.dbt.graph","filename":"graph.py","lineno":799}
{"timestamp":"2026-08-31T18:56:24.493846Z","level":"info","event":"Total filtered nodes: 27","logger":"cosmos.dbt.graph","filename":"graph.py","lineno":800}
{"timestamp":"2026-08-31T18:56:24.493951Z","level":"info","event":"Cosmos performance (verdanta_weekly__dbt_weekly) - [64888d51901b|1325]: It took 0.16s to parse the dbt project for DAG using LoadMode.DBT_LS_CACHE","logger":"cosmos.converter","filename":"converter.py","lineno":371}
{"timestamp":"2026-08-31T18:56:24.518137Z","level":"info","event":"Cosmos performance (verdanta_weekly__dbt_weekly) - [64888d51901b|1325]: It took 0.0242s to build the Airflow DAG.","logger":"cosmos.converter","filename":"converter.py","lineno":423}
{"timestamp":"2026-08-31T18:56:24.518304Z","level":"info","event":"::endgroup::Cosmos DAG parsing logs","logger":"cosmos.converter","filename":"converter.py","lineno":430}
{"timestamp":"2026-08-31T18:56:24.518812Z","level":"warning","event":"Using Variable.get from `airflow.models` is deprecated.Please use `get` on Variable from sdk(`airflow.sdk.Variable`) instead","category":"UserWarning","filename":"/home/airflow/.local/lib/python3.13/site-packages/airflow/models/variable.py","lineno":158,"logger":"py.warnings"}
{"timestamp":"2026-08-31T18:56:54.970883Z","level":"info","event":"Filling up the DagBag from /opt/airflow/dags/verdanta_weekly.py","logger":"airflow.dag_processing.dagbag.BundleDagBag","filename":"dagbag.py","lineno":469}
{"timestamp":"2026-08-31T18:56:55.042545Z","level":"info","event":"::group::Cosmos DAG parsing logs","logger":"cosmos.converter","filename":"converter.py","lineno":321}
{"timestamp":"2026-08-31T18:56:55.046343Z","level":"info","event":"Cosmos cache dir resolved to /tmp/cosmos/verdanta_weekly__dbt_weekly","logger":"cosmos.converter","filename":"converter.py","lineno":346}
{"timestamp":"2026-08-31T18:56:55.046581Z","level":"info","event":"Trying to parse the dbt project using dbt ls cache cosmos_cache__verdanta_weekly__dbt_weekly...","logger":"cosmos.dbt.graph","filename":"graph.py","lineno":869}
{"timestamp":"2026-08-31T18:56:55.198049Z","level":"info","event":"Cosmos performance: time to calculate cache identifier cosmos_cache__verdanta_weekly__dbt_weekly for current version: 0.13392578799994226","logger":"cosmos.cache","filename":"cache.py","lineno":401}
{"timestamp":"2026-08-31T18:56:55.198294Z","level":"info","event":"Cosmos performance [64888d51901b|1361]: The cache size for cosmos_cache__verdanta_weekly__dbt_weekly is 23804","logger":"cosmos.dbt.graph","filename":"graph.py","lineno":886}
{"timestamp":"2026-08-31T18:56:55.199228Z","level":"info","event":"Cosmos performance: Cache hit for cosmos_cache__verdanta_weekly__dbt_weekly - 39a8c4b6e19a7b5e14cfea47af7dbd90,1ae01f5b93cde0ad1f6d9482f1b54abd","logger":"cosmos.dbt.graph","filename":"graph.py","lineno":898}
{"timestamp":"2026-08-31T18:56:55.199415Z","level":"info","event":"Total nodes: 27","logger":"cosmos.dbt.graph","filename":"graph.py","lineno":799}
{"timestamp":"2026-08-31T18:56:55.199496Z","level":"info","event":"Total filtered nodes: 27","logger":"cosmos.dbt.graph","filename":"graph.py","lineno":800}
{"timestamp":"2026-08-31T18:56:55.199575Z","level":"info","event":"Cosmos performance (verdanta_weekly__dbt_weekly) - [64888d51901b|1361]: It took 0.153s to parse the dbt project for DAG using LoadMode.DBT_LS_CACHE","logger":"cosmos.converter","filename":"converter.py","lineno":371}
{"timestamp":"2026-08-31T18:56:55.223390Z","level":"info","event":"Cosmos performance (verdanta_weekly__dbt_weekly) - [64888d51901b|1361]: It took 0.0237s to build the Airflow DAG.","logger":"cosmos.converter","filename":"converter.py","lineno":423}
{"timestamp":"2026-08-31T18:56:55.223648Z","level":"info","event":"::endgroup::Cosmos DAG parsing logs","logger":"cosmos.converter","filename":"converter.py","lineno":430}
{"timestamp":"2026-08-31T18:56:55.224358Z","level":"warning","event":"Using Variable.get from `airflow.models` is deprecated.Please use `get` on Variable from sdk(`airflow.sdk.Variable`) instead","category":"UserWarning","filename":"/home/airflow/.local/lib/python3.13/site-packages/airflow/models/variable.py","lineno":158,"logger":"py.warnings"}
{"timestamp":"2026-08-31T18:57:25.688304Z","level":"info","event":"Filling up the DagBag from /opt/airflow/dags/verdanta_weekly.py","logger":"airflow.dag_processing.dagbag.BundleDagBag","filename":"dagbag.py","lineno":469}
{"timestamp":"2026-08-31T18:57:25.763655Z","level":"info","event":"::group::Cosmos DAG parsing logs","logger":"cosmos.converter","filename":"converter.py","lineno":321}
{"timestamp":"2026-08-31T18:57:25.768763Z","level":"info","event":"Cosmos cache dir resolved to /tmp/cosmos/verdanta_weekly__dbt_weekly","logger":"cosmos.converter","filename":"converter.py","lineno":346}
{"timestamp":"2026-08-31T18:57:25.768991Z","level":"info","event":"Trying to parse the dbt project using dbt ls cache cosmos_cache__verdanta_weekly__dbt_weekly...","logger":"cosmos.dbt.graph","filename":"graph.py","lineno":869}
{"timestamp":"2026-08-31T18:57:25.918175Z","level":"info","event":"Cosmos performance: time to calculate cache identifier cosmos_cache__verdanta_weekly__dbt_weekly for current version: 0.1343607750004594","logger":"cosmos.cache","filename":"cache.py","lineno":401}
{"timestamp":"2026-08-31T18:57:25.918439Z","level":"info","event":"Cosmos performance [64888d51901b|1396]: The cache size for cosmos_cache__verdanta_weekly__dbt_weekly is 23804","logger":"cosmos.dbt.graph","filename":"graph.py","lineno":886}
{"timestamp":"2026-08-31T18:57:25.919274Z","level":"info","event":"Cosmos performance: Cache hit for cosmos_cache__verdanta_weekly__dbt_weekly - 39a8c4b6e19a7b5e14cfea47af7dbd90,1ae01f5b93cde0ad1f6d9482f1b54abd","logger":"cosmos.dbt.graph","filename":"graph.py","lineno":898}
{"timestamp":"2026-08-31T18:57:25.919398Z","level":"info","event":"Total nodes: 27","logger":"cosmos.dbt.graph","filename":"graph.py","lineno":799}
{"timestamp":"2026-08-31T18:57:25.919456Z","level":"info","event":"Total filtered nodes: 27","logger":"cosmos.dbt.graph","filename":"graph.py","lineno":800}
{"timestamp":"2026-08-31T18:57:25.919522Z","level":"info","event":"Cosmos performance (verdanta_weekly__dbt_weekly) - [64888d51901b|1396]: It took 0.151s to parse the dbt project for DAG using LoadMode.DBT_LS_CACHE","logger":"cosmos.converter","filename":"converter.py","lineno":371}
{"timestamp":"2026-08-31T18:57:25.944484Z","level":"info","event":"Cosmos performance (verdanta_weekly__dbt_weekly) - [64888d51901b|1396]: It took 0.0249s to build the Airflow DAG.","logger":"cosmos.converter","filename":"converter.py","lineno":423}
{"timestamp":"2026-08-31T18:57:25.944785Z","level":"info","event":"::endgroup::Cosmos DAG parsing logs","logger":"cosmos.converter","filename":"converter.py","lineno":430}
{"timestamp":"2026-08-31T18:57:25.945283Z","level":"warning","event":"Using Variable.get from `airflow.models` is deprecated.Please use `get` on Variable from sdk(`airflow.sdk.Variable`) instead","category":"UserWarning","filename":"/home/airflow/.local/lib/python3.13/site-packages/airflow/models/variable.py","lineno":158,"logger":"py.warnings"}
{"timestamp":"2026-08-31T18:57:56.322934Z","level":"info","event":"Filling up the DagBag from /opt/airflow/dags/verdanta_weekly.py","logger":"airflow.dag_processing.dagbag.BundleDagBag","filename":"dagbag.py","lineno":469}
{"timestamp":"2026-08-31T18:57:56.419798Z","level":"info","event":"::group::Cosmos DAG parsing logs","logger":"cosmos.converter","filename":"converter.py","lineno":321}
{"timestamp":"2026-08-31T18:57:56.423870Z","level":"info","event":"Cosmos cache dir resolved to /tmp/cosmos/verdanta_weekly__dbt_weekly","logger":"cosmos.converter","filename":"converter.py","lineno":346}
{"timestamp":"2026-08-31T18:57:56.424078Z","level":"info","event":"Trying to parse the dbt project using dbt ls cache cosmos_cache__verdanta_weekly__dbt_weekly...","logger":"cosmos.dbt.graph","filename":"graph.py","lineno":869}
{"timestamp":"2026-08-31T18:57:56.567897Z","level":"info","event":"Cosmos performance: time to calculate cache identifier cosmos_cache__verdanta_weekly__dbt_weekly for current version: 0.12962330799928168","logger":"cosmos.cache","filename":"cache.py","lineno":401}
{"timestamp":"2026-08-31T18:57:56.568096Z","level":"info","event":"Cosmos performance [64888d51901b|1407]: The cache size for cosmos_cache__verdanta_weekly__dbt_weekly is 23804","logger":"cosmos.dbt.graph","filename":"graph.py","lineno":886}
{"timestamp":"2026-08-31T18:57:56.568997Z","level":"info","event":"Cosmos performance: Cache hit for cosmos_cache__verdanta_weekly__dbt_weekly - 39a8c4b6e19a7b5e14cfea47af7dbd90,1ae01f5b93cde0ad1f6d9482f1b54abd","logger":"cosmos.dbt.graph","filename":"graph.py","lineno":898}
{"timestamp":"2026-08-31T18:57:56.569117Z","level":"info","event":"Total nodes: 27","logger":"cosmos.dbt.graph","filename":"graph.py","lineno":799}
{"timestamp":"2026-08-31T18:57:56.569189Z","level":"info","event":"Total filtered nodes: 27","logger":"cosmos.dbt.graph","filename":"graph.py","lineno":800}
{"timestamp":"2026-08-31T18:57:56.569280Z","level":"info","event":"Cosmos performance (verdanta_weekly__dbt_weekly) - [64888d51901b|1407]: It took 0.145s to parse the dbt project for DAG using LoadMode.DBT_LS_CACHE","logger":"cosmos.converter","filename":"converter.py","lineno":371}
{"timestamp":"2026-08-31T18:57:56.593032Z","level":"info","event":"Cosmos performance (verdanta_weekly__dbt_weekly) - [64888d51901b|1407]: It took 0.0237s to build the Airflow DAG.","logger":"cosmos.converter","filename":"converter.py","lineno":423}
{"timestamp":"2026-08-31T18:57:56.593195Z","level":"info","event":"::endgroup::Cosmos DAG parsing logs","logger":"cosmos.converter","filename":"converter.py","lineno":430}
{"timestamp":"2026-08-31T18:57:56.593591Z","level":"warning","event":"Using Variable.get from `airflow.models` is deprecated.Please use `get` on Variable from sdk(`airflow.sdk.Variable`) instead","category":"UserWarning","filename":"/home/airflow/.local/lib/python3.13/site-packages/airflow/models/variable.py","lineno":158,"logger":"py.warnings"}
{"timestamp":"2026-08-31T18:58:26.811622Z","level":"info","event":"Filling up the DagBag from /opt/airflow/dags/verdanta_weekly.py","logger":"airflow.dag_processing.dagbag.BundleDagBag","filename":"dagbag.py","lineno":469}
{"timestamp":"2026-08-31T18:58:26.879036Z","level":"info","event":"::group::Cosmos DAG parsing logs","logger":"cosmos.converter","filename":"converter.py","lineno":321}
{"timestamp":"2026-08-31T18:58:26.882291Z","level":"info","event":"Cosmos cache dir resolved to /tmp/cosmos/verdanta_weekly__dbt_weekly","logger":"cosmos.converter","filename":"converter.py","lineno":346}
{"timestamp":"2026-08-31T18:58:26.882538Z","level":"info","event":"Trying to parse the dbt project using dbt ls cache cosmos_cache__verdanta_weekly__dbt_weekly...","logger":"cosmos.dbt.graph","filename":"graph.py","lineno":869}
{"timestamp":"2026-08-31T18:58:27.028521Z","level":"info","event":"Cosmos performance: time to calculate cache identifier cosmos_cache__verdanta_weekly__dbt_weekly for current version: 0.12942527199993492","logger":"cosmos.cache","filename":"cache.py","lineno":401}
{"timestamp":"2026-08-31T18:58:27.028783Z","level":"info","event":"Cosmos performance [64888d51901b|1439]: The cache size for cosmos_cache__verdanta_weekly__dbt_weekly is 23804","logger":"cosmos.dbt.graph","filename":"graph.py","lineno":886}
{"timestamp":"2026-08-31T18:58:27.029668Z","level":"info","event":"Cosmos performance: Cache hit for cosmos_cache__verdanta_weekly__dbt_weekly - 39a8c4b6e19a7b5e14cfea47af7dbd90,1ae01f5b93cde0ad1f6d9482f1b54abd","logger":"cosmos.dbt.graph","filename":"graph.py","lineno":898}
{"timestamp":"2026-08-31T18:58:27.029805Z","level":"info","event":"Total nodes: 27","logger":"cosmos.dbt.graph","filename":"graph.py","lineno":799}
{"timestamp":"2026-08-31T18:58:27.029867Z","level":"info","event":"Total filtered nodes: 27","logger":"cosmos.dbt.graph","filename":"graph.py","lineno":800}
{"timestamp":"2026-08-31T18:58:27.029934Z","level":"info","event":"Cosmos performance (verdanta_weekly__dbt_weekly) - [64888d51901b|1439]: It took 0.147s to parse the dbt project for DAG using LoadMode.DBT_LS_CACHE","logger":"cosmos.converter","filename":"converter.py","lineno":371}
{"timestamp":"2026-08-31T18:58:27.053076Z","level":"info","event":"Cosmos performance (verdanta_weekly__dbt_weekly) - [64888d51901b|1439]: It took 0.0231s to build the Airflow DAG.","logger":"cosmos.converter","filename":"converter.py","lineno":423}
{"timestamp":"2026-08-31T18:58:27.053300Z","level":"info","event":"::endgroup::Cosmos DAG parsing logs","logger":"cosmos.converter","filename":"converter.py","lineno":430}
{"timestamp":"2026-08-31T18:58:27.053814Z","level":"warning","event":"Using Variable.get from `airflow.models` is deprecated.Please use `get` on Variable from sdk(`airflow.sdk.Variable`) instead","category":"UserWarning","filename":"/home/airflow/.local/lib/python3.13/site-packages/airflow/models/variable.py","lineno":158,"logger":"py.warnings"}
{"timestamp":"2026-08-31T18:58:57.904791Z","level":"info","event":"Filling up the DagBag from /opt/airflow/dags/verdanta_weekly.py","logger":"airflow.dag_processing.dagbag.BundleDagBag","filename":"dagbag.py","lineno":469}
{"timestamp":"2026-08-31T18:58:57.977764Z","level":"info","event":"::group::Cosmos DAG parsing logs","logger":"cosmos.converter","filename":"converter.py","lineno":321}
{"timestamp":"2026-08-31T18:58:57.981531Z","level":"info","event":"Cosmos cache dir resolved to /tmp/cosmos/verdanta_weekly__dbt_weekly","logger":"cosmos.converter","filename":"converter.py","lineno":346}
{"timestamp":"2026-08-31T18:58:57.981721Z","level":"info","event":"Trying to parse the dbt project using dbt ls cache cosmos_cache__verdanta_weekly__dbt_weekly...","logger":"cosmos.dbt.graph","filename":"graph.py","lineno":869}
{"timestamp":"2026-08-31T18:58:58.123176Z","level":"info","event":"Cosmos performance: time to calculate cache identifier cosmos_cache__verdanta_weekly__dbt_weekly for current version: 0.1267705879999994","logger":"cosmos.cache","filename":"cache.py","lineno":401}
{"timestamp":"2026-08-31T18:58:58.123383Z","level":"info","event":"Cosmos performance [64888d51901b|1475]: The cache size for cosmos_cache__verdanta_weekly__dbt_weekly is 23804","logger":"cosmos.dbt.graph","filename":"graph.py","lineno":886}
{"timestamp":"2026-08-31T18:58:58.124282Z","level":"info","event":"Cosmos performance: Cache hit for cosmos_cache__verdanta_weekly__dbt_weekly - 39a8c4b6e19a7b5e14cfea47af7dbd90,1ae01f5b93cde0ad1f6d9482f1b54abd","logger":"cosmos.dbt.graph","filename":"graph.py","lineno":898}
{"timestamp":"2026-08-31T18:58:58.124398Z","level":"info","event":"Total nodes: 27","logger":"cosmos.dbt.graph","filename":"graph.py","lineno":799}
{"timestamp":"2026-08-31T18:58:58.124456Z","level":"info","event":"Total filtered nodes: 27","logger":"cosmos.dbt.graph","filename":"graph.py","lineno":800}
{"timestamp":"2026-08-31T18:58:58.124523Z","level":"info","event":"Cosmos performance (verdanta_weekly__dbt_weekly) - [64888d51901b|1475]: It took 0.143s to parse the dbt project for DAG using LoadMode.DBT_LS_CACHE","logger":"cosmos.converter","filename":"converter.py","lineno":371}
{"timestamp":"2026-08-31T18:58:58.147281Z","level":"info","event":"Cosmos performance (verdanta_weekly__dbt_weekly) - [64888d51901b|1475]: It took 0.0227s to build the Airflow DAG.","logger":"cosmos.converter","filename":"converter.py","lineno":423}
{"timestamp":"2026-08-31T18:58:58.147441Z","level":"info","event":"::endgroup::Cosmos DAG parsing logs","logger":"cosmos.converter","filename":"converter.py","lineno":430}
{"timestamp":"2026-08-31T18:58:58.147950Z","level":"warning","event":"Using Variable.get from `airflow.models` is deprecated.Please use `get` on Variable from sdk(`airflow.sdk.Variable`) instead","category":"UserWarning","filename":"/home/airflow/.local/lib/python3.13/site-packages/airflow/models/variable.py","lineno":158,"logger":"py.warnings"}
{"timestamp":"2026-08-31T18:59:28.688714Z","level":"info","event":"Filling up the DagBag from /opt/airflow/dags/verdanta_weekly.py","logger":"airflow.dag_processing.dagbag.BundleDagBag","filename":"dagbag.py","lineno":469}
{"timestamp":"2026-08-31T18:59:28.761636Z","level":"info","event":"::group::Cosmos DAG parsing logs","logger":"cosmos.converter","filename":"converter.py","lineno":321}
{"timestamp":"2026-08-31T18:59:28.768639Z","level":"info","event":"Cosmos cache dir resolved to /tmp/cosmos/verdanta_weekly__dbt_weekly","logger":"cosmos.converter","filename":"converter.py","lineno":346}
{"timestamp":"2026-08-31T18:59:28.768966Z","level":"info","event":"Trying to parse the dbt project using dbt ls cache cosmos_cache__verdanta_weekly__dbt_weekly...","logger":"cosmos.dbt.graph","filename":"graph.py","lineno":869}
{"timestamp":"2026-08-31T18:59:28.919688Z","level":"info","event":"Cosmos performance: time to calculate cache identifier cosmos_cache__verdanta_weekly__dbt_weekly for current version: 0.13516387799973018","logger":"cosmos.cache","filename":"cache.py","lineno":401}
{"timestamp":"2026-08-31T18:59:28.919916Z","level":"info","event":"Cosmos performance [64888d51901b|1511]: The cache size for cosmos_cache__verdanta_weekly__dbt_weekly is 23804","logger":"cosmos.dbt.graph","filename":"graph.py","lineno":886}
{"timestamp":"2026-08-31T18:59:28.920857Z","level":"info","event":"Cosmos performance: Cache hit for cosmos_cache__verdanta_weekly__dbt_weekly - 39a8c4b6e19a7b5e14cfea47af7dbd90,1ae01f5b93cde0ad1f6d9482f1b54abd","logger":"cosmos.dbt.graph","filename":"graph.py","lineno":898}
{"timestamp":"2026-08-31T18:59:28.920993Z","level":"info","event":"Total nodes: 27","logger":"cosmos.dbt.graph","filename":"graph.py","lineno":799}
{"timestamp":"2026-08-31T18:59:28.921051Z","level":"info","event":"Total filtered nodes: 27","logger":"cosmos.dbt.graph","filename":"graph.py","lineno":800}
{"timestamp":"2026-08-31T18:59:28.921119Z","level":"info","event":"Cosmos performance (verdanta_weekly__dbt_weekly) - [64888d51901b|1511]: It took 0.152s to parse the dbt project for DAG using LoadMode.DBT_LS_CACHE","logger":"cosmos.converter","filename":"converter.py","lineno":371}
{"timestamp":"2026-08-31T18:59:28.945999Z","level":"info","event":"Cosmos performance (verdanta_weekly__dbt_weekly) - [64888d51901b|1511]: It took 0.0248s to build the Airflow DAG.","logger":"cosmos.converter","filename":"converter.py","lineno":423}
{"timestamp":"2026-08-31T18:59:28.946177Z","level":"info","event":"::endgroup::Cosmos DAG parsing logs","logger":"cosmos.converter","filename":"converter.py","lineno":430}
{"timestamp":"2026-08-31T18:59:28.946692Z","level":"warning","event":"Using Variable.get from `airflow.models` is deprecated.Please use `get` on Variable from sdk(`airflow.sdk.Variable`) instead","category":"UserWarning","filename":"/home/airflow/.local/lib/python3.13/site-packages/airflow/models/variable.py","lineno":158,"logger":"py.warnings"}
{"timestamp":"2026-08-31T18:59:59.036639Z","level":"info","event":"Filling up the DagBag from /opt/airflow/dags/verdanta_weekly.py","logger":"airflow.dag_processing.dagbag.BundleDagBag","filename":"dagbag.py","lineno":469}
{"timestamp":"2026-08-31T18:59:59.103345Z","level":"info","event":"::group::Cosmos DAG parsing logs","logger":"cosmos.converter","filename":"converter.py","lineno":321}
{"timestamp":"2026-08-31T18:59:59.107653Z","level":"info","event":"Cosmos cache dir resolved to /tmp/cosmos/verdanta_weekly__dbt_weekly","logger":"cosmos.converter","filename":"converter.py","lineno":346}
{"timestamp":"2026-08-31T18:59:59.107897Z","level":"info","event":"Trying to parse the dbt project using dbt ls cache cosmos_cache__verdanta_weekly__dbt_weekly...","logger":"cosmos.dbt.graph","filename":"graph.py","lineno":869}
{"timestamp":"2026-08-31T18:59:59.244266Z","level":"info","event":"Cosmos performance: time to calculate cache identifier cosmos_cache__verdanta_weekly__dbt_weekly for current version: 0.12197438899966073","logger":"cosmos.cache","filename":"cache.py","lineno":401}
{"timestamp":"2026-08-31T18:59:59.244502Z","level":"info","event":"Cosmos performance [64888d51901b|1547]: The cache size for cosmos_cache__verdanta_weekly__dbt_weekly is 23804","logger":"cosmos.dbt.graph","filename":"graph.py","lineno":886}
{"timestamp":"2026-08-31T18:59:59.245630Z","level":"info","event":"Cosmos performance: Cache hit for cosmos_cache__verdanta_weekly__dbt_weekly - 39a8c4b6e19a7b5e14cfea47af7dbd90,1ae01f5b93cde0ad1f6d9482f1b54abd","logger":"cosmos.dbt.graph","filename":"graph.py","lineno":898}
{"timestamp":"2026-08-31T18:59:59.245761Z","level":"info","event":"Total nodes: 27","logger":"cosmos.dbt.graph","filename":"graph.py","lineno":799}
{"timestamp":"2026-08-31T18:59:59.245819Z","level":"info","event":"Total filtered nodes: 27","logger":"cosmos.dbt.graph","filename":"graph.py","lineno":800}
{"timestamp":"2026-08-31T18:59:59.245886Z","level":"info","event":"Cosmos performance (verdanta_weekly__dbt_weekly) - [64888d51901b|1547]: It took 0.138s to parse the dbt project for DAG using LoadMode.DBT_LS_CACHE","logger":"cosmos.converter","filename":"converter.py","lineno":371}
{"timestamp":"2026-08-31T18:59:59.268905Z","level":"info","event":"Cosmos performance (verdanta_weekly__dbt_weekly) - [64888d51901b|1547]: It took 0.023s to build the Airflow DAG.","logger":"cosmos.converter","filename":"converter.py","lineno":423}
{"timestamp":"2026-08-31T18:59:59.269078Z","level":"info","event":"::endgroup::Cosmos DAG parsing logs","logger":"cosmos.converter","filename":"converter.py","lineno":430}
{"timestamp":"2026-08-31T18:59:59.269558Z","level":"warning","event":"Using Variable.get from `airflow.models` is deprecated.Please use `get` on Variable from sdk(`airflow.sdk.Variable`) instead","category":"UserWarning","filename":"/home/airflow/.local/lib/python3.13/site-packages/airflow/models/variable.py","lineno":158,"logger":"py.warnings"}
{"timestamp":"2026-08-31T19:00:29.688482Z","level":"info","event":"Filling up the DagBag from /opt/airflow/dags/verdanta_weekly.py","logger":"airflow.dag_processing.dagbag.BundleDagBag","filename":"dagbag.py","lineno":469}
{"timestamp":"2026-08-31T19:00:29.762249Z","level":"info","event":"::group::Cosmos DAG parsing logs","logger":"cosmos.converter","filename":"converter.py","lineno":321}
{"timestamp":"2026-08-31T19:00:29.766276Z","level":"info","event":"Cosmos cache dir resolved to /tmp/cosmos/verdanta_weekly__dbt_weekly","logger":"cosmos.converter","filename":"converter.py","lineno":346}
{"timestamp":"2026-08-31T19:00:29.766504Z","level":"info","event":"Trying to parse the dbt project using dbt ls cache cosmos_cache__verdanta_weekly__dbt_weekly...","logger":"cosmos.dbt.graph","filename":"graph.py","lineno":869}
{"timestamp":"2026-08-31T19:00:29.877465Z","level":"info","event":"Cosmos performance: time to calculate cache identifier cosmos_cache__verdanta_weekly__dbt_weekly for current version: 0.09929690999979357","logger":"cosmos.cache","filename":"cache.py","lineno":401}
{"timestamp":"2026-08-31T19:00:29.877728Z","level":"info","event":"Cosmos performance [64888d51901b|1580]: The cache size for cosmos_cache__verdanta_weekly__dbt_weekly is 23804","logger":"cosmos.dbt.graph","filename":"graph.py","lineno":886}
{"timestamp":"2026-08-31T19:00:29.878930Z","level":"info","event":"Cosmos performance: Cache hit for cosmos_cache__verdanta_weekly__dbt_weekly - 39a8c4b6e19a7b5e14cfea47af7dbd90,1ae01f5b93cde0ad1f6d9482f1b54abd","logger":"cosmos.dbt.graph","filename":"graph.py","lineno":898}
{"timestamp":"2026-08-31T19:00:29.879059Z","level":"info","event":"Total nodes: 27","logger":"cosmos.dbt.graph","filename":"graph.py","lineno":799}
{"timestamp":"2026-08-31T19:00:29.879119Z","level":"info","event":"Total filtered nodes: 27","logger":"cosmos.dbt.graph","filename":"graph.py","lineno":800}
{"timestamp":"2026-08-31T19:00:29.879186Z","level":"info","event":"Cosmos performance (verdanta_weekly__dbt_weekly) - [64888d51901b|1580]: It took 0.113s to parse the dbt project for DAG using LoadMode.DBT_LS_CACHE","logger":"cosmos.converter","filename":"converter.py","lineno":371}
{"timestamp":"2026-08-31T19:00:29.900895Z","level":"info","event":"Cosmos performance (verdanta_weekly__dbt_weekly) - [64888d51901b|1580]: It took 0.0217s to build the Airflow DAG.","logger":"cosmos.converter","filename":"converter.py","lineno":423}
{"timestamp":"2026-08-31T19:00:29.901050Z","level":"info","event":"::endgroup::Cosmos DAG parsing logs","logger":"cosmos.converter","filename":"converter.py","lineno":430}
{"timestamp":"2026-08-31T19:00:29.901495Z","level":"warning","event":"Using Variable.get from `airflow.models` is deprecated.Please use `get` on Variable from sdk(`airflow.sdk.Variable`) instead","category":"UserWarning","filename":"/home/airflow/.local/lib/python3.13/site-packages/airflow/models/variable.py","lineno":158,"logger":"py.warnings"}
{"timestamp":"2026-08-31T19:00:59.990391Z","level":"info","event":"Filling up the DagBag from /opt/airflow/dags/verdanta_weekly.py","logger":"airflow.dag_processing.dagbag.BundleDagBag","filename":"dagbag.py","lineno":469}
{"timestamp":"2026-08-31T19:01:00.079904Z","level":"info","event":"::group::Cosmos DAG parsing logs","logger":"cosmos.converter","filename":"converter.py","lineno":321}
{"timestamp":"2026-08-31T19:01:00.085498Z","level":"info","event":"Cosmos cache dir resolved to /tmp/cosmos/verdanta_weekly__dbt_weekly","logger":"cosmos.converter","filename":"converter.py","lineno":346}
{"timestamp":"2026-08-31T19:01:00.085785Z","level":"info","event":"Trying to parse the dbt project using dbt ls cache cosmos_cache__verdanta_weekly__dbt_weekly...","logger":"cosmos.dbt.graph","filename":"graph.py","lineno":869}
{"timestamp":"2026-08-31T19:01:00.242394Z","level":"info","event":"Cosmos performance: time to calculate cache identifier cosmos_cache__verdanta_weekly__dbt_weekly for current version: 0.1346031490002133","logger":"cosmos.cache","filename":"cache.py","lineno":401}
{"timestamp":"2026-08-31T19:01:00.242635Z","level":"info","event":"Cosmos performance [64888d51901b|1597]: The cache size for cosmos_cache__verdanta_weekly__dbt_weekly is 23804","logger":"cosmos.dbt.graph","filename":"graph.py","lineno":886}
{"timestamp":"2026-08-31T19:01:00.243711Z","level":"info","event":"Cosmos performance: Cache hit for cosmos_cache__verdanta_weekly__dbt_weekly - 39a8c4b6e19a7b5e14cfea47af7dbd90,1ae01f5b93cde0ad1f6d9482f1b54abd","logger":"cosmos.dbt.graph","filename":"graph.py","lineno":898}
{"timestamp":"2026-08-31T19:01:00.243837Z","level":"info","event":"Total nodes: 27","logger":"cosmos.dbt.graph","filename":"graph.py","lineno":799}
{"timestamp":"2026-08-31T19:01:00.243895Z","level":"info","event":"Total filtered nodes: 27","logger":"cosmos.dbt.graph","filename":"graph.py","lineno":800}
{"timestamp":"2026-08-31T19:01:00.243995Z","level":"info","event":"Cosmos performance (verdanta_weekly__dbt_weekly) - [64888d51901b|1597]: It took 0.158s to parse the dbt project for DAG using LoadMode.DBT_LS_CACHE","logger":"cosmos.converter","filename":"converter.py","lineno":371}
{"timestamp":"2026-08-31T19:01:00.267341Z","level":"info","event":"Cosmos performance (verdanta_weekly__dbt_weekly) - [64888d51901b|1597]: It took 0.0233s to build the Airflow DAG.","logger":"cosmos.converter","filename":"converter.py","lineno":423}
{"timestamp":"2026-08-31T19:01:00.267518Z","level":"info","event":"::endgroup::Cosmos DAG parsing logs","logger":"cosmos.converter","filename":"converter.py","lineno":430}
{"timestamp":"2026-08-31T19:01:00.268031Z","level":"warning","event":"Using Variable.get from `airflow.models` is deprecated.Please use `get` on Variable from sdk(`airflow.sdk.Variable`) instead","category":"UserWarning","filename":"/home/airflow/.local/lib/python3.13/site-packages/airflow/models/variable.py","lineno":158,"logger":"py.warnings"}
{"timestamp":"2026-08-31T19:01:30.384073Z","level":"info","event":"Filling up the DagBag from /opt/airflow/dags/verdanta_weekly.py","logger":"airflow.dag_processing.dagbag.BundleDagBag","filename":"dagbag.py","lineno":469}
{"timestamp":"2026-08-31T19:01:30.449145Z","level":"info","event":"::group::Cosmos DAG parsing logs","logger":"cosmos.converter","filename":"converter.py","lineno":321}
{"timestamp":"2026-08-31T19:01:30.452817Z","level":"info","event":"Cosmos cache dir resolved to /tmp/cosmos/verdanta_weekly__dbt_weekly","logger":"cosmos.converter","filename":"converter.py","lineno":346}
{"timestamp":"2026-08-31T19:01:30.453055Z","level":"info","event":"Trying to parse the dbt project using dbt ls cache cosmos_cache__verdanta_weekly__dbt_weekly...","logger":"cosmos.dbt.graph","filename":"graph.py","lineno":869}
{"timestamp":"2026-08-31T19:01:30.597195Z","level":"info","event":"Cosmos performance: time to calculate cache identifier cosmos_cache__verdanta_weekly__dbt_weekly for current version: 0.12641427500057034","logger":"cosmos.cache","filename":"cache.py","lineno":401}
{"timestamp":"2026-08-31T19:01:30.597411Z","level":"info","event":"Cosmos performance [64888d51901b|1633]: The cache size for cosmos_cache__verdanta_weekly__dbt_weekly is 23804","logger":"cosmos.dbt.graph","filename":"graph.py","lineno":886}
{"timestamp":"2026-08-31T19:01:30.598201Z","level":"info","event":"Cosmos performance: Cache hit for cosmos_cache__verdanta_weekly__dbt_weekly - 39a8c4b6e19a7b5e14cfea47af7dbd90,1ae01f5b93cde0ad1f6d9482f1b54abd","logger":"cosmos.dbt.graph","filename":"graph.py","lineno":898}
{"timestamp":"2026-08-31T19:01:30.598310Z","level":"info","event":"Total nodes: 27","logger":"cosmos.dbt.graph","filename":"graph.py","lineno":799}
{"timestamp":"2026-08-31T19:01:30.598366Z","level":"info","event":"Total filtered nodes: 27","logger":"cosmos.dbt.graph","filename":"graph.py","lineno":800}
{"timestamp":"2026-08-31T19:01:30.598436Z","level":"info","event":"Cosmos performance (verdanta_weekly__dbt_weekly) - [64888d51901b|1633]: It took 0.145s to parse the dbt project for DAG using LoadMode.DBT_LS_CACHE","logger":"cosmos.converter","filename":"converter.py","lineno":371}
{"timestamp":"2026-08-31T19:01:30.621061Z","level":"info","event":"Cosmos performance (verdanta_weekly__dbt_weekly) - [64888d51901b|1633]: It took 0.0226s to build the Airflow DAG.","logger":"cosmos.converter","filename":"converter.py","lineno":423}
{"timestamp":"2026-08-31T19:01:30.621222Z","level":"info","event":"::endgroup::Cosmos DAG parsing logs","logger":"cosmos.converter","filename":"converter.py","lineno":430}
{"timestamp":"2026-08-31T19:01:30.621653Z","level":"warning","event":"Using Variable.get from `airflow.models` is deprecated.Please use `get` on Variable from sdk(`airflow.sdk.Variable`) instead","category":"UserWarning","filename":"/home/airflow/.local/lib/python3.13/site-packages/airflow/models/variable.py","lineno":158,"logger":"py.warnings"}
{"timestamp":"2026-08-31T19:02:01.261247Z","level":"info","event":"Filling up the DagBag from /opt/airflow/dags/verdanta_weekly.py","logger":"airflow.dag_processing.dagbag.BundleDagBag","filename":"dagbag.py","lineno":469}
{"timestamp":"2026-08-31T19:02:01.331425Z","level":"info","event":"::group::Cosmos DAG parsing logs","logger":"cosmos.converter","filename":"converter.py","lineno":321}
{"timestamp":"2026-08-31T19:02:01.335322Z","level":"info","event":"Cosmos cache dir resolved to /tmp/cosmos/verdanta_weekly__dbt_weekly","logger":"cosmos.converter","filename":"converter.py","lineno":346}
{"timestamp":"2026-08-31T19:02:01.335674Z","level":"info","event":"Trying to parse the dbt project using dbt ls cache cosmos_cache__verdanta_weekly__dbt_weekly...","logger":"cosmos.dbt.graph","filename":"graph.py","lineno":869}
{"timestamp":"2026-08-31T19:02:01.491125Z","level":"info","event":"Cosmos performance: time to calculate cache identifier cosmos_cache__verdanta_weekly__dbt_weekly for current version: 0.12848805700014054","logger":"cosmos.cache","filename":"cache.py","lineno":401}
{"timestamp":"2026-08-31T19:02:01.491362Z","level":"info","event":"Cosmos performance [64888d51901b|1669]: The cache size for cosmos_cache__verdanta_weekly__dbt_weekly is 23804","logger":"cosmos.dbt.graph","filename":"graph.py","lineno":886}
{"timestamp":"2026-08-31T19:02:01.492259Z","level":"info","event":"Cosmos performance: Cache hit for cosmos_cache__verdanta_weekly__dbt_weekly - 39a8c4b6e19a7b5e14cfea47af7dbd90,1ae01f5b93cde0ad1f6d9482f1b54abd","logger":"cosmos.dbt.graph","filename":"graph.py","lineno":898}
{"timestamp":"2026-08-31T19:02:01.492378Z","level":"info","event":"Total nodes: 27","logger":"cosmos.dbt.graph","filename":"graph.py","lineno":799}
{"timestamp":"2026-08-31T19:02:01.492458Z","level":"info","event":"Total filtered nodes: 27","logger":"cosmos.dbt.graph","filename":"graph.py","lineno":800}
{"timestamp":"2026-08-31T19:02:01.492542Z","level":"info","event":"Cosmos performance (verdanta_weekly__dbt_weekly) - [64888d51901b|1669]: It took 0.157s to parse the dbt project for DAG using LoadMode.DBT_LS_CACHE","logger":"cosmos.converter","filename":"converter.py","lineno":371}
{"timestamp":"2026-08-31T19:02:01.515806Z","level":"info","event":"Cosmos performance (verdanta_weekly__dbt_weekly) - [64888d51901b|1669]: It took 0.0232s to build the Airflow DAG.","logger":"cosmos.converter","filename":"converter.py","lineno":423}
{"timestamp":"2026-08-31T19:02:01.515974Z","level":"info","event":"::endgroup::Cosmos DAG parsing logs","logger":"cosmos.converter","filename":"converter.py","lineno":430}
{"timestamp":"2026-08-31T19:02:01.516380Z","level":"warning","event":"Using Variable.get from `airflow.models` is deprecated.Please use `get` on Variable from sdk(`airflow.sdk.Variable`) instead","category":"UserWarning","filename":"/home/airflow/.local/lib/python3.13/site-packages/airflow/models/variable.py","lineno":158,"logger":"py.warnings"}
{"timestamp":"2026-08-31T19:02:32.026043Z","level":"info","event":"Filling up the DagBag from /opt/airflow/dags/verdanta_weekly.py","logger":"airflow.dag_processing.dagbag.BundleDagBag","filename":"dagbag.py","lineno":469}
{"timestamp":"2026-08-31T19:02:32.100546Z","level":"info","event":"::group::Cosmos DAG parsing logs","logger":"cosmos.converter","filename":"converter.py","lineno":321}
{"timestamp":"2026-08-31T19:02:32.104806Z","level":"info","event":"Cosmos cache dir resolved to /tmp/cosmos/verdanta_weekly__dbt_weekly","logger":"cosmos.converter","filename":"converter.py","lineno":346}
{"timestamp":"2026-08-31T19:02:32.105077Z","level":"info","event":"Trying to parse the dbt project using dbt ls cache cosmos_cache__verdanta_weekly__dbt_weekly...","logger":"cosmos.dbt.graph","filename":"graph.py","lineno":869}
{"timestamp":"2026-08-31T19:02:32.260165Z","level":"info","event":"Cosmos performance: time to calculate cache identifier cosmos_cache__verdanta_weekly__dbt_weekly for current version: 0.13981018100002984","logger":"cosmos.cache","filename":"cache.py","lineno":401}
{"timestamp":"2026-08-31T19:02:32.260392Z","level":"info","event":"Cosmos performance [64888d51901b|1705]: The cache size for cosmos_cache__verdanta_weekly__dbt_weekly is 23804","logger":"cosmos.dbt.graph","filename":"graph.py","lineno":886}
{"timestamp":"2026-08-31T19:02:32.261284Z","level":"info","event":"Cosmos performance: Cache hit for cosmos_cache__verdanta_weekly__dbt_weekly - 39a8c4b6e19a7b5e14cfea47af7dbd90,1ae01f5b93cde0ad1f6d9482f1b54abd","logger":"cosmos.dbt.graph","filename":"graph.py","lineno":898}
{"timestamp":"2026-08-31T19:02:32.261412Z","level":"info","event":"Total nodes: 27","logger":"cosmos.dbt.graph","filename":"graph.py","lineno":799}
{"timestamp":"2026-08-31T19:02:32.261470Z","level":"info","event":"Total filtered nodes: 27","logger":"cosmos.dbt.graph","filename":"graph.py","lineno":800}
{"timestamp":"2026-08-31T19:02:32.261536Z","level":"info","event":"Cosmos performance (verdanta_weekly__dbt_weekly) - [64888d51901b|1705]: It took 0.157s to parse the dbt project for DAG using LoadMode.DBT_LS_CACHE","logger":"cosmos.converter","filename":"converter.py","lineno":371}
{"timestamp":"2026-08-31T19:02:32.288196Z","level":"info","event":"Cosmos performance (verdanta_weekly__dbt_weekly) - [64888d51901b|1705]: It took 0.0266s to build the Airflow DAG.","logger":"cosmos.converter","filename":"converter.py","lineno":423}
{"timestamp":"2026-08-31T19:02:32.288434Z","level":"info","event":"::endgroup::Cosmos DAG parsing logs","logger":"cosmos.converter","filename":"converter.py","lineno":430}
{"timestamp":"2026-08-31T19:02:32.288970Z","level":"warning","event":"Using Variable.get from `airflow.models` is deprecated.Please use `get` on Variable from sdk(`airflow.sdk.Variable`) instead","category":"UserWarning","filename":"/home/airflow/.local/lib/python3.13/site-packages/airflow/models/variable.py","lineno":158,"logger":"py.warnings"}
{"timestamp":"2026-08-31T19:03:02.459661Z","level":"info","event":"Filling up the DagBag from /opt/airflow/dags/verdanta_weekly.py","logger":"airflow.dag_processing.dagbag.BundleDagBag","filename":"dagbag.py","lineno":469}
{"timestamp":"2026-08-31T19:03:02.537803Z","level":"info","event":"::group::Cosmos DAG parsing logs","logger":"cosmos.converter","filename":"converter.py","lineno":321}
{"timestamp":"2026-08-31T19:03:02.541832Z","level":"info","event":"Cosmos cache dir resolved to /tmp/cosmos/verdanta_weekly__dbt_weekly","logger":"cosmos.converter","filename":"converter.py","lineno":346}
{"timestamp":"2026-08-31T19:03:02.542037Z","level":"info","event":"Trying to parse the dbt project using dbt ls cache cosmos_cache__verdanta_weekly__dbt_weekly...","logger":"cosmos.dbt.graph","filename":"graph.py","lineno":869}
{"timestamp":"2026-08-31T19:03:02.685982Z","level":"info","event":"Cosmos performance: time to calculate cache identifier cosmos_cache__verdanta_weekly__dbt_weekly for current version: 0.1289494080001532","logger":"cosmos.cache","filename":"cache.py","lineno":401}
{"timestamp":"2026-08-31T19:03:02.686200Z","level":"info","event":"Cosmos performance [64888d51901b|1740]: The cache size for cosmos_cache__verdanta_weekly__dbt_weekly is 23804","logger":"cosmos.dbt.graph","filename":"graph.py","lineno":886}
{"timestamp":"2026-08-31T19:03:02.687122Z","level":"info","event":"Cosmos performance: Cache hit for cosmos_cache__verdanta_weekly__dbt_weekly - 39a8c4b6e19a7b5e14cfea47af7dbd90,1ae01f5b93cde0ad1f6d9482f1b54abd","logger":"cosmos.dbt.graph","filename":"graph.py","lineno":898}
{"timestamp":"2026-08-31T19:03:02.687254Z","level":"info","event":"Total nodes: 27","logger":"cosmos.dbt.graph","filename":"graph.py","lineno":799}
{"timestamp":"2026-08-31T19:03:02.687314Z","level":"info","event":"Total filtered nodes: 27","logger":"cosmos.dbt.graph","filename":"graph.py","lineno":800}
{"timestamp":"2026-08-31T19:03:02.687378Z","level":"info","event":"Cosmos performance (verdanta_weekly__dbt_weekly) - [64888d51901b|1740]: It took 0.145s to parse the dbt project for DAG using LoadMode.DBT_LS_CACHE","logger":"cosmos.converter","filename":"converter.py","lineno":371}
{"timestamp":"2026-08-31T19:03:02.710932Z","level":"info","event":"Cosmos performance (verdanta_weekly__dbt_weekly) - [64888d51901b|1740]: It took 0.0235s to build the Airflow DAG.","logger":"cosmos.converter","filename":"converter.py","lineno":423}
{"timestamp":"2026-08-31T19:03:02.711103Z","level":"info","event":"::endgroup::Cosmos DAG parsing logs","logger":"cosmos.converter","filename":"converter.py","lineno":430}
{"timestamp":"2026-08-31T19:03:02.711708Z","level":"warning","event":"Using Variable.get from `airflow.models` is deprecated.Please use `get` on Variable from sdk(`airflow.sdk.Variable`) instead","category":"UserWarning","filename":"/home/airflow/.local/lib/python3.13/site-packages/airflow/models/variable.py","lineno":158,"logger":"py.warnings"}
{"timestamp":"2026-08-31T19:03:33.220808Z","level":"info","event":"Filling up the DagBag from /opt/airflow/dags/verdanta_weekly.py","logger":"airflow.dag_processing.dagbag.BundleDagBag","filename":"dagbag.py","lineno":469}
{"timestamp":"2026-08-31T19:03:33.294574Z","level":"info","event":"::group::Cosmos DAG parsing logs","logger":"cosmos.converter","filename":"converter.py","lineno":321}
{"timestamp":"2026-08-31T19:03:33.297737Z","level":"info","event":"Cosmos cache dir resolved to /tmp/cosmos/verdanta_weekly__dbt_weekly","logger":"cosmos.converter","filename":"converter.py","lineno":346}
{"timestamp":"2026-08-31T19:03:33.298042Z","level":"info","event":"Trying to parse the dbt project using dbt ls cache cosmos_cache__verdanta_weekly__dbt_weekly...","logger":"cosmos.dbt.graph","filename":"graph.py","lineno":869}
{"timestamp":"2026-08-31T19:03:33.438685Z","level":"info","event":"Cosmos performance: time to calculate cache identifier cosmos_cache__verdanta_weekly__dbt_weekly for current version: 0.12498728399987158","logger":"cosmos.cache","filename":"cache.py","lineno":401}
{"timestamp":"2026-08-31T19:03:33.438898Z","level":"info","event":"Cosmos performance [64888d51901b|1755]: The cache size for cosmos_cache__verdanta_weekly__dbt_weekly is 23804","logger":"cosmos.dbt.graph","filename":"graph.py","lineno":886}
{"timestamp":"2026-08-31T19:03:33.439767Z","level":"info","event":"Cosmos performance: Cache hit for cosmos_cache__verdanta_weekly__dbt_weekly - 39a8c4b6e19a7b5e14cfea47af7dbd90,1ae01f5b93cde0ad1f6d9482f1b54abd","logger":"cosmos.dbt.graph","filename":"graph.py","lineno":898}
{"timestamp":"2026-08-31T19:03:33.439881Z","level":"info","event":"Total nodes: 27","logger":"cosmos.dbt.graph","filename":"graph.py","lineno":799}
{"timestamp":"2026-08-31T19:03:33.439939Z","level":"info","event":"Total filtered nodes: 27","logger":"cosmos.dbt.graph","filename":"graph.py","lineno":800}
{"timestamp":"2026-08-31T19:03:33.440002Z","level":"info","event":"Cosmos performance (verdanta_weekly__dbt_weekly) - [64888d51901b|1755]: It took 0.142s to parse the dbt project for DAG using LoadMode.DBT_LS_CACHE","logger":"cosmos.converter","filename":"converter.py","lineno":371}
{"timestamp":"2026-08-31T19:03:33.462803Z","level":"info","event":"Cosmos performance (verdanta_weekly__dbt_weekly) - [64888d51901b|1755]: It took 0.0227s to build the Airflow DAG.","logger":"cosmos.converter","filename":"converter.py","lineno":423}
{"timestamp":"2026-08-31T19:03:33.462978Z","level":"info","event":"::endgroup::Cosmos DAG parsing logs","logger":"cosmos.converter","filename":"converter.py","lineno":430}
{"timestamp":"2026-08-31T19:03:33.463454Z","level":"warning","event":"Using Variable.get from `airflow.models` is deprecated.Please use `get` on Variable from sdk(`airflow.sdk.Variable`) instead","category":"UserWarning","filename":"/home/airflow/.local/lib/python3.13/site-packages/airflow/models/variable.py","lineno":158,"logger":"py.warnings"}
{"timestamp":"2026-08-31T19:04:04.478771Z","level":"info","event":"Filling up the DagBag from /opt/airflow/dags/verdanta_weekly.py","logger":"airflow.dag_processing.dagbag.BundleDagBag","filename":"dagbag.py","lineno":469}
{"timestamp":"2026-08-31T19:04:04.545620Z","level":"info","event":"::group::Cosmos DAG parsing logs","logger":"cosmos.converter","filename":"converter.py","lineno":321}
{"timestamp":"2026-08-31T19:04:04.549765Z","level":"info","event":"Cosmos cache dir resolved to /tmp/cosmos/verdanta_weekly__dbt_weekly","logger":"cosmos.converter","filename":"converter.py","lineno":346}
{"timestamp":"2026-08-31T19:04:04.549997Z","level":"info","event":"Trying to parse the dbt project using dbt ls cache cosmos_cache__verdanta_weekly__dbt_weekly...","logger":"cosmos.dbt.graph","filename":"graph.py","lineno":869}
{"timestamp":"2026-08-31T19:04:04.688597Z","level":"info","event":"Cosmos performance: time to calculate cache identifier cosmos_cache__verdanta_weekly__dbt_weekly for current version: 0.12397116500051197","logger":"cosmos.cache","filename":"cache.py","lineno":401}
{"timestamp":"2026-08-31T19:04:04.689015Z","level":"info","event":"Cosmos performance [64888d51901b|1791]: The cache size for cosmos_cache__verdanta_weekly__dbt_weekly is 23804","logger":"cosmos.dbt.graph","filename":"graph.py","lineno":886}
{"timestamp":"2026-08-31T19:04:04.690086Z","level":"info","event":"Cosmos performance: Cache hit for cosmos_cache__verdanta_weekly__dbt_weekly - 39a8c4b6e19a7b5e14cfea47af7dbd90,1ae01f5b93cde0ad1f6d9482f1b54abd","logger":"cosmos.dbt.graph","filename":"graph.py","lineno":898}
{"timestamp":"2026-08-31T19:04:04.690238Z","level":"info","event":"Total nodes: 27","logger":"cosmos.dbt.graph","filename":"graph.py","lineno":799}
{"timestamp":"2026-08-31T19:04:04.690325Z","level":"info","event":"Total filtered nodes: 27","logger":"cosmos.dbt.graph","filename":"graph.py","lineno":800}
{"timestamp":"2026-08-31T19:04:04.690397Z","level":"info","event":"Cosmos performance (verdanta_weekly__dbt_weekly) - [64888d51901b|1791]: It took 0.14s to parse the dbt project for DAG using LoadMode.DBT_LS_CACHE","logger":"cosmos.converter","filename":"converter.py","lineno":371}
{"timestamp":"2026-08-31T19:04:04.720895Z","level":"info","event":"Cosmos performance (verdanta_weekly__dbt_weekly) - [64888d51901b|1791]: It took 0.0304s to build the Airflow DAG.","logger":"cosmos.converter","filename":"converter.py","lineno":423}
{"timestamp":"2026-08-31T19:04:04.721064Z","level":"info","event":"::endgroup::Cosmos DAG parsing logs","logger":"cosmos.converter","filename":"converter.py","lineno":430}
{"timestamp":"2026-08-31T19:04:04.721571Z","level":"warning","event":"Using Variable.get from `airflow.models` is deprecated.Please use `get` on Variable from sdk(`airflow.sdk.Variable`) instead","category":"UserWarning","filename":"/home/airflow/.local/lib/python3.13/site-packages/airflow/models/variable.py","lineno":158,"logger":"py.warnings"}
{"timestamp":"2026-08-31T19:04:35.471994Z","level":"info","event":"Filling up the DagBag from /opt/airflow/dags/verdanta_weekly.py","logger":"airflow.dag_processing.dagbag.BundleDagBag","filename":"dagbag.py","lineno":469}
{"timestamp":"2026-08-31T19:04:35.545330Z","level":"info","event":"::group::Cosmos DAG parsing logs","logger":"cosmos.converter","filename":"converter.py","lineno":321}
{"timestamp":"2026-08-31T19:04:35.549069Z","level":"info","event":"Cosmos cache dir resolved to /tmp/cosmos/verdanta_weekly__dbt_weekly","logger":"cosmos.converter","filename":"converter.py","lineno":346}
{"timestamp":"2026-08-31T19:04:35.549285Z","level":"info","event":"Trying to parse the dbt project using dbt ls cache cosmos_cache__verdanta_weekly__dbt_weekly...","logger":"cosmos.dbt.graph","filename":"graph.py","lineno":869}
{"timestamp":"2026-08-31T19:04:35.695276Z","level":"info","event":"Cosmos performance: time to calculate cache identifier cosmos_cache__verdanta_weekly__dbt_weekly for current version: 0.12914426800034562","logger":"cosmos.cache","filename":"cache.py","lineno":401}
{"timestamp":"2026-08-31T19:04:35.695553Z","level":"info","event":"Cosmos performance [64888d51901b|1827]: The cache size for cosmos_cache__verdanta_weekly__dbt_weekly is 23804","logger":"cosmos.dbt.graph","filename":"graph.py","lineno":886}
{"timestamp":"2026-08-31T19:04:35.696522Z","level":"info","event":"Cosmos performance: Cache hit for cosmos_cache__verdanta_weekly__dbt_weekly - 39a8c4b6e19a7b5e14cfea47af7dbd90,1ae01f5b93cde0ad1f6d9482f1b54abd","logger":"cosmos.dbt.graph","filename":"graph.py","lineno":898}
{"timestamp":"2026-08-31T19:04:35.696661Z","level":"info","event":"Total nodes: 27","logger":"cosmos.dbt.graph","filename":"graph.py","lineno":799}
{"timestamp":"2026-08-31T19:04:35.696719Z","level":"info","event":"Total filtered nodes: 27","logger":"cosmos.dbt.graph","filename":"graph.py","lineno":800}
{"timestamp":"2026-08-31T19:04:35.696851Z","level":"info","event":"Cosmos performance (verdanta_weekly__dbt_weekly) - [64888d51901b|1827]: It took 0.148s to parse the dbt project for DAG using LoadMode.DBT_LS_CACHE","logger":"cosmos.converter","filename":"converter.py","lineno":371}
{"timestamp":"2026-08-31T19:04:35.732612Z","level":"info","event":"Cosmos performance (verdanta_weekly__dbt_weekly) - [64888d51901b|1827]: It took 0.0358s to build the Airflow DAG.","logger":"cosmos.converter","filename":"converter.py","lineno":423}
{"timestamp":"2026-08-31T19:04:35.732790Z","level":"info","event":"::endgroup::Cosmos DAG parsing logs","logger":"cosmos.converter","filename":"converter.py","lineno":430}
{"timestamp":"2026-08-31T19:04:35.733258Z","level":"warning","event":"Using Variable.get from `airflow.models` is deprecated.Please use `get` on Variable from sdk(`airflow.sdk.Variable`) instead","category":"UserWarning","filename":"/home/airflow/.local/lib/python3.13/site-packages/airflow/models/variable.py","lineno":158,"logger":"py.warnings"}
{"timestamp":"2026-08-31T19:05:06.641282Z","level":"info","event":"Filling up the DagBag from /opt/airflow/dags/verdanta_weekly.py","logger":"airflow.dag_processing.dagbag.BundleDagBag","filename":"dagbag.py","lineno":469}
{"timestamp":"2026-08-31T19:05:06.721530Z","level":"info","event":"::group::Cosmos DAG parsing logs","logger":"cosmos.converter","filename":"converter.py","lineno":321}
{"timestamp":"2026-08-31T19:05:06.726263Z","level":"info","event":"Cosmos cache dir resolved to /tmp/cosmos/verdanta_weekly__dbt_weekly","logger":"cosmos.converter","filename":"converter.py","lineno":346}
{"timestamp":"2026-08-31T19:05:06.726509Z","level":"info","event":"Trying to parse the dbt project using dbt ls cache cosmos_cache__verdanta_weekly__dbt_weekly...","logger":"cosmos.dbt.graph","filename":"graph.py","lineno":869}
{"timestamp":"2026-08-31T19:05:06.880127Z","level":"info","event":"Cosmos performance: time to calculate cache identifier cosmos_cache__verdanta_weekly__dbt_weekly for current version: 0.13710654399983468","logger":"cosmos.cache","filename":"cache.py","lineno":401}
{"timestamp":"2026-08-31T19:05:06.880382Z","level":"info","event":"Cosmos performance [64888d51901b|1862]: The cache size for cosmos_cache__verdanta_weekly__dbt_weekly is 23804","logger":"cosmos.dbt.graph","filename":"graph.py","lineno":886}
{"timestamp":"2026-08-31T19:05:06.881223Z","level":"info","event":"Cosmos performance: Cache hit for cosmos_cache__verdanta_weekly__dbt_weekly - 39a8c4b6e19a7b5e14cfea47af7dbd90,1ae01f5b93cde0ad1f6d9482f1b54abd","logger":"cosmos.dbt.graph","filename":"graph.py","lineno":898}
{"timestamp":"2026-08-31T19:05:06.881340Z","level":"info","event":"Total nodes: 27","logger":"cosmos.dbt.graph","filename":"graph.py","lineno":799}
{"timestamp":"2026-08-31T19:05:06.881399Z","level":"info","event":"Total filtered nodes: 27","logger":"cosmos.dbt.graph","filename":"graph.py","lineno":800}
{"timestamp":"2026-08-31T19:05:06.881465Z","level":"info","event":"Cosmos performance (verdanta_weekly__dbt_weekly) - [64888d51901b|1862]: It took 0.155s to parse the dbt project for DAG using LoadMode.DBT_LS_CACHE","logger":"cosmos.converter","filename":"converter.py","lineno":371}
{"timestamp":"2026-08-31T19:05:06.904749Z","level":"info","event":"Cosmos performance (verdanta_weekly__dbt_weekly) - [64888d51901b|1862]: It took 0.0232s to build the Airflow DAG.","logger":"cosmos.converter","filename":"converter.py","lineno":423}
{"timestamp":"2026-08-31T19:05:06.904913Z","level":"info","event":"::endgroup::Cosmos DAG parsing logs","logger":"cosmos.converter","filename":"converter.py","lineno":430}
{"timestamp":"2026-08-31T19:05:06.905375Z","level":"warning","event":"Using Variable.get from `airflow.models` is deprecated.Please use `get` on Variable from sdk(`airflow.sdk.Variable`) instead","category":"UserWarning","filename":"/home/airflow/.local/lib/python3.13/site-packages/airflow/models/variable.py","lineno":158,"logger":"py.warnings"}
{"timestamp":"2026-08-31T19:05:36.996929Z","level":"info","event":"Filling up the DagBag from /opt/airflow/dags/verdanta_weekly.py","logger":"airflow.dag_processing.dagbag.BundleDagBag","filename":"dagbag.py","lineno":469}
{"timestamp":"2026-08-31T19:05:37.071199Z","level":"info","event":"::group::Cosmos DAG parsing logs","logger":"cosmos.converter","filename":"converter.py","lineno":321}
{"timestamp":"2026-08-31T19:05:37.075059Z","level":"info","event":"Cosmos cache dir resolved to /tmp/cosmos/verdanta_weekly__dbt_weekly","logger":"cosmos.converter","filename":"converter.py","lineno":346}
{"timestamp":"2026-08-31T19:05:37.075317Z","level":"info","event":"Trying to parse the dbt project using dbt ls cache cosmos_cache__verdanta_weekly__dbt_weekly...","logger":"cosmos.dbt.graph","filename":"graph.py","lineno":869}
{"timestamp":"2026-08-31T19:05:37.216677Z","level":"info","event":"Cosmos performance: time to calculate cache identifier cosmos_cache__verdanta_weekly__dbt_weekly for current version: 0.12641278699993563","logger":"cosmos.cache","filename":"cache.py","lineno":401}
{"timestamp":"2026-08-31T19:05:37.216884Z","level":"info","event":"Cosmos performance [64888d51901b|1890]: The cache size for cosmos_cache__verdanta_weekly__dbt_weekly is 23804","logger":"cosmos.dbt.graph","filename":"graph.py","lineno":886}
{"timestamp":"2026-08-31T19:05:37.217913Z","level":"info","event":"Cosmos performance: Cache hit for cosmos_cache__verdanta_weekly__dbt_weekly - 39a8c4b6e19a7b5e14cfea47af7dbd90,1ae01f5b93cde0ad1f6d9482f1b54abd","logger":"cosmos.dbt.graph","filename":"graph.py","lineno":898}
{"timestamp":"2026-08-31T19:05:37.218027Z","level":"info","event":"Total nodes: 27","logger":"cosmos.dbt.graph","filename":"graph.py","lineno":799}
{"timestamp":"2026-08-31T19:05:37.218086Z","level":"info","event":"Total filtered nodes: 27","logger":"cosmos.dbt.graph","filename":"graph.py","lineno":800}
{"timestamp":"2026-08-31T19:05:37.218156Z","level":"info","event":"Cosmos performance (verdanta_weekly__dbt_weekly) - [64888d51901b|1890]: It took 0.143s to parse the dbt project for DAG using LoadMode.DBT_LS_CACHE","logger":"cosmos.converter","filename":"converter.py","lineno":371}
{"timestamp":"2026-08-31T19:05:37.240294Z","level":"info","event":"Cosmos performance (verdanta_weekly__dbt_weekly) - [64888d51901b|1890]: It took 0.0221s to build the Airflow DAG.","logger":"cosmos.converter","filename":"converter.py","lineno":423}
{"timestamp":"2026-08-31T19:05:37.240452Z","level":"info","event":"::endgroup::Cosmos DAG parsing logs","logger":"cosmos.converter","filename":"converter.py","lineno":430}
{"timestamp":"2026-08-31T19:05:37.240981Z","level":"warning","event":"Using Variable.get from `airflow.models` is deprecated.Please use `get` on Variable from sdk(`airflow.sdk.Variable`) instead","category":"UserWarning","filename":"/home/airflow/.local/lib/python3.13/site-packages/airflow/models/variable.py","lineno":158,"logger":"py.warnings"}
{"timestamp":"2026-08-31T19:06:07.702728Z","level":"info","event":"Filling up the DagBag from /opt/airflow/dags/verdanta_weekly.py","logger":"airflow.dag_processing.dagbag.BundleDagBag","filename":"dagbag.py","lineno":469}
{"timestamp":"2026-08-31T19:06:07.766253Z","level":"info","event":"::group::Cosmos DAG parsing logs","logger":"cosmos.converter","filename":"converter.py","lineno":321}
{"timestamp":"2026-08-31T19:06:07.769352Z","level":"info","event":"Cosmos cache dir resolved to /tmp/cosmos/verdanta_weekly__dbt_weekly","logger":"cosmos.converter","filename":"converter.py","lineno":346}
{"timestamp":"2026-08-31T19:06:07.769556Z","level":"info","event":"Trying to parse the dbt project using dbt ls cache cosmos_cache__verdanta_weekly__dbt_weekly...","logger":"cosmos.dbt.graph","filename":"graph.py","lineno":869}
{"timestamp":"2026-08-31T19:06:07.907502Z","level":"info","event":"Cosmos performance: time to calculate cache identifier cosmos_cache__verdanta_weekly__dbt_weekly for current version: 0.12282125399997312","logger":"cosmos.cache","filename":"cache.py","lineno":401}
{"timestamp":"2026-08-31T19:06:07.907731Z","level":"info","event":"Cosmos performance [64888d51901b|1905]: The cache size for cosmos_cache__verdanta_weekly__dbt_weekly is 23804","logger":"cosmos.dbt.graph","filename":"graph.py","lineno":886}
{"timestamp":"2026-08-31T19:06:07.908641Z","level":"info","event":"Cosmos performance: Cache hit for cosmos_cache__verdanta_weekly__dbt_weekly - 39a8c4b6e19a7b5e14cfea47af7dbd90,1ae01f5b93cde0ad1f6d9482f1b54abd","logger":"cosmos.dbt.graph","filename":"graph.py","lineno":898}
{"timestamp":"2026-08-31T19:06:07.908790Z","level":"info","event":"Total nodes: 27","logger":"cosmos.dbt.graph","filename":"graph.py","lineno":799}
{"timestamp":"2026-08-31T19:06:07.908851Z","level":"info","event":"Total filtered nodes: 27","logger":"cosmos.dbt.graph","filename":"graph.py","lineno":800}
{"timestamp":"2026-08-31T19:06:07.908917Z","level":"info","event":"Cosmos performance (verdanta_weekly__dbt_weekly) - [64888d51901b|1905]: It took 0.139s to parse the dbt project for DAG using LoadMode.DBT_LS_CACHE","logger":"cosmos.converter","filename":"converter.py","lineno":371}
{"timestamp":"2026-08-31T19:06:07.930855Z","level":"info","event":"Cosmos performance (verdanta_weekly__dbt_weekly) - [64888d51901b|1905]: It took 0.0219s to build the Airflow DAG.","logger":"cosmos.converter","filename":"converter.py","lineno":423}
{"timestamp":"2026-08-31T19:06:07.931028Z","level":"info","event":"::endgroup::Cosmos DAG parsing logs","logger":"cosmos.converter","filename":"converter.py","lineno":430}
{"timestamp":"2026-08-31T19:06:07.931498Z","level":"warning","event":"Using Variable.get from `airflow.models` is deprecated.Please use `get` on Variable from sdk(`airflow.sdk.Variable`) instead","category":"UserWarning","filename":"/home/airflow/.local/lib/python3.13/site-packages/airflow/models/variable.py","lineno":158,"logger":"py.warnings"}
{"timestamp":"2026-08-31T19:06:38.269897Z","level":"info","event":"Filling up the DagBag from /opt/airflow/dags/verdanta_weekly.py","logger":"airflow.dag_processing.dagbag.BundleDagBag","filename":"dagbag.py","lineno":469}
{"timestamp":"2026-08-31T19:06:38.340484Z","level":"info","event":"::group::Cosmos DAG parsing logs","logger":"cosmos.converter","filename":"converter.py","lineno":321}
{"timestamp":"2026-08-31T19:06:38.343905Z","level":"info","event":"Cosmos cache dir resolved to /tmp/cosmos/verdanta_weekly__dbt_weekly","logger":"cosmos.converter","filename":"converter.py","lineno":346}
{"timestamp":"2026-08-31T19:06:38.344154Z","level":"info","event":"Trying to parse the dbt project using dbt ls cache cosmos_cache__verdanta_weekly__dbt_weekly...","logger":"cosmos.dbt.graph","filename":"graph.py","lineno":869}
{"timestamp":"2026-08-31T19:06:38.488495Z","level":"info","event":"Cosmos performance: time to calculate cache identifier cosmos_cache__verdanta_weekly__dbt_weekly for current version: 0.12743224000041664","logger":"cosmos.cache","filename":"cache.py","lineno":401}
{"timestamp":"2026-08-31T19:06:38.488731Z","level":"info","event":"Cosmos performance [64888d51901b|1941]: The cache size for cosmos_cache__verdanta_weekly__dbt_weekly is 23804","logger":"cosmos.dbt.graph","filename":"graph.py","lineno":886}
{"timestamp":"2026-08-31T19:06:38.489654Z","level":"info","event":"Cosmos performance: Cache hit for cosmos_cache__verdanta_weekly__dbt_weekly - 39a8c4b6e19a7b5e14cfea47af7dbd90,1ae01f5b93cde0ad1f6d9482f1b54abd","logger":"cosmos.dbt.graph","filename":"graph.py","lineno":898}
{"timestamp":"2026-08-31T19:06:38.489785Z","level":"info","event":"Total nodes: 27","logger":"cosmos.dbt.graph","filename":"graph.py","lineno":799}
{"timestamp":"2026-08-31T19:06:38.489846Z","level":"info","event":"Total filtered nodes: 27","logger":"cosmos.dbt.graph","filename":"graph.py","lineno":800}
{"timestamp":"2026-08-31T19:06:38.489912Z","level":"info","event":"Cosmos performance (verdanta_weekly__dbt_weekly) - [64888d51901b|1941]: It took 0.146s to parse the dbt project for DAG using LoadMode.DBT_LS_CACHE","logger":"cosmos.converter","filename":"converter.py","lineno":371}
{"timestamp":"2026-08-31T19:06:38.513862Z","level":"info","event":"Cosmos performance (verdanta_weekly__dbt_weekly) - [64888d51901b|1941]: It took 0.0239s to build the Airflow DAG.","logger":"cosmos.converter","filename":"converter.py","lineno":423}
{"timestamp":"2026-08-31T19:06:38.514042Z","level":"info","event":"::endgroup::Cosmos DAG parsing logs","logger":"cosmos.converter","filename":"converter.py","lineno":430}
{"timestamp":"2026-08-31T19:06:38.514494Z","level":"warning","event":"Using Variable.get from `airflow.models` is deprecated.Please use `get` on Variable from sdk(`airflow.sdk.Variable`) instead","category":"UserWarning","filename":"/home/airflow/.local/lib/python3.13/site-packages/airflow/models/variable.py","lineno":158,"logger":"py.warnings"}
